{"type":"FeatureCollection","features":[{"type":"Feature","geometry":{"type":"MultiLineString","coordinates":[[[-66.30482,-55.01452],[-66.30672,-55.01062],[-66.30057,-55.01689],[-66.30482,-55.01452]],[[-67.0347,-54.95095],[-67.03049,-54.94741],[-67.02872,-54.95343],[-67.0347,-54.95095]],[[-67.38383,-54.90569],[-67.37436,-54.90373],[-67.37474,-54.90926],[-67.40097,-54.90206],[-67.38383,-54.90569]],[[-67.50094,-54.87701],[-67.47161,-54.8844],[-67.44881,-54.8787],[-67.4355,-54.88361],[-67.4361,-54.89293],[-67.41894,-54.88978],[-67.40791,-54.89954],[-67.42203,-54.89949],[-67.41428,-54.91225],[-67.46207,-54.9016],[-67.46518,-54.90792],[-67.46755,-54.90364],[-67.48271,-54.90765],[-67.47962,-54.91165],[-67.49007,-54.91786],[-67.49583,-54.91218],[-67.5331,-54.90411],[-67.54033,-54.87979],[-67.52474,-54.88351],[-67.50094,-54.87701]],[[-67.34309,-54.89643],[-67.34553,-54.89137],[-67.33556,-54.89946],[-67.34309,-54.89643]],[[-67.45834,-54.87116],[-67.44772,-54.87843],[-67.46699,-54.8807],[-67.47723,-54.87681],[-67.47423,-54.86917],[-67.45834,-54.87116]],[[-68.17557,-54.87284],[-68.1816,-54.87094],[-68.16855,-54.87176],[-68.17557,-54.87284]],[[-68.23702,-54.87368],[-68.26704,-54.86966],[-68.25021,-54.86592],[-68.23344,-54.86985],[-68.23702,-54.87368]],[[-68.48041,-54.86134],[-68.47515,-54.8658],[-68.4864,-54.86656],[-68.48933,-54.86115],[-68.48041,-54.86134]],[[-68.24182,-54.85799],[-68.23192,-54.86058],[-68.24196,-54.86177],[-68.24182,-54.85799]],[[-68.56511,-52.70484],[-68.28767,-52.95143],[-68.26288,-53.00078],[-68.24281,-53.06591],[-68.2015,-53.14196],[-68.21378,-53.15328],[-68.21121,-53.1263],[-68.26868,-53.04252],[-68.26675,-53.01611],[-68.28538,-53.00847],[-68.32828,-53.01782],[-68.35955,-53.01789],[-68.39031,-53.03717],[-68.39096,-53.05073],[-68.41887,-53.05144],[-68.41651,-53.06386],[-68.43,-53.06665],[-68.44778,-53.07993],[-68.44871,-53.08528],[-68.44078,-53.08642],[-68.45284,-53.08771],[-68.44613,-53.09185],[-68.46334,-53.08942],[-68.46598,-53.09927],[-68.50132,-53.10527],[-68.49389,-53.11605],[-68.53815,-53.14441],[-68.53477,-53.15312],[-68.55606,-53.19565],[-68.54844,-53.24752],[-68.46375,-53.29369],[-68.4375,-53.30064],[-68.4277,-53.29821],[-68.38706,-53.31197],[-68.37197,-53.30949],[-68.30787,-53.32125],[-68.2066,-53.30669],[-68.13707,-53.33134],[-68.10542,-53.35875],[-68.08291,-53.38968],[-68.04418,-53.50804],[-67.99016,-53.58451],[-67.91133,-53.65267],[-67.84003,-53.69029],[-67.82619,-53.70502],[-67.72614,-53.75407],[-67.7055,-53.76805],[-67.68174,-53.79717],[-67.68851,-53.80216],[-67.7105,-53.79714],[-67.73629,-53.80533],[-67.77844,-53.83379],[-67.76708,-53.83415],[-67.72722,-53.80976],[-67.68144,-53.80622],[-67.67309,-53.79333],[-67.68359,-53.7879],[-67.67432,-53.78525],[-67.64689,-53.80508],[-67.59656,-53.82714],[-67.54567,-53.84045],[-67.54301,-53.84821],[-67.56204,-53.85087],[-67.55105,-53.84663],[-67.56514,-53.84659],[-67.57351,-53.85077],[-67.57984,-53.86886],[-67.56604,-53.89965],[-67.5352,-53.92711],[-67.48728,-53.94386],[-67.43684,-53.98436],[-67.33457,-54.01686],[-67.34503,-54.02457],[-67.32971,-54.04137],[-67.28445,-54.05803],[-67.25105,-54.08106],[-67.15882,-54.11161],[-67.16439,-54.1198],[-67.15672,-54.1157],[-67.12353,-54.13036],[-67.0813,-54.13198],[-67.07147,-54.14067],[-67.01353,-54.1572],[-66.95468,-54.18192],[-66.94764,-54.19448],[-66.89996,-54.21751],[-66.7786,-54.24478],[-66.7462,-54.25525],[-66.7432,-54.26139],[-66.73396,-54.26034],[-66.7421,-54.26596],[-66.73392,-54.27648],[-66.69094,-54.2829],[-66.7046,-54.2909],[-66.69994,-54.29875],[-66.69247,-54.29894],[-66.70027,-54.30275],[-66.69132,-54.3116],[-66.68433,-54.30608],[-66.68795,-54.31536],[-66.66101,-54.34343],[-66.59505,-54.38365],[-66.54413,-54.4024],[-66.55674,-54.40982],[-66.55222,-54.42053],[-66.50217,-54.44585],[-66.465,-54.47873],[-66.38404,-54.48701],[-66.36441,-54.50105],[-66.30557,-54.50819],[-66.23871,-54.53353],[-66.19885,-54.53948],[-66.19523,-54.54465],[-66.16756,-54.54923],[-66.15121,-54.55762],[-66.0427,-54.57981],[-65.94664,-54.60945],[-65.9169,-54.61241],[-65.90424,-54.61621],[-65.905,-54.62302],[-65.86422,-54.63791],[-65.80278,-54.6519],[-65.75481,-54.64948],[-65.75124,-54.65543],[-65.71045,-54.6609],[-65.69979,-54.65833],[-65.68418,-54.66343],[-65.59499,-54.65676],[-65.55117,-54.64734],[-65.55459,-54.65434],[-65.52266,-54.66376],[-65.52927,-54.66738],[-65.5199,-54.67756],[-65.51947,-54.659],[-65.51119,-54.65586],[-65.47769,-54.65619],[-65.46993,-54.64996],[-65.43081,-54.64215],[-65.44823,-54.65524],[-65.44004,-54.66248],[-65.42853,-54.66319],[-65.42077,-54.64506],[-65.40188,-54.64035],[-65.36914,-54.64334],[-65.29287,-54.6279],[-65.27997,-54.63135],[-65.23488,-54.61883],[-65.24544,-54.63053],[-65.23397,-54.63672],[-65.24944,-54.63976],[-65.24501,-54.64714],[-65.26148,-54.65295],[-65.25453,-54.66332],[-65.23902,-54.6589],[-65.2443,-54.64862],[-65.23435,-54.64138],[-65.11676,-54.65599],[-65.13446,-54.66522],[-65.13208,-54.66922],[-65.17653,-54.68122],[-65.19347,-54.69525],[-65.19842,-54.70487],[-65.192,-54.72052],[-65.20109,-54.73723],[-65.21827,-54.74565],[-65.20308,-54.75583],[-65.20964,-54.75983],[-65.19775,-54.76278],[-65.20988,-54.76664],[-65.21293,-54.77411],[-65.20384,-54.78011],[-65.26507,-54.7987],[-65.25039,-54.81087],[-65.22292,-54.81835],[-65.24023,-54.83422],[-65.26467,-54.84091],[-65.28032,-54.85353],[-65.27923,-54.86209],[-65.31327,-54.87311],[-65.31624,-54.89476],[-65.30898,-54.90298],[-65.34376,-54.92816],[-65.35632,-54.92879],[-65.38214,-54.94107],[-65.41429,-54.93959],[-65.42765,-54.89419],[-65.472,-54.88897],[-65.49941,-54.90177],[-65.49417,-54.92566],[-65.51102,-54.93494],[-65.5243,-54.93475],[-65.52606,-54.93927],[-65.542,-54.93666],[-65.55785,-54.9485],[-65.55418,-54.94118],[-65.56456,-54.93642],[-65.59378,-54.94598],[-65.60363,-54.94384],[-65.6259,-54.95231],[-65.63209,-54.96069],[-65.62642,-54.96402],[-65.63684,-54.97001],[-65.64037,-54.9635],[-65.67344,-54.97277],[-65.68091,-54.96802],[-65.69537,-54.97198],[-65.70216,-54.96667],[-65.71901,-54.97136],[-65.7077,-54.95171],[-65.71182,-54.93429],[-65.72718,-54.92853],[-65.73911,-54.90985],[-65.76607,-54.91305],[-65.77743,-54.90146],[-65.80501,-54.91436],[-65.81489,-54.91134],[-65.82455,-54.91556],[-65.84431,-54.90283],[-65.8688,-54.90015],[-65.89182,-54.90037],[-65.91198,-54.91225],[-65.93665,-54.90471],[-65.95852,-54.90723],[-65.98239,-54.9026],[-65.99575,-54.91842],[-65.96269,-54.93133],[-65.96743,-54.93418],[-65.95813,-54.94101],[-65.97136,-54.96837],[-65.98773,-54.9649],[-66.03799,-54.98336],[-66.04969,-54.98165],[-66.06102,-54.98893],[-66.07025,-54.98636],[-66.10766,-54.99493],[-66.16928,-54.98922],[-66.1947,-54.99778],[-66.27293,-54.99079],[-66.33409,-54.9965],[-66.37082,-55.01073],[-66.35907,-55.02862],[-66.37216,-55.03957],[-66.40457,-55.04252],[-66.42865,-55.05218],[-66.43531,-55.04899],[-66.44145,-55.05675],[-66.45411,-55.0577],[-66.46862,-55.0498],[-66.52159,-55.05675],[-66.62376,-55.02921],[-66.63267,-55.03201],[-66.64883,-55.02818],[-66.67858,-55.01259],[-66.71867,-55.00534],[-66.73706,-54.97987],[-66.76447,-54.96074],[-66.8097,-54.95663],[-66.87543,-54.94127],[-66.93402,-54.94178],[-66.97023,-54.92985],[-67.10111,-54.90975],[-67.10569,-54.90446],[-67.15388,-54.89292],[-67.22419,-54.89203],[-67.28219,-54.87936],[-67.276,-54.88775],[-67.28784,-54.88418],[-67.28528,-54.87912],[-67.28974,-54.87567],[-67.27202,-54.88013],[-67.27845,-54.86999],[-67.29518,-54.87205],[-67.28718,-54.87839],[-67.29489,-54.88661],[-67.30266,-54.88735],[-67.33435,-54.87125],[-67.31591,-54.88433],[-67.33241,-54.88159],[-67.35269,-54.86611],[-67.34361,-54.87593],[-67.36028,-54.86885],[-67.36496,-54.8741],[-67.34144,-54.88273],[-67.35942,-54.87976],[-67.39129,-54.88958],[-67.40951,-54.88941],[-67.41642,-54.88113],[-67.42373,-54.88507],[-67.42338,-54.88101],[-67.44086,-54.88119],[-67.43921,-54.87225],[-67.45052,-54.86564],[-67.46091,-54.86981],[-67.49506,-54.86721],[-67.50631,-54.87463],[-67.50495,-54.86774],[-67.49488,-54.86692],[-67.49662,-54.85735],[-67.50576,-54.85349],[-67.53013,-54.86668],[-67.57768,-54.87222],[-67.60546,-54.88136],[-67.70346,-54.88603],[-67.72244,-54.87949],[-67.7601,-54.87978],[-67.82583,-54.85974],[-67.85164,-54.85855],[-67.86759,-54.86331],[-67.87421,-54.85903],[-67.90361,-54.86049],[-67.95836,-54.85171],[-67.99034,-54.85606],[-68.00954,-54.84907],[-68.03331,-54.85021],[-68.0583,-54.83736],[-68.14595,-54.81994],[-68.20128,-54.81651],[-68.23347,-54.79888],[-68.26359,-54.79517],[-68.3035,-54.80795],[-68.29522,-54.81073],[-68.31528,-54.81152],[-68.29879,-54.8158],[-68.30464,-54.83208],[-68.26531,-54.83522],[-68.2606,-54.84071],[-68.31035,-54.84892],[-68.3232,-54.84649],[-68.32477,-54.84136],[-68.31292,-54.83336],[-68.33027,-54.82979],[-68.36168,-54.83714],[-68.38809,-54.85178],[-68.44434,-54.85838],[-68.45731,-54.85411],[-68.45919,-54.85819],[-68.48178,-54.84668],[-68.501,-54.85249],[-68.50114,-54.85834],[-68.52313,-54.8582],[-68.54151,-54.85065],[-68.56772,-54.85117],[-68.56207,-54.84505],[-68.56983,-54.84391],[-68.57967,-54.84782],[-68.56766,-54.85347],[-68.57713,-54.85442],[-68.55564,-54.86281],[-68.52756,-54.86934],[-68.501,-54.86691],[-68.53312,-54.87462],[-68.52784,-54.87933],[-68.56139,-54.88304],[-68.55483,-54.88718],[-68.56368,-54.89132],[-68.60942,-54.89396],[-68.59641,-54.87298],[-68.59513,-54.79962],[-68.60889,-54.43541],[-68.60701,-53.76259],[-68.60623,-52.65827],[-68.56915,-52.69994],[-68.56996,-52.70737],[-68.56511,-52.70484]],[[-69.42065,-51.09763],[-69.42896,-51.1011],[-69.42422,-51.10419],[-69.43593,-51.10628],[-69.4352,-51.11322],[-69.44207,-51.1131],[-69.43671,-51.1107],[-69.43945,-51.10735],[-69.45287,-51.10972],[-69.45484,-51.10322],[-69.4402,-51.09063],[-69.43365,-51.09337],[-69.41784,-51.088],[-69.40871,-51.09489],[-69.42065,-51.09763]],[[-67.70473,-49.29683],[-67.68598,-49.2826],[-67.6831,-49.29224],[-67.70473,-49.29683]],[[-67.69926,-49.28005],[-67.71621,-49.28587],[-67.73376,-49.27575],[-67.72248,-49.27094],[-67.69672,-49.26965],[-67.69199,-49.26554],[-67.69926,-49.28005]],[[-67.59565,-46.00082],[-67.59338,-46.01838],[-67.58597,-46.02228],[-67.5973,-46.02569],[-67.60293,-46.04333],[-67.6243,-46.04928],[-67.6238,-46.06082],[-67.61494,-46.06574],[-67.62702,-46.08212],[-67.62866,-46.13206],[-67.62032,-46.2048],[-67.59307,-46.29444],[-67.54193,-46.39482],[-67.49441,-46.46059],[-67.49387,-46.47199],[-67.44028,-46.54854],[-67.39318,-46.5951],[-67.32886,-46.62904],[-67.25446,-46.64623],[-67.22843,-46.67488],[-67.2202,-46.67708],[-67.21233,-46.67098],[-67.20063,-46.67362],[-67.19085,-46.68682],[-67.19064,-46.68159],[-67.16831,-46.69233],[-67.16534,-46.68682],[-67.15627,-46.68787],[-67.1488,-46.70224],[-67.12163,-46.70744],[-67.11703,-46.71338],[-67.12311,-46.72604],[-67.11001,-46.73507],[-67.09554,-46.73502],[-67.09603,-46.73915],[-67.1035,-46.73811],[-67.09937,-46.74913],[-67.08177,-46.75024],[-67.08315,-46.76699],[-67.02783,-46.81463],[-67.00216,-46.81752],[-67.00135,-46.82495],[-66.9836,-46.82982],[-66.98644,-46.83912],[-66.97302,-46.84931],[-66.95092,-46.84698],[-66.93819,-46.86035],[-66.93893,-46.87011],[-66.88179,-46.92862],[-66.87201,-46.93374],[-66.85886,-46.93279],[-66.85658,-46.94685],[-66.79193,-46.99914],[-66.73134,-47.02644],[-66.70122,-47.03457],[-66.65899,-47.03018],[-66.64738,-47.04035],[-66.62641,-47.04627],[-66.59878,-47.03698],[-66.55884,-47.0488],[-66.53502,-47.0395],[-66.49778,-47.03828],[-66.35521,-47.06818],[-66.30569,-47.07365],[-66.29564,-47.07098],[-66.1977,-47.0874],[-66.15726,-47.08137],[-66.1044,-47.08555],[-66.06906,-47.07398],[-65.99693,-47.07163],[-65.9869,-47.07491],[-65.97505,-47.06909],[-65.97291,-47.07359],[-65.96295,-47.07223],[-65.95311,-47.07761],[-65.94069,-47.07218],[-65.9343,-47.08432],[-65.89655,-47.09699],[-65.86738,-47.0921],[-65.86475,-47.10633],[-65.84668,-47.10913],[-65.85213,-47.12156],[-65.84162,-47.13938],[-65.76727,-47.18954],[-65.73556,-47.20197],[-65.73736,-47.21185],[-65.74339,-47.20741],[-65.75242,-47.21121],[-65.75763,-47.22544],[-65.73305,-47.28326],[-65.71846,-47.34568],[-65.73999,-47.51096],[-65.79303,-47.64101],[-65.84489,-47.73462],[-65.83897,-47.7472],[-65.84335,-47.74336],[-65.85593,-47.7514],[-65.87702,-47.75171],[-65.8996,-47.75873],[-65.95801,-47.74451],[-65.98468,-47.74182],[-66.0014,-47.7453],[-66.00531,-47.73077],[-66.00232,-47.74371],[-66.03442,-47.74408],[-66.07031,-47.77753],[-66.08313,-47.78149],[-66.10529,-47.79901],[-66.12341,-47.80798],[-66.15039,-47.80701],[-66.19501,-47.82001],[-66.2818,-47.86877],[-66.19019,-47.82953],[-66.13782,-47.8161],[-66.12793,-47.81891],[-66.0882,-47.81299],[-66.02692,-47.77881],[-66.01898,-47.78003],[-65.97809,-47.7627],[-65.95178,-47.75897],[-65.94031,-47.76691],[-65.9104,-47.7619],[-65.87365,-47.76501],[-65.89826,-47.76709],[-65.88002,-47.77424],[-65.8858,-47.78042],[-65.88093,-47.7935],[-65.87583,-47.79306],[-65.87909,-47.79922],[-65.86504,-47.80108],[-65.87574,-47.80964],[-65.86687,-47.82559],[-65.86099,-47.86662],[-65.84454,-47.89349],[-65.8339,-47.89402],[-65.82098,-47.90457],[-65.79431,-47.90243],[-65.78308,-47.90844],[-65.76842,-47.9073],[-65.77404,-47.91114],[-65.76146,-47.91622],[-65.7851,-47.92331],[-65.79063,-47.93168],[-65.786,-47.94533],[-65.76994,-47.94314],[-65.76509,-47.95014],[-65.79832,-47.95162],[-65.80429,-47.96085],[-65.81795,-47.95708],[-65.83102,-47.96539],[-65.83547,-47.95836],[-65.8401,-47.96373],[-65.83883,-47.94217],[-65.86007,-47.93773],[-65.86777,-47.94266],[-65.86203,-47.94824],[-65.86774,-47.9487],[-65.87473,-47.94596],[-65.86838,-47.9412],[-65.87255,-47.93629],[-65.89706,-47.93156],[-65.92287,-47.93895],[-65.94122,-47.95428],[-65.9514,-47.97714],[-65.93741,-47.98849],[-65.92412,-47.99024],[-65.94293,-48.00393],[-65.93187,-48.01721],[-65.95324,-48.01446],[-65.95641,-48.01988],[-65.94087,-48.03085],[-65.95243,-48.03147],[-65.9803,-48.05098],[-65.9722,-48.05378],[-65.96789,-48.04975],[-65.94026,-48.07505],[-65.90437,-48.08037],[-65.89963,-48.09067],[-65.90547,-48.09309],[-65.89424,-48.10135],[-65.90579,-48.09449],[-65.90977,-48.09966],[-65.90454,-48.10333],[-65.91776,-48.09682],[-65.91756,-48.10561],[-65.9081,-48.10561],[-65.92486,-48.11615],[-65.92573,-48.11248],[-65.94012,-48.11251],[-65.94091,-48.12473],[-65.95044,-48.12316],[-65.94705,-48.11881],[-65.95393,-48.11547],[-65.94353,-48.11388],[-65.9528,-48.10293],[-65.97553,-48.09999],[-65.98763,-48.10202],[-65.99165,-48.10925],[-66.00717,-48.10327],[-66.02968,-48.11161],[-66.02849,-48.10593],[-66.04474,-48.1049],[-66.05663,-48.10894],[-66.06179,-48.11986],[-66.06239,-48.11312],[-66.07741,-48.10965],[-66.11798,-48.122],[-66.12916,-48.13271],[-66.12381,-48.13956],[-66.13851,-48.13924],[-66.13448,-48.14799],[-66.14462,-48.16458],[-66.16429,-48.17267],[-66.16676,-48.17952],[-66.15593,-48.18488],[-66.15993,-48.19046],[-66.17128,-48.195],[-66.1975,-48.19483],[-66.20525,-48.20112],[-66.22826,-48.2013],[-66.25565,-48.21961],[-66.26265,-48.23795],[-66.33756,-48.27716],[-66.36018,-48.31472],[-66.35498,-48.33336],[-66.33738,-48.34898],[-66.34297,-48.35381],[-66.33388,-48.35469],[-66.34496,-48.36995],[-66.34978,-48.36722],[-66.3434,-48.36586],[-66.34195,-48.35631],[-66.35141,-48.35518],[-66.35842,-48.36178],[-66.36966,-48.3533],[-66.39439,-48.34962],[-66.44804,-48.35231],[-66.47481,-48.36615],[-66.47759,-48.37394],[-66.46721,-48.38651],[-66.47544,-48.39744],[-66.46708,-48.40014],[-66.49158,-48.40969],[-66.49435,-48.41747],[-66.52937,-48.41626],[-66.54172,-48.42365],[-66.5792,-48.42335],[-66.64761,-48.43218],[-66.68025,-48.44484],[-66.68311,-48.45272],[-66.71804,-48.45876],[-66.75319,-48.47317],[-66.77164,-48.49836],[-66.79474,-48.50423],[-66.83105,-48.52304],[-66.84282,-48.53704],[-66.83885,-48.54468],[-66.85738,-48.55522],[-66.87327,-48.57419],[-66.86916,-48.58568],[-66.87526,-48.59338],[-66.92044,-48.60616],[-66.95471,-48.60569],[-66.99058,-48.61344],[-67.01399,-48.62351],[-67.02142,-48.6365],[-67.0361,-48.64414],[-67.06206,-48.65105],[-67.12708,-48.68333],[-67.14059,-48.69652],[-67.15159,-48.74839],[-67.18628,-48.77271],[-67.19746,-48.80421],[-67.19289,-48.81321],[-67.21993,-48.838],[-67.24705,-48.85394],[-67.2924,-48.86151],[-67.33371,-48.87498],[-67.41309,-48.91271],[-67.48942,-48.95969],[-67.49747,-48.9732],[-67.56799,-49.03216],[-67.59907,-49.10355],[-67.61987,-49.11563],[-67.63562,-49.13824],[-67.6329,-49.15628],[-67.61373,-49.16089],[-67.61389,-49.18518],[-67.63501,-49.19678],[-67.66461,-49.20349],[-67.67481,-49.22058],[-67.6676,-49.24591],[-67.67889,-49.24878],[-67.6889,-49.26178],[-67.70532,-49.26941],[-67.72589,-49.2702],[-67.74139,-49.27533],[-67.73498,-49.29218],[-67.72009,-49.30139],[-67.7157,-49.31781],[-67.73328,-49.31201],[-67.74518,-49.3161],[-67.7608,-49.3139],[-67.78192,-49.32037],[-67.7829,-49.33051],[-67.79761,-49.328],[-67.79291,-49.33038],[-67.80469,-49.34277],[-67.79309,-49.35498],[-67.79498,-49.36322],[-67.78717,-49.37451],[-67.77209,-49.38068],[-67.79889,-49.38238],[-67.8194,-49.37659],[-67.81921,-49.38422],[-67.83752,-49.38678],[-67.83008,-49.40118],[-67.82343,-49.40008],[-67.8186,-49.40552],[-67.7926,-49.39478],[-67.76959,-49.39459],[-67.76312,-49.3877],[-67.74078,-49.39099],[-67.71381,-49.38593],[-67.69299,-49.3689],[-67.68542,-49.35358],[-67.6831,-49.3418],[-67.6991,-49.3089],[-67.68213,-49.30652],[-67.67273,-49.29852],[-67.66809,-49.25519],[-67.646,-49.25769],[-67.61276,-49.25027],[-67.6036,-49.29567],[-67.63157,-49.35546],[-67.66658,-49.40478],[-67.68758,-49.48193],[-67.70827,-49.61519],[-67.72049,-49.63596],[-67.71545,-49.69943],[-67.72967,-49.7759],[-67.79381,-49.88964],[-67.85556,-49.96351],[-67.91699,-50.0053],[-68.00445,-50.05181],[-68.1415,-50.10375],[-68.23757,-50.12021],[-68.33879,-50.12214],[-68.35309,-50.11749],[-68.36938,-50.08728],[-68.41638,-50.05902],[-68.47699,-49.96741],[-68.48743,-49.96411],[-68.51068,-49.93793],[-68.53192,-49.93359],[-68.55829,-49.87219],[-68.60718,-49.82562],[-68.61499,-49.8045],[-68.63739,-49.77759],[-68.64319,-49.77942],[-68.62012,-49.81421],[-68.62732,-49.8208],[-68.58929,-49.88123],[-68.57141,-49.93683],[-68.60449,-49.93909],[-68.65912,-49.96491],[-68.73541,-49.96338],[-68.81891,-49.96881],[-68.87451,-49.96582],[-68.89612,-49.9715],[-68.90881,-49.98981],[-68.9328,-50],[-68.90448,-49.995],[-68.90051,-49.98059],[-68.88953,-49.974],[-68.85907,-49.96918],[-68.81561,-49.97919],[-68.7544,-49.97839],[-68.67291,-49.99329],[-68.64349,-49.98871],[-68.58069,-49.96442],[-68.54169,-50.00018],[-68.50928,-50.01978],[-68.51312,-50.0531],[-68.50061,-50.0639],[-68.50281,-50.07318],[-68.4903,-50.08801],[-68.45172,-50.11072],[-68.4115,-50.11548],[-68.39679,-50.13141],[-68.36078,-50.13538],[-68.35491,-50.15131],[-68.36452,-50.16506],[-68.40721,-50.18624],[-68.63392,-50.24882],[-68.65919,-50.25714],[-68.65933,-50.26195],[-68.66709,-50.25962],[-68.67275,-50.27014],[-68.7154,-50.27832],[-68.73733,-50.28955],[-68.77326,-50.28815],[-68.80371,-50.30594],[-68.86243,-50.32411],[-68.88001,-50.33562],[-68.87497,-50.3445],[-68.88466,-50.35199],[-68.87931,-50.36084],[-68.88505,-50.35773],[-68.9066,-50.36346],[-68.97099,-50.41987],[-69.0057,-50.46878],[-69.03481,-50.49569],[-69.04245,-50.52363],[-69.07931,-50.56533],[-69.09262,-50.62287],[-69.12412,-50.67543],[-69.14103,-50.72724],[-69.12858,-50.84589],[-69.13202,-50.89959],[-69.15991,-50.91968],[-69.17139,-50.92169],[-69.14581,-50.90503],[-69.16498,-50.9093],[-69.21401,-50.94472],[-69.22521,-50.97489],[-69.23151,-50.9588],[-69.24011,-50.95782],[-69.32123,-50.9884],[-69.33661,-51.00641],[-69.38238,-51.0368],[-69.3725,-51.0481],[-69.39612,-51.07971],[-69.44128,-51.08978],[-69.45691,-51.10278],[-69.45819,-51.11261],[-69.46491,-51.11261],[-69.4585,-51.11438],[-69.44031,-51.10901],[-69.4386,-51.11029],[-69.44281,-51.11139],[-69.44232,-51.1145],[-69.43433,-51.11371],[-69.43451,-51.10718],[-69.42279,-51.10449],[-69.42511,-51.1004],[-69.40552,-51.09772],[-69.37451,-51.07068],[-69.31171,-51.03552],[-69.29761,-51.02222],[-69.20789,-50.9848],[-69.20551,-50.97528],[-69.17587,-50.97552],[-69.16613,-50.98089],[-69.15581,-50.99698],[-69.10858,-51.16699],[-69.07876,-51.22425],[-68.99774,-51.4472],[-68.95291,-51.52801],[-68.94638,-51.5543],[-68.95853,-51.572],[-68.97927,-51.58243],[-69.00128,-51.55987],[-69.03729,-51.56073],[-69.0669,-51.57092],[-69.10181,-51.59631],[-69.1347,-51.60321],[-69.24158,-51.57898],[-69.28919,-51.55878],[-69.34412,-51.55157],[-69.3905,-51.55768],[-69.42401,-51.57092],[-69.49481,-51.58508],[-69.52411,-51.599],[-69.6178,-51.62689],[-69.58868,-51.61908],[-69.5285,-51.61621],[-69.52362,-51.60828],[-69.50018,-51.60199],[-69.45422,-51.60681],[-69.39081,-51.5921],[-69.33521,-51.58551],[-69.2497,-51.6004],[-69.14349,-51.63232],[-69.11682,-51.62988],[-69.10339,-51.63428],[-69.12408,-51.64178],[-69.11621,-51.64221],[-69.11731,-51.65509],[-69.10229,-51.6416],[-69.0141,-51.60638],[-68.97523,-51.61587],[-68.95533,-51.6291],[-68.92459,-51.68654],[-68.85211,-51.77588],[-68.7564,-51.92121],[-68.70845,-51.98125],[-68.57815,-52.11374],[-68.35678,-52.31739],[-68.35399,-52.33551],[-68.4326,-52.39769],[-68.41843,-52.38641],[-68.41863,-52.33248],[-68.57348,-52.32518],[-68.58603,-52.3067],[-68.70973,-52.28551],[-68.838,-52.27774],[-68.98688,-52.20358],[-69.07861,-52.18512],[-69.19001,-52.1501],[-69.48596,-52.15144],[-69.9955,-52.00072],[-70.93073,-51.99961],[-71.9215,-51.99998],[-71.92912,-51.99198],[-71.95353,-51.98825],[-71.96447,-51.97283],[-72.00608,-51.97894],[-72.02907,-51.96768],[-72.032,-51.95865],[-71.98894,-51.94153],[-71.94527,-51.91481],[-71.93331,-51.92021],[-71.92884,-51.91455],[-71.93886,-51.90873],[-71.95101,-51.87162],[-71.96748,-51.86449],[-72.02617,-51.80843],[-72.06268,-51.78537],[-72.07849,-51.7824],[-72.07586,-51.77316],[-72.11299,-51.76746],[-72.12175,-51.74403],[-72.15107,-51.7462],[-72.17923,-51.73825],[-72.18469,-51.7346],[-72.16143,-51.72539],[-72.18889,-51.7217],[-72.23112,-51.70246],[-72.24368,-51.70568],[-72.24974,-51.69917],[-72.27121,-51.70533],[-72.29711,-51.6994],[-72.30079,-51.68703],[-72.28753,-51.66907],[-72.2879,-51.65249],[-72.29682,-51.64619],[-72.2833,-51.63853],[-72.2874,-51.63261],[-72.3038,-51.63224],[-72.31915,-51.62546],[-72.32702,-51.58734],[-72.33826,-51.5841],[-72.37153,-51.58922],[-72.37704,-51.58445],[-72.38871,-51.59507],[-72.40323,-51.58746],[-72.44252,-51.58449],[-72.42631,-51.54686],[-72.39401,-51.52744],[-72.40642,-51.5195],[-72.40518,-51.51339],[-72.36045,-51.5259],[-72.34466,-51.52074],[-72.35091,-51.48454],[-72.34532,-51.47716],[-72.32405,-51.47496],[-72.34087,-51.44959],[-72.33826,-51.42483],[-72.32208,-51.40665],[-72.30994,-51.40315],[-72.30897,-51.36645],[-72.32608,-51.34568],[-72.3488,-51.34985],[-72.3513,-51.34357],[-72.36899,-51.34212],[-72.37171,-51.33626],[-72.36004,-51.31911],[-72.3078,-51.30747],[-72.30642,-51.29295],[-72.26918,-51.28325],[-72.25949,-51.25404],[-72.25866,-51.24417],[-72.287,-51.22528],[-72.3036,-51.20174],[-72.32256,-51.21057],[-72.34876,-51.20361],[-72.36064,-51.16875],[-72.39575,-51.14542],[-72.40906,-51.10749],[-72.40321,-51.09197],[-72.37618,-51.07998],[-72.37417,-51.02321],[-72.36468,-51.02194],[-72.35041,-51.02934],[-72.32814,-51.02499],[-72.3007,-51.03218],[-72.28066,-51.02952],[-72.26566,-51.03523],[-72.26724,-50.96365],[-72.25819,-50.94934],[-72.26336,-50.93764],[-72.25717,-50.91723],[-72.24554,-50.90286],[-72.25669,-50.88848],[-72.24806,-50.87503],[-72.26696,-50.8629],[-72.26103,-50.8375],[-72.28034,-50.80994],[-72.32905,-50.76352],[-72.34555,-50.75983],[-72.35033,-50.74022],[-72.33702,-50.71926],[-72.31865,-50.71669],[-72.31178,-50.70854],[-72.30112,-50.70677],[-72.29831,-50.68179],[-72.28625,-50.65965],[-72.29684,-50.65262],[-72.33805,-50.65046],[-72.33927,-50.63374],[-72.35919,-50.61612],[-72.40779,-50.63641],[-72.41611,-50.61992],[-72.45469,-50.6166],[-72.49038,-50.6003],[-72.50487,-50.61453],[-72.54844,-50.62055],[-72.56079,-50.64603],[-72.57506,-50.64632],[-72.57966,-50.6556],[-72.57461,-50.679],[-72.5947,-50.68166],[-72.61339,-50.67452],[-72.61327,-50.66524],[-72.62332,-50.65737],[-72.64233,-50.65376],[-72.65578,-50.66396],[-72.67338,-50.6553],[-72.68093,-50.64245],[-72.69842,-50.64552],[-72.72974,-50.61495],[-72.74003,-50.62678],[-72.75706,-50.63052],[-72.77412,-50.62745],[-72.82983,-50.65251],[-72.85178,-50.65319],[-72.87473,-50.6705],[-72.89144,-50.67018],[-72.90547,-50.6972],[-72.9403,-50.70665],[-72.94372,-50.71654],[-72.95202,-50.71838],[-72.94405,-50.72481],[-72.9547,-50.74096],[-72.98081,-50.74419],[-73.00629,-50.76202],[-73.04199,-50.76129],[-73.0697,-50.78888],[-73.09692,-50.77338],[-73.15698,-50.79419],[-73.20349,-50.82098],[-73.22278,-50.81738],[-73.26752,-50.82397],[-73.26739,-50.80908],[-73.2818,-50.8006],[-73.28491,-50.7879],[-73.25598,-50.75012],[-73.28601,-50.7395],[-73.22553,-50.7193],[-73.19818,-50.70111],[-73.18591,-50.70038],[-73.16998,-50.6875],[-73.17273,-50.6767],[-73.23871,-50.66589],[-73.27081,-50.6488],[-73.26739,-50.62811],[-73.2887,-50.586],[-73.29999,-50.57428],[-73.33191,-50.56842],[-73.33398,-50.55829],[-73.38641,-50.51642],[-73.3656,-50.50751],[-73.3645,-50.48792],[-73.43262,-50.48309],[-73.4079,-50.46771],[-73.40369,-50.45081],[-73.42248,-50.44263],[-73.41931,-50.42963],[-73.43701,-50.42438],[-73.45648,-50.40051],[-73.45538,-50.39258],[-73.48639,-50.38208],[-73.46991,-50.34448],[-73.48071,-50.32568],[-73.5014,-50.3147],[-73.51678,-50.289],[-73.53839,-50.289],[-73.56458,-50.27271],[-73.5647,-50.2558],[-73.54999,-50.22821],[-73.56,-50.21692],[-73.55518,-50.18439],[-73.52832,-50.1654],[-73.52081,-50.15308],[-73.5415,-50.11902],[-73.4895,-50.0816],[-73.49249,-50.06189],[-73.48291,-50.05408],[-73.5022,-50.04358],[-73.53369,-50.0423],[-73.56659,-50.02039],[-73.53699,-49.9873],[-73.50519,-49.96649],[-73.54388,-49.9494],[-73.55261,-49.92389],[-73.52191,-49.90051],[-73.49048,-49.8526],[-73.4997,-49.81799],[-73.44531,-49.79388],[-73.46619,-49.77368],[-73.43878,-49.75781],[-73.45923,-49.7453],[-73.47638,-49.7179],[-73.50909,-49.7052],[-73.4986,-49.69171],[-73.50458,-49.6629],[-73.46411,-49.6424],[-73.46368,-49.6189],[-73.48828,-49.5827],[-73.53601,-49.56403],[-73.54968,-49.53809],[-73.53931,-49.52399],[-73.5448,-49.5047],[-73.53961,-49.49823],[-73.48779,-49.50049],[-73.46381,-49.48248],[-73.47961,-49.4613],[-73.47388,-49.44128],[-73.48798,-49.43561],[-73.49042,-49.42871],[-73.46002,-49.40021],[-73.42621,-49.39191],[-73.42908,-49.34399],[-73.41058,-49.3194],[-73.43231,-49.31409],[-73.4364,-49.29761],[-73.45209,-49.29858],[-73.47101,-49.27881],[-73.49371,-49.27271],[-73.49579,-49.24469],[-73.4707,-49.20111],[-73.14368,-49.271],[-73.04559,-49.27368],[-73.06869,-49.26763],[-73.08937,-49.25306],[-73.10355,-49.26698],[-73.13319,-49.26718],[-73.14522,-49.24722],[-73.14643,-49.22131],[-73.13879,-49.20543],[-73.14543,-49.19015],[-73.13933,-49.17916],[-73.11694,-49.16857],[-73.11009,-49.15199],[-73.08241,-49.14593],[-73.08294,-49.13468],[-73.06216,-49.12752],[-73.06293,-49.11376],[-73.04493,-49.08087],[-73.03082,-49.07457],[-73.02703,-49.06575],[-73.00491,-49.06345],[-73.00332,-49.05201],[-73.01384,-49.03619],[-73.00486,-49.02909],[-72.98137,-49.02916],[-72.99286,-48.99723],[-72.98679,-48.98845],[-72.95879,-48.98004],[-72.94644,-48.9456],[-72.91971,-48.9357],[-72.89177,-48.94636],[-72.86487,-48.94663],[-72.85062,-48.96609],[-72.82861,-48.96728],[-72.81606,-48.96113],[-72.79459,-48.96808],[-72.76632,-48.94573],[-72.75835,-48.9204],[-72.74814,-48.91029],[-72.71053,-48.90453],[-72.69435,-48.89539],[-72.69109,-48.86756],[-72.63694,-48.86725],[-72.59522,-48.83216],[-72.56535,-48.82314],[-72.53337,-48.7995],[-72.52961,-48.77471],[-72.54263,-48.74039],[-72.53544,-48.66547],[-72.54899,-48.6078],[-72.56337,-48.583],[-72.55805,-48.56076],[-72.56766,-48.52485],[-72.58202,-48.49732],[-72.58951,-48.49438],[-72.58575,-48.48732],[-72.53572,-48.48268],[-72.52852,-48.49887],[-72.50242,-48.51855],[-72.49306,-48.51272],[-72.47539,-48.51681],[-72.44159,-48.51409],[-72.42604,-48.49557],[-72.41408,-48.49574],[-72.39358,-48.483],[-72.39242,-48.47028],[-72.37351,-48.44982],[-72.40891,-48.43273],[-72.40641,-48.41607],[-72.38026,-48.39909],[-72.36045,-48.39866],[-72.35775,-48.39227],[-72.34776,-48.3902],[-72.34774,-48.38361],[-72.37697,-48.37154],[-72.38069,-48.35013],[-72.36688,-48.35211],[-72.34355,-48.34533],[-72.32243,-48.35856],[-72.30897,-48.35355],[-72.2858,-48.35624],[-72.27798,-48.36261],[-72.26414,-48.35279],[-72.24107,-48.34832],[-72.23848,-48.33],[-72.22641,-48.32056],[-72.24193,-48.30132],[-72.25249,-48.30065],[-72.26534,-48.27781],[-72.3167,-48.23401],[-72.32581,-48.21546],[-72.30711,-48.20121],[-72.31086,-48.18629],[-72.29908,-48.15863],[-72.30601,-48.14001],[-72.32217,-48.13333],[-72.32716,-48.11602],[-72.35502,-48.10101],[-72.36031,-48.0736],[-72.38397,-48.07118],[-72.41612,-48.07815],[-72.44379,-48.06435],[-72.44058,-48.04903],[-72.4285,-48.04148],[-72.42871,-48.01117],[-72.41878,-48.00272],[-72.42538,-47.99601],[-72.42049,-47.98676],[-72.42597,-47.96699],[-72.4542,-47.96384],[-72.4595,-47.95649],[-72.49781,-47.96116],[-72.52742,-47.93778],[-72.5222,-47.91096],[-72.49968,-47.88565],[-72.49797,-47.87514],[-72.47688,-47.87093],[-72.46816,-47.81275],[-72.49593,-47.79711],[-72.50272,-47.76698],[-72.52236,-47.75427],[-72.52334,-47.74044],[-72.48442,-47.75908],[-72.47321,-47.75851],[-72.46606,-47.73789],[-72.44272,-47.7461],[-72.43553,-47.73351],[-72.45216,-47.71554],[-72.45051,-47.70528],[-72.41743,-47.69432],[-72.4097,-47.67819],[-72.42081,-47.66163],[-72.39816,-47.65845],[-72.40246,-47.65209],[-72.37966,-47.6358],[-72.35937,-47.63929],[-72.35342,-47.63619],[-72.33525,-47.6108],[-72.30909,-47.59084],[-72.32495,-47.58444],[-72.32703,-47.57137],[-72.30959,-47.55241],[-72.29114,-47.51189],[-72.29466,-47.49827],[-72.30677,-47.49154],[-72.3078,-47.48013],[-72.32675,-47.48196],[-72.3397,-47.46855],[-72.34134,-47.45619],[-72.32574,-47.45334],[-72.32354,-47.44855],[-72.29343,-47.44624],[-72.28509,-47.43733],[-72.29162,-47.43502],[-72.28014,-47.43192],[-72.26792,-47.4163],[-72.24897,-47.41477],[-72.24448,-47.40609],[-72.22423,-47.40314],[-72.19735,-47.41704],[-72.18044,-47.39977],[-72.16134,-47.39449],[-72.16054,-47.37821],[-72.14322,-47.36358],[-72.14489,-47.35144],[-72.12898,-47.32854],[-72.08062,-47.3344],[-72.07011,-47.34198],[-72.0477,-47.34],[-72.03637,-47.31921],[-71.99644,-47.29495],[-72.01664,-47.24728],[-72.00073,-47.22934],[-72.00091,-47.21757],[-72.01861,-47.19842],[-71.97537,-47.2135],[-71.92134,-47.21881],[-71.86941,-47.23395],[-71.86474,-47.23057],[-71.86334,-47.22348],[-71.8947,-47.21098],[-71.87995,-47.20547],[-71.88886,-47.199],[-71.88886,-47.17963],[-71.85048,-47.16419],[-71.86352,-47.14589],[-71.85997,-47.13188],[-71.8766,-47.11991],[-71.8803,-47.10749],[-71.94975,-47.08676],[-71.95405,-47.07606],[-71.93702,-47.06211],[-71.91577,-47.05934],[-71.90399,-47.05095],[-71.88004,-47.01011],[-71.89753,-46.99605],[-71.91487,-46.99835],[-71.93257,-46.99438],[-71.91827,-46.98536],[-71.92986,-46.97774],[-71.95799,-46.97424],[-71.95174,-46.95737],[-71.97106,-46.90523],[-71.96099,-46.90146],[-71.9578,-46.89082],[-71.95073,-46.89001],[-71.93134,-46.86816],[-71.9325,-46.84025],[-71.95538,-46.81442],[-71.91409,-46.799],[-71.86261,-46.80208],[-71.83289,-46.79776],[-71.81664,-46.78245],[-71.7992,-46.78041],[-71.77246,-46.76761],[-71.74067,-46.73299],[-71.69774,-46.71255],[-71.68578,-46.69733],[-71.64337,-46.68482],[-71.64475,-46.65696],[-71.65045,-46.65192],[-71.64682,-46.63395],[-71.66066,-46.62021],[-71.66696,-46.59865],[-71.65997,-46.58212],[-71.6659,-46.55165],[-71.67579,-46.5428],[-71.66929,-46.52784],[-71.75652,-46.34563],[-71.72833,-46.30847],[-71.72688,-46.2719],[-71.74094,-46.26376],[-71.75259,-46.22765],[-71.76485,-46.21543],[-71.77265,-46.21655],[-71.77757,-46.19879],[-71.79699,-46.19016],[-71.82194,-46.20269],[-71.83518,-46.19203],[-71.85937,-46.1947],[-71.86026,-46.18074],[-71.8747,-46.16133],[-71.86507,-46.15685],[-71.89828,-46.16222],[-71.90673,-46.15835],[-71.90742,-46.14483],[-71.91465,-46.13992],[-71.89488,-46.13542],[-71.87848,-46.12354],[-71.8622,-46.12269],[-71.85912,-46.11796],[-71.84334,-46.12009],[-71.82476,-46.11057],[-71.785,-46.12202],[-71.75871,-46.10977],[-71.7592,-46.09947],[-71.74738,-46.09199],[-71.74071,-46.08966],[-71.72768,-46.09526],[-71.7149,-46.09021],[-71.70961,-46.07101],[-71.69798,-46.06923],[-71.69662,-46.06079],[-71.67521,-46.04823],[-71.66661,-46.02661],[-71.64595,-46.01113],[-71.64531,-45.98507],[-71.63441,-45.97653],[-71.62584,-45.98245],[-71.61438,-45.97498],[-71.61837,-45.94697],[-71.64172,-45.92437],[-71.65252,-45.89039],[-71.67486,-45.87357],[-71.6904,-45.86529],[-71.69901,-45.86674],[-71.71586,-45.85444],[-71.72559,-45.85615],[-71.72914,-45.85222],[-71.73973,-45.85812],[-71.74434,-45.85377],[-71.75543,-45.85477],[-71.75595,-45.84906],[-71.7624,-45.85189],[-71.76897,-45.84439],[-71.74327,-45.80259],[-71.76126,-45.78784],[-71.75483,-45.77131],[-71.77122,-45.74374],[-71.79515,-45.73011],[-71.80105,-45.72089],[-71.79481,-45.70696],[-71.77997,-45.70174],[-71.77305,-45.68124],[-71.79553,-45.66493],[-71.77859,-45.65803],[-71.78389,-45.6528],[-71.77198,-45.64102],[-71.78071,-45.63407],[-71.77956,-45.62182],[-71.77268,-45.61721],[-71.7615,-45.62041],[-71.75377,-45.60981],[-71.74815,-45.61028],[-71.73143,-45.58996],[-71.73446,-45.58135],[-71.7266,-45.57746],[-71.72852,-45.57406],[-71.74263,-45.5792],[-71.76295,-45.57664],[-71.76353,-45.56031],[-71.74431,-45.54215],[-71.70278,-45.53588],[-71.68259,-45.52777],[-71.6888,-45.52116],[-71.68214,-45.51508],[-71.64642,-45.51849],[-71.6415,-45.51331],[-71.62372,-45.51143],[-71.61262,-45.51379],[-71.6063,-45.52215],[-71.57515,-45.51949],[-71.55956,-45.52358],[-71.46892,-45.49364],[-71.48271,-45.48301],[-71.4698,-45.48204],[-71.47507,-45.47425],[-71.50193,-45.46665],[-71.50899,-45.45873],[-71.4999,-45.45553],[-71.50911,-45.45427],[-71.51686,-45.43944],[-71.52745,-45.43897],[-71.53395,-45.43297],[-71.52056,-45.42535],[-71.52998,-45.41037],[-71.52946,-45.3927],[-71.49907,-45.38624],[-71.45325,-45.38611],[-71.43825,-45.39582],[-71.43947,-45.37304],[-71.44865,-45.36956],[-71.41363,-45.35457],[-71.38574,-45.35077],[-71.37137,-45.34458],[-71.36606,-45.33581],[-71.34907,-45.33193],[-71.33318,-45.3198],[-71.32005,-45.29212],[-71.32915,-45.27783],[-71.3373,-45.27835],[-71.3502,-45.26937],[-71.33138,-45.25131],[-71.33846,-45.25021],[-71.33298,-45.24139],[-71.35115,-45.22991],[-71.37,-45.2256],[-71.37861,-45.20706],[-71.39902,-45.19747],[-71.40698,-45.18006],[-71.42518,-45.17174],[-71.41867,-45.16667],[-71.42587,-45.16228],[-71.41747,-45.15792],[-71.47007,-45.14877],[-71.47575,-45.13985],[-71.48749,-45.14412],[-71.47927,-45.13429],[-71.49145,-45.10781],[-71.50352,-45.1024],[-71.52654,-45.10312],[-71.51298,-45.09657],[-71.50543,-45.07221],[-71.53041,-45.04571],[-71.55799,-45.03148],[-71.54832,-45.01379],[-71.55238,-45.0085],[-71.54095,-45.0002],[-71.55278,-44.99527],[-71.55931,-44.97765],[-71.58289,-44.98092],[-71.60215,-44.97055],[-71.61292,-44.97528],[-71.63536,-44.97019],[-71.65729,-44.97559],[-71.71107,-44.95513],[-71.74211,-44.95835],[-71.75384,-44.92648],[-71.76121,-44.92511],[-71.77815,-44.94026],[-71.79081,-44.93213],[-71.80714,-44.9305],[-71.81722,-44.91979],[-71.85444,-44.93231],[-71.87991,-44.95939],[-71.88353,-44.94597],[-71.88886,-44.95249],[-71.92498,-44.94421],[-71.93442,-44.9404],[-71.9479,-44.92058],[-71.97736,-44.91944],[-71.97925,-44.90356],[-72.01945,-44.8974],[-72.03367,-44.90476],[-72.05052,-44.88169],[-72.06582,-44.87672],[-72.03635,-44.86233],[-72.06559,-44.85],[-72.04932,-44.83703],[-72.03661,-44.80896],[-72.02698,-44.80582],[-72.07392,-44.78107],[-72.06409,-44.7722],[-72.0669,-44.75953],[-72.05731,-44.75641],[-72.03242,-44.76545],[-72.01816,-44.75666],[-72.01691,-44.77118],[-72.00818,-44.77301],[-72.00549,-44.7843],[-71.98248,-44.78003],[-71.95679,-44.78601],[-71.9275,-44.80403],[-71.9213,-44.78661],[-71.92501,-44.78002],[-71.91461,-44.77661],[-71.89253,-44.78584],[-71.88627,-44.79503],[-71.8598,-44.80048],[-71.83099,-44.79108],[-71.81546,-44.79309],[-71.81071,-44.78513],[-71.82349,-44.78149],[-71.82458,-44.77494],[-71.78648,-44.75226],[-71.73593,-44.76879],[-71.70502,-44.76986],[-71.68699,-44.76502],[-71.67414,-44.7718],[-71.67196,-44.78687],[-71.66634,-44.78721],[-71.6316,-44.7781],[-71.59538,-44.77936],[-71.59536,-44.76722],[-71.5816,-44.75227],[-71.56688,-44.75931],[-71.5312,-44.74302],[-71.51971,-44.74527],[-71.47421,-44.73707],[-71.45221,-44.75432],[-71.43416,-44.75463],[-71.42581,-44.76841],[-71.39449,-44.79002],[-71.37233,-44.79631],[-71.35598,-44.79096],[-71.33839,-44.79778],[-71.32832,-44.80852],[-71.30431,-44.80622],[-71.29182,-44.81395],[-71.28981,-44.80968],[-71.25063,-44.79934],[-71.25373,-44.78525],[-71.23811,-44.76927],[-71.20597,-44.75046],[-71.20227,-44.72284],[-71.2143,-44.71421],[-71.2104,-44.69872],[-71.19584,-44.6849],[-71.19975,-44.67879],[-71.21791,-44.674],[-71.21663,-44.66614],[-71.23446,-44.65239],[-71.23549,-44.64092],[-71.21369,-44.63286],[-71.20917,-44.6254],[-71.21586,-44.6182],[-71.19431,-44.60198],[-71.20085,-44.59164],[-71.17632,-44.59972],[-71.16433,-44.59266],[-71.14684,-44.59165],[-71.12789,-44.59758],[-71.1019,-44.59069],[-71.09724,-44.58593],[-71.10546,-44.57507],[-71.09786,-44.56119],[-71.10325,-44.55334],[-71.09164,-44.53503],[-71.12772,-44.50804],[-71.16373,-44.50104],[-71.14918,-44.48333],[-71.12969,-44.4718],[-71.15357,-44.45978],[-71.17111,-44.4391],[-71.18393,-44.441],[-71.20918,-44.43334],[-71.22273,-44.43625],[-71.2366,-44.42021],[-71.24618,-44.4174],[-71.26766,-44.42384],[-71.30489,-44.42358],[-71.31219,-44.42956],[-71.33589,-44.41877],[-71.34888,-44.4248],[-71.35673,-44.40952],[-71.35267,-44.4034],[-71.36519,-44.3972],[-71.36594,-44.39082],[-71.3862,-44.38528],[-71.4085,-44.39274],[-71.42024,-44.38893],[-71.44354,-44.39607],[-71.46716,-44.38872],[-71.48862,-44.39933],[-71.5105,-44.394],[-71.55179,-44.40897],[-71.58329,-44.40493],[-71.58871,-44.3987],[-71.61113,-44.40213],[-71.61723,-44.39849],[-71.63834,-44.39858],[-71.65788,-44.40899],[-71.69283,-44.3976],[-71.69789,-44.38927],[-71.69387,-44.3824],[-71.71169,-44.37922],[-71.72057,-44.39047],[-71.73632,-44.39918],[-71.7633,-44.40418],[-71.76735,-44.41041],[-71.77439,-44.40832],[-71.80104,-44.4195],[-71.81507,-44.41612],[-71.80433,-44.39914],[-71.82084,-44.39228],[-71.81751,-44.37748],[-71.83407,-44.36935],[-71.82864,-44.3634],[-71.83902,-44.34998],[-71.80009,-44.33903],[-71.78697,-44.33042],[-71.79393,-44.30449],[-71.80876,-44.28821],[-71.80312,-44.27169],[-71.82954,-44.26537],[-71.82693,-44.25992],[-71.80636,-44.25811],[-71.81319,-44.25038],[-71.8054,-44.24727],[-71.81298,-44.23856],[-71.80462,-44.23261],[-71.80772,-44.22806],[-71.7806,-44.22412],[-71.78002,-44.21719],[-71.78128,-44.21312],[-71.80064,-44.21458],[-71.79988,-44.1917],[-71.82811,-44.16667],[-71.84667,-44.15924],[-71.84125,-44.14628],[-71.85177,-44.12847],[-71.84866,-44.11353],[-71.83565,-44.10687],[-71.82446,-44.11411],[-71.78134,-44.11151],[-71.75943,-44.09961],[-71.74948,-44.08972],[-71.74746,-44.07678],[-71.73703,-44.07281],[-71.72213,-44.04962],[-71.71559,-44.02488],[-71.69623,-44.00626],[-71.67956,-43.97114],[-71.66106,-43.96367],[-71.64878,-43.94593],[-71.65075,-43.9237],[-71.66643,-43.90123],[-71.6926,-43.90354],[-71.69886,-43.89499],[-71.70738,-43.89449],[-71.70326,-43.87762],[-71.70872,-43.85574],[-71.73196,-43.8597],[-71.76275,-43.84058],[-71.7596,-43.8234],[-71.75237,-43.82194],[-71.7567,-43.81507],[-71.74928,-43.80814],[-71.75342,-43.78818],[-71.73598,-43.77853],[-71.72939,-43.76217],[-71.70186,-43.73846],[-71.69672,-43.72608],[-71.6611,-43.71922],[-71.66036,-43.70238],[-71.63685,-43.70347],[-71.6319,-43.70809],[-71.63009,-43.69859],[-71.59978,-43.69697],[-71.612,-43.67604],[-71.58829,-43.67545],[-71.58146,-43.65168],[-71.59684,-43.63375],[-71.62629,-43.62371],[-71.65803,-43.62092],[-71.70346,-43.62525],[-71.70798,-43.5845],[-71.71821,-43.57635],[-71.74234,-43.58589],[-71.75741,-43.58423],[-71.76483,-43.57615],[-71.75986,-43.57139],[-71.76303,-43.55628],[-71.77652,-43.53869],[-71.82842,-43.54998],[-71.87748,-43.55108],[-71.87849,-43.52753],[-71.8719,-43.52648],[-71.85961,-43.50836],[-71.84864,-43.48289],[-71.87084,-43.46286],[-71.87854,-43.46322],[-71.88138,-43.4513],[-71.92532,-43.45876],[-71.93423,-43.4491],[-71.91411,-43.41665],[-71.92966,-43.40004],[-71.93321,-43.38656],[-71.91144,-43.38661],[-71.89374,-43.38009],[-71.89835,-43.36745],[-71.89017,-43.35828],[-71.90209,-43.34383],[-71.89673,-43.33817],[-71.90439,-43.32189],[-71.89639,-43.3197],[-71.86651,-43.33277],[-71.8401,-43.33521],[-71.81103,-43.32001],[-71.80123,-43.31267],[-71.80321,-43.30574],[-71.7864,-43.29697],[-71.76611,-43.30127],[-71.75521,-43.31764],[-71.74697,-43.32003],[-71.7346,-43.31433],[-71.73626,-43.28857],[-71.7308,-43.28224],[-71.74656,-43.26668],[-71.75725,-43.22827],[-71.74133,-43.22211],[-71.7292,-43.20025],[-71.74115,-43.17927],[-71.7545,-43.17661],[-71.76053,-43.16462],[-71.78371,-43.16878],[-71.78898,-43.15991],[-71.81508,-43.14568],[-71.82311,-43.15101],[-71.83526,-43.14316],[-71.85734,-43.14258],[-71.85299,-43.12711],[-71.88637,-43.12703],[-71.89268,-43.10702],[-71.9329,-43.10213],[-71.9433,-43.09242],[-71.93387,-43.08049],[-71.93631,-43.05277],[-71.9584,-43.0403],[-71.97787,-43.0457],[-71.9833,-43.03508],[-72.00262,-43.03741],[-72.02001,-43.01759],[-72.03616,-43.01339],[-72.03815,-42.99256],[-72.05717,-42.98294],[-72.05625,-42.97464],[-72.0732,-42.94961],[-72.09068,-42.952],[-72.09765,-42.94157],[-72.11619,-42.93632],[-72.11413,-42.92261],[-72.14255,-42.89986],[-72.1316,-42.8849],[-72.11829,-42.8817],[-72.13488,-42.86747],[-72.13415,-42.85272],[-72.14788,-42.85002],[-72.16502,-42.79831],[-72.1427,-42.79528],[-72.14072,-42.78192],[-72.13133,-42.77713],[-72.13424,-42.75649],[-72.14716,-42.74156],[-72.12842,-42.73105],[-72.13855,-42.72256],[-72.13821,-42.71116],[-72.17324,-42.70162],[-72.17974,-42.69719],[-72.1787,-42.6892],[-72.17224,-42.67164],[-72.14912,-42.68137],[-72.1359,-42.68013],[-72.09603,-42.64203],[-72.10312,-42.63061],[-72.11761,-42.62921],[-72.11305,-42.61639],[-72.11851,-42.60296],[-72.10352,-42.6003],[-72.07517,-42.56632],[-72.06448,-42.57265],[-72.05135,-42.56512],[-72.05375,-42.54547],[-72.02604,-42.52179],[-72.02831,-42.50524],[-72.0126,-42.49486],[-72.03415,-42.45659],[-72.04813,-42.45236],[-72.03283,-42.42997],[-72.03608,-42.42221],[-72.02849,-42.40752],[-72.04041,-42.39923],[-72.0599,-42.39613],[-72.07722,-42.38247],[-72.08917,-42.39603],[-72.11271,-42.3983],[-72.13186,-42.38432],[-72.13834,-42.32702],[-72.12084,-42.32399],[-72.14079,-42.28952],[-72.1681,-42.25987],[-72.16827,-42.25054],[-72.1536,-42.24342],[-72.16632,-42.21383],[-72.15581,-42.20542],[-72.15681,-42.19373],[-72.18414,-42.17737],[-72.18826,-42.16097],[-72.17929,-42.15622],[-72.17153,-42.13936],[-72.1229,-42.15501],[-72.11498,-42.14613],[-72.08944,-42.14822],[-72.08183,-42.14311],[-72.06651,-42.14674],[-72.06348,-42.13921],[-72.07909,-42.12953],[-72.06664,-42.12431],[-72.06648,-42.11772],[-72.05201,-42.11392],[-72.04513,-42.12512],[-72.02853,-42.12246],[-72.00686,-42.14008],[-71.98552,-42.13944],[-71.97193,-42.14505],[-71.96492,-42.1393],[-71.95755,-42.14125],[-71.95459,-42.16439],[-71.92375,-42.19041],[-71.89285,-42.18074],[-71.87446,-42.1547],[-71.85825,-42.15918],[-71.84592,-42.15405],[-71.83475,-42.16257],[-71.80346,-42.14557],[-71.78173,-42.14808],[-71.77459,-42.13675],[-71.77725,-42.13023],[-71.74751,-42.13046],[-71.73162,-42.12293],[-71.72612,-42.11024],[-71.74171,-42.08265],[-71.73487,-42.06226],[-71.72459,-42.05847],[-71.72765,-42.04664],[-71.74508,-42.03722],[-71.75723,-42.03708],[-71.7547,-42.02372],[-71.7626,-42.0112],[-71.77352,-42.00757],[-71.77882,-41.98395],[-71.79378,-41.96155],[-71.7934,-41.94403],[-71.78145,-41.9431],[-71.77214,-41.93085],[-71.7738,-41.90852],[-71.78894,-41.89007],[-71.79055,-41.85159],[-71.79748,-41.84263],[-71.79072,-41.83079],[-71.75137,-41.82493],[-71.75403,-41.81927],[-71.76513,-41.8166],[-71.77399,-41.79365],[-71.76789,-41.78715],[-71.75393,-41.78745],[-71.77525,-41.76773],[-71.77462,-41.76004],[-71.78408,-41.75131],[-71.78418,-41.73495],[-71.81037,-41.72053],[-71.7916,-41.7037],[-71.79438,-41.69474],[-71.81697,-41.68989],[-71.81779,-41.66993],[-71.82977,-41.6757],[-71.8371,-41.66619],[-71.83656,-41.64563],[-71.857,-41.64527],[-71.86712,-41.62216],[-71.88556,-41.60599],[-71.8753,-41.59957],[-71.87393,-41.58825],[-71.86377,-41.58452],[-71.8468,-41.56529],[-71.81764,-41.57521],[-71.8307,-41.56225],[-71.82822,-41.55081],[-71.83738,-41.54883],[-71.83941,-41.53944],[-71.84807,-41.534],[-71.85207,-41.51485],[-71.82801,-41.48101],[-71.8378,-41.47424],[-71.84336,-41.4517],[-71.83647,-41.44423],[-71.82701,-41.4435],[-71.83603,-41.44087],[-71.83603,-41.43168],[-71.86321,-41.42201],[-71.87019,-41.4094],[-71.86635,-41.3936],[-71.88647,-41.37999],[-71.89111,-41.36676],[-71.9085,-41.36239],[-71.91124,-41.35674],[-71.91208,-41.34057],[-71.88165,-41.32414],[-71.88615,-41.31518],[-71.87602,-41.30739],[-71.87686,-41.29673],[-71.88985,-41.29203],[-71.89155,-41.2788],[-71.89654,-41.2789],[-71.89729,-41.27084],[-71.88822,-41.2644],[-71.89701,-41.25514],[-71.87791,-41.26037],[-71.86635,-41.25551],[-71.85623,-41.25731],[-71.84616,-41.26951],[-71.83444,-41.27203],[-71.85639,-41.24775],[-71.84702,-41.24284],[-71.85932,-41.23362],[-71.85403,-41.2146],[-71.87441,-41.20584],[-71.87265,-41.19751],[-71.88751,-41.16813],[-71.87956,-41.16275],[-71.86034,-41.16272],[-71.83936,-41.1504],[-71.84376,-41.12905],[-71.83623,-41.11823],[-71.85212,-41.09897],[-71.84959,-41.08315],[-71.82952,-41.0753],[-71.81794,-41.06229],[-71.83595,-41.05038],[-71.83297,-41.04314],[-71.83936,-41.03584],[-71.84763,-41.03078],[-71.86001,-41.03271],[-71.87551,-40.999],[-71.8983,-40.98392],[-71.90634,-40.98611],[-71.90451,-40.96173],[-71.8872,-40.96811],[-71.87371,-40.96035],[-71.85644,-40.96002],[-71.85931,-40.91799],[-71.86905,-40.89297],[-71.85818,-40.87948],[-71.87891,-40.88174],[-71.90828,-40.85804],[-71.90764,-40.84645],[-71.92559,-40.83571],[-71.924,-40.82706],[-71.93514,-40.82191],[-71.92551,-40.81038],[-71.92808,-40.79509],[-71.92136,-40.78576],[-71.94186,-40.77121],[-71.94208,-40.76581],[-71.9532,-40.76476],[-71.95684,-40.74643],[-71.96569,-40.74559],[-71.96505,-40.72758],[-71.95853,-40.7246],[-71.96278,-40.71986],[-71.94957,-40.71986],[-71.92043,-40.68892],[-71.8998,-40.68156],[-71.88419,-40.6665],[-71.86688,-40.66316],[-71.86808,-40.6489],[-71.86129,-40.64281],[-71.8544,-40.64448],[-71.84325,-40.62638],[-71.83757,-40.60977],[-71.84064,-40.5979],[-71.82383,-40.57791],[-71.84027,-40.58705],[-71.84546,-40.58259],[-71.856,-40.59242],[-71.87717,-40.56419],[-71.88554,-40.56305],[-71.89042,-40.55605],[-71.88781,-40.55205],[-71.86797,-40.55737],[-71.8588,-40.55523],[-71.85898,-40.53499],[-71.85128,-40.52566],[-71.84277,-40.52533],[-71.84442,-40.52006],[-71.8521,-40.52011],[-71.85565,-40.5094],[-71.84075,-40.48931],[-71.84681,-40.47886],[-71.83575,-40.46308],[-71.84153,-40.45192],[-71.81989,-40.43283],[-71.82496,-40.4219],[-71.80846,-40.40659],[-71.79337,-40.40731],[-71.78288,-40.41079],[-71.77289,-40.42299],[-71.75896,-40.41643],[-71.75572,-40.42944],[-71.73685,-40.44082],[-71.72404,-40.42752],[-71.70944,-40.42577],[-71.70769,-40.41512],[-71.69262,-40.40565],[-71.68677,-40.38465],[-71.69348,-40.38122],[-71.6931,-40.37373],[-71.6566,-40.36285],[-71.65612,-40.34973],[-71.67369,-40.34366],[-71.66929,-40.33421],[-71.67722,-40.32612],[-71.67165,-40.3111],[-71.68498,-40.29401],[-71.71676,-40.27898],[-71.73631,-40.30637],[-71.75436,-40.30379],[-71.76091,-40.29901],[-71.75564,-40.29243],[-71.76182,-40.27656],[-71.78757,-40.26604],[-71.78687,-40.25956],[-71.79966,-40.25489],[-71.79708,-40.24732],[-71.80381,-40.23598],[-71.82326,-40.23311],[-71.83008,-40.2159],[-71.82835,-40.20617],[-71.81626,-40.20584],[-71.79985,-40.18664],[-71.8289,-40.1732],[-71.80845,-40.15222],[-71.81336,-40.14657],[-71.80953,-40.13748],[-71.79843,-40.13748],[-71.8072,-40.12627],[-71.8029,-40.11039],[-71.8112,-40.1046],[-71.82542,-40.11167],[-71.83093,-40.10759],[-71.82703,-40.08992],[-71.80977,-40.08117],[-71.75048,-40.09467],[-71.69832,-40.11682],[-71.67357,-40.10372],[-71.66661,-40.08807],[-71.67389,-40.08046],[-71.66627,-40.07339],[-71.68893,-40.03225],[-71.67495,-40.02595],[-71.67087,-40.00075],[-71.6581,-39.98865],[-71.65113,-39.97138],[-71.63537,-39.96816],[-71.62508,-39.97579],[-71.61991,-39.97249],[-71.61424,-39.95622],[-71.62518,-39.93787],[-71.59819,-39.92928],[-71.60276,-39.91668],[-71.59269,-39.91138],[-71.596,-39.89014],[-71.61267,-39.87437],[-71.63351,-39.88175],[-71.63526,-39.85918],[-71.64291,-39.85339],[-71.66899,-39.86309],[-71.68564,-39.8546],[-71.6919,-39.84029],[-71.68595,-39.83136],[-71.6921,-39.82453],[-71.66697,-39.80721],[-71.68362,-39.8019],[-71.67797,-39.79382],[-71.6858,-39.77686],[-71.68087,-39.76862],[-71.68669,-39.75581],[-71.70774,-39.7384],[-71.71242,-39.72442],[-71.70463,-39.72266],[-71.69372,-39.70725],[-71.70406,-39.69578],[-71.67122,-39.6923],[-71.66952,-39.68225],[-71.67312,-39.6778],[-71.6879,-39.67776],[-71.69408,-39.65805],[-71.71698,-39.64989],[-71.71747,-39.63676],[-71.70082,-39.63321],[-71.69488,-39.62454],[-71.69868,-39.58736],[-71.67489,-39.56364],[-71.65606,-39.58748],[-71.63623,-39.58582],[-71.62395,-39.59216],[-71.62455,-39.59717],[-71.61599,-39.60101],[-71.61009,-39.6282],[-71.57664,-39.63625],[-71.54103,-39.62434],[-71.52327,-39.62689],[-71.50174,-39.63768],[-71.49668,-39.61892],[-71.47984,-39.60882],[-71.46112,-39.58286],[-71.4745,-39.57421],[-71.47363,-39.5628],[-71.46765,-39.56057],[-71.47077,-39.55327],[-71.48538,-39.55296],[-71.50399,-39.56038],[-71.51134,-39.54789],[-71.53118,-39.53867],[-71.53438,-39.53041],[-71.52972,-39.5193],[-71.51812,-39.5123],[-71.5174,-39.50417],[-71.47294,-39.49327],[-71.46314,-39.47101],[-71.46505,-39.45832],[-71.44709,-39.45062],[-71.45024,-39.42626],[-71.46417,-39.41953],[-71.46027,-39.4135],[-71.44572,-39.40935],[-71.44448,-39.40348],[-71.4549,-39.38954],[-71.45702,-39.37057],[-71.43357,-39.37212],[-71.41057,-39.35276],[-71.40036,-39.3506],[-71.39506,-39.32367],[-71.38564,-39.31815],[-71.39476,-39.30358],[-71.39248,-39.29555],[-71.38638,-39.28596],[-71.37409,-39.28316],[-71.37518,-39.26901],[-71.38867,-39.26534],[-71.39254,-39.25025],[-71.38236,-39.23765],[-71.39191,-39.2158],[-71.38182,-39.21741],[-71.38107,-39.21133],[-71.40003,-39.18581],[-71.40104,-39.16501],[-71.41284,-39.16421],[-71.42119,-39.15107],[-71.41122,-39.13959],[-71.41994,-39.12514],[-71.40737,-39.09578],[-71.41773,-39.06966],[-71.40752,-39.05191],[-71.39601,-39.04563],[-71.40161,-39.03664],[-71.4214,-39.02524],[-71.41355,-39.00809],[-71.42623,-39.00231],[-71.42863,-38.99239],[-71.44151,-38.98103],[-71.4323,-38.96739],[-71.43882,-38.94218],[-71.4336,-38.92894],[-71.42542,-38.92164],[-71.39946,-38.91679],[-71.39219,-38.90783],[-71.37546,-38.90713],[-71.36171,-38.89046],[-71.33583,-38.87619],[-71.32856,-38.87468],[-71.32144,-38.88059],[-71.29654,-38.87335],[-71.2859,-38.85805],[-71.26794,-38.85317],[-71.26855,-38.82818],[-71.25885,-38.82239],[-71.25853,-38.81509],[-71.25152,-38.81663],[-71.23844,-38.80279],[-71.21259,-38.81583],[-71.18532,-38.81487],[-71.17988,-38.80156],[-71.14926,-38.79943],[-71.1338,-38.78076],[-71.12284,-38.77701],[-71.11737,-38.78152],[-71.11731,-38.77574],[-71.10661,-38.77365],[-71.09382,-38.75488],[-71.07005,-38.76972],[-71.05218,-38.75749],[-71.0336,-38.75691],[-71.00125,-38.77011],[-70.99591,-38.76305],[-70.98598,-38.76447],[-70.98119,-38.75992],[-70.92673,-38.7632],[-70.90594,-38.72912],[-70.89038,-38.72149],[-70.88374,-38.70181],[-70.90052,-38.68967],[-70.90451,-38.66686],[-70.89728,-38.66404],[-70.8836,-38.64184],[-70.83701,-38.61252],[-70.82649,-38.59182],[-70.8357,-38.58678],[-70.83458,-38.55357],[-70.84306,-38.53752],[-70.86293,-38.52424],[-70.86674,-38.51365],[-70.91066,-38.5038],[-70.92783,-38.48547],[-70.92904,-38.47365],[-70.95177,-38.45023],[-70.95943,-38.4435],[-70.97727,-38.44286],[-70.98402,-38.43066],[-70.98028,-38.41534],[-70.98725,-38.3746],[-70.98279,-38.36488],[-70.99703,-38.35551],[-71.00235,-38.32313],[-70.99762,-38.29199],[-71.01041,-38.28271],[-71.00899,-38.26169],[-71.03171,-38.24973],[-71.01789,-38.23869],[-71.02076,-38.21337],[-71.00157,-38.21034],[-70.99712,-38.20266],[-70.99665,-38.17099],[-71.00993,-38.16236],[-71.00871,-38.15389],[-71.02414,-38.1499],[-71.02823,-38.13437],[-71.04296,-38.12277],[-71.02401,-38.1126],[-70.98858,-38.11026],[-70.98261,-38.10414],[-70.98799,-38.08775],[-70.99188,-38.08264],[-71.01146,-38.08025],[-71.02022,-38.06571],[-71.0446,-38.05519],[-71.05487,-38.04363],[-71.05038,-38.02885],[-71.0626,-38.01642],[-71.0598,-38.00158],[-71.05118,-37.99255],[-71.06046,-37.99433],[-71.06765,-37.98946],[-71.0626,-37.97021],[-71.07566,-37.96452],[-71.08979,-37.9652],[-71.11391,-37.95206],[-71.10562,-37.92694],[-71.11281,-37.92052],[-71.10565,-37.9054],[-71.10792,-37.89105],[-71.12285,-37.88325],[-71.1389,-37.85991],[-71.15846,-37.85742],[-71.17094,-37.86216],[-71.18299,-37.85843],[-71.16622,-37.8542],[-71.15743,-37.83793],[-71.1316,-37.83231],[-71.12644,-37.82073],[-71.15297,-37.80881],[-71.15924,-37.79096],[-71.16985,-37.78536],[-71.17122,-37.77984],[-71.15718,-37.77065],[-71.15637,-37.75689],[-71.18382,-37.73694],[-71.18882,-37.71252],[-71.21111,-37.69746],[-71.21262,-37.68773],[-71.19973,-37.66386],[-71.20631,-37.64768],[-71.19727,-37.64189],[-71.19632,-37.6292],[-71.17776,-37.6142],[-71.14766,-37.60891],[-71.12798,-37.58756],[-71.13254,-37.55306],[-71.13778,-37.54485],[-71.15153,-37.53929],[-71.13307,-37.52945],[-71.12412,-37.49585],[-71.11733,-37.48971],[-71.11818,-37.46894],[-71.12817,-37.44826],[-71.1425,-37.44017],[-71.15357,-37.40067],[-71.15833,-37.39643],[-71.16503,-37.39962],[-71.18252,-37.39559],[-71.19733,-37.38386],[-71.20167,-37.36513],[-71.19065,-37.36203],[-71.18568,-37.35477],[-71.19686,-37.34112],[-71.20778,-37.3383],[-71.20663,-37.31869],[-71.21604,-37.30355],[-71.2142,-37.28402],[-71.22104,-37.27511],[-71.18799,-37.27591],[-71.18336,-37.25884],[-71.17445,-37.25979],[-71.17399,-37.25236],[-71.16194,-37.24738],[-71.15551,-37.23511],[-71.17042,-37.22539],[-71.1424,-37.22067],[-71.11534,-37.20775],[-71.13612,-37.16572],[-71.1353,-37.14775],[-71.1242,-37.13562],[-71.09573,-37.12615],[-71.09229,-37.11465],[-71.10571,-37.10586],[-71.11057,-37.0954],[-71.12282,-37.09163],[-71.12,-37.07414],[-71.14177,-37.06954],[-71.14469,-37.06252],[-71.13728,-37.05319],[-71.14367,-37.03256],[-71.16618,-37.00697],[-71.1673,-36.99699],[-71.18817,-36.99638],[-71.19799,-36.98701],[-71.2136,-36.98557],[-71.2224,-36.97825],[-71.21921,-36.97338],[-71.20356,-36.9749],[-71.18487,-36.9682],[-71.17459,-36.96837],[-71.16625,-36.978],[-71.14846,-36.98082],[-71.13049,-36.97787],[-71.11875,-36.96883],[-71.10596,-36.97089],[-71.08801,-36.93802],[-71.08821,-36.92868],[-71.09562,-36.92534],[-71.10471,-36.92854],[-71.11248,-36.92464],[-71.11929,-36.93093],[-71.14401,-36.92934],[-71.14927,-36.90136],[-71.14004,-36.89664],[-71.12959,-36.87389],[-71.11912,-36.86918],[-71.12721,-36.8577],[-71.13844,-36.85329],[-71.16315,-36.86138],[-71.18001,-36.84142],[-71.16275,-36.81911],[-71.15382,-36.81872],[-71.15307,-36.82791],[-71.13194,-36.81467],[-71.12835,-36.76361],[-71.11942,-36.75542],[-71.12092,-36.74211],[-71.1114,-36.7283],[-71.11163,-36.71363],[-71.11968,-36.6999],[-71.11325,-36.67945],[-71.08589,-36.6782],[-71.07689,-36.70744],[-71.06487,-36.71465],[-71.04628,-36.70419],[-71.01547,-36.69926],[-71.00921,-36.69124],[-71.012,-36.66391],[-71.02738,-36.66318],[-71.02914,-36.65021],[-71.0435,-36.64492],[-71.04099,-36.63149],[-71.05718,-36.61866],[-71.04721,-36.60668],[-71.04716,-36.58271],[-71.05457,-36.57129],[-71.04068,-36.55067],[-71.05071,-36.52355],[-71.03524,-36.50982],[-71.03692,-36.47555],[-71.02166,-36.47259],[-71.01086,-36.48761],[-70.99708,-36.48692],[-70.98996,-36.49552],[-70.9796,-36.49323],[-70.97495,-36.50212],[-70.95812,-36.50365],[-70.94437,-36.49051],[-70.93375,-36.49146],[-70.92798,-36.47438],[-70.89388,-36.47127],[-70.88742,-36.4609],[-70.89445,-36.45205],[-70.8867,-36.43731],[-70.89098,-36.43424],[-70.89021,-36.40535],[-70.88377,-36.39624],[-70.86483,-36.39725],[-70.86907,-36.41115],[-70.84917,-36.41867],[-70.8358,-36.41516],[-70.83258,-36.40599],[-70.81769,-36.39537],[-70.7909,-36.42875],[-70.77318,-36.42883],[-70.74779,-36.40587],[-70.73512,-36.41567],[-70.73942,-36.42981],[-70.71298,-36.42777],[-70.7021,-36.41063],[-70.68815,-36.40701],[-70.67928,-36.38997],[-70.68181,-36.37266],[-70.69297,-36.36009],[-70.70171,-36.36062],[-70.70242,-36.35207],[-70.71243,-36.34497],[-70.70322,-36.32195],[-70.68485,-36.30475],[-70.68964,-36.30081],[-70.68546,-36.28376],[-70.70385,-36.27977],[-70.7062,-36.27258],[-70.66645,-36.24343],[-70.63695,-36.24249],[-70.62467,-36.2277],[-70.63323,-36.21716],[-70.60824,-36.20672],[-70.5997,-36.19232],[-70.58644,-36.19018],[-70.57091,-36.17555],[-70.57247,-36.15822],[-70.58273,-36.1486],[-70.5785,-36.13986],[-70.56835,-36.13263],[-70.54496,-36.14292],[-70.52889,-36.14399],[-70.52278,-36.15204],[-70.51026,-36.15592],[-70.50707,-36.16737],[-70.49074,-36.17899],[-70.46936,-36.1714],[-70.44923,-36.17316],[-70.44066,-36.16101],[-70.42099,-36.15593],[-70.41778,-36.13645],[-70.42238,-36.12468],[-70.41492,-36.10513],[-70.42547,-36.09534],[-70.41811,-36.08843],[-70.41157,-36.05846],[-70.4047,-36.0521],[-70.38885,-36.05234],[-70.36995,-36.03869],[-70.38056,-36.02505],[-70.37815,-35.98997],[-70.38973,-35.98269],[-70.40097,-35.98459],[-70.4182,-35.97776],[-70.42295,-35.97155],[-70.41803,-35.96076],[-70.39141,-35.95173],[-70.38698,-35.93956],[-70.36477,-35.92419],[-70.41109,-35.92361],[-70.41247,-35.91781],[-70.42399,-35.91466],[-70.42197,-35.87659],[-70.4063,-35.86717],[-70.38969,-35.87085],[-70.38129,-35.86692],[-70.37797,-35.84972],[-70.36956,-35.84122],[-70.35747,-35.8428],[-70.31196,-35.81316],[-70.32337,-35.81059],[-70.33686,-35.79565],[-70.35845,-35.80124],[-70.36603,-35.79162],[-70.37874,-35.78785],[-70.38009,-35.76696],[-70.37116,-35.75788],[-70.35881,-35.75472],[-70.3583,-35.74964],[-70.36969,-35.73753],[-70.37446,-35.70061],[-70.38309,-35.69661],[-70.38554,-35.6881],[-70.39884,-35.68665],[-70.40663,-35.67284],[-70.3975,-35.66366],[-70.40838,-35.65721],[-70.41074,-35.64516],[-70.4238,-35.64106],[-70.41815,-35.62981],[-70.40236,-35.62723],[-70.3847,-35.60511],[-70.39862,-35.58752],[-70.40325,-35.56271],[-70.40996,-35.55916],[-70.41084,-35.54892],[-70.40591,-35.54554],[-70.41356,-35.52849],[-70.39753,-35.52563],[-70.38824,-35.51586],[-70.36801,-35.52074],[-70.38677,-35.50791],[-70.39422,-35.48533],[-70.41374,-35.48854],[-70.44653,-35.46323],[-70.44564,-35.45075],[-70.43233,-35.44571],[-70.43404,-35.43707],[-70.45213,-35.42633],[-70.43831,-35.41317],[-70.44608,-35.40848],[-70.452,-35.39162],[-70.4227,-35.37072],[-70.41839,-35.35368],[-70.43532,-35.33148],[-70.43182,-35.31843],[-70.44647,-35.31481],[-70.46082,-35.31936],[-70.46828,-35.31286],[-70.5002,-35.32107],[-70.51248,-35.31026],[-70.56629,-35.29949],[-70.58369,-35.26716],[-70.56516,-35.24301],[-70.56811,-35.22382],[-70.53605,-35.1991],[-70.52604,-35.19486],[-70.52558,-35.2027],[-70.51789,-35.20655],[-70.50835,-35.20151],[-70.47209,-35.20391],[-70.45499,-35.18978],[-70.44976,-35.19512],[-70.43992,-35.19373],[-70.42396,-35.184],[-70.40354,-35.18042],[-70.38913,-35.17009],[-70.37924,-35.1733],[-70.37502,-35.17022],[-70.37189,-35.15056],[-70.36119,-35.1355],[-70.3701,-35.11208],[-70.35758,-35.09898],[-70.37389,-35.08569],[-70.37112,-35.06667],[-70.37635,-35.05092],[-70.37236,-35.04188],[-70.36045,-35.03489],[-70.36378,-35.00602],[-70.35467,-34.99554],[-70.33367,-34.98992],[-70.32693,-34.97597],[-70.33113,-34.93648],[-70.3183,-34.93044],[-70.3018,-34.89911],[-70.28908,-34.89226],[-70.29074,-34.88281],[-70.27632,-34.87626],[-70.27996,-34.85234],[-70.26258,-34.83315],[-70.25813,-34.80749],[-70.24819,-34.79887],[-70.30908,-34.7695],[-70.30626,-34.74733],[-70.29454,-34.73914],[-70.27262,-34.73709],[-70.25928,-34.73016],[-70.26184,-34.72242],[-70.24756,-34.69372],[-70.22379,-34.68108],[-70.21586,-34.68343],[-70.21439,-34.6605],[-70.22071,-34.65846],[-70.22426,-34.64089],[-70.21698,-34.61074],[-70.19976,-34.60187],[-70.20503,-34.59578],[-70.19056,-34.58931],[-70.19456,-34.57974],[-70.17448,-34.57043],[-70.1677,-34.55534],[-70.14442,-34.53288],[-70.14598,-34.52434],[-70.13004,-34.50068],[-70.12943,-34.48561],[-70.1154,-34.47593],[-70.10174,-34.48206],[-70.08242,-34.47256],[-70.06769,-34.45425],[-70.05407,-34.44848],[-70.04181,-34.42341],[-70.03032,-34.42439],[-70.0123,-34.41195],[-70.00941,-34.39348],[-70.02424,-34.37372],[-70.01466,-34.33539],[-70.03084,-34.28773],[-70.00425,-34.26226],[-69.9868,-34.26094],[-69.97244,-34.25001],[-69.95449,-34.26002],[-69.94026,-34.28022],[-69.90988,-34.29212],[-69.89848,-34.28536],[-69.89698,-34.26586],[-69.87257,-34.26759],[-69.85442,-34.25691],[-69.82974,-34.25745],[-69.8236,-34.24906],[-69.8072,-34.24835],[-69.80215,-34.23298],[-69.80597,-34.2254],[-69.79664,-34.20998],[-69.81526,-34.17786],[-69.83222,-34.16888],[-69.83541,-34.15975],[-69.85935,-34.1417],[-69.8685,-34.14103],[-69.87329,-34.13107],[-69.85584,-34.11571],[-69.85985,-34.10457],[-69.83407,-34.0882],[-69.83208,-34.07213],[-69.84737,-34.06868],[-69.85402,-34.05627],[-69.84299,-34.0358],[-69.82142,-34.01519],[-69.82208,-34.01098],[-69.83924,-34.00695],[-69.85421,-33.96371],[-69.8731,-33.96418],[-69.88345,-33.97671],[-69.8986,-33.97205],[-69.90618,-33.9633],[-69.89266,-33.94026],[-69.89006,-33.91948],[-69.87637,-33.91412],[-69.85552,-33.8921],[-69.85688,-33.88561],[-69.86764,-33.88119],[-69.87342,-33.86079],[-69.89915,-33.84708],[-69.89374,-33.79123],[-69.90467,-33.77129],[-69.8646,-33.71678],[-69.87389,-33.69378],[-69.88486,-33.68323],[-69.88034,-33.65959],[-69.87019,-33.65162],[-69.87816,-33.64627],[-69.87475,-33.62403],[-69.88086,-33.61856],[-69.86533,-33.583],[-69.87374,-33.55731],[-69.87218,-33.53947],[-69.83485,-33.51566],[-69.82949,-33.47632],[-69.81512,-33.46917],[-69.82211,-33.45373],[-69.81403,-33.44265],[-69.81952,-33.43009],[-69.79557,-33.42138],[-69.79977,-33.40363],[-69.81551,-33.38988],[-69.79438,-33.39572],[-69.77968,-33.38524],[-69.76929,-33.34229],[-69.79989,-33.28786],[-69.81479,-33.28924],[-69.83723,-33.27261],[-69.85962,-33.28355],[-69.87408,-33.27654],[-69.88582,-33.27882],[-69.90433,-33.2729],[-69.91663,-33.24425],[-69.92052,-33.24586],[-69.91586,-33.26677],[-69.93748,-33.27661],[-69.94269,-33.2841],[-69.95027,-33.28126],[-69.96818,-33.29966],[-69.972,-33.31113],[-70.00284,-33.32279],[-70.01092,-33.30106],[-70.00602,-33.2856],[-70.03826,-33.2704],[-70.02709,-33.24662],[-70.02735,-33.23232],[-70.05454,-33.22628],[-70.0644,-33.20511],[-70.05999,-33.19333],[-70.06549,-33.17955],[-70.05706,-33.17186],[-70.06558,-33.15573],[-70.05468,-33.14648],[-70.05173,-33.13455],[-70.07583,-33.12057],[-70.06618,-33.10377],[-70.07074,-33.09502],[-70.06712,-33.08816],[-70.07499,-33.06288],[-70.09374,-33.05097],[-70.07969,-33.03895],[-70.08092,-33.02829],[-70.05819,-33.02891],[-70.03465,-33.02313],[-70.021,-33.00851],[-70.02143,-32.98187],[-70.02738,-32.96988],[-70.02026,-32.95631],[-69.99983,-32.94483],[-70.00724,-32.93116],[-69.99184,-32.91238],[-69.98938,-32.89896],[-70.00383,-32.88231],[-70.04468,-32.86995],[-70.05624,-32.85697],[-70.05432,-32.83313],[-70.07878,-32.82235],[-70.08762,-32.80515],[-70.10148,-32.79943],[-70.11036,-32.80291],[-70.10691,-32.79407],[-70.11153,-32.77434],[-70.12998,-32.75879],[-70.13727,-32.73209],[-70.14758,-32.72843],[-70.14285,-32.67969],[-70.14986,-32.65767],[-70.14656,-32.65243],[-70.15162,-32.63681],[-70.1723,-32.62209],[-70.15067,-32.58147],[-70.1261,-32.57663],[-70.12325,-32.53558],[-70.14135,-32.49866],[-70.13637,-32.48735],[-70.14875,-32.46567],[-70.1656,-32.45549],[-70.19432,-32.44927],[-70.20006,-32.44179],[-70.21344,-32.43857],[-70.21801,-32.42859],[-70.23665,-32.42929],[-70.23859,-32.40483],[-70.23176,-32.39121],[-70.22263,-32.39022],[-70.21733,-32.3822],[-70.22918,-32.36449],[-70.21818,-32.33273],[-70.2227,-32.32457],[-70.25795,-32.30331],[-70.26247,-32.29165],[-70.28443,-32.29251],[-70.29644,-32.27803],[-70.31903,-32.27327],[-70.32305,-32.26705],[-70.30488,-32.23277],[-70.31087,-32.22208],[-70.30095,-32.20681],[-70.3101,-32.19902],[-70.30745,-32.1872],[-70.31726,-32.17701],[-70.31234,-32.1658],[-70.31713,-32.15981],[-70.31442,-32.1494],[-70.30388,-32.13632],[-70.32703,-32.12792],[-70.34166,-32.10864],[-70.33819,-32.10291],[-70.35022,-32.08823],[-70.34045,-32.08422],[-70.33519,-32.07044],[-70.38823,-32.0454],[-70.37985,-32.02622],[-70.36428,-32.02506],[-70.35065,-32.02659],[-70.34472,-32.042],[-70.32874,-32.04929],[-70.30579,-32.04751],[-70.28903,-32.05203],[-70.28337,-32.03831],[-70.27129,-32.03469],[-70.26389,-32.03814],[-70.25998,-32.0273],[-70.24826,-32.02386],[-70.24974,-31.99283],[-70.23542,-31.99006],[-70.22685,-31.98102],[-70.20816,-31.978],[-70.20955,-31.95988],[-70.22357,-31.94632],[-70.23238,-31.92563],[-70.24029,-31.91788],[-70.26356,-31.91092],[-70.28005,-31.88409],[-70.31783,-31.88071],[-70.34795,-31.89058],[-70.36377,-31.88064],[-70.37686,-31.88482],[-70.3793,-31.87974],[-70.40336,-31.87425],[-70.42728,-31.8539],[-70.44736,-31.85226],[-70.46044,-31.84387],[-70.45097,-31.81037],[-70.46004,-31.80572],[-70.45653,-31.79622],[-70.46302,-31.79076],[-70.46747,-31.76068],[-70.47202,-31.75877],[-70.45797,-31.73334],[-70.46613,-31.71875],[-70.46817,-31.69848],[-70.48768,-31.68954],[-70.49775,-31.69399],[-70.51294,-31.68978],[-70.5103,-31.66394],[-70.50381,-31.65969],[-70.50675,-31.65227],[-70.53178,-31.63805],[-70.54774,-31.60612],[-70.56738,-31.60013],[-70.56157,-31.59516],[-70.56725,-31.58344],[-70.55842,-31.57477],[-70.56273,-31.56102],[-70.55226,-31.51116],[-70.56658,-31.50233],[-70.562,-31.48182],[-70.56914,-31.47289],[-70.56043,-31.45836],[-70.551,-31.45432],[-70.54816,-31.43549],[-70.56021,-31.41996],[-70.54994,-31.40806],[-70.53197,-31.40774],[-70.53966,-31.38703],[-70.52745,-31.36695],[-70.5326,-31.35099],[-70.54247,-31.34403],[-70.54716,-31.31485],[-70.52698,-31.27855],[-70.52517,-31.25258],[-70.53183,-31.24666],[-70.51534,-31.2324],[-70.5205,-31.21851],[-70.51345,-31.19656],[-70.52434,-31.18982],[-70.50769,-31.14575],[-70.49587,-31.13606],[-70.49791,-31.1228],[-70.47562,-31.11425],[-70.45638,-31.08427],[-70.4323,-31.10171],[-70.42436,-31.12768],[-70.41357,-31.13868],[-70.41307,-31.15801],[-70.40767,-31.16649],[-70.40138,-31.16707],[-70.38719,-31.15427],[-70.37483,-31.15266],[-70.36056,-31.13571],[-70.36827,-31.10996],[-70.34008,-31.0757],[-70.34023,-31.069],[-70.32799,-31.06365],[-70.32165,-31.04349],[-70.29814,-31.04707],[-70.28508,-31.04368],[-70.27563,-31.04777],[-70.2691,-31.04309],[-70.27715,-31.02146],[-70.28923,-31.02406],[-70.29777,-31.02016],[-70.29367,-31.00842],[-70.30304,-30.99589],[-70.29337,-30.96999],[-70.31443,-30.95467],[-70.32282,-30.92803],[-70.30676,-30.89778],[-70.29548,-30.84575],[-70.28401,-30.84069],[-70.27974,-30.83069],[-70.27689,-30.81115],[-70.29105,-30.79944],[-70.28797,-30.78669],[-70.27298,-30.78057],[-70.26947,-30.74593],[-70.24609,-30.72852],[-70.25909,-30.70016],[-70.25322,-30.67733],[-70.23937,-30.6678],[-70.25039,-30.66074],[-70.24664,-30.63421],[-70.23834,-30.6135],[-70.22174,-30.59917],[-70.22105,-30.58286],[-70.2077,-30.57139],[-70.20735,-30.55861],[-70.19069,-30.55069],[-70.19683,-30.53749],[-70.17939,-30.51232],[-70.19482,-30.49163],[-70.13627,-30.45884],[-70.1175,-30.43213],[-70.14291,-30.37341],[-70.1554,-30.36197],[-70.15467,-30.34667],[-70.14166,-30.34019],[-70.10658,-30.35206],[-70.10253,-30.36809],[-70.08401,-30.37441],[-70.06321,-30.39436],[-70.05096,-30.3883],[-70.02039,-30.3969],[-69.99455,-30.37879],[-69.95534,-30.3855],[-69.93513,-30.35821],[-69.9187,-30.35012],[-69.89842,-30.35567],[-69.89185,-30.35059],[-69.90474,-30.34045],[-69.90813,-30.318],[-69.90004,-30.30453],[-69.90237,-30.29576],[-69.89479,-30.28837],[-69.89549,-30.27288],[-69.88367,-30.27266],[-69.87858,-30.25832],[-69.88858,-30.23893],[-69.88504,-30.21858],[-69.86869,-30.21082],[-69.83504,-30.21994],[-69.82623,-30.19311],[-69.81938,-30.18873],[-69.8231,-30.18423],[-69.81702,-30.17966],[-69.82878,-30.16227],[-69.80944,-30.15478],[-69.81744,-30.12794],[-69.83183,-30.1254],[-69.84792,-30.12988],[-69.87111,-30.11178],[-69.89965,-30.10622],[-69.93609,-30.12008],[-69.9455,-30.11329],[-69.94422,-30.09324],[-69.96487,-30.08545],[-69.95855,-30.08116],[-69.96176,-30.06888],[-69.93442,-30.05138],[-69.91541,-30.02558],[-69.92604,-29.99919],[-69.92129,-29.98515],[-69.89802,-29.95784],[-69.89651,-29.93675],[-69.9067,-29.93938],[-69.90872,-29.92857],[-69.88851,-29.90459],[-69.89572,-29.89525],[-69.8885,-29.88624],[-69.89674,-29.87814],[-69.87655,-29.86164],[-69.89896,-29.84849],[-69.90094,-29.83999],[-69.89321,-29.81995],[-69.89952,-29.81091],[-69.91343,-29.80675],[-69.91485,-29.79271],[-69.89344,-29.76763],[-69.89704,-29.75272],[-69.87959,-29.73436],[-69.87867,-29.72581],[-69.88707,-29.71938],[-69.88175,-29.70749],[-69.89356,-29.69389],[-69.90944,-29.69788],[-69.92227,-29.68389],[-69.92325,-29.67179],[-69.93953,-29.65442],[-69.94144,-29.61191],[-69.93174,-29.58591],[-69.93618,-29.56466],[-69.95635,-29.53506],[-69.94637,-29.51894],[-69.95351,-29.49973],[-69.94743,-29.49045],[-69.96035,-29.47061],[-69.95646,-29.46646],[-69.98187,-29.45223],[-69.9666,-29.4277],[-69.96631,-29.41422],[-69.98097,-29.40136],[-70.00988,-29.39496],[-70.02128,-29.3844],[-70.01152,-29.36989],[-70.02176,-29.3586],[-70.01044,-29.3538],[-70.01734,-29.34315],[-70.01361,-29.33724],[-70.02093,-29.32978],[-70.01851,-29.32065],[-69.99682,-29.30455],[-69.99799,-29.2858],[-69.98365,-29.27555],[-69.95198,-29.26683],[-69.93815,-29.24992],[-69.93999,-29.23195],[-69.94652,-29.22945],[-69.95189,-29.21583],[-69.9445,-29.20503],[-69.95269,-29.18916],[-69.92436,-29.1864],[-69.87612,-29.1389],[-69.84562,-29.13417],[-69.83943,-29.1293],[-69.7881,-29.13268],[-69.79173,-29.11399],[-69.78503,-29.10186],[-69.79657,-29.08211],[-69.79085,-29.06479],[-69.79364,-29.05106],[-69.78123,-29.01966],[-69.78503,-29.01491],[-69.77701,-29.01347],[-69.76786,-28.98994],[-69.75441,-28.98424],[-69.76305,-28.97318],[-69.7621,-28.96495],[-69.75355,-28.95793],[-69.75373,-28.9365],[-69.76673,-28.92233],[-69.76715,-28.90912],[-69.76158,-28.90436],[-69.7657,-28.89879],[-69.7465,-28.88183],[-69.75038,-28.86891],[-69.74079,-28.86494],[-69.74443,-28.84982],[-69.72761,-28.84599],[-69.71433,-28.82542],[-69.70498,-28.80445],[-69.70661,-28.78129],[-69.69819,-28.77923],[-69.6929,-28.7709],[-69.70137,-28.75054],[-69.72925,-28.73745],[-69.72382,-28.72801],[-69.73083,-28.72062],[-69.72506,-28.70808],[-69.73245,-28.70194],[-69.72789,-28.69197],[-69.73142,-28.68403],[-69.72103,-28.66114],[-69.70149,-28.63987],[-69.70377,-28.63412],[-69.69834,-28.62892],[-69.70352,-28.62025],[-69.68716,-28.60359],[-69.69497,-28.59645],[-69.68234,-28.58748],[-69.66853,-28.58942],[-69.6689,-28.58465],[-69.66233,-28.58301],[-69.67107,-28.57239],[-69.66998,-28.55534],[-69.66504,-28.55464],[-69.65976,-28.53994],[-69.64986,-28.53766],[-69.66406,-28.52108],[-69.66527,-28.51247],[-69.65673,-28.50411],[-69.666,-28.49678],[-69.66474,-28.48218],[-69.6805,-28.47061],[-69.67422,-28.46955],[-69.67342,-28.46011],[-69.66225,-28.44684],[-69.64019,-28.44282],[-69.63259,-28.42991],[-69.65539,-28.41538],[-69.64789,-28.4044],[-69.64909,-28.39645],[-69.63677,-28.38875],[-69.62981,-28.39369],[-69.63497,-28.38408],[-69.62456,-28.37818],[-69.60867,-28.39376],[-69.59701,-28.39206],[-69.58781,-28.37777],[-69.58276,-28.35244],[-69.52357,-28.32966],[-69.52009,-28.31147],[-69.51308,-28.30768],[-69.49913,-28.28308],[-69.50267,-28.26431],[-69.48781,-28.25584],[-69.47442,-28.23717],[-69.47706,-28.2254],[-69.48204,-28.22371],[-69.4784,-28.207],[-69.46378,-28.19743],[-69.45627,-28.1836],[-69.42875,-28.20347],[-69.41097,-28.20526],[-69.40913,-28.21403],[-69.39138,-28.22644],[-69.38235,-28.21234],[-69.38178,-28.18179],[-69.36294,-28.18018],[-69.33627,-28.16407],[-69.32265,-28.14155],[-69.30739,-28.12885],[-69.29697,-28.07895],[-69.30136,-28.07132],[-69.27778,-28.05168],[-69.26312,-28.04673],[-69.26039,-28.04029],[-69.26583,-28.03608],[-69.26911,-28.01127],[-69.25131,-28.00449],[-69.25162,-27.98984],[-69.24277,-27.97896],[-69.23532,-27.97861],[-69.23706,-27.96653],[-69.22121,-27.97143],[-69.20684,-27.96353],[-69.1733,-27.97143],[-69.16465,-27.95285],[-69.15479,-27.94663],[-69.15557,-27.93196],[-69.12302,-27.90146],[-69.13163,-27.87204],[-69.11032,-27.85224],[-69.11371,-27.84147],[-69.10514,-27.83281],[-69.10859,-27.83009],[-69.09492,-27.78778],[-69.08907,-27.78567],[-69.08781,-27.74015],[-69.08232,-27.72773],[-69.0894,-27.72196],[-69.08136,-27.71319],[-69.04318,-27.69748],[-69.04217,-27.67855],[-69.05666,-27.67165],[-69.05428,-27.66605],[-69.05905,-27.66431],[-69.0533,-27.62019],[-69.03883,-27.5951],[-69.02491,-27.59452],[-69.022,-27.58582],[-68.99981,-27.58284],[-68.97528,-27.56066],[-68.97249,-27.54286],[-68.98763,-27.52379],[-68.94252,-27.52593],[-68.94859,-27.48819],[-68.96271,-27.47803],[-68.96005,-27.47091],[-68.96941,-27.46923],[-68.98086,-27.45437],[-68.9881,-27.45307],[-68.98032,-27.43191],[-68.95999,-27.42975],[-68.9345,-27.44477],[-68.92564,-27.42445],[-68.93034,-27.40952],[-68.92007,-27.40912],[-68.90859,-27.40085],[-68.88696,-27.3987],[-68.89668,-27.38469],[-68.88833,-27.37226],[-68.89277,-27.35776],[-68.87783,-27.33935],[-68.88374,-27.33766],[-68.86985,-27.31795],[-68.84834,-27.3154],[-68.82872,-27.29828],[-68.80844,-27.30083],[-68.86806,-27.26173],[-68.86883,-27.2381],[-68.85597,-27.23176],[-68.85876,-27.2217],[-68.85247,-27.21469],[-68.85768,-27.19067],[-68.83994,-27.16637],[-68.84288,-27.16011],[-68.8248,-27.14747],[-68.8161,-27.14666],[-68.80678,-27.15266],[-68.79963,-27.12519],[-68.7923,-27.11949],[-68.78796,-27.10498],[-68.77813,-27.09899],[-68.75109,-27.11235],[-68.73752,-27.10234],[-68.71595,-27.10589],[-68.7042,-27.09906],[-68.69312,-27.09917],[-68.68349,-27.10796],[-68.67053,-27.09902],[-68.65436,-27.13567],[-68.63904,-27.1437],[-68.63135,-27.16331],[-68.6155,-27.17176],[-68.60032,-27.15919],[-68.57496,-27.17755],[-68.56675,-27.16062],[-68.56941,-27.15571],[-68.55423,-27.13564],[-68.56014,-27.12414],[-68.55702,-27.11512],[-68.54015,-27.10987],[-68.51602,-27.13098],[-68.49434,-27.13667],[-68.48162,-27.12858],[-68.48076,-27.11544],[-68.47274,-27.11084],[-68.4839,-27.05825],[-68.47581,-27.08402],[-68.45082,-27.09549],[-68.42883,-27.06433],[-68.41839,-27.07073],[-68.40895,-27.06324],[-68.40379,-27.06812],[-68.39179,-27.05623],[-68.38206,-27.05468],[-68.3797,-27.04705],[-68.3675,-27.04584],[-68.34664,-27.03345],[-68.30804,-27.04163],[-68.29386,-27.03778],[-68.29313,-27.02798],[-68.31501,-26.9988],[-68.31228,-26.98942],[-68.31876,-26.98164],[-68.29378,-26.95918],[-68.29378,-26.9305],[-68.28942,-26.92411],[-68.27306,-26.92642],[-68.26246,-26.91843],[-68.26829,-26.90888],[-68.28097,-26.90432],[-68.29085,-26.88694],[-68.29881,-26.88502],[-68.29854,-26.87349],[-68.34537,-26.81628],[-68.36225,-26.80282],[-68.58809,-26.49243],[-68.55836,-26.28737],[-68.38143,-26.17783],[-68.47734,-25.70164],[-68.48462,-25.69889],[-68.49909,-25.67345],[-68.51135,-25.67216],[-68.52533,-25.64409],[-68.53951,-25.6403],[-68.54537,-25.63231],[-68.54526,-25.61714],[-68.53916,-25.61247],[-68.54066,-25.59597],[-68.53206,-25.5814],[-68.51483,-25.57406],[-68.52532,-25.56655],[-68.52581,-25.55737],[-68.54304,-25.54896],[-68.53706,-25.54376],[-68.54804,-25.52589],[-68.53866,-25.50891],[-68.56164,-25.50557],[-68.57278,-25.49409],[-68.56997,-25.48168],[-68.57809,-25.47754],[-68.5757,-25.46988],[-68.58915,-25.44892],[-68.58419,-25.44189],[-68.58988,-25.41443],[-68.57161,-25.41775],[-68.56587,-25.40882],[-68.55648,-25.40604],[-68.54154,-25.38254],[-68.52387,-25.37892],[-68.52778,-25.35271],[-68.51815,-25.34165],[-68.52251,-25.32848],[-68.54594,-25.31221],[-68.54563,-25.29879],[-68.52921,-25.29047],[-68.5485,-25.26219],[-68.54308,-25.26146],[-68.54366,-25.25273],[-68.53548,-25.24792],[-68.53506,-25.23701],[-68.52553,-25.23103],[-68.51134,-25.2337],[-68.50522,-25.22255],[-68.5071,-25.16823],[-68.50016,-25.16164],[-68.48795,-25.1627],[-68.48302,-25.15462],[-68.47143,-25.15019],[-68.45975,-25.12566],[-68.4453,-25.13399],[-68.4377,-25.12279],[-68.43476,-25.13147],[-68.42496,-25.13061],[-68.41022,-25.14526],[-68.34424,-25.11077],[-68.35742,-25.09983],[-68.36094,-25.08317],[-68.36707,-25.08243],[-68.36491,-25.07007],[-68.37377,-25.06551],[-68.36951,-25.05975],[-68.37927,-25.04254],[-68.3782,-25.03245],[-68.38992,-25.03837],[-68.40702,-25.03033],[-68.4168,-24.99409],[-68.40866,-24.97274],[-68.42938,-24.95646],[-68.43099,-24.92987],[-68.43986,-24.91921],[-68.43129,-24.9142],[-68.43254,-24.90595],[-68.48421,-24.89728],[-68.49295,-24.87606],[-68.52005,-24.87346],[-68.52433,-24.86216],[-68.53327,-24.85817],[-68.53315,-24.82842],[-68.53802,-24.81734],[-68.56867,-24.79436],[-68.56289,-24.78518],[-68.56192,-24.76279],[-68.54663,-24.75362],[-68.54427,-24.72435],[-68.53449,-24.71232],[-68.51577,-24.70374],[-68.49263,-24.66538],[-68.48772,-24.64009],[-68.49626,-24.63484],[-68.50333,-24.61816],[-68.49571,-24.60008],[-68.48653,-24.6013],[-68.47556,-24.62088],[-68.46792,-24.62366],[-68.45561,-24.61757],[-68.45146,-24.60309],[-68.43487,-24.60675],[-68.43227,-24.57813],[-68.42083,-24.5636],[-68.40315,-24.52607],[-68.40483,-24.51412],[-68.39503,-24.50523],[-68.38787,-24.48416],[-68.37655,-24.49198],[-68.30851,-24.4918],[-68.31013,-24.48477],[-68.29722,-24.45552],[-68.26839,-24.4348],[-68.26087,-24.40283],[-68.24902,-24.40172],[-68.24025,-24.39406],[-67.32262,-24.03416],[-66.9905,-23.00001],[-67.1805,-22.81413],[-67.12775,-22.72211],[-67.01408,-22.65481],[-67.02725,-22.54088],[-66.97294,-22.54066],[-66.92856,-22.49223],[-66.78247,-22.43808],[-66.78431,-22.40177],[-66.76158,-22.34591],[-66.73928,-22.23846],[-66.68625,-22.20954],[-66.65247,-22.21642],[-66.63825,-22.22549],[-66.62317,-22.19738],[-66.34775,-22.12803],[-66.34794,-22.1199],[-66.33164,-22.11826],[-66.32204,-22.09237],[-66.32554,-22.08832],[-66.31738,-22.08478],[-66.30771,-22.09464],[-66.2886,-22.08695],[-66.29061,-22.07462],[-66.28425,-22.06836],[-66.29309,-22.06215],[-66.28358,-22.05043],[-66.29186,-22.0517],[-66.28621,-22.04197],[-66.29239,-22.03461],[-66.27764,-22.0237],[-66.28381,-21.98647],[-66.272,-21.96686],[-66.27464,-21.94442],[-66.26725,-21.93621],[-66.26083,-21.93622],[-66.26031,-21.90614],[-66.25086,-21.90153],[-66.23593,-21.85232],[-66.24296,-21.79402],[-66.2381,-21.78783],[-66.22551,-21.78839],[-66.22098,-21.78086],[-66.19414,-21.79596],[-66.07631,-21.83498],[-66.04328,-21.87194],[-66.04817,-21.91902],[-65.92478,-21.93355],[-65.80484,-22.07525],[-65.79417,-22.07479],[-65.77574,-22.09366],[-65.74826,-22.10915],[-65.72542,-22.10711],[-65.71539,-22.09735],[-65.6753,-22.1116],[-65.65684,-22.11077],[-65.65027,-22.10518],[-65.6391,-22.1069],[-65.60674,-22.0945],[-65.58901,-22.09858],[-65.57465,-22.0762],[-65.48381,-22.09577],[-65.47329,-22.08859],[-64.99337,-22.08243],[-64.99561,-22.08568],[-64.9814,-22.09777],[-64.93793,-22.1097],[-64.93572,-22.11589],[-64.92372,-22.12113],[-64.90265,-22.11956],[-64.88642,-22.12921],[-64.87828,-22.11741],[-64.86168,-22.122],[-64.83218,-22.14407],[-64.81871,-22.14474],[-64.81249,-22.15307],[-64.79319,-22.16121],[-64.77916,-22.17725],[-64.75329,-22.17892],[-64.73685,-22.1939],[-64.72157,-22.19651],[-64.71073,-22.18931],[-64.6818,-22.1865],[-64.66057,-22.19569],[-64.65104,-22.18951],[-64.62578,-22.20225],[-64.62396,-22.20795],[-64.61804,-22.20455],[-64.59303,-22.24664],[-64.57535,-22.25308],[-64.53759,-22.28428],[-64.54685,-22.3161],[-64.56419,-22.32347],[-64.56662,-22.3378],[-64.56095,-22.35194],[-64.56654,-22.3693],[-64.55098,-22.38782],[-64.51285,-22.41254],[-64.52523,-22.44081],[-64.51283,-22.4455],[-64.4921,-22.43595],[-64.48944,-22.45744],[-64.47453,-22.46838],[-64.48301,-22.47416],[-64.48328,-22.4802],[-64.47521,-22.48933],[-64.4605,-22.49192],[-64.45694,-22.50444],[-64.44491,-22.5064],[-64.45187,-22.51525],[-64.44831,-22.52156],[-64.42891,-22.5217],[-64.42474,-22.5334],[-64.41208,-22.53838],[-64.41615,-22.55299],[-64.40885,-22.5578],[-64.40958,-22.56295],[-64.41799,-22.57631],[-64.4302,-22.58173],[-64.42499,-22.58776],[-64.43389,-22.63134],[-64.42504,-22.6297],[-64.42399,-22.63436],[-64.42658,-22.63836],[-64.43507,-22.63481],[-64.44135,-22.63879],[-64.43161,-22.65074],[-64.41367,-22.65664],[-64.41592,-22.67857],[-64.39473,-22.68568],[-64.39855,-22.7047],[-64.39682,-22.71086],[-64.39073,-22.7121],[-64.40321,-22.7187],[-64.38878,-22.72324],[-64.38017,-22.71765],[-64.3728,-22.72065],[-64.37247,-22.72721],[-64.36253,-22.72371],[-64.34433,-22.7394],[-64.33713,-22.77393],[-64.34417,-22.79348],[-64.34254,-22.80581],[-64.3301,-22.81219],[-64.32673,-22.83767],[-64.32821,-22.86203],[-64.33876,-22.85593],[-64.34086,-22.86158],[-64.33643,-22.87374],[-64.32447,-22.8743],[-64.31478,-22.86713],[-64.31576,-22.88283],[-64.31158,-22.88208],[-64.30877,-22.8628],[-64.29747,-22.86144],[-64.30668,-22.83975],[-64.28673,-22.83488],[-64.28257,-22.82428],[-64.28743,-22.79882],[-64.27653,-22.79062],[-64.27733,-22.77764],[-64.26534,-22.76666],[-64.26744,-22.75775],[-64.28361,-22.75128],[-64.26397,-22.74124],[-64.27001,-22.73737],[-64.26731,-22.72812],[-64.27199,-22.71189],[-64.26398,-22.70169],[-64.26095,-22.67514],[-64.24468,-22.67074],[-64.24229,-22.66605],[-64.26459,-22.65016],[-64.25729,-22.62855],[-64.24613,-22.63138],[-64.23919,-22.62297],[-64.24437,-22.58393],[-64.24169,-22.55773],[-64.22966,-22.55671],[-64.22616,-22.54121],[-64.21629,-22.54335],[-64.21817,-22.53142],[-64.19963,-22.49124],[-64.18755,-22.49065],[-64.18606,-22.47755],[-64.17522,-22.46681],[-64.16307,-22.46893],[-64.16326,-22.4579],[-64.15306,-22.44995],[-64.15062,-22.43677],[-64.13804,-22.42947],[-64.14479,-22.41715],[-64.13818,-22.40704],[-64.11552,-22.40561],[-64.12076,-22.38435],[-64.10905,-22.37957],[-64.11689,-22.36323],[-64.09974,-22.34697],[-64.09868,-22.33892],[-64.10429,-22.33646],[-64.09323,-22.31669],[-64.09509,-22.30877],[-64.08909,-22.3089],[-64.08264,-22.30109],[-64.08214,-22.28421],[-64.07132,-22.26891],[-64.07397,-22.26411],[-64.06241,-22.23838],[-64.05361,-22.24724],[-64.03352,-22.24278],[-64.0398,-22.23543],[-64.03093,-22.23401],[-64.03117,-22.22896],[-64.03916,-22.22317],[-64.02664,-22.20876],[-64.0331,-22.19683],[-64.02566,-22.18844],[-64.01703,-22.18717],[-64.01527,-22.18246],[-64.02151,-22.18295],[-64.0234,-22.1746],[-64.00103,-22.1584],[-64.00478,-22.15321],[-63.99265,-22.13314],[-63.99815,-22.12377],[-63.98963,-22.11475],[-63.99259,-22.10862],[-64.00004,-22.10768],[-63.98604,-22.10903],[-63.99062,-22.10286],[-63.98622,-22.09368],[-63.97708,-22.09268],[-63.97729,-22.08607],[-63.98268,-22.08649],[-63.97961,-22.081],[-63.97532,-22.08035],[-63.96648,-22.09316],[-63.95807,-22.08577],[-63.96179,-22.08406],[-63.95734,-22.06801],[-63.96219,-22.06459],[-63.9499,-22.05791],[-63.95676,-22.05699],[-63.95032,-22.05073],[-63.95547,-22.04622],[-63.94972,-22.04334],[-63.95333,-22.03662],[-63.94138,-22.02957],[-63.94494,-22.0245],[-63.93782,-22.01591],[-63.94441,-22.00995],[-63.9382,-22.01138],[-63.93146,-21.99938],[-63.70907,-21.99934],[-63.7056,-22.01399],[-63.6885,-22.01169],[-63.68214,-22.03111],[-63.68661,-22.03878],[-63.68375,-22.05474],[-63.67352,-22.04045],[-63.6762,-22.03673],[-63.66972,-22.02756],[-63.66526,-21.99936],[-62.81118,-21.99877],[-62.80966,-22.02521],[-62.81424,-22.04216],[-62.79696,-22.06676],[-62.79989,-22.08532],[-62.81298,-22.09672],[-62.81385,-22.10564],[-62.8051,-22.12],[-62.8044,-22.13959],[-62.78764,-22.16612],[-62.77875,-22.16796],[-62.77372,-22.15439],[-62.76513,-22.15231],[-62.73803,-22.17117],[-62.72063,-22.20206],[-62.68492,-22.21234],[-62.66023,-22.25068],[-62.65463,-22.25066],[-62.6409,-22.23626],[-62.63551,-22.23924],[-62.63004,-22.24814],[-62.636,-22.26585],[-62.63065,-22.28246],[-62.64232,-22.29467],[-62.63665,-22.30528],[-62.62532,-22.30988],[-62.60377,-22.30669],[-62.5969,-22.32167],[-62.56919,-22.30977],[-62.57077,-22.3334],[-62.55871,-22.33806],[-62.54034,-22.32857],[-62.54293,-22.33986],[-62.53081,-22.36059],[-62.53458,-22.36799],[-62.5186,-22.37824],[-62.48029,-22.38082],[-62.46389,-22.37207],[-62.45969,-22.37978],[-62.46872,-22.38662],[-62.46547,-22.4026],[-62.4596,-22.40724],[-62.45777,-22.39988],[-62.44796,-22.40229],[-62.44568,-22.42334],[-62.43445,-22.41921],[-62.41302,-22.44219],[-62.4043,-22.44233],[-62.40484,-22.45135],[-62.38517,-22.45374],[-62.38061,-22.47358],[-62.373,-22.47346],[-62.37122,-22.4605],[-62.35595,-22.46568],[-62.34404,-22.45521],[-62.33308,-22.46586],[-62.33584,-22.47689],[-62.32732,-22.48431],[-62.30902,-22.48673],[-62.2902,-22.47461],[-62.29101,-22.49245],[-62.28359,-22.49592],[-62.28654,-22.52314],[-62.28116,-22.51975],[-62.28092,-22.51143],[-62.25121,-22.51597],[-62.2549,-22.53162],[-62.2341,-22.54433],[-62.23749,-22.55805],[-62.23323,-22.56986],[-62.24418,-22.57434],[-62.24607,-22.59072],[-62.26248,-22.59677],[-62.26379,-22.60358],[-62.25358,-22.60047],[-62.25145,-22.61249],[-62.23579,-22.61573],[-62.24198,-22.62874],[-62.23494,-22.63105],[-62.23508,-22.62333],[-62.22574,-22.62264],[-62.21052,-22.63457],[-62.20775,-22.64572],[-62.19353,-22.62301],[-62.18896,-22.62255],[-62.19251,-22.65334],[-62.2036,-22.66187],[-62.19666,-22.67172],[-62.20102,-22.68366],[-62.18629,-22.67869],[-62.17722,-22.69361],[-62.19971,-22.69417],[-62.20095,-22.70696],[-62.19503,-22.71507],[-62.18591,-22.70426],[-62.16109,-22.7325],[-62.15757,-22.7414],[-62.16419,-22.746],[-62.16253,-22.75301],[-62.15747,-22.76048],[-62.13856,-22.76162],[-62.14729,-22.7648],[-62.13459,-22.77147],[-62.13963,-22.78072],[-62.12297,-22.79575],[-62.11557,-22.79491],[-62.1082,-22.81953],[-62.09524,-22.80614],[-62.08891,-22.82657],[-62.07566,-22.82867],[-62.07217,-22.84667],[-62.06022,-22.8485],[-62.0573,-22.86255],[-62.04055,-22.86942],[-62.0315,-22.89953],[-62.02164,-22.9083],[-62.02827,-22.92008],[-62.02482,-22.92771],[-62.01851,-22.92329],[-62.00761,-22.93366],[-62.0061,-22.92644],[-61.9996,-22.92958],[-62.00375,-22.93929],[-61.99595,-22.95153],[-62.0085,-22.96439],[-62.01038,-22.97569],[-61.99677,-22.96608],[-61.99462,-22.97753],[-62.00264,-22.98034],[-62.00595,-22.98847],[-62.00197,-22.9948],[-61.9925,-22.99203],[-61.99712,-23.01018],[-61.98947,-23.00292],[-61.98278,-23.0229],[-61.95161,-23.03376],[-61.95534,-23.04851],[-61.94837,-23.04434],[-61.94006,-23.04654],[-61.93473,-23.06769],[-61.92638,-23.07087],[-61.90987,-23.06778],[-61.89686,-23.07563],[-61.89183,-23.06963],[-61.88534,-23.07569],[-61.88816,-23.08721],[-61.87773,-23.08244],[-61.87265,-23.09313],[-61.86836,-23.08458],[-61.86056,-23.08572],[-61.86092,-23.09195],[-61.84856,-23.09515],[-61.84855,-23.10511],[-61.83074,-23.12568],[-61.82624,-23.12949],[-61.81826,-23.1271],[-61.81688,-23.14535],[-61.8066,-23.15699],[-61.792,-23.1549],[-61.79343,-23.16523],[-61.77513,-23.16208],[-61.75442,-23.17109],[-61.73466,-23.19946],[-61.7385,-23.2142],[-61.7349,-23.23575],[-61.72704,-23.24228],[-61.70903,-23.2433],[-61.6998,-23.25616],[-61.68607,-23.26172],[-61.68141,-23.27369],[-61.66307,-23.27665],[-61.66519,-23.28093],[-61.67228,-23.27983],[-61.6708,-23.28452],[-61.64772,-23.28233],[-61.63666,-23.27543],[-61.63515,-23.28285],[-61.62353,-23.27884],[-61.60685,-23.28381],[-61.60151,-23.29303],[-61.59338,-23.29482],[-61.58912,-23.30512],[-61.57295,-23.30403],[-61.57725,-23.31381],[-61.57357,-23.32212],[-61.56676,-23.32345],[-61.56656,-23.33938],[-61.54948,-23.34862],[-61.53702,-23.34463],[-61.51496,-23.35215],[-61.52395,-23.3662],[-61.52221,-23.37727],[-61.51541,-23.38982],[-61.50615,-23.39436],[-61.49412,-23.42444],[-61.4773,-23.41778],[-61.47205,-23.42663],[-61.46711,-23.41904],[-61.45511,-23.4249],[-61.45461,-23.41867],[-61.44949,-23.41905],[-61.42439,-23.43806],[-61.41965,-23.4472],[-61.4011,-23.44518],[-61.38466,-23.45901],[-61.38466,-23.44725],[-61.37642,-23.45757],[-61.35207,-23.44995],[-61.34657,-23.46394],[-61.31786,-23.47005],[-61.30706,-23.47916],[-61.306,-23.48694],[-61.29696,-23.48313],[-61.29267,-23.49543],[-61.28703,-23.48791],[-61.28086,-23.48867],[-61.2921,-23.50929],[-61.28392,-23.50042],[-61.27379,-23.50619],[-61.27761,-23.51699],[-61.27072,-23.52031],[-61.26315,-23.51633],[-61.2469,-23.5408],[-61.21512,-23.55175],[-61.20688,-23.54777],[-61.20316,-23.55051],[-61.18974,-23.54067],[-61.19537,-23.54997],[-61.17657,-23.54754],[-61.16876,-23.55277],[-61.16495,-23.56668],[-61.14556,-23.57043],[-61.15516,-23.57293],[-61.1466,-23.58021],[-61.13017,-23.5785],[-61.13192,-23.59801],[-61.12189,-23.5849],[-61.12119,-23.59607],[-61.10639,-23.5994],[-61.08951,-23.61386],[-61.08902,-23.61968],[-61.09564,-23.6167],[-61.10115,-23.62698],[-61.0905,-23.63905],[-61.09928,-23.65738],[-61.09518,-23.66666],[-61.08114,-23.6709],[-61.08672,-23.67986],[-61.06557,-23.70731],[-61.05855,-23.70548],[-61.04202,-23.73],[-61.03999,-23.74302],[-61.01514,-23.75825],[-61.0204,-23.77263],[-61.00392,-23.78683],[-60.98681,-23.81287],[-60.96495,-23.80863],[-60.95895,-23.82057],[-60.95383,-23.80998],[-60.94746,-23.81334],[-60.93845,-23.80789],[-60.94438,-23.8018],[-60.93234,-23.80071],[-60.92488,-23.80837],[-60.9089,-23.81328],[-60.9037,-23.82673],[-60.86653,-23.85362],[-60.85776,-23.8492],[-60.85726,-23.8563],[-60.84895,-23.85689],[-60.85363,-23.8645],[-60.84734,-23.87155],[-60.80559,-23.86783],[-60.79734,-23.87657],[-60.78943,-23.87737],[-60.79196,-23.87284],[-60.78235,-23.87121],[-60.74736,-23.87837],[-60.74297,-23.87272],[-60.73304,-23.88436],[-60.71407,-23.88197],[-60.71525,-23.88843],[-60.69421,-23.90259],[-60.68418,-23.89483],[-60.65946,-23.89965],[-60.64783,-23.90859],[-60.61282,-23.90382],[-60.60051,-23.91008],[-60.60349,-23.9167],[-60.58736,-23.91702],[-60.59493,-23.921],[-60.59276,-23.94304],[-60.58002,-23.953],[-60.58974,-23.95497],[-60.58993,-23.95884],[-60.58112,-23.961],[-60.56139,-23.95485],[-60.55231,-23.9665],[-60.54416,-23.9636],[-60.50966,-23.97086],[-60.4878,-23.95154],[-60.47779,-23.95094],[-60.44301,-23.9624],[-60.41342,-23.98586],[-60.38951,-23.99495],[-60.3805,-24.01909],[-60.37423,-24.02372],[-60.36541,-24.02013],[-60.35636,-24.02465],[-60.3355,-24.0216],[-60.32311,-24.03297],[-60.29507,-24.04143],[-60.17753,-24.04402],[-60.11979,-24.03255],[-60.1062,-24.0273],[-60.10323,-24.01999],[-60.0912,-24.02474],[-60.07286,-24.01123],[-60.03901,-24.01166],[-59.47591,-24.33114],[-59.46827,-24.34028],[-59.47095,-24.34992],[-59.45799,-24.35763],[-59.4566,-24.37351],[-59.44161,-24.38985],[-59.4256,-24.39586],[-59.42128,-24.40888],[-59.40004,-24.41134],[-59.3741,-24.42187],[-59.35049,-24.48305],[-59.34023,-24.48995],[-59.31994,-24.492],[-59.31438,-24.50104],[-59.30121,-24.50347],[-59.29345,-24.51549],[-59.2576,-24.51968],[-59.24128,-24.54606],[-59.18554,-24.56364],[-59.17786,-24.57798],[-59.1571,-24.5875],[-59.15339,-24.59969],[-59.13256,-24.60811],[-59.12781,-24.61795],[-59.11067,-24.62378],[-59.10003,-24.61667],[-59.07983,-24.62128],[-59.0574,-24.63101],[-59.05175,-24.64213],[-59.03358,-24.64796],[-59.02388,-24.6601],[-58.97297,-24.66206],[-58.96646,-24.67217],[-58.94291,-24.68037],[-58.92639,-24.69646],[-58.91697,-24.69646],[-58.90338,-24.70476],[-58.88628,-24.71922],[-58.8788,-24.733],[-58.86525,-24.7287],[-58.84619,-24.73746],[-58.80736,-24.77241],[-58.76343,-24.77477],[-58.74344,-24.78088],[-58.72699,-24.77433],[-58.71306,-24.79084],[-58.70857,-24.81052],[-58.69998,-24.8144],[-58.68875,-24.81018],[-58.6735,-24.83151],[-58.65854,-24.83136],[-58.64866,-24.82453],[-58.61103,-24.83112],[-58.57358,-24.82103],[-58.55718,-24.83041],[-58.55047,-24.82773],[-58.52618,-24.85082],[-58.5109,-24.84351],[-58.49746,-24.85796],[-58.4737,-24.86091],[-58.45157,-24.87851],[-58.44075,-24.87927],[-58.43002,-24.8933],[-58.42781,-24.90231],[-58.43316,-24.9139],[-58.42863,-24.92344],[-58.40834,-24.92306],[-58.39137,-24.95302],[-58.373,-24.9565],[-58.37047,-24.96202],[-58.34832,-24.97173],[-58.34141,-24.99635],[-58.33368,-25.00002],[-58.32599,-24.99888],[-58.32351,-24.98989],[-58.31961,-24.99256],[-58.32003,-24.98888],[-58.31095,-24.98707],[-58.31439,-24.98281],[-58.29934,-24.97631],[-58.29601,-24.96745],[-58.28839,-24.96398],[-58.28912,-24.9573],[-58.26613,-24.94712],[-58.25536,-24.93186],[-58.25175,-24.93453],[-58.24221,-24.93217],[-58.24157,-24.92789],[-58.22465,-24.92711],[-58.21933,-24.93164],[-58.22508,-24.93432],[-58.21987,-24.9351],[-58.22444,-24.94203],[-58.21428,-24.94552],[-58.21697,-24.95057],[-58.202,-24.94966],[-58.19347,-24.96803],[-58.17366,-24.97119],[-58.1691,-24.96628],[-58.16244,-24.97546],[-58.15966,-24.97079],[-58.14978,-24.97521],[-58.15311,-24.98191],[-58.14223,-24.98672],[-58.14423,-24.98978],[-58.13755,-24.98879],[-58.13716,-25.01168],[-58.11873,-25.01311],[-58.11315,-25.01963],[-58.10615,-25.01186],[-58.10007,-25.01496],[-58.09058,-25.00875],[-58.08294,-25.02344],[-58.07808,-25.02257],[-58.07863,-25.03263],[-58.07404,-25.03396],[-58.07735,-25.0375],[-58.06867,-25.04571],[-58.06148,-25.04057],[-58.05839,-25.04574],[-58.04884,-25.03816],[-58.04492,-25.04307],[-58.03774,-25.04203],[-58.03167,-25.03573],[-58.02287,-25.04124],[-58.01666,-25.03776],[-58.01631,-25.04203],[-58.00574,-25.03506],[-58.00407,-25.0488],[-57.99596,-25.0597],[-57.99952,-25.07417],[-57.99098,-25.07488],[-57.99071,-25.08179],[-57.97537,-25.08627],[-57.96809,-25.08103],[-57.97128,-25.07725],[-57.9642,-25.07869],[-57.95643,-25.07288],[-57.9526,-25.08059],[-57.94342,-25.07788],[-57.94177,-25.07168],[-57.93681,-25.07545],[-57.93412,-25.07217],[-57.93103,-25.0781],[-57.92349,-25.07325],[-57.91641,-25.07789],[-57.90622,-25.07339],[-57.90774,-25.07967],[-57.89875,-25.07919],[-57.89588,-25.0836],[-57.89012,-25.07883],[-57.88617,-25.08114],[-57.88849,-25.07753],[-57.88401,-25.07558],[-57.87012,-25.08416],[-57.86113,-25.08159],[-57.85548,-25.08787],[-57.85912,-25.09],[-57.85099,-25.09362],[-57.85516,-25.09849],[-57.84825,-25.09743],[-57.85112,-25.10894],[-57.84377,-25.1124],[-57.84878,-25.11804],[-57.83715,-25.1235],[-57.83701,-25.13143],[-57.82635,-25.13065],[-57.82269,-25.14179],[-57.81761,-25.1388],[-57.81297,-25.14783],[-57.80723,-25.1423],[-57.8053,-25.14818],[-57.802,-25.14507],[-57.80053,-25.14996],[-57.79003,-25.14995],[-57.79176,-25.15545],[-57.78023,-25.15251],[-57.76844,-25.17291],[-57.76119,-25.17168],[-57.75781,-25.18001],[-57.7535,-25.17647],[-57.75881,-25.1866],[-57.75259,-25.19223],[-57.75608,-25.19674],[-57.74925,-25.19629],[-57.75457,-25.20582],[-57.74862,-25.20674],[-57.75737,-25.2102],[-57.75061,-25.21656],[-57.75967,-25.21611],[-57.75906,-25.22027],[-57.75419,-25.22013],[-57.74869,-25.22995],[-57.74421,-25.22835],[-57.7483,-25.23521],[-57.74231,-25.23274],[-57.73828,-25.2379],[-57.73568,-25.23464],[-57.74103,-25.25325],[-57.7291,-25.24648],[-57.72642,-25.25399],[-57.72268,-25.25305],[-57.73011,-25.2575],[-57.7231,-25.26699],[-57.71821,-25.2656],[-57.72243,-25.27753],[-57.71184,-25.27305],[-57.7137,-25.28352],[-57.70317,-25.28254],[-57.7051,-25.29173],[-57.7011,-25.28494],[-57.69445,-25.28597],[-57.70723,-25.30006],[-57.69787,-25.30882],[-57.70285,-25.3222],[-57.69273,-25.32273],[-57.68855,-25.33317],[-57.68572,-25.32938],[-57.67831,-25.33993],[-57.68181,-25.34235],[-57.65065,-25.36658],[-57.64235,-25.38336],[-57.61665,-25.38933],[-57.59652,-25.40106],[-57.5606,-25.45271],[-57.56168,-25.4737],[-57.57971,-25.51253],[-57.56985,-25.53972],[-57.57265,-25.55605],[-57.58041,-25.56942],[-57.60457,-25.56879],[-57.60708,-25.60002],[-57.61685,-25.61607],[-57.63735,-25.61425],[-57.65934,-25.59568],[-57.67498,-25.597],[-57.67829,-25.60648],[-57.67059,-25.65176],[-57.67807,-25.66107],[-57.69291,-25.6601],[-57.71993,-25.64634],[-57.73251,-25.64613],[-57.74278,-25.65188],[-57.76554,-25.69005],[-57.76665,-25.70013],[-57.75842,-25.70996],[-57.73202,-25.7078],[-57.72712,-25.71504],[-57.77356,-25.75761],[-57.78894,-25.76238],[-57.81278,-25.75193],[-57.82655,-25.75444],[-57.82021,-25.78008],[-57.79651,-25.81024],[-57.79656,-25.82485],[-57.81627,-25.84741],[-57.84219,-25.8505],[-57.85847,-25.858],[-57.86397,-25.86742],[-57.86304,-25.8822],[-57.83922,-25.90224],[-57.83677,-25.9156],[-57.84191,-25.9212],[-57.87897,-25.93227],[-57.8953,-25.96071],[-57.85401,-25.98744],[-57.85002,-25.99766],[-57.85476,-26.00846],[-57.89633,-26.01988],[-57.91951,-26.03233],[-57.94641,-26.06602],[-58.0154,-26.10167],[-58.03697,-26.11119],[-58.06734,-26.10796],[-58.09093,-26.11628],[-58.11864,-26.15435],[-58.11966,-26.1865],[-58.14916,-26.17883],[-58.15901,-26.18119],[-58.14035,-26.20007],[-58.10746,-26.21769],[-58.10423,-26.22989],[-58.10954,-26.24095],[-58.16383,-26.26437],[-58.16716,-26.29163],[-58.15436,-26.3139],[-58.15967,-26.34882],[-58.16875,-26.35965],[-58.21045,-26.37897],[-58.22173,-26.3995],[-58.2185,-26.41783],[-58.18391,-26.44935],[-58.1809,-26.4574],[-58.19491,-26.46435],[-58.22862,-26.46462],[-58.2336,-26.47354],[-58.2303,-26.48159],[-58.21225,-26.4893],[-58.20746,-26.49844],[-58.22493,-26.53607],[-58.21711,-26.54846],[-58.1998,-26.56051],[-58.19409,-26.5978],[-58.2102,-26.62213],[-58.19175,-26.63978],[-58.1913,-26.64635],[-58.19746,-26.65286],[-58.21511,-26.65491],[-58.24566,-26.64229],[-58.26022,-26.64509],[-58.26371,-26.65617],[-58.25526,-26.67644],[-58.25628,-26.71847],[-58.246,-26.75034],[-58.25977,-26.76227],[-58.29335,-26.75776],[-58.29352,-26.77301],[-58.28381,-26.78683],[-58.28398,-26.79539],[-58.30705,-26.80836],[-58.32807,-26.80613],[-58.33486,-26.80956],[-58.33509,-26.82206],[-58.32327,-26.83606],[-58.3179,-26.85273],[-58.32527,-26.86967],[-58.34583,-26.8714],[-58.3725,-26.86512],[-58.38489,-26.89219],[-58.45964,-26.92965],[-58.48414,-26.93535],[-58.48779,-26.94925],[-58.46924,-26.98453],[-58.47078,-27.00229],[-58.47769,-27.00521],[-58.50179,-26.99607],[-58.52029,-27.00406],[-58.50036,-27.0381],[-58.5023,-27.05603],[-58.51721,-27.06266],[-58.52349,-27.03964],[-58.53405,-27.03513],[-58.55604,-27.0357],[-58.56204,-27.04404],[-58.5541,-27.06414],[-58.5549,-27.10891],[-58.62571,-27.11388],[-58.65221,-27.13056],[-58.66403,-27.16802],[-58.66163,-27.18658],[-58.60538,-27.21473],[-58.59248,-27.22903],[-58.59316,-27.25808],[-58.61879,-27.30531],[-58.61649,-27.31863],[-58.5929,-27.32082],[-58.54975,-27.29479],[-58.51572,-27.29103],[-58.49351,-27.27065],[-58.4766,-27.27095],[-58.41685,-27.2901],[-58.37285,-27.29079],[-58.36075,-27.28336],[-58.296,-27.27615],[-58.27292,-27.26582],[-58.24674,-27.26152],[-58.19134,-27.28083],[-58.09217,-27.27575],[-58.06716,-27.26192],[-58.03412,-27.25933],[-58.00988,-27.25938],[-57.97099,-27.27499],[-57.93231,-27.26411],[-57.89134,-27.26772],[-57.85601,-27.28363],[-57.83812,-27.31407],[-57.81738,-27.33558],[-57.78088,-27.34147],[-57.72431,-27.33491],[-57.70535,-27.32556],[-57.69701,-27.32688],[-57.67297,-27.33893],[-57.64994,-27.36953],[-57.60979,-27.39571],[-57.56511,-27.41284],[-57.54351,-27.43297],[-57.50752,-27.4442],[-57.43901,-27.43828],[-57.39569,-27.42082],[-57.32651,-27.40984],[-57.30221,-27.42555],[-57.27965,-27.43027],[-57.22541,-27.47038],[-57.14759,-27.48146],[-57.13986,-27.48939],[-57.12055,-27.49345],[-57.10179,-27.48466],[-57.03647,-27.4806],[-56.97993,-27.49339],[-56.96567,-27.50205],[-56.94223,-27.55832],[-56.91336,-27.57372],[-56.89659,-27.58881],[-56.84926,-27.6063],[-56.82573,-27.60427],[-56.79406,-27.58686],[-56.74323,-27.605],[-56.686,-27.57694],[-56.67786,-27.56327],[-56.6771,-27.54868],[-56.69825,-27.52982],[-56.70541,-27.50741],[-56.71705,-27.49694],[-56.72036,-27.4669],[-56.70918,-27.45836],[-56.69103,-27.45434],[-56.67806,-27.46353],[-56.6496,-27.4608],[-56.60355,-27.43142],[-56.58459,-27.44778],[-56.56624,-27.45028],[-56.55674,-27.45678],[-56.55302,-27.46832],[-56.54215,-27.47579],[-56.53874,-27.49074],[-56.50631,-27.52703],[-56.49848,-27.55178],[-56.48705,-27.56368],[-56.43718,-27.58686],[-56.42224,-27.60383],[-56.39484,-27.60693],[-56.37527,-27.60185],[-56.35489,-27.5837],[-56.35041,-27.55092],[-56.33837,-27.52403],[-56.31956,-27.51775],[-56.29242,-27.49155],[-56.28418,-27.45709],[-56.29516,-27.42532],[-56.28718,-27.41093],[-56.27213,-27.40417],[-56.24052,-27.40402],[-56.23188,-27.38852],[-56.21109,-27.38267],[-56.18156,-27.34877],[-56.1537,-27.32965],[-56.13225,-27.32752],[-56.12224,-27.31842],[-56.08681,-27.30856],[-56.06163,-27.30619],[-56.04101,-27.31085],[-56.00675,-27.33967],[-55.97895,-27.35512],[-55.89635,-27.34272],[-55.86844,-27.36417],[-55.85401,-27.39218],[-55.83606,-27.40956],[-55.81014,-27.41769],[-55.78437,-27.44163],[-55.73684,-27.44514],[-55.72276,-27.43457],[-55.71193,-27.40976],[-55.68103,-27.37698],[-55.63853,-27.36219],[-55.58964,-27.33169],[-55.58618,-27.31649],[-55.60239,-27.28462],[-55.59355,-27.27516],[-55.57439,-27.27095],[-55.57408,-27.25026],[-55.57993,-27.23638],[-55.61159,-27.213],[-55.61876,-27.18718],[-55.60773,-27.1613],[-55.59253,-27.15983],[-55.57479,-27.16878],[-55.56112,-27.16095],[-55.55832,-27.14976],[-55.56544,-27.11398],[-55.56132,-27.10132],[-55.55212,-27.09807],[-55.52645,-27.10087],[-55.477,-27.1118],[-55.45555,-27.10626],[-55.44949,-27.09727],[-55.45605,-27.0588],[-55.44574,-27.02538],[-55.41981,-26.993],[-55.37574,-26.96617],[-55.30666,-26.96388],[-55.27367,-26.94248],[-55.25705,-26.9377],[-55.23845,-26.94355],[-55.20312,-26.96988],[-55.13775,-26.95122],[-55.13013,-26.93592],[-55.15029,-26.89595],[-55.14157,-26.86633],[-55.12976,-26.85362],[-55.09313,-26.83672],[-55.05754,-26.79898],[-55.02177,-26.78902],[-54.97269,-26.78984],[-54.95626,-26.78136],[-54.94424,-26.75273],[-54.94912,-26.70429],[-54.94216,-26.68238],[-54.91949,-26.66825],[-54.87389,-26.65534],[-54.8558,-26.6563],[-54.83469,-26.67312],[-54.82087,-26.67332],[-54.78857,-26.63351],[-54.78438,-26.60532],[-54.80772,-26.56096],[-54.80054,-26.53611],[-54.78427,-26.51277],[-54.75229,-26.49346],[-54.70635,-26.44913],[-54.69775,-26.42397],[-54.69664,-26.37771],[-54.64757,-26.31147],[-54.64935,-26.29855],[-54.67759,-26.27531],[-54.67858,-26.26254],[-54.62333,-26.22381],[-54.61802,-26.21425],[-54.62255,-26.20161],[-54.66031,-26.17547],[-54.67252,-26.15628],[-54.67359,-26.14136],[-54.64907,-26.11652],[-54.64311,-26.09361],[-54.65064,-26.06427],[-54.67666,-26.01787],[-54.67969,-26.00356],[-54.67766,-25.99153],[-54.66741,-25.9815],[-54.61991,-25.98467],[-54.60755,-25.96912],[-54.60783,-25.95713],[-54.62168,-25.93515],[-54.62201,-25.9124],[-54.59646,-25.86176],[-54.58691,-25.82949],[-54.62739,-25.77415],[-54.636,-25.73232],[-54.65805,-25.67813],[-54.65007,-25.66455],[-54.64043,-25.66006],[-54.60213,-25.66918],[-54.58367,-25.66626],[-54.58243,-25.65373],[-54.59664,-25.62346],[-54.59334,-25.59326],[-54.55125,-25.58913],[-54.53495,-25.59862],[-54.53756,-25.61803],[-54.52645,-25.62901],[-54.50308,-25.615],[-54.49472,-25.61711],[-54.46048,-25.64617],[-54.44499,-25.66598],[-54.4393,-25.68991],[-54.42892,-25.69406],[-54.42423,-25.68686],[-54.42476,-25.65799],[-54.39484,-25.63755],[-54.38862,-25.62238],[-54.39098,-25.60533],[-54.38448,-25.59752],[-54.37326,-25.59378],[-54.35793,-25.6053],[-54.34734,-25.60606],[-54.32839,-25.57148],[-54.28842,-25.55573],[-54.28039,-25.55888],[-54.25052,-25.59772],[-54.23517,-25.59304],[-54.23654,-25.56821],[-54.23056,-25.56301],[-54.20377,-25.57965],[-54.17878,-25.58489],[-54.17323,-25.57981],[-54.17467,-25.57278],[-54.18415,-25.56414],[-54.205,-25.55777],[-54.20864,-25.5489],[-54.20535,-25.54009],[-54.19065,-25.53466],[-54.16405,-25.54226],[-54.12748,-25.50711],[-54.10429,-25.49444],[-54.09441,-25.49836],[-54.09328,-25.51261],[-54.12373,-25.56696],[-54.10198,-25.61712],[-54.09503,-25.61875],[-54.08966,-25.61227],[-54.08985,-25.58906],[-54.08109,-25.55825],[-54.07102,-25.56068],[-54.05903,-25.57944],[-54.04908,-25.58537],[-54.03939,-25.58178],[-54.02835,-25.56616],[-54.01636,-25.56366],[-53.99991,-25.58178],[-53.97014,-25.60102],[-53.97818,-25.60468],[-53.97811,-25.61029],[-53.9749,-25.61533],[-53.96544,-25.61269],[-53.96226,-25.64348],[-53.95173,-25.64706],[-53.94768,-25.64021],[-53.94464,-25.63139],[-53.95409,-25.62386],[-53.94785,-25.61147],[-53.9328,-25.62261],[-53.91663,-25.61622],[-53.92132,-25.6299],[-53.91922,-25.6328],[-53.91438,-25.62871],[-53.91218,-25.63632],[-53.89259,-25.62229],[-53.88867,-25.62569],[-53.89497,-25.64319],[-53.88022,-25.64047],[-53.87641,-25.6451],[-53.88392,-25.64873],[-53.88999,-25.66128],[-53.8762,-25.65418],[-53.86238,-25.65867],[-53.85469,-25.67259],[-53.8597,-25.67786],[-53.85691,-25.6831],[-53.84255,-25.68729],[-53.85526,-25.6916],[-53.85149,-25.70619],[-53.85676,-25.70735],[-53.87232,-25.69342],[-53.86558,-25.70541],[-53.8793,-25.70779],[-53.86706,-25.71399],[-53.86921,-25.71999],[-53.8617,-25.71654],[-53.85901,-25.72335],[-53.86634,-25.74424],[-53.84942,-25.74091],[-53.83411,-25.75133],[-53.84248,-25.75199],[-53.84051,-25.7609],[-53.84795,-25.75755],[-53.85714,-25.76611],[-53.83857,-25.77266],[-53.831,-25.78073],[-53.8433,-25.79066],[-53.82212,-25.79333],[-53.82854,-25.80849],[-53.81956,-25.81618],[-53.83841,-25.81589],[-53.83545,-25.82527],[-53.84407,-25.82774],[-53.85008,-25.8396],[-53.84193,-25.83908],[-53.83438,-25.8501],[-53.84494,-25.8571],[-53.83179,-25.8592],[-53.83629,-25.86919],[-53.82336,-25.87208],[-53.8499,-25.88377],[-53.84646,-25.88846],[-53.83544,-25.8886],[-53.83531,-25.89517],[-53.81958,-25.89844],[-53.83524,-25.91183],[-53.83344,-25.9152],[-53.82686,-25.91018],[-53.8188,-25.91261],[-53.82346,-25.9174],[-53.82061,-25.92761],[-53.82626,-25.92879],[-53.83381,-25.92063],[-53.83318,-25.93137],[-53.84292,-25.93368],[-53.83992,-25.95397],[-53.82808,-25.96364],[-53.83678,-25.9701],[-53.81378,-25.98012],[-53.82004,-25.9819],[-53.81788,-25.98998],[-53.80286,-25.98462],[-53.80511,-25.9956],[-53.79916,-26.00131],[-53.7939,-25.99904],[-53.7929,-26.00651],[-53.7803,-26.00846],[-53.78373,-26.0132],[-53.77656,-26.01659],[-53.78077,-26.02185],[-53.77272,-26.02432],[-53.77164,-26.03151],[-53.76326,-26.03623],[-53.75678,-26.03231],[-53.75512,-26.04265],[-53.75299,-26.03771],[-53.74605,-26.045],[-53.73728,-26.04143],[-53.72672,-26.06482],[-53.73789,-26.07163],[-53.74258,-26.08177],[-53.74429,-26.11624],[-53.7252,-26.12833],[-53.7104,-26.13053],[-53.70011,-26.1528],[-53.68218,-26.16208],[-53.65787,-26.19259],[-53.65033,-26.19473],[-53.65316,-26.20533],[-53.64127,-26.21388],[-53.65351,-26.2351],[-53.63738,-26.24968],[-53.64619,-26.24837],[-53.6417,-26.2601],[-53.64562,-26.28607],[-53.65703,-26.29684],[-53.66145,-26.3116],[-53.67078,-26.31943],[-53.66947,-26.32488],[-53.67412,-26.32447],[-53.67124,-26.3307],[-53.67746,-26.33076],[-53.67704,-26.33638],[-53.68574,-26.33537],[-53.68946,-26.35396],[-53.69644,-26.35529],[-53.69004,-26.36003],[-53.70132,-26.3667],[-53.69736,-26.37896],[-53.70143,-26.38896],[-53.71005,-26.38796],[-53.69662,-26.40209],[-53.70625,-26.40879],[-53.70545,-26.41638],[-53.69844,-26.41563],[-53.69379,-26.43011],[-53.68733,-26.43085],[-53.6884,-26.44342],[-53.70425,-26.44186],[-53.69693,-26.45491],[-53.69828,-26.4696],[-53.70482,-26.46346],[-53.71534,-26.47112],[-53.70702,-26.48139],[-53.70219,-26.47343],[-53.69587,-26.47524],[-53.7001,-26.47882],[-53.69595,-26.49044],[-53.70518,-26.49345],[-53.70889,-26.50113],[-53.70521,-26.509],[-53.72949,-26.50148],[-53.72687,-26.52519],[-53.71686,-26.52766],[-53.72486,-26.53295],[-53.72006,-26.53816],[-53.7231,-26.54233],[-53.73165,-26.53885],[-53.74175,-26.54461],[-53.7253,-26.55428],[-53.72596,-26.55997],[-53.73587,-26.5593],[-53.73593,-26.56661],[-53.71426,-26.55646],[-53.70754,-26.56092],[-53.72206,-26.56213],[-53.72462,-26.58903],[-53.73279,-26.58648],[-53.72922,-26.60748],[-53.73544,-26.60987],[-53.72926,-26.62019],[-53.73294,-26.63075],[-53.74068,-26.62978],[-53.73983,-26.64408],[-53.75094,-26.63524],[-53.75953,-26.64114],[-53.74522,-26.64757],[-53.73469,-26.64555],[-53.72634,-26.65878],[-53.72492,-26.64772],[-53.72009,-26.65095],[-53.71891,-26.66756],[-53.72656,-26.66715],[-53.73161,-26.67778],[-53.7182,-26.68026],[-53.71737,-26.68469],[-53.72876,-26.69218],[-53.74347,-26.68153],[-53.73267,-26.70147],[-53.73444,-26.71702],[-53.7473,-26.71969],[-53.75411,-26.70975],[-53.75795,-26.72029],[-53.74272,-26.73108],[-53.7501,-26.74071],[-53.7357,-26.74083],[-53.73176,-26.73089],[-53.72866,-26.74039],[-53.71395,-26.75234],[-53.72876,-26.76518],[-53.74363,-26.76377],[-53.73022,-26.77381],[-53.71599,-26.77311],[-53.7134,-26.76621],[-53.69928,-26.76879],[-53.71702,-26.7812],[-53.70864,-26.7981],[-53.70038,-26.79743],[-53.69716,-26.81226],[-53.71053,-26.8128],[-53.68841,-26.83777],[-53.69606,-26.84283],[-53.69429,-26.84757],[-53.67912,-26.84249],[-53.66001,-26.86001],[-53.66491,-26.86428],[-53.69666,-26.85918],[-53.67997,-26.86973],[-53.68955,-26.87458],[-53.69561,-26.88689],[-53.67089,-26.89467],[-53.67939,-26.90243],[-53.67903,-26.90959],[-53.67267,-26.91295],[-53.69686,-26.92922],[-53.67169,-26.94129],[-53.67265,-26.94563],[-53.70856,-26.93375],[-53.70095,-26.95337],[-53.70318,-26.96018],[-53.71205,-26.96542],[-53.72608,-26.95882],[-53.73009,-26.97261],[-53.73696,-26.9743],[-53.71787,-26.98438],[-53.71785,-26.99019],[-53.72476,-26.99406],[-53.74357,-26.99197],[-53.73174,-27.00439],[-53.74033,-27.0146],[-53.75271,-27.00497],[-53.76352,-27.00839],[-53.75863,-27.01773],[-53.74965,-27.02173],[-53.74725,-27.03218],[-53.75938,-27.03425],[-53.764,-27.04536],[-53.77688,-27.02931],[-53.78557,-27.02635],[-53.77628,-27.04987],[-53.75943,-27.0643],[-53.77035,-27.06693],[-53.79154,-27.04292],[-53.8023,-27.04031],[-53.79702,-27.06006],[-53.78474,-27.07138],[-53.7717,-27.07363],[-53.78171,-27.07875],[-53.7974,-27.06608],[-53.8054,-27.07861],[-53.80182,-27.08599],[-53.77635,-27.10343],[-53.79543,-27.11037],[-53.81191,-27.09784],[-53.81864,-27.10216],[-53.80697,-27.11087],[-53.80444,-27.12267],[-53.81551,-27.12963],[-53.82452,-27.12668],[-53.82469,-27.13236],[-53.81795,-27.13998],[-53.79904,-27.13656],[-53.79887,-27.14644],[-53.82793,-27.14575],[-53.83693,-27.15417],[-53.83257,-27.16461],[-53.8367,-27.16966],[-53.86124,-27.1285],[-53.8734,-27.12593],[-53.88243,-27.13107],[-53.89745,-27.16996],[-53.91063,-27.17681],[-53.93303,-27.15655],[-53.95181,-27.15283],[-53.95994,-27.16022],[-53.96075,-27.19613],[-54.00843,-27.19929],[-54.01574,-27.21439],[-54.02005,-27.24676],[-54.02696,-27.25511],[-54.05513,-27.26366],[-54.07227,-27.29114],[-54.08446,-27.29978],[-54.10182,-27.30318],[-54.15412,-27.29688],[-54.15887,-27.29202],[-54.15725,-27.26184],[-54.16482,-27.25378],[-54.17328,-27.25499],[-54.18973,-27.27569],[-54.19227,-27.30667],[-54.21163,-27.34577],[-54.21475,-27.38352],[-54.22878,-27.39226],[-54.26279,-27.39876],[-54.2694,-27.41542],[-54.26779,-27.43705],[-54.28157,-27.44719],[-54.29452,-27.44469],[-54.30848,-27.42299],[-54.33828,-27.40304],[-54.34517,-27.4256],[-54.33442,-27.45313],[-54.34188,-27.4657],[-54.35334,-27.46627],[-54.37118,-27.44949],[-54.39645,-27.41269],[-54.41316,-27.40652],[-54.43354,-27.42308],[-54.4617,-27.42326],[-54.46987,-27.42772],[-54.46659,-27.44118],[-54.44225,-27.46188],[-54.44635,-27.47415],[-54.46723,-27.48047],[-54.50428,-27.48183],[-54.52123,-27.50385],[-54.53019,-27.50656],[-54.55889,-27.46501],[-54.57156,-27.4544],[-54.58166,-27.45341],[-54.59074,-27.461],[-54.59387,-27.48383],[-54.62228,-27.54204],[-54.64221,-27.54446],[-54.65868,-27.51092],[-54.66915,-27.50549],[-54.67791,-27.51025],[-54.67967,-27.52762],[-54.67134,-27.56103],[-54.67577,-27.57288],[-54.68367,-27.57497],[-54.73007,-27.56174],[-54.74296,-27.56227],[-54.76195,-27.58383],[-54.77447,-27.58511],[-54.78565,-27.57626],[-54.79402,-27.53747],[-54.80197,-27.53091],[-54.81287,-27.53262],[-54.82836,-27.56078],[-54.8468,-27.62028],[-54.86027,-27.62913],[-54.8903,-27.62742],[-54.90505,-27.63865],[-54.90281,-27.72102],[-54.92894,-27.754],[-54.93624,-27.77187],[-54.95576,-27.7783],[-54.98549,-27.77153],[-55.00828,-27.79762],[-55.02449,-27.79464],[-55.0432,-27.7748],[-55.05593,-27.77005],[-55.07693,-27.77657],[-55.08394,-27.78597],[-55.08304,-27.79705],[-55.02502,-27.83257],[-55.02369,-27.8439],[-55.03273,-27.85675],[-55.08855,-27.84233],[-55.10849,-27.84742],[-55.1252,-27.8588],[-55.12458,-27.88735],[-55.13438,-27.89615],[-55.17602,-27.85832],[-55.1893,-27.85575],[-55.20491,-27.86108],[-55.22842,-27.88094],[-55.26421,-27.92889],[-55.27901,-27.93265],[-55.31013,-27.92161],[-55.3226,-27.92442],[-55.33221,-27.9327],[-55.33902,-27.9663],[-55.38356,-27.98119],[-55.38313,-27.99409],[-55.36986,-28.01418],[-55.37046,-28.02845],[-55.3816,-28.03962],[-55.42278,-28.06097],[-55.44498,-28.09721],[-55.46106,-28.09741],[-55.48343,-28.07763],[-55.49551,-28.07919],[-55.5131,-28.11387],[-55.54009,-28.12285],[-55.55079,-28.15857],[-55.55993,-28.16422],[-55.58777,-28.14614],[-55.58653,-28.11987],[-55.60756,-28.1163],[-55.6167,-28.12534],[-55.62473,-28.16489],[-55.63225,-28.17678],[-55.65607,-28.18445],[-55.69811,-28.22103],[-55.7752,-28.24438],[-55.78277,-28.25629],[-55.77448,-28.27252],[-55.73287,-28.28582],[-55.66994,-28.33076],[-55.66859,-28.34161],[-55.68895,-28.38669],[-55.69029,-28.41284],[-55.69633,-28.42316],[-55.70409,-28.4268],[-55.7175,-28.42216],[-55.73216,-28.38435],[-55.75745,-28.36859],[-55.80336,-28.36614],[-55.85124,-28.35497],[-55.8783,-28.36116],[-55.90303,-28.4081],[-55.88166,-28.46624],[-55.88236,-28.47771],[-55.94586,-28.49367],[-55.98837,-28.49812],[-56.00865,-28.506],[-56.02202,-28.51988],[-56.02567,-28.53596],[-56.02452,-28.54528],[-56.00227,-28.57849],[-56.00189,-28.59589],[-56.0076,-28.60495],[-56.023,-28.61605],[-56.05561,-28.62808],[-56.11857,-28.68168],[-56.18552,-28.77],[-56.25915,-28.77832],[-56.29437,-28.79771],[-56.30121,-28.81552],[-56.29712,-28.87339],[-56.30195,-28.90111],[-56.33755,-28.93459],[-56.39048,-28.95513],[-56.40991,-28.97765],[-56.41548,-29.0007],[-56.40053,-29.01685],[-56.39877,-29.02581],[-56.41953,-29.07898],[-56.50715,-29.09255],[-56.5457,-29.11586],[-56.57021,-29.11455],[-56.5915,-29.12431],[-56.6055,-29.1624],[-56.64541,-29.1993],[-56.65366,-29.22651],[-56.64958,-29.27241],[-56.67841,-29.32286],[-56.70394,-29.36224],[-56.7522,-29.37214],[-56.76746,-29.38256],[-56.77841,-29.40901],[-56.77717,-29.43349],[-56.80248,-29.45522],[-56.81383,-29.48199],[-56.89992,-29.53339],[-56.93105,-29.57233],[-56.94977,-29.58264],[-56.96958,-29.60502],[-56.96824,-29.63911],[-57.00587,-29.65612],[-57.03018,-29.69176],[-57.11022,-29.757],[-57.14266,-29.77427],[-57.1699,-29.78116],[-57.22995,-29.77916],[-57.28946,-29.82535],[-57.32783,-29.88326],[-57.32604,-29.96501],[-57.34293,-30],[-57.40854,-30.03202],[-57.44589,-30.07164],[-57.47024,-30.1162],[-57.53264,-30.15666],[-57.58812,-30.17945],[-57.62401,-30.17439],[-57.64134,-30.17884],[-57.65314,-30.19456],[-57.65186,-30.20179],[-57.62512,-30.23317],[-57.61524,-30.25447],[-57.64292,-30.34191],[-57.72305,-30.40044],[-57.76782,-30.41832],[-57.78776,-30.44267],[-57.84402,-30.4693],[-57.88961,-30.51068],[-57.88974,-30.51607],[-57.8856,-30.51245],[-57.88488,-30.51659],[-57.88891,-30.5252],[-57.8873,-30.58757],[-57.84794,-30.61853],[-57.84337,-30.65955],[-57.80897,-30.69527],[-57.81141,-30.75285],[-57.7974,-30.78271],[-57.80671,-30.82258],[-57.79979,-30.85698],[-57.82181,-30.90783],[-57.83211,-30.91718],[-57.84697,-30.91984],[-57.8918,-30.90695],[-57.9076,-30.91182],[-57.9149,-30.92056],[-57.91284,-30.93373],[-57.89566,-30.95275],[-57.88432,-30.98781],[-57.8666,-31.01343],[-57.86148,-31.03439],[-57.87133,-31.07034],[-57.91907,-31.12991],[-57.91226,-31.17793],[-57.91425,-31.21716],[-57.93837,-31.27534],[-57.98132,-31.31969],[-57.98185,-31.33579],[-57.99714,-31.36172],[-57.97923,-31.37901],[-57.98049,-31.39044],[-58.05958,-31.43513],[-58.08239,-31.45783],[-58.07827,-31.48881],[-58.02796,-31.51274],[-58.00379,-31.53191],[-58.00451,-31.54524],[-57.98064,-31.58105],[-58.01285,-31.68673],[-58.03505,-31.71882],[-58.03833,-31.75954],[-58.08614,-31.82114],[-58.19024,-31.85298],[-58.20681,-31.87165],[-58.19134,-31.92035],[-58.16871,-31.93209],[-58.15704,-31.95252],[-58.15113,-31.98263],[-58.1383,-32.00184],[-58.14314,-32.06056],[-58.15159,-32.07746],[-58.1674,-32.09138],[-58.18333,-32.1592],[-58.10492,-32.24451],[-58.09988,-32.26001],[-58.10089,-32.30352],[-58.12299,-32.34],[-58.16828,-32.3605],[-58.18336,-32.37667],[-58.20459,-32.462],[-58.18743,-32.51611],[-58.18739,-32.53287],[-58.16058,-32.57078],[-58.16071,-32.59495],[-58.14505,-32.67113],[-58.14963,-32.73488],[-58.1198,-32.81523],[-58.12436,-32.83542],[-58.1153,-32.88288],[-58.11558,-32.91977],[-58.08732,-32.9589],[-58.0843,-33.0013],[-58.0989,-33.02039],[-58.13937,-33.0406],[-58.17596,-33.07689],[-58.25605,-33.10238],[-58.31164,-33.10537],[-58.36182,-33.12099],[-58.40424,-33.17962],[-58.40993,-33.23494],[-58.39047,-33.27912],[-58.39719,-33.31377],[-58.43171,-33.36333],[-58.43112,-33.41272],[-58.44315,-33.44808],[-58.4339,-33.49916],[-58.44501,-33.54105],[-58.48004,-33.56597],[-58.49477,-33.58558],[-58.47535,-33.65024],[-58.44732,-33.68788],[-58.43437,-33.72189],[-58.43777,-33.76042],[-58.42359,-33.91635],[-58.40478,-33.96393],[-58.38739,-33.98541],[-58.4162,-34.00269],[-58.4129,-34.01093],[-58.39862,-34.01489],[-58.36218,-34.0545],[-58.3631,-34.11688],[-58.37329,-34.15808],[-58.37109,-34.17169],[-58.35541,-34.19031],[-58.36108,-34.19409],[-58.36719,-34.1889],[-58.36798,-34.19781],[-58.38232,-34.20331],[-58.3772,-34.20941],[-58.3866,-34.22022],[-58.40362,-34.22522],[-58.39862,-34.23468],[-58.40472,-34.2395],[-58.40399,-34.25079],[-58.41669,-34.2644],[-58.4527,-34.26331],[-58.4563,-34.27118],[-58.4696,-34.27448],[-58.50189,-34.26477],[-58.5144,-34.271],[-58.5,-34.28827],[-58.50958,-34.29498],[-58.51038,-34.30878],[-58.48499,-34.3346],[-58.45453,-34.38849],[-58.46503,-34.37488],[-58.46588,-34.38562],[-58.48291,-34.38458],[-58.495,-34.40692],[-58.50537,-34.4079],[-58.5025,-34.4198],[-58.51147,-34.4187],[-58.50879,-34.42908],[-58.51504,-34.447],[-58.50466,-34.44989],[-58.48206,-34.47884],[-58.46773,-34.52294],[-58.45555,-34.52749],[-58.44864,-34.53737],[-58.43603,-34.54045],[-58.4256,-34.55226],[-58.40944,-34.55668],[-58.38537,-34.57632],[-58.3913,-34.57038],[-58.38142,-34.56834],[-58.37815,-34.57278],[-58.38359,-34.57339],[-58.36164,-34.58116],[-58.36616,-34.58353],[-58.35947,-34.58809],[-58.3679,-34.59003],[-58.36796,-34.59746],[-58.35666,-34.59488],[-58.34685,-34.60236],[-58.33978,-34.61485],[-58.34526,-34.61875],[-58.33837,-34.6187],[-58.33515,-34.62699],[-58.34533,-34.62867],[-58.33312,-34.63506],[-58.33285,-34.64473],[-58.30407,-34.66562],[-58.23015,-34.70138],[-58.23135,-34.70555],[-58.21125,-34.71755],[-58.19802,-34.73577],[-58.16587,-34.74778],[-58.11299,-34.7517],[-58.05376,-34.7766],[-58.01447,-34.78067],[-57.99923,-34.78864],[-57.95977,-34.82563],[-57.94642,-34.82956],[-57.94734,-34.83348],[-57.87374,-34.82616],[-57.8626,-34.84093],[-57.81692,-34.86704],[-57.75102,-34.91493],[-57.72127,-34.92761],[-57.67484,-34.93617],[-57.59331,-34.99397],[-57.50846,-35.02471],[-57.35324,-35.14675],[-57.27491,-35.22774],[-57.22306,-35.27315],[-57.17914,-35.34846],[-57.14704,-35.38978],[-57.13061,-35.42195],[-57.12794,-35.44576],[-57.15247,-35.4951],[-57.23538,-35.57707],[-57.31959,-35.6878],[-57.34661,-35.71504],[-57.36474,-35.74477],[-57.3702,-35.78897],[-57.38972,-35.85317],[-57.38396,-35.87705],[-57.38694,-35.90228],[-57.38081,-35.90316],[-57.38108,-35.91208],[-57.37525,-35.90831],[-57.3814,-35.92511],[-57.37253,-35.9443],[-57.3767,-35.94976],[-57.36881,-35.9511],[-57.37313,-35.95871],[-57.38144,-35.95672],[-57.38245,-35.96674],[-57.37094,-35.97013],[-57.3525,-36.00668],[-57.35547,-36.01076],[-57.34706,-36.01681],[-57.35152,-36.01447],[-57.35003,-36.02041],[-57.35455,-36.02018],[-57.35106,-36.02747],[-57.33953,-36.02699],[-57.32184,-36.05298],[-57.30366,-36.09449],[-57.28034,-36.12474],[-57.27924,-36.13759],[-57.26658,-36.1379],[-57.23321,-36.1785],[-57.12682,-36.26288],[-57.12914,-36.268],[-57.1153,-36.27069],[-57.11519,-36.28015],[-57.10781,-36.27583],[-57.01344,-36.32824],[-56.97163,-36.33436],[-56.9269,-36.3334],[-56.90477,-36.33819],[-56.86236,-36.32869],[-56.81379,-36.33464],[-56.77407,-36.32139],[-56.77683,-36.29308],[-56.75674,-36.30039],[-56.74005,-36.31443],[-56.71594,-36.3556],[-56.69839,-36.42655],[-56.67375,-36.70961],[-56.67571,-36.81506],[-56.66581,-36.86221],[-56.66795,-36.88435],[-56.81113,-37.05866],[-56.88257,-37.15692],[-56.98985,-37.28849],[-57.06263,-37.40853],[-57.1255,-37.49278],[-57.25687,-37.61139],[-57.41121,-37.73484],[-57.49156,-37.82824],[-57.51441,-37.86948],[-57.52495,-37.92574],[-57.54141,-37.96849],[-57.54425,-37.99013],[-57.539,-38.00517],[-57.52402,-38.01662],[-57.53149,-38.03149],[-57.52238,-38.03712],[-57.53326,-38.03197],[-57.54075,-38.04619],[-57.53486,-38.04594],[-57.54033,-38.0485],[-57.5345,-38.0503],[-57.51778,-38.03897],[-57.53056,-38.04787],[-57.53973,-38.06422],[-57.54128,-38.07683],[-57.53547,-38.08128],[-57.54487,-38.10059],[-57.59321,-38.11894],[-57.63655,-38.17319],[-57.68337,-38.20587],[-57.81897,-38.2663],[-57.83304,-38.27686],[-57.83588,-38.28676],[-57.85273,-38.2964],[-57.95705,-38.33172],[-58.05604,-38.38011],[-58.24193,-38.4469],[-58.27845,-38.46497],[-58.43254,-38.51241],[-58.49687,-38.53725],[-58.68954,-38.57454],[-58.69544,-38.57815],[-58.69767,-38.58366],[-58.68946,-38.58794],[-58.69798,-38.58383],[-58.7022,-38.58098],[-58.72809,-38.58524],[-58.78743,-38.60402],[-58.82769,-38.62261],[-58.92179,-38.64606],[-58.9457,-38.65796],[-59.00561,-38.67182],[-59.01245,-38.67859],[-59.11309,-38.70077],[-59.30404,-38.72892],[-59.38244,-38.74528],[-59.39326,-38.75207],[-59.68597,-38.79627],[-59.78892,-38.82642],[-60.11666,-38.86577],[-60.27597,-38.89003],[-60.44975,-38.92299],[-60.6923,-38.94955],[-60.85103,-38.97959],[-61.01359,-38.9815],[-61.14321,-39.00007],[-61.28834,-38.98969],[-61.37978,-38.98833],[-61.53288,-39.00361],[-61.60652,-39.00406],[-61.66966,-38.98989],[-61.69429,-38.96794],[-61.7067,-38.96547],[-61.74998,-38.97399],[-61.79332,-38.99301],[-61.81209,-38.9926],[-61.85876,-38.97953],[-61.86648,-38.96904],[-61.89809,-38.96796],[-61.9474,-38.95263],[-61.99303,-38.94575],[-62.06741,-38.9199],[-62.07341,-38.92511],[-62.07367,-38.90744],[-62.09459,-38.90054],[-62.09235,-38.89543],[-62.10052,-38.90433],[-62.11028,-38.8846],[-62.10731,-38.86615],[-62.14868,-38.82271],[-62.16595,-38.81203],[-62.18009,-38.81919],[-62.18833,-38.80531],[-62.21244,-38.79814],[-62.22325,-38.80961],[-62.2356,-38.80425],[-62.23136,-38.79263],[-62.23627,-38.78919],[-62.2496,-38.79576],[-62.25905,-38.78913],[-62.26177,-38.79353],[-62.3001,-38.78534],[-62.3083,-38.7474],[-62.32605,-38.74997],[-62.31194,-38.73774],[-62.32941,-38.72524],[-62.35291,-38.71759],[-62.37527,-38.72488],[-62.37953,-38.72171],[-62.37863,-38.72669],[-62.36949,-38.72909],[-62.37288,-38.74154],[-62.38025,-38.73881],[-62.38058,-38.73087],[-62.38518,-38.73479],[-62.38183,-38.74144],[-62.39715,-38.74136],[-62.39766,-38.74634],[-62.4008,-38.73387],[-62.40483,-38.7416],[-62.4061,-38.73738],[-62.41401,-38.74172],[-62.41936,-38.73526],[-62.44259,-38.73462],[-62.44403,-38.74162],[-62.46308,-38.73938],[-62.47776,-38.75034],[-62.49653,-38.73781],[-62.50413,-38.7383],[-62.50389,-38.74428],[-62.49502,-38.74619],[-62.51091,-38.75773],[-62.51037,-38.76421],[-62.48767,-38.77118],[-62.48839,-38.79006],[-62.47022,-38.80409],[-62.47636,-38.78435],[-62.46793,-38.79013],[-62.46026,-38.777],[-62.43164,-38.78357],[-62.42071,-38.77314],[-62.41625,-38.7745],[-62.41729,-38.78542],[-62.41214,-38.78614],[-62.40515,-38.77695],[-62.40652,-38.76645],[-62.40155,-38.76752],[-62.40078,-38.78254],[-62.39325,-38.77837],[-62.38243,-38.78081],[-62.38323,-38.78649],[-62.37906,-38.78474],[-62.37588,-38.79072],[-62.37151,-38.78977],[-62.37362,-38.76921],[-62.35289,-38.76951],[-62.36815,-38.7751],[-62.3636,-38.77662],[-62.36883,-38.78096],[-62.36161,-38.78402],[-62.36048,-38.77599],[-62.344,-38.77361],[-62.34379,-38.78007],[-62.35685,-38.78765],[-62.34293,-38.79197],[-62.34058,-38.80208],[-62.32725,-38.78965],[-62.31128,-38.79536],[-62.31402,-38.79964],[-62.30613,-38.79941],[-62.32966,-38.81191],[-62.33909,-38.80935],[-62.33722,-38.81446],[-62.35224,-38.80269],[-62.35381,-38.81512],[-62.35685,-38.81048],[-62.36149,-38.81313],[-62.35946,-38.80447],[-62.37166,-38.7993],[-62.36559,-38.81524],[-62.37927,-38.80123],[-62.38305,-38.8051],[-62.37502,-38.81149],[-62.3854,-38.81027],[-62.39727,-38.79561],[-62.38867,-38.80923],[-62.39807,-38.80426],[-62.38852,-38.81503],[-62.3992,-38.81197],[-62.40354,-38.81393],[-62.39406,-38.81866],[-62.41401,-38.8175],[-62.40176,-38.82276],[-62.39334,-38.82068],[-62.38733,-38.83088],[-62.39531,-38.83445],[-62.38716,-38.83806],[-62.38683,-38.82776],[-62.37785,-38.83171],[-62.38347,-38.82692],[-62.37579,-38.82564],[-62.3706,-38.83073],[-62.3755,-38.83356],[-62.37031,-38.8337],[-62.37195,-38.84367],[-62.36272,-38.84546],[-62.36969,-38.83209],[-62.36079,-38.82668],[-62.34707,-38.83965],[-62.3479,-38.84641],[-62.33605,-38.83644],[-62.32615,-38.83818],[-62.33857,-38.84327],[-62.33414,-38.85134],[-62.34205,-38.85572],[-62.34419,-38.86489],[-62.35195,-38.86304],[-62.34845,-38.8702],[-62.3391,-38.87009],[-62.33919,-38.88472],[-62.32825,-38.88417],[-62.32053,-38.90427],[-62.32574,-38.90552],[-62.33432,-38.93501],[-62.3427,-38.93949],[-62.34571,-38.95031],[-62.32174,-38.96844],[-62.31993,-38.98874],[-62.31406,-38.9913],[-62.32137,-38.99575],[-62.30038,-38.9934],[-62.31694,-39.00299],[-62.30435,-39.0133],[-62.30452,-39.02812],[-62.29928,-39.02501],[-62.30661,-39.05289],[-62.33931,-39.07921],[-62.341,-39.09057],[-62.35416,-39.10111],[-62.33055,-39.11658],[-62.3344,-39.11917],[-62.33921,-39.11301],[-62.35202,-39.113],[-62.34657,-39.12528],[-62.33234,-39.1325],[-62.34223,-39.16295],[-62.33119,-39.16906],[-62.32946,-39.18481],[-62.31089,-39.21097],[-62.28414,-39.22581],[-62.28637,-39.23329],[-62.28279,-39.22732],[-62.26498,-39.23393],[-62.26029,-39.23124],[-62.23741,-39.25159],[-62.24607,-39.25425],[-62.26689,-39.24871],[-62.28601,-39.25667],[-62.30106,-39.25135],[-62.30169,-39.24504],[-62.30441,-39.24927],[-62.30886,-39.2473],[-62.30991,-39.25498],[-62.31849,-39.25656],[-62.31228,-39.25875],[-62.31689,-39.26609],[-62.29999,-39.27086],[-62.27937,-39.2657],[-62.24196,-39.27449],[-62.21657,-39.27467],[-62.15346,-39.29192],[-62.12989,-39.29272],[-62.06229,-39.31983],[-62.04077,-39.34913],[-62.0216,-39.35457],[-62.01379,-39.36487],[-62.0112,-39.35753],[-62.00921,-39.36749],[-62.01237,-39.38407],[-62.03181,-39.39358],[-62.04423,-39.38881],[-62.08559,-39.39011],[-62.16746,-39.33112],[-62.18501,-39.29836],[-62.19994,-39.3074],[-62.2299,-39.2966],[-62.25247,-39.30472],[-62.25982,-39.29952],[-62.2765,-39.30249],[-62.2885,-39.29864],[-62.27715,-39.30675],[-62.2859,-39.31732],[-62.27432,-39.30899],[-62.26056,-39.31543],[-62.28683,-39.32293],[-62.25982,-39.32229],[-62.2569,-39.32624],[-62.26587,-39.32826],[-62.27993,-39.32586],[-62.27551,-39.3368],[-62.25923,-39.34209],[-62.26261,-39.34723],[-62.249,-39.3463],[-62.24667,-39.34989],[-62.23881,-39.3452],[-62.23029,-39.34744],[-62.23496,-39.34944],[-62.23032,-39.35301],[-62.22861,-39.34904],[-62.21495,-39.35272],[-62.20312,-39.34685],[-62.20383,-39.35146],[-62.21243,-39.35275],[-62.20348,-39.35282],[-62.21157,-39.36093],[-62.21987,-39.35589],[-62.21749,-39.36167],[-62.23931,-39.36019],[-62.22468,-39.36372],[-62.22968,-39.36931],[-62.213,-39.36433],[-62.21326,-39.37074],[-62.19418,-39.37697],[-62.19907,-39.39854],[-62.21297,-39.39597],[-62.20759,-39.40104],[-62.19531,-39.39892],[-62.19243,-39.38226],[-62.18044,-39.38769],[-62.18044,-39.39697],[-62.17904,-39.38645],[-62.16707,-39.37527],[-62.16248,-39.38205],[-62.17223,-39.39077],[-62.16615,-39.38788],[-62.16403,-39.39746],[-62.16292,-39.38455],[-62.14986,-39.38002],[-62.14719,-39.39781],[-62.16049,-39.40004],[-62.148,-39.40286],[-62.14341,-39.39519],[-62.13416,-39.39793],[-62.04538,-39.44834],[-62.06998,-39.50289],[-62.06647,-39.50566],[-62.08958,-39.5401],[-62.09294,-39.57347],[-62.11906,-39.66255],[-62.09931,-39.68561],[-62.10621,-39.66684],[-62.09362,-39.67281],[-62.09223,-39.67983],[-62.12271,-39.70767],[-62.11177,-39.70607],[-62.12491,-39.74224],[-62.12539,-39.78661],[-62.11569,-39.83564],[-62.11944,-39.84571],[-62.13604,-39.84746],[-62.14924,-39.83432],[-62.14421,-39.83026],[-62.15349,-39.83632],[-62.16209,-39.82893],[-62.21406,-39.84264],[-62.22723,-39.83497],[-62.23655,-39.81698],[-62.25746,-39.81659],[-62.2626,-39.8254],[-62.27671,-39.81903],[-62.27659,-39.82412],[-62.29633,-39.82736],[-62.28862,-39.84578],[-62.26642,-39.85281],[-62.2661,-39.85906],[-62.27067,-39.86391],[-62.28619,-39.86134],[-62.30022,-39.86759],[-62.30358,-39.86202],[-62.31193,-39.87644],[-62.31368,-39.90082],[-62.32421,-39.90303],[-62.33109,-39.91577],[-62.32385,-39.94022],[-62.32874,-39.95435],[-62.34145,-39.96007],[-62.32881,-39.97748],[-62.33484,-39.98637],[-62.33245,-40.01064],[-62.34394,-40.03652],[-62.34119,-40.05943],[-62.35187,-40.07],[-62.34003,-40.09718],[-62.34103,-40.12645],[-62.32765,-40.15136],[-62.34125,-40.17992],[-62.33889,-40.18688],[-62.34485,-40.19719],[-62.37098,-40.2109],[-62.38939,-40.22842],[-62.42444,-40.23559],[-62.44543,-40.24994],[-62.45303,-40.26979],[-62.48819,-40.30084],[-62.48662,-40.33103],[-62.47263,-40.35117],[-62.4677,-40.35092],[-62.46185,-40.37322],[-62.45118,-40.3814],[-62.44686,-40.40788],[-62.42102,-40.42862],[-62.42576,-40.45185],[-62.41895,-40.46367],[-62.40442,-40.46863],[-62.37451,-40.49108],[-62.35952,-40.49522],[-62.34467,-40.49261],[-62.32037,-40.50485],[-62.31601,-40.51292],[-62.32264,-40.51504],[-62.32292,-40.53131],[-62.31897,-40.53736],[-62.2987,-40.54202],[-62.28871,-40.5513],[-62.28335,-40.56032],[-62.28654,-40.56941],[-62.27978,-40.57219],[-62.26215,-40.56296],[-62.26165,-40.57852],[-62.25837,-40.57331],[-62.25511,-40.57707],[-62.25359,-40.55259],[-62.31629,-40.53538],[-62.31845,-40.52641],[-62.24126,-40.54509],[-62.18194,-40.57683],[-62.17273,-40.58447],[-62.17002,-40.59654],[-62.17454,-40.63753],[-62.23231,-40.68791],[-62.23526,-40.7082],[-62.25727,-40.74133],[-62.31043,-40.86958],[-62.39397,-40.913],[-62.53365,-40.95126],[-62.65988,-41.00614],[-62.71099,-41.03786],[-62.746,-41.03732],[-62.78689,-41.02275],[-62.8324,-41.05621],[-62.86731,-41.0722],[-62.99298,-41.1095],[-63.0437,-41.1402],[-63.08209,-41.15002],[-63.14392,-41.15741],[-63.22913,-41.15918],[-63.32098,-41.15112],[-63.43732,-41.16199],[-63.61762,-41.15558],[-63.77722,-41.1604],[-63.88238,-41.13251],[-63.92261,-41.0921],[-63.9585,-41.07312],[-64.11438,-41.03009],[-64.0993,-41.0249],[-64.08179,-41.02667],[-64.0816,-41.0213],[-64.10413,-41.00702],[-64.09888,-41.00177],[-64.10907,-41.00983],[-64.09589,-41.01868],[-64.112,-41.02289],[-64.20618,-41.00983],[-64.28827,-40.97229],[-64.3114,-40.95599],[-64.39508,-40.92712],[-64.40741,-40.91321],[-64.43433,-40.90399],[-64.46661,-40.90051],[-64.5412,-40.86493],[-64.67639,-40.83881],[-64.74628,-40.8186],[-64.8753,-40.82892],[-64.89789,-40.81818],[-64.90491,-40.80548],[-64.84741,-40.78278],[-64.84198,-40.78448],[-64.85663,-40.80371],[-64.84497,-40.80591],[-64.84961,-40.80951],[-64.84528,-40.81488],[-64.83801,-40.79559],[-64.84308,-40.789],[-64.83801,-40.78619],[-64.8244,-40.78809],[-64.81988,-40.7948],[-64.8081,-40.7937],[-64.79523,-40.80212],[-64.742,-40.81073],[-64.74921,-40.80518],[-64.73419,-40.80261],[-64.75378,-40.79437],[-64.74658,-40.78699],[-64.73358,-40.78693],[-64.75861,-40.76788],[-64.76941,-40.77478],[-64.76941,-40.7674],[-64.77917,-40.76691],[-64.79059,-40.78198],[-64.79748,-40.78052],[-64.79199,-40.75909],[-64.8006,-40.74829],[-64.7735,-40.7428],[-64.80627,-40.72552],[-64.82208,-40.73041],[-64.83881,-40.72082],[-64.84979,-40.72229],[-64.84741,-40.71588],[-64.8985,-40.71429],[-64.91382,-40.70972],[-64.9574,-40.71008],[-64.95648,-40.71399],[-64.94891,-40.7132],[-64.95178,-40.71979],[-64.96301,-40.72138],[-64.9715,-40.716],[-64.96417,-40.72308],[-64.96912,-40.72528],[-64.99591,-40.71692],[-64.96991,-40.72717],[-64.91669,-40.72729],[-64.92218,-40.74048],[-64.95221,-40.7431],[-64.95923,-40.74811],[-64.92438,-40.7478],[-64.8999,-40.7608],[-64.94928,-40.7558],[-65.0069,-40.76117],[-65.03851,-40.77521],[-65.06097,-40.79871],[-65.09271,-40.81457],[-65.11328,-40.83209],[-65.12891,-40.85681],[-65.12518,-40.88129],[-65.14972,-40.909],[-65.16669,-40.974],[-65.1615,-40.98248],[-65.16589,-41.0022],[-65.15729,-41.05188],[-65.1684,-41.06921],[-65.15198,-41.10651],[-65.14771,-41.1452],[-65.1543,-41.16278],[-65.13831,-41.20758],[-65.138,-41.22961],[-65.12183,-41.2533],[-65.11713,-41.28369],[-65.09888,-41.32141],[-65.10162,-41.33569],[-65.09271,-41.34711],[-65.08899,-41.36859],[-65.07861,-41.37842],[-65.08191,-41.38483],[-65.07361,-41.39221],[-65.07361,-41.41522],[-65.05292,-41.43182],[-65.05469,-41.44379],[-65.04388,-41.46252],[-65.02338,-41.47772],[-65.0003,-41.48608],[-64.98792,-41.51752],[-64.99219,-41.54419],[-65.00153,-41.54761],[-65.00671,-41.55731],[-64.9989,-41.57361],[-64.98639,-41.57678],[-64.99719,-41.57629],[-65.01648,-41.61029],[-65.02649,-41.61121],[-65.02539,-41.604],[-65.03351,-41.59448],[-65.03717,-41.59882],[-65.0354,-41.60541],[-65.02759,-41.6048],[-65.02899,-41.6134],[-65.02271,-41.61841],[-65.02722,-41.67322],[-65.0235,-41.6936],[-65.01599,-41.69537],[-65.02338,-41.7038],[-65.021,-41.73322],[-64.99841,-41.77069],[-65.01269,-41.77972],[-65.01587,-41.83221],[-65.03967,-41.83087],[-65.0473,-41.83728],[-65.04907,-41.8634],[-65.03711,-41.87299],[-65.05933,-41.88568],[-65.0567,-41.9007],[-65.0661,-41.90558],[-65.06152,-41.9342],[-65.07458,-41.96509],[-65.06818,-41.9826],[-65.06852,-42.01478],[-65.04265,-42.06032],[-65.01399,-42.09338],[-64.9693,-42.13124],[-64.90525,-42.16956],[-64.85705,-42.18883],[-64.82081,-42.19861],[-64.80069,-42.1957],[-64.74,-42.2141],[-64.69683,-42.21623],[-64.61417,-42.23079],[-64.46421,-42.23952],[-64.50856,-42.27701],[-64.54308,-42.29308],[-64.55856,-42.30745],[-64.56724,-42.32117],[-64.56996,-42.34679],[-64.59337,-42.36911],[-64.59537,-42.38484],[-64.61774,-42.39472],[-64.61881,-42.41503],[-64.6101,-42.42638],[-64.58529,-42.42699],[-64.57287,-42.42135],[-64.57201,-42.42781],[-64.55767,-42.43202],[-64.54296,-42.42567],[-64.54028,-42.41928],[-64.52808,-42.42813],[-64.49535,-42.42984],[-64.48557,-42.41546],[-64.48514,-42.43131],[-64.47725,-42.4383],[-64.45325,-42.4353],[-64.43855,-42.43981],[-64.42822,-42.43948],[-64.41005,-42.42892],[-64.38453,-42.42919],[-64.36999,-42.42217],[-64.3517,-42.42568],[-64.30154,-42.40394],[-64.28935,-42.41509],[-64.24734,-42.41488],[-64.21531,-42.42211],[-64.19142,-42.41583],[-64.12425,-42.42966],[-64.0991,-42.40389],[-64.05684,-42.38266],[-64.04304,-42.3513],[-64.04532,-42.34183],[-64.07016,-42.33308],[-64.04965,-42.32422],[-64.04484,-42.31542],[-64.04946,-42.29182],[-64.05903,-42.2753],[-64.08982,-42.25341],[-64.10791,-42.25113],[-64.13492,-42.23933],[-64.14018,-42.24325],[-64.1574,-42.23959],[-64.185,-42.24846],[-64.20743,-42.242],[-64.22983,-42.24566],[-64.22959,-42.24123],[-64.2469,-42.23418],[-64.27075,-42.23918],[-64.27328,-42.24647],[-64.29018,-42.24438],[-64.31296,-42.25215],[-64.37875,-42.23835],[-64.14364,-42.1966],[-64.07511,-42.17833],[-64.0566,-42.16343],[-64.03928,-42.1632],[-64.02733,-42.14763],[-63.98755,-42.13745],[-63.9648,-42.11461],[-63.94291,-42.11366],[-63.93496,-42.10328],[-63.87614,-42.08415],[-63.80157,-42.07216],[-63.75945,-42.07611],[-63.7359,-42.10338],[-63.68488,-42.20726],[-63.61678,-42.28845],[-63.59855,-42.33023],[-63.60874,-42.41856],[-63.60536,-42.49261],[-63.59903,-42.50588],[-63.60412,-42.54719],[-63.59004,-42.57065],[-63.5828,-42.60735],[-63.60517,-42.62928],[-63.62225,-42.67606],[-63.63981,-42.69976],[-63.62996,-42.76463],[-63.65338,-42.7781],[-63.66242,-42.77776],[-63.67876,-42.79275],[-63.70049,-42.79642],[-63.73285,-42.81279],[-63.75055,-42.80974],[-63.79048,-42.81407],[-63.81142,-42.8234],[-63.90698,-42.83668],[-63.91872,-42.84367],[-63.95048,-42.84396],[-64.10698,-42.87847],[-64.14519,-42.87379],[-64.23993,-42.78573],[-64.26004,-42.74699],[-64.24525,-42.71247],[-64.24941,-42.68304],[-64.21119,-42.63083],[-64.21382,-42.62194],[-64.23004,-42.61425],[-64.27341,-42.61773],[-64.25683,-42.59651],[-64.25956,-42.58967],[-64.28246,-42.57325],[-64.30896,-42.58595],[-64.31046,-42.55577],[-64.3399,-42.53283],[-64.36143,-42.53395],[-64.40245,-42.51673],[-64.4646,-42.50393],[-64.49922,-42.4994],[-64.51481,-42.50195],[-64.56409,-42.49115],[-64.62917,-42.49633],[-64.68413,-42.51204],[-64.76239,-42.55249],[-64.83361,-42.61055],[-64.86078,-42.61892],[-64.88259,-42.61325],[-64.92316,-42.61684],[-64.9798,-42.64914],[-64.98938,-42.66063],[-64.99553,-42.69775],[-65.01791,-42.71105],[-65.03607,-42.73056],[-65.03538,-42.76124],[-65.01534,-42.7817],[-65.0054,-42.78458],[-64.99928,-42.77985],[-64.96759,-42.79391],[-64.95336,-42.78539],[-64.91555,-42.81159],[-64.89097,-42.81268],[-64.87743,-42.83465],[-64.81159,-42.84021],[-64.77761,-42.8578],[-64.7023,-42.88333],[-64.69324,-42.89984],[-64.62914,-42.91938],[-64.56843,-42.92464],[-64.54278,-42.91997],[-64.52358,-42.92497],[-64.49398,-42.94826],[-64.43326,-42.95065],[-64.39682,-42.95959],[-64.36824,-42.95308],[-64.33032,-42.93592],[-64.30768,-42.97916],[-64.33058,-43.00275],[-64.41309,-43.03389],[-64.45896,-43.06447],[-64.67233,-43.1227],[-64.75761,-43.1506],[-64.87973,-43.20265],[-64.97634,-43.25497],[-65.05029,-43.32828],[-65.05578,-43.35154],[-65.04349,-43.38152],[-65.05258,-43.40258],[-65.1452,-43.47333],[-65.19174,-43.52901],[-65.19401,-43.53986],[-65.25067,-43.56848],[-65.28564,-43.5976],[-65.33291,-43.6575],[-65.35118,-43.71965],[-65.35462,-43.76447],[-65.34928,-43.77614],[-65.32238,-43.78234],[-65.31119,-43.79558],[-65.3229,-43.80756],[-65.32858,-43.84567],[-65.31636,-43.86206],[-65.29942,-43.93344],[-65.27683,-43.96663],[-65.23114,-43.9727],[-65.233,-43.97962],[-65.23692,-43.97695],[-65.25199,-43.98191],[-65.25731,-43.99183],[-65.24653,-44.00843],[-65.25315,-44.01315],[-65.25158,-44.02764],[-65.22478,-44.04534],[-65.18794,-44.03546],[-65.20936,-44.04149],[-65.2176,-44.05776],[-65.23595,-44.06847],[-65.24112,-44.07782],[-65.23359,-44.1168],[-65.21595,-44.12577],[-65.2204,-44.13679],[-65.23304,-44.14576],[-65.26822,-44.14425],[-65.28769,-44.15476],[-65.30511,-44.178],[-65.31177,-44.20427],[-65.30257,-44.24453],[-65.28818,-44.26338],[-65.2702,-44.27171],[-65.27488,-44.28159],[-65.27078,-44.29881],[-65.26343,-44.30684],[-65.25301,-44.30829],[-65.26129,-44.31472],[-65.25882,-44.3273],[-65.24511,-44.33801],[-65.22741,-44.33411],[-65.22387,-44.36029],[-65.21673,-44.36674],[-65.23152,-44.37094],[-65.23619,-44.38688],[-65.26203,-44.38833],[-65.26947,-44.40639],[-65.28532,-44.4099],[-65.28607,-44.41564],[-65.27719,-44.42003],[-65.29231,-44.422],[-65.28383,-44.43036],[-65.29935,-44.43005],[-65.30112,-44.42397],[-65.31171,-44.42691],[-65.30885,-44.4425],[-65.33446,-44.456],[-65.32747,-44.46587],[-65.31114,-44.46736],[-65.3234,-44.48512],[-65.32084,-44.49074],[-65.31198,-44.49479],[-65.29775,-44.48946],[-65.28428,-44.4938],[-65.29071,-44.50335],[-65.28797,-44.50986],[-65.27833,-44.51177],[-65.27929,-44.51742],[-65.28708,-44.51314],[-65.29335,-44.5173],[-65.30079,-44.51019],[-65.30344,-44.51641],[-65.30745,-44.51293],[-65.31313,-44.51626],[-65.31629,-44.53119],[-65.32325,-44.52789],[-65.31759,-44.51587],[-65.3239,-44.50885],[-65.3526,-44.50811],[-65.35799,-44.51614],[-65.35953,-44.51168],[-65.36789,-44.5115],[-65.37747,-44.52417],[-65.37232,-44.53336],[-65.36138,-44.53303],[-65.35941,-44.53738],[-65.36762,-44.54229],[-65.38818,-44.543],[-65.39448,-44.55534],[-65.38217,-44.56748],[-65.37408,-44.56599],[-65.35822,-44.57378],[-65.36976,-44.58208],[-65.36634,-44.58735],[-65.37291,-44.58717],[-65.37627,-44.57521],[-65.38927,-44.57994],[-65.39598,-44.59284],[-65.4128,-44.57396],[-65.42324,-44.57442],[-65.42678,-44.56965],[-65.46164,-44.57578],[-65.47097,-44.58476],[-65.46339,-44.60023],[-65.4766,-44.59895],[-65.48263,-44.60549],[-65.49795,-44.60299],[-65.52097,-44.60933],[-65.54884,-44.62292],[-65.57615,-44.64832],[-65.58504,-44.64202],[-65.59557,-44.64237],[-65.63837,-44.66587],[-65.66434,-44.68642],[-65.69298,-44.72503],[-65.70261,-44.80132],[-65.71472,-44.8023],[-65.7287,-44.81158],[-65.72799,-44.82711],[-65.71924,-44.83859],[-65.72617,-44.8393],[-65.72885,-44.8484],[-65.70467,-44.87526],[-65.68989,-44.87342],[-65.68685,-44.88065],[-65.67469,-44.87937],[-65.66309,-44.89094],[-65.62844,-44.88384],[-65.62337,-44.89115],[-65.62122,-44.88573],[-65.60192,-44.89964],[-65.60488,-44.9089],[-65.59167,-44.90328],[-65.59251,-44.89724],[-65.57289,-44.89561],[-65.5743,-44.91068],[-65.56817,-44.91257],[-65.56843,-44.90244],[-65.56086,-44.90358],[-65.55627,-44.91312],[-65.54376,-44.91041],[-65.51981,-44.92974],[-65.54039,-44.92809],[-65.53639,-44.93757],[-65.54461,-44.93808],[-65.54162,-44.94138],[-65.55321,-44.9393],[-65.54905,-44.94385],[-65.55852,-44.94905],[-65.55187,-44.95006],[-65.56978,-44.95315],[-65.5709,-44.96078],[-65.59453,-44.95737],[-65.59123,-44.96418],[-65.60073,-44.96729],[-65.5937,-44.97224],[-65.60432,-44.9722],[-65.60578,-44.98186],[-65.59956,-44.98902],[-65.58937,-44.99039],[-65.593,-44.99456],[-65.58487,-44.99878],[-65.58431,-45.00667],[-65.60562,-45.00656],[-65.61358,-44.99988],[-65.62561,-45.00935],[-65.60226,-45.02715],[-65.62167,-45.03733],[-65.63635,-45.03555],[-65.64559,-45.05092],[-65.65368,-45.03929],[-65.66043,-45.04445],[-65.68216,-45.04021],[-65.6813,-45.02886],[-65.68549,-45.0401],[-65.69782,-45.04592],[-65.68511,-45.05708],[-65.68994,-45.06201],[-65.70226,-45.05206],[-65.70136,-45.04509],[-65.73686,-45.04019],[-65.73303,-45.02772],[-65.74045,-45.02396],[-65.76884,-45.02056],[-65.7722,-45.02403],[-65.77546,-45.01949],[-65.778,-45.02646],[-65.78362,-45.02465],[-65.78847,-45.03012],[-65.80941,-45.01542],[-65.81562,-45.02467],[-65.80288,-45.03116],[-65.81887,-45.04037],[-65.82872,-45.03912],[-65.83354,-45.03434],[-65.8243,-45.02702],[-65.82319,-45.01606],[-65.84653,-45.00207],[-65.87534,-45.0025],[-65.89165,-45.008],[-65.8945,-45.02285],[-65.88597,-45.02916],[-65.88686,-45.03884],[-65.91388,-45.03202],[-65.93444,-45.04944],[-65.94597,-45.04269],[-65.95807,-45.0438],[-65.9906,-45.01411],[-66.00523,-45.00547],[-66.01683,-45.00494],[-66.01969,-44.99887],[-66.02086,-45.00301],[-66.04239,-45.00044],[-66.06048,-45.00408],[-66.05884,-44.99558],[-66.06976,-44.99715],[-66.07255,-44.98977],[-66.08307,-44.98998],[-66.08597,-44.99698],[-66.09493,-44.98859],[-66.10571,-44.99236],[-66.11894,-44.98523],[-66.141,-44.99045],[-66.14746,-44.9867],[-66.14461,-44.99098],[-66.15207,-44.99059],[-66.15075,-44.99412],[-66.16227,-44.98302],[-66.17127,-44.98759],[-66.17309,-44.99815],[-66.17766,-44.98752],[-66.19461,-44.9822],[-66.20914,-44.99455],[-66.20892,-45.00276],[-66.2302,-45.00701],[-66.2257,-45.0281],[-66.2464,-45.02093],[-66.262,-45.03149],[-66.26946,-45.0468],[-66.2837,-45.04873],[-66.27881,-45.0594],[-66.28409,-45.05305],[-66.29027,-45.05728],[-66.27623,-45.06534],[-66.29545,-45.05817],[-66.28554,-45.05264],[-66.29394,-45.04593],[-66.30756,-45.05092],[-66.31527,-45.04509],[-66.32606,-45.05202],[-66.32827,-45.04337],[-66.3592,-45.03974],[-66.37461,-45.05155],[-66.36327,-45.0616],[-66.39852,-45.05312],[-66.4266,-45.07109],[-66.46526,-45.07668],[-66.49364,-45.09854],[-66.51713,-45.09694],[-66.53459,-45.11728],[-66.53302,-45.14238],[-66.52261,-45.14952],[-66.50283,-45.14435],[-66.4887,-45.14821],[-66.46506,-45.14399],[-66.45902,-45.14726],[-66.46871,-45.15238],[-66.47317,-45.16588],[-66.49319,-45.15883],[-66.4906,-45.16671],[-66.50634,-45.16475],[-66.50732,-45.15678],[-66.51711,-45.15154],[-66.54027,-45.15291],[-66.54738,-45.13667],[-66.56785,-45.14357],[-66.5997,-45.13941],[-66.60193,-45.14854],[-66.5906,-45.15809],[-66.58438,-45.15699],[-66.59917,-45.16169],[-66.59447,-45.17162],[-66.58822,-45.17513],[-66.5818,-45.16683],[-66.57445,-45.16814],[-66.56127,-45.1801],[-66.5365,-45.17516],[-66.54048,-45.18129],[-66.53424,-45.1809],[-66.52121,-45.19675],[-66.5141,-45.19678],[-66.52499,-45.20556],[-66.51865,-45.2229],[-66.53332,-45.22022],[-66.54289,-45.2251],[-66.55327,-45.22019],[-66.55202,-45.21409],[-66.57124,-45.21157],[-66.63093,-45.21558],[-66.66201,-45.21142],[-66.70532,-45.22433],[-66.75069,-45.22309],[-66.78017,-45.23194],[-66.79563,-45.22776],[-66.82004,-45.23487],[-66.84131,-45.23001],[-66.88896,-45.24168],[-66.96402,-45.27299],[-67.064,-45.34616],[-67.07417,-45.36518],[-67.1382,-45.42211],[-67.22154,-45.52708],[-67.28157,-45.56655],[-67.34507,-45.62302],[-67.35996,-45.65042],[-67.36203,-45.69575],[-67.35596,-45.71039],[-67.34425,-45.71346],[-67.34223,-45.72316],[-67.36165,-45.72378],[-67.37911,-45.73565],[-67.37691,-45.74874],[-67.36814,-45.75472],[-67.37379,-45.76682],[-67.36525,-45.77833],[-67.36855,-45.78726],[-67.37697,-45.79148],[-67.39788,-45.78752],[-67.42652,-45.81069],[-67.45475,-45.81947],[-67.47578,-45.85376],[-67.47283,-45.86108],[-67.45642,-45.86144],[-67.47729,-45.86405],[-67.4991,-45.87476],[-67.5143,-45.89487],[-67.55207,-45.92568],[-67.55567,-45.94513],[-67.54799,-45.95406],[-67.53122,-45.95896],[-67.56519,-45.96259],[-67.57256,-45.97657],[-67.5825,-45.97812],[-67.58547,-45.98716],[-67.5927,-45.98805],[-67.59565,-46.00082]],[[-60.25954,-33.26185],[-60.25421,-33.26471],[-60.26319,-33.25989],[-60.25954,-33.26185]],[[-58.10968,-32.96759],[-58.10141,-32.95372],[-58.11248,-32.93116],[-58.11501,-32.97455],[-58.10968,-32.96759]],[[-58.11041,-32.97625],[-58.11339,-32.99045],[-58.1089,-32.99519],[-58.10766,-33.00167],[-58.11455,-33.0247],[-58.09691,-33.01264],[-58.08738,-32.99677],[-58.0887,-32.95837],[-58.09959,-32.95153],[-58.11041,-32.97625]],[[-58.11185,-33.01531],[-58.10826,-32.99998],[-58.10948,-32.99509],[-58.11574,-32.99035],[-58.12285,-32.99853],[-58.12875,-33.02539],[-58.11826,-33.02743],[-58.11185,-33.01531]],[[-58.12983,-33.02886],[-58.1332,-33.03463],[-58.1252,-33.02929],[-58.12983,-33.02886]],[[-58.11274,-32.98447],[-58.11198,-32.97167],[-58.11694,-32.99035],[-58.11274,-32.98447]],[[-57.95809,-27.27817],[-57.93943,-27.27729],[-57.94487,-27.28617],[-57.92393,-27.27524],[-57.94623,-27.27276],[-57.95809,-27.27817]],[[-57.91773,-27.27616],[-57.91374,-27.27312],[-57.92171,-27.27246],[-57.91773,-27.27616]],[[-57.90947,-27.27428],[-57.91255,-27.27707],[-57.89605,-27.27839],[-57.89346,-27.28621],[-57.86239,-27.29436],[-57.88392,-27.27924],[-57.90947,-27.27428]],[[-57.90287,-27.28821],[-57.89434,-27.28631],[-57.89687,-27.27861],[-57.90968,-27.27764],[-57.91839,-27.28246],[-57.91091,-27.28446],[-57.91544,-27.29333],[-57.90287,-27.28821]],[[-57.92788,-27.2687],[-57.92148,-27.26698],[-57.94381,-27.27005],[-57.92788,-27.2687]],[[-66.1572,-47.81181],[-66.14425,-47.81046],[-66.15738,-47.81629],[-66.1572,-47.81181]],[[-66.07204,-47.78166],[-66.08006,-47.78288],[-66.06553,-47.7764],[-66.06541,-47.78186],[-66.07204,-47.78166]],[[-66.3951,-45.18945],[-66.40822,-45.19375],[-66.40206,-45.18927],[-66.4093,-45.18379],[-66.3951,-45.18945]],[[-66.49387,-45.18211],[-66.50433,-45.17657],[-66.49281,-45.17839],[-66.49387,-45.18211]],[[-66.40346,-45.08891],[-66.40996,-45.09139],[-66.40936,-45.08593],[-66.40346,-45.08891]],[[-66.33886,-45.0574],[-66.34317,-45.0521],[-66.33357,-45.05872],[-66.33886,-45.0574]],[[-65.71156,-47.91468],[-65.72606,-47.91148],[-65.71626,-47.90529],[-65.71156,-47.91468]],[[-66.00571,-47.77181],[-66.00438,-47.76699],[-66.00713,-47.77337],[-66.0221,-47.77226],[-66.04644,-47.7882],[-66.05481,-47.78642],[-66.05201,-47.77673],[-66.03894,-47.76757],[-65.99095,-47.76053],[-65.98996,-47.76557],[-66.00571,-47.77181]],[[-65.93956,-47.76375],[-65.94761,-47.75969],[-65.93443,-47.75994],[-65.93956,-47.76375]],[[-65.94443,-45.1101],[-65.94544,-45.11882],[-65.95496,-45.11886],[-65.95328,-45.1091],[-65.96368,-45.10372],[-65.94443,-45.1101]],[[-65.9893,-45.08848],[-65.98185,-45.0941],[-65.98701,-45.10244],[-65.96501,-45.10695],[-65.9666,-45.11072],[-66.00784,-45.10425],[-66.01975,-45.08641],[-66.01068,-45.07938],[-66.00398,-45.08679],[-65.9893,-45.08848]],[[-65.57898,-45.06356],[-65.59267,-45.06057],[-65.59077,-45.05638],[-65.5773,-45.05945],[-65.57898,-45.06356]],[[-65.70548,-45.05752],[-65.72265,-45.05456],[-65.72053,-45.0492],[-65.70548,-45.05752]],[[-65.59249,-45.04335],[-65.58478,-45.04704],[-65.58872,-45.05409],[-65.61663,-45.06002],[-65.62257,-45.04459],[-65.59249,-45.04335]],[[-65.86602,-45.03941],[-65.87283,-45.0303],[-65.86116,-45.03941],[-65.86602,-45.03941]],[[-65.65874,-44.77477],[-65.66939,-44.76885],[-65.65291,-44.77483],[-65.65874,-44.77477]],[[-65.23507,-44.2778],[-65.23051,-44.27544],[-65.23807,-44.28189],[-65.23507,-44.2778]],[[-64.76548,-40.77969],[-64.75536,-40.77439],[-64.76756,-40.78353],[-64.76548,-40.77969]],[[-64.15554,-54.85457],[-64.16304,-54.85582],[-64.15126,-54.84589],[-64.15554,-54.85457]],[[-64.32721,-54.84287],[-64.33097,-54.8481],[-64.33168,-54.84239],[-64.32059,-54.84287],[-64.32721,-54.84287]],[[-64.30959,-54.73662],[-64.27866,-54.72896],[-64.24235,-54.74523],[-64.22498,-54.74395],[-64.2246,-54.73291],[-64.21632,-54.73386],[-64.20447,-54.741],[-64.18243,-54.74295],[-64.16064,-54.75508],[-64.16426,-54.76408],[-64.13851,-54.77041],[-64.14541,-54.74509],[-64.16492,-54.74019],[-64.15198,-54.74033],[-64.1495,-54.73034],[-64.14099,-54.73315],[-64.12526,-54.7281],[-64.12913,-54.73459],[-64.10944,-54.73798],[-64.10611,-54.7497],[-64.12645,-54.75755],[-64.10885,-54.75642],[-64.10843,-54.76433],[-64.1051,-54.75707],[-64.08321,-54.75184],[-64.07292,-54.7284],[-64.04728,-54.73036],[-64.04984,-54.74208],[-64.03532,-54.74256],[-64.0355,-54.75273],[-64.03032,-54.75136],[-64.05097,-54.77409],[-64.04258,-54.77813],[-64.02872,-54.76915],[-64.02426,-54.75249],[-64.00748,-54.7422],[-63.99237,-54.74518],[-63.98987,-54.73566],[-63.96531,-54.73459],[-63.95805,-54.74125],[-63.93919,-54.72566],[-63.92063,-54.7221],[-63.92331,-54.72602],[-63.91593,-54.72596],[-63.89779,-54.71722],[-63.87631,-54.7168],[-63.8784,-54.73066],[-63.85484,-54.73173],[-63.86578,-54.73613],[-63.8646,-54.74315],[-63.88809,-54.75118],[-63.87875,-54.75523],[-63.85597,-54.74946],[-63.84282,-54.72834],[-63.83098,-54.72876],[-63.82593,-54.72061],[-63.80832,-54.7196],[-63.80493,-54.72906],[-63.79589,-54.72715],[-63.81028,-54.73685],[-63.80148,-54.75101],[-63.82902,-54.76058],[-63.82498,-54.76528],[-63.84734,-54.78033],[-63.84568,-54.7892],[-63.88601,-54.79324],[-63.87679,-54.78783],[-63.8828,-54.77968],[-63.88654,-54.78676],[-63.91284,-54.79015],[-63.90814,-54.7958],[-63.95341,-54.81335],[-63.95674,-54.80056],[-63.94508,-54.79592],[-63.95252,-54.79199],[-63.96751,-54.79366],[-63.9549,-54.76683],[-63.98511,-54.77546],[-63.99136,-54.7867],[-64.01034,-54.79259],[-64.02295,-54.7911],[-64.03383,-54.7983],[-64.03449,-54.80799],[-64.03502,-54.80205],[-64.05364,-54.79955],[-64.06167,-54.78854],[-64.05513,-54.7798],[-64.0612,-54.77974],[-64.06798,-54.78967],[-64.08458,-54.7908],[-64.07113,-54.79497],[-64.07524,-54.80805],[-64.10094,-54.8165],[-64.10986,-54.83328],[-64.12063,-54.81436],[-64.14817,-54.83006],[-64.15055,-54.82554],[-64.17232,-54.82328],[-64.17964,-54.83893],[-64.18993,-54.83815],[-64.20058,-54.8284],[-64.21453,-54.85525],[-64.22257,-54.85787],[-64.23076,-54.84778],[-64.22371,-54.84197],[-64.23128,-54.83764],[-64.23913,-54.84036],[-64.23109,-54.8355],[-64.2379,-54.82422],[-64.22747,-54.8208],[-64.23442,-54.81437],[-64.23394,-54.78234],[-64.24393,-54.78432],[-64.26365,-54.80454],[-64.27016,-54.79057],[-64.27825,-54.79643],[-64.3049,-54.78769],[-64.31094,-54.79245],[-64.30121,-54.794],[-64.29909,-54.80644],[-64.31337,-54.80877],[-64.3246,-54.82498],[-64.3571,-54.83512],[-64.36143,-54.82943],[-64.37416,-54.83443],[-64.39442,-54.82733],[-64.39038,-54.83376],[-64.39457,-54.84037],[-64.40689,-54.84152],[-64.39947,-54.84894],[-64.40622,-54.85522],[-64.42564,-54.86507],[-64.43863,-54.86569],[-64.44863,-54.8754],[-64.44863,-54.86464],[-64.4729,-54.86802],[-64.4817,-54.87502],[-64.49241,-54.86855],[-64.48917,-54.86046],[-64.50131,-54.86231],[-64.47818,-54.85165],[-64.48594,-54.84766],[-64.47494,-54.84256],[-64.44501,-54.83999],[-64.45591,-54.83366],[-64.47147,-54.83519],[-64.4581,-54.82586],[-64.46614,-54.82343],[-64.4768,-54.8369],[-64.49645,-54.83809],[-64.49157,-54.84142],[-64.51823,-54.85463],[-64.52667,-54.86783],[-64.51561,-54.87021],[-64.52655,-54.87164],[-64.53905,-54.88842],[-64.56627,-54.88277],[-64.57336,-54.89719],[-64.58392,-54.89552],[-64.58173,-54.90143],[-64.58873,-54.90028],[-64.58816,-54.90514],[-64.60615,-54.91085],[-64.62096,-54.90295],[-64.65279,-54.91494],[-64.67435,-54.90951],[-64.70424,-54.91546],[-64.70291,-54.90675],[-64.65401,-54.89755],[-64.64363,-54.88843],[-64.6522,-54.88046],[-64.65995,-54.88258],[-64.65815,-54.87618],[-64.67634,-54.87155],[-64.67194,-54.86733],[-64.68372,-54.85811],[-64.66438,-54.85055],[-64.67598,-54.84335],[-64.73904,-54.85916],[-64.73944,-54.85522],[-64.74863,-54.85648],[-64.73804,-54.85312],[-64.74423,-54.85088],[-64.73824,-54.84414],[-64.75657,-54.83649],[-64.74081,-54.83175],[-64.74635,-54.82615],[-64.73521,-54.81365],[-64.72493,-54.81165],[-64.73784,-54.80451],[-64.71831,-54.80029],[-64.70883,-54.78961],[-64.71048,-54.79617],[-64.69735,-54.80605],[-64.67428,-54.79994],[-64.69541,-54.78281],[-64.65657,-54.78395],[-64.64789,-54.77681],[-64.63961,-54.79714],[-64.62676,-54.80525],[-64.61249,-54.80525],[-64.5865,-54.82081],[-64.56652,-54.8141],[-64.55687,-54.79592],[-64.53355,-54.79752],[-64.52855,-54.80448],[-64.51142,-54.79806],[-64.52082,-54.79627],[-64.51618,-54.78925],[-64.52674,-54.7883],[-64.52146,-54.77312],[-64.5415,-54.76855],[-64.54078,-54.74186],[-64.54921,-54.72991],[-64.54378,-54.7252],[-64.52636,-54.72972],[-64.48991,-54.76375],[-64.46764,-54.76646],[-64.43223,-54.76103],[-64.43923,-54.76417],[-64.43233,-54.76817],[-64.42752,-54.7647],[-64.43133,-54.76855],[-64.41167,-54.77455],[-64.41243,-54.78273],[-64.40492,-54.78073],[-64.4121,-54.77379],[-64.40315,-54.76441],[-64.42152,-54.75489],[-64.3914,-54.74914],[-64.38593,-54.7667],[-64.3954,-54.7825],[-64.37984,-54.7794],[-64.36661,-54.78483],[-64.37041,-54.81138],[-64.36037,-54.80558],[-64.35761,-54.78511],[-64.36456,-54.7843],[-64.35971,-54.77759],[-64.37631,-54.7528],[-64.34943,-54.74062],[-64.33848,-54.70288],[-64.33829,-54.72958],[-64.30959,-54.73662]],[[-64.2366,-54.69824],[-64.23669,-54.70505],[-64.24831,-54.70433],[-64.23922,-54.69477],[-64.2366,-54.69824]],[[-64.25289,-54.69554],[-64.25627,-54.69825],[-64.24985,-54.69016],[-64.25289,-54.69554]],[[-64.25423,-54.67426],[-64.24747,-54.67607],[-64.26103,-54.68811],[-64.27169,-54.67926],[-64.26132,-54.67279],[-64.25423,-54.67426]],[[-64.1235,-54.6484],[-64.1222,-54.65232],[-64.10935,-54.65167],[-64.13968,-54.6688],[-64.16241,-54.65066],[-64.14028,-54.6459],[-64.1235,-54.6484]],[[-60.90961,-52.17064],[-60.94003,-52.16911],[-60.92236,-52.16186],[-60.90961,-52.17064]],[[-60.95133,-52.01664],[-60.95655,-52.02263],[-60.97586,-52.02267],[-60.96542,-52.01084],[-60.96231,-52.01931],[-60.95133,-52.01664]],[[-60.99878,-52.02088],[-61.00505,-52.01206],[-60.99589,-52.00462],[-60.99779,-52.01105],[-60.98857,-52.01735],[-60.99482,-52.02419],[-60.99878,-52.02088]],[[-61.09439,-52.00688],[-61.10451,-52.00403],[-61.09058,-52.00288],[-61.09439,-52.00688]],[[-60.85797,-51.97179],[-60.86783,-51.98266],[-60.85775,-51.98005],[-60.86345,-51.98971],[-60.85405,-51.99421],[-60.87266,-51.99431],[-60.87117,-52.00044],[-60.85968,-52.00041],[-60.86561,-52.00617],[-60.84747,-52.00361],[-60.85279,-52.01387],[-60.89023,-52.00409],[-60.89331,-52.00817],[-60.90564,-52.00774],[-60.92679,-51.99421],[-60.93689,-51.99986],[-60.95063,-51.99679],[-60.92272,-51.98574],[-60.91734,-51.99172],[-60.9088,-51.98991],[-60.9041,-51.9795],[-60.88499,-51.98456],[-60.88887,-51.97486],[-60.88132,-51.97242],[-60.88099,-51.96235],[-60.85797,-51.97179]],[[-60.96731,-51.98581],[-60.97346,-51.98348],[-60.96169,-51.98158],[-60.96731,-51.98581]],[[-61.15447,-51.89779],[-61.1475,-51.89476],[-61.1591,-51.90845],[-61.1657,-51.90643],[-61.18023,-51.91371],[-61.19309,-51.90845],[-61.16587,-51.89125],[-61.16562,-51.90563],[-61.15447,-51.89779]],[[-61.16384,-51.87687],[-61.19569,-51.9053],[-61.21549,-51.91114],[-61.21603,-51.9053],[-61.18718,-51.88003],[-61.18924,-51.875],[-61.18169,-51.87687],[-61.17597,-51.87251],[-61.16384,-51.87687]],[[-60.87548,-51.76391],[-60.86334,-51.76494],[-60.86545,-51.78044],[-60.85708,-51.79167],[-60.86691,-51.79932],[-60.86066,-51.8055],[-60.8653,-51.81359],[-60.88186,-51.82203],[-60.87534,-51.83013],[-60.88484,-51.84558],[-60.88024,-51.85952],[-60.88775,-51.86554],[-60.88119,-51.87669],[-60.89676,-51.87877],[-60.89819,-51.88364],[-60.8901,-51.88596],[-60.88476,-51.88144],[-60.87188,-51.89014],[-60.91557,-51.89616],[-60.90868,-51.89957],[-60.91038,-51.9108],[-60.89771,-51.90464],[-60.8909,-51.91079],[-60.87053,-51.90101],[-60.87093,-51.91717],[-60.88823,-51.92124],[-60.8909,-51.93739],[-60.92585,-51.93688],[-60.92274,-51.94265],[-60.89436,-51.94922],[-60.89876,-51.95266],[-60.91513,-51.95837],[-60.93761,-51.95598],[-60.94938,-51.96413],[-60.96698,-51.96457],[-60.96026,-51.96761],[-60.97597,-51.98431],[-61.00208,-51.98925],[-61.01315,-51.97485],[-61.02424,-51.97476],[-61.03217,-51.96514],[-61.05772,-51.96645],[-61.03791,-51.95819],[-61.04139,-51.95215],[-61.0585,-51.94731],[-61.05948,-51.94185],[-61.07413,-51.94197],[-61.03866,-51.92531],[-61.0689,-51.93507],[-61.07982,-51.93018],[-61.07338,-51.91874],[-61.07927,-51.91529],[-61.09884,-51.9314],[-61.11028,-51.9231],[-61.10092,-51.91859],[-61.10719,-51.91331],[-61.10104,-51.90103],[-61.11702,-51.91014],[-61.13744,-51.90417],[-61.11886,-51.88119],[-61.12066,-51.8772],[-61.13667,-51.88107],[-61.13406,-51.85926],[-61.11271,-51.85246],[-61.10082,-51.85943],[-61.09348,-51.84825],[-61.13644,-51.85218],[-61.12745,-51.84131],[-61.16096,-51.85256],[-61.16618,-51.83072],[-61.15154,-51.83806],[-61.13244,-51.8259],[-61.13299,-51.81925],[-61.14205,-51.81907],[-61.11259,-51.81889],[-61.10126,-51.80913],[-61.09377,-51.81676],[-61.11764,-51.83685],[-61.0929,-51.82412],[-61.03816,-51.84515],[-61.05403,-51.83816],[-61.04709,-51.83079],[-61.05774,-51.83334],[-61.06356,-51.82541],[-61.05322,-51.8118],[-61.03347,-51.81526],[-61.0446,-51.8033],[-61.03305,-51.79587],[-61.03876,-51.78436],[-61.02253,-51.77845],[-61.00183,-51.78628],[-60.97757,-51.7785],[-60.97392,-51.78129],[-60.9836,-51.7852],[-60.97501,-51.79589],[-60.98874,-51.80544],[-60.97502,-51.79918],[-60.96561,-51.80328],[-60.95119,-51.79873],[-60.94043,-51.80223],[-60.94237,-51.80975],[-60.93365,-51.81306],[-60.94275,-51.8133],[-60.94222,-51.82008],[-60.96326,-51.81561],[-60.96218,-51.82743],[-60.98354,-51.83322],[-61.00302,-51.84965],[-61.01871,-51.85033],[-61.03334,-51.858],[-61.02914,-51.8721],[-61.0522,-51.88923],[-61.02302,-51.87279],[-61.0127,-51.87448],[-61.01306,-51.87002],[-60.99206,-51.87216],[-60.98937,-51.86484],[-60.98433,-51.87322],[-60.96732,-51.86001],[-60.95423,-51.86554],[-60.9475,-51.86235],[-60.95421,-51.85407],[-60.948,-51.8404],[-60.93465,-51.8511],[-60.92674,-51.84331],[-60.93117,-51.83889],[-60.91853,-51.83143],[-60.91336,-51.84067],[-60.90667,-51.83827],[-60.91199,-51.847],[-60.90289,-51.8498],[-60.90331,-51.85723],[-60.897,-51.83713],[-60.89968,-51.83055],[-60.90739,-51.8368],[-60.90577,-51.83008],[-60.8765,-51.81149],[-60.87547,-51.80544],[-60.88108,-51.80141],[-60.89219,-51.81092],[-60.91487,-51.77586],[-60.90932,-51.77166],[-60.89433,-51.77626],[-60.89099,-51.76993],[-60.89999,-51.76222],[-60.87548,-51.76391]],[[-61.2128,-51.87412],[-61.215,-51.8692],[-61.20184,-51.86918],[-61.2128,-51.87412]],[[-61.16016,-51.86865],[-61.16633,-51.86306],[-61.15497,-51.86937],[-61.16016,-51.86865]],[[-60.98282,-51.8555],[-60.976,-51.85265],[-60.98694,-51.86341],[-60.98282,-51.8555]],[[-61.18575,-51.85211],[-61.17546,-51.84996],[-61.16768,-51.85492],[-61.20618,-51.86625],[-61.19649,-51.86127],[-61.19111,-51.84391],[-61.18371,-51.84603],[-61.18575,-51.85211]],[[-61.21704,-51.83504],[-61.2103,-51.84008],[-61.21901,-51.83871],[-61.21704,-51.83504]],[[-61.22271,-51.80039],[-61.21143,-51.81917],[-61.19569,-51.82246],[-61.21092,-51.83001],[-61.22207,-51.82246],[-61.23946,-51.82104],[-61.25354,-51.83175],[-61.25594,-51.83878],[-61.23871,-51.83588],[-61.22931,-51.84202],[-61.26468,-51.86151],[-61.24574,-51.85519],[-61.23607,-51.86204],[-61.23994,-51.85348],[-61.22925,-51.8484],[-61.2217,-51.85084],[-61.22345,-51.84669],[-61.20464,-51.84985],[-61.20737,-51.85997],[-61.22374,-51.85954],[-61.21969,-51.86731],[-61.23066,-51.86877],[-61.24008,-51.87884],[-61.29957,-51.86018],[-61.32044,-51.83875],[-61.34563,-51.83704],[-61.345,-51.82433],[-61.33412,-51.82466],[-61.32795,-51.81942],[-61.31303,-51.82152],[-61.30817,-51.818],[-61.29753,-51.83073],[-61.31369,-51.80689],[-61.30766,-51.80038],[-61.2675,-51.8316],[-61.25747,-51.82883],[-61.25581,-51.82093],[-61.26578,-51.80851],[-61.23857,-51.81439],[-61.24028,-51.79611],[-61.22271,-51.80039]],[[-61.31335,-51.81343],[-61.31705,-51.81932],[-61.32664,-51.80792],[-61.3202,-51.80602],[-61.31335,-51.81343]],[[-61.06903,-51.8094],[-61.05356,-51.79928],[-61.06138,-51.81038],[-61.06903,-51.8094]],[[-61.20108,-51.80417],[-61.19056,-51.80295],[-61.19129,-51.8091],[-61.2025,-51.80513],[-61.20369,-51.79735],[-61.20108,-51.80417]],[[-61.10864,-51.79966],[-61.12594,-51.80899],[-61.12109,-51.79281],[-61.11727,-51.79942],[-61.10864,-51.79966]],[[-61.0823,-51.80064],[-61.08651,-51.80358],[-61.08933,-51.79747],[-61.07766,-51.79528],[-61.0823,-51.80064]],[[-61.13961,-51.78298],[-61.1394,-51.79708],[-61.14739,-51.792],[-61.16381,-51.79391],[-61.15723,-51.79218],[-61.16155,-51.78484],[-61.13961,-51.78298]],[[-61.10031,-51.7941],[-61.10824,-51.77975],[-61.09094,-51.78828],[-61.10031,-51.7941]],[[-61.04287,-51.78171],[-61.0668,-51.79484],[-61.07584,-51.78686],[-61.06952,-51.78063],[-61.03561,-51.77731],[-61.04287,-51.78171]],[[-61.29449,-51.78118],[-61.30144,-51.77779],[-61.28713,-51.78464],[-61.29449,-51.78118]],[[-61.07433,-51.7801],[-61.08466,-51.78393],[-61.09087,-51.77969],[-61.08475,-51.77378],[-61.07433,-51.7801]],[[-61.26459,-51.73965],[-61.25731,-51.73445],[-61.25432,-51.74366],[-61.26459,-51.73965]],[[-61.25407,-51.6877],[-61.22518,-51.69612],[-61.21885,-51.68844],[-61.21182,-51.68986],[-61.21219,-51.70356],[-61.25532,-51.69831],[-61.23991,-51.71765],[-61.27103,-51.69817],[-61.29297,-51.70646],[-61.2931,-51.71302],[-61.27942,-51.72135],[-61.30099,-51.72205],[-61.29196,-51.72717],[-61.30463,-51.73977],[-61.2749,-51.74402],[-61.28539,-51.75351],[-61.27753,-51.75731],[-61.29372,-51.76422],[-61.31567,-51.74757],[-61.30927,-51.72208],[-61.32571,-51.69283],[-61.33309,-51.69209],[-61.31879,-51.69063],[-61.31271,-51.69927],[-61.29537,-51.69312],[-61.27655,-51.69529],[-61.26439,-51.69193],[-61.26931,-51.67778],[-61.26108,-51.67604],[-61.2506,-51.68327],[-61.25407,-51.6877]],[[-61.23632,-51.67147],[-61.24684,-51.66721],[-61.23682,-51.66644],[-61.23632,-51.67147]],[[-61.22471,-51.65769],[-61.23011,-51.66305],[-61.23732,-51.64829],[-61.22471,-51.65769]],[[-60.85034,-51.19818],[-60.88607,-51.21002],[-60.94094,-51.21505],[-60.84298,-51.19434],[-60.85034,-51.19818]],[[-60.89763,-51.09404],[-60.87972,-51.10955],[-60.86091,-51.11299],[-60.86383,-51.12412],[-60.88737,-51.11456],[-60.8893,-51.10395],[-60.92078,-51.08758],[-60.90472,-51.08617],[-60.89763,-51.09404]],[[-61.11788,-51.02925],[-61.09128,-51.03447],[-61.09573,-51.04173],[-61.07782,-51.05159],[-61.0721,-51.06575],[-61.05554,-51.06892],[-61.04777,-51.08254],[-61.06587,-51.07495],[-61.0676,-51.08032],[-61.0893,-51.07695],[-61.09609,-51.06896],[-61.12041,-51.06381],[-61.12654,-51.0716],[-61.12617,-51.06238],[-61.1372,-51.06152],[-61.10833,-51.04884],[-61.13241,-51.02696],[-61.12006,-51.02289],[-61.11788,-51.02925]],[[-61.20766,-51.03609],[-61.17408,-51.04751],[-61.16663,-51.05542],[-61.18439,-51.05791],[-61.20854,-51.04656],[-61.21164,-51.03811],[-61.22651,-51.03811],[-61.24642,-51.0289],[-61.25212,-51.01164],[-61.22472,-51.01908],[-61.20766,-51.03609]],[[-61.30718,-51.00124],[-61.29942,-51.0067],[-61.31274,-51.00006],[-61.30718,-51.00124]],[[-60.49093,-52.23283],[-60.50013,-52.23423],[-60.49459,-52.22897],[-60.46951,-52.22528],[-60.47491,-52.23161],[-60.49093,-52.23283]],[[-60.43249,-52.21469],[-60.45393,-52.22165],[-60.46073,-52.20586],[-60.44141,-52.21106],[-60.41459,-52.19999],[-60.43249,-52.21469]],[[-60.64714,-52.20744],[-60.65199,-52.20227],[-60.64272,-52.20546],[-60.64714,-52.20744]],[[-60.74759,-52.19393],[-60.74313,-52.1972],[-60.75329,-52.20059],[-60.75491,-52.1903],[-60.74759,-52.19393]],[[-60.75865,-52.19078],[-60.76167,-52.19448],[-60.77693,-52.19292],[-60.75865,-52.19078]],[[-60.69026,-52.18673],[-60.69185,-52.19097],[-60.71114,-52.18503],[-60.69026,-52.18673]],[[-60.47886,-52.18613],[-60.48234,-52.17954],[-60.47562,-52.18162],[-60.47886,-52.18613]],[[-60.77565,-52.13694],[-60.76799,-52.13524],[-60.76324,-52.14678],[-60.78058,-52.14175],[-60.77565,-52.13694]],[[-60.87543,-51.93643],[-60.87756,-51.93934],[-60.87522,-51.93068],[-60.87543,-51.93643]],[[-60.87627,-51.87158],[-60.87695,-51.86428],[-60.87042,-51.87194],[-60.87627,-51.87158]],[[-60.49422,-51.83176],[-60.48637,-51.83485],[-60.47927,-51.82673],[-60.4692,-51.83677],[-60.47849,-51.84262],[-60.46998,-51.85152],[-60.48002,-51.84981],[-60.49185,-51.85867],[-60.4973,-51.84203],[-60.51062,-51.83512],[-60.49999,-51.82022],[-60.49422,-51.83176]],[[-60.68895,-51.60977],[-60.67933,-51.62005],[-60.67556,-51.64676],[-60.65705,-51.66007],[-60.68369,-51.67608],[-60.69354,-51.66805],[-60.68424,-51.62542],[-60.70076,-51.60445],[-60.68895,-51.60977]],[[-60.35607,-51.64048],[-60.36171,-51.63726],[-60.35249,-51.63111],[-60.33772,-51.63565],[-60.33971,-51.64155],[-60.35607,-51.64048]],[[-60.43281,-51.60648],[-60.43568,-51.61573],[-60.41851,-51.6281],[-60.44203,-51.62447],[-60.43787,-51.6219],[-60.4616,-51.60719],[-60.44714,-51.61071],[-60.43281,-51.60648]],[[-60.8004,-51.56945],[-60.78521,-51.57416],[-60.77643,-51.56945],[-60.76242,-51.57091],[-60.73166,-51.58733],[-60.80321,-51.58294],[-60.81777,-51.5766],[-60.81846,-51.56861],[-60.8004,-51.56945]],[[-60.83797,-51.57147],[-60.83299,-51.57623],[-60.84853,-51.5763],[-60.84574,-51.56598],[-60.83552,-51.5658],[-60.83797,-51.57147]],[[-60.87712,-51.55898],[-60.85527,-51.56368],[-60.87503,-51.56777],[-60.89035,-51.55731],[-60.87712,-51.55898]],[[-60.48197,-51.55305],[-60.49199,-51.55724],[-60.49114,-51.56968],[-60.50685,-51.55558],[-60.49331,-51.54845],[-60.48197,-51.55305]],[[-60.51896,-51.49571],[-60.52888,-51.50018],[-60.53255,-51.49118],[-60.51686,-51.48867],[-60.51183,-51.49174],[-60.51896,-51.49571]],[[-60.70978,-51.47156],[-60.69213,-51.47517],[-60.69769,-51.48297],[-60.72729,-51.47144],[-60.72992,-51.46405],[-60.70978,-51.47156]],[[-60.38837,-51.35815],[-60.37054,-51.37256],[-60.38495,-51.37103],[-60.41266,-51.35748],[-60.38837,-51.35815]],[[-60.71306,-51.33254],[-60.68232,-51.34288],[-60.68354,-51.35398],[-60.66381,-51.35136],[-60.68118,-51.36228],[-60.68736,-51.37512],[-60.70327,-51.38072],[-60.71686,-51.36912],[-60.71002,-51.36345],[-60.71406,-51.35095],[-60.73512,-51.33628],[-60.73176,-51.32635],[-60.71306,-51.33254]],[[-60.45912,-51.33738],[-60.47094,-51.34193],[-60.468,-51.32873],[-60.46094,-51.32898],[-60.45912,-51.33738]],[[-60.5771,-51.25417],[-60.56008,-51.26974],[-60.51948,-51.29042],[-60.50934,-51.30612],[-60.52146,-51.30876],[-60.52227,-51.31856],[-60.53676,-51.3086],[-60.52832,-51.3064],[-60.53497,-51.29695],[-60.55518,-51.29206],[-60.55656,-51.29731],[-60.56868,-51.2969],[-60.60578,-51.27032],[-60.59878,-51.26921],[-60.60298,-51.26205],[-60.59477,-51.25239],[-60.60184,-51.2425],[-60.5771,-51.25417]],[[-60.85097,-51.25368],[-60.8402,-51.26094],[-60.85073,-51.25889],[-60.85097,-51.25368]],[[-60.83208,-51.15346],[-60.82945,-51.16047],[-60.84573,-51.16232],[-60.85492,-51.16941],[-60.89434,-51.17188],[-60.86335,-51.1681],[-60.85648,-51.15161],[-60.84588,-51.154],[-60.83833,-51.14895],[-60.83208,-51.15346]],[[-60.386,-51.1446],[-60.37509,-51.14677],[-60.39443,-51.15456],[-60.44334,-51.15106],[-60.43527,-51.14609],[-60.43041,-51.14912],[-60.386,-51.1446]],[[-60.73541,-51.12776],[-60.75052,-51.13363],[-60.76156,-51.12839],[-60.73568,-51.12343],[-60.73541,-51.12776]],[[-59.68879,-52.31465],[-59.71697,-52.31598],[-59.72092,-52.32525],[-59.71358,-52.32735],[-59.72077,-52.33618],[-59.73236,-52.33569],[-59.74411,-52.34806],[-59.75383,-52.34884],[-59.73562,-52.35957],[-59.76003,-52.38327],[-59.78672,-52.3773],[-59.78683,-52.36339],[-59.80142,-52.36614],[-59.80149,-52.36164],[-59.81624,-52.36131],[-59.78388,-52.33971],[-59.77998,-52.34441],[-59.76365,-52.34378],[-59.76457,-52.31697],[-59.74902,-52.3079],[-59.74307,-52.3065],[-59.7481,-52.30872],[-59.7416,-52.31408],[-59.74856,-52.31681],[-59.7398,-52.31689],[-59.70955,-52.30557],[-59.69622,-52.30315],[-59.68913,-52.30697],[-59.68238,-52.30059],[-59.68879,-52.31465]],[[-59.7747,-52.16492],[-59.76999,-52.17329],[-59.75661,-52.17473],[-59.74853,-52.16908],[-59.73876,-52.17216],[-59.73051,-52.16825],[-59.72371,-52.1724],[-59.69743,-52.16828],[-59.68454,-52.18858],[-59.69378,-52.21773],[-59.67972,-52.21594],[-59.67013,-52.22215],[-59.68946,-52.22907],[-59.68314,-52.24585],[-59.71758,-52.26666],[-59.73051,-52.26171],[-59.73599,-52.29264],[-59.74711,-52.29605],[-59.76211,-52.2667],[-59.75613,-52.26175],[-59.76065,-52.24979],[-59.75228,-52.25292],[-59.73959,-52.24479],[-59.75399,-52.22909],[-59.73971,-52.22284],[-59.74465,-52.21648],[-59.73656,-52.20898],[-59.74655,-52.19643],[-59.74163,-52.19135],[-59.75119,-52.19024],[-59.75155,-52.18186],[-59.7613,-52.17912],[-59.78623,-52.18531],[-59.79153,-52.17052],[-59.80344,-52.17283],[-59.80824,-52.16859],[-59.78379,-52.15096],[-59.77939,-52.13965],[-59.7747,-52.16492]],[[-59.84114,-52.15637],[-59.8355,-52.15505],[-59.8434,-52.16095],[-59.84114,-52.15637]],[[-59.86638,-52.1302],[-59.86839,-52.13571],[-59.87826,-52.13163],[-59.86638,-52.1302]],[[-59.84916,-52.13575],[-59.85779,-52.13567],[-59.85512,-52.12461],[-59.8469,-52.12682],[-59.84916,-52.13575]],[[-59.73543,-52.09379],[-59.74905,-52.0884],[-59.74909,-52.07904],[-59.7374,-52.06952],[-59.73883,-52.0594],[-59.71816,-52.0444],[-59.72113,-52.07708],[-59.73543,-52.09379]],[[-59.86172,-52.03246],[-59.85543,-52.02127],[-59.85154,-52.03587],[-59.86172,-52.03246]],[[-59.76788,-51.84879],[-59.77652,-51.85199],[-59.7508,-51.82978],[-59.76788,-51.84879]],[[-59.37852,-51.34489],[-59.37089,-51.35355],[-59.31479,-51.37003],[-59.30631,-51.37821],[-59.23966,-51.39042],[-59.23838,-51.39713],[-59.22483,-51.40165],[-59.19413,-51.40006],[-59.24473,-51.42265],[-59.26938,-51.42222],[-59.26969,-51.42802],[-59.2819,-51.42728],[-59.28367,-51.43388],[-59.29203,-51.43113],[-59.29258,-51.43693],[-59.26627,-51.44584],[-59.29172,-51.45188],[-59.27158,-51.45774],[-59.28611,-51.4575],[-59.29191,-51.46378],[-59.26761,-51.46226],[-59.20566,-51.43583],[-59.20182,-51.43827],[-59.28666,-51.4835],[-59.33451,-51.52415],[-59.34397,-51.51865],[-59.32737,-51.49918],[-59.33121,-51.49259],[-59.34318,-51.49644],[-59.34769,-51.49119],[-59.35111,-51.49601],[-59.36619,-51.48655],[-59.34977,-51.5015],[-59.35386,-51.50755],[-59.37742,-51.49863],[-59.48014,-51.52604],[-59.38157,-51.50272],[-59.36741,-51.5059],[-59.36509,-51.51243],[-59.3585,-51.50779],[-59.35374,-51.51139],[-59.36387,-51.52372],[-59.37058,-51.52549],[-59.37058,-51.52097],[-59.3931,-51.53648],[-59.36808,-51.52714],[-59.39579,-51.55674],[-59.34617,-51.52055],[-59.33835,-51.52836],[-59.38578,-51.57963],[-59.39084,-51.60679],[-59.42283,-51.6179],[-59.44096,-51.63425],[-59.46397,-51.63712],[-59.48093,-51.6323],[-59.45859,-51.59818],[-59.44175,-51.59733],[-59.43888,-51.585],[-59.46451,-51.59775],[-59.47697,-51.61478],[-59.49882,-51.62681],[-59.51523,-51.62913],[-59.53843,-51.6478],[-59.53214,-51.63096],[-59.50071,-51.60899],[-59.5026,-51.60203],[-59.51621,-51.61613],[-59.52225,-51.61283],[-59.52116,-51.61747],[-59.56833,-51.6467],[-59.56724,-51.65122],[-59.58903,-51.66111],[-59.6027,-51.68632],[-59.58506,-51.66935],[-59.54374,-51.64628],[-59.54832,-51.66331],[-59.56119,-51.66947],[-59.57505,-51.69303],[-59.57944,-51.69511],[-59.57999,-51.68882],[-59.59159,-51.69797],[-59.58475,-51.70225],[-59.59504,-51.70663],[-59.6074,-51.73087],[-59.61271,-51.7327],[-59.61082,-51.7277],[-59.63291,-51.74143],[-59.63645,-51.73161],[-59.66428,-51.74363],[-59.6403,-51.73801],[-59.62962,-51.74955],[-59.61918,-51.74375],[-59.62864,-51.75407],[-59.72666,-51.81425],[-59.73185,-51.81425],[-59.72501,-51.80698],[-59.74699,-51.81107],[-59.75303,-51.80564],[-59.77396,-51.82005],[-59.75626,-51.80973],[-59.74918,-51.81071],[-59.74821,-51.8184],[-59.77824,-51.84525],[-59.78397,-51.86173],[-59.80662,-51.87913],[-59.81907,-51.8812],[-59.83445,-51.89707],[-59.85129,-51.93339],[-59.84885,-51.95084],[-59.85953,-51.96409],[-59.90098,-51.9788],[-59.90079,-51.97044],[-59.91947,-51.96659],[-59.95267,-51.99045],[-60.00431,-52.00584],[-60.0178,-51.99882],[-60.00108,-51.99278],[-59.9968,-51.98234],[-60.00913,-51.97947],[-60.00382,-51.97758],[-60.0178,-51.96744],[-59.99735,-51.96958],[-60.01749,-51.95963],[-60.03135,-51.96165],[-60.03727,-51.96946],[-60.05271,-51.96891],[-60.05289,-51.96153],[-60.06644,-51.95768],[-60.07548,-51.96165],[-60.07316,-51.95286],[-60.0593,-51.95219],[-60.05167,-51.94315],[-60.06724,-51.94999],[-60.0792,-51.93534],[-60.09183,-51.95493],[-60.08756,-51.96439],[-60.10197,-51.96177],[-60.08787,-51.97086],[-60.09977,-51.98508],[-60.08726,-51.99717],[-60.10007,-52.00828],[-60.16245,-52.00376],[-60.23905,-52.01676],[-60.23728,-52.00748],[-60.20493,-51.99509],[-60.17148,-51.96812],[-60.22086,-51.9943],[-60.20701,-51.97922],[-60.22965,-51.99387],[-60.24198,-51.9929],[-60.23344,-51.98179],[-60.22385,-51.98087],[-60.20963,-51.96781],[-60.2244,-51.97977],[-60.23563,-51.98112],[-60.25962,-51.99442],[-60.26334,-51.99278],[-60.26676,-51.99802],[-60.2761,-51.99912],[-60.28446,-51.99345],[-60.27457,-52.00169],[-60.29008,-52.01432],[-60.29416,-52.00608],[-60.32517,-51.99815],[-60.32804,-51.99308],[-60.32657,-51.96714],[-60.33121,-51.96232],[-60.30955,-51.94987],[-60.31516,-51.94852],[-60.30912,-51.93284],[-60.32395,-51.93906],[-60.32834,-51.96],[-60.33066,-51.93906],[-60.34092,-51.94041],[-60.34879,-51.93412],[-60.35178,-51.93888],[-60.36936,-51.93229],[-60.35972,-51.95792],[-60.3566,-51.95396],[-60.33616,-51.96],[-60.34055,-51.96482],[-60.32834,-51.96891],[-60.33091,-51.99412],[-60.33561,-51.9921],[-60.34263,-51.99442],[-60.3574,-52.00663],[-60.34165,-51.99564],[-60.33878,-52.00126],[-60.3353,-51.99345],[-60.3278,-51.99937],[-60.29709,-52.01017],[-60.31144,-52.00828],[-60.29215,-52.01688],[-60.29514,-52.0264],[-60.288,-52.01688],[-60.28184,-52.02049],[-60.27872,-52.03678],[-60.28873,-52.04636],[-60.28092,-52.04295],[-60.27787,-52.04887],[-60.27555,-52.0402],[-60.2739,-52.04325],[-60.28251,-52.08201],[-60.27982,-52.07438],[-60.27763,-52.08274],[-60.26963,-52.0789],[-60.25803,-52.0239],[-60.25089,-52.01694],[-60.24235,-52.01859],[-60.25651,-52.0286],[-60.26639,-52.08933],[-60.28696,-52.09861],[-60.29295,-52.11289],[-60.30967,-52.12376],[-60.33079,-52.15159],[-60.35355,-52.16105],[-60.35972,-52.15372],[-60.36753,-52.15885],[-60.38071,-52.15378],[-60.38212,-52.11948],[-60.36991,-52.11509],[-60.37809,-52.11649],[-60.37754,-52.10825],[-60.34739,-52.11411],[-60.32792,-52.10136],[-60.34202,-52.10496],[-60.38102,-52.10313],[-60.40757,-52.0911],[-60.38114,-52.11179],[-60.3881,-52.13566],[-60.40867,-52.12003],[-60.41489,-52.1229],[-60.45066,-52.1143],[-60.45829,-52.10276],[-60.50071,-52.11069],[-60.40458,-52.12485],[-60.38444,-52.14317],[-60.38865,-52.15922],[-60.38083,-52.158],[-60.36649,-52.16544],[-60.36826,-52.17625],[-60.39304,-52.17625],[-60.39567,-52.1702],[-60.40733,-52.17216],[-60.41251,-52.16294],[-60.4061,-52.15171],[-60.41636,-52.14433],[-60.46519,-52.15977],[-60.46079,-52.16801],[-60.44321,-52.16965],[-60.4553,-52.17942],[-60.46628,-52.17857],[-60.47904,-52.16965],[-60.4733,-52.14964],[-60.48948,-52.15653],[-60.486,-52.16599],[-60.5084,-52.15812],[-60.53348,-52.1384],[-60.52909,-52.13193],[-60.53678,-52.13541],[-60.54349,-52.13084],[-60.54337,-52.11247],[-60.5499,-52.12083],[-60.58597,-52.12608],[-60.58677,-52.13425],[-60.56596,-52.13267],[-60.55772,-52.13798],[-60.56513,-52.15068],[-60.57761,-52.15391],[-60.57651,-52.16447],[-60.54471,-52.13651],[-60.52415,-52.15513],[-60.53062,-52.16184],[-60.53892,-52.15787],[-60.53513,-52.16721],[-60.51932,-52.15922],[-60.5048,-52.16569],[-60.507,-52.16996],[-60.49949,-52.16758],[-60.49094,-52.17197],[-60.49003,-52.18064],[-60.49509,-52.18583],[-60.51279,-52.17912],[-60.50577,-52.1879],[-60.52219,-52.1912],[-60.551,-52.18418],[-60.5514,-52.18899],[-60.5402,-52.19089],[-60.54374,-52.19419],[-60.50547,-52.19541],[-60.50425,-52.20383],[-60.51493,-52.20408],[-60.57145,-52.23576],[-60.58213,-52.23222],[-60.59501,-52.2349],[-60.60465,-52.25114],[-60.62247,-52.23234],[-60.61851,-52.25944],[-60.63108,-52.25492],[-60.65275,-52.25907],[-60.65757,-52.24931],[-60.68143,-52.23545],[-60.68046,-52.22861],[-60.66648,-52.22275],[-60.69132,-52.21946],[-60.69639,-52.21311],[-60.67319,-52.19981],[-60.67332,-52.20408],[-60.66593,-52.20109],[-60.64646,-52.21366],[-60.63193,-52.21464],[-60.64207,-52.2078],[-60.63126,-52.20493],[-60.66508,-52.19297],[-60.64976,-52.18284],[-60.63822,-52.17991],[-60.63255,-52.18318],[-60.62931,-52.17539],[-60.66581,-52.1865],[-60.67209,-52.19242],[-60.69694,-52.17924],[-60.6829,-52.1746],[-60.66141,-52.15434],[-60.70444,-52.1735],[-60.71104,-52.16489],[-60.70157,-52.1417],[-60.71751,-52.16044],[-60.72678,-52.16019],[-60.72379,-52.15317],[-60.74691,-52.14411],[-60.72501,-52.14072],[-60.7324,-52.1348],[-60.71531,-52.12949],[-60.66618,-52.13773],[-60.67966,-52.13139],[-60.67527,-52.12882],[-60.68583,-52.12986],[-60.71146,-52.11863],[-60.71696,-52.11222],[-60.71226,-52.10685],[-60.72312,-52.10697],[-60.7161,-52.10288],[-60.72611,-52.1063],[-60.72239,-52.11424],[-60.74338,-52.12424],[-60.76426,-52.11991],[-60.76426,-52.11027],[-60.81101,-52.11234],[-60.82017,-52.10429],[-60.81467,-52.09794],[-60.83402,-52.09861],[-60.83774,-52.1085],[-60.85007,-52.10703],[-60.85215,-52.11918],[-60.84458,-52.12754],[-60.81138,-52.14182],[-60.79617,-52.14004],[-60.77384,-52.15757],[-60.77079,-52.16721],[-60.73984,-52.16898],[-60.73258,-52.18034],[-60.71952,-52.17625],[-60.73105,-52.18162],[-60.72129,-52.18241],[-60.7205,-52.18681],[-60.74119,-52.18131],[-60.73875,-52.18668],[-60.757,-52.18253],[-60.79484,-52.18998],[-60.81589,-52.18339],[-60.82541,-52.17252],[-60.81156,-52.1627],[-60.81785,-52.1514],[-60.85941,-52.1461],[-60.8527,-52.14225],[-60.86185,-52.13316],[-60.85886,-52.12431],[-60.87162,-52.12647],[-60.88212,-52.11674],[-60.90232,-52.11375],[-60.93302,-52.11649],[-60.9318,-52.11155],[-60.94797,-52.10661],[-60.947,-52.09025],[-60.97843,-52.08768],[-60.97361,-52.07804],[-60.9968,-52.07426],[-60.99595,-52.06022],[-61.01719,-52.05161],[-61.02323,-52.04282],[-61.03049,-52.046],[-61.0109,-52.06296],[-61.01188,-52.07352],[-61.01981,-52.08054],[-61.02927,-52.07011],[-61.04819,-52.07218],[-61.04105,-52.06107],[-61.05192,-52.05668],[-61.04215,-52.01499],[-61.0781,-52.01676],[-61.07798,-52.01072],[-61.06779,-52.0073],[-61.05778,-52.01225],[-61.02408,-52.00761],[-61.00376,-52.01908],[-61.00449,-52.03995],[-60.97855,-52.04172],[-60.97953,-52.04887],[-60.95768,-52.04203],[-60.94767,-52.04819],[-60.94273,-52.04093],[-60.93894,-52.04697],[-60.93052,-52.03654],[-60.92057,-52.04118],[-60.91508,-52.03556],[-60.90397,-52.03995],[-60.8967,-52.03709],[-60.89268,-52.04887],[-60.90122,-52.05143],[-60.89298,-52.05308],[-60.89329,-52.05875],[-60.91752,-52.06779],[-60.90543,-52.07133],[-60.90354,-52.06589],[-60.89243,-52.0648],[-60.8823,-52.07328],[-60.92014,-52.08329],[-60.89585,-52.08189],[-60.87669,-52.0734],[-60.85654,-52.08518],[-60.85831,-52.07859],[-60.81205,-52.06077],[-60.87052,-52.0709],[-60.88273,-52.06516],[-60.87266,-52.06284],[-60.87363,-52.05625],[-60.88614,-52.05436],[-60.88517,-52.03623],[-60.89408,-52.03544],[-60.89628,-52.02842],[-60.87595,-52.02885],[-60.85966,-52.04203],[-60.82303,-52.03446],[-60.81014,-52.0362],[-60.80082,-52.02586],[-60.75065,-52.02256],[-60.74638,-52.00199],[-60.79355,-51.99924],[-60.79111,-51.98936],[-60.82084,-52.00199],[-60.82047,-51.98771],[-60.83854,-51.98484],[-60.83744,-51.98057],[-60.82664,-51.98319],[-60.82798,-51.97562],[-60.84757,-51.97562],[-60.85416,-51.96921],[-60.85666,-51.96415],[-60.84501,-51.95371],[-60.79813,-51.96012],[-60.77805,-51.95737],[-60.76859,-51.96122],[-60.77506,-51.96714],[-60.74491,-51.96177],[-60.75327,-51.97758],[-60.74534,-51.96744],[-60.7313,-51.96262],[-60.70402,-51.96397],[-60.70969,-51.97892],[-60.72776,-51.98527],[-60.70762,-51.98539],[-60.71104,-51.99802],[-60.73215,-52.00211],[-60.71226,-52.0051],[-60.72184,-52.01237],[-60.69181,-52.00413],[-60.70212,-51.99857],[-60.70237,-51.97465],[-60.69035,-51.96989],[-60.67979,-51.98429],[-60.68717,-52.00816],[-60.68131,-52.01365],[-60.69675,-52.02018],[-60.68967,-52.02445],[-60.68473,-52.02195],[-60.68058,-52.03599],[-60.67472,-52.03641],[-60.68979,-52.03941],[-60.68345,-52.04697],[-60.68619,-52.0405],[-60.64573,-52.04197],[-60.63907,-52.03776],[-60.64579,-52.04105],[-60.67057,-52.03861],[-60.67673,-52.03257],[-60.6533,-52.0225],[-60.67032,-52.01707],[-60.67032,-52.01035],[-60.65372,-52.00858],[-60.66935,-52.00456],[-60.66562,-51.98539],[-60.67319,-51.9755],[-60.64921,-51.96854],[-60.63987,-51.96946],[-60.64481,-51.97684],[-60.64164,-51.97385],[-60.62394,-51.97849],[-60.6301,-51.97935],[-60.63395,-51.9918],[-60.63956,-51.99278],[-60.63413,-51.99937],[-60.63724,-51.99363],[-60.62888,-51.99125],[-60.62821,-51.98069],[-60.61722,-51.98484],[-60.61625,-51.9791],[-60.58927,-51.98484],[-60.5864,-51.98154],[-60.57737,-51.98692],[-60.5875,-52.00529],[-60.60807,-52.00443],[-60.59501,-52.00828],[-60.60819,-52.02653],[-60.59244,-52.02488],[-60.59684,-52.01951],[-60.58543,-52.0095],[-60.57883,-52.01621],[-60.5698,-52.01609],[-60.56846,-52.02323],[-60.5554,-52.02622],[-60.56516,-52.01279],[-60.58115,-52.00608],[-60.57255,-52.00016],[-60.57212,-51.98936],[-60.5366,-52.00254],[-60.54966,-52.00785],[-60.54539,-52.02695],[-60.5413,-52.01414],[-60.53153,-52.01579],[-60.53403,-52.0073],[-60.51841,-52.02195],[-60.50346,-52.02311],[-60.52579,-52.0084],[-60.51908,-52.00364],[-60.57047,-51.98417],[-60.55143,-51.98386],[-60.55582,-51.97745],[-60.54899,-51.9766],[-60.53117,-51.98124],[-60.50645,-51.97904],[-60.50223,-51.97385],[-60.486,-51.9766],[-60.45945,-51.97111],[-60.43449,-51.95701],[-60.43308,-51.96262],[-60.43198,-51.95481],[-60.4061,-51.93876],[-60.40733,-51.93229],[-60.39731,-51.92558],[-60.42106,-51.92338],[-60.42106,-51.93015],[-60.45695,-51.93467],[-60.46983,-51.94614],[-60.48301,-51.947],[-60.47831,-51.93973],[-60.49106,-51.94163],[-60.5004,-51.95316],[-60.52,-51.95231],[-60.52494,-51.94736],[-60.54319,-51.95383],[-60.55979,-51.947],[-60.55418,-51.94303],[-60.56254,-51.93796],[-60.59775,-51.93192],[-60.62479,-51.93626],[-60.63126,-51.92478],[-60.64506,-51.92478],[-60.62919,-51.91795],[-60.61338,-51.92808],[-60.5861,-51.92698],[-60.55265,-51.93436],[-60.54703,-51.94175],[-60.53922,-51.93516],[-60.53458,-51.939],[-60.49949,-51.93174],[-60.48917,-51.91227],[-60.49918,-51.91367],[-60.49711,-51.90818],[-60.48344,-51.90531],[-60.44968,-51.87595],[-60.45463,-51.87034],[-60.47718,-51.87203],[-60.44547,-51.85154],[-60.44779,-51.84385],[-60.45725,-51.84293],[-60.45438,-51.83836],[-60.47599,-51.82713],[-60.47739,-51.81821],[-60.46543,-51.81535],[-60.46983,-51.80741],[-60.45835,-51.79288],[-60.45212,-51.79533],[-60.45939,-51.78666],[-60.44913,-51.7783],[-60.44047,-51.78037],[-60.41489,-51.77],[-60.42899,-51.77726],[-60.43723,-51.79026],[-60.41953,-51.79221],[-60.40568,-51.77146],[-60.4047,-51.7808],[-60.39677,-51.76829],[-60.37278,-51.76542],[-60.38651,-51.77763],[-60.37705,-51.77848],[-60.37266,-51.77091],[-60.37302,-51.78684],[-60.38468,-51.796],[-60.39524,-51.78782],[-60.39786,-51.7971],[-60.40543,-51.79453],[-60.41843,-51.81821],[-60.41141,-51.8148],[-60.41282,-51.82206],[-60.40006,-51.79984],[-60.39371,-51.80039],[-60.40183,-51.80656],[-60.39005,-51.8115],[-60.37205,-51.79697],[-60.35673,-51.81492],[-60.37359,-51.81646],[-60.36936,-51.82786],[-60.37565,-51.82786],[-60.38004,-51.83811],[-60.40885,-51.84128],[-60.39756,-51.84513],[-60.41886,-51.86899],[-60.38224,-51.84568],[-60.38358,-51.85569],[-60.37388,-51.85264],[-60.36564,-51.85923],[-60.35959,-51.85496],[-60.35728,-51.86277],[-60.35166,-51.86118],[-60.36429,-51.87693],[-60.3386,-51.86881],[-60.34299,-51.85978],[-60.32737,-51.86417],[-60.34318,-51.85386],[-60.32694,-51.83274],[-60.33396,-51.81931],[-60.31968,-51.83073],[-60.30735,-51.82853],[-60.30418,-51.84007],[-60.29203,-51.82963],[-60.30076,-51.82005],[-60.29764,-51.81358],[-60.31602,-51.81107],[-60.31284,-51.80509],[-60.32834,-51.80381],[-60.309,-51.79533],[-60.29423,-51.7786],[-60.31913,-51.77915],[-60.31162,-51.77396],[-60.32151,-51.76792],[-60.32969,-51.7797],[-60.3245,-51.76121],[-60.30845,-51.76163],[-60.26609,-51.74943],[-60.28348,-51.75968],[-60.27238,-51.7656],[-60.28074,-51.77189],[-60.25553,-51.7653],[-60.26963,-51.77836],[-60.26322,-51.78275],[-60.25858,-51.78013],[-60.25883,-51.78776],[-60.24387,-51.77848],[-60.23563,-51.77982],[-60.23014,-51.77244],[-60.21397,-51.79221],[-60.21427,-51.78037],[-60.20341,-51.77946],[-60.18284,-51.75211],[-60.18876,-51.72019],[-60.18095,-51.70866],[-60.19535,-51.69987],[-60.2288,-51.70048],[-60.24772,-51.69566],[-60.26731,-51.71403],[-60.28855,-51.72044],[-60.3115,-51.71348],[-60.31803,-51.69663],[-60.32328,-51.70719],[-60.34299,-51.7183],[-60.361,-51.71018],[-60.38236,-51.71732],[-60.3751,-51.72019],[-60.38798,-51.73154],[-60.38071,-51.72721],[-60.37168,-51.73087],[-60.37485,-51.74363],[-60.36796,-51.75144],[-60.35685,-51.75022],[-60.35862,-51.75596],[-60.37357,-51.75858],[-60.37675,-51.75297],[-60.38865,-51.75474],[-60.39048,-51.7457],[-60.40989,-51.74503],[-60.41544,-51.7465],[-60.40525,-51.74924],[-60.41978,-51.76047],[-60.45859,-51.77433],[-60.46146,-51.76945],[-60.47343,-51.77451],[-60.48411,-51.77189],[-60.48026,-51.75956],[-60.49985,-51.76981],[-60.5214,-51.76035],[-60.52604,-51.77103],[-60.54978,-51.7786],[-60.53593,-51.78519],[-60.55582,-51.79356],[-60.54331,-51.79887],[-60.5344,-51.79343],[-60.53702,-51.78849],[-60.5247,-51.79368],[-60.52647,-51.80424],[-60.53892,-51.80698],[-60.54825,-51.79972],[-60.56968,-51.7996],[-60.57023,-51.78123],[-60.56101,-51.77177],[-60.59092,-51.77488],[-60.59269,-51.76432],[-60.61124,-51.7457],[-60.62998,-51.72977],[-60.64017,-51.72825],[-60.65128,-51.70933],[-60.64524,-51.70115],[-60.66312,-51.68498],[-60.65297,-51.66833],[-60.61796,-51.68156],[-60.61082,-51.69608],[-60.61655,-51.67661],[-60.56113,-51.70213],[-60.52659,-51.70591],[-60.52097,-51.71226],[-60.51841,-51.70512],[-60.5084,-51.70963],[-60.48435,-51.70402],[-60.47959,-51.70731],[-60.4376,-51.69675],[-60.38828,-51.67442],[-60.37357,-51.67753],[-60.36838,-51.67167],[-60.32041,-51.68156],[-60.28214,-51.68003],[-60.24869,-51.6699],[-60.24412,-51.65696],[-60.23344,-51.65629],[-60.20591,-51.66563],[-60.17063,-51.69169],[-60.10062,-51.70622],[-60.08536,-51.71482],[-60.08646,-51.72227],[-60.08262,-51.71757],[-60.07786,-51.72459],[-60.0571,-51.72941],[-60.02024,-51.73502],[-59.99064,-51.73374],[-59.97379,-51.74229],[-59.98856,-51.73252],[-60.02146,-51.73374],[-60.02561,-51.72648],[-60.06095,-51.72538],[-60.07139,-51.71348],[-60.08604,-51.71348],[-60.09385,-51.69993],[-60.08317,-51.69755],[-60.07328,-51.70115],[-60.06931,-51.69938],[-60.04368,-51.70512],[-60.02476,-51.69907],[-60.04783,-51.69852],[-60.03422,-51.69797],[-60.07096,-51.68796],[-60.07114,-51.69987],[-60.08811,-51.69535],[-60.09403,-51.6981],[-60.09568,-51.69102],[-60.07493,-51.69486],[-60.07731,-51.68742],[-60.08842,-51.69041],[-60.09428,-51.68137],[-60.09458,-51.67936],[-60.08976,-51.67771],[-60.08414,-51.66947],[-60.08671,-51.6641],[-60.09043,-51.67728],[-60.09458,-51.67686],[-60.09942,-51.67111],[-60.111,-51.67057],[-60.11625,-51.67991],[-60.1276,-51.67795],[-60.13456,-51.68333],[-60.18278,-51.66595],[-60.22086,-51.63151],[-60.25553,-51.62748],[-60.2551,-51.62162],[-60.22361,-51.62132],[-60.22068,-51.61448],[-60.24125,-51.60746],[-60.27268,-51.61021],[-60.29062,-51.60435],[-60.29722,-51.59544],[-60.30503,-51.59775],[-60.30747,-51.57938],[-60.28501,-51.57981],[-60.26511,-51.5684],[-60.29392,-51.57926],[-60.31339,-51.57694],[-60.29125,-51.55553],[-60.29966,-51.55582],[-60.29697,-51.55143],[-60.30997,-51.54386],[-60.32096,-51.54472],[-60.322,-51.5366],[-60.33353,-51.54307],[-60.34694,-51.54],[-60.34757,-51.54465],[-60.3278,-51.54496],[-60.32066,-51.55143],[-60.30656,-51.55253],[-60.31242,-51.55509],[-60.30253,-51.56089],[-60.31559,-51.57597],[-60.33286,-51.58036],[-60.3743,-51.57633],[-60.39786,-51.56693],[-60.40049,-51.55894],[-60.38553,-51.54935],[-60.39103,-51.54484],[-60.40568,-51.56235],[-60.43162,-51.54154],[-60.43241,-51.54618],[-60.44529,-51.54386],[-60.47562,-51.53196],[-60.48942,-51.53263],[-60.48411,-51.54307],[-60.49564,-51.53922],[-60.51182,-51.52659],[-60.50278,-51.52274],[-60.51438,-51.50999],[-60.50809,-51.49998],[-60.48203,-51.49436],[-60.48221,-51.49009],[-60.38594,-51.50501],[-60.38303,-51.48576],[-60.40104,-51.48161],[-60.39841,-51.47459],[-60.41007,-51.47037],[-60.42173,-51.45518],[-60.44639,-51.45402],[-60.45438,-51.43748],[-60.46885,-51.43638],[-60.49314,-51.44804],[-60.52183,-51.45103],[-60.58121,-51.43839],[-60.60014,-51.43937],[-60.61381,-51.42167],[-60.65067,-51.41404],[-60.62876,-51.4036],[-60.63053,-51.37656],[-60.63633,-51.37424],[-60.64451,-51.37888],[-60.64426,-51.37327],[-60.66453,-51.36069],[-60.65739,-51.35575],[-60.6337,-51.36436],[-60.61039,-51.35947],[-60.66441,-51.34],[-60.61558,-51.34684],[-60.56553,-51.36564],[-60.57078,-51.3726],[-60.55772,-51.36796],[-60.53892,-51.36973],[-60.52787,-51.37327],[-60.53208,-51.37742],[-60.52317,-51.37437],[-60.51566,-51.37766],[-60.51566,-51.38578],[-60.51273,-51.37907],[-60.48752,-51.38712],[-60.47544,-51.39732],[-60.45054,-51.4022],[-60.45341,-51.41166],[-60.44486,-51.40348],[-60.4047,-51.42045],[-60.3585,-51.45444],[-60.24509,-51.49406],[-60.20206,-51.49778],[-60.16642,-51.48325],[-60.15092,-51.48447],[-60.17118,-51.48899],[-60.16971,-51.49863],[-60.14982,-51.50382],[-60.12955,-51.50217],[-60.13004,-51.50645],[-60.12223,-51.49753],[-60.13212,-51.49436],[-60.1124,-51.49686],[-60.11661,-51.5001],[-60.10813,-51.50449],[-60.09263,-51.49985],[-60.08109,-51.48392],[-60.07493,-51.48753],[-60.0651,-51.48392],[-60.05247,-51.49302],[-60.04465,-51.48008],[-59.98295,-51.47459],[-59.98307,-51.4694],[-59.99595,-51.46677],[-60.00944,-51.45554],[-60.09208,-51.45048],[-60.09965,-51.43784],[-60.08219,-51.43552],[-60.0781,-51.42222],[-60.06809,-51.42142],[-60.0814,-51.40836],[-60.03165,-51.41703],[-60.03123,-51.4025],[-60.04435,-51.39823],[-60.03617,-51.39512],[-60.05094,-51.38822],[-60.00999,-51.38084],[-60.00394,-51.38261],[-60.00846,-51.38743],[-59.98325,-51.38853],[-59.99912,-51.39109],[-60.00339,-51.39896],[-60.01993,-51.40305],[-60.01505,-51.4177],[-60.00254,-51.42112],[-59.98008,-51.41978],[-59.98502,-51.41361],[-59.97526,-51.40604],[-59.9636,-51.41196],[-59.95975,-51.39579],[-59.95334,-51.40055],[-59.94785,-51.39207],[-59.93662,-51.39866],[-59.93125,-51.39701],[-59.93589,-51.39005],[-59.91508,-51.39634],[-59.90299,-51.39054],[-59.91817,-51.38505],[-59.88657,-51.38218],[-59.86033,-51.39072],[-59.8986,-51.39512],[-59.88175,-51.4022],[-59.88767,-51.40452],[-59.90848,-51.40238],[-59.89945,-51.40513],[-59.90726,-51.40952],[-59.88889,-51.40745],[-59.90244,-51.41843],[-59.89628,-51.42387],[-59.89066,-51.41074],[-59.81992,-51.39524],[-59.81126,-51.39634],[-59.8231,-51.39689],[-59.82444,-51.40293],[-59.8726,-51.40964],[-59.87559,-51.41386],[-59.83402,-51.41734],[-59.8173,-51.41074],[-59.77134,-51.42075],[-59.75779,-51.40537],[-59.75986,-51.41538],[-59.74546,-51.41373],[-59.74326,-51.42057],[-59.73008,-51.42155],[-59.73282,-51.42704],[-59.75352,-51.42484],[-59.77341,-51.43455],[-59.77866,-51.43076],[-59.80057,-51.43638],[-59.82963,-51.4343],[-59.80509,-51.43967],[-59.84251,-51.44376],[-59.81455,-51.44346],[-59.80906,-51.4495],[-59.8165,-51.45542],[-59.79246,-51.45982],[-59.77811,-51.45322],[-59.76932,-51.45872],[-59.757,-51.44981],[-59.76029,-51.45695],[-59.73282,-51.46079],[-59.7208,-51.45237],[-59.70243,-51.45267],[-59.68406,-51.44584],[-59.67264,-51.44828],[-59.63437,-51.43705],[-59.62675,-51.44407],[-59.62729,-51.46885],[-59.61942,-51.43565],[-59.59531,-51.43882],[-59.57407,-51.43461],[-59.53141,-51.41343],[-59.51993,-51.39933],[-59.50413,-51.39396],[-59.491,-51.39536],[-59.48752,-51.4],[-59.49589,-51.4047],[-59.49094,-51.41184],[-59.48112,-51.40867],[-59.48386,-51.41538],[-59.51426,-51.42167],[-59.54185,-51.43925],[-59.54832,-51.43674],[-59.59367,-51.44529],[-59.60148,-51.44254],[-59.58927,-51.45792],[-59.54624,-51.46354],[-59.54758,-51.46793],[-59.52042,-51.48081],[-59.54227,-51.44529],[-59.5084,-51.45951],[-59.47477,-51.45737],[-59.46604,-51.4639],[-59.44749,-51.45695],[-59.43943,-51.44706],[-59.42423,-51.44901],[-59.39762,-51.4354],[-59.38578,-51.43882],[-59.38346,-51.43235],[-59.39652,-51.42167],[-59.43638,-51.40647],[-59.47617,-51.4036],[-59.43571,-51.3884],[-59.43406,-51.38193],[-59.45438,-51.35618],[-59.44889,-51.35215],[-59.42393,-51.35795],[-59.42765,-51.36106],[-59.40391,-51.36149],[-59.39774,-51.36753],[-59.39872,-51.36094],[-59.41105,-51.35783],[-59.40403,-51.35563],[-59.41636,-51.34739],[-59.41556,-51.33781],[-59.3939,-51.3389],[-59.39182,-51.33476],[-59.37852,-51.34489]],[[-60.21434,-51.77953],[-60.21856,-51.77198],[-60.2282,-51.77001],[-60.22344,-51.75663],[-60.21434,-51.77953]],[[-59.77905,-51.44652],[-59.78291,-51.43828],[-59.77668,-51.43739],[-59.77905,-51.44652]],[[-60.14109,-51.41562],[-60.12503,-51.41418],[-60.12786,-51.41851],[-60.11207,-51.42177],[-60.11421,-51.42758],[-60.10531,-51.42733],[-60.10999,-51.43176],[-60.12084,-51.42338],[-60.15833,-51.414],[-60.14109,-51.41562]],[[-60.20218,-51.4042],[-60.21152,-51.40767],[-60.20943,-51.40175],[-60.20218,-51.4042]],[[-59.75614,-51.4042],[-59.75905,-51.39525],[-59.75012,-51.3916],[-59.74325,-51.39411],[-59.75124,-51.39518],[-59.75614,-51.4042]],[[-59.77,-51.39485],[-59.7767,-51.39277],[-59.75561,-51.38999],[-59.77,-51.39485]],[[-59.88076,-51.37995],[-59.88952,-51.38013],[-59.87305,-51.37502],[-59.87341,-51.38128],[-59.88076,-51.37995]],[[-59.95925,-51.37592],[-59.96488,-51.38021],[-59.97581,-51.37843],[-59.96516,-51.37096],[-59.95925,-51.37592]],[[-59.76008,-51.37622],[-59.76736,-51.37595],[-59.75377,-51.37451],[-59.76008,-51.37622]],[[-59.82412,-51.3705],[-59.83779,-51.37345],[-59.83446,-51.37901],[-59.84545,-51.37761],[-59.84653,-51.37237],[-59.84828,-51.37662],[-59.87105,-51.37549],[-59.86638,-51.36762],[-59.85828,-51.37129],[-59.85072,-51.36648],[-59.8325,-51.36614],[-59.82412,-51.3705]],[[-59.89683,-51.37855],[-59.90628,-51.37297],[-59.88996,-51.36575],[-59.88416,-51.37088],[-59.89683,-51.37855]],[[-59.83471,-51.34955],[-59.83027,-51.35261],[-59.83712,-51.35638],[-59.84976,-51.35282],[-59.8467,-51.34805],[-59.85591,-51.34974],[-59.83765,-51.34342],[-59.83471,-51.34955]],[[-59.74115,-51.3195],[-59.74505,-51.33627],[-59.73529,-51.33882],[-59.73343,-51.32746],[-59.73352,-51.34255],[-59.69251,-51.36401],[-59.66033,-51.37063],[-59.68469,-51.37092],[-59.71821,-51.35848],[-59.73694,-51.36154],[-59.74475,-51.38188],[-59.74667,-51.37077],[-59.76763,-51.3734],[-59.76442,-51.36671],[-59.77454,-51.36941],[-59.77604,-51.36502],[-59.74396,-51.36407],[-59.77171,-51.36131],[-59.78296,-51.3522],[-59.78332,-51.35738],[-59.79923,-51.35555],[-59.81484,-51.36106],[-59.79564,-51.36242],[-59.80039,-51.37408],[-59.80754,-51.36482],[-59.8319,-51.3594],[-59.80794,-51.35007],[-59.78924,-51.3533],[-59.7957,-51.34754],[-59.7799,-51.34361],[-59.76833,-51.34922],[-59.7501,-51.34822],[-59.75218,-51.3423],[-59.77185,-51.34055],[-59.78268,-51.322],[-59.75177,-51.33346],[-59.75174,-51.31992],[-59.73921,-51.3157],[-59.74115,-51.3195]],[[-59.85028,-51.33881],[-59.86036,-51.34147],[-59.84574,-51.33622],[-59.85028,-51.33881]],[[-60.28357,-51.2644],[-60.2655,-51.27179],[-60.24921,-51.3006],[-60.23065,-51.30731],[-60.15759,-51.31647],[-60.09137,-51.30347],[-60.0849,-51.30469],[-60.09137,-51.30987],[-60.0863,-51.31415],[-60.06146,-51.31372],[-60.07904,-51.32843],[-60.04614,-51.33374],[-60.04474,-51.33789],[-60.05463,-51.34155],[-60.06201,-51.35541],[-60.08301,-51.36377],[-60.07697,-51.37341],[-60.08722,-51.37024],[-60.08838,-51.3764],[-60.08026,-51.38245],[-60.10767,-51.37891],[-60.09821,-51.38452],[-60.11206,-51.38708],[-60.12109,-51.39618],[-60.10999,-51.40369],[-60.17572,-51.40424],[-60.17078,-51.39807],[-60.19775,-51.40631],[-60.19299,-51.40051],[-60.20062,-51.39685],[-60.23889,-51.41412],[-60.25769,-51.4137],[-60.28168,-51.40741],[-60.31567,-51.38928],[-60.27399,-51.396],[-60.28595,-51.37946],[-60.28442,-51.36957],[-60.24316,-51.36078],[-60.23358,-51.349],[-60.24286,-51.34595],[-60.2326,-51.33856],[-60.19421,-51.35846],[-60.18256,-51.37903],[-60.16901,-51.38],[-60.18225,-51.38214],[-60.18695,-51.38971],[-60.17279,-51.39313],[-60.17621,-51.39685],[-60.13782,-51.39148],[-60.14648,-51.38092],[-60.13007,-51.38818],[-60.13074,-51.37628],[-60.12262,-51.36981],[-60.13208,-51.36993],[-60.12164,-51.36475],[-60.13098,-51.35992],[-60.14001,-51.3642],[-60.1654,-51.3634],[-60.1391,-51.36035],[-60.14746,-51.35309],[-60.15662,-51.35724],[-60.20203,-51.34296],[-60.23175,-51.32458],[-60.23944,-51.30829],[-60.28357,-51.30469],[-60.30951,-51.29059],[-60.32092,-51.28113],[-60.32556,-51.26263],[-60.3075,-51.26959],[-60.29596,-51.26672],[-60.29718,-51.26154],[-60.28357,-51.2644]],[[-59.94872,-51.29177],[-59.94622,-51.30091],[-59.92652,-51.30521],[-59.92332,-51.31555],[-59.89873,-51.31265],[-59.91713,-51.32654],[-59.92699,-51.32444],[-59.92772,-51.31649],[-59.94884,-51.31566],[-59.94765,-51.31988],[-59.92988,-51.32198],[-59.93919,-51.32673],[-59.93638,-51.33526],[-59.91982,-51.33661],[-59.92878,-51.35591],[-59.94985,-51.35782],[-59.95505,-51.35263],[-59.98873,-51.34518],[-60.03261,-51.32064],[-60.04455,-51.30554],[-60.02593,-51.29906],[-59.99588,-51.30018],[-59.99732,-51.29051],[-59.9881,-51.28574],[-59.9765,-51.29371],[-59.9571,-51.28203],[-59.94872,-51.29177]],[[-59.71988,-51.30755],[-59.7136,-51.30843],[-59.73309,-51.31462],[-59.73289,-51.30369],[-59.71988,-51.30755]],[[-59.86638,-51.24887],[-59.84097,-51.26309],[-59.85601,-51.26589],[-59.87646,-51.26103],[-59.87745,-51.25554],[-59.88863,-51.25806],[-59.90179,-51.23996],[-59.8872,-51.23786],[-59.86638,-51.24887]],[[-59.90194,-51.21898],[-59.8994,-51.22446],[-59.93658,-51.21541],[-59.9176,-51.20844],[-59.90194,-51.21898]],[[-59.18404,-52.90767],[-59.19157,-52.91903],[-59.18618,-52.89126],[-59.17714,-52.89336],[-59.18404,-52.90767]],[[-59.03977,-52.43018],[-59.03825,-52.43325],[-59.05671,-52.42859],[-59.0733,-52.43131],[-59.09299,-52.44086],[-59.10806,-52.4385],[-59.11205,-52.44658],[-59.12365,-52.44946],[-59.15255,-52.43757],[-59.12937,-52.42797],[-59.1093,-52.42768],[-59.10446,-52.42224],[-59.0743,-52.41984],[-59.03977,-52.43018]],[[-59.6579,-52.36352],[-59.64858,-52.37016],[-59.69191,-52.38014],[-59.69827,-52.39669],[-59.72076,-52.39204],[-59.72592,-52.39619],[-59.74275,-52.3857],[-59.73224,-52.37331],[-59.72351,-52.37361],[-59.7203,-52.37942],[-59.7176,-52.36778],[-59.69735,-52.36702],[-59.70665,-52.3757],[-59.69249,-52.37576],[-59.67655,-52.36343],[-59.66765,-52.36363],[-59.66827,-52.35837],[-59.68355,-52.36209],[-59.65903,-52.3489],[-59.66462,-52.35766],[-59.6579,-52.36352]],[[-59.55316,-52.2649],[-59.55792,-52.26377],[-59.55036,-52.27052],[-59.53839,-52.26733],[-59.52984,-52.27381],[-59.54834,-52.28245],[-59.56095,-52.26966],[-59.56048,-52.26228],[-59.55316,-52.2649]],[[-59.68493,-52.26933],[-59.69421,-52.26944],[-59.67491,-52.26502],[-59.67535,-52.26927],[-59.68493,-52.26933]],[[-59.31634,-52.24937],[-59.32693,-52.25187],[-59.31722,-52.24421],[-59.31941,-52.23803],[-59.31025,-52.23653],[-59.31634,-52.24937]],[[-59.5931,-52.22917],[-59.59834,-52.22803],[-59.58976,-52.22537],[-59.5868,-52.23],[-59.5931,-52.22917]],[[-59.25916,-52.2072],[-59.27094,-52.20332],[-59.25691,-52.20079],[-59.25916,-52.2072]],[[-59.08044,-52.06943],[-59.07886,-52.07894],[-59.08793,-52.07982],[-59.09182,-52.0734],[-59.08044,-52.06943]],[[-59.66173,-52.03263],[-59.65099,-52.02795],[-59.66705,-52.0382],[-59.66173,-52.03263]],[[-59.66545,-52.02105],[-59.66758,-52.02772],[-59.67568,-52.02845],[-59.68526,-52.02826],[-59.68858,-52.02175],[-59.67193,-52.01092],[-59.67924,-52.01931],[-59.66545,-52.02105]],[[-59.64823,-51.98699],[-59.64528,-51.9942],[-59.66373,-51.9983],[-59.66153,-51.987],[-59.64823,-51.98699]],[[-59.68383,-51.94317],[-59.70109,-51.95986],[-59.68362,-51.96161],[-59.66637,-51.97508],[-59.67165,-51.98385],[-59.6967,-51.99214],[-59.6981,-51.98007],[-59.71967,-51.97991],[-59.72341,-51.96857],[-59.70963,-51.96539],[-59.71749,-51.95473],[-59.70967,-51.93739],[-59.69304,-51.93337],[-59.68383,-51.94317]],[[-59.6432,-51.92134],[-59.63608,-51.92482],[-59.64197,-51.931],[-59.65813,-51.92299],[-59.65114,-51.91787],[-59.65682,-51.91328],[-59.6432,-51.92134]],[[-59.65453,-51.91049],[-59.66271,-51.90896],[-59.64905,-51.90836],[-59.65453,-51.91049]],[[-59.66565,-51.89051],[-59.66917,-51.89857],[-59.68692,-51.89739],[-59.66771,-51.88503],[-59.66198,-51.88585],[-59.66565,-51.89051]],[[-59.63518,-51.8864],[-59.6327,-51.87711],[-59.62817,-51.88462],[-59.63518,-51.8864]],[[-59.64513,-51.87661],[-59.65731,-51.87615],[-59.65181,-51.87266],[-59.64513,-51.87661]],[[-59.59539,-51.87189],[-59.61267,-51.87833],[-59.61047,-51.86948],[-59.623,-51.86861],[-59.60878,-51.85925],[-59.59842,-51.86255],[-59.58677,-51.85672],[-59.59539,-51.87189]],[[-59.55873,-51.80422],[-59.59187,-51.80255],[-59.61405,-51.80678],[-59.61972,-51.81289],[-59.63052,-51.79778],[-59.62532,-51.78942],[-59.60775,-51.78399],[-59.59648,-51.78722],[-59.58764,-51.77913],[-59.5877,-51.78292],[-59.57845,-51.7829],[-59.5488,-51.75954],[-59.53538,-51.75655],[-59.55695,-51.7762],[-59.55873,-51.80422]],[[-59.6604,-51.79929],[-59.66359,-51.78963],[-59.62189,-51.76825],[-59.63373,-51.78334],[-59.6604,-51.79929]],[[-59.51592,-51.73122],[-59.50516,-51.73451],[-59.52876,-51.75099],[-59.51592,-51.73122]],[[-59.54885,-51.66563],[-59.53811,-51.65885],[-59.5571,-51.67134],[-59.54885,-51.66563]],[[-59.21025,-51.59021],[-59.21882,-51.59178],[-59.21608,-51.58348],[-59.20323,-51.58461],[-59.21025,-51.59021]],[[-59.18476,-51.58677],[-59.1867,-51.59103],[-59.19509,-51.579],[-59.18476,-51.58677]],[[-59.25253,-51.45058],[-59.24749,-51.4492],[-59.25947,-51.45379],[-59.25253,-51.45058]],[[-59.71399,-51.43516],[-59.71838,-51.43001],[-59.71018,-51.42843],[-59.71239,-51.43876],[-59.71399,-51.43516]],[[-59.66399,-51.43496],[-59.6796,-51.43773],[-59.67162,-51.43185],[-59.68043,-51.42821],[-59.66951,-51.4279],[-59.66399,-51.43496]],[[-59.64749,-51.41599],[-59.65568,-51.42261],[-59.6621,-51.41571],[-59.64308,-51.40965],[-59.65172,-51.41356],[-59.64749,-51.41599]],[[-59.59561,-51.40942],[-59.59228,-51.42612],[-59.61819,-51.42259],[-59.62345,-51.41662],[-59.6426,-51.42032],[-59.63633,-51.40863],[-59.60767,-51.40417],[-59.59561,-51.40942]],[[-59.69888,-51.39051],[-59.68755,-51.39015],[-59.69706,-51.39919],[-59.68495,-51.39827],[-59.68401,-51.40791],[-59.72323,-51.42368],[-59.72886,-51.40968],[-59.73967,-51.40876],[-59.73116,-51.39887],[-59.73539,-51.39467],[-59.72324,-51.40036],[-59.72682,-51.38937],[-59.69888,-51.39051]],[[-59.66498,-51.39074],[-59.67329,-51.40638],[-59.67036,-51.38928],[-59.64721,-51.38498],[-59.64128,-51.38804],[-59.66498,-51.39074]],[[-59.67953,-51.38554],[-59.75419,-51.3881],[-59.67736,-51.37561],[-59.67291,-51.37911],[-59.67953,-51.38554]],[[-59.61597,-51.36963],[-59.59013,-51.3716],[-59.61747,-51.37718],[-59.59464,-51.37909],[-59.63244,-51.38367],[-59.65376,-51.3801],[-59.65313,-51.38445],[-59.66835,-51.38471],[-59.67229,-51.37417],[-59.65596,-51.37511],[-59.65505,-51.36847],[-59.61597,-51.36963]],[[-59.66104,-51.35003],[-59.65729,-51.34766],[-59.65519,-51.35445],[-59.66104,-51.35003]],[[-59.62568,-51.34792],[-59.63351,-51.34479],[-59.62578,-51.33758],[-59.61998,-51.3439],[-59.62568,-51.34792]],[[-59.70168,-51.33949],[-59.70356,-51.34626],[-59.69657,-51.34257],[-59.69174,-51.35],[-59.68205,-51.35055],[-59.68455,-51.34297],[-59.67565,-51.33526],[-59.66184,-51.34313],[-59.64369,-51.33887],[-59.64436,-51.34426],[-59.63743,-51.34167],[-59.63348,-51.3488],[-59.64171,-51.35131],[-59.63833,-51.35674],[-59.64962,-51.35851],[-59.65147,-51.34454],[-59.66607,-51.35192],[-59.67689,-51.34955],[-59.66384,-51.35755],[-59.70042,-51.35238],[-59.71576,-51.33517],[-59.69276,-51.3268],[-59.70168,-51.33949]],[[-59.65889,-51.33436],[-59.66062,-51.33777],[-59.67099,-51.33414],[-59.65889,-51.33436]],[[-59.75055,-51.25283],[-59.74373,-51.26487],[-59.7265,-51.257],[-59.72576,-51.26839],[-59.69615,-51.2727],[-59.67262,-51.2714],[-59.65327,-51.26407],[-59.63889,-51.26895],[-59.60343,-51.26285],[-59.60136,-51.26807],[-59.58816,-51.27024],[-59.60336,-51.28486],[-59.59516,-51.29069],[-59.58828,-51.28258],[-59.60056,-51.3053],[-59.58773,-51.31137],[-59.5563,-51.30856],[-59.5463,-51.30222],[-59.54202,-51.29417],[-59.55293,-51.29103],[-59.53866,-51.28606],[-59.54944,-51.27804],[-59.51717,-51.28589],[-59.51145,-51.28221],[-59.5178,-51.27501],[-59.50897,-51.27889],[-59.5027,-51.27436],[-59.49152,-51.27582],[-59.47373,-51.28405],[-59.47931,-51.29035],[-59.47121,-51.30392],[-59.45135,-51.31073],[-59.44979,-51.32072],[-59.43488,-51.32524],[-59.42442,-51.33808],[-59.43448,-51.33882],[-59.45945,-51.32774],[-59.47783,-51.30331],[-59.48263,-51.30633],[-59.47201,-51.31918],[-59.48537,-51.33254],[-59.45926,-51.34574],[-59.46145,-51.35106],[-59.48559,-51.3433],[-59.50623,-51.34303],[-59.51344,-51.34773],[-59.53027,-51.3435],[-59.55038,-51.34715],[-59.58629,-51.34374],[-59.59908,-51.33405],[-59.60091,-51.31931],[-59.61952,-51.30506],[-59.66062,-51.30192],[-59.68038,-51.29412],[-59.71471,-51.30324],[-59.72189,-51.29293],[-59.72833,-51.30062],[-59.73255,-51.29326],[-59.75784,-51.29317],[-59.76927,-51.28378],[-59.81155,-51.28034],[-59.83791,-51.26432],[-59.82395,-51.26194],[-59.82364,-51.25402],[-59.79902,-51.25507],[-59.76512,-51.248],[-59.75055,-51.25283]],[[-58.90513,-52.44972],[-58.91291,-52.44886],[-58.892,-52.4388],[-58.89608,-52.44894],[-58.90513,-52.44972]],[[-58.99901,-52.44451],[-59.00464,-52.44616],[-59.00614,-52.44063],[-58.99901,-52.44451]],[[-58.84293,-52.16655],[-58.85034,-52.17049],[-58.84533,-52.18517],[-58.8258,-52.20059],[-58.83768,-52.20381],[-58.83545,-52.2107],[-58.85039,-52.20993],[-58.84833,-52.21505],[-58.86631,-52.22608],[-58.87902,-52.22361],[-58.8877,-52.23103],[-58.92465,-52.23617],[-58.93579,-52.24319],[-58.98781,-52.24067],[-59.00382,-52.24825],[-59.00471,-52.24148],[-58.99014,-52.23501],[-58.99701,-52.22503],[-58.99016,-52.22272],[-58.97531,-52.22431],[-58.96898,-52.23643],[-58.94909,-52.23008],[-58.94904,-52.22435],[-58.93664,-52.23491],[-58.92008,-52.22726],[-58.91474,-52.21377],[-58.91121,-52.21825],[-58.89722,-52.21549],[-58.88502,-52.22189],[-58.87485,-52.21173],[-58.85658,-52.2142],[-58.85241,-52.2063],[-58.8616,-52.20025],[-58.85418,-52.19676],[-58.85418,-52.18637],[-58.86189,-52.17872],[-58.85085,-52.16171],[-58.84145,-52.1608],[-58.84141,-52.14825],[-58.82618,-52.13308],[-58.83183,-52.14568],[-58.8241,-52.15378],[-58.84293,-52.16655]],[[-58.99887,-52.14638],[-59.01332,-52.15054],[-59.01573,-52.1446],[-58.98828,-52.13514],[-58.99887,-52.14638]],[[-58.85713,-52.14299],[-58.86132,-52.1393],[-58.85214,-52.14071],[-58.85713,-52.14299]],[[-58.70283,-52.1312],[-58.70753,-52.13779],[-58.72064,-52.13948],[-58.72274,-52.13176],[-58.73482,-52.12987],[-58.71314,-52.12575],[-58.70283,-52.1312]],[[-58.59979,-52.13588],[-58.59608,-52.14406],[-58.6142,-52.15115],[-58.60911,-52.14037],[-58.62845,-52.1309],[-58.62465,-52.11267],[-58.61458,-52.11717],[-58.61743,-52.13011],[-58.59979,-52.13588]],[[-59.00981,-52.08436],[-59.00098,-52.08107],[-59.00517,-52.0875],[-59.00981,-52.08436]],[[-58.6038,-52.03787],[-58.60953,-52.0359],[-58.59607,-52.03453],[-58.6038,-52.03787]],[[-58.59492,-51.97239],[-58.59634,-51.97604],[-58.60862,-51.97244],[-58.59492,-51.97239]],[[-58.65258,-51.95433],[-58.67126,-51.95182],[-58.66814,-51.94897],[-58.65258,-51.95433]],[[-58.76691,-51.9453],[-58.75686,-51.94642],[-58.7831,-51.94747],[-58.76691,-51.9453]],[[-58.65069,-51.9455],[-58.67476,-51.94211],[-58.677,-51.94586],[-58.68524,-51.94083],[-58.67276,-51.93782],[-58.65069,-51.9455]],[[-58.7251,-51.92547],[-58.71838,-51.9288],[-58.70981,-51.92363],[-58.70071,-51.92589],[-58.72099,-51.93041],[-58.71029,-51.93249],[-58.71136,-51.9363],[-58.7345,-51.93172],[-58.72433,-51.92946],[-58.73634,-51.92351],[-58.71975,-51.92238],[-58.7251,-51.92547]],[[-58.61642,-51.90382],[-58.62352,-51.90297],[-58.60844,-51.9047],[-58.61642,-51.90382]],[[-58.932,-51.85475],[-58.9282,-51.85916],[-58.9429,-51.85135],[-58.932,-51.85475]],[[-58.96291,-51.8471],[-58.97382,-51.8466],[-58.95841,-51.84461],[-58.95627,-51.84681],[-58.96291,-51.8471]],[[-58.95295,-51.83821],[-58.9607,-51.83636],[-58.95271,-51.83269],[-58.95295,-51.83821]],[[-58.9511,-51.24265],[-58.90895,-51.26636],[-58.9053,-51.27617],[-58.87159,-51.28571],[-58.83995,-51.28791],[-58.82573,-51.29949],[-58.81753,-51.29731],[-58.81458,-51.30544],[-58.79119,-51.30584],[-58.78378,-51.31151],[-58.74582,-51.31745],[-58.75181,-51.3223],[-58.73948,-51.326],[-58.741,-51.33296],[-58.73422,-51.33196],[-58.72646,-51.34081],[-58.73162,-51.3477],[-58.73635,-51.34918],[-58.741,-51.34707],[-58.73747,-51.35015],[-58.73197,-51.34889],[-58.72043,-51.34144],[-58.7263,-51.32567],[-58.74308,-51.32162],[-58.73863,-51.31498],[-58.72614,-51.3182],[-58.72043,-51.32612],[-58.6938,-51.32656],[-58.67022,-51.33583],[-58.6587,-51.33516],[-58.66002,-51.32948],[-58.63956,-51.32387],[-58.62921,-51.34079],[-58.64009,-51.34128],[-58.619,-51.35825],[-58.59609,-51.3486],[-58.59244,-51.36364],[-58.59231,-51.34995],[-58.58004,-51.34755],[-58.58014,-51.35608],[-58.56248,-51.36408],[-58.57543,-51.35469],[-58.57082,-51.34569],[-58.58196,-51.3398],[-58.57796,-51.33107],[-58.56954,-51.33627],[-58.57809,-51.32872],[-58.56882,-51.32352],[-58.58649,-51.32592],[-58.58501,-51.34227],[-58.61765,-51.35046],[-58.62888,-51.34222],[-58.6203,-51.33404],[-58.62624,-51.31881],[-58.63658,-51.31443],[-58.62766,-51.31301],[-58.624,-51.32026],[-58.60621,-51.32201],[-58.5826,-51.31038],[-58.58377,-51.29929],[-58.57201,-51.29714],[-58.55553,-51.3048],[-58.53172,-51.29505],[-58.51335,-51.30954],[-58.49079,-51.30446],[-58.48148,-51.30814],[-58.46591,-51.29814],[-58.46601,-51.31157],[-58.45821,-51.31643],[-58.44833,-51.31367],[-58.43329,-51.32075],[-58.41213,-51.31575],[-58.39453,-51.33197],[-58.37831,-51.33205],[-58.38569,-51.34427],[-58.37066,-51.35171],[-58.36534,-51.34873],[-58.36696,-51.35379],[-58.35473,-51.35886],[-58.34298,-51.35451],[-58.34083,-51.36101],[-58.34916,-51.36524],[-58.33139,-51.37921],[-58.33535,-51.38791],[-58.34715,-51.39004],[-58.35143,-51.38382],[-58.36035,-51.3916],[-58.37665,-51.39469],[-58.34083,-51.39047],[-58.31509,-51.41667],[-58.33057,-51.42818],[-58.31891,-51.42911],[-58.32594,-51.43624],[-58.35874,-51.43284],[-58.35318,-51.44135],[-58.33106,-51.43861],[-58.34302,-51.44562],[-58.3395,-51.45162],[-58.35008,-51.45548],[-58.35095,-51.46217],[-58.36533,-51.46529],[-58.35896,-51.45227],[-58.37228,-51.44997],[-58.36485,-51.44497],[-58.3701,-51.43352],[-58.36953,-51.44181],[-58.37878,-51.44609],[-58.39508,-51.44147],[-58.45704,-51.45504],[-58.47559,-51.43103],[-58.47141,-51.41985],[-58.48391,-51.39832],[-58.49485,-51.39774],[-58.50604,-51.42425],[-58.5194,-51.41979],[-58.51467,-51.41468],[-58.52062,-51.40666],[-58.48954,-51.38563],[-58.50331,-51.3812],[-58.52748,-51.40492],[-58.53852,-51.40884],[-58.5493,-51.40451],[-58.54728,-51.40071],[-58.55794,-51.40415],[-58.53061,-51.41201],[-58.55101,-51.41919],[-58.53773,-51.42109],[-58.59898,-51.43949],[-58.58222,-51.43962],[-58.52815,-51.42365],[-58.52291,-51.42907],[-58.53585,-51.43373],[-58.54269,-51.43063],[-58.56034,-51.43817],[-58.56629,-51.44788],[-58.57201,-51.44365],[-58.58342,-51.44591],[-58.59117,-51.45445],[-58.59652,-51.45211],[-58.5928,-51.45812],[-58.62107,-51.4676],[-58.62679,-51.46315],[-58.62492,-51.46727],[-58.63358,-51.47005],[-58.62092,-51.46938],[-58.59823,-51.46106],[-58.59617,-51.46462],[-58.5821,-51.44887],[-58.57201,-51.4453],[-58.57295,-51.4505],[-58.55886,-51.4508],[-58.55851,-51.43995],[-58.51763,-51.42878],[-58.5214,-51.43945],[-58.54179,-51.44465],[-58.52241,-51.44363],[-58.50815,-51.43646],[-58.51601,-51.44648],[-58.5095,-51.44558],[-58.51391,-51.44976],[-58.50719,-51.44814],[-58.5042,-51.45378],[-58.51658,-51.46088],[-58.52017,-51.45517],[-58.54373,-51.45724],[-58.52459,-51.45797],[-58.52329,-51.4712],[-58.55157,-51.46919],[-58.54625,-51.47152],[-58.55995,-51.47563],[-58.55988,-51.48024],[-58.54848,-51.47439],[-58.53236,-51.47653],[-58.52662,-51.48235],[-58.52059,-51.47451],[-58.51449,-51.47842],[-58.51331,-51.48259],[-58.52441,-51.48373],[-58.52984,-51.48975],[-58.5426,-51.49019],[-58.52664,-51.49975],[-58.53634,-51.5096],[-58.52984,-51.51196],[-58.51164,-51.50068],[-58.52642,-51.49495],[-58.52065,-51.48567],[-58.5106,-51.49213],[-58.50249,-51.48087],[-58.49293,-51.47976],[-58.49191,-51.46846],[-58.47633,-51.46831],[-58.47677,-51.47709],[-58.46697,-51.47764],[-58.47317,-51.49115],[-58.44283,-51.46868],[-58.42474,-51.4689],[-58.43641,-51.47297],[-58.43525,-51.48132],[-58.42466,-51.4806],[-58.42334,-51.49222],[-58.43344,-51.49379],[-58.42927,-51.49691],[-58.43785,-51.50128],[-58.40978,-51.49054],[-58.41546,-51.51044],[-58.43382,-51.52369],[-58.42201,-51.53461],[-58.43147,-51.53859],[-58.42583,-51.54163],[-58.43052,-51.54504],[-58.46273,-51.54771],[-58.44434,-51.54736],[-58.43329,-51.5517],[-58.42711,-51.56343],[-58.4175,-51.56312],[-58.4193,-51.5514],[-58.41036,-51.54937],[-58.40514,-51.52816],[-58.38891,-51.53784],[-58.37748,-51.53019],[-58.39293,-51.54948],[-58.38322,-51.55148],[-58.37113,-51.54555],[-58.36852,-51.55144],[-58.37823,-51.55537],[-58.37088,-51.55897],[-58.38587,-51.56488],[-58.3595,-51.5591],[-58.34982,-51.56121],[-58.3537,-51.57129],[-58.34254,-51.56554],[-58.32823,-51.56736],[-58.34557,-51.5545],[-58.32722,-51.55196],[-58.32668,-51.53772],[-58.30956,-51.5437],[-58.31457,-51.54567],[-58.3087,-51.55682],[-58.30074,-51.55722],[-58.29255,-51.54817],[-58.29056,-51.55385],[-58.27564,-51.55588],[-58.2828,-51.56082],[-58.27829,-51.56548],[-58.27081,-51.56238],[-58.26476,-51.5655],[-58.26471,-51.57296],[-58.28397,-51.57277],[-58.27396,-51.57538],[-58.27644,-51.58158],[-58.2648,-51.58273],[-58.27281,-51.58627],[-58.26405,-51.5946],[-58.29207,-51.58861],[-58.28518,-51.59389],[-58.30404,-51.60478],[-58.30901,-51.61489],[-58.28286,-51.5977],[-58.26989,-51.60095],[-58.2635,-51.61335],[-58.25222,-51.61444],[-58.25514,-51.61878],[-58.28207,-51.62327],[-58.25619,-51.6218],[-58.26435,-51.63682],[-58.25632,-51.6455],[-58.26875,-51.65024],[-58.26227,-51.65366],[-58.28086,-51.65584],[-58.26384,-51.65521],[-58.27954,-51.66166],[-58.26629,-51.6616],[-58.25838,-51.65286],[-58.24087,-51.65403],[-58.25682,-51.65218],[-58.25006,-51.64329],[-58.25413,-51.63619],[-58.24477,-51.63609],[-58.25425,-51.63459],[-58.24793,-51.62093],[-58.23673,-51.62632],[-58.24311,-51.62997],[-58.23322,-51.6327],[-58.24071,-51.63733],[-58.22226,-51.64763],[-58.22644,-51.65384],[-58.2185,-51.66018],[-58.21256,-51.64927],[-58.21113,-51.65532],[-58.19908,-51.65829],[-58.22658,-51.63767],[-58.20218,-51.64476],[-58.17283,-51.64352],[-58.19297,-51.63893],[-58.21171,-51.64167],[-58.21727,-51.63265],[-58.20439,-51.63035],[-58.22855,-51.62711],[-58.20462,-51.62237],[-58.2316,-51.62321],[-58.24164,-51.61774],[-58.24006,-51.60769],[-58.26053,-51.60067],[-58.25763,-51.5942],[-58.24657,-51.59397],[-58.25218,-51.58437],[-58.234,-51.587],[-58.1951,-51.60746],[-58.17458,-51.60744],[-58.17015,-51.60338],[-58.16325,-51.60976],[-58.15753,-51.6073],[-58.14666,-51.61182],[-58.15345,-51.60594],[-58.21158,-51.58676],[-58.1789,-51.5817],[-58.22219,-51.58022],[-58.24161,-51.57416],[-58.22027,-51.56343],[-58.23236,-51.56421],[-58.23339,-51.55983],[-58.24014,-51.56412],[-58.26295,-51.55366],[-58.24446,-51.54989],[-58.24975,-51.54597],[-58.23911,-51.54243],[-58.22594,-51.54532],[-58.21695,-51.54203],[-58.22027,-51.53786],[-58.2033,-51.53053],[-58.20128,-51.52421],[-58.2505,-51.53523],[-58.27056,-51.53439],[-58.27735,-51.53105],[-58.26709,-51.51877],[-58.27867,-51.52774],[-58.29791,-51.53063],[-58.30149,-51.52153],[-58.28376,-51.50243],[-58.28707,-51.4907],[-58.29634,-51.48726],[-58.30375,-51.49035],[-58.30311,-51.49967],[-58.3229,-51.50052],[-58.31544,-51.50401],[-58.31683,-51.51392],[-58.33309,-51.52038],[-58.3372,-51.50993],[-58.35298,-51.51834],[-58.37848,-51.51269],[-58.36986,-51.50908],[-58.36998,-51.5012],[-58.37715,-51.5006],[-58.35163,-51.48671],[-58.37544,-51.49101],[-58.38658,-51.4845],[-58.35452,-51.47835],[-58.34191,-51.47029],[-58.32896,-51.47572],[-58.3387,-51.4657],[-58.3212,-51.45516],[-58.31299,-51.44],[-58.29996,-51.43874],[-58.29143,-51.43023],[-58.29641,-51.41904],[-58.27731,-51.39845],[-58.28269,-51.39098],[-58.26705,-51.39206],[-58.2334,-51.38251],[-58.21083,-51.38853],[-58.19393,-51.3847],[-58.17567,-51.38796],[-58.15658,-51.37764],[-58.13764,-51.38372],[-58.13359,-51.3772],[-58.10767,-51.37807],[-58.09701,-51.38297],[-58.07985,-51.37331],[-58.05541,-51.36958],[-58.0534,-51.3776],[-58.04186,-51.37964],[-58.04212,-51.37376],[-58.03434,-51.37244],[-58.01427,-51.38238],[-58.02467,-51.39118],[-58.01854,-51.38972],[-58.01474,-51.40177],[-58.01295,-51.38398],[-58.00392,-51.3771],[-57.98113,-51.3772],[-57.97797,-51.36768],[-57.96245,-51.37143],[-57.94377,-51.36245],[-57.94578,-51.36651],[-57.9258,-51.36959],[-57.90456,-51.37857],[-57.90587,-51.38335],[-57.89636,-51.38339],[-57.89779,-51.39248],[-57.88829,-51.40194],[-57.85319,-51.41438],[-57.86068,-51.41812],[-57.85543,-51.42346],[-57.86594,-51.42431],[-57.87095,-51.43249],[-57.86046,-51.44508],[-57.84168,-51.44878],[-57.84595,-51.45504],[-57.8344,-51.46162],[-57.83781,-51.4741],[-57.81861,-51.4854],[-57.7985,-51.48579],[-57.77216,-51.4957],[-57.74193,-51.51266],[-57.76999,-51.50963],[-57.78359,-51.51833],[-57.7887,-51.51191],[-57.79713,-51.51211],[-57.79215,-51.50754],[-57.84717,-51.50186],[-57.86051,-51.49378],[-57.83931,-51.48668],[-57.84381,-51.47477],[-57.86621,-51.49618],[-57.89768,-51.4982],[-57.88298,-51.50014],[-57.87497,-51.50921],[-57.82197,-51.51376],[-57.81043,-51.5101],[-57.8121,-51.51893],[-57.80335,-51.51561],[-57.76617,-51.52639],[-57.76637,-51.5409],[-57.82699,-51.54633],[-57.91309,-51.54171],[-57.9252,-51.53746],[-57.95491,-51.54036],[-57.98695,-51.52697],[-57.99325,-51.50714],[-58.03522,-51.50871],[-58.0391,-51.50046],[-58.06311,-51.49368],[-58.07807,-51.49589],[-58.05334,-51.50251],[-58.04261,-51.51148],[-58.04899,-51.51469],[-58.04267,-51.52645],[-58.01809,-51.53521],[-58.08474,-51.52587],[-58.09313,-51.52106],[-58.08819,-51.52004],[-58.11455,-51.511],[-58.09292,-51.52573],[-58.10055,-51.52977],[-58.09557,-51.5323],[-58.10366,-51.53022],[-58.10217,-51.53468],[-58.11774,-51.53673],[-58.11645,-51.52897],[-58.1243,-51.52655],[-58.12751,-51.53147],[-58.12026,-51.53682],[-58.16247,-51.54107],[-58.16493,-51.54753],[-58.14892,-51.55612],[-58.1067,-51.56422],[-58.12237,-51.56636],[-58.11089,-51.56932],[-58.14953,-51.56709],[-58.13101,-51.56953],[-58.13669,-51.57431],[-58.12847,-51.57002],[-58.11698,-51.5778],[-58.102,-51.57733],[-58.1086,-51.57775],[-58.10178,-51.58144],[-58.1065,-51.58471],[-58.09928,-51.58497],[-58.0945,-51.57894],[-58.10009,-51.57733],[-58.0738,-51.57858],[-58.10862,-51.57234],[-58.10323,-51.56572],[-58.08944,-51.56585],[-58.06928,-51.57007],[-58.05946,-51.59202],[-58.0044,-51.59473],[-57.97739,-51.58695],[-57.92582,-51.59931],[-57.88828,-51.59978],[-57.78442,-51.61664],[-57.77049,-51.62107],[-57.75496,-51.63802],[-57.74289,-51.6338],[-57.74307,-51.6394],[-57.72496,-51.64448],[-57.7611,-51.64236],[-57.75941,-51.64566],[-57.77477,-51.64892],[-57.77272,-51.6578],[-57.78036,-51.65592],[-57.78786,-51.66087],[-57.80156,-51.64818],[-57.81292,-51.64904],[-57.81679,-51.6547],[-57.80693,-51.65943],[-57.84435,-51.66508],[-57.85888,-51.67534],[-57.87219,-51.67095],[-57.86746,-51.6604],[-57.8741,-51.67104],[-57.8903,-51.67032],[-57.91029,-51.6616],[-57.91736,-51.66201],[-57.91645,-51.65251],[-57.92701,-51.64883],[-57.97713,-51.65306],[-57.93841,-51.65524],[-57.92973,-51.65063],[-57.91898,-51.6577],[-57.92072,-51.66564],[-57.90944,-51.66327],[-57.89652,-51.66901],[-57.9081,-51.6729],[-57.87261,-51.67321],[-57.87524,-51.67755],[-57.8313,-51.68204],[-57.92098,-51.6871],[-57.78466,-51.69905],[-57.78214,-51.69461],[-57.80806,-51.69301],[-57.80076,-51.6857],[-57.82669,-51.68393],[-57.82195,-51.67662],[-57.80855,-51.67382],[-57.79963,-51.68036],[-57.78445,-51.67301],[-57.76622,-51.68188],[-57.71809,-51.68327],[-57.73348,-51.68606],[-57.73842,-51.6923],[-57.77179,-51.69221],[-57.77658,-51.69997],[-57.80648,-51.70476],[-57.80514,-51.71068],[-57.81849,-51.71312],[-57.81301,-51.71764],[-57.83231,-51.72194],[-57.8508,-51.71759],[-57.85279,-51.72429],[-57.8676,-51.72563],[-57.86903,-51.72993],[-57.89457,-51.72825],[-57.89276,-51.72126],[-57.91609,-51.71751],[-57.89435,-51.72397],[-57.89935,-51.72751],[-57.95205,-51.7255],[-57.9547,-51.73271],[-58.01225,-51.73477],[-58.00124,-51.73922],[-57.94987,-51.73456],[-57.92731,-51.73895],[-57.85782,-51.73851],[-57.88192,-51.74666],[-57.92086,-51.74263],[-57.97223,-51.74977],[-57.96714,-51.75446],[-58.03616,-51.75807],[-58.05137,-51.75559],[-58.04358,-51.75018],[-58.05137,-51.74596],[-58.04418,-51.73733],[-58.06725,-51.73588],[-58.08678,-51.7419],[-58.0654,-51.74192],[-58.04662,-51.75048],[-58.06518,-51.7597],[-58.09152,-51.7572],[-58.08344,-51.7597],[-58.09275,-51.76253],[-58.06006,-51.77047],[-58.06497,-51.77169],[-58.15812,-51.76506],[-58.15384,-51.76265],[-58.1643,-51.76051],[-58.15983,-51.75507],[-58.16533,-51.75205],[-58.15518,-51.7475],[-58.15331,-51.73974],[-58.17074,-51.74101],[-58.17433,-51.74774],[-58.18435,-51.74263],[-58.18587,-51.74578],[-58.16445,-51.75],[-58.16733,-51.75357],[-58.16416,-51.75732],[-58.18325,-51.76044],[-58.17648,-51.75672],[-58.18934,-51.75544],[-58.19317,-51.7662],[-58.21005,-51.76652],[-58.21343,-51.75826],[-58.22758,-51.76167],[-58.23425,-51.75517],[-58.26607,-51.74853],[-58.29833,-51.74739],[-58.30599,-51.75396],[-58.28915,-51.74869],[-58.28298,-51.75437],[-58.26601,-51.75267],[-58.25853,-51.76009],[-58.23591,-51.7582],[-58.24488,-51.76264],[-58.24144,-51.76588],[-58.22598,-51.76546],[-58.22027,-51.77325],[-58.20111,-51.77754],[-58.23295,-51.78402],[-58.22217,-51.78194],[-58.2074,-51.7872],[-58.17082,-51.7798],[-58.10913,-51.78843],[-58.13566,-51.79129],[-58.11823,-51.79557],[-58.12021,-51.79903],[-58.18755,-51.79181],[-58.21872,-51.79645],[-58.22951,-51.79259],[-58.22378,-51.79104],[-58.23962,-51.78983],[-58.24483,-51.79217],[-58.22948,-51.79652],[-58.26084,-51.79794],[-58.2578,-51.8046],[-58.28636,-51.80044],[-58.28606,-51.80984],[-58.29798,-51.82176],[-58.32829,-51.81852],[-58.33392,-51.8115],[-58.33358,-51.81722],[-58.32415,-51.82288],[-58.38756,-51.82445],[-58.35476,-51.82629],[-58.37293,-51.83306],[-58.34915,-51.8264],[-58.34249,-51.83071],[-58.33906,-51.82626],[-58.32181,-51.84119],[-58.33756,-51.84354],[-58.32098,-51.84357],[-58.3209,-51.83363],[-58.30489,-51.83346],[-58.30352,-51.82736],[-58.28769,-51.82881],[-58.29654,-51.82546],[-58.28142,-51.8068],[-58.25376,-51.80835],[-58.25344,-51.80412],[-58.20913,-51.81401],[-58.1644,-51.81609],[-58.18993,-51.82672],[-58.2359,-51.8285],[-58.23493,-51.83906],[-58.21433,-51.84583],[-58.21658,-51.86279],[-58.23421,-51.86386],[-58.2479,-51.87389],[-58.25697,-51.86752],[-58.23332,-51.86136],[-58.2307,-51.85202],[-58.22583,-51.85666],[-58.22517,-51.84548],[-58.24421,-51.84375],[-58.26336,-51.855],[-58.26568,-51.84947],[-58.27431,-51.8497],[-58.27096,-51.85756],[-58.2978,-51.85953],[-58.27383,-51.86065],[-58.2784,-51.86399],[-58.31494,-51.86713],[-58.30685,-51.8829],[-58.31794,-51.87838],[-58.34646,-51.88195],[-58.3787,-51.89106],[-58.39209,-51.90056],[-58.45729,-51.90003],[-58.46097,-51.90418],[-58.48609,-51.89658],[-58.46186,-51.89088],[-58.50366,-51.89505],[-58.50717,-51.88537],[-58.53755,-51.87957],[-58.54164,-51.86472],[-58.5166,-51.86085],[-58.53643,-51.8606],[-58.54411,-51.86511],[-58.54935,-51.85904],[-58.55863,-51.85692],[-58.54825,-51.85502],[-58.54883,-51.84806],[-58.56372,-51.84684],[-58.56247,-51.83889],[-58.56999,-51.83592],[-58.56458,-51.82981],[-58.57517,-51.83213],[-58.58371,-51.82821],[-58.59384,-51.8306],[-58.57963,-51.83106],[-58.56436,-51.83906],[-58.56549,-51.84667],[-58.5514,-51.84887],[-58.56305,-51.85535],[-58.55304,-51.85981],[-58.56148,-51.86436],[-58.55175,-51.86273],[-58.54265,-51.86755],[-58.54057,-51.8798],[-58.53235,-51.88415],[-58.51047,-51.88635],[-58.51755,-51.89521],[-58.59355,-51.8871],[-58.5582,-51.89665],[-58.55783,-51.90055],[-58.56762,-51.90091],[-58.5577,-51.90633],[-58.56851,-51.90696],[-58.57218,-51.89918],[-58.58155,-51.90158],[-58.59726,-51.89603],[-58.61565,-51.90084],[-58.6256,-51.8948],[-58.62378,-51.89921],[-58.63233,-51.90211],[-58.62654,-51.90387],[-58.63991,-51.90526],[-58.64002,-51.89415],[-58.67807,-51.90408],[-58.685,-51.90089],[-58.68437,-51.89117],[-58.66797,-51.89459],[-58.64908,-51.88813],[-58.63976,-51.89286],[-58.62989,-51.88319],[-58.66723,-51.88553],[-58.66871,-51.89113],[-58.68554,-51.88797],[-58.69441,-51.87606],[-58.71899,-51.87246],[-58.69108,-51.88111],[-58.69141,-51.8937],[-58.73224,-51.89036],[-58.72635,-51.88591],[-58.74384,-51.88165],[-58.7361,-51.88873],[-58.75686,-51.88685],[-58.74899,-51.89616],[-58.76412,-51.89888],[-58.80846,-51.88411],[-58.81039,-51.87753],[-58.795,-51.88082],[-58.8102,-51.86876],[-58.80578,-51.87582],[-58.82049,-51.87015],[-58.83744,-51.87077],[-58.85452,-51.86534],[-58.85746,-51.85724],[-58.85312,-51.85637],[-58.85258,-51.85303],[-58.83687,-51.85877],[-58.81426,-51.85683],[-58.83832,-51.85674],[-58.86033,-51.84735],[-58.84937,-51.84827],[-58.86887,-51.84439],[-58.87704,-51.84109],[-58.87087,-51.83925],[-58.8825,-51.83596],[-58.87266,-51.83974],[-58.88085,-51.84082],[-58.87713,-51.84728],[-58.88822,-51.84634],[-58.87649,-51.85003],[-58.87528,-51.84455],[-58.86805,-51.84505],[-58.85657,-51.85274],[-58.85939,-51.85586],[-58.85803,-51.86065],[-58.86589,-51.85925],[-58.86168,-51.86397],[-58.93262,-51.8413],[-58.92624,-51.83788],[-58.93712,-51.82161],[-58.92666,-51.82334],[-58.92209,-51.81439],[-58.92867,-51.82203],[-58.93794,-51.82012],[-58.94863,-51.80502],[-58.94084,-51.78863],[-58.95018,-51.78726],[-58.95448,-51.79518],[-58.94897,-51.79796],[-58.95726,-51.80347],[-58.96663,-51.80218],[-58.95721,-51.80585],[-58.9617,-51.81485],[-58.96731,-51.81876],[-58.97389,-51.81597],[-58.96771,-51.82041],[-58.97284,-51.82617],[-58.96441,-51.8302],[-58.97481,-51.82881],[-58.98436,-51.83873],[-58.97942,-51.84434],[-58.97131,-51.83632],[-58.96754,-51.83859],[-58.97615,-51.84553],[-58.97268,-51.84982],[-58.97879,-51.85439],[-59.00965,-51.85639],[-59.02147,-51.84914],[-59.04848,-51.85998],[-59.07943,-51.8549],[-59.08637,-51.85759],[-59.08274,-51.84424],[-59.09956,-51.84068],[-59.09282,-51.85457],[-59.11563,-51.8765],[-59.09822,-51.86849],[-59.09281,-51.85847],[-59.06717,-51.85715],[-59.06036,-51.86219],[-59.04202,-51.86218],[-59.02358,-51.85287],[-59.00657,-51.85995],[-59.01325,-51.87374],[-59.00421,-51.85806],[-58.99151,-51.85741],[-58.98946,-51.87351],[-58.97683,-51.85643],[-58.97042,-51.86138],[-58.97813,-51.85886],[-58.97729,-51.86373],[-58.97014,-51.86568],[-58.96637,-51.86107],[-58.95843,-51.86461],[-58.96246,-51.86827],[-58.95454,-51.87504],[-58.91064,-51.88173],[-58.90962,-51.8898],[-58.89283,-51.90211],[-58.87919,-51.90489],[-58.87556,-51.90076],[-58.84507,-51.91475],[-58.81797,-51.91877],[-58.79633,-51.93121],[-58.76028,-51.93681],[-58.78766,-51.9363],[-58.79168,-51.94715],[-58.80252,-51.9448],[-58.79994,-51.93857],[-58.807,-51.94136],[-58.82084,-51.93536],[-58.83233,-51.9201],[-58.83463,-51.92494],[-58.84382,-51.91781],[-58.85087,-51.92227],[-58.86227,-51.9194],[-58.85803,-51.92386],[-58.8878,-51.91864],[-58.87525,-51.91231],[-58.88256,-51.90842],[-58.89757,-51.91761],[-58.89569,-51.92709],[-58.84659,-51.93147],[-58.84068,-51.93577],[-58.85214,-51.93486],[-58.85136,-51.93933],[-58.83503,-51.93933],[-58.83376,-51.9347],[-58.82215,-51.94452],[-58.80477,-51.94792],[-58.80154,-51.95319],[-58.81517,-51.95044],[-58.81655,-51.95306],[-58.80503,-51.9528],[-58.80834,-51.96058],[-58.8051,-51.96723],[-58.80647,-51.96031],[-58.79543,-51.95293],[-58.76911,-51.95616],[-58.76832,-51.96378],[-58.77553,-51.95724],[-58.78132,-51.96218],[-58.76362,-51.97033],[-58.76269,-51.97827],[-58.77023,-51.97983],[-58.76168,-51.98019],[-58.7659,-51.99312],[-58.75274,-51.97261],[-58.76058,-51.96679],[-58.75212,-51.96578],[-58.76083,-51.9618],[-58.74291,-51.96073],[-58.74585,-51.95401],[-58.73254,-51.95233],[-58.7257,-51.96693],[-58.72581,-51.95177],[-58.69934,-51.95258],[-58.69384,-51.97352],[-58.68876,-51.96173],[-58.67732,-51.96449],[-58.67744,-51.96045],[-58.67025,-51.96453],[-58.66203,-51.96366],[-58.66633,-51.95969],[-58.65282,-51.96231],[-58.65104,-51.973],[-58.66062,-51.9735],[-58.65543,-51.97523],[-58.64589,-51.97488],[-58.64285,-51.96661],[-58.62438,-51.96628],[-58.6276,-51.98193],[-58.61843,-51.98347],[-58.62253,-51.98066],[-58.614,-51.97554],[-58.6068,-51.98324],[-58.62248,-51.98954],[-58.60388,-51.9911],[-58.61334,-51.99108],[-58.61534,-51.99705],[-58.62997,-51.99534],[-58.62348,-52.00208],[-58.63153,-52.006],[-58.61788,-52.00153],[-58.60267,-52.01241],[-58.58647,-52.00771],[-58.58606,-52.01503],[-58.61495,-52.02271],[-58.62646,-52.01697],[-58.64565,-52.02722],[-58.68801,-52.02376],[-58.67374,-52.02931],[-58.67243,-52.04103],[-58.66531,-52.03096],[-58.64597,-52.03608],[-58.63586,-52.05115],[-58.66347,-52.05426],[-58.66078,-52.07471],[-58.6455,-52.09072],[-58.65214,-52.10597],[-58.63728,-52.11403],[-58.65461,-52.11581],[-58.65372,-52.13734],[-58.65963,-52.14147],[-58.66948,-52.13519],[-58.66847,-52.12258],[-58.69402,-52.12325],[-58.68328,-52.10979],[-58.68817,-52.1024],[-58.68269,-52.10622],[-58.67424,-52.09629],[-58.68554,-52.08677],[-58.70119,-52.08743],[-58.70009,-52.08118],[-58.71047,-52.07855],[-58.70497,-52.06916],[-58.72156,-52.0636],[-58.73915,-52.07866],[-58.74443,-52.07056],[-58.72966,-52.05762],[-58.73592,-52.05075],[-58.75472,-52.04457],[-58.77286,-52.04825],[-58.76615,-52.04107],[-58.78037,-52.04754],[-58.79676,-52.0327],[-58.80331,-52.03733],[-58.8189,-52.03186],[-58.82258,-52.02394],[-58.82061,-52.03281],[-58.81332,-52.03567],[-58.81428,-52.04734],[-58.8098,-52.04857],[-58.81472,-52.05658],[-58.85096,-52.05053],[-58.85729,-52.05333],[-58.86863,-52.04165],[-58.87827,-52.0463],[-58.89723,-52.0337],[-58.89044,-52.04842],[-58.88316,-52.04379],[-58.87998,-52.05322],[-58.87524,-52.04922],[-58.86825,-52.0568],[-58.87283,-52.07429],[-58.85975,-52.08456],[-58.87321,-52.08484],[-58.87261,-52.07945],[-58.88703,-52.07464],[-58.89039,-52.08302],[-58.90157,-52.08866],[-58.90951,-52.08698],[-58.91016,-52.09694],[-58.92032,-52.10089],[-58.92821,-52.11736],[-58.93884,-52.09189],[-58.94957,-52.08619],[-58.94544,-52.06919],[-58.95197,-52.07044],[-58.95284,-52.06051],[-58.96424,-52.06651],[-58.96392,-52.08011],[-58.97382,-52.07922],[-58.98868,-52.09753],[-58.99109,-52.0692],[-59.0049,-52.05592],[-59.00463,-52.04604],[-58.98486,-52.04513],[-59.00046,-52.03905],[-59.01817,-52.04391],[-59.01555,-52.0203],[-59.03816,-52.02885],[-59.04491,-52.0401],[-59.059,-52.04306],[-59.06046,-52.03428],[-59.07146,-52.03131],[-59.06571,-52.02384],[-59.07218,-52.016],[-59.08277,-52.01533],[-59.09455,-52.02133],[-59.0903,-52.02793],[-59.1008,-52.03043],[-59.11748,-52.01641],[-59.11043,-52.00177],[-59.12094,-52.00544],[-59.11782,-51.99792],[-59.13082,-52.00144],[-59.13977,-51.99439],[-59.13459,-51.98252],[-59.15601,-51.99611],[-59.15738,-51.99085],[-59.17451,-51.98561],[-59.17802,-51.97603],[-59.1895,-51.97175],[-59.17959,-51.97679],[-59.17874,-51.98632],[-59.16624,-51.98829],[-59.15756,-51.99905],[-59.16823,-52.01208],[-59.23892,-52.01098],[-59.24867,-51.99718],[-59.25547,-51.99917],[-59.25857,-51.99415],[-59.26976,-51.99758],[-59.27662,-52.00944],[-59.29133,-52.01147],[-59.28394,-52.01714],[-59.29941,-52.02632],[-59.29459,-52.02928],[-59.27739,-52.0156],[-59.2813,-52.02383],[-59.27447,-52.02185],[-59.26576,-52.00681],[-59.26462,-52.01128],[-59.24759,-52.00985],[-59.2419,-52.01913],[-59.22577,-52.01694],[-59.22422,-52.02284],[-59.20912,-52.01717],[-59.20704,-52.02211],[-59.19716,-52.02133],[-59.19901,-52.02811],[-59.18641,-52.02761],[-59.19068,-52.04418],[-59.23589,-52.05375],[-59.23369,-52.05685],[-59.19877,-52.05262],[-59.19931,-52.06065],[-59.19069,-52.06552],[-59.21082,-52.08018],[-59.17126,-52.05648],[-59.16538,-52.05904],[-59.16498,-52.05179],[-59.14751,-52.04414],[-59.14523,-52.03668],[-59.1321,-52.03873],[-59.1347,-52.04455],[-59.14821,-52.0478],[-59.14943,-52.05775],[-59.14291,-52.06351],[-59.13802,-52.05459],[-59.13569,-52.062],[-59.09896,-52.08016],[-59.13884,-52.0855],[-59.14276,-52.09421],[-59.17715,-52.09182],[-59.17202,-52.09528],[-59.17779,-52.10271],[-59.16971,-52.09594],[-59.1567,-52.09519],[-59.14748,-52.1067],[-59.1347,-52.094],[-59.12533,-52.10188],[-59.11492,-52.09926],[-59.11527,-52.10932],[-59.10813,-52.10949],[-59.09832,-52.09962],[-59.08336,-52.10507],[-59.06798,-52.10295],[-59.07714,-52.11104],[-59.07359,-52.11768],[-59.10498,-52.12639],[-59.11408,-52.11745],[-59.13877,-52.14009],[-59.14928,-52.13791],[-59.17951,-52.14457],[-59.16205,-52.14277],[-59.17167,-52.15381],[-59.15863,-52.14418],[-59.14351,-52.14367],[-59.15787,-52.16214],[-59.14951,-52.15777],[-59.14817,-52.1641],[-59.14627,-52.15661],[-59.12636,-52.15103],[-59.11069,-52.13549],[-59.10165,-52.14763],[-59.11654,-52.16397],[-59.08264,-52.15094],[-59.07423,-52.1371],[-59.07048,-52.14114],[-59.0507,-52.13679],[-59.02337,-52.14435],[-59.02554,-52.15552],[-59.04588,-52.15798],[-59.03886,-52.16616],[-59.06647,-52.16371],[-59.0726,-52.16868],[-59.07182,-52.17599],[-59.05917,-52.18129],[-59.07298,-52.18525],[-59.08705,-52.18087],[-59.10282,-52.19717],[-59.09746,-52.20098],[-59.08896,-52.19699],[-59.0927,-52.2146],[-59.07135,-52.19803],[-59.05303,-52.20223],[-59.03631,-52.19854],[-59.03488,-52.20431],[-59.02311,-52.20455],[-59.02935,-52.20907],[-59.03532,-52.20535],[-59.05332,-52.21817],[-59.05059,-52.23548],[-59.02949,-52.22833],[-59.02649,-52.23115],[-59.05428,-52.2425],[-59.02817,-52.24413],[-59.01136,-52.25561],[-59.02108,-52.25642],[-59.024,-52.26237],[-59.04084,-52.2486],[-59.06855,-52.24387],[-59.06352,-52.23285],[-59.07629,-52.23655],[-59.09053,-52.23172],[-59.10496,-52.24196],[-59.10562,-52.23295],[-59.12399,-52.22858],[-59.1274,-52.22215],[-59.15047,-52.22465],[-59.15069,-52.21421],[-59.1576,-52.21576],[-59.16024,-52.20944],[-59.17175,-52.21517],[-59.19526,-52.21032],[-59.19312,-52.20526],[-59.20102,-52.20325],[-59.21507,-52.22382],[-59.22696,-52.22441],[-59.23,-52.2149],[-59.24118,-52.219],[-59.23551,-52.21072],[-59.25088,-52.20014],[-59.25057,-52.19117],[-59.25944,-52.19128],[-59.25834,-52.18617],[-59.24615,-52.18836],[-59.24883,-52.17262],[-59.25861,-52.1717],[-59.26432,-52.17653],[-59.26655,-52.16439],[-59.2832,-52.17142],[-59.29662,-52.16271],[-59.31761,-52.18445],[-59.32556,-52.17947],[-59.32466,-52.16987],[-59.29807,-52.16042],[-59.29099,-52.14112],[-59.32289,-52.15532],[-59.34025,-52.15415],[-59.34931,-52.1612],[-59.35791,-52.14153],[-59.3536,-52.12994],[-59.36547,-52.13109],[-59.36791,-52.11346],[-59.37076,-52.14479],[-59.39477,-52.13771],[-59.39105,-52.12897],[-59.40872,-52.11643],[-59.40087,-52.14816],[-59.3797,-52.15707],[-59.38652,-52.15878],[-59.3965,-52.15649],[-59.41431,-52.16155],[-59.41515,-52.14093],[-59.43228,-52.13942],[-59.43376,-52.13281],[-59.45343,-52.12546],[-59.44035,-52.134],[-59.45307,-52.13963],[-59.43715,-52.14008],[-59.44227,-52.14513],[-59.43561,-52.1522],[-59.44564,-52.15992],[-59.46007,-52.15427],[-59.47612,-52.1671],[-59.48687,-52.1658],[-59.47525,-52.16801],[-59.45331,-52.16082],[-59.44489,-52.16696],[-59.41972,-52.16878],[-59.41465,-52.17576],[-59.40373,-52.17238],[-59.3984,-52.17819],[-59.40575,-52.1872],[-59.42078,-52.18087],[-59.46432,-52.19612],[-59.43661,-52.18877],[-59.42274,-52.19415],[-59.436,-52.19907],[-59.42945,-52.20802],[-59.46146,-52.22447],[-59.428,-52.21592],[-59.43078,-52.21027],[-59.41988,-52.21127],[-59.40966,-52.20339],[-59.40031,-52.20371],[-59.40864,-52.2077],[-59.40434,-52.21327],[-59.42957,-52.22151],[-59.417,-52.2208],[-59.43564,-52.24357],[-59.41781,-52.23369],[-59.41857,-52.23923],[-59.37791,-52.20511],[-59.36361,-52.21454],[-59.34932,-52.20883],[-59.32958,-52.21222],[-59.38782,-52.22638],[-59.36654,-52.23885],[-59.34356,-52.23839],[-59.34181,-52.25372],[-59.36012,-52.26438],[-59.37056,-52.26449],[-59.38295,-52.27703],[-59.40571,-52.28021],[-59.41025,-52.27538],[-59.41466,-52.28399],[-59.39928,-52.28181],[-59.39704,-52.28796],[-59.39393,-52.28286],[-59.34803,-52.26788],[-59.34274,-52.28295],[-59.33602,-52.28352],[-59.35126,-52.29506],[-59.37475,-52.29265],[-59.37113,-52.29653],[-59.38778,-52.30428],[-59.38315,-52.3191],[-59.35217,-52.33507],[-59.33541,-52.33449],[-59.33509,-52.34614],[-59.32549,-52.34368],[-59.3166,-52.3275],[-59.29659,-52.33271],[-59.31324,-52.3449],[-59.30818,-52.35066],[-59.32389,-52.3469],[-59.36408,-52.35937],[-59.36718,-52.34848],[-59.3812,-52.3505],[-59.3822,-52.34604],[-59.39179,-52.34596],[-59.37018,-52.34284],[-59.37352,-52.33409],[-59.39981,-52.33667],[-59.40673,-52.33133],[-59.42591,-52.33115],[-59.41923,-52.32529],[-59.40702,-52.32589],[-59.406,-52.3171],[-59.41486,-52.31028],[-59.46644,-52.30657],[-59.48403,-52.31377],[-59.49771,-52.31189],[-59.49939,-52.30319],[-59.47812,-52.28647],[-59.48333,-52.27941],[-59.47832,-52.2754],[-59.51054,-52.27305],[-59.49278,-52.26426],[-59.49329,-52.25697],[-59.50694,-52.2593],[-59.51478,-52.25494],[-59.50858,-52.24283],[-59.54654,-52.25985],[-59.55774,-52.2581],[-59.56251,-52.25148],[-59.58373,-52.25957],[-59.58103,-52.25049],[-59.58985,-52.25206],[-59.59441,-52.24418],[-59.58467,-52.23488],[-59.57526,-52.23664],[-59.57594,-52.22477],[-59.5523,-52.20499],[-59.58466,-52.21362],[-59.63066,-52.20974],[-59.62432,-52.19349],[-59.61377,-52.18838],[-59.63888,-52.18846],[-59.64569,-52.18142],[-59.62342,-52.17401],[-59.64433,-52.16553],[-59.6443,-52.15984],[-59.65454,-52.15968],[-59.66215,-52.16976],[-59.66375,-52.16329],[-59.68457,-52.15402],[-59.67845,-52.14556],[-59.69388,-52.13837],[-59.70277,-52.14303],[-59.70587,-52.13547],[-59.73512,-52.12691],[-59.73778,-52.12145],[-59.72413,-52.12421],[-59.7217,-52.1154],[-59.7106,-52.11778],[-59.71412,-52.11289],[-59.70706,-52.10756],[-59.7151,-52.10352],[-59.72759,-52.10586],[-59.73155,-52.09712],[-59.69509,-52.09617],[-59.68379,-52.10914],[-59.66785,-52.10018],[-59.66296,-52.10823],[-59.67928,-52.12445],[-59.66197,-52.12712],[-59.66004,-52.11863],[-59.64008,-52.11105],[-59.63715,-52.12901],[-59.62222,-52.12627],[-59.6229,-52.11921],[-59.60739,-52.12205],[-59.61529,-52.10415],[-59.6356,-52.09435],[-59.63183,-52.08809],[-59.64115,-52.08427],[-59.62978,-52.0776],[-59.62655,-52.08424],[-59.61473,-52.0791],[-59.61619,-52.09123],[-59.60396,-52.09301],[-59.58341,-52.0748],[-59.5757,-52.07601],[-59.58192,-52.08469],[-59.57594,-52.08471],[-59.5543,-52.06688],[-59.57037,-52.06637],[-59.56709,-52.05663],[-59.57431,-52.05149],[-59.59725,-52.0558],[-59.60369,-52.04857],[-59.61375,-52.0486],[-59.61154,-52.03458],[-59.62005,-52.03408],[-59.61171,-52.03054],[-59.59287,-52.03406],[-59.59532,-52.02444],[-59.64548,-52.01816],[-59.65394,-52.00582],[-59.63673,-51.99893],[-59.63653,-52.00807],[-59.60819,-51.99762],[-59.59275,-52.00712],[-59.58113,-52.00464],[-59.57449,-52.00967],[-59.57058,-52.0039],[-59.57092,-52.00825],[-59.55985,-52.01092],[-59.54564,-52.00515],[-59.56378,-52.00412],[-59.57491,-51.99759],[-59.58827,-51.99991],[-59.5856,-51.99626],[-59.59825,-51.9952],[-59.59612,-51.98712],[-59.60712,-51.97897],[-59.62314,-51.9796],[-59.61471,-51.97407],[-59.6204,-51.96856],[-59.63209,-51.97242],[-59.64715,-51.96212],[-59.63643,-51.95974],[-59.62933,-51.96561],[-59.60937,-51.96809],[-59.59621,-51.98519],[-59.56384,-51.9739],[-59.54696,-51.97252],[-59.54529,-51.97746],[-59.52636,-51.96602],[-59.53475,-51.96135],[-59.55358,-51.96362],[-59.56021,-51.95184],[-59.57697,-51.96012],[-59.5859,-51.95114],[-59.5974,-51.95445],[-59.61472,-51.95063],[-59.60919,-51.9165],[-59.60032,-51.91616],[-59.5919,-51.90408],[-59.57075,-51.91338],[-59.57503,-51.92238],[-59.55671,-51.92204],[-59.53607,-51.93189],[-59.5288,-51.92302],[-59.51597,-51.93849],[-59.49579,-51.9362],[-59.50386,-51.92348],[-59.47468,-51.93007],[-59.48181,-51.9251],[-59.46983,-51.92755],[-59.47457,-51.91615],[-59.49809,-51.90998],[-59.51292,-51.91248],[-59.51417,-51.90553],[-59.52676,-51.90286],[-59.52757,-51.88357],[-59.5378,-51.88188],[-59.51997,-51.87117],[-59.52025,-51.88236],[-59.50603,-51.87993],[-59.50853,-51.8898],[-59.501,-51.88741],[-59.50592,-51.8914],[-59.50032,-51.89396],[-59.48383,-51.89352],[-59.47879,-51.89842],[-59.45956,-51.8876],[-59.44481,-51.88917],[-59.45047,-51.88444],[-59.48688,-51.8845],[-59.45886,-51.86553],[-59.47488,-51.86684],[-59.47742,-51.86333],[-59.48954,-51.8691],[-59.48715,-51.86107],[-59.51517,-51.85732],[-59.4954,-51.8486],[-59.50471,-51.84463],[-59.49797,-51.83555],[-59.4699,-51.83476],[-59.44696,-51.82318],[-59.45904,-51.83596],[-59.45613,-51.84714],[-59.42573,-51.82076],[-59.42071,-51.82462],[-59.41401,-51.82041],[-59.41041,-51.81241],[-59.40323,-51.82426],[-59.41491,-51.83999],[-59.393,-51.83307],[-59.39872,-51.84376],[-59.38706,-51.84381],[-59.39075,-51.85309],[-59.38397,-51.85077],[-59.37927,-51.85815],[-59.38261,-51.84947],[-59.37044,-51.84057],[-59.37694,-51.83265],[-59.36639,-51.82282],[-59.35814,-51.83021],[-59.35451,-51.82736],[-59.36129,-51.8195],[-59.35564,-51.81207],[-59.35989,-51.7988],[-59.34989,-51.79012],[-59.3593,-51.78746],[-59.36145,-51.77763],[-59.35184,-51.78746],[-59.33621,-51.786],[-59.34,-51.79706],[-59.32802,-51.79389],[-59.32423,-51.81058],[-59.30107,-51.78923],[-59.29189,-51.78792],[-59.28889,-51.79258],[-59.30127,-51.80225],[-59.30044,-51.80776],[-59.29167,-51.79623],[-59.27236,-51.79815],[-59.29101,-51.77642],[-59.30225,-51.78078],[-59.29742,-51.77133],[-59.30449,-51.77002],[-59.30607,-51.7606],[-59.28433,-51.75886],[-59.27875,-51.7467],[-59.26929,-51.74332],[-59.27257,-51.74983],[-59.25907,-51.74869],[-59.26328,-51.75483],[-59.254,-51.75783],[-59.26135,-51.76682],[-59.24844,-51.76632],[-59.23875,-51.75163],[-59.25187,-51.75161],[-59.24933,-51.73632],[-59.23099,-51.72139],[-59.21487,-51.71726],[-59.21059,-51.72091],[-59.22034,-51.73424],[-59.21301,-51.75052],[-59.22459,-51.76507],[-59.21751,-51.75942],[-59.21543,-51.76281],[-59.1978,-51.7221],[-59.18099,-51.73418],[-59.17706,-51.72756],[-59.1583,-51.72145],[-59.15324,-51.70497],[-59.13992,-51.70475],[-59.12564,-51.69694],[-59.12256,-51.70184],[-59.10421,-51.70526],[-59.08579,-51.69099],[-59.0699,-51.69611],[-59.05597,-51.69047],[-59.05419,-51.70338],[-59.04962,-51.6989],[-59.04387,-51.71149],[-59.05893,-51.72378],[-59.05103,-51.72905],[-59.0454,-51.72639],[-59.04069,-51.74207],[-59.04671,-51.73916],[-59.04698,-51.74406],[-59.061,-51.74592],[-59.035,-51.74527],[-59.03557,-51.75109],[-59.04193,-51.74818],[-59.05259,-51.75314],[-59.04005,-51.75335],[-59.03484,-51.75866],[-59.02923,-51.7557],[-59.02463,-51.77521],[-59.0309,-51.77269],[-59.03358,-51.77882],[-59.03568,-51.77343],[-59.04535,-51.77323],[-59.04244,-51.78046],[-59.07174,-51.78362],[-59.04373,-51.78578],[-59.04785,-51.79395],[-59.0309,-51.81248],[-59.06082,-51.80779],[-59.06276,-51.81307],[-59.04188,-51.81315],[-59.05139,-51.82106],[-59.04894,-51.82742],[-59.0286,-51.83158],[-59.02017,-51.82892],[-59.02565,-51.82414],[-59.0331,-51.82567],[-59.02888,-51.81627],[-59.01796,-51.81397],[-59.02079,-51.82227],[-59.00979,-51.82383],[-59.00444,-51.81778],[-59.01388,-51.81469],[-59.00026,-51.81475],[-58.98096,-51.79459],[-58.9849,-51.78502],[-58.97551,-51.78826],[-58.9596,-51.77529],[-58.94917,-51.77415],[-58.94783,-51.76967],[-58.95751,-51.77265],[-58.95279,-51.76733],[-58.96128,-51.77341],[-58.96408,-51.77072],[-58.96784,-51.78013],[-58.97863,-51.78467],[-58.98306,-51.7748],[-58.9888,-51.77347],[-58.98344,-51.78359],[-58.98964,-51.78339],[-59.00382,-51.77249],[-59.00169,-51.76331],[-58.9937,-51.7718],[-58.98701,-51.76785],[-58.99783,-51.75557],[-59.00336,-51.75961],[-58.99509,-51.74806],[-59.00676,-51.74754],[-59.00866,-51.71123],[-59.02517,-51.71175],[-59.02484,-51.71991],[-59.02826,-51.71062],[-59.03593,-51.71366],[-59.04112,-51.70004],[-59.03302,-51.69981],[-59.02904,-51.68897],[-59.01952,-51.69034],[-59.03403,-51.67719],[-59.01666,-51.67814],[-59.00292,-51.69391],[-59.00649,-51.68159],[-59.02499,-51.67245],[-59.00875,-51.67434],[-58.99616,-51.68636],[-58.9982,-51.67749],[-59.04832,-51.65379],[-58.99691,-51.66524],[-58.98007,-51.6759],[-58.97671,-51.67099],[-59.04127,-51.64854],[-59.04112,-51.64104],[-59.04796,-51.64618],[-59.06014,-51.64036],[-59.07662,-51.64304],[-59.08452,-51.62678],[-59.10178,-51.62445],[-59.09973,-51.61857],[-59.1097,-51.62107],[-59.10829,-51.61224],[-59.15124,-51.60012],[-59.15436,-51.59507],[-59.16249,-51.59654],[-59.1788,-51.58434],[-59.17023,-51.57581],[-59.15849,-51.57693],[-59.12819,-51.53468],[-59.11326,-51.52867],[-59.12837,-51.49655],[-59.11565,-51.50408],[-59.11387,-51.50024],[-59.08757,-51.52806],[-59.08453,-51.54551],[-59.074,-51.55413],[-59.07995,-51.56817],[-59.06559,-51.57248],[-59.07834,-51.58731],[-59.05937,-51.57995],[-59.04148,-51.59777],[-59.04448,-51.60366],[-59.03346,-51.59784],[-59.01448,-51.60225],[-59.03633,-51.59115],[-59.03611,-51.58372],[-59.02463,-51.5835],[-59.0292,-51.57739],[-59.04967,-51.57537],[-59.0369,-51.57231],[-59.04568,-51.56026],[-59.02684,-51.56099],[-59.05466,-51.5398],[-59.05293,-51.53289],[-59.05936,-51.53355],[-59.05668,-51.52761],[-59.06531,-51.51969],[-59.04556,-51.50464],[-58.99442,-51.51231],[-58.98417,-51.51158],[-58.98055,-51.50616],[-58.97331,-51.51463],[-58.95676,-51.51378],[-58.9503,-51.52124],[-58.92558,-51.52177],[-58.92476,-51.52803],[-58.93322,-51.52969],[-58.93212,-51.53676],[-58.93658,-51.53742],[-58.94217,-51.54247],[-58.93431,-51.54528],[-58.93688,-51.53872],[-58.93039,-51.5363],[-58.92748,-51.5297],[-58.91556,-51.52994],[-58.91658,-51.5243],[-58.89918,-51.52311],[-58.87802,-51.53185],[-58.84641,-51.52224],[-58.85611,-51.51388],[-58.85226,-51.5111],[-58.84578,-51.51137],[-58.84118,-51.52142],[-58.83083,-51.51945],[-58.8405,-51.52082],[-58.84374,-51.51158],[-58.85519,-51.50965],[-58.86033,-51.51471],[-58.8553,-51.52144],[-58.87959,-51.53035],[-58.8994,-51.52159],[-58.91831,-51.52081],[-58.92005,-51.52776],[-58.92423,-51.51996],[-58.94903,-51.51615],[-58.95276,-51.50785],[-58.96675,-51.51089],[-58.98065,-51.5028],[-59.00119,-51.50476],[-59.09316,-51.46851],[-59.10646,-51.46862],[-59.10341,-51.47573],[-59.11487,-51.47909],[-59.12407,-51.46817],[-59.13452,-51.47011],[-59.14404,-51.46211],[-59.13998,-51.44413],[-59.11402,-51.43627],[-59.1002,-51.41114],[-59.07484,-51.42088],[-59.07452,-51.42766],[-59.05957,-51.42637],[-59.05155,-51.43379],[-59.01456,-51.42545],[-58.98008,-51.42683],[-58.97612,-51.4317],[-58.98434,-51.44195],[-58.95875,-51.44723],[-58.96917,-51.42412],[-58.99093,-51.42046],[-59.00462,-51.42477],[-59.01976,-51.41916],[-58.9995,-51.40917],[-58.99679,-51.39348],[-59.00539,-51.3853],[-58.9787,-51.38135],[-58.94481,-51.38763],[-58.93235,-51.38069],[-58.88026,-51.3838],[-58.87181,-51.37749],[-58.86126,-51.35318],[-58.91791,-51.31306],[-58.91633,-51.29822],[-58.95944,-51.26699],[-58.94748,-51.25613],[-58.96412,-51.24863],[-58.97286,-51.23359],[-58.961,-51.23472],[-58.9511,-51.24265]],[[-59.06633,-51.68299],[-59.06867,-51.67916],[-59.05906,-51.68862],[-59.06633,-51.68299]],[[-59.06281,-51.48481],[-59.09292,-51.48856],[-59.07653,-51.48287],[-59.06281,-51.48481]],[[-58.41439,-51.99559],[-58.39693,-51.99992],[-58.40352,-52.00352],[-58.41413,-52.00059],[-58.40328,-52.00454],[-58.40379,-52.01444],[-58.41883,-52.02371],[-58.42433,-52.0139],[-58.45508,-52.00811],[-58.45937,-52.01138],[-58.44526,-52.01759],[-58.46012,-52.0187],[-58.44877,-52.02015],[-58.44163,-52.02978],[-58.44817,-52.0293],[-58.44732,-52.03372],[-58.47173,-52.02719],[-58.45988,-52.0341],[-58.46648,-52.04003],[-58.44797,-52.03655],[-58.44657,-52.04127],[-58.43532,-52.02384],[-58.42383,-52.02697],[-58.44224,-52.05011],[-58.43099,-52.05893],[-58.43742,-52.06534],[-58.42549,-52.06695],[-58.43581,-52.07952],[-58.43327,-52.08915],[-58.41376,-52.09701],[-58.44856,-52.10206],[-58.46724,-52.09225],[-58.44554,-52.08715],[-58.44604,-52.07571],[-58.46565,-52.0797],[-58.45152,-52.08317],[-58.47307,-52.08517],[-58.48101,-52.07065],[-58.52927,-52.05889],[-58.51328,-52.05545],[-58.52236,-52.04037],[-58.52974,-52.03395],[-58.53459,-52.03631],[-58.55353,-52.02865],[-58.55359,-52.02265],[-58.54681,-52.01866],[-58.53765,-52.02175],[-58.53354,-52.01033],[-58.5123,-52.01598],[-58.52298,-52.00803],[-58.49347,-52.00584],[-58.49077,-51.99678],[-58.4698,-52.00305],[-58.47397,-51.99692],[-58.48888,-51.99489],[-58.48447,-51.98942],[-58.45004,-51.99484],[-58.4465,-52.00553],[-58.41756,-52.00299],[-58.43145,-51.98772],[-58.41439,-51.99559]],[[-58.45484,-52.03204],[-58.45205,-52.03555],[-58.46032,-52.03156],[-58.45484,-52.03204]],[[-58.38078,-52.00988],[-58.35082,-52.0174],[-58.37606,-52.01803],[-58.38483,-52.00633],[-58.38078,-52.00988]],[[-58.37263,-51.99914],[-58.35487,-51.99571],[-58.34872,-52.00415],[-58.36434,-52.00852],[-58.39233,-51.99635],[-58.37263,-51.99914]],[[-58.46623,-51.98999],[-58.47488,-51.98748],[-58.46486,-51.98686],[-58.46623,-51.98999]],[[-58.47908,-51.97196],[-58.45313,-51.98231],[-58.43946,-51.97713],[-58.43126,-51.98474],[-58.43829,-51.98851],[-58.46927,-51.98516],[-58.48608,-51.97604],[-58.4991,-51.97612],[-58.47908,-51.97196]],[[-58.46012,-51.95767],[-58.4705,-51.96236],[-58.47085,-51.95704],[-58.49445,-51.95347],[-58.45239,-51.95101],[-58.46012,-51.95767]],[[-58.39838,-51.91565],[-58.40995,-51.91702],[-58.40155,-51.92252],[-58.44973,-51.9256],[-58.46472,-51.92198],[-58.47273,-51.91338],[-58.46829,-51.90645],[-58.43974,-51.9105],[-58.42665,-51.91764],[-58.44408,-51.92014],[-58.42579,-51.92009],[-58.42258,-51.91277],[-58.40037,-51.91376],[-58.39899,-51.90746],[-58.42873,-51.9055],[-58.3965,-51.90327],[-58.39838,-51.91565]],[[-58.5195,-51.90355],[-58.50724,-51.90715],[-58.51011,-51.913],[-58.52421,-51.91347],[-58.53896,-51.90306],[-58.5195,-51.90355]],[[-58.52052,-51.90104],[-58.53437,-51.89966],[-58.51963,-51.89789],[-58.52052,-51.90104]],[[-58.55372,-51.89824],[-58.54486,-51.89597],[-58.53679,-51.90013],[-58.55372,-51.89824]],[[-58.28374,-51.87512],[-58.28329,-51.87897],[-58.29981,-51.88023],[-58.29614,-51.88462],[-58.30393,-51.88557],[-58.29971,-51.87653],[-58.30668,-51.87342],[-58.28374,-51.87512]],[[-58.26327,-51.8713],[-58.25664,-51.87362],[-58.28543,-51.87023],[-58.27639,-51.86618],[-58.26327,-51.8713]],[[-58.31181,-51.82738],[-58.32041,-51.82677],[-58.30689,-51.82615],[-58.31181,-51.82738]],[[-58.18461,-51.80245],[-58.17586,-51.80831],[-58.22607,-51.80524],[-58.18461,-51.80245]],[[-58.27891,-51.54466],[-58.27579,-51.5473],[-58.28542,-51.54784],[-58.28572,-51.53999],[-58.27086,-51.53863],[-58.27891,-51.54466]],[[-58.35261,-51.53021],[-58.34659,-51.53355],[-58.36085,-51.54152],[-58.36355,-51.53682],[-58.35261,-51.53021]],[[-58.49637,-51.45627],[-58.49282,-51.44947],[-58.4836,-51.45387],[-58.49637,-51.45627]],[[-58.30416,-51.42459],[-58.3101,-51.42864],[-58.31475,-51.42452],[-58.30564,-51.42023],[-58.30416,-51.42459]],[[-58.4216,-27.2805],[-58.43113,-27.26823],[-58.42456,-27.26804],[-58.4216,-27.2805]],[[-58.35639,-27.27341],[-58.34907,-27.2718],[-58.36128,-27.2747],[-58.35639,-27.27341]],[[-58.169,-27.27319],[-58.16916,-27.26965],[-58.16414,-27.27361],[-58.169,-27.27319]],[[-58.18809,-27.26991],[-58.18473,-27.27278],[-58.20073,-27.26894],[-58.18809,-27.26991]],[[-58.33602,-27.27186],[-58.3456,-27.27481],[-58.33267,-27.26627],[-58.33602,-27.27186]],[[-58.2963,-27.26703],[-58.31214,-27.27169],[-58.29153,-27.26588],[-58.2963,-27.26703]],[[-58.3078,-27.26667],[-58.31784,-27.2725],[-58.32407,-27.2729],[-58.32021,-27.26921],[-58.33556,-27.27342],[-58.32165,-27.26257],[-58.30364,-27.26246],[-58.3078,-27.26667]],[[-58.21618,-27.25814],[-58.21384,-27.25876],[-58.20957,-27.25838],[-58.20412,-27.25965],[-58.1967,-27.25914],[-58.19082,-27.26246],[-58.18637,-27.26327],[-58.18369,-27.26294],[-58.18309,-27.26135],[-58.17048,-27.26922],[-58.21135,-27.26318],[-58.22305,-27.25624],[-58.21618,-27.25814]],[[-58.32615,-27.26436],[-58.33515,-27.26402],[-58.32465,-27.26073],[-58.32973,-27.26373],[-58.32615,-27.26436]],[[-58.21416,-27.25534],[-58.1894,-27.2577],[-58.18418,-27.26065],[-58.18407,-27.26273],[-58.18985,-27.26237],[-58.19681,-27.25887],[-58.2069,-27.259],[-58.21017,-27.25803],[-58.21397,-27.25854],[-58.21563,-27.2582],[-58.215,-27.25717],[-58.22543,-27.25513],[-58.21416,-27.25534]],[[-58.22508,-27.26119],[-58.23953,-27.26099],[-58.23568,-27.26017],[-58.24408,-27.25397],[-58.22508,-27.26119]],[[-58.28674,-27.25635],[-58.29138,-27.26011],[-58.29953,-27.25564],[-58.28674,-27.25635]],[[-34.69065,-55.0148],[-34.68539,-55.00997],[-34.6697,-55.01774],[-34.67826,-55.02509],[-34.69608,-55.01978],[-34.69065,-55.0148]],[[-36.02486,-54.88197],[-36.03352,-54.88341],[-36.03153,-54.87467],[-36.02486,-54.88197]],[[-35.77124,-54.80406],[-35.78195,-54.82644],[-35.80315,-54.82511],[-35.79745,-54.81302],[-35.80989,-54.80425],[-35.7741,-54.8008],[-35.77124,-54.80406]],[[-37.08768,-54.47394],[-37.02282,-54.49918],[-37.03199,-54.50496],[-37.04855,-54.50435],[-37.05128,-54.50923],[-37.09802,-54.51435],[-37.07853,-54.49956],[-37.09425,-54.4977],[-37.09561,-54.49083],[-37.11556,-54.49198],[-37.11234,-54.48503],[-37.12325,-54.48188],[-37.11458,-54.48151],[-37.11874,-54.47429],[-37.11072,-54.4774],[-37.08768,-54.47394]],[[-37.69881,-53.98896],[-37.67496,-53.98946],[-37.68388,-53.9926],[-37.67789,-54.00324],[-37.68203,-54.00095],[-37.69295,-54.01059],[-37.6866,-54.01573],[-37.67068,-54.01223],[-37.66775,-54.0168],[-37.64884,-54.00709],[-37.62542,-54.0143],[-37.59694,-54.00974],[-37.57238,-54.01423],[-37.57574,-54.02044],[-37.56103,-54.02023],[-37.55068,-54.02723],[-37.54747,-54.02044],[-37.52042,-54.01759],[-37.50907,-54.02437],[-37.48494,-54.01123],[-37.4718,-54.01202],[-37.45703,-53.9951],[-37.43447,-54.00303],[-37.43311,-53.99232],[-37.41884,-53.98589],[-37.40042,-53.99139],[-37.36523,-53.99203],[-37.38914,-54.00774],[-37.4107,-54.0046],[-37.45624,-54.01488],[-37.45303,-54.02059],[-37.43633,-54.02351],[-37.45774,-54.03408],[-37.43975,-54.04179],[-37.47659,-54.048],[-37.50036,-54.06206],[-37.4185,-54.06777],[-37.40792,-54.06218],[-37.38686,-54.06408],[-37.36735,-54.05956],[-37.35748,-54.04945],[-37.31877,-54.06077],[-37.28433,-54.06077],[-37.26937,-54.05558],[-37.27034,-54.06489],[-37.24527,-54.08339],[-37.25149,-54.09504],[-37.23141,-54.08149],[-37.22237,-54.05579],[-37.21358,-54.05555],[-37.20507,-54.06537],[-37.18994,-54.06954],[-37.18103,-54.06708],[-37.18697,-54.05966],[-37.18,-54.04481],[-37.14962,-54.04709],[-37.13471,-54.04241],[-37.12815,-54.04961],[-37.14579,-54.05378],[-37.13032,-54.05857],[-37.1559,-54.05971],[-37.16013,-54.06679],[-37.1398,-54.06839],[-37.13494,-54.06343],[-37.11946,-54.06845],[-37.1045,-54.06685],[-37.15167,-54.08456],[-37.15476,-54.09352],[-37.14236,-54.11608],[-37.1575,-54.11711],[-37.16487,-54.12693],[-37.15333,-54.13384],[-37.14019,-54.12562],[-37.1306,-54.13201],[-37.11021,-54.12887],[-37.12027,-54.11391],[-37.10799,-54.11122],[-37.07218,-54.07862],[-37.05273,-54.08051],[-37.04671,-54.07536],[-37.05316,-54.07296],[-37.02381,-54.06811],[-37.0153,-54.07165],[-37.01884,-54.08056],[-37.00776,-54.07639],[-37.00451,-54.08044],[-36.99589,-54.07165],[-37.00497,-54.07308],[-37.00816,-54.06805],[-36.99828,-54.06679],[-37.00148,-54.05824],[-36.98873,-54.05564],[-36.98658,-54.06514],[-36.97716,-54.05878],[-36.96969,-54.06671],[-36.98736,-54.07208],[-36.97098,-54.08034],[-36.97366,-54.0864],[-37.03334,-54.11204],[-37.04906,-54.13638],[-37.01319,-54.13501],[-37.01619,-54.12515],[-37.00193,-54.12923],[-36.9975,-54.11606],[-36.95464,-54.10536],[-36.93724,-54.08892],[-36.94104,-54.08567],[-36.92794,-54.08812],[-36.92158,-54.08664],[-36.9259,-54.08153],[-36.90639,-54.07978],[-36.90423,-54.08349],[-36.89608,-54.07832],[-36.87223,-54.09299],[-36.8678,-54.08732],[-36.85182,-54.08599],[-36.8565,-54.07914],[-36.84459,-54.0908],[-36.80925,-54.09545],[-36.81478,-54.10095],[-36.80455,-54.10914],[-36.82591,-54.13123],[-36.80705,-54.15412],[-36.78555,-54.15092],[-36.78642,-54.12327],[-36.7783,-54.11843],[-36.78563,-54.1159],[-36.76916,-54.10674],[-36.76004,-54.1101],[-36.75948,-54.10626],[-36.74853,-54.10712],[-36.73945,-54.11299],[-36.72993,-54.10547],[-36.72521,-54.11312],[-36.70084,-54.11192],[-36.69275,-54.1197],[-36.67162,-54.11814],[-36.66722,-54.11364],[-36.66252,-54.11746],[-36.67341,-54.12662],[-36.65202,-54.1225],[-36.64628,-54.12654],[-36.64275,-54.12056],[-36.62655,-54.13044],[-36.64507,-54.13435],[-36.64432,-54.1463],[-36.66448,-54.14561],[-36.68834,-54.13701],[-36.68057,-54.15123],[-36.70618,-54.15341],[-36.70896,-54.16203],[-36.65301,-54.16834],[-36.7071,-54.17468],[-36.70421,-54.18721],[-36.69338,-54.18477],[-36.66457,-54.19288],[-36.638,-54.18161],[-36.6383,-54.17644],[-36.61855,-54.17787],[-36.59797,-54.17059],[-36.59912,-54.16664],[-36.58158,-54.16984],[-36.56099,-54.16435],[-36.54312,-54.1694],[-36.55185,-54.17356],[-36.52938,-54.17862],[-36.52696,-54.18464],[-36.49045,-54.18182],[-36.49866,-54.18993],[-36.48956,-54.19941],[-36.515,-54.19503],[-36.50835,-54.19441],[-36.51676,-54.18841],[-36.51725,-54.19381],[-36.5252,-54.19158],[-36.52013,-54.18954],[-36.52621,-54.18652],[-36.54139,-54.18925],[-36.54481,-54.19939],[-36.57142,-54.18998],[-36.581,-54.19023],[-36.58458,-54.1968],[-36.59377,-54.18972],[-36.59798,-54.19347],[-36.58924,-54.19521],[-36.58483,-54.21088],[-36.60286,-54.21903],[-36.61384,-54.21598],[-36.61829,-54.23384],[-36.63249,-54.23994],[-36.6434,-54.23803],[-36.64367,-54.24278],[-36.69888,-54.23346],[-36.70467,-54.24984],[-36.65129,-54.27175],[-36.67422,-54.2807],[-36.69828,-54.30159],[-36.67353,-54.30034],[-36.66108,-54.28561],[-36.63146,-54.27475],[-36.63072,-54.28273],[-36.61192,-54.28401],[-36.6047,-54.27154],[-36.58988,-54.26973],[-36.53954,-54.24263],[-36.52869,-54.24495],[-36.528,-54.24028],[-36.50937,-54.2382],[-36.5137,-54.24787],[-36.50056,-54.25267],[-36.49905,-54.24416],[-36.48884,-54.24443],[-36.48813,-54.23887],[-36.46607,-54.24874],[-36.47337,-54.25943],[-36.46809,-54.26474],[-36.48489,-54.28365],[-36.49582,-54.28534],[-36.49901,-54.28009],[-36.50754,-54.28306],[-36.49118,-54.29245],[-36.4907,-54.30173],[-36.47766,-54.3062],[-36.49459,-54.31198],[-36.48828,-54.33117],[-36.5012,-54.35628],[-36.51707,-54.3528],[-36.52188,-54.35581],[-36.50336,-54.36308],[-36.48486,-54.36242],[-36.46942,-54.3452],[-36.47275,-54.33811],[-36.46307,-54.33584],[-36.44405,-54.31441],[-36.42895,-54.31756],[-36.38929,-54.3584],[-36.39265,-54.36433],[-36.34803,-54.37426],[-36.33068,-54.34972],[-36.36241,-54.3186],[-36.35619,-54.31028],[-36.37567,-54.30464],[-36.40123,-54.27682],[-36.3932,-54.26465],[-36.40379,-54.25212],[-36.39604,-54.25035],[-36.40015,-54.244],[-36.38729,-54.25584],[-36.35539,-54.26511],[-36.34344,-54.26014],[-36.32953,-54.26283],[-36.33431,-54.26845],[-36.32798,-54.27291],[-36.31339,-54.27409],[-36.30806,-54.26496],[-36.29484,-54.26937],[-36.30096,-54.28156],[-36.29285,-54.27762],[-36.28551,-54.28156],[-36.30938,-54.29329],[-36.29862,-54.30076],[-36.28708,-54.30005],[-36.28264,-54.28874],[-36.26532,-54.29327],[-36.2617,-54.28721],[-36.25083,-54.28727],[-36.24732,-54.29057],[-36.26267,-54.29507],[-36.26254,-54.31023],[-36.2517,-54.31379],[-36.25981,-54.32333],[-36.2403,-54.32144],[-36.23954,-54.33267],[-36.25862,-54.33261],[-36.26786,-54.33904],[-36.24316,-54.34019],[-36.24588,-54.35114],[-36.2201,-54.3449],[-36.20778,-54.34894],[-36.25671,-54.3747],[-36.25197,-54.38116],[-36.26417,-54.39099],[-36.24072,-54.39088],[-36.2061,-54.38087],[-36.20479,-54.38525],[-36.18424,-54.38842],[-36.15746,-54.37449],[-36.17094,-54.38999],[-36.18569,-54.39448],[-36.16517,-54.41157],[-36.17159,-54.41849],[-36.18793,-54.41417],[-36.17564,-54.4182],[-36.17896,-54.42453],[-36.16959,-54.42291],[-36.18679,-54.43483],[-36.17701,-54.44962],[-36.14734,-54.46263],[-36.13435,-54.46005],[-36.11274,-54.46694],[-36.10526,-54.46054],[-36.08543,-54.47103],[-36.07636,-54.46782],[-36.07265,-54.47432],[-36.056,-54.47259],[-36.03616,-54.50043],[-36.02598,-54.49777],[-36.01996,-54.50574],[-36.00881,-54.50474],[-36.00941,-54.51044],[-36.02926,-54.50911],[-36.04184,-54.51598],[-36.03946,-54.52011],[-36.0805,-54.51673],[-36.08715,-54.51995],[-36.07932,-54.53683],[-36.11241,-54.54738],[-36.09112,-54.57504],[-36.05819,-54.56943],[-36.02766,-54.57095],[-36.02319,-54.56523],[-35.99567,-54.5765],[-36.00175,-54.59014],[-35.9902,-54.59731],[-35.98266,-54.57787],[-35.92281,-54.5593],[-35.90918,-54.55262],[-35.90874,-54.54359],[-35.89364,-54.54527],[-35.89673,-54.55226],[-35.88884,-54.55798],[-35.90553,-54.56238],[-35.9121,-54.57484],[-35.90216,-54.59317],[-35.92196,-54.58745],[-35.91754,-54.60196],[-35.93075,-54.60778],[-35.92804,-54.62023],[-35.94109,-54.61773],[-35.95053,-54.6277],[-35.96444,-54.62273],[-35.96067,-54.63158],[-35.94671,-54.63315],[-35.92554,-54.6496],[-35.92914,-54.66893],[-35.91617,-54.6975],[-35.9207,-54.70133],[-35.93549,-54.69546],[-35.96215,-54.69703],[-35.97162,-54.70401],[-35.9266,-54.71484],[-35.92922,-54.72149],[-35.91853,-54.73144],[-35.88859,-54.73113],[-35.88187,-54.73696],[-35.87181,-54.7321],[-35.85836,-54.74172],[-35.86586,-54.74539],[-35.85637,-54.75463],[-35.83685,-54.75015],[-35.84072,-54.75986],[-35.83429,-54.76403],[-35.82828,-54.75953],[-35.81513,-54.76472],[-35.81277,-54.75896],[-35.7917,-54.76122],[-35.79397,-54.76984],[-35.80546,-54.76754],[-35.79406,-54.77727],[-35.80257,-54.7782],[-35.80021,-54.78307],[-35.8196,-54.7816],[-35.81582,-54.79455],[-35.84279,-54.80056],[-35.8759,-54.79548],[-35.88236,-54.78544],[-35.88742,-54.80372],[-35.8954,-54.78369],[-35.89473,-54.79261],[-35.91362,-54.80005],[-35.90752,-54.80943],[-35.9146,-54.81524],[-35.9397,-54.81291],[-35.92992,-54.81266],[-35.9369,-54.80774],[-35.93155,-54.80572],[-35.95147,-54.7918],[-35.93939,-54.80995],[-35.97665,-54.81381],[-35.985,-54.80313],[-36.03957,-54.794],[-36.03237,-54.78881],[-36.04907,-54.79013],[-36.05,-54.78445],[-36.0604,-54.78565],[-36.07927,-54.76841],[-36.08663,-54.76812],[-36.09118,-54.7758],[-36.10538,-54.77076],[-36.09966,-54.76385],[-36.11943,-54.75161],[-36.12288,-54.76029],[-36.109,-54.77001],[-36.11645,-54.77487],[-36.10802,-54.77767],[-36.12481,-54.78537],[-36.09091,-54.78671],[-36.03618,-54.81153],[-36.04496,-54.81605],[-36.0774,-54.81191],[-36.06664,-54.81954],[-36.03088,-54.81916],[-35.99526,-54.82516],[-36.00794,-54.8281],[-36.00404,-54.8316],[-36.01816,-54.83869],[-36.04345,-54.83054],[-36.04801,-54.83479],[-36.01657,-54.84363],[-35.99708,-54.83245],[-35.9657,-54.83365],[-35.96167,-54.84323],[-35.93958,-54.84779],[-35.93745,-54.85731],[-35.96279,-54.86119],[-35.97792,-54.85585],[-35.96185,-54.86779],[-35.97707,-54.87352],[-35.98188,-54.8818],[-35.99053,-54.85979],[-35.99835,-54.86204],[-35.99985,-54.87189],[-36.00464,-54.85842],[-36.02873,-54.85357],[-36.00866,-54.86166],[-36.01436,-54.88366],[-36.0265,-54.86422],[-36.04258,-54.85447],[-36.05224,-54.86866],[-36.04144,-54.87416],[-36.05197,-54.88242],[-36.07078,-54.88638],[-36.0688,-54.87591],[-36.07674,-54.8728],[-36.08062,-54.88567],[-36.09855,-54.89004],[-36.09114,-54.89678],[-36.10721,-54.90035],[-36.10792,-54.88185],[-36.1148,-54.88212],[-36.11205,-54.88822],[-36.1184,-54.88734],[-36.13175,-54.87383],[-36.11304,-54.86649],[-36.10578,-54.85631],[-36.11979,-54.85706],[-36.11952,-54.86446],[-36.134,-54.86326],[-36.12839,-54.84752],[-36.15987,-54.85036],[-36.14609,-54.84493],[-36.15664,-54.83445],[-36.18501,-54.83105],[-36.19283,-54.82525],[-36.20198,-54.82751],[-36.19928,-54.82005],[-36.20988,-54.82443],[-36.21921,-54.81533],[-36.20764,-54.80791],[-36.21354,-54.80353],[-36.23108,-54.81262],[-36.23266,-54.80422],[-36.25261,-54.80347],[-36.25781,-54.79631],[-36.26559,-54.79653],[-36.25966,-54.78775],[-36.27629,-54.7844],[-36.26439,-54.77484],[-36.27564,-54.77143],[-36.25612,-54.7698],[-36.27004,-54.76485],[-36.28171,-54.76736],[-36.31246,-54.74701],[-36.30801,-54.73306],[-36.3272,-54.72541],[-36.31618,-54.72452],[-36.32197,-54.70637],[-36.30706,-54.70623],[-36.31854,-54.69809],[-36.32776,-54.69892],[-36.32788,-54.68612],[-36.33736,-54.68656],[-36.34084,-54.67891],[-36.3681,-54.66797],[-36.35503,-54.65483],[-36.37459,-54.64928],[-36.39554,-54.62682],[-36.40366,-54.62637],[-36.39858,-54.62272],[-36.41461,-54.61728],[-36.42016,-54.60816],[-36.41349,-54.6028],[-36.42442,-54.59794],[-36.42353,-54.58888],[-36.43435,-54.59091],[-36.44671,-54.58227],[-36.46837,-54.58228],[-36.48558,-54.57462],[-36.47994,-54.56846],[-36.48981,-54.57265],[-36.49947,-54.56892],[-36.49946,-54.56003],[-36.47434,-54.54631],[-36.46459,-54.53185],[-36.519,-54.52031],[-36.51826,-54.51454],[-36.49737,-54.5131],[-36.49988,-54.508],[-36.52006,-54.50717],[-36.52811,-54.50026],[-36.5402,-54.50183],[-36.54034,-54.50682],[-36.54749,-54.50066],[-36.55652,-54.5087],[-36.57349,-54.50878],[-36.58072,-54.50267],[-36.58869,-54.50961],[-36.60082,-54.50652],[-36.60939,-54.51025],[-36.61503,-54.52046],[-36.62459,-54.5132],[-36.64139,-54.51795],[-36.65268,-54.50833],[-36.66233,-54.50805],[-36.66175,-54.49337],[-36.64464,-54.49162],[-36.65437,-54.48297],[-36.67238,-54.48438],[-36.68295,-54.49149],[-36.68998,-54.48524],[-36.71045,-54.48551],[-36.71569,-54.47924],[-36.73834,-54.47882],[-36.73254,-54.47212],[-36.74013,-54.46638],[-36.75032,-54.47114],[-36.76921,-54.46239],[-36.79132,-54.46554],[-36.79897,-54.45689],[-36.81795,-54.45841],[-36.81751,-54.44906],[-36.80302,-54.44891],[-36.81371,-54.43859],[-36.79383,-54.43083],[-36.80474,-54.42698],[-36.78706,-54.4226],[-36.78352,-54.41394],[-36.79427,-54.41396],[-36.78898,-54.40864],[-36.80153,-54.40036],[-36.8059,-54.4082],[-36.83998,-54.40816],[-36.84676,-54.38203],[-36.85214,-54.38916],[-36.8728,-54.38512],[-36.88191,-54.39089],[-36.89491,-54.39071],[-36.88477,-54.37287],[-36.90318,-54.37275],[-36.90302,-54.366],[-36.85453,-54.36097],[-36.85358,-54.35492],[-36.91535,-54.34274],[-36.91611,-54.33494],[-36.93639,-54.34089],[-36.94876,-54.35959],[-36.95618,-54.35626],[-36.96008,-54.36121],[-36.96661,-54.35683],[-36.97826,-54.36354],[-36.98878,-54.35835],[-36.99668,-54.36349],[-36.99554,-54.35688],[-37.01348,-54.36016],[-37.03042,-54.35388],[-37.02024,-54.35174],[-37.01876,-54.34217],[-37.02899,-54.34959],[-37.03404,-54.34503],[-37.03604,-54.34912],[-37.03775,-54.34484],[-37.0466,-54.34736],[-37.04479,-54.33275],[-37.05717,-54.32523],[-37.06145,-54.32509],[-37.05807,-54.33184],[-37.0624,-54.33779],[-37.06659,-54.33794],[-37.07059,-54.33413],[-37.06326,-54.33555],[-37.06264,-54.32885],[-37.0782,-54.32042],[-37.08329,-54.32309],[-37.08582,-54.31785],[-37.08929,-54.32875],[-37.09286,-54.32133],[-37.09467,-54.32818],[-37.10928,-54.32471],[-37.10314,-54.32466],[-37.10338,-54.31585],[-37.09629,-54.31752],[-37.09705,-54.31285],[-37.08149,-54.30924],[-37.09058,-54.30191],[-37.08658,-54.28107],[-37.10556,-54.28873],[-37.10576,-54.27926],[-37.11382,-54.27746],[-37.12089,-54.28207],[-37.12222,-54.27726],[-37.13174,-54.2833],[-37.15182,-54.26379],[-37.17252,-54.27364],[-37.17543,-54.26774],[-37.20408,-54.26665],[-37.21017,-54.26255],[-37.20036,-54.2567],[-37.21216,-54.24799],[-37.22725,-54.25456],[-37.21378,-54.24457],[-37.22094,-54.23898],[-37.23596,-54.23762],[-37.24705,-54.24547],[-37.25395,-54.23976],[-37.26451,-54.24794],[-37.25756,-54.25513],[-37.27127,-54.25351],[-37.27199,-54.26041],[-37.29159,-54.26274],[-37.30344,-54.27478],[-37.31572,-54.27459],[-37.31224,-54.27012],[-37.33418,-54.2706],[-37.34432,-54.27907],[-37.34817,-54.27388],[-37.35546,-54.27497],[-37.3635,-54.2834],[-37.36459,-54.2755],[-37.35203,-54.27431],[-37.34941,-54.26874],[-37.36788,-54.2665],[-37.37468,-54.27117],[-37.38786,-54.25532],[-37.38511,-54.25979],[-37.39196,-54.26141],[-37.38463,-54.2658],[-37.40186,-54.27117],[-37.39757,-54.26189],[-37.40695,-54.25722],[-37.40504,-54.27526],[-37.41799,-54.27854],[-37.41637,-54.27221],[-37.42084,-54.27659],[-37.42056,-54.27121],[-37.40885,-54.26988],[-37.41961,-54.26717],[-37.41076,-54.25746],[-37.4218,-54.25599],[-37.41813,-54.25123],[-37.3344,-54.24359],[-37.33573,-54.23816],[-37.30627,-54.23031],[-37.31808,-54.22712],[-37.3274,-54.23041],[-37.32954,-54.22427],[-37.37694,-54.20833],[-37.39174,-54.21194],[-37.38965,-54.20723],[-37.40174,-54.20552],[-37.4103,-54.19424],[-37.40797,-54.18667],[-37.41582,-54.18696],[-37.39707,-54.18582],[-37.39874,-54.18239],[-37.37637,-54.17696],[-37.35044,-54.17516],[-37.34734,-54.17896],[-37.34235,-54.17344],[-37.3147,-54.17021],[-37.29257,-54.17454],[-37.29671,-54.16816],[-37.28952,-54.16526],[-37.27168,-54.16726],[-37.25383,-54.16169],[-37.22513,-54.16669],[-37.22261,-54.15859],[-37.2357,-54.15312],[-37.23141,-54.14932],[-37.29014,-54.14456],[-37.4074,-54.1525],[-37.47736,-54.13789],[-37.48026,-54.12685],[-37.511,-54.14199],[-37.54113,-54.14075],[-37.54346,-54.13432],[-37.56088,-54.13547],[-37.56026,-54.14846],[-37.57963,-54.14789],[-37.58134,-54.15212],[-37.54626,-54.15322],[-37.54331,-54.17054],[-37.5506,-54.16887],[-37.56997,-54.17806],[-37.58681,-54.17516],[-37.59547,-54.18306],[-37.6108,-54.17934],[-37.61993,-54.19024],[-37.62955,-54.19134],[-37.62169,-54.18401],[-37.63335,-54.17896],[-37.64668,-54.18306],[-37.6542,-54.17782],[-37.69394,-54.17773],[-37.68613,-54.16512],[-37.67142,-54.15779],[-37.6876,-54.16136],[-37.7114,-54.14879],[-37.72877,-54.15027],[-37.72244,-54.13975],[-37.7321,-54.13813],[-37.70873,-54.13718],[-37.63802,-54.11743],[-37.66105,-54.10487],[-37.67371,-54.10382],[-37.68537,-54.11362],[-37.68461,-54.10905],[-37.71587,-54.11443],[-37.73324,-54.10996],[-37.71916,-54.10525],[-37.72977,-54.1013],[-37.70184,-54.08493],[-37.67799,-54.07869],[-37.64606,-54.07812],[-37.65182,-54.06661],[-37.60761,-54.0558],[-37.61322,-54.04419],[-37.63678,-54.05057],[-37.66,-54.04928],[-37.6611,-54.05285],[-37.67304,-54.04681],[-37.66429,-54.04552],[-37.66909,-54.03386],[-37.69969,-54.03505],[-37.70888,-54.04757],[-37.72401,-54.04971],[-37.73191,-54.04586],[-37.74781,-54.05756],[-37.74985,-54.05414],[-37.76974,-54.05547],[-37.7804,-54.04833],[-37.78749,-54.05271],[-37.79102,-54.04781],[-37.7943,-54.05942],[-37.80453,-54.06104],[-37.80506,-54.05309],[-37.82195,-54.05356],[-37.82147,-54.04643],[-37.80725,-54.04095],[-37.82195,-54.03558],[-37.8387,-54.04966],[-37.84493,-54.04819],[-37.87097,-54.06256],[-37.88058,-54.05437],[-37.88477,-54.06265],[-37.89676,-54.05742],[-37.9018,-54.06047],[-37.90955,-54.05258],[-37.92836,-54.05214],[-37.92926,-54.04714],[-37.94697,-54.0499],[-37.95168,-54.04015],[-37.97409,-54.05219],[-37.98218,-54.05062],[-37.97571,-54.06118],[-37.99575,-54.07212],[-38.01278,-54.07251],[-38.00426,-54.06161],[-38.04767,-54.06813],[-38.02211,-54.0618],[-38.01055,-54.03534],[-37.99779,-54.03282],[-38.02116,-54.01868],[-38.00874,-54.00931],[-37.98818,-54.01864],[-37.97747,-54.01716],[-37.96914,-54.02468],[-37.96467,-54.01212],[-37.9532,-54.00659],[-37.91592,-53.99985],[-37.8822,-54.00422],[-37.87739,-54.00117],[-37.85702,-54.00521],[-37.84137,-54.02078],[-37.82823,-54.02154],[-37.80977,-54.01997],[-37.80529,-54.01335],[-37.78411,-54.01652],[-37.76498,-54.00395],[-37.73792,-54.01131],[-37.72829,-54.00845],[-37.72921,-53.99375],[-37.74192,-53.98841],[-37.73357,-53.98118],[-37.72086,-53.98368],[-37.71608,-53.99232],[-37.69881,-53.98896]],[[-36.66425,-54.15602],[-36.66904,-54.16185],[-36.67054,-54.15601],[-36.66425,-54.15602]],[[-41.80054,-53.64052],[-41.79229,-53.64289],[-41.79783,-53.65405],[-41.80666,-53.65239],[-41.80054,-53.64052]],[[-42.03789,-53.54906],[-42.03048,-53.54682],[-42.02823,-53.55164],[-42.03581,-53.55491],[-42.03789,-53.54906]],[[-58.05669,-51.78763],[-58.04723,-51.7886],[-58.06183,-51.79423],[-58.08731,-51.78813],[-58.05669,-51.78763]],[[-57.74566,-51.62239],[-57.74919,-51.62653],[-57.76058,-51.62212],[-57.74566,-51.62239]],[[-58.05301,-51.55588],[-58.03964,-51.56377],[-58.09056,-51.55906],[-58.09527,-51.55326],[-58.07916,-51.54905],[-58.05301,-51.55588]],[[-58.09139,-51.53983],[-58.08646,-51.5373],[-58.07558,-51.54307],[-58.09139,-51.53983]],[[-56.71761,-27.58216],[-56.73299,-27.59268],[-56.71627,-27.57928],[-56.71761,-27.58216]],[[-56.70705,-27.57861],[-56.71182,-27.58195],[-56.70668,-27.57508],[-56.70705,-27.57861]],[[-56.76982,-27.57153],[-56.75618,-27.56944],[-56.77565,-27.57587],[-56.76982,-27.57153]],[[-56.90991,-27.56828],[-56.89931,-27.57355],[-56.9128,-27.57092],[-56.92109,-27.56308],[-56.90991,-27.56828]],[[-56.70215,-27.57877],[-56.70668,-27.58077],[-56.69332,-27.54506],[-56.68607,-27.56089],[-56.70215,-27.57877]],[[-56.70123,-27.55839],[-56.70374,-27.56357],[-56.70224,-27.55222],[-56.70123,-27.55839]],[[-56.7115,-27.57489],[-56.73784,-27.592],[-56.784,-27.58206],[-56.76137,-27.57749],[-56.73405,-27.55873],[-56.71693,-27.51994],[-56.69942,-27.53745],[-56.7115,-27.57489]],[[-56.95451,-27.51814],[-56.92591,-27.53537],[-56.91073,-27.53905],[-56.89413,-27.55172],[-56.87599,-27.58357],[-56.91961,-27.56256],[-56.93237,-27.53511],[-56.95777,-27.5158],[-56.95451,-27.51814]],[[-56.93195,-27.54745],[-56.93079,-27.5573],[-56.94473,-27.53584],[-56.93195,-27.54745]],[[-56.93553,-27.54034],[-56.93389,-27.54408],[-56.94678,-27.53269],[-56.93553,-27.54034]],[[-56.91146,-27.53339],[-56.90804,-27.53882],[-56.931,-27.53072],[-56.91146,-27.53339]],[[-56.35935,-27.52293],[-56.3712,-27.53853],[-56.36744,-27.52041],[-56.35759,-27.51422],[-56.35935,-27.52293]],[[-56.94707,-27.52256],[-56.95482,-27.5149],[-56.93879,-27.52484],[-56.94707,-27.52256]],[[-56.90968,-27.42341],[-56.88573,-27.42413],[-56.87176,-27.43044],[-56.83862,-27.46101],[-56.78343,-27.49421],[-56.75409,-27.50614],[-56.7294,-27.50196],[-56.72796,-27.52153],[-56.73771,-27.55011],[-56.74857,-27.56179],[-56.79865,-27.57354],[-56.82552,-27.59387],[-56.84042,-27.59618],[-56.87158,-27.58346],[-56.90306,-27.5374],[-56.91207,-27.53148],[-56.93278,-27.52678],[-56.95244,-27.51477],[-56.9701,-27.49273],[-56.99337,-27.48519],[-57.03158,-27.48147],[-56.994,-27.46634],[-56.98224,-27.45029],[-56.9581,-27.44164],[-56.95069,-27.43247],[-56.92712,-27.42283],[-56.90968,-27.42341]],[[-57.229,-27.46431],[-57.2393,-27.45666],[-57.22144,-27.46448],[-57.229,-27.46431]],[[-57.45085,-27.43623],[-57.47295,-27.43856],[-57.44901,-27.43208],[-57.45085,-27.43623]],[[-57.4498,-27.43172],[-57.45481,-27.43092],[-57.44205,-27.42751],[-57.4498,-27.43172]],[[-57.55747,-27.38659],[-57.50245,-27.40332],[-57.4297,-27.40957],[-57.40447,-27.41796],[-57.49219,-27.4387],[-57.52718,-27.42649],[-57.59342,-27.39245],[-57.58382,-27.38676],[-57.59084,-27.3852],[-57.55747,-27.38659]],[[-55.93325,-27.33902],[-55.96036,-27.34187],[-55.94215,-27.33415],[-55.92419,-27.33457],[-55.93325,-27.33902]],[[-57.77053,-27.3298],[-57.77917,-27.33315],[-57.78682,-27.32855],[-57.77053,-27.3298]],[[-57.80604,-27.32565],[-57.80292,-27.32838],[-57.82048,-27.32457],[-57.80604,-27.32565]],[[-57.74201,-27.32404],[-57.75212,-27.32793],[-57.78276,-27.32782],[-57.79809,-27.32502],[-57.79408,-27.32573],[-57.79136,-27.32401],[-57.79018,-27.3241],[-57.78707,-27.32563],[-57.77608,-27.32101],[-57.76533,-27.32199],[-57.75463,-27.32003],[-57.74201,-27.32404]],[[-57.80755,-27.32066],[-57.79822,-27.3225],[-57.78783,-27.32061],[-57.78413,-27.32254],[-57.78696,-27.32534],[-57.79025,-27.32373],[-57.79218,-27.32408],[-57.79459,-27.32527],[-57.81848,-27.32012],[-57.80755,-27.32066]],[[-57.81216,-27.30572],[-57.79739,-27.31533],[-57.77781,-27.31423],[-57.77175,-27.31646],[-57.76895,-27.32111],[-57.78905,-27.32004],[-57.79871,-27.322],[-57.81945,-27.3187],[-57.83053,-27.30253],[-57.81216,-27.30572]],[[-57.83066,-27.3129],[-57.83728,-27.3073],[-57.83812,-27.29741],[-57.82147,-27.31831],[-57.83066,-27.3129]],[[-58.09119,-27.26501],[-58.10004,-27.2663],[-58.08511,-27.26104],[-58.09119,-27.26501]],[[-58.14119,-27.26324],[-58.13882,-27.26581],[-58.178,-27.25927],[-58.15471,-27.25591],[-58.14119,-27.26324]]]},"properties":{"fid":1}}]}