{"type":"FeatureCollection","features":[{"type":"Feature","geometry":{"type":"Polygon","coordinates":[[[-69.20756,-32.00691],[-69.20152,-32.0032],[-69.18202,-31.99757],[-69.13042,-31.99757],[-69.11807,-31.97096],[-69.11528,-31.92682],[-69.10136,-31.84723],[-69.11616,-31.82314],[-69.12499,-31.80713],[-69.14744,-31.73532],[-69.15982,-31.72707],[-69.30188,-31.71481],[-69.36992,-31.72418],[-69.41298,-32.06503],[-69.40664,-32.07729],[-69.40039,-32.07504],[-69.39308,-32.07742],[-69.38404,-32.06969],[-69.37978,-32.06424],[-69.34262,-32.08261],[-69.31498,-32.09209],[-69.30679,-32.08013],[-69.2994,-32.07362],[-69.29019,-32.07143],[-69.27856,-32.07333],[-69.26077,-32.03789],[-69.26156,-32.03254],[-69.25225,-32.02404],[-69.23554,-32.01228],[-69.2184,-32.00766],[-69.21028,-32.01058],[-69.20756,-32.00691]]]},"properties":{"fid":1,"Name":"PN El Leoncito","region":"DIRECCION REGIONAL CENTRO","attributes":{"categoryId":"Environnement","subCategoryId":"PARC","tags":["NATURE"],"gallery":["https://commons.wikimedia.org/wiki/Special:FilePath/Acceso al Parque Nacional El Leoncito.jpg?width=800"],"informations":["Superficie : 897 hectares","ID : Q829805"],"highlights":["Paysages remarquables","Biodiversité et observation de la faune","Randonnée et points de vue"],"external_links":["Site officiel : https://www.argentina.gob.ar/parquesnacionales","Wikipedia : https://es.wikipedia.org/wiki/Special:Search?search=PN%20El%20Leoncito"],"photo":"https://images.pexels.com/photos/2403205/pexels-photo-2403205.jpeg?auto=compress&cs=tinysrgb&w=800","short_desc":"PN El Leoncito est une aire protégée nationale en Argentine.","link_official":"https://www.argentina.gob.ar/parquesnacionales","link_wikipedia":"https://es.wikipedia.org/wiki/Special:Search?search=PN%20El%20Leoncito"},"categoryId":"Environnement","subCategoryId":"PARC","tags":["NATURE"],"gallery":["https://images.pexels.com/photos/2403205/pexels-photo-2403205.jpeg?auto=compress&cs=tinysrgb&w=800","https://images.pexels.com/photos/933054/pexels-photo-933054.jpeg?auto=compress&cs=tinysrgb&w=800","https://images.pexels.com/photos/572897/pexels-photo-572897.jpeg?auto=compress&cs=tinysrgb&w=800"],"informations":["Année de création : n.c.","Superficie : n.c."],"highlights":["Paysages remarquables","Biodiversité et observation de la faune","Randonnée et points de vue"],"external_links":["Site officiel : https://www.argentina.gob.ar/parquesnacionales","Wikipedia : https://es.wikipedia.org/wiki/Special:Search?search=PN%20El%20Leoncito"],"photo":"https://images.pexels.com/photos/2403205/pexels-photo-2403205.jpeg?auto=compress&cs=tinysrgb&w=800","short_desc":"Résumé non disponible.","link_official":"https://www.argentina.gob.ar/parquesnacionales","link_wikipedia":"https://fr.wikipedia.org/wiki/Q829805"}},{"type":"Feature","geometry":{"type":"Polygon","coordinates":[[[-69.39364,-28.95992],[-69.39521,-28.95941],[-69.39622,-28.9583],[-69.39855,-28.95719],[-69.40103,-28.95726],[-69.40113,-29.16769],[-69.44771,-29.14968],[-69.46781,-29.12061],[-69.46781,-29.30385],[-69.45033,-29.33855],[-69.45036,-29.34022],[-69.44425,-29.34344],[-69.44229,-29.34569],[-69.44161,-29.34751],[-69.44133,-29.35045],[-69.44045,-29.3514],[-69.43877,-29.35193],[-69.43758,-29.35063],[-69.43601,-29.3515],[-69.43424,-29.35358],[-69.43128,-29.35472],[-69.42903,-29.35611],[-69.41986,-29.35873],[-69.41374,-29.35684],[-69.40888,-29.35694],[-69.40641,-29.35755],[-69.40217,-29.35696],[-69.39921,-29.35723],[-69.39479,-29.36208],[-69.38928,-29.36426],[-69.38587,-29.36682],[-69.37964,-29.36878],[-69.37563,-29.37097],[-69.36865,-29.37842],[-69.36709,-29.38466],[-69.35607,-29.39238],[-69.35568,-29.39385],[-69.35628,-29.39506],[-69.35954,-29.39609],[-69.36231,-29.40153],[-69.36104,-29.403],[-69.36105,-29.40447],[-69.36302,-29.40705],[-69.36413,-29.41079],[-69.36394,-29.41433],[-69.36444,-29.41641],[-69.36307,-29.41822],[-69.35953,-29.42135],[-69.35904,-29.42342],[-69.35618,-29.42507],[-69.3554,-29.4268],[-69.35254,-29.42733],[-69.35107,-29.43044],[-69.34901,-29.43244],[-69.34729,-29.43381],[-69.34529,-29.43475],[-69.34349,-29.43651],[-69.34162,-29.4366],[-69.33778,-29.4393],[-69.33552,-29.44224],[-69.33473,-29.44518],[-69.32645,-29.44512],[-69.31744,-29.44651],[-69.31249,-29.44445],[-69.30963,-29.44498],[-69.30608,-29.44472],[-69.29988,-29.44915],[-69.29801,-29.45235],[-69.30049,-29.45554],[-69.3001,-29.46085],[-69.29923,-29.46414],[-69.29785,-29.46682],[-69.296,-29.47357],[-69.29315,-29.47876],[-69.28822,-29.48076],[-69.28546,-29.48336],[-69.27856,-29.48744],[-69.28033,-29.48943],[-69.28321,-29.49161],[-69.2845,-29.49342],[-69.2848,-29.49558],[-69.28421,-29.49696],[-69.28501,-29.49964],[-69.28324,-29.50198],[-69.28334,-29.50431],[-69.27724,-29.51003],[-69.27626,-29.51349],[-69.27647,-29.51946],[-69.27539,-29.52102],[-69.27223,-29.52344],[-69.26855,-29.5253],[-69.26747,-29.52772],[-69.2647,-29.5292],[-69.25997,-29.52938],[-69.2576,-29.53086],[-69.25414,-29.53025],[-69.25118,-29.53156],[-69.2433,-29.53858],[-69.24033,-29.53996],[-69.23376,-29.54122],[-69.22947,-29.54344],[-69.22245,-29.54267],[-69.21623,-29.54407],[-69.20664,-29.54373],[-69.2028,-29.5459],[-69.20004,-29.54807],[-69.19779,-29.55139],[-69.1976,-29.55399],[-69.19573,-29.55676],[-69.19433,-29.55807],[-69.18958,-29.55106],[-69.19072,-29.54825],[-69.1908,-29.54484],[-69.18872,-29.54264],[-69.18659,-29.54291],[-69.18192,-29.54031],[-69.1797,-29.53777],[-69.17854,-29.53449],[-69.18013,-29.53226],[-69.1812,-29.52884],[-69.18012,-29.52697],[-69.17996,-29.52322],[-69.17813,-29.52142],[-69.1769,-29.51821],[-69.17407,-29.51621],[-69.17214,-29.51392],[-69.17122,-29.51039],[-69.17004,-29.50875],[-69.17214,-29.50423],[-69.16793,-29.4986],[-69.1667,-29.49559],[-69.16514,-29.49461],[-69.16472,-29.49326],[-69.16503,-29.49187],[-69.16395,-29.49031],[-69.16509,-29.48797],[-69.16448,-29.48563],[-69.16057,-29.48055],[-69.16171,-29.47774],[-69.165,-29.47572],[-69.16706,-29.47345],[-69.16637,-29.46949],[-69.16353,-29.46688],[-69.16262,-29.46401],[-69.16529,-29.4616],[-69.16558,-29.45885],[-69.16413,-29.45631],[-69.16358,-29.45203],[-69.16366,-29.44861],[-69.16259,-29.44414],[-69.1625,-29.44206],[-69.15829,-29.43772],[-69.15485,-29.43612],[-69.15267,-29.43629],[-69.14801,-29.43483],[-69.14542,-29.43623],[-69.14366,-29.43577],[-69.13945,-29.43216],[-69.13677,-29.43149],[-69.13603,-29.43007],[-69.13647,-29.42882],[-69.13593,-29.42634],[-69.13715,-29.424],[-69.1357,-29.4224],[-69.13478,-29.41999],[-69.13272,-29.41832],[-69.13095,-29.41584],[-69.13065,-29.41241],[-69.12935,-29.41034],[-69.12919,-29.4074],[-69.12683,-29.40486],[-69.12453,-29.40098],[-69.12437,-29.3979],[-69.12512,-29.39362],[-69.12673,-29.39034],[-69.12718,-29.38727],[-69.12436,-29.38504],[-69.12199,-29.38249],[-69.12229,-29.37915],[-69.12114,-29.37266],[-69.12396,-29.3651],[-69.1235,-29.36222],[-69.1219,-29.35952],[-69.118,-29.35538],[-69.1138,-29.35371],[-69.11281,-29.3523],[-69.11227,-29.34883],[-69.11692,-29.34334],[-69.11753,-29.34133],[-69.1157,-29.33775],[-69.11318,-29.33501],[-69.11088,-29.33006],[-69.10882,-29.32813],[-69.10501,-29.32652],[-69.10234,-29.32412],[-69.10034,-29.32164],[-69.0979,-29.31977],[-69.096,-29.31743],[-69.09387,-29.31592],[-69.0951,-29.31237],[-69.09616,-29.30355],[-69.09554,-29.29384],[-69.09622,-29.29237],[-69.09397,-29.28903],[-69.09065,-29.28622],[-69.09042,-29.2814],[-69.09126,-29.27959],[-69.0914,-29.27771],[-69.08836,-29.27605],[-69.08629,-29.2739],[-69.0866,-29.27156],[-69.08919,-29.27035],[-69.09003,-29.26875],[-69.09056,-29.26688],[-69.0904,-29.26413],[-69.09253,-29.259],[-69.09123,-29.25586],[-69.09344,-29.25144],[-69.09492,-29.24947],[-69.09504,-29.24854],[-69.09298,-29.24609],[-69.09237,-29.24385],[-69.08886,-29.24219],[-69.08726,-29.23971],[-69.08512,-29.23804],[-69.08374,-29.22787],[-69.08237,-29.22573],[-69.08199,-29.22352],[-69.08107,-29.22232],[-69.08045,-29.21884],[-69.08007,-29.21489],[-69.08029,-29.21193],[-69.08174,-29.20925],[-69.08037,-29.20751],[-69.08098,-29.2049],[-69.07946,-29.2031],[-69.07891,-29.20075],[-69.08052,-29.19841],[-69.08052,-29.19534],[-69.0796,-29.19333],[-69.0815,-29.19105],[-69.08196,-29.18945],[-69.0802,-29.18757],[-69.08226,-29.18523],[-69.08538,-29.18296],[-69.08423,-29.17638],[-69.08202,-29.1727],[-69.08117,-29.16876],[-69.08087,-29.16387],[-69.08475,-29.15368],[-69.0852,-29.15014],[-69.08516,-29.14651],[-69.08432,-29.14504],[-69.08422,-29.14099],[-69.08088,-29.13626],[-69.07884,-29.12807],[-69.08225,-29.11988],[-69.08088,-29.11374],[-69.08771,-29.10692],[-69.09044,-29.10146],[-69.0959,-29.09805],[-69.09931,-29.0919],[-69.10682,-29.08781],[-69.10613,-29.08235],[-69.11023,-29.07689],[-69.11364,-29.06938],[-69.11978,-29.06393],[-69.12865,-29.05847],[-69.13821,-29.05574],[-69.13957,-29.05096],[-69.13275,-29.04755],[-69.13207,-29.04413],[-69.14025,-29.04482],[-69.14298,-29.04141],[-69.14844,-29.04141],[-69.15591,-29.04274],[-69.16209,-29.04141],[-69.16619,-29.03526],[-69.17218,-29.03051],[-69.17779,-29.02434],[-69.17711,-29.02025],[-69.17779,-29.01547],[-69.18529,-29.0107],[-69.18939,-29.01479],[-69.1962,-29.01244],[-69.1969,-29.00592],[-69.20167,-29.00592],[-69.20256,-29.00256],[-69.20481,-29.00085],[-69.20597,-29.00191],[-69.20829,-29.00258],[-69.21233,-29.00481],[-69.214,-29.00435],[-69.21363,-29.00722],[-69.21688,-29.01055],[-69.22022,-29.01278],[-69.22571,-29.01248],[-69.22859,-29.0104],[-69.22996,-29.00886],[-69.23581,-29.00557],[-69.23923,-29.0055],[-69.24349,-29.00469],[-69.24699,-29.00301],[-69.25877,-29.00085],[-69.26406,-28.99795],[-69.26631,-28.99727],[-69.26816,-28.99552],[-69.27044,-28.99449],[-69.27709,-28.99231],[-69.28244,-28.99138],[-69.28369,-28.99041],[-69.2852,-28.99043],[-69.28651,-28.9892],[-69.28762,-28.98928],[-69.28894,-28.98845],[-69.29151,-28.98844],[-69.29544,-28.9891],[-69.29648,-28.98882],[-69.29679,-28.98774],[-69.30256,-28.9872],[-69.30585,-28.98549],[-69.30713,-28.98565],[-69.3111,-28.98468],[-69.31179,-28.98491],[-69.31368,-28.98395],[-69.31475,-28.98387],[-69.31818,-28.98496],[-69.32318,-28.98442],[-69.32511,-28.98458],[-69.32574,-28.985],[-69.32757,-28.985],[-69.32997,-28.98421],[-69.33205,-28.98409],[-69.33863,-28.98503],[-69.33945,-28.98556],[-69.34465,-28.98671],[-69.34907,-28.98623],[-69.35153,-28.98547],[-69.35459,-28.98358],[-69.36325,-28.98206],[-69.36901,-28.98193],[-69.37165,-28.98027],[-69.37374,-28.97642],[-69.3749,-28.97561],[-69.37586,-28.9759],[-69.37685,-28.97446],[-69.37815,-28.97376],[-69.37891,-28.97385],[-69.3826,-28.97233],[-69.38471,-28.97017],[-69.3862,-28.96989],[-69.38886,-28.96771],[-69.38919,-28.96674],[-69.39076,-28.96519],[-69.39083,-28.96301],[-69.39185,-28.96082],[-69.39364,-28.95992]]]},"properties":{"fid":2,"Name":"PN San Guillermo","region":"DIRECCION REGIONAL CENTRO","attributes":{"categoryId":"Environnement","subCategoryId":"PARC","tags":["NATURE"],"gallery":["https://commons.wikimedia.org/wiki/Special:FilePath/Parque Nacional San Guillermo, depto. Iglesia, San Juan.jpg?width=800"],"informations":["Superficie : n.c. hectares","ID : Q829745"],"highlights":["Paysages remarquables","Biodiversité et observation de la faune","Randonnée et points de vue"],"external_links":["Site officiel : https://www.argentina.gob.ar/parquesnacionales","Wikipedia : https://es.wikipedia.org/wiki/Special:Search?search=PN%20San%20Guillermo"],"photo":"https://images.pexels.com/photos/2403205/pexels-photo-2403205.jpeg?auto=compress&cs=tinysrgb&w=800","short_desc":"PN San Guillermo est une aire protégée nationale en Argentine.","link_official":"https://www.argentina.gob.ar/parquesnacionales","link_wikipedia":"https://es.wikipedia.org/wiki/Special:Search?search=PN%20San%20Guillermo"},"categoryId":"Environnement","subCategoryId":"PARC","tags":["NATURE"],"gallery":["https://images.pexels.com/photos/2403205/pexels-photo-2403205.jpeg?auto=compress&cs=tinysrgb&w=800","https://images.pexels.com/photos/933054/pexels-photo-933054.jpeg?auto=compress&cs=tinysrgb&w=800","https://images.pexels.com/photos/572897/pexels-photo-572897.jpeg?auto=compress&cs=tinysrgb&w=800"],"informations":["Année de création : n.c.","Superficie : n.c."],"highlights":["Paysages remarquables","Biodiversité et observation de la faune","Randonnée et points de vue"],"external_links":["Site officiel : https://www.argentina.gob.ar/parquesnacionales","Wikipedia : https://es.wikipedia.org/wiki/Special:Search?search=PN%20San%20Guillermo"],"photo":"https://images.pexels.com/photos/2403205/pexels-photo-2403205.jpeg?auto=compress&cs=tinysrgb&w=800","short_desc":"Résumé non disponible.","link_official":"https://www.argentina.gob.ar/parquesnacionales","link_wikipedia":"https://fr.wikipedia.org/wiki/Q829745"}},{"type":"Feature","geometry":{"type":"Polygon","coordinates":[[[-67.16578,-32.41186],[-67.29407,-32.41682],[-67.28684,-32.43994],[-67.29568,-32.47512],[-67.28085,-32.50599],[-67.27249,-32.53763],[-67.26095,-32.55594],[-67.2481,-32.58677],[-67.24209,-32.60902],[-67.25036,-32.62198],[-67.23672,-32.63381],[-67.21574,-32.67687],[-67.1897,-32.69398],[-67.1799,-32.72023],[-67.03137,-32.72113],[-67.0273,-32.67124],[-67.02334,-32.61447],[-67.01347,-32.60048],[-67.02016,-32.59502],[-67.01802,-32.53216],[-66.9954,-32.51444],[-66.97768,-32.51457],[-66.97718,-32.54435],[-66.96832,-32.5003],[-66.96326,-32.50105],[-66.95639,-32.46881],[-66.95758,-32.4678],[-66.96295,-32.46717],[-66.9694,-32.46041],[-66.97112,-32.47071],[-66.97828,-32.47895],[-66.9787,-32.45377],[-67.03394,-32.45473],[-67.03443,-32.41367],[-67.08295,-32.41457],[-67.08253,-32.45278],[-67.16217,-32.45278],[-67.16578,-32.41186]]]},"properties":{"fid":3,"Name":"PN Sierra de las Quijadas","region":"DIRECCION REGIONAL CENTRO","attributes":{"categoryId":"Environnement","subCategoryId":"PARC","tags":["NATURE"],"gallery":["https://commons.wikimedia.org/wiki/Special:FilePath/Sierra de las Quijadas, San Luis.jpg?width=800"],"informations":["Superficie : n.c. hectares","ID : Q829305"],"highlights":["Paysages remarquables","Biodiversité et observation de la faune","Randonnée et points de vue"],"external_links":["Site officiel : https://www.argentina.gob.ar/parquesnacionales","Wikipedia : https://es.wikipedia.org/wiki/Special:Search?search=PN%20Sierra%20de%20las%20Quijadas"],"photo":"https://images.pexels.com/photos/2403205/pexels-photo-2403205.jpeg?auto=compress&cs=tinysrgb&w=800","short_desc":"PN Sierra de las Quijadas est une aire protégée nationale en Argentine.","link_official":"https://www.argentina.gob.ar/parquesnacionales","link_wikipedia":"https://es.wikipedia.org/wiki/Special:Search?search=PN%20Sierra%20de%20las%20Quijadas"},"categoryId":"Environnement","subCategoryId":"PARC","tags":["NATURE"],"gallery":["https://images.pexels.com/photos/2403205/pexels-photo-2403205.jpeg?auto=compress&cs=tinysrgb&w=800","https://images.pexels.com/photos/933054/pexels-photo-933054.jpeg?auto=compress&cs=tinysrgb&w=800","https://images.pexels.com/photos/572897/pexels-photo-572897.jpeg?auto=compress&cs=tinysrgb&w=800"],"informations":["Année de création : n.c.","Superficie : n.c."],"highlights":["Paysages remarquables","Biodiversité et observation de la faune","Randonnée et points de vue"],"external_links":["Site officiel : https://www.argentina.gob.ar/parquesnacionales","Wikipedia : https://es.wikipedia.org/wiki/Special:Search?search=PN%20Sierra%20de%20las%20Quijadas"],"photo":"https://images.pexels.com/photos/2403205/pexels-photo-2403205.jpeg?auto=compress&cs=tinysrgb&w=800","short_desc":"Résumé non disponible.","link_official":"https://www.argentina.gob.ar/parquesnacionales","link_wikipedia":"https://fr.wikipedia.org/wiki/Q829305"}},{"type":"Feature","geometry":{"type":"MultiPolygon","coordinates":[[[[-64.82237,-31.59614],[-64.82344,-31.55384],[-64.87079,-31.55556],[-64.87133,-31.56839],[-64.87153,-31.59951],[-64.87365,-31.61633],[-64.87445,-31.61753],[-64.87715,-31.63445],[-64.84797,-31.63608],[-64.83172,-31.63454],[-64.82358,-31.63516],[-64.8193,-31.63383],[-64.81858,-31.63552],[-64.81604,-31.63375],[-64.80001,-31.63365],[-64.79971,-31.66626],[-64.81877,-31.66624],[-64.82087,-31.66526],[-64.82354,-31.66608],[-64.83353,-31.66637],[-64.83748,-31.66691],[-64.85283,-31.66615],[-64.86189,-31.66633],[-64.86188,-31.66713],[-64.8609,-31.66886],[-64.86057,-31.67175],[-64.85992,-31.67279],[-64.85952,-31.67983],[-64.86407,-31.68388],[-64.8646,-31.68525],[-64.86465,-31.68793],[-64.86402,-31.6918],[-64.86236,-31.69507],[-64.86349,-31.69746],[-64.86414,-31.70154],[-64.86482,-31.70294],[-64.86349,-31.7072],[-64.8579,-31.7085],[-64.8566,-31.70963],[-64.85241,-31.70929],[-64.85167,-31.71326],[-64.85186,-31.71654],[-64.85113,-31.71882],[-64.85166,-31.72605],[-64.853,-31.72749],[-64.85205,-31.72967],[-64.85354,-31.73127],[-64.85302,-31.73574],[-64.85075,-31.74039],[-64.84999,-31.74556],[-64.85105,-31.75402],[-64.85078,-31.75719],[-64.85006,-31.75868],[-64.85225,-31.76009],[-64.85432,-31.76575],[-64.85458,-31.77194],[-64.85826,-31.79722],[-64.86139,-31.80103],[-64.86169,-31.808],[-64.85983,-31.82284],[-64.85809,-31.82783],[-64.79201,-31.82784],[-64.79188,-31.82625],[-64.7908,-31.82531],[-64.79083,-31.82372],[-64.78911,-31.8241],[-64.78588,-31.82182],[-64.78153,-31.82257],[-64.77673,-31.8212],[-64.7744,-31.82131],[-64.76433,-31.80769],[-64.75451,-31.79951],[-64.75102,-31.79378],[-64.74192,-31.78945],[-64.73451,-31.77532],[-64.73793,-31.77372],[-64.73779,-31.76686],[-64.73662,-31.76685],[-64.73547,-31.76584],[-64.73341,-31.75576],[-64.73213,-31.75297],[-64.72915,-31.75206],[-64.72684,-31.75025],[-64.72418,-31.74933],[-64.72121,-31.74552],[-64.72056,-31.74204],[-64.7193,-31.74023],[-64.71455,-31.73879],[-64.7133,-31.73738],[-64.71225,-31.73698],[-64.71108,-31.73786],[-64.70851,-31.73814],[-64.70278,-31.73251],[-64.69825,-31.73167],[-64.69407,-31.72308],[-64.69018,-31.71817],[-64.68979,-31.71309],[-64.69147,-31.70963],[-64.69185,-31.70675],[-64.69318,-31.70338],[-64.69255,-31.69851],[-64.6939,-31.69375],[-64.6959,-31.68333],[-64.69621,-31.67787],[-64.69032,-31.67562],[-64.68925,-31.6768],[-64.68829,-31.67918],[-64.68283,-31.67902],[-64.68095,-31.67224],[-64.67949,-31.66865],[-64.67909,-31.66397],[-64.6792,-31.64797],[-64.67974,-31.6427],[-64.67952,-31.63807],[-64.68042,-31.63739],[-64.6807,-31.63648],[-64.67978,-31.63273],[-64.68116,-31.62484],[-64.68217,-31.62311],[-64.68695,-31.62036],[-64.6875,-31.61926],[-64.6882,-31.61953],[-64.69738,-31.61903],[-64.75269,-31.61819],[-64.75008,-31.62214],[-64.75076,-31.62364],[-64.74861,-31.62789],[-64.75173,-31.62911],[-64.75522,-31.62895],[-64.75756,-31.62788],[-64.75901,-31.62382],[-64.75588,-31.62329],[-64.75519,-31.62239],[-64.75707,-31.62101],[-64.75949,-31.62223],[-64.76382,-31.61164],[-64.76522,-31.61095],[-64.76041,-31.60574],[-64.75927,-31.60394],[-64.76719,-31.58502],[-64.77495,-31.56889],[-64.77666,-31.5709],[-64.77833,-31.57618],[-64.78247,-31.5796],[-64.78254,-31.58348],[-64.79045,-31.58226],[-64.79228,-31.58467],[-64.79526,-31.58708],[-64.79777,-31.59078],[-64.80299,-31.59143],[-64.80818,-31.59396],[-64.81686,-31.59673],[-64.82234,-31.59735],[-64.82237,-31.59614]]],[[[-64.6798,-31.61873],[-64.68733,-31.61925],[-64.68684,-31.62026],[-64.68244,-31.62266],[-64.68117,-31.62425],[-64.67961,-31.63273],[-64.68053,-31.63647],[-64.67953,-31.63792],[-64.6798,-31.61873]]]]},"properties":{"fid":4,"Name":"PN Quebrada del Condorito","region":"DIRECCION REGIONAL CENTRO","attributes":{"categoryId":"Environnement","subCategoryId":"PARC","tags":["NATURE"],"gallery":["https://commons.wikimedia.org/wiki/Special:FilePath/Quebrada del Condorito Provincia de Córdoba (Argentina) 2008-08-02.jpg?width=800"],"informations":["Superficie : n.c. hectares","ID : Q829609"],"highlights":["Paysages remarquables","Biodiversité et observation de la faune","Randonnée et points de vue"],"external_links":["Site officiel : https://www.argentina.gob.ar/parquesnacionales","Wikipedia : https://es.wikipedia.org/wiki/Special:Search?search=PN%20Quebrada%20del%20Condorito"],"photo":"https://images.pexels.com/photos/2403205/pexels-photo-2403205.jpeg?auto=compress&cs=tinysrgb&w=800","short_desc":"PN Quebrada del Condorito est une aire protégée nationale en Argentine.","link_official":"https://www.argentina.gob.ar/parquesnacionales","link_wikipedia":"https://es.wikipedia.org/wiki/Special:Search?search=PN%20Quebrada%20del%20Condorito"},"categoryId":"Environnement","subCategoryId":"PARC","tags":["NATURE"],"gallery":["https://images.pexels.com/photos/2403205/pexels-photo-2403205.jpeg?auto=compress&cs=tinysrgb&w=800","https://images.pexels.com/photos/933054/pexels-photo-933054.jpeg?auto=compress&cs=tinysrgb&w=800","https://images.pexels.com/photos/572897/pexels-photo-572897.jpeg?auto=compress&cs=tinysrgb&w=800"],"informations":["Année de création : n.c.","Superficie : n.c."],"highlights":["Paysages remarquables","Biodiversité et observation de la faune","Randonnée et points de vue"],"external_links":["Site officiel : https://www.argentina.gob.ar/parquesnacionales","Wikipedia : https://es.wikipedia.org/wiki/Special:Search?search=PN%20Quebrada%20del%20Condorito"],"photo":"https://images.pexels.com/photos/2403205/pexels-photo-2403205.jpeg?auto=compress&cs=tinysrgb&w=800","short_desc":"Résumé non disponible.","link_official":"https://www.argentina.gob.ar/parquesnacionales","link_wikipedia":"https://fr.wikipedia.org/wiki/Q829609"}},{"type":"Feature","geometry":{"type":"Polygon","coordinates":[[[-67.87213,-29.57094],[-67.8707,-29.56678],[-67.88153,-29.56709],[-67.88422,-29.57438],[-67.89136,-29.60069],[-67.88988,-29.60419],[-67.89253,-29.60496],[-67.88905,-29.60864],[-67.89363,-29.60936],[-67.89775,-29.63264],[-67.89487,-29.63465],[-67.89771,-29.63565],[-67.89966,-29.65031],[-67.895,-29.66557],[-67.8879,-29.67098],[-67.88785,-29.67414],[-67.88397,-29.68594],[-67.88155,-29.68761],[-67.88435,-29.69015],[-67.88555,-29.71227],[-67.87841,-29.72962],[-67.87589,-29.74105],[-68.06637,-29.71196],[-68.07711,-29.71205],[-68.08712,-29.70922],[-68.09153,-29.70936],[-68.09267,-29.70829],[-68.09482,-29.70798],[-68.09729,-29.70878],[-68.0994,-29.70849],[-68.10099,-29.70752],[-68.10446,-29.70743],[-68.10494,-29.70553],[-68.1067,-29.70585],[-68.11086,-29.70412],[-68.11753,-29.70225],[-68.11925,-29.70268],[-68.12362,-29.70019],[-68.1247,-29.69809],[-68.12567,-29.69751],[-68.12693,-29.69822],[-68.12976,-29.69765],[-68.13137,-29.69867],[-68.1334,-29.69923],[-68.14087,-29.69837],[-68.1504,-29.69436],[-68.15029,-29.69203],[-68.15159,-29.692],[-68.15384,-29.69401],[-68.15775,-29.69369],[-68.15987,-29.69185],[-68.16363,-29.69335],[-68.17286,-29.68728],[-68.17781,-29.68252],[-68.18381,-29.67439],[-68.19091,-29.67205],[-68.2029,-29.67193],[-68.21244,-29.66751],[-68.22233,-29.67165],[-68.22823,-29.67344],[-68.24471,-29.67431],[-68.25368,-29.67523],[-68.26745,-29.66985],[-68.27589,-29.66606],[-68.25846,-29.74689],[-68.26643,-29.75201],[-68.26764,-29.75921],[-68.25676,-29.76785],[-68.2527,-29.78224],[-68.19297,-29.78527],[-68.18312,-29.81641],[-68.18414,-29.848],[-68.17759,-29.85845],[-68.16413,-29.864],[-68.16037,-29.88592],[-68.1421,-29.88768],[-68.1222,-29.88305],[-68.10766,-29.88434],[-68.0907,-29.88995],[-68.07038,-29.89275],[-68.0454,-29.90757],[-68.03466,-29.92175],[-68.01417,-29.94352],[-68.00377,-29.96567],[-67.9994,-29.97335],[-67.99186,-29.97907],[-67.98948,-29.98874],[-67.97965,-29.99459],[-67.96782,-30.00946],[-67.95971,-30.00995],[-67.94199,-30.02564],[-67.92995,-30.03009],[-67.93034,-30.03554],[-67.91605,-30.04795],[-67.90616,-30.05098],[-67.91224,-30.05642],[-67.90402,-30.06146],[-67.90665,-30.06623],[-67.88845,-30.0804],[-67.88277,-30.07829],[-67.88839,-30.07159],[-67.88446,-30.06991],[-67.87105,-30.08],[-67.86995,-30.08674],[-67.85256,-30.09944],[-67.84267,-30.10194],[-67.83384,-30.10881],[-67.82911,-30.11606],[-67.82074,-30.11403],[-67.81563,-30.11925],[-67.81629,-30.12756],[-67.68674,-30.21497],[-67.67107,-30.20386],[-67.67598,-30.20063],[-67.67391,-30.13203],[-67.65867,-29.63468],[-67.66965,-29.6039],[-67.67895,-29.60742],[-67.68007,-29.60853],[-67.68117,-29.60825],[-67.68532,-29.60917],[-67.68804,-29.61129],[-67.6938,-29.60869],[-67.69831,-29.61068],[-67.70002,-29.61206],[-67.70226,-29.61707],[-67.70434,-29.61613],[-67.70915,-29.61858],[-67.71382,-29.61607],[-67.72107,-29.61719],[-67.72225,-29.62105],[-67.73234,-29.62195],[-67.73498,-29.6188],[-67.73874,-29.62172],[-67.77225,-29.61571],[-67.78169,-29.61184],[-67.79187,-29.60929],[-67.81311,-29.58443],[-67.81963,-29.57963],[-67.82824,-29.58044],[-67.84221,-29.58066],[-67.84662,-29.58431],[-67.85594,-29.58429],[-67.8627,-29.57598],[-67.86679,-29.57675],[-67.87213,-29.57094]]]},"properties":{"fid":5,"Name":"PN Talampaya","region":"DIRECCION REGIONAL CENTRO","details":{"title":"Parque Nacional Talampaya","province":["La Rioja"],"created_year":1997,"area_ha":213800,"short_desc":"Parc désertique célèbre pour ses canyons rouges, ses sites archéologiques et paléontologiques, voisin d’Ischigualasto.","highlights":["Cañón de Talampaya","Patrimoine mondial UNESCO (avec Ischigualasto)","Faune du Monte"],"unesco":true,"unesco_year":2000,"official_url":"https://www.argentina.gob.ar/parquesnacionales/talampaya","wikipedia_url":"https://es.wikipedia.org/wiki/Parque_nacional_Talampaya","media":{"hero":{"title":"Talampaya National Park","file":"Talampaya_National_Park_-_54491681044.jpg","author":"Graeme Churchard (Flickr)","license":"CC BY-SA 4.0","license_url":"https://creativecommons.org/licenses/by-sa/4.0","source":"Wikimedia Commons","url":"https://commons.wikimedia.org/wiki/Special:FilePath/Talampaya_National_Park_-_54491681044.jpg","page":"https://commons.wikimedia.org/wiki/File:Talampaya_National_Park_-_54491681044.jpg"}}},"attributes":{"categoryId":"Environnement","subCategoryId":"PARC","tags":["NATURE"],"gallery":["https://images.pexels.com/photos/1334597/pexels-photo-1334597.jpeg?auto=compress&cs=tinysrgb&w=800","https://images.pexels.com/photos/134020/pexels-photo-134020.jpeg?auto=compress&cs=tinysrgb&w=800","https://images.pexels.com/photos/2526025/pexels-photo-2526025.jpeg?auto=compress&cs=tinysrgb&w=800"],"short_desc":"Parc désertique célèbre pour ses canyons rouges, ses sites archéologiques et paléontologiques, voisin d’Ischigualasto.","informations":["Année de création : n.c.","Superficie : n.c."],"highlights":["Cañón de Talampaya","Patrimoine mondial UNESCO (avec Ischigualasto)","Faune du Monte"],"external_links":["Site officiel : https://www.argentina.gob.ar/parquesnacionales/talampaya","Wikipedia : https://es.wikipedia.org/wiki/Parque_nacional_Talampaya"],"photo":"https://images.pexels.com/photos/1334597/pexels-photo-1334597.jpeg?auto=compress&cs=tinysrgb&w=800","link_official":"https://www.argentina.gob.ar/parquesnacionales/talampaya","link_wikipedia":"https://es.wikipedia.org/wiki/Parque_nacional_Talampaya"},"categoryId":"Environnement","subCategoryId":"PARC","tags":["NATURE"],"gallery":["https://images.pexels.com/photos/1334597/pexels-photo-1334597.jpeg?auto=compress&cs=tinysrgb&w=800","https://images.pexels.com/photos/134020/pexels-photo-134020.jpeg?auto=compress&cs=tinysrgb&w=800","https://images.pexels.com/photos/2526025/pexels-photo-2526025.jpeg?auto=compress&cs=tinysrgb&w=800"],"short_desc":"Parc désertique célèbre pour ses canyons rouges, ses sites archéologiques et paléontologiques, voisin d’Ischigualasto.","informations":["Année de création : n.c.","Superficie : n.c."],"highlights":["Cañón de Talampaya","Patrimoine mondial UNESCO (avec Ischigualasto)","Faune du Monte"],"external_links":["Site officiel : https://www.argentina.gob.ar/parquesnacionales/talampaya","Wikipedia : https://es.wikipedia.org/wiki/Parque_nacional_Talampaya"],"photo":"https://images.pexels.com/photos/1334597/pexels-photo-1334597.jpeg?auto=compress&cs=tinysrgb&w=800","link_official":"https://www.argentina.gob.ar/parquesnacionales/talampaya","link_wikipedia":"https://es.wikipedia.org/wiki/Parque_nacional_Talampaya"}},{"type":"Feature","geometry":{"type":"Polygon","coordinates":[[[-65.49476,-31.04933],[-65.48688,-31.0728],[-65.48549,-31.07593],[-65.47901,-31.08679],[-65.47796,-31.09086],[-65.4783,-31.09661],[-65.47747,-31.10263],[-65.48142,-31.11082],[-65.4815,-31.11638],[-65.48457,-31.14015],[-65.48419,-31.14043],[-65.4833,-31.16118],[-65.49521,-31.16226],[-65.50497,-31.1614],[-65.51087,-31.16212],[-65.51182,-31.16252],[-65.51144,-31.1634],[-65.51122,-31.17524],[-65.51295,-31.17521],[-65.51473,-31.17578],[-65.51105,-31.20528],[-65.52216,-31.22554],[-65.53088,-31.23794],[-65.53154,-31.23849],[-65.53507,-31.23906],[-65.54416,-31.2449],[-65.54789,-31.24781],[-65.56223,-31.2641],[-65.41645,-31.26538],[-65.41583,-31.26262],[-65.42205,-31.24859],[-65.42026,-31.22796],[-65.42508,-31.2183],[-65.42721,-31.21282],[-65.42758,-31.20737],[-65.41936,-31.20253],[-65.419,-31.19818],[-65.42548,-31.19436],[-65.43753,-31.15017],[-65.43687,-31.12566],[-65.43832,-31.11302],[-65.43424,-31.10179],[-65.43378,-31.08374],[-65.43113,-31.064],[-65.4325,-31.05332],[-65.43499,-31.04778],[-65.41884,-31.006],[-65.61136,-31.00472],[-65.61053,-30.90551],[-65.70959,-30.90541],[-65.77198,-31.04452],[-65.77198,-31.04477],[-65.75511,-31.04499],[-65.62711,-31.04615],[-65.49397,-31.04683],[-65.49476,-31.04933]]]},"properties":{"fid":6,"Name":"PN Traslasierra","region":"DIRECCION REGIONAL CENTRO","attributes":{"categoryId":"Environnement","subCategoryId":"PARC","tags":["NATURE"],"gallery":["https://images.pexels.com/photos/2403205/pexels-photo-2403205.jpeg?auto=compress&cs=tinysrgb&w=800","https://images.pexels.com/photos/933054/pexels-photo-933054.jpeg?auto=compress&cs=tinysrgb&w=800","https://images.pexels.com/photos/572897/pexels-photo-572897.jpeg?auto=compress&cs=tinysrgb&w=800"],"informations":["Année de création : n.c.","Superficie : n.c."],"highlights":["Paysages remarquables","Biodiversité et observation de la faune","Randonnée et points de vue"],"external_links":["Site officiel : https://www.argentina.gob.ar/parquesnacionales","Wikipedia : https://es.wikipedia.org/wiki/Special:Search?search=PN%20Traslasierra"],"photo":"https://images.pexels.com/photos/2403205/pexels-photo-2403205.jpeg?auto=compress&cs=tinysrgb&w=800","short_desc":"PN Traslasierra est une aire protégée nationale en Argentine.","link_official":"https://www.argentina.gob.ar/parquesnacionales","link_wikipedia":"https://es.wikipedia.org/wiki/Special:Search?search=PN%20Traslasierra"},"categoryId":"Environnement","subCategoryId":"PARC","tags":["NATURE"],"gallery":["https://images.pexels.com/photos/2403205/pexels-photo-2403205.jpeg?auto=compress&cs=tinysrgb&w=800","https://images.pexels.com/photos/933054/pexels-photo-933054.jpeg?auto=compress&cs=tinysrgb&w=800","https://images.pexels.com/photos/572897/pexels-photo-572897.jpeg?auto=compress&cs=tinysrgb&w=800"],"informations":["Année de création : n.c.","Superficie : n.c."],"highlights":["Paysages remarquables","Biodiversité et observation de la faune","Randonnée et points de vue"],"external_links":["Site officiel : https://www.argentina.gob.ar/parquesnacionales","Wikipedia : https://es.wikipedia.org/wiki/Special:Search?search=PN%20Traslasierra"],"photo":"https://images.pexels.com/photos/2403205/pexels-photo-2403205.jpeg?auto=compress&cs=tinysrgb&w=800","short_desc":"PN Traslasierra est une aire protégée nationale en Argentine.","link_official":"https://www.argentina.gob.ar/parquesnacionales","link_wikipedia":"https://es.wikipedia.org/wiki/Special:Search?search=PN%20Traslasierra"}},{"type":"Feature","geometry":{"type":"Polygon","coordinates":[[[-64.43469,-32.22683],[-64.4234,-32.23893],[-64.42188,-32.23877],[-64.40491,-32.22224],[-64.40258,-32.22115],[-64.40185,-32.21862],[-64.40224,-32.21647],[-64.40414,-32.21464],[-64.40687,-32.21598],[-64.40778,-32.21487],[-64.40738,-32.21456],[-64.4077,-32.21392],[-64.40616,-32.21336],[-64.40757,-32.21133],[-64.4081,-32.2113],[-64.40933,-32.20871],[-64.40898,-32.20854],[-64.40923,-32.20795],[-64.40996,-32.20777],[-64.4106,-32.20646],[-64.41108,-32.20678],[-64.41019,-32.20811],[-64.41116,-32.20851],[-64.41064,-32.20951],[-64.41119,-32.21061],[-64.41264,-32.21127],[-64.41499,-32.20935],[-64.41626,-32.20982],[-64.41617,-32.21156],[-64.417,-32.21274],[-64.4174,-32.2126],[-64.41796,-32.21343],[-64.41871,-32.21328],[-64.41907,-32.21399],[-64.4177,-32.21568],[-64.41564,-32.21601],[-64.41531,-32.21668],[-64.41355,-32.21679],[-64.41452,-32.21707],[-64.41441,-32.21759],[-64.41567,-32.21838],[-64.4161,-32.21928],[-64.41363,-32.22012],[-64.41344,-32.22076],[-64.41406,-32.22099],[-64.41695,-32.22066],[-64.41892,-32.2196],[-64.42018,-32.22134],[-64.42336,-32.22351],[-64.42686,-32.22024],[-64.4311,-32.22334],[-64.43469,-32.22683]]]},"properties":{"fid":7,"Name":"RNed Cerro Pistarini","region":"DIRECCION REGIONAL CENTRO","attributes":{"categoryId":"Environnement","subCategoryId":"PARC","tags":["NATURE"],"gallery":["https://images.pexels.com/photos/2403205/pexels-photo-2403205.jpeg?auto=compress&cs=tinysrgb&w=800","https://images.pexels.com/photos/933054/pexels-photo-933054.jpeg?auto=compress&cs=tinysrgb&w=800","https://images.pexels.com/photos/572897/pexels-photo-572897.jpeg?auto=compress&cs=tinysrgb&w=800"],"informations":["Année de création : n.c.","Superficie : n.c."],"highlights":["Paysages remarquables","Biodiversité et observation de la faune","Randonnée et points de vue"],"external_links":["Site officiel : https://www.argentina.gob.ar/parquesnacionales","Wikipedia : https://es.wikipedia.org/wiki/Special:Search?search=RNed%20Cerro%20Pistarini"],"photo":"https://images.pexels.com/photos/2403205/pexels-photo-2403205.jpeg?auto=compress&cs=tinysrgb&w=800","short_desc":"RNed Cerro Pistarini est une aire protégée nationale en Argentine.","link_official":"https://www.argentina.gob.ar/parquesnacionales","link_wikipedia":"https://es.wikipedia.org/wiki/Special:Search?search=RNed%20Cerro%20Pistarini"},"categoryId":"Environnement","subCategoryId":"PARC","tags":["NATURE"],"gallery":["https://images.pexels.com/photos/2403205/pexels-photo-2403205.jpeg?auto=compress&cs=tinysrgb&w=800","https://images.pexels.com/photos/933054/pexels-photo-933054.jpeg?auto=compress&cs=tinysrgb&w=800","https://images.pexels.com/photos/572897/pexels-photo-572897.jpeg?auto=compress&cs=tinysrgb&w=800"],"informations":["Année de création : n.c.","Superficie : n.c."],"highlights":["Paysages remarquables","Biodiversité et observation de la faune","Randonnée et points de vue"],"external_links":["Site officiel : https://www.argentina.gob.ar/parquesnacionales","Wikipedia : https://es.wikipedia.org/wiki/Special:Search?search=RNed%20Cerro%20Pistarini"],"photo":"https://images.pexels.com/photos/2403205/pexels-photo-2403205.jpeg?auto=compress&cs=tinysrgb&w=800","short_desc":"RNed Cerro Pistarini est une aire protégée nationale en Argentine.","link_official":"https://www.argentina.gob.ar/parquesnacionales","link_wikipedia":"https://es.wikipedia.org/wiki/Special:Search?search=RNed%20Cerro%20Pistarini"}},{"type":"Feature","geometry":{"type":"Polygon","coordinates":[[[-62.22306,-30.60256],[-62.238,-30.55103],[-62.24313,-30.53502],[-62.25366,-30.49909],[-62.26531,-30.46225],[-62.2485,-30.46478],[-62.23644,-30.41071],[-62.23535,-30.40946],[-62.23051,-30.40771],[-62.21993,-30.40571],[-62.19752,-30.3451],[-62.52008,-30.3419],[-62.52124,-30.33838],[-62.52123,-30.33496],[-62.52208,-30.33078],[-62.52398,-30.32634],[-62.52762,-30.32206],[-62.53453,-30.31202],[-62.53938,-30.30783],[-62.54315,-30.30661],[-62.54465,-30.30474],[-62.54557,-30.30257],[-62.5524,-30.29963],[-62.55644,-30.29645],[-62.55875,-30.29418],[-62.56278,-30.28858],[-62.56458,-30.28711],[-62.56881,-30.28498],[-62.57169,-30.28261],[-62.57417,-30.27903],[-62.57677,-30.27766],[-62.57891,-30.27589],[-62.5822,-30.27236],[-62.58568,-30.27139],[-62.58942,-30.26871],[-62.59362,-30.25958],[-62.59329,-30.2524],[-62.59073,-30.243],[-62.58969,-30.23598],[-62.58987,-30.23387],[-62.59104,-30.2313],[-62.59016,-30.22855],[-62.59151,-30.22402],[-62.59575,-30.221],[-62.59778,-30.21907],[-62.59899,-30.21702],[-62.59933,-30.21388],[-62.59894,-30.21313],[-62.59688,-30.2124],[-62.59503,-30.20953],[-62.59687,-30.20734],[-62.59968,-30.2018],[-62.5969,-30.19974],[-62.5966,-30.19789],[-62.59901,-30.19588],[-62.60115,-30.19207],[-62.60132,-30.19089],[-62.59876,-30.19076],[-62.59809,-30.19137],[-62.59663,-30.19159],[-62.596,-30.19081],[-62.59608,-30.18804],[-62.59512,-30.18645],[-62.59457,-30.18437],[-62.5954,-30.18313],[-62.59538,-30.18162],[-62.59425,-30.18133],[-62.59265,-30.1815],[-62.59246,-30.17792],[-62.59544,-30.17327],[-62.59542,-30.17192],[-62.59469,-30.1714],[-62.59466,-30.1692],[-62.59636,-30.16799],[-62.5968,-30.16574],[-62.59617,-30.16409],[-62.59228,-30.15917],[-62.59191,-30.15796],[-62.58808,-30.1524],[-62.58756,-30.1504],[-62.58487,-30.14903],[-62.58231,-30.14842],[-62.5807,-30.1459],[-62.57607,-30.13104],[-62.57245,-30.13099],[-62.57059,-30.13053],[-62.56997,-30.12827],[-62.57037,-30.12654],[-62.56767,-30.12307],[-62.56765,-30.12049],[-62.56458,-30.11479],[-62.56314,-30.10806],[-62.56303,-30.10317],[-62.56151,-30.10161],[-62.56142,-30.09996],[-62.56263,-30.09607],[-62.56437,-30.09408],[-62.56481,-30.09275],[-62.56365,-30.09044],[-62.56337,-30.08645],[-62.56089,-30.08206],[-62.56017,-30.07909],[-62.55839,-30.07635],[-62.55839,-30.07433],[-62.55732,-30.06993],[-62.55648,-30.06279],[-62.57564,-30.06088],[-62.57766,-30.06112],[-62.58159,-30.06302],[-62.58254,-30.06421],[-62.5829,-30.06326],[-62.5842,-30.06279],[-62.58635,-30.06374],[-62.59039,-30.06231],[-62.59182,-30.06076],[-62.5981,-30.061],[-62.60092,-30.05993],[-62.60145,-30.05907],[-62.60557,-30.05945],[-62.60813,-30.05741],[-62.60907,-30.05505],[-62.61291,-30.05384],[-62.61801,-30.05406],[-62.62272,-30.05283],[-62.62807,-30.05309],[-62.63445,-30.05404],[-62.65137,-30.13477],[-62.71248,-30.12369],[-62.71865,-30.15111],[-62.73737,-30.14408],[-62.73722,-30.17883],[-62.72796,-30.17881],[-62.75204,-30.1941],[-62.75029,-30.19633],[-62.83613,-30.18189],[-62.83948,-30.19651],[-62.8747,-30.18965],[-62.87839,-30.20524],[-62.89416,-30.20249],[-62.89788,-30.21841],[-62.95276,-30.20882],[-62.96189,-30.24869],[-63.31306,-30.18591],[-63.32991,-30.24785],[-63.37556,-30.24812],[-63.38091,-30.27081],[-63.38093,-30.31005],[-63.3799,-30.32148],[-63.38012,-30.37249],[-63.37974,-30.41567],[-63.37926,-30.41745],[-63.37912,-30.42844],[-63.37936,-30.46332],[-63.42067,-30.46388],[-63.42019,-30.48722],[-63.37887,-30.4868],[-63.37786,-30.48845],[-63.3778,-30.49526],[-63.32353,-30.5062],[-63.32304,-30.51647],[-63.32306,-30.5591],[-63.29897,-30.56383],[-63.30483,-30.58578],[-63.31036,-30.60975],[-63.29872,-30.61174],[-63.29784,-30.60819],[-63.28629,-30.61041],[-63.28953,-30.62366],[-63.28559,-30.62442],[-63.28525,-30.62304],[-63.2652,-30.62688],[-63.25171,-30.62268],[-63.23218,-30.62627],[-63.23161,-30.62402],[-63.19497,-30.63075],[-63.20305,-30.66382],[-63.04386,-30.69281],[-62.93242,-30.71486],[-62.88597,-30.79347],[-62.82731,-30.79664],[-62.81367,-30.82756],[-62.50508,-30.84072],[-62.41256,-30.82047],[-62.31392,-30.85247],[-62.25606,-30.84836],[-62.21858,-30.79869],[-62.21756,-30.63233],[-62.22306,-30.60256]]]},"properties":{"fid":8,"Name":"PN Anzenuza","region":"DIRECCION REGIONAL CENTRO","attributes":{"categoryId":"Environnement","subCategoryId":"PARC","tags":["NATURE"],"gallery":["https://images.pexels.com/photos/2403205/pexels-photo-2403205.jpeg?auto=compress&cs=tinysrgb&w=800","https://images.pexels.com/photos/933054/pexels-photo-933054.jpeg?auto=compress&cs=tinysrgb&w=800","https://images.pexels.com/photos/572897/pexels-photo-572897.jpeg?auto=compress&cs=tinysrgb&w=800"],"informations":["Année de création : n.c.","Superficie : n.c."],"highlights":["Paysages remarquables","Biodiversité et observation de la faune","Randonnée et points de vue"],"external_links":["Site officiel : https://www.argentina.gob.ar/parquesnacionales","Wikipedia : https://es.wikipedia.org/wiki/Special:Search?search=PN%20Anzenuza"],"photo":"https://images.pexels.com/photos/2403205/pexels-photo-2403205.jpeg?auto=compress&cs=tinysrgb&w=800","short_desc":"PN Anzenuza est une aire protégée nationale en Argentine.","link_official":"https://www.argentina.gob.ar/parquesnacionales","link_wikipedia":"https://es.wikipedia.org/wiki/Special:Search?search=PN%20Anzenuza"},"categoryId":"Environnement","subCategoryId":"PARC","tags":["NATURE"],"gallery":["https://images.pexels.com/photos/2403205/pexels-photo-2403205.jpeg?auto=compress&cs=tinysrgb&w=800","https://images.pexels.com/photos/933054/pexels-photo-933054.jpeg?auto=compress&cs=tinysrgb&w=800","https://images.pexels.com/photos/572897/pexels-photo-572897.jpeg?auto=compress&cs=tinysrgb&w=800"],"informations":["Année de création : n.c.","Superficie : n.c."],"highlights":["Paysages remarquables","Biodiversité et observation de la faune","Randonnée et points de vue"],"external_links":["Site officiel : https://www.argentina.gob.ar/parquesnacionales","Wikipedia : https://es.wikipedia.org/wiki/Special:Search?search=PN%20Anzenuza"],"photo":"https://images.pexels.com/photos/2403205/pexels-photo-2403205.jpeg?auto=compress&cs=tinysrgb&w=800","short_desc":"PN Anzenuza est une aire protégée nationale en Argentine.","link_official":"https://www.argentina.gob.ar/parquesnacionales","link_wikipedia":"https://es.wikipedia.org/wiki/Special:Search?search=PN%20Anzenuza"}},{"type":"Feature","geometry":{"type":"Polygon","coordinates":[[[-58.66657,-27.12482],[-58.67358,-27.13134],[-58.67968,-27.12591],[-58.68339,-27.12591],[-58.70274,-27.14316],[-58.69721,-27.14888],[-58.69835,-27.15078],[-58.70236,-27.1525],[-58.70445,-27.15383],[-58.71208,-27.1626],[-58.7197,-27.1666],[-58.71741,-27.17156],[-58.71913,-27.1727],[-58.71492,-27.17963],[-58.71189,-27.187],[-58.71093,-27.19157],[-58.70217,-27.20053],[-58.69664,-27.20281],[-58.69264,-27.20863],[-58.68997,-27.21044],[-58.68721,-27.2153],[-58.6874,-27.21978],[-58.68044,-27.21901],[-58.67291,-27.21882],[-58.66186,-27.22418],[-58.65061,-27.22759],[-58.63765,-27.23369],[-58.63194,-27.23569],[-58.62554,-27.23629],[-58.6227,-27.23476],[-58.6164,-27.22721],[-58.61583,-27.22375],[-58.61602,-27.22016],[-58.61545,-27.21739],[-58.6131,-27.21349],[-58.62478,-27.20815],[-58.63677,-27.20324],[-58.64768,-27.20019],[-58.6527,-27.19768],[-58.6587,-27.19386],[-58.66186,-27.19103],[-58.66469,-27.18732],[-58.66662,-27.18099],[-58.6671,-27.17747],[-58.66677,-27.16725],[-58.66615,-27.16384],[-58.6576,-27.13322],[-58.66657,-27.12482]]]},"properties":{"fid":1,"Name":"PN Laguna El Palmar","region":"DIRECCIÓN REGIONAL NEA","attributes":{"categoryId":"Environnement","subCategoryId":"PARC","tags":["NATURE"],"gallery":["https://images.pexels.com/photos/457882/pexels-photo-457882.jpeg?auto=compress&cs=tinysrgb&w=800","https://images.pexels.com/photos/533923/pexels-photo-533923.jpeg?auto=compress&cs=tinysrgb&w=800","https://images.pexels.com/photos/1450360/pexels-photo-1450360.jpeg?auto=compress&cs=tinysrgb&w=800"],"informations":["Année de création : n.c.","Superficie : n.c."],"highlights":["Paysages remarquables","Biodiversité et observation de la faune","Randonnée et points de vue"],"external_links":["Site officiel : https://www.argentina.gob.ar/parquesnacionales","Wikipedia : https://es.wikipedia.org/wiki/Special:Search?search=PN%20Laguna%20El%20Palmar"],"photo":"https://images.pexels.com/photos/457882/pexels-photo-457882.jpeg?auto=compress&cs=tinysrgb&w=800","short_desc":"PN Laguna El Palmar est une aire protégée nationale en Argentine.","link_official":"https://www.argentina.gob.ar/parquesnacionales","link_wikipedia":"https://es.wikipedia.org/wiki/Special:Search?search=PN%20Laguna%20El%20Palmar"},"categoryId":"Environnement","subCategoryId":"PARC","tags":["NATURE"],"gallery":["https://images.pexels.com/photos/457882/pexels-photo-457882.jpeg?auto=compress&cs=tinysrgb&w=800","https://images.pexels.com/photos/533923/pexels-photo-533923.jpeg?auto=compress&cs=tinysrgb&w=800","https://images.pexels.com/photos/1450360/pexels-photo-1450360.jpeg?auto=compress&cs=tinysrgb&w=800"],"informations":["Année de création : n.c.","Superficie : n.c."],"highlights":["Paysages remarquables","Biodiversité et observation de la faune","Randonnée et points de vue"],"external_links":["Site officiel : https://www.argentina.gob.ar/parquesnacionales","Wikipedia : https://es.wikipedia.org/wiki/Special:Search?search=PN%20Laguna%20El%20Palmar"],"photo":"https://images.pexels.com/photos/457882/pexels-photo-457882.jpeg?auto=compress&cs=tinysrgb&w=800","short_desc":"PN Laguna El Palmar est une aire protégée nationale en Argentine.","link_official":"https://www.argentina.gob.ar/parquesnacionales","link_wikipedia":"https://es.wikipedia.org/wiki/Special:Search?search=PN%20Laguna%20El%20Palmar"}},{"type":"Feature","geometry":{"type":"Polygon","coordinates":[[[-57.992,-27.95655],[-57.9959,-27.94029],[-58.00186,-27.93952],[-58.00352,-27.94017],[-58.01832,-27.94243],[-58.02441,-27.94893],[-58.03435,-27.95108],[-58.0334,-27.95551],[-58.06803,-27.96263],[-58.0692,-27.95824],[-58.08382,-27.96104],[-58.09526,-27.96431],[-58.10919,-27.94776],[-58.11545,-27.95205],[-58.11429,-27.95348],[-58.1153,-27.9542],[-58.11255,-27.95756],[-58.11446,-27.95892],[-58.1105,-27.96377],[-58.11348,-27.96572],[-58.10353,-27.97796],[-58.10372,-27.97828],[-58.10439,-27.97749],[-58.11202,-27.97646],[-58.11886,-27.97028],[-58.1205,-27.97227],[-58.12208,-27.97665],[-58.12645,-27.97964],[-58.13225,-27.97834],[-58.13307,-27.97589],[-58.13812,-27.97568],[-58.14184,-27.98201],[-58.1419,-27.98489],[-58.14136,-27.98679],[-58.1416,-27.9914],[-58.14235,-27.9927],[-58.14483,-27.99377],[-58.14652,-27.99561],[-58.14526,-27.99702],[-58.1461,-27.99734],[-58.14564,-27.99791],[-58.1531,-28.00565],[-58.16037,-28.01468],[-58.09455,-28.09652],[-58.08151,-28.09143],[-58.07138,-28.08574],[-58.06047,-28.08098],[-58.05582,-28.07752],[-58.05049,-28.06788],[-58.04661,-28.06333],[-58.03309,-28.05304],[-58.02444,-28.04522],[-58.01947,-28.04263],[-58.0137,-28.04093],[-58.00293,-28.03589],[-57.99688,-28.03401],[-57.9869,-28.0319],[-58.00109,-27.97781],[-57.98578,-27.97079],[-57.99032,-27.96406],[-57.992,-27.95655]]]},"properties":{"fid":2,"Name":"PN Mburucuyá","region":"DIRECCIÓN REGIONAL NEA","attributes":{"categoryId":"Environnement","subCategoryId":"PARC","tags":["NATURE"],"gallery":["https://commons.wikimedia.org/wiki/Special:FilePath/Sendero Yatay.jpg?width=800"],"informations":["Superficie : 176 hectares","ID : Q829771"],"highlights":["Paysages remarquables","Biodiversité et observation de la faune","Randonnée et points de vue"],"external_links":["Site officiel : https://www.argentina.gob.ar/parquesnacionales","Wikipedia : https://es.wikipedia.org/wiki/Special:Search?search=PN%20Mburucuy%C3%A1"],"photo":"https://images.pexels.com/photos/2403205/pexels-photo-2403205.jpeg?auto=compress&cs=tinysrgb&w=800","short_desc":"PN Mburucuyá est une aire protégée nationale en Argentine.","link_official":"https://www.argentina.gob.ar/parquesnacionales","link_wikipedia":"https://es.wikipedia.org/wiki/Special:Search?search=PN%20Mburucuy%C3%A1"},"categoryId":"Environnement","subCategoryId":"PARC","tags":["NATURE"],"gallery":["https://images.pexels.com/photos/2403205/pexels-photo-2403205.jpeg?auto=compress&cs=tinysrgb&w=800","https://images.pexels.com/photos/933054/pexels-photo-933054.jpeg?auto=compress&cs=tinysrgb&w=800","https://images.pexels.com/photos/572897/pexels-photo-572897.jpeg?auto=compress&cs=tinysrgb&w=800"],"informations":["Année de création : n.c.","Superficie : n.c."],"highlights":["Paysages remarquables","Biodiversité et observation de la faune","Randonnée et points de vue"],"external_links":["Site officiel : https://www.argentina.gob.ar/parquesnacionales","Wikipedia : https://es.wikipedia.org/wiki/Special:Search?search=PN%20Mburucuy%C3%A1"],"photo":"https://images.pexels.com/photos/2403205/pexels-photo-2403205.jpeg?auto=compress&cs=tinysrgb&w=800","short_desc":"Résumé non disponible.","link_official":"https://www.argentina.gob.ar/parquesnacionales","link_wikipedia":"https://fr.wikipedia.org/wiki/Q829771"}},{"type":"Feature","geometry":{"type":"MultiPolygon","coordinates":[[[[-58.94882,-27.31782],[-58.95094,-27.31598],[-58.95258,-27.31724],[-58.95046,-27.31918],[-58.94882,-27.31782]]],[[[-58.94367,-27.31742],[-58.94437,-27.31677],[-58.94513,-27.3174],[-58.94441,-27.31804],[-58.94367,-27.31742]]]]},"properties":{"fid":3,"Name":"RNatEd Colonia Benítez","region":"DIRECCIÓN REGIONAL NEA","attributes":{"categoryId":"Environnement","subCategoryId":"PARC","tags":["NATURE"],"gallery":["https://images.pexels.com/photos/2403205/pexels-photo-2403205.jpeg?auto=compress&cs=tinysrgb&w=800","https://images.pexels.com/photos/933054/pexels-photo-933054.jpeg?auto=compress&cs=tinysrgb&w=800","https://images.pexels.com/photos/572897/pexels-photo-572897.jpeg?auto=compress&cs=tinysrgb&w=800"],"informations":["Année de création : n.c.","Superficie : n.c."],"highlights":["Paysages remarquables","Biodiversité et observation de la faune","Randonnée et points de vue"],"external_links":["Site officiel : https://www.argentina.gob.ar/parquesnacionales","Wikipedia : https://es.wikipedia.org/wiki/Special:Search?search=RNatEd%20Colonia%20Ben%C3%ADtez"],"photo":"https://images.pexels.com/photos/2403205/pexels-photo-2403205.jpeg?auto=compress&cs=tinysrgb&w=800","short_desc":"RNatEd Colonia Benítez est une aire protégée nationale en Argentine.","link_official":"https://www.argentina.gob.ar/parquesnacionales","link_wikipedia":"https://es.wikipedia.org/wiki/Special:Search?search=RNatEd%20Colonia%20Ben%C3%ADtez"},"categoryId":"Environnement","subCategoryId":"PARC","tags":["NATURE"],"gallery":["https://images.pexels.com/photos/2403205/pexels-photo-2403205.jpeg?auto=compress&cs=tinysrgb&w=800","https://images.pexels.com/photos/933054/pexels-photo-933054.jpeg?auto=compress&cs=tinysrgb&w=800","https://images.pexels.com/photos/572897/pexels-photo-572897.jpeg?auto=compress&cs=tinysrgb&w=800"],"informations":["Année de création : n.c.","Superficie : n.c."],"highlights":["Paysages remarquables","Biodiversité et observation de la faune","Randonnée et points de vue"],"external_links":["Site officiel : https://www.argentina.gob.ar/parquesnacionales","Wikipedia : https://es.wikipedia.org/wiki/Special:Search?search=RNatEd%20Colonia%20Ben%C3%ADtez"],"photo":"https://images.pexels.com/photos/2403205/pexels-photo-2403205.jpeg?auto=compress&cs=tinysrgb&w=800","short_desc":"RNatEd Colonia Benítez est une aire protégée nationale en Argentine.","link_official":"https://www.argentina.gob.ar/parquesnacionales","link_wikipedia":"https://es.wikipedia.org/wiki/Special:Search?search=RNatEd%20Colonia%20Ben%C3%ADtez"}},{"type":"Feature","geometry":{"type":"Polygon","coordinates":[[[-53.79093,-26.00683],[-53.79322,-26.00616],[-53.79191,-26.00327],[-53.79202,-26.00205],[-53.79301,-26],[-53.7939,-25.99904],[-53.79629,-25.99916],[-53.79678,-26.0011],[-53.79536,-26.00303],[-53.79502,-26.00455],[-53.79528,-26.00645],[-53.79788,-26.00844],[-53.79967,-26.0106],[-53.80049,-26.01227],[-53.79985,-26.01437],[-53.79995,-26.01536],[-53.80097,-26.01618],[-53.80372,-26.0212],[-53.80384,-26.02313],[-53.80222,-26.0249],[-53.79259,-26.02489],[-53.79251,-26.02728],[-53.78727,-26.0271],[-53.78725,-26.02788],[-53.78588,-26.02928],[-53.7853,-26.02935],[-53.78523,-26.02856],[-53.78397,-26.02826],[-53.78391,-26.02737],[-53.77934,-26.02589],[-53.77701,-26.02377],[-53.77672,-26.0225],[-53.78045,-26.02213],[-53.78083,-26.02169],[-53.78042,-26.02015],[-53.77666,-26.01679],[-53.77662,-26.01625],[-53.77954,-26.01534],[-53.78373,-26.0132],[-53.78294,-26.01219],[-53.78279,-26.01068],[-53.78037,-26.0088],[-53.7804,-26.00839],[-53.78228,-26.00764],[-53.78794,-26.00675],[-53.79093,-26.00683]]]},"properties":{"fid":4,"Name":"RNatEs San Antonio","region":"DIRECCIÓN REGIONAL NEA","attributes":{"categoryId":"Environnement","subCategoryId":"PARC","tags":["NATURE"],"gallery":["https://images.pexels.com/photos/2403205/pexels-photo-2403205.jpeg?auto=compress&cs=tinysrgb&w=800","https://images.pexels.com/photos/933054/pexels-photo-933054.jpeg?auto=compress&cs=tinysrgb&w=800","https://images.pexels.com/photos/572897/pexels-photo-572897.jpeg?auto=compress&cs=tinysrgb&w=800"],"informations":["Année de création : n.c.","Superficie : n.c."],"highlights":["Paysages remarquables","Biodiversité et observation de la faune","Randonnée et points de vue"],"external_links":["Site officiel : https://www.argentina.gob.ar/parquesnacionales","Wikipedia : https://es.wikipedia.org/wiki/Special:Search?search=RNatEs%20San%20Antonio"],"photo":"https://images.pexels.com/photos/2403205/pexels-photo-2403205.jpeg?auto=compress&cs=tinysrgb&w=800","short_desc":"RNatEs San Antonio est une aire protégée nationale en Argentine.","link_official":"https://www.argentina.gob.ar/parquesnacionales","link_wikipedia":"https://es.wikipedia.org/wiki/Special:Search?search=RNatEs%20San%20Antonio"},"categoryId":"Environnement","subCategoryId":"PARC","tags":["NATURE"],"gallery":["https://images.pexels.com/photos/2403205/pexels-photo-2403205.jpeg?auto=compress&cs=tinysrgb&w=800","https://images.pexels.com/photos/933054/pexels-photo-933054.jpeg?auto=compress&cs=tinysrgb&w=800","https://images.pexels.com/photos/572897/pexels-photo-572897.jpeg?auto=compress&cs=tinysrgb&w=800"],"informations":["Année de création : n.c.","Superficie : n.c."],"highlights":["Paysages remarquables","Biodiversité et observation de la faune","Randonnée et points de vue"],"external_links":["Site officiel : https://www.argentina.gob.ar/parquesnacionales","Wikipedia : https://es.wikipedia.org/wiki/Special:Search?search=RNatEs%20San%20Antonio"],"photo":"https://images.pexels.com/photos/2403205/pexels-photo-2403205.jpeg?auto=compress&cs=tinysrgb&w=800","short_desc":"RNatEs San Antonio est une aire protégée nationale en Argentine.","link_official":"https://www.argentina.gob.ar/parquesnacionales","link_wikipedia":"https://es.wikipedia.org/wiki/Special:Search?search=RNatEs%20San%20Antonio"}},{"type":"Feature","geometry":{"type":"Polygon","coordinates":[[[-59.60513,-26.89421],[-59.60472,-26.759],[-59.70472,-26.75885],[-59.70566,-26.89406],[-59.60513,-26.89421]]]},"properties":{"fid":5,"Name":"PN Chaco","region":"DIRECCIÓN REGIONAL NEA","attributes":{"categoryId":"Environnement","subCategoryId":"PARC","tags":["NATURE"],"gallery":["https://commons.wikimedia.org/wiki/Special:FilePath/Carpincho lake in National park Chaco.JPG?width=800"],"informations":["Superficie : 14 hectares","ID : Q611989"],"highlights":["Paysages remarquables","Biodiversité et observation de la faune","Randonnée et points de vue"],"external_links":["Site officiel : https://www.argentina.gob.ar/parquesnacionales","Wikipedia : https://es.wikipedia.org/wiki/Special:Search?search=PN%20Chaco"],"photo":"https://images.pexels.com/photos/2403205/pexels-photo-2403205.jpeg?auto=compress&cs=tinysrgb&w=800","short_desc":"PN Chaco est une aire protégée nationale en Argentine.","link_official":"https://www.argentina.gob.ar/parquesnacionales","link_wikipedia":"https://es.wikipedia.org/wiki/Special:Search?search=PN%20Chaco"},"categoryId":"Environnement","subCategoryId":"PARC","tags":["NATURE"],"gallery":["https://images.pexels.com/photos/2403205/pexels-photo-2403205.jpeg?auto=compress&cs=tinysrgb&w=800","https://images.pexels.com/photos/933054/pexels-photo-933054.jpeg?auto=compress&cs=tinysrgb&w=800","https://images.pexels.com/photos/572897/pexels-photo-572897.jpeg?auto=compress&cs=tinysrgb&w=800"],"informations":["Année de création : n.c.","Superficie : n.c."],"highlights":["Paysages remarquables","Biodiversité et observation de la faune","Randonnée et points de vue"],"external_links":["Site officiel : https://www.argentina.gob.ar/parquesnacionales","Wikipedia : https://es.wikipedia.org/wiki/Special:Search?search=PN%20Chaco"],"photo":"https://images.pexels.com/photos/2403205/pexels-photo-2403205.jpeg?auto=compress&cs=tinysrgb&w=800","short_desc":"Résumé non disponible.","link_official":"https://www.argentina.gob.ar/parquesnacionales","link_wikipedia":"https://fr.wikipedia.org/wiki/Q611989"}},{"type":"Feature","geometry":{"type":"Polygon","coordinates":[[[-58.22721,-24.92878],[-58.23086,-24.92596],[-58.23118,-24.92628],[-58.23029,-24.92764],[-58.23029,-24.92885],[-58.23143,-24.93003],[-58.23236,-24.92971],[-58.2345,-24.92757],[-58.23557,-24.927],[-58.2365,-24.92803],[-58.23811,-24.92696],[-58.23847,-24.92914],[-58.24157,-24.92789],[-58.242,-24.92803],[-58.24161,-24.92943],[-58.24211,-24.93064],[-58.24175,-24.93167],[-58.24221,-24.93217],[-58.24414,-24.93121],[-58.24528,-24.93317],[-58.25023,-24.93184],[-58.25058,-24.93339],[-58.25175,-24.93453],[-58.25232,-24.93443],[-58.25249,-24.93225],[-58.25284,-24.93186],[-58.25537,-24.93186],[-58.2562,-24.9327],[-58.25513,-24.93384],[-58.25479,-24.93562],[-58.25769,-24.9357],[-58.25702,-24.93744],[-58.25726,-24.93837],[-58.25812,-24.93855],[-58.25891,-24.93779],[-58.25952,-24.93805],[-58.25959,-24.93998],[-58.26035,-24.94078],[-58.26155,-24.93958],[-58.26229,-24.93966],[-58.26178,-24.94153],[-58.26326,-24.94302],[-58.26554,-24.94253],[-58.26653,-24.94285],[-58.26613,-24.94712],[-58.26657,-24.94706],[-58.26666,-24.94578],[-58.26753,-24.94536],[-58.26804,-24.94549],[-58.26817,-24.94673],[-58.26879,-24.94739],[-58.27048,-24.94675],[-58.27133,-24.94692],[-58.27158,-24.94765],[-58.2709,-24.94964],[-58.27308,-24.94946],[-58.27343,-24.95057],[-58.27564,-24.9533],[-58.2765,-24.9531],[-58.27707,-24.95163],[-58.27848,-24.95199],[-58.27844,-24.95246],[-58.27712,-24.95367],[-58.27692,-24.95457],[-58.27748,-24.95478],[-58.27868,-24.95377],[-58.27985,-24.95374],[-58.27921,-24.95565],[-58.27986,-24.95648],[-58.28051,-24.9565],[-58.28122,-24.95524],[-58.28163,-24.95537],[-58.28206,-24.9565],[-58.28259,-24.95584],[-58.28366,-24.9561],[-58.28479,-24.9554],[-58.28518,-24.95668],[-58.28633,-24.95607],[-58.28912,-24.9573],[-58.28933,-24.9581],[-58.28876,-24.95844],[-58.28725,-24.95804],[-58.28623,-24.9584],[-58.28755,-24.95891],[-58.28793,-24.95947],[-58.28839,-24.96398],[-58.28942,-24.96468],[-58.29204,-24.96496],[-58.29223,-24.967],[-58.29601,-24.96745],[-58.29471,-24.97036],[-58.29685,-24.9715],[-58.29667,-24.97263],[-58.29778,-24.97286],[-58.29767,-24.97441],[-58.30018,-24.97353],[-58.30199,-24.97426],[-58.30176,-24.97501],[-58.29968,-24.9746],[-58.29911,-24.9757],[-58.29934,-24.97631],[-58.30121,-24.97706],[-58.30211,-24.97554],[-58.30302,-24.97509],[-58.30401,-24.97514],[-58.30437,-24.97597],[-58.30285,-24.97612],[-58.30363,-24.97725],[-58.30273,-24.97811],[-58.30282,-24.97886],[-58.30419,-24.97933],[-58.30553,-24.9779],[-58.30684,-24.97778],[-58.30728,-24.97829],[-58.30627,-24.97897],[-58.30609,-24.9796],[-58.30636,-24.97987],[-58.30752,-24.9793],[-58.30782,-24.98129],[-58.3085,-24.98106],[-58.30922,-24.97969],[-58.31014,-24.97966],[-58.31029,-24.98019],[-58.30966,-24.98094],[-58.30993,-24.98189],[-58.31115,-24.98067],[-58.3121,-24.98082],[-58.31207,-24.98126],[-58.31088,-24.98231],[-58.311,-24.98308],[-58.31183,-24.98323],[-58.31326,-24.98248],[-58.31439,-24.98281],[-58.31487,-24.98364],[-58.31472,-24.98534],[-58.31398,-24.98546],[-58.31389,-24.98463],[-58.31317,-24.98391],[-58.31314,-24.98537],[-58.31142,-24.98576],[-58.31072,-24.98643],[-58.31095,-24.98707],[-58.31215,-24.9865],[-58.31302,-24.98877],[-58.31382,-24.98921],[-58.31544,-24.98856],[-58.31812,-24.98839],[-58.31988,-24.98879],[-58.3203,-24.98932],[-58.31923,-24.98953],[-58.31872,-24.9902],[-58.31868,-24.99145],[-58.31939,-24.99246],[-58.18226,-25.13651],[-58.18345,-25.14807],[-58.18208,-25.15402],[-58.17997,-25.1545],[-58.17785,-25.15435],[-58.17638,-25.155],[-58.17324,-25.15494],[-58.17271,-25.15551],[-58.17274,-25.15825],[-58.1723,-25.1591],[-58.16944,-25.15948],[-58.16653,-25.16247],[-58.16563,-25.16284],[-58.16264,-25.16225],[-58.16244,-25.16284],[-58.16135,-25.16351],[-58.15886,-25.16425],[-58.15359,-25.16291],[-58.15239,-25.16386],[-58.15131,-25.16581],[-58.14731,-25.16678],[-58.14688,-25.16735],[-58.14395,-25.16829],[-58.1431,-25.16912],[-58.14484,-25.17099],[-58.14522,-25.17188],[-58.14497,-25.17273],[-58.14205,-25.17466],[-58.1416,-25.17856],[-58.13768,-25.17914],[-58.12678,-25.17373],[-58.12694,-25.17212],[-58.13008,-25.17087],[-58.12963,-25.16779],[-58.13113,-25.16601],[-57.96779,-25.16611],[-57.96772,-25.07807],[-57.96852,-25.07636],[-57.97151,-25.07745],[-57.97181,-25.07852],[-57.97129,-25.07906],[-57.97078,-25.07889],[-57.97005,-25.07744],[-57.96945,-25.07729],[-57.96978,-25.07901],[-57.96825,-25.08016],[-57.96809,-25.08103],[-57.96946,-25.08236],[-57.97079,-25.08292],[-57.97251,-25.08218],[-57.97432,-25.08295],[-57.9746,-25.08343],[-57.9739,-25.08534],[-57.97446,-25.08602],[-57.97538,-25.08627],[-57.97829,-25.08369],[-57.97894,-25.08365],[-57.97966,-25.08415],[-57.98153,-25.0836],[-57.98219,-25.0824],[-57.98443,-25.08346],[-57.98564,-25.08336],[-57.98643,-25.07991],[-57.98901,-25.08173],[-57.99117,-25.08152],[-57.99101,-25.08078],[-57.98974,-25.07943],[-57.99098,-25.07488],[-57.99245,-25.07491],[-57.99396,-25.07649],[-57.99458,-25.07626],[-57.99469,-25.07454],[-57.99575,-25.07408],[-57.99722,-25.07268],[-57.99809,-25.07271],[-57.99852,-25.07419],[-57.99913,-25.07447],[-57.99952,-25.07417],[-58.00006,-25.07205],[-57.99982,-25.07067],[-58.00092,-25.0664],[-58.00032,-25.06597],[-57.99875,-25.0669],[-57.99738,-25.06636],[-57.99705,-25.06496],[-57.99897,-25.06444],[-57.99936,-25.06296],[-57.99903,-25.06252],[-57.99716,-25.06302],[-57.99655,-25.06284],[-57.99763,-25.06152],[-57.99612,-25.06026],[-57.99596,-25.0597],[-57.99816,-25.05735],[-57.99783,-25.05659],[-57.99689,-25.05602],[-57.99678,-25.05538],[-57.99762,-25.05385],[-57.99832,-25.05355],[-57.99905,-25.05455],[-58.00003,-25.05472],[-58.0004,-25.05402],[-57.9997,-25.05268],[-58.00096,-25.05215],[-58.00212,-25.04952],[-58.00407,-25.0488],[-58.00399,-25.0483],[-58.00222,-25.04778],[-58.00169,-25.04708],[-58.00247,-25.04563],[-58.00401,-25.04573],[-58.00431,-25.0454],[-58.00373,-25.04346],[-58.00414,-25.04194],[-58.00344,-25.04103],[-58.00474,-25.0394],[-58.00266,-25.03825],[-58.00282,-25.03746],[-58.00457,-25.03715],[-58.00574,-25.03506],[-58.00753,-25.03528],[-58.01024,-25.0378],[-58.01125,-25.0409],[-58.01248,-25.04074],[-58.01295,-25.04019],[-58.01231,-25.03792],[-58.01388,-25.03817],[-58.01504,-25.03889],[-58.01499,-25.04132],[-58.01631,-25.04203],[-58.01671,-25.04116],[-58.01601,-25.03949],[-58.01666,-25.03776],[-58.01751,-25.03797],[-58.01763,-25.04067],[-58.01855,-25.04066],[-58.01986,-25.03926],[-58.02148,-25.0408],[-58.02287,-25.04124],[-58.02352,-25.04092],[-58.02362,-25.04042],[-58.0235,-25.03797],[-58.02402,-25.0378],[-58.02547,-25.03839],[-58.02633,-25.03787],[-58.02783,-25.03802],[-58.02819,-25.03642],[-58.02863,-25.03605],[-58.03167,-25.03573],[-58.03235,-25.03616],[-58.03137,-25.03852],[-58.03163,-25.03929],[-58.03215,-25.0394],[-58.03425,-25.03817],[-58.03498,-25.03843],[-58.0348,-25.04006],[-58.03525,-25.0404],[-58.03709,-25.03956],[-58.03811,-25.03966],[-58.03727,-25.04153],[-58.03774,-25.04203],[-58.03876,-25.04103],[-58.03972,-25.04097],[-58.04045,-25.04216],[-58.04222,-25.04189],[-58.04406,-25.04299],[-58.04492,-25.04307],[-58.0469,-25.04147],[-58.04637,-25.03973],[-58.04669,-25.03923],[-58.04884,-25.03816],[-58.0491,-25.03839],[-58.04876,-25.03976],[-58.04951,-25.0403],[-58.05033,-25.0406],[-58.05367,-25.04013],[-58.05505,-25.04057],[-58.05504,-25.04166],[-58.0537,-25.04134],[-58.0526,-25.04174],[-58.05401,-25.04384],[-58.05708,-25.04206],[-58.05741,-25.04244],[-58.0572,-25.04453],[-58.05839,-25.04574],[-58.05878,-25.04556],[-58.05992,-25.04199],[-58.06148,-25.04057],[-58.06395,-25.04179],[-58.06643,-25.04117],[-58.0665,-25.04517],[-58.06867,-25.04571],[-58.069,-25.04523],[-58.06877,-25.04389],[-58.07052,-25.04416],[-58.07112,-25.04369],[-58.07057,-25.04143],[-58.07287,-25.04016],[-58.07434,-25.04003],[-58.07461,-25.03967],[-58.07434,-25.03787],[-58.0755,-25.03773],[-58.07637,-25.03812],[-58.07735,-25.0375],[-58.07725,-25.03518],[-58.07521,-25.035],[-58.07416,-25.03442],[-58.07404,-25.03396],[-58.07447,-25.03348],[-58.07636,-25.03402],[-58.07863,-25.03263],[-58.07884,-25.03196],[-58.07763,-25.03022],[-58.07915,-25.02927],[-58.07715,-25.02894],[-58.0768,-25.02831],[-58.0775,-25.02761],[-58.07967,-25.02694],[-58.08002,-25.02524],[-58.07974,-25.02461],[-58.0782,-25.02353],[-58.07808,-25.02257],[-58.07892,-25.02171],[-58.07947,-25.02167],[-58.08135,-25.02403],[-58.08229,-25.02398],[-58.08294,-25.02344],[-58.08304,-25.02277],[-58.08205,-25.02146],[-58.08408,-25.01919],[-58.08389,-25.01842],[-58.08301,-25.018],[-58.08305,-25.01749],[-58.08398,-25.01679],[-58.08366,-25.01558],[-58.08472,-25.01519],[-58.08641,-25.01605],[-58.08813,-25.01553],[-58.08783,-25.01475],[-58.08576,-25.01439],[-58.08538,-25.01312],[-58.08613,-25.01232],[-58.0887,-25.0128],[-58.09083,-25.01196],[-58.09096,-25.01118],[-58.09036,-25.01002],[-58.09057,-25.00875],[-58.09253,-25.00961],[-58.09467,-25.00894],[-58.09554,-25.01038],[-58.09649,-25.01096],[-58.09459,-25.01253],[-58.09463,-25.01345],[-58.09514,-25.01363],[-58.09707,-25.01213],[-58.09831,-25.01195],[-58.0985,-25.0123],[-58.0974,-25.01415],[-58.10007,-25.01496],[-58.10038,-25.01473],[-58.1005,-25.01142],[-58.10113,-25.01171],[-58.10148,-25.01338],[-58.10215,-25.01395],[-58.10301,-25.01355],[-58.10314,-25.01255],[-58.10402,-25.0133],[-58.10472,-25.01325],[-58.10615,-25.01186],[-58.10722,-25.01338],[-58.10703,-25.01586],[-58.10848,-25.01609],[-58.10911,-25.01586],[-58.11001,-25.01464],[-58.1108,-25.01476],[-58.11162,-25.01566],[-58.11017,-25.01747],[-58.11088,-25.01778],[-58.1126,-25.01758],[-58.11284,-25.01959],[-58.11315,-25.01963],[-58.11453,-25.01849],[-58.11665,-25.01896],[-58.11787,-25.01864],[-58.11846,-25.01727],[-58.11873,-25.01311],[-58.11952,-25.01295],[-58.11987,-25.01327],[-58.12128,-25.01275],[-58.12507,-25.01245],[-58.1257,-25.015],[-58.12715,-25.01515],[-58.12754,-25.01463],[-58.12622,-25.01332],[-58.12635,-25.0125],[-58.12692,-25.01233],[-58.12769,-25.01268],[-58.12925,-25.0144],[-58.12998,-25.01455],[-58.13016,-25.01429],[-58.12901,-25.01275],[-58.12988,-25.01122],[-58.13082,-25.01131],[-58.13116,-25.01226],[-58.1336,-25.01023],[-58.13593,-25.01151],[-58.13716,-25.01168],[-58.13772,-25.01043],[-58.13693,-25.00964],[-58.13408,-25.00931],[-58.13445,-25.00872],[-58.13669,-25.00806],[-58.13769,-25.00697],[-58.13759,-25.00639],[-58.13585,-25.00602],[-58.13617,-25.00478],[-58.13556,-25.00364],[-58.13639,-25.00298],[-58.1359,-25.002],[-58.13739,-25.00168],[-58.13816,-25.00064],[-58.13565,-24.99993],[-58.13535,-24.99806],[-58.1359,-24.9971],[-58.13659,-24.99866],[-58.13729,-24.99891],[-58.13923,-24.99733],[-58.13919,-24.9968],[-58.13649,-24.99681],[-58.13612,-24.99637],[-58.13645,-24.996],[-58.13823,-24.99606],[-58.13847,-24.99564],[-58.13715,-24.99483],[-58.13687,-24.99409],[-58.1392,-24.9943],[-58.13984,-24.99357],[-58.13972,-24.99125],[-58.13763,-24.98949],[-58.13755,-24.98879],[-58.13816,-24.98779],[-58.13913,-24.98772],[-58.14022,-24.98809],[-58.14149,-24.98938],[-58.14423,-24.98978],[-58.14441,-24.98918],[-58.14268,-24.98785],[-58.14223,-24.98672],[-58.14287,-24.98659],[-58.14373,-24.98716],[-58.14621,-24.98706],[-58.14647,-24.98682],[-58.14557,-24.98501],[-58.14722,-24.98538],[-58.14852,-24.98255],[-58.15035,-24.98327],[-58.15311,-24.98191],[-58.15344,-24.98081],[-58.15178,-24.98105],[-58.15008,-24.9802],[-58.15009,-24.978],[-58.14938,-24.97643],[-58.14978,-24.97521],[-58.15131,-24.97459],[-58.15195,-24.975],[-58.15239,-24.9763],[-58.15361,-24.97678],[-58.15425,-24.9756],[-58.15266,-24.97507],[-58.15256,-24.97413],[-58.15304,-24.97333],[-58.15423,-24.97344],[-58.15589,-24.97272],[-58.1571,-24.97327],[-58.15769,-24.974],[-58.15855,-24.97404],[-58.15806,-24.97179],[-58.15857,-24.97113],[-58.15966,-24.97079],[-58.1606,-24.97139],[-58.16077,-24.97416],[-58.16182,-24.9754],[-58.16244,-24.97546],[-58.16273,-24.97503],[-58.16234,-24.97351],[-58.16274,-24.97272],[-58.1623,-24.97153],[-58.16256,-24.9712],[-58.16424,-24.97123],[-58.16399,-24.96946],[-58.16667,-24.96919],[-58.16788,-24.96685],[-58.1691,-24.96628],[-58.17077,-24.96641],[-58.17114,-24.96758],[-58.17048,-24.9679],[-58.1686,-24.9676],[-58.16808,-24.96828],[-58.17074,-24.96989],[-58.17358,-24.96866],[-58.17372,-24.96929],[-58.17284,-24.97066],[-58.17367,-24.97119],[-58.17464,-24.9703],[-58.17642,-24.97133],[-58.17736,-24.97107],[-58.17731,-24.97032],[-58.17602,-24.96879],[-58.17602,-24.96829],[-58.17662,-24.96769],[-58.17769,-24.9674],[-58.17858,-24.9674],[-58.18126,-24.96945],[-58.18242,-24.96739],[-58.18333,-24.96715],[-58.18373,-24.96738],[-58.18406,-24.96872],[-58.18553,-24.96808],[-58.18593,-24.96959],[-58.18734,-24.97087],[-58.18811,-24.97085],[-58.18858,-24.96913],[-58.1906,-24.96795],[-58.1913,-24.96643],[-58.1922,-24.96796],[-58.19347,-24.96803],[-58.1942,-24.96729],[-58.19442,-24.96591],[-58.19274,-24.96449],[-58.19325,-24.96428],[-58.19502,-24.96499],[-58.19554,-24.96453],[-58.19584,-24.96232],[-58.19462,-24.95959],[-58.19707,-24.95909],[-58.1976,-24.95861],[-58.19769,-24.95735],[-58.19655,-24.95671],[-58.19757,-24.95399],[-58.19855,-24.95321],[-58.19988,-24.95502],[-58.20076,-24.95514],[-58.2029,-24.95421],[-58.20238,-24.95368],[-58.20079,-24.95371],[-58.20036,-24.9534],[-58.20055,-24.95228],[-58.202,-24.94966],[-58.20457,-24.94819],[-58.20578,-24.95128],[-58.20685,-24.95166],[-58.20702,-24.94869],[-58.20844,-24.94845],[-58.20842,-24.95059],[-58.20904,-24.95164],[-58.20966,-24.95188],[-58.20973,-24.94981],[-58.21069,-24.94809],[-58.21107,-24.94816],[-58.21114,-24.94874],[-58.21066,-24.95002],[-58.21321,-24.95119],[-58.21747,-24.95033],[-58.21749,-24.94976],[-58.21561,-24.948],[-58.21428,-24.94552],[-58.21509,-24.94528],[-58.21768,-24.94583],[-58.21835,-24.94564],[-58.21839,-24.94429],[-58.21885,-24.94405],[-58.2203,-24.94443],[-58.2208,-24.94414],[-58.22032,-24.94224],[-58.22068,-24.94162],[-58.22408,-24.94238],[-58.22444,-24.94203],[-58.22422,-24.94142],[-58.22305,-24.93949],[-58.22501,-24.93885],[-58.22401,-24.93774],[-58.22387,-24.93635],[-58.22123,-24.93624],[-58.21987,-24.9351],[-58.22094,-24.93399],[-58.22173,-24.93514],[-58.22251,-24.93539],[-58.22452,-24.93485],[-58.22508,-24.93432],[-58.22487,-24.93399],[-58.22101,-24.93357],[-58.21955,-24.93235],[-58.21951,-24.93092],[-58.2208,-24.93018],[-58.22119,-24.93068],[-58.22058,-24.9316],[-58.22073,-24.93214],[-58.22355,-24.93196],[-58.22444,-24.9305],[-58.22415,-24.92796],[-58.22465,-24.92711],[-58.22551,-24.92711],[-58.22658,-24.92903],[-58.22721,-24.92878]]]},"properties":{"fid":6,"Name":"PN Río Pilcomayo","region":"DIRECCIÓN REGIONAL NEA","attributes":{"categoryId":"Environnement","subCategoryId":"PARC","tags":["NATURE"],"gallery":["https://commons.wikimedia.org/wiki/Special:FilePath/Parque Nacional Río Pilcomayo.jpg?width=800"],"informations":["Superficie : 51889 hectares","ID : Q828642"],"highlights":["Paysages remarquables","Biodiversité et observation de la faune","Randonnée et points de vue"],"external_links":["Site officiel : https://www.argentina.gob.ar/parquesnacionales","Wikipedia : https://es.wikipedia.org/wiki/Special:Search?search=PN%20R%C3%ADo%20Pilcomayo"],"photo":"https://images.pexels.com/photos/2403205/pexels-photo-2403205.jpeg?auto=compress&cs=tinysrgb&w=800","short_desc":"PN Río Pilcomayo est une aire protégée nationale en Argentine.","link_official":"https://www.argentina.gob.ar/parquesnacionales","link_wikipedia":"https://es.wikipedia.org/wiki/Special:Search?search=PN%20R%C3%ADo%20Pilcomayo"},"categoryId":"Environnement","subCategoryId":"PARC","tags":["NATURE"],"gallery":["https://images.pexels.com/photos/2403205/pexels-photo-2403205.jpeg?auto=compress&cs=tinysrgb&w=800","https://images.pexels.com/photos/933054/pexels-photo-933054.jpeg?auto=compress&cs=tinysrgb&w=800","https://images.pexels.com/photos/572897/pexels-photo-572897.jpeg?auto=compress&cs=tinysrgb&w=800"],"informations":["Année de création : n.c.","Superficie : n.c."],"highlights":["Paysages remarquables","Biodiversité et observation de la faune","Randonnée et points de vue"],"external_links":["Site officiel : https://www.argentina.gob.ar/parquesnacionales","Wikipedia : https://es.wikipedia.org/wiki/Special:Search?search=PN%20R%C3%ADo%20Pilcomayo"],"photo":"https://images.pexels.com/photos/2403205/pexels-photo-2403205.jpeg?auto=compress&cs=tinysrgb&w=800","short_desc":"Résumé non disponible.","link_official":"https://www.argentina.gob.ar/parquesnacionales","link_wikipedia":"https://fr.wikipedia.org/wiki/Q828642"}},{"type":"Feature","geometry":{"type":"Polygon","coordinates":[[[-61.14769,-24.75657],[-61.1498,-24.75222],[-61.15075,-24.75134],[-61.15399,-24.74397],[-61.15671,-24.74674],[-61.15717,-24.74833],[-61.15714,-24.75137],[-61.1668,-24.75728],[-61.16786,-24.75734],[-61.16938,-24.75961],[-61.17097,-24.7608],[-61.17255,-24.76127],[-61.28845,-24.87185],[-61.33143,-24.91146],[-61.37346,-24.94862],[-61.37251,-24.94885],[-61.36881,-24.94743],[-61.36764,-24.94825],[-61.36716,-24.95024],[-61.36846,-24.95284],[-61.36737,-24.95542],[-61.3681,-24.95616],[-61.37369,-24.95655],[-61.37638,-24.95751],[-61.37796,-24.9593],[-61.37829,-24.96063],[-61.37711,-24.96208],[-61.37419,-24.96323],[-61.37058,-24.96385],[-61.36837,-24.96469],[-61.36682,-24.9639],[-61.36557,-24.96416],[-61.36537,-24.96364],[-61.36625,-24.9617],[-61.36613,-24.96088],[-61.36451,-24.95978],[-61.36412,-24.95994],[-61.36398,-24.9609],[-61.36313,-24.96102],[-61.36134,-24.95958],[-61.36003,-24.95714],[-61.35943,-24.95306],[-61.35469,-24.95165],[-61.35146,-24.95221],[-61.34792,-24.95529],[-61.34215,-24.95886],[-61.3405,-24.96156],[-61.3364,-24.96045],[-61.33331,-24.96054],[-61.33104,-24.96122],[-61.33084,-24.96175],[-61.33183,-24.96402],[-61.33286,-24.96512],[-61.33432,-24.96919],[-61.33427,-24.97293],[-61.3335,-24.97339],[-61.33264,-24.97521],[-61.33172,-24.97451],[-61.32873,-24.97349],[-61.32739,-24.97369],[-61.32593,-24.97673],[-61.32555,-24.98031],[-61.32237,-24.98337],[-61.32223,-24.98545],[-61.32151,-24.98652],[-61.32017,-24.98618],[-61.319,-24.98645],[-61.31769,-24.98885],[-61.31741,-24.99025],[-61.31609,-24.99222],[-61.31014,-24.99658],[-61.3067,-24.99831],[-61.30407,-24.999],[-61.29742,-25.00171],[-61.2936,-25.00219],[-61.29031,-25.00209],[-61.28693,-25.00121],[-61.28485,-25.00109],[-61.28182,-24.99955],[-61.27913,-24.99741],[-61.27778,-24.99495],[-61.27686,-24.99008],[-61.27647,-24.98968],[-61.27492,-24.98952],[-61.27125,-24.99429],[-61.26809,-24.99607],[-61.26531,-24.99683],[-61.26287,-24.99862],[-61.26212,-24.99981],[-61.26291,-25.00035],[-61.26348,-25.00163],[-61.26519,-25.00285],[-61.2665,-25.00304],[-61.2677,-25.00275],[-61.27218,-24.99977],[-61.27753,-24.99934],[-61.27888,-24.99993],[-61.27771,-25.00298],[-61.2766,-25.00419],[-61.27375,-25.00489],[-61.27276,-25.00444],[-61.26816,-25.00447],[-61.26436,-25.00705],[-61.26478,-25.00814],[-61.26855,-25.00907],[-61.27027,-25.01207],[-61.27068,-25.01375],[-61.26894,-25.01888],[-61.27039,-25.02215],[-61.27067,-25.02455],[-61.26829,-25.02506],[-61.26417,-25.02416],[-61.26281,-25.02467],[-61.26183,-25.02561],[-61.26175,-25.02631],[-61.26385,-25.02974],[-61.26371,-25.03063],[-61.2613,-25.03416],[-61.2598,-25.03461],[-61.25827,-25.03431],[-61.2575,-25.03485],[-61.25777,-25.04033],[-61.25721,-25.04157],[-61.25492,-25.04081],[-61.25436,-25.03852],[-61.25314,-25.03712],[-61.24936,-25.0363],[-61.24749,-25.03647],[-61.24662,-25.03695],[-61.24783,-25.04025],[-61.25017,-25.04342],[-61.2501,-25.04404],[-61.24935,-25.04461],[-61.24552,-25.04212],[-61.24196,-25.04062],[-61.23672,-25.04012],[-61.23352,-25.04102],[-61.23382,-25.04261],[-61.2367,-25.04654],[-61.24022,-25.04863],[-61.24375,-25.05],[-61.24733,-25.05355],[-61.24648,-25.05503],[-61.2439,-25.056],[-61.24204,-25.05581],[-61.23909,-25.05421],[-61.23756,-25.05441],[-61.23372,-25.05589],[-61.23262,-25.05688],[-61.23252,-25.05744],[-61.23553,-25.05861],[-61.23797,-25.06019],[-61.24201,-25.05993],[-61.24429,-25.06037],[-61.24874,-25.05953],[-61.25155,-25.0606],[-61.25336,-25.06239],[-61.25178,-25.06313],[-61.24803,-25.06358],[-61.24655,-25.06458],[-61.2461,-25.06555],[-61.24796,-25.06801],[-61.24949,-25.06916],[-61.25042,-25.07112],[-61.2485,-25.07441],[-61.24785,-25.07821],[-61.24555,-25.08283],[-61.24424,-25.08317],[-61.24252,-25.0816],[-61.24244,-25.07694],[-61.24136,-25.07564],[-61.24009,-25.07714],[-61.2388,-25.08194],[-61.23743,-25.08288],[-61.23657,-25.08516],[-61.23352,-25.0877],[-61.23011,-25.08819],[-61.22927,-25.089],[-61.23046,-25.09054],[-61.23226,-25.09117],[-61.23419,-25.09048],[-61.23462,-25.08912],[-61.23538,-25.08843],[-61.23707,-25.09046],[-61.23689,-25.09449],[-61.23771,-25.09726],[-61.23775,-25.09944],[-61.23628,-25.10219],[-61.23573,-25.10264],[-61.23458,-25.10238],[-61.23329,-25.09926],[-61.23068,-25.09667],[-61.22893,-25.09345],[-61.22816,-25.09294],[-61.22694,-25.09423],[-61.22704,-25.09652],[-61.22628,-25.09795],[-61.22042,-25.1021],[-61.21927,-25.10199],[-61.21909,-25.10133],[-61.21979,-25.09788],[-61.21946,-25.0957],[-61.21605,-25.09777],[-61.21549,-25.10089],[-61.21445,-25.10289],[-61.21295,-25.10442],[-61.21276,-25.10539],[-61.21475,-25.1055],[-61.21695,-25.10668],[-61.21956,-25.10971],[-61.22053,-25.1125],[-61.22028,-25.113],[-61.21788,-25.11434],[-61.21798,-25.11717],[-61.21693,-25.12125],[-61.21586,-25.12346],[-61.21492,-25.12407],[-61.21342,-25.12365],[-61.21112,-25.11949],[-61.21012,-25.1187],[-61.20648,-25.11812],[-61.20416,-25.11818],[-61.20113,-25.11668],[-61.1992,-25.11493],[-61.19596,-25.11699],[-61.19054,-25.11622],[-61.18734,-25.11619],[-61.18631,-25.11575],[-61.18389,-25.11603],[-61.18195,-25.1171],[-61.17976,-25.12022],[-61.17838,-25.12112],[-61.17554,-25.12041],[-61.17095,-25.1219],[-61.1666,-25.12097],[-61.16437,-25.12127],[-61.1632,-25.12204],[-61.16228,-25.12195],[-61.16032,-25.12116],[-61.15931,-25.1199],[-61.15905,-25.11823],[-61.16021,-25.11572],[-61.15924,-25.11407],[-61.15582,-25.11674],[-61.15573,-25.1176],[-61.15721,-25.12028],[-61.16064,-25.12358],[-61.16107,-25.12464],[-61.15664,-25.12799],[-61.15577,-25.12984],[-61.15366,-25.131],[-61.1514,-25.1302],[-61.14958,-25.1286],[-61.15018,-25.12632],[-61.15337,-25.12335],[-61.15306,-25.12193],[-61.15081,-25.12224],[-61.14874,-25.12168],[-61.14633,-25.12199],[-61.14468,-25.12146],[-61.14176,-25.11926],[-61.13956,-25.1189],[-61.1368,-25.1191],[-61.13638,-25.1228],[-61.13352,-25.12343],[-61.13111,-25.1249],[-61.1294,-25.12406],[-61.12828,-25.12244],[-61.127,-25.12368],[-61.12704,-25.12655],[-61.12496,-25.12955],[-61.12442,-25.13155],[-61.12513,-25.13365],[-61.12649,-25.13366],[-61.12815,-25.1356],[-61.12586,-25.13805],[-61.12382,-25.13871],[-61.12045,-25.13785],[-61.11886,-25.13768],[-61.11752,-25.13799],[-61.11529,-25.1397],[-61.11177,-25.14375],[-61.10777,-25.14506],[-61.10414,-25.14541],[-61.10355,-25.14772],[-61.10373,-25.14889],[-61.10518,-25.15135],[-61.1049,-25.15324],[-61.10162,-25.15271],[-61.10032,-25.15144],[-61.09817,-25.15047],[-61.09761,-25.15127],[-61.09815,-25.15574],[-61.09784,-25.15779],[-61.09609,-25.16082],[-61.09441,-25.16262],[-61.0941,-25.16387],[-61.09399,-25.17105],[-61.09489,-25.17301],[-61.09489,-25.17474],[-61.09659,-25.17779],[-61.09657,-25.17925],[-61.09604,-25.18009],[-61.09164,-25.17865],[-61.08888,-25.17839],[-61.08626,-25.17708],[-61.08187,-25.1762],[-61.07628,-25.17625],[-61.07372,-25.17828],[-61.07286,-25.17966],[-61.07142,-25.18385],[-61.07135,-25.18666],[-61.07075,-25.18772],[-61.07104,-25.19025],[-61.07158,-25.19112],[-61.07383,-25.19114],[-61.07688,-25.19035],[-61.08199,-25.18734],[-61.08477,-25.18802],[-61.08692,-25.19374],[-61.08686,-25.19943],[-61.08556,-25.20406],[-61.08399,-25.20656],[-61.08226,-25.20634],[-61.08103,-25.20542],[-61.08148,-25.20023],[-61.08074,-25.19926],[-61.08067,-25.19598],[-61.07988,-25.19507],[-61.07787,-25.19568],[-61.07368,-25.1996],[-61.06822,-25.20242],[-61.06702,-25.20381],[-61.06725,-25.20457],[-61.069,-25.20525],[-61.07413,-25.20627],[-61.0748,-25.20695],[-61.07491,-25.20773],[-61.07469,-25.20977],[-61.074,-25.21076],[-61.07226,-25.21208],[-61.06859,-25.21368],[-61.0674,-25.21484],[-61.06746,-25.21546],[-61.06896,-25.21634],[-61.07096,-25.21686],[-61.07309,-25.21641],[-61.07601,-25.21483],[-61.07811,-25.21459],[-61.0785,-25.21481],[-61.07851,-25.21626],[-61.07805,-25.21728],[-61.07685,-25.21803],[-61.07305,-25.21934],[-61.07305,-25.22037],[-61.0746,-25.22159],[-61.0755,-25.22302],[-61.07255,-25.22783],[-61.07197,-25.23007],[-61.07559,-25.23697],[-61.07571,-25.23853],[-61.07454,-25.24302],[-61.07331,-25.24537],[-61.07296,-25.24733],[-61.07173,-25.24998],[-61.06946,-25.25248],[-61.0655,-25.25465],[-61.06698,-25.25768],[-61.06757,-25.26035],[-61.06666,-25.26225],[-61.06547,-25.26306],[-61.0648,-25.26308],[-61.06423,-25.26296],[-61.06421,-25.26206],[-61.0636,-25.26154],[-61.05954,-25.26204],[-61.05842,-25.26176],[-61.05867,-25.25962],[-61.06168,-25.25114],[-61.06104,-25.24785],[-61.05922,-25.24615],[-61.05355,-25.24427],[-61.05066,-25.24571],[-61.04943,-25.24675],[-61.04942,-25.24771],[-61.05004,-25.2485],[-61.05424,-25.25211],[-61.05499,-25.25395],[-61.05504,-25.25608],[-60.83158,-25.04801],[-60.83292,-25.04645],[-60.83566,-25.0445],[-60.83697,-25.04382],[-60.83972,-25.04319],[-60.84149,-25.04182],[-60.84126,-25.03919],[-60.83954,-25.03759],[-60.8372,-25.03679],[-60.83195,-25.03679],[-60.82458,-25.03931],[-60.82024,-25.03834],[-60.81927,-25.03765],[-60.81921,-25.03662],[-60.82001,-25.0356],[-60.82378,-25.03405],[-60.83001,-25.03331],[-60.83517,-25.03383],[-60.84965,-25.03331],[-60.86027,-25.03411],[-60.86581,-25.03234],[-60.86701,-25.03257],[-60.86781,-25.03417],[-60.86924,-25.03457],[-60.87073,-25.03405],[-60.87124,-25.03337],[-60.87427,-25.02629],[-60.87636,-25.02353],[-60.87901,-25.02109],[-60.88283,-25.01846],[-60.8878,-25.01578],[-60.89328,-25.01133],[-60.8958,-25.01167],[-60.90139,-25.01384],[-60.90996,-25.01418],[-60.91201,-25.01555],[-60.9131,-25.01555],[-60.91704,-25.01355],[-60.92121,-25.0099],[-60.92275,-25.00773],[-60.92486,-25.00225],[-60.92606,-25.00139],[-60.93143,-25.00162],[-60.93343,-25.00207],[-60.93588,-25.00362],[-60.93754,-25.00521],[-60.93954,-25.00561],[-60.94188,-25.00516],[-60.94262,-25.00402],[-60.94251,-25.00053],[-60.9404,-24.99322],[-60.93845,-24.99014],[-60.9364,-24.98814],[-60.9296,-24.98534],[-60.92549,-24.98551],[-60.92218,-24.98671],[-60.92166,-24.98654],[-60.92126,-24.98477],[-60.92206,-24.97946],[-60.92281,-24.97877],[-60.92675,-24.97895],[-60.93457,-24.98243],[-60.94085,-24.98803],[-60.94245,-24.9886],[-60.94434,-24.98803],[-60.94548,-24.98654],[-60.94514,-24.98329],[-60.94288,-24.97944],[-60.93982,-24.97649],[-60.93714,-24.97175],[-60.93686,-24.9681],[-60.9372,-24.96387],[-60.93834,-24.96113],[-60.9396,-24.95987],[-60.9408,-24.95924],[-60.94371,-24.9593],[-60.94468,-24.9597],[-60.94845,-24.96227],[-60.94942,-24.96393],[-60.9489,-24.96581],[-60.94633,-24.96901],[-60.94165,-24.97027],[-60.94057,-24.97244],[-60.9416,-24.97678],[-60.94316,-24.97739],[-60.94559,-24.97735],[-60.95039,-24.97529],[-60.95382,-24.97244],[-60.95639,-24.96821],[-60.95764,-24.96318],[-60.95804,-24.9577],[-60.9589,-24.95656],[-60.96095,-24.95627],[-60.96261,-24.95159],[-60.96395,-24.94995],[-60.97193,-24.94526],[-60.97683,-24.94611],[-60.98026,-24.94542],[-60.9854,-24.94365],[-60.98979,-24.94091],[-60.99236,-24.93806],[-60.99545,-24.93549],[-60.99705,-24.93309],[-60.99922,-24.92778],[-60.99922,-24.92561],[-60.99825,-24.92269],[-60.99825,-24.92092],[-61.00196,-24.92184],[-61.00464,-24.92504],[-61.00721,-24.92641],[-61.01052,-24.92629],[-61.01566,-24.92526],[-61.01977,-24.92252],[-61.02195,-24.92158],[-61.02274,-24.91933],[-61.02229,-24.91681],[-61.02086,-24.9151],[-61.01606,-24.9127],[-61.01589,-24.91167],[-61.01772,-24.91013],[-61.02288,-24.9076],[-61.03171,-24.90476],[-61.03251,-24.90431],[-61.03365,-24.90276],[-61.03382,-24.90157],[-61.03365,-24.90014],[-61.03262,-24.89814],[-61.02611,-24.893],[-61.02509,-24.89174],[-61.02531,-24.89117],[-61.02748,-24.89191],[-61.032,-24.8954],[-61.03748,-24.89808],[-61.03885,-24.89962],[-61.04136,-24.90031],[-61.04484,-24.89842],[-61.04639,-24.89688],[-61.0481,-24.89357],[-61.05547,-24.88386],[-61.063,-24.87587],[-61.06415,-24.8753],[-61.06746,-24.8749],[-61.07374,-24.87695],[-61.07597,-24.87667],[-61.07688,-24.87581],[-61.07814,-24.87358],[-61.07882,-24.87107],[-61.07957,-24.8673],[-61.07934,-24.86473],[-61.07865,-24.86359],[-61.07631,-24.8621],[-61.06894,-24.85931],[-61.0682,-24.85868],[-61.06797,-24.85782],[-61.06906,-24.85639],[-61.07186,-24.85508],[-61.07505,-24.85445],[-61.08511,-24.85405],[-61.08979,-24.85514],[-61.0915,-24.85479],[-61.09321,-24.85308],[-61.09544,-24.84806],[-61.0947,-24.84434],[-61.09047,-24.84058],[-61.09087,-24.83869],[-61.09167,-24.83795],[-61.09596,-24.83686],[-61.10052,-24.83795],[-61.10315,-24.83778],[-61.10755,-24.83658],[-61.10933,-24.83512],[-61.11383,-24.83292],[-61.11737,-24.83064],[-61.12183,-24.82618],[-61.12542,-24.82339],[-61.13294,-24.819],[-61.13586,-24.81639],[-61.13786,-24.81227],[-61.14032,-24.80929],[-61.14638,-24.80461],[-61.14734,-24.80333],[-61.14787,-24.80096],[-61.14778,-24.79929],[-61.14669,-24.79192],[-61.14603,-24.79096],[-61.13941,-24.78971],[-61.13891,-24.78943],[-61.13891,-24.78846],[-61.13943,-24.78775],[-61.14155,-24.78745],[-61.1476,-24.78859],[-61.15313,-24.7885],[-61.15541,-24.78789],[-61.1569,-24.78666],[-61.15944,-24.78097],[-61.15945,-24.7685],[-61.16173,-24.76306],[-61.16164,-24.76086],[-61.16103,-24.75972],[-61.15796,-24.75771],[-61.15269,-24.75823],[-61.15032,-24.75964],[-61.14883,-24.7599],[-61.14787,-24.75955],[-61.14752,-24.75885],[-61.14769,-24.75657]]]},"properties":{"fid":7,"Name":"PN El Impenetrable","region":"DIRECCIÓN REGIONAL NEA","attributes":{"categoryId":"Environnement","subCategoryId":"PARC","tags":["NATURE"],"gallery":[],"informations":["Superficie : 128000 hectares","ID : Q17626186"],"highlights":["Paysages remarquables","Biodiversité et observation de la faune","Randonnée et points de vue"],"external_links":["Site officiel : https://www.argentina.gob.ar/parquesnacionales","Wikipedia : https://es.wikipedia.org/wiki/Special:Search?search=PN%20El%20Impenetrable"],"photo":"https://images.pexels.com/photos/457882/pexels-photo-457882.jpeg?auto=compress&cs=tinysrgb&w=800","short_desc":"PN El Impenetrable est une aire protégée nationale en Argentine.","link_official":"https://www.argentina.gob.ar/parquesnacionales","link_wikipedia":"https://es.wikipedia.org/wiki/Special:Search?search=PN%20El%20Impenetrable"},"categoryId":"Environnement","subCategoryId":"PARC","tags":["NATURE"],"gallery":["https://images.pexels.com/photos/457882/pexels-photo-457882.jpeg?auto=compress&cs=tinysrgb&w=800","https://images.pexels.com/photos/533923/pexels-photo-533923.jpeg?auto=compress&cs=tinysrgb&w=800","https://images.pexels.com/photos/1450360/pexels-photo-1450360.jpeg?auto=compress&cs=tinysrgb&w=800"],"informations":["Année de création : n.c.","Superficie : n.c."],"highlights":["Paysages remarquables","Biodiversité et observation de la faune","Randonnée et points de vue"],"external_links":["Site officiel : https://www.argentina.gob.ar/parquesnacionales","Wikipedia : https://es.wikipedia.org/wiki/Special:Search?search=PN%20El%20Impenetrable"],"photo":"https://images.pexels.com/photos/457882/pexels-photo-457882.jpeg?auto=compress&cs=tinysrgb&w=800","short_desc":"Résumé non disponible.","link_official":"https://www.argentina.gob.ar/parquesnacionales","link_wikipedia":"https://fr.wikipedia.org/wiki/Q17626186"}},{"type":"Feature","geometry":{"type":"Polygon","coordinates":[[[-61.83791,-24.20686],[-61.83863,-24.20667],[-61.84102,-24.20711],[-61.84306,-24.20681],[-61.84543,-24.20731],[-61.84499,-24.30063],[-61.8411,-24.29961],[-61.83888,-24.29947],[-61.83769,-24.2996],[-61.83611,-24.30101],[-61.83536,-24.30364],[-61.83572,-24.30465],[-61.83504,-24.30507],[-61.83571,-24.30611],[-61.83557,-24.30719],[-61.83453,-24.31086],[-61.83291,-24.31452],[-61.8308,-24.31676],[-61.82853,-24.3184],[-61.82701,-24.31883],[-61.82082,-24.31864],[-61.80747,-24.31908],[-61.80246,-24.32008],[-61.80048,-24.32338],[-61.80014,-24.32496],[-61.80057,-24.3276],[-61.79621,-24.33384],[-61.79498,-24.33631],[-61.79432,-24.33674],[-61.79328,-24.33631],[-61.79228,-24.33504],[-61.79147,-24.33176],[-61.79027,-24.33026],[-61.78827,-24.32891],[-61.78419,-24.32389],[-61.77678,-24.31626],[-61.77078,-24.30934],[-61.76576,-24.30524],[-61.76355,-24.30436],[-61.76137,-24.30409],[-61.75925,-24.30448],[-61.75859,-24.30493],[-61.75852,-24.30589],[-61.76035,-24.30897],[-61.76059,-24.3133],[-61.76048,-24.31587],[-61.75964,-24.3179],[-61.75273,-24.32789],[-61.74327,-24.33487],[-61.74208,-24.33622],[-61.72848,-24.30357],[-61.72126,-24.29605],[-61.72217,-24.29403],[-61.72286,-24.29387],[-61.72557,-24.29484],[-61.72633,-24.29466],[-61.72746,-24.29385],[-61.72724,-24.29212],[-61.72755,-24.2917],[-61.73155,-24.29116],[-61.73348,-24.29156],[-61.73517,-24.29292],[-61.73573,-24.29467],[-61.73621,-24.29499],[-61.73769,-24.2936],[-61.73985,-24.29293],[-61.7413,-24.29358],[-61.74285,-24.29366],[-61.74442,-24.29292],[-61.7448,-24.29171],[-61.74752,-24.29165],[-61.74868,-24.29126],[-61.74949,-24.28974],[-61.74862,-24.28805],[-61.74948,-24.28684],[-61.75452,-24.28602],[-61.75663,-24.2864],[-61.7603,-24.28822],[-61.76034,-24.29024],[-61.76096,-24.29066],[-61.76269,-24.2897],[-61.76325,-24.28765],[-61.76533,-24.28521],[-61.76733,-24.28418],[-61.7678,-24.28311],[-61.77257,-24.2827],[-61.77462,-24.28179],[-61.77641,-24.28197],[-61.7782,-24.28289],[-61.77981,-24.28144],[-61.78207,-24.28212],[-61.78326,-24.28156],[-61.78381,-24.28071],[-61.78364,-24.27949],[-61.784,-24.27866],[-61.7857,-24.27847],[-61.78633,-24.27795],[-61.78541,-24.27658],[-61.78551,-24.27572],[-61.78719,-24.27496],[-61.78759,-24.2744],[-61.78715,-24.27369],[-61.786,-24.27308],[-61.78554,-24.27137],[-61.78569,-24.26983],[-61.78378,-24.26757],[-61.78485,-24.26391],[-61.7831,-24.26274],[-61.77933,-24.25858],[-61.7784,-24.25661],[-61.77999,-24.25233],[-61.78171,-24.25098],[-61.78233,-24.2494],[-61.78379,-24.24776],[-61.78445,-24.2434],[-61.78561,-24.24091],[-61.78572,-24.23989],[-61.78497,-24.23771],[-61.78583,-24.23646],[-61.78528,-24.23563],[-61.78497,-24.23284],[-61.78325,-24.23142],[-61.78327,-24.22995],[-61.78478,-24.22878],[-61.78617,-24.22626],[-61.78922,-24.22406],[-61.79099,-24.22138],[-61.79628,-24.21856],[-61.79903,-24.21555],[-61.80055,-24.21531],[-61.803,-24.21703],[-61.80393,-24.2168],[-61.80659,-24.21489],[-61.80826,-24.2144],[-61.8101,-24.21455],[-61.81137,-24.21589],[-61.81218,-24.21815],[-61.81282,-24.21829],[-61.81364,-24.21721],[-61.81455,-24.21675],[-61.81552,-24.21683],[-61.81761,-24.21779],[-61.82069,-24.21785],[-61.82312,-24.21964],[-61.82398,-24.21943],[-61.82491,-24.21857],[-61.82624,-24.21715],[-61.82689,-24.21579],[-61.83049,-24.21677],[-61.83182,-24.21648],[-61.83411,-24.21248],[-61.83471,-24.21214],[-61.83664,-24.21209],[-61.83791,-24.20686]]]},"properties":{"fid":8,"Name":"RNat Formosa","region":"DIRECCIÓN REGIONAL NEA","attributes":{"categoryId":"Environnement","subCategoryId":"PARC","tags":["NATURE"],"gallery":["https://images.pexels.com/photos/2403205/pexels-photo-2403205.jpeg?auto=compress&cs=tinysrgb&w=800","https://images.pexels.com/photos/933054/pexels-photo-933054.jpeg?auto=compress&cs=tinysrgb&w=800","https://images.pexels.com/photos/572897/pexels-photo-572897.jpeg?auto=compress&cs=tinysrgb&w=800"],"informations":["Année de création : n.c.","Superficie : n.c."],"highlights":["Paysages remarquables","Biodiversité et observation de la faune","Randonnée et points de vue"],"external_links":["Site officiel : https://www.argentina.gob.ar/parquesnacionales","Wikipedia : https://es.wikipedia.org/wiki/Special:Search?search=RNat%20Formosa"],"photo":"https://images.pexels.com/photos/2403205/pexels-photo-2403205.jpeg?auto=compress&cs=tinysrgb&w=800","short_desc":"RNat Formosa est une aire protégée nationale en Argentine.","link_official":"https://www.argentina.gob.ar/parquesnacionales","link_wikipedia":"https://es.wikipedia.org/wiki/Special:Search?search=RNat%20Formosa"},"categoryId":"Environnement","subCategoryId":"PARC","tags":["NATURE"],"gallery":["https://images.pexels.com/photos/2403205/pexels-photo-2403205.jpeg?auto=compress&cs=tinysrgb&w=800","https://images.pexels.com/photos/933054/pexels-photo-933054.jpeg?auto=compress&cs=tinysrgb&w=800","https://images.pexels.com/photos/572897/pexels-photo-572897.jpeg?auto=compress&cs=tinysrgb&w=800"],"informations":["Année de création : n.c.","Superficie : n.c."],"highlights":["Paysages remarquables","Biodiversité et observation de la faune","Randonnée et points de vue"],"external_links":["Site officiel : https://www.argentina.gob.ar/parquesnacionales","Wikipedia : https://es.wikipedia.org/wiki/Special:Search?search=RNat%20Formosa"],"photo":"https://images.pexels.com/photos/2403205/pexels-photo-2403205.jpeg?auto=compress&cs=tinysrgb&w=800","short_desc":"RNat Formosa est une aire protégée nationale en Argentine.","link_official":"https://www.argentina.gob.ar/parquesnacionales","link_wikipedia":"https://es.wikipedia.org/wiki/Special:Search?search=RNat%20Formosa"}},{"type":"Feature","geometry":{"type":"MultiPolygon","coordinates":[[[[-57.26754,-28.6117],[-57.24673,-28.5922],[-57.23659,-28.58349],[-57.20712,-28.55572],[-57.21385,-28.55007],[-57.22632,-28.55934],[-57.23703,-28.57023],[-57.23967,-28.57076],[-57.24633,-28.5758],[-57.25507,-28.5791],[-57.25917,-28.58268],[-57.26736,-28.58669],[-57.27303,-28.59047],[-57.27623,-28.59141],[-57.28171,-28.59408],[-57.28873,-28.59528],[-57.30522,-28.60369],[-57.31903,-28.60885],[-57.34156,-28.61237],[-57.34587,-28.61156],[-57.35785,-28.61257],[-57.3701,-28.61237],[-57.37355,-28.61457],[-57.38524,-28.61753],[-57.40256,-28.61645],[-57.40871,-28.62051],[-57.41408,-28.61991],[-57.42806,-28.62201],[-57.43906,-28.62497],[-57.44104,-28.63062],[-57.44737,-28.63164],[-57.45098,-28.63106],[-57.45134,-28.62668],[-57.48205,-28.62271],[-57.48166,-28.64784],[-57.48064,-28.64785],[-57.48062,-28.64874],[-57.44948,-28.64891],[-57.44885,-28.66125],[-57.43567,-28.66125],[-57.43442,-28.68943],[-57.39891,-28.68663],[-57.39653,-28.68619],[-57.39367,-28.68479],[-57.36512,-28.66657],[-57.36363,-28.66601],[-57.36142,-28.66544],[-57.32551,-28.66204],[-57.32226,-28.66121],[-57.31881,-28.65955],[-57.26754,-28.6117]]],[[[-57.1953,-28.55179],[-57.19648,-28.54844],[-57.20084,-28.55113],[-57.22491,-28.57407],[-57.31797,-28.6601],[-57.32153,-28.66185],[-57.32518,-28.66278],[-57.341,-28.66425],[-57.36025,-28.66644],[-57.36296,-28.66706],[-57.39326,-28.6859],[-57.39585,-28.68715],[-57.39864,-28.68767],[-57.43437,-28.69032],[-57.43391,-28.70281],[-57.42996,-28.72571],[-57.34189,-28.70457],[-57.3339,-28.70631],[-57.32547,-28.70897],[-57.32606,-28.70715],[-57.30786,-28.71593],[-57.30034,-28.71588],[-57.2923,-28.72062],[-57.28101,-28.72201],[-57.27212,-28.71845],[-57.25131,-28.71286],[-57.24243,-28.71192],[-57.24013,-28.70735],[-57.23573,-28.70676],[-57.24019,-28.70254],[-57.23382,-28.69781],[-57.22155,-28.70658],[-57.21731,-28.7082],[-57.20839,-28.71374],[-57.20583,-28.70891],[-57.20454,-28.70348],[-57.19972,-28.67136],[-57.19989,-28.65438],[-57.2007,-28.64688],[-57.20054,-28.63428],[-57.2043,-28.63333],[-57.2106,-28.63626],[-57.20978,-28.63221],[-57.2003,-28.62869],[-57.19374,-28.62293],[-57.20211,-28.61967],[-57.20369,-28.61678],[-57.1944,-28.6171],[-57.19015,-28.61533],[-57.19337,-28.60797],[-57.18487,-28.6062],[-57.18726,-28.59788],[-57.19324,-28.59906],[-57.19459,-28.59382],[-57.19042,-28.59306],[-57.19002,-28.58992],[-57.18834,-28.58892],[-57.18899,-28.58493],[-57.19362,-28.584],[-57.18945,-28.58157],[-57.18214,-28.58045],[-57.18165,-28.57859],[-57.18704,-28.57452],[-57.18889,-28.5716],[-57.19536,-28.5703],[-57.18877,-28.56437],[-57.19235,-28.5623],[-57.19439,-28.55531],[-57.19733,-28.55722],[-57.1953,-28.55179]]],[[[-57.55803,-28.47032],[-57.56412,-28.46388],[-57.57531,-28.47257],[-57.57938,-28.47129],[-57.57824,-28.46757],[-57.58285,-28.46459],[-57.58556,-28.4728],[-57.58373,-28.47996],[-57.58522,-28.48261],[-57.58849,-28.48459],[-57.60226,-28.49507],[-57.60428,-28.50048],[-57.60938,-28.50547],[-57.59292,-28.50812],[-57.58062,-28.50949],[-57.57905,-28.50888],[-57.5759,-28.509],[-57.55583,-28.50049],[-57.54432,-28.48477],[-57.55803,-28.47032]]],[[[-57.81318,-28.47082],[-57.80497,-28.46269],[-57.81586,-28.44555],[-57.80447,-28.43809],[-57.81578,-28.43203],[-57.8295,-28.42003],[-57.83553,-28.42378],[-57.82523,-28.43658],[-57.83595,-28.44339],[-57.81318,-28.47082]]],[[[-57.64291,-28.34678],[-57.65161,-28.33917],[-57.66293,-28.34625],[-57.65849,-28.34959],[-57.65046,-28.34729],[-57.64878,-28.34934],[-57.65639,-28.35945],[-57.66836,-28.34965],[-57.68572,-28.3605],[-57.78412,-28.42453],[-57.77725,-28.42652],[-57.7937,-28.45057],[-57.78671,-28.45928],[-57.76484,-28.46826],[-57.76428,-28.46807],[-57.76473,-28.46843],[-57.7868,-28.45939],[-57.80051,-28.46849],[-57.80492,-28.46277],[-57.81308,-28.47094],[-57.8043,-28.4816],[-57.8048,-28.48213],[-57.79957,-28.48902],[-57.7915,-28.48347],[-57.77959,-28.48292],[-57.76222,-28.47311],[-57.75527,-28.46532],[-57.75451,-28.46627],[-57.75878,-28.4767],[-57.76465,-28.50981],[-57.75837,-28.51238],[-57.71761,-28.51786],[-57.71511,-28.50826],[-57.71696,-28.50767],[-57.69847,-28.48752],[-57.69401,-28.46825],[-57.68974,-28.46772],[-57.6919,-28.45944],[-57.68946,-28.44909],[-57.67453,-28.43487],[-57.67319,-28.46071],[-57.65091,-28.44455],[-57.64173,-28.43247],[-57.64213,-28.41694],[-57.65309,-28.40807],[-57.65088,-28.40375],[-57.65016,-28.40329],[-57.66864,-28.40279],[-57.66881,-28.40776],[-57.67136,-28.40769],[-57.67122,-28.40363],[-57.67377,-28.40356],[-57.67384,-28.40559],[-57.70219,-28.40482],[-57.70463,-28.40218],[-57.7032,-28.39993],[-57.70566,-28.39871],[-57.67952,-28.3839],[-57.64366,-28.39128],[-57.63114,-28.36432],[-57.6476,-28.35497],[-57.64202,-28.34755],[-57.64291,-28.34678]]],[[[-57.10214,-28.06092],[-57.12043,-28.05671],[-57.12363,-28.05926],[-57.12471,-28.06625],[-57.12915,-28.07148],[-57.13642,-28.07295],[-57.13146,-28.07627],[-57.10843,-28.10492],[-57.10214,-28.06092]]],[[[-57.29522,-27.87831],[-57.28653,-27.87206],[-57.29612,-27.86154],[-57.29338,-27.85774],[-57.28321,-27.8475],[-57.28192,-27.84219],[-57.30061,-27.86115],[-57.31548,-27.88176],[-57.32112,-27.89125],[-57.32769,-27.90056],[-57.32816,-27.90014],[-57.33179,-27.90922],[-57.34809,-27.924],[-57.35655,-27.93249],[-57.3616,-27.93923],[-57.37128,-27.93388],[-57.3752,-27.94253],[-57.3812,-27.94902],[-57.38103,-27.9578],[-57.39272,-27.96527],[-57.402,-27.97586],[-57.40314,-27.98651],[-57.39777,-27.99075],[-57.40381,-28.01114],[-57.41379,-28.0075],[-57.4308,-28.0402],[-57.42617,-28.04321],[-57.42474,-28.04157],[-57.41342,-28.04932],[-57.41779,-28.06666],[-57.44332,-28.05007],[-57.44897,-28.05757],[-57.44985,-28.06203],[-57.4509,-28.06364],[-57.45006,-28.06684],[-57.45112,-28.06847],[-57.45269,-28.07636],[-57.45558,-28.07459],[-57.46339,-28.08049],[-57.46768,-28.09041],[-57.43818,-28.10978],[-57.43846,-28.11074],[-57.43948,-28.11174],[-57.43966,-28.11396],[-57.44217,-28.11913],[-57.43931,-28.12779],[-57.43997,-28.12929],[-57.44117,-28.12998],[-57.44371,-28.13011],[-57.44678,-28.13206],[-57.45238,-28.1308],[-57.45379,-28.13337],[-57.4538,-28.13481],[-57.44847,-28.13659],[-57.44697,-28.13769],[-57.446,-28.1377],[-57.44546,-28.13627],[-57.44427,-28.13522],[-57.44313,-28.1346],[-57.44232,-28.13461],[-57.44305,-28.13626],[-57.45061,-28.14484],[-57.45618,-28.14806],[-57.46446,-28.14896],[-57.47082,-28.15469],[-57.48033,-28.15872],[-57.48388,-28.16352],[-57.50474,-28.17281],[-57.54397,-28.21314],[-57.55252,-28.24773],[-57.55346,-28.24723],[-57.56303,-28.25693],[-57.56018,-28.26498],[-57.57102,-28.26918],[-57.58415,-28.28343],[-57.58721,-28.32041],[-57.5816,-28.32168],[-57.57311,-28.34005],[-57.59929,-28.37053],[-57.62668,-28.39573],[-57.57721,-28.37717],[-57.57267,-28.36978],[-57.56216,-28.36502],[-57.56487,-28.36797],[-57.56467,-28.37012],[-57.5651,-28.37083],[-57.56874,-28.37382],[-57.56875,-28.37683],[-57.56682,-28.37875],[-57.56273,-28.38111],[-57.56132,-28.38049],[-57.56084,-28.38064],[-57.56046,-28.38135],[-57.55982,-28.3814],[-57.55934,-28.38265],[-57.56,-28.38551],[-57.56201,-28.3888],[-57.56594,-28.38924],[-57.56807,-28.39016],[-57.57093,-28.39053],[-57.5724,-28.39147],[-57.57289,-28.39362],[-57.57252,-28.39477],[-57.56913,-28.39707],[-57.56622,-28.39699],[-57.56621,-28.39642],[-57.56654,-28.39642],[-57.56583,-28.39575],[-57.56324,-28.39576],[-57.56092,-28.39687],[-57.55947,-28.39692],[-57.55887,-28.39602],[-57.56086,-28.39472],[-57.56064,-28.39353],[-57.55682,-28.39608],[-57.5552,-28.39608],[-57.55411,-28.39561],[-57.55151,-28.39338],[-57.55021,-28.39357],[-57.54893,-28.39563],[-57.54428,-28.39484],[-57.54157,-28.39299],[-57.54108,-28.39127],[-57.53902,-28.39013],[-57.53826,-28.38923],[-57.53777,-28.38765],[-57.53328,-28.38586],[-57.53143,-28.38448],[-57.53062,-28.38338],[-57.53069,-28.38199],[-57.53023,-28.38145],[-57.5298,-28.38181],[-57.52823,-28.38086],[-57.52434,-28.38083],[-57.51925,-28.37789],[-57.51886,-28.37512],[-57.51843,-28.37455],[-57.51746,-28.37455],[-57.51524,-28.37542],[-57.51222,-28.37419],[-57.50974,-28.37539],[-57.5078,-28.3754],[-57.50698,-28.37497],[-57.50677,-28.37421],[-57.50531,-28.37369],[-57.50352,-28.37375],[-57.50051,-28.37495],[-57.49932,-28.37496],[-57.49845,-28.37453],[-57.49343,-28.37421],[-57.49305,-28.37364],[-57.49143,-28.37355],[-57.4911,-28.37303],[-57.48937,-28.37246],[-57.48894,-28.37093],[-57.48753,-28.37032],[-57.48596,-28.36899],[-57.48369,-28.36842],[-57.48255,-28.36857],[-57.48125,-28.36623],[-57.47822,-28.36443],[-57.47859,-28.36333],[-57.47821,-28.36209],[-57.47874,-28.36156],[-57.47874,-28.36008],[-57.47754,-28.35861],[-57.47613,-28.35584],[-57.47596,-28.3547],[-57.47655,-28.3535],[-57.4793,-28.35345],[-57.47941,-28.35244],[-57.47891,-28.3512],[-57.47649,-28.35135],[-57.47616,-28.35097],[-57.47691,-28.34925],[-57.47794,-28.35035],[-57.4795,-28.35048],[-57.48047,-28.34934],[-57.48226,-28.34871],[-57.48235,-28.34794],[-57.48149,-28.34761],[-57.48095,-28.34809],[-57.479,-28.34714],[-57.47852,-28.34738],[-57.47879,-28.348],[-57.47831,-28.34843],[-57.47685,-28.34833],[-57.47668,-28.3472],[-57.47571,-28.34677],[-57.47388,-28.34688],[-57.47371,-28.34659],[-57.4729,-28.34678],[-57.47235,-28.34797],[-57.47064,-28.34776],[-57.47004,-28.3466],[-57.46837,-28.34675],[-57.46561,-28.34514],[-57.46156,-28.34525],[-57.46042,-28.34363],[-57.45896,-28.34292],[-57.45918,-28.34244],[-57.46096,-28.3421],[-57.46253,-28.34429],[-57.46334,-28.34429],[-57.46522,-28.34342],[-57.46538,-28.34285],[-57.46479,-28.34247],[-57.4643,-28.34094],[-57.46354,-28.34008],[-57.46148,-28.33899],[-57.46126,-28.33799],[-57.45867,-28.33771],[-57.45829,-28.33719],[-57.45678,-28.33724],[-57.45619,-28.33786],[-57.45588,-28.34164],[-57.45707,-28.34168],[-57.45707,-28.3424],[-57.456,-28.34379],[-57.45346,-28.3437],[-57.45209,-28.34447],[-57.45211,-28.34303],[-57.45151,-28.34251],[-57.45054,-28.34266],[-57.45011,-28.34366],[-57.44882,-28.34324],[-57.4479,-28.34271],[-57.44679,-28.34018],[-57.44793,-28.33979],[-57.44885,-28.3406],[-57.44949,-28.34065],[-57.44971,-28.33993],[-57.44873,-28.33898],[-57.44565,-28.33832],[-57.44312,-28.33847],[-57.44041,-28.33633],[-57.43856,-28.33343],[-57.43743,-28.33343],[-57.43726,-28.33185],[-57.43618,-28.33028],[-57.43612,-28.32899],[-57.43206,-28.32652],[-57.43298,-28.32628],[-57.43308,-28.32571],[-57.43141,-28.32505],[-57.43122,-28.32228],[-57.42918,-28.32267],[-57.42913,-28.32224],[-57.43026,-28.32161],[-57.42966,-28.31911],[-57.42879,-28.31904],[-57.42863,-28.32004],[-57.42788,-28.32014],[-57.42724,-28.32143],[-57.42622,-28.32229],[-57.42492,-28.3223],[-57.42303,-28.32092],[-57.42248,-28.31834],[-57.42151,-28.31825],[-57.42027,-28.31897],[-57.41897,-28.31888],[-57.41724,-28.31707],[-57.41286,-28.31482],[-57.41199,-28.31306],[-57.40907,-28.31235],[-57.40783,-28.31154],[-57.40707,-28.3104],[-57.40684,-28.30796],[-57.40554,-28.30481],[-57.39955,-28.30109],[-57.39696,-28.30071],[-57.3969,-28.29914],[-57.39561,-28.29814],[-57.39447,-28.29757],[-57.39285,-28.29776],[-57.39296,-28.29676],[-57.39204,-28.29624],[-57.39053,-28.29691],[-57.38778,-28.29677],[-57.38589,-28.29578],[-57.38303,-28.29631],[-57.38022,-28.29484],[-57.37877,-28.29556],[-57.37709,-28.29556],[-57.37639,-28.29642],[-57.37575,-28.29643],[-57.37575,-28.29576],[-57.37623,-28.29537],[-57.37595,-28.29361],[-57.37746,-28.29155],[-57.37751,-28.29055],[-57.37691,-28.28964],[-57.36709,-28.28929],[-57.36536,-28.28715],[-57.36541,-28.28424],[-57.36406,-28.2831],[-57.36179,-28.28296],[-57.35958,-28.28411],[-57.35591,-28.28393],[-57.35488,-28.28269],[-57.35542,-28.2804],[-57.35482,-28.27897],[-57.3532,-28.27768],[-57.35196,-28.27773],[-57.35136,-28.27817],[-57.34861,-28.27817],[-57.34386,-28.27546],[-57.34261,-28.27408],[-57.34195,-28.27002],[-57.33811,-28.2733],[-57.33557,-28.2716],[-57.33486,-28.27034],[-57.33167,-28.26834],[-57.33064,-28.2671],[-57.32838,-28.26648],[-57.3281,-28.2652],[-57.32681,-28.26458],[-57.32664,-28.26415],[-57.32519,-28.2641],[-57.32465,-28.26363],[-57.32254,-28.26316],[-57.32189,-28.26244],[-57.32179,-28.26064],[-57.32119,-28.26016],[-57.31987,-28.26012],[-57.31952,-28.25949],[-57.31793,-28.25862],[-57.34211,-28.23342],[-57.33826,-28.23288],[-57.33608,-28.23106],[-57.316,-28.25125],[-57.31383,-28.25201],[-57.3115,-28.25196],[-57.31042,-28.25151],[-57.30951,-28.24935],[-57.31399,-28.24894],[-57.31353,-28.24433],[-57.33083,-28.22765],[-57.32484,-28.22556],[-57.31945,-28.22483],[-57.3217,-28.2222],[-57.28995,-28.20175],[-57.2737,-28.21739],[-57.27003,-28.21608],[-57.26665,-28.21355],[-57.26625,-28.21396],[-57.26549,-28.21334],[-57.2652,-28.20799],[-57.26153,-28.20699],[-57.26483,-28.20293],[-57.28221,-28.18509],[-57.29,-28.18766],[-57.29604,-28.19588],[-57.29265,-28.19915],[-57.3268,-28.22095],[-57.33044,-28.21678],[-57.35467,-28.23149],[-57.38288,-28.25018],[-57.39808,-28.23083],[-57.39319,-28.21517],[-57.38042,-28.21041],[-57.37388,-28.2061],[-57.37768,-28.19515],[-57.37096,-28.18102],[-57.38703,-28.17603],[-57.38769,-28.1576],[-57.38698,-28.15675],[-57.38646,-28.14654],[-57.38046,-28.14186],[-57.38045,-28.13801],[-57.38002,-28.13612],[-57.34466,-28.14646],[-57.32252,-28.13804],[-57.32515,-28.14455],[-57.32472,-28.14647],[-57.30427,-28.138],[-57.28864,-28.1577],[-57.31612,-28.18478],[-57.29667,-28.18336],[-57.27096,-28.15718],[-57.25584,-28.12927],[-57.24112,-28.13205],[-57.22323,-28.13813],[-57.21523,-28.15019],[-57.22083,-28.15587],[-57.21004,-28.17691],[-57.20346,-28.17645],[-57.19291,-28.16987],[-57.18264,-28.17356],[-57.1724,-28.15741],[-57.1676,-28.1626],[-57.15156,-28.15364],[-57.15009,-28.13869],[-57.13009,-28.111],[-57.13693,-28.10664],[-57.12223,-28.09552],[-57.16408,-28.07195],[-57.13266,-28.0469],[-57.12752,-28.02665],[-57.12052,-28.02508],[-57.12482,-28.02709],[-57.12767,-28.04024],[-57.13228,-28.05219],[-57.1381,-28.05846],[-57.15509,-28.07273],[-57.15213,-28.0764],[-57.14638,-28.07457],[-57.14122,-28.07167],[-57.13108,-28.06414],[-57.1303,-28.05968],[-57.12276,-28.05117],[-57.1257,-28.04866],[-57.12431,-28.03791],[-57.11501,-28.03089],[-57.11497,-28.02638],[-57.11182,-28.02072],[-57.10963,-28.0119],[-57.10164,-28.00497],[-57.09637,-27.99833],[-57.09669,-27.9857],[-57.09939,-27.98256],[-57.10243,-27.97394],[-57.10922,-27.97562],[-57.1095,-27.97022],[-57.11179,-27.96746],[-57.15809,-27.98481],[-57.19211,-27.98671],[-57.21741,-28.0466],[-57.21332,-28.0617],[-57.29535,-28.07368],[-57.28644,-28.0617],[-57.2455,-28.03843],[-57.22708,-28.00314],[-57.27881,-28.0251],[-57.28091,-28.0017],[-57.27136,-27.99302],[-57.27084,-27.9895],[-57.22427,-27.95556],[-57.2658,-27.90998],[-57.24895,-27.90774],[-57.22691,-27.90102],[-57.22029,-27.95266],[-57.19679,-27.93551],[-57.20131,-27.90139],[-57.21147,-27.89665],[-57.21076,-27.89623],[-57.22291,-27.87415],[-57.26448,-27.88001],[-57.26712,-27.87727],[-57.25634,-27.86827],[-57.24856,-27.85856],[-57.28966,-27.88358],[-57.29522,-27.87831]]],[[[-57.33643,-27.93407],[-57.33113,-27.948],[-57.30977,-27.93205],[-57.29785,-27.92872],[-57.29705,-27.9165],[-57.32425,-27.9222],[-57.33643,-27.93407]]],[[[-57.40082,-28.01081],[-57.40652,-28.03208],[-57.40822,-28.03178],[-57.4099,-28.03547],[-57.40947,-28.04525],[-57.40323,-28.04675],[-57.40046,-28.03348],[-57.39306,-28.02129],[-57.3924,-28.00419],[-57.39895,-28.00381],[-57.40082,-28.01081]]],[[[-56.81502,-27.86261],[-56.81659,-27.85657],[-56.80962,-27.83822],[-56.8129,-27.82946],[-56.82981,-27.82271],[-56.83431,-27.81552],[-56.83878,-27.81266],[-56.86103,-27.83235],[-56.85613,-27.84715],[-56.86931,-27.86665],[-56.89346,-27.86178],[-56.90377,-27.8957],[-56.91104,-27.89397],[-56.91344,-27.90193],[-56.95971,-27.89096],[-56.96344,-27.89826],[-56.97594,-27.89529],[-56.97814,-27.87801],[-56.96438,-27.88128],[-56.96719,-27.87727],[-56.98421,-27.87337],[-56.98697,-27.88904],[-57.02322,-27.88207],[-57.02821,-27.90104],[-57.03584,-27.89945],[-57.0389,-27.91058],[-57.03978,-27.93319],[-57.04728,-27.94116],[-57.08753,-27.92219],[-57.0911,-27.91787],[-57.10268,-27.94579],[-57.10757,-27.95433],[-57.10154,-27.96498],[-57.09282,-27.97877],[-57.09251,-27.99853],[-57.09467,-28.02017],[-57.09093,-28.0397],[-57.09468,-28.05529],[-57.10034,-28.07181],[-57.08291,-28.08547],[-57.06936,-28.07142],[-57.02889,-28.05426],[-57.01218,-28.04511],[-57.00728,-28.00585],[-56.99942,-27.98894],[-57.02802,-27.97555],[-57.01624,-27.95567],[-56.99498,-27.96559],[-56.99155,-27.97201],[-56.99246,-27.97396],[-56.99719,-27.97945],[-57.00186,-28.02528],[-56.96478,-28.00074],[-56.90327,-27.96486],[-56.87015,-27.96092],[-56.83789,-27.96654],[-56.82903,-27.95879],[-56.82482,-27.94586],[-56.83386,-27.93871],[-56.82933,-27.93656],[-56.83436,-27.92481],[-56.83633,-27.91603],[-56.84916,-27.91481],[-56.85988,-27.9143],[-56.86301,-27.89951],[-56.86315,-27.89571],[-56.84205,-27.89719],[-56.83777,-27.89884],[-56.83293,-27.90199],[-56.83218,-27.92316],[-56.82705,-27.93589],[-56.82357,-27.93509],[-56.81888,-27.92541],[-56.82103,-27.91753],[-56.82168,-27.90425],[-56.82613,-27.89473],[-56.81374,-27.88035],[-56.82028,-27.87776],[-56.81502,-27.86261]]]]},"properties":{"fid":9,"Name":"PN Iberá","region":"DIRECCIÓN REGIONAL NEA","attributes":{"categoryId":"Environnement","subCategoryId":"PARC","tags":["NATURE"],"gallery":["https://images.pexels.com/photos/158708/landscape-swamp-wetlands-nature-158708.jpeg?auto=compress&cs=tinysrgb&w=800","https://images.pexels.com/photos/2163609/pexels-photo-2163609.jpeg?auto=compress&cs=tinysrgb&w=800","https://images.pexels.com/photos/1154619/pexels-photo-1154619.jpeg?auto=compress&cs=tinysrgb&w=800"],"informations":["Année de création : n.c.","Superficie : n.c."],"highlights":["Paysages remarquables","Biodiversité et observation de la faune","Randonnée et points de vue"],"external_links":["Site officiel : https://www.argentina.gob.ar/parquesnacionales","Wikipedia : https://es.wikipedia.org/wiki/Special:Search?search=PN%20Iber%C3%A1"],"photo":"https://images.pexels.com/photos/158708/landscape-swamp-wetlands-nature-158708.jpeg?auto=compress&cs=tinysrgb&w=800","short_desc":"PN Iberá est une aire protégée nationale en Argentine.","link_official":"https://www.argentina.gob.ar/parquesnacionales","link_wikipedia":"https://es.wikipedia.org/wiki/Special:Search?search=PN%20Iber%C3%A1"},"categoryId":"Environnement","subCategoryId":"PARC","tags":["NATURE"],"gallery":["https://images.pexels.com/photos/158708/landscape-swamp-wetlands-nature-158708.jpeg?auto=compress&cs=tinysrgb&w=800","https://images.pexels.com/photos/2163609/pexels-photo-2163609.jpeg?auto=compress&cs=tinysrgb&w=800","https://images.pexels.com/photos/1154619/pexels-photo-1154619.jpeg?auto=compress&cs=tinysrgb&w=800"],"informations":["Année de création : n.c.","Superficie : n.c."],"highlights":["Paysages remarquables","Biodiversité et observation de la faune","Randonnée et points de vue"],"external_links":["Site officiel : https://www.argentina.gob.ar/parquesnacionales","Wikipedia : https://es.wikipedia.org/wiki/Special:Search?search=PN%20Iber%C3%A1"],"photo":"https://images.pexels.com/photos/158708/landscape-swamp-wetlands-nature-158708.jpeg?auto=compress&cs=tinysrgb&w=800","short_desc":"PN Iberá est une aire protégée nationale en Argentine.","link_official":"https://www.argentina.gob.ar/parquesnacionales","link_wikipedia":"https://es.wikipedia.org/wiki/Special:Search?search=PN%20Iber%C3%A1"}},{"type":"Feature","geometry":{"type":"Polygon","coordinates":[[[-54.16324,-25.58963],[-54.16277,-25.59089],[-54.16162,-25.5912],[-54.16137,-25.5921],[-54.15949,-25.59364],[-54.15649,-25.59393],[-54.15497,-25.59466],[-54.15402,-25.59569],[-54.15432,-25.59685],[-54.15385,-25.5977],[-54.15402,-25.59849],[-54.15328,-25.59847],[-54.15354,-25.59686],[-54.15205,-25.5964],[-54.15223,-25.59377],[-54.1571,-25.58818],[-54.1609,-25.58819],[-54.1609,-25.58294],[-54.1644,-25.58299],[-54.1643,-25.56682],[-54.16562,-25.54278],[-54.16847,-25.54281],[-54.17294,-25.54173],[-54.18249,-25.53734],[-54.1888,-25.535],[-54.19065,-25.53466],[-54.19573,-25.53466],[-54.19838,-25.53561],[-54.2026,-25.5379],[-54.20535,-25.54009],[-54.20764,-25.5438],[-54.20849,-25.5469],[-54.20821,-25.55222],[-54.20753,-25.55418],[-54.205,-25.55777],[-54.20386,-25.55865],[-54.19995,-25.56056],[-54.18415,-25.56414],[-54.18087,-25.56628],[-54.17512,-25.57217],[-54.17298,-25.57642],[-54.17323,-25.57981],[-54.17402,-25.58131],[-54.17686,-25.58405],[-54.18115,-25.58552],[-54.18666,-25.58576],[-54.18976,-25.58512],[-54.20377,-25.57965],[-54.21,-25.57562],[-54.22166,-25.56531],[-54.22442,-25.56382],[-54.22689,-25.56315],[-54.23056,-25.56301],[-54.23408,-25.56434],[-54.23527,-25.56553],[-54.23654,-25.56821],[-54.23679,-25.57153],[-54.23417,-25.585],[-54.2341,-25.58944],[-54.23442,-25.59147],[-54.23517,-25.59304],[-54.23878,-25.59625],[-54.24049,-25.59711],[-54.24534,-25.59804],[-54.25052,-25.59772],[-54.25341,-25.59661],[-54.25559,-25.59515],[-54.25744,-25.59329],[-54.26776,-25.57951],[-54.2694,-25.57691],[-54.2717,-25.57146],[-54.27648,-25.56369],[-54.28039,-25.55888],[-54.28401,-25.55662],[-54.28735,-25.55573],[-54.29074,-25.55603],[-54.3045,-25.5629],[-54.30792,-25.5639],[-54.31532,-25.56497],[-54.31937,-25.56606],[-54.3231,-25.56782],[-54.32642,-25.56992],[-54.32839,-25.57148],[-54.33081,-25.57442],[-54.33259,-25.57856],[-54.33522,-25.58843],[-54.3385,-25.59578],[-54.34202,-25.60132],[-54.34393,-25.60356],[-54.34734,-25.60606],[-54.3497,-25.60649],[-54.35793,-25.6053],[-54.35929,-25.60454],[-54.36975,-25.59556],[-54.37326,-25.59378],[-54.37558,-25.59386],[-54.38244,-25.59633],[-54.38816,-25.60042],[-54.39048,-25.60393],[-54.3913,-25.60739],[-54.39125,-25.6094],[-54.38908,-25.61581],[-54.38857,-25.61955],[-54.38896,-25.62517],[-54.38969,-25.62825],[-54.39424,-25.63665],[-54.39837,-25.64178],[-54.40026,-25.64353],[-54.41053,-25.64857],[-54.42201,-25.65493],[-54.42349,-25.65618],[-54.42476,-25.65799],[-54.42642,-25.66396],[-54.42652,-25.66743],[-54.42562,-25.67352],[-54.42581,-25.67778],[-54.42436,-25.68349],[-54.42454,-25.68935],[-54.4262,-25.69242],[-54.42821,-25.6938],[-54.42959,-25.69419],[-54.43118,-25.69421],[-54.43417,-25.69342],[-54.43665,-25.69213],[-54.43931,-25.68991],[-54.44029,-25.68803],[-54.44156,-25.68306],[-54.44244,-25.67761],[-54.44348,-25.6744],[-54.44351,-25.67065],[-54.44499,-25.66598],[-54.44838,-25.66095],[-54.46048,-25.64617],[-54.46462,-25.64255],[-54.46883,-25.63719],[-54.4775,-25.63039],[-54.48422,-25.6263],[-54.4908,-25.61994],[-54.49472,-25.61711],[-54.49868,-25.61512],[-54.50002,-25.61458],[-54.50308,-25.615],[-54.50647,-25.61744],[-54.51102,-25.61908],[-54.51514,-25.62385],[-54.51744,-25.62566],[-54.52364,-25.62906],[-54.52645,-25.62901],[-54.52768,-25.62832],[-54.53569,-25.62172],[-54.53741,-25.61852],[-54.55715,-25.63282],[-54.55399,-25.6342],[-54.55137,-25.63421],[-54.54961,-25.63491],[-54.54947,-25.63629],[-54.54807,-25.63639],[-54.54796,-25.63675],[-54.54932,-25.63772],[-54.54955,-25.63855],[-54.54738,-25.64],[-54.54605,-25.64017],[-54.54302,-25.64416],[-54.54158,-25.64486],[-54.54251,-25.64709],[-54.54126,-25.64759],[-54.53914,-25.65254],[-54.53861,-25.65585],[-54.53452,-25.66155],[-54.53135,-25.66187],[-54.52845,-25.66322],[-54.52643,-25.66458],[-54.5257,-25.66605],[-54.5232,-25.66701],[-54.52213,-25.6697],[-54.52072,-25.67087],[-54.51884,-25.67363],[-54.51642,-25.67486],[-54.51554,-25.67578],[-54.51575,-25.67737],[-54.51461,-25.6789],[-54.51137,-25.67904],[-54.50672,-25.6804],[-54.50571,-25.6823],[-54.50565,-25.68413],[-54.50485,-25.68631],[-54.50115,-25.68956],[-54.49935,-25.69496],[-54.49728,-25.69888],[-54.49043,-25.70878],[-54.48997,-25.71197],[-54.48606,-25.72343],[-54.48418,-25.72423],[-54.48359,-25.72317],[-54.46491,-25.73106],[-54.46544,-25.73227],[-54.45874,-25.73531],[-54.44951,-25.74961],[-54.4463,-25.74867],[-54.44838,-25.74245],[-54.44702,-25.73789],[-54.42999,-25.73428],[-54.40919,-25.72331],[-54.40596,-25.72292],[-54.40445,-25.72444],[-54.40302,-25.72715],[-54.40278,-25.72832],[-54.40343,-25.72936],[-54.40378,-25.73298],[-54.40297,-25.73543],[-54.39934,-25.73954],[-54.3959,-25.74175],[-54.39328,-25.74433],[-54.39213,-25.7465],[-54.39223,-25.75427],[-54.16403,-25.76174],[-54.16196,-25.7266],[-54.16189,-25.7262],[-54.1604,-25.7262],[-54.16197,-25.66256],[-54.16343,-25.62356],[-54.16324,-25.58963]]]},"properties":{"fid":10,"Name":"PN Iguazú","region":"DIRECCIÓN REGIONAL NEA","details":{"title":"Parque Nacional Iguazú","province":["Misiones"],"created_year":1934,"area_ha":67620,"short_desc":"Le parc protège une portion majeure de la Selva Paranaense et les célèbres chutes d’Iguazú, à la frontière avec le Brésil.","highlights":["Cataratas del Iguazú","Selva Paranaense","Faune emblématique (yaguareté, tapirs, toucans)"],"unesco":true,"unesco_year":1984,"official_url":"https://www.argentina.gob.ar/parquesnacionales/iguazu","wikipedia_url":"https://es.wikipedia.org/wiki/Parque_nacional_Iguaz%C3%BA","media":{"hero":{"title":"Saltos en el Parque Nacional Iguazú (vista desde pasarelas)","file":"Parque_Nacional_Iguazu_Misiones_Argentina.JPG","author":"Ana Calviño","license":"CC BY-SA 4.0","license_url":"https://creativecommons.org/licenses/by-sa/4.0","source":"Wikimedia Commons","url":"https://commons.wikimedia.org/wiki/Special:FilePath/Parque_Nacional_Iguazu_Misiones_Argentina.JPG","page":"https://commons.wikimedia.org/wiki/File:Parque_Nacional_Iguazu_Misiones_Argentina.JPG"}}},"attributes":{"categoryId":"Environnement","subCategoryId":"PARC","tags":["NATURE"],"gallery":["https://images.pexels.com/photos/167684/pexels-photo-167684.jpeg?auto=compress&cs=tinysrgb&w=800","https://images.pexels.com/photos/3408744/pexels-photo-3408744.jpeg?auto=compress&cs=tinysrgb&w=800","https://images.pexels.com/photos/4827/nature-forest-trees-fog.jpeg?auto=compress&cs=tinysrgb&w=800"],"short_desc":"Le parc protège une portion majeure de la Selva Paranaense et les célèbres chutes d’Iguazú, à la frontière avec le Brésil.","informations":["Année de création : n.c.","Superficie : n.c."],"highlights":["Cataratas del Iguazú","Selva Paranaense","Faune emblématique (yaguareté, tapirs, toucans)"],"external_links":["Site officiel : https://www.argentina.gob.ar/parquesnacionales/iguazu","Wikipedia : https://es.wikipedia.org/wiki/Parque_nacional_Iguaz%C3%BA"],"photo":"https://images.pexels.com/photos/167684/pexels-photo-167684.jpeg?auto=compress&cs=tinysrgb&w=800","link_official":"https://www.argentina.gob.ar/parquesnacionales/iguazu","link_wikipedia":"https://es.wikipedia.org/wiki/Parque_nacional_Iguaz%C3%BA"},"categoryId":"Environnement","subCategoryId":"PARC","tags":["NATURE"],"gallery":["https://images.pexels.com/photos/167684/pexels-photo-167684.jpeg?auto=compress&cs=tinysrgb&w=800","https://images.pexels.com/photos/3408744/pexels-photo-3408744.jpeg?auto=compress&cs=tinysrgb&w=800","https://images.pexels.com/photos/4827/nature-forest-trees-fog.jpeg?auto=compress&cs=tinysrgb&w=800"],"short_desc":"Le parc protège une portion majeure de la Selva Paranaense et les célèbres chutes d’Iguazú, à la frontière avec le Brésil.","informations":["Année de création : n.c.","Superficie : n.c."],"highlights":["Cataratas del Iguazú","Selva Paranaense","Faune emblématique (yaguareté, tapirs, toucans)"],"external_links":["Site officiel : https://www.argentina.gob.ar/parquesnacionales/iguazu","Wikipedia : https://es.wikipedia.org/wiki/Parque_nacional_Iguaz%C3%BA"],"photo":"https://images.pexels.com/photos/167684/pexels-photo-167684.jpeg?auto=compress&cs=tinysrgb&w=800","link_official":"https://www.argentina.gob.ar/parquesnacionales/iguazu","link_wikipedia":"https://es.wikipedia.org/wiki/Parque_nacional_Iguaz%C3%BA"}},{"type":"Feature","geometry":{"type":"Polygon","coordinates":[[[-55.70997,-27.41115],[-55.71167,-27.41363],[-55.7129,-27.41703],[-55.71251,-27.41801],[-55.71058,-27.41855],[-55.71022,-27.41926],[-55.70947,-27.41938],[-55.70662,-27.41822],[-55.70506,-27.41804],[-55.69893,-27.41937],[-55.69661,-27.41869],[-55.68883,-27.41776],[-55.68576,-27.41839],[-55.68194,-27.41986],[-55.68061,-27.41993],[-55.67686,-27.41775],[-55.6744,-27.41733],[-55.67058,-27.41749],[-55.66819,-27.41713],[-55.66712,-27.41739],[-55.66452,-27.41921],[-55.66465,-27.42002],[-55.66217,-27.42242],[-55.6615,-27.42251],[-55.66113,-27.42355],[-55.65921,-27.42408],[-55.65942,-27.42508],[-55.65871,-27.42863],[-55.65786,-27.42982],[-55.65764,-27.43121],[-55.65803,-27.43255],[-55.65754,-27.43307],[-55.65862,-27.43349],[-55.65861,-27.43484],[-55.65922,-27.43482],[-55.65956,-27.43531],[-55.65879,-27.43745],[-55.65766,-27.43833],[-55.65682,-27.43988],[-55.65546,-27.4404],[-55.65488,-27.44126],[-55.65316,-27.4418],[-55.64733,-27.4416],[-55.64261,-27.4372],[-55.6389,-27.43292],[-55.61649,-27.42159],[-55.61408,-27.41957],[-55.61042,-27.41229],[-55.60448,-27.40664],[-55.6031,-27.40486],[-55.60245,-27.40257],[-55.60275,-27.39837],[-55.6003,-27.39508],[-55.5985,-27.39113],[-55.59692,-27.38934],[-55.59325,-27.38698],[-55.59499,-27.38605],[-55.59643,-27.38412],[-55.59892,-27.38437],[-55.6001,-27.38513],[-55.60099,-27.38487],[-55.60393,-27.38531],[-55.60552,-27.38475],[-55.60695,-27.38299],[-55.60911,-27.37837],[-55.60876,-27.37568],[-55.60981,-27.37428],[-55.61189,-27.37301],[-55.61299,-27.37117],[-55.61355,-27.36828],[-55.61203,-27.36488],[-55.60984,-27.36262],[-55.60845,-27.35442],[-55.6107,-27.35234],[-55.61267,-27.35225],[-55.61308,-27.3531],[-55.6156,-27.35486],[-55.62038,-27.35524],[-55.62168,-27.35575],[-55.62323,-27.35753],[-55.62514,-27.35842],[-55.6272,-27.35884],[-55.62743,-27.3597],[-55.62967,-27.36055],[-55.63224,-27.36345],[-55.63427,-27.36478],[-55.63886,-27.36558],[-55.64587,-27.36882],[-55.64979,-27.36929],[-55.65593,-27.37151],[-55.65832,-27.37183],[-55.65881,-27.37276],[-55.66159,-27.37332],[-55.66263,-27.37288],[-55.66387,-27.37304],[-55.66761,-27.37393],[-55.67056,-27.37381],[-55.67863,-27.3772],[-55.68095,-27.37905],[-55.68358,-27.38251],[-55.68512,-27.38351],[-55.69134,-27.39128],[-55.69415,-27.39371],[-55.69881,-27.39928],[-55.6997,-27.40105],[-55.70066,-27.4013],[-55.70136,-27.40253],[-55.70217,-27.40285],[-55.70247,-27.40377],[-55.70414,-27.40463],[-55.70455,-27.40557],[-55.70572,-27.40623],[-55.70689,-27.40781],[-55.70724,-27.40887],[-55.70997,-27.41115]]]},"properties":{"fid":11,"Name":"RNatS Parque Federal Campo San Juan","region":"DIRECCIÓN REGIONAL NEA","attributes":{"categoryId":"Environnement","subCategoryId":"PARC","tags":["NATURE"],"gallery":["https://images.pexels.com/photos/2403205/pexels-photo-2403205.jpeg?auto=compress&cs=tinysrgb&w=800","https://images.pexels.com/photos/933054/pexels-photo-933054.jpeg?auto=compress&cs=tinysrgb&w=800","https://images.pexels.com/photos/572897/pexels-photo-572897.jpeg?auto=compress&cs=tinysrgb&w=800"],"informations":["Année de création : n.c.","Superficie : n.c."],"highlights":["Paysages remarquables","Biodiversité et observation de la faune","Randonnée et points de vue"],"external_links":["Site officiel : https://www.argentina.gob.ar/parquesnacionales","Wikipedia : https://es.wikipedia.org/wiki/Special:Search?search=RNatS%20Parque%20Federal%20Campo%20San%20Juan"],"photo":"https://images.pexels.com/photos/2403205/pexels-photo-2403205.jpeg?auto=compress&cs=tinysrgb&w=800","short_desc":"RNatS Parque Federal Campo San Juan est une aire protégée nationale en Argentine.","link_official":"https://www.argentina.gob.ar/parquesnacionales","link_wikipedia":"https://es.wikipedia.org/wiki/Special:Search?search=RNatS%20Parque%20Federal%20Campo%20San%20Juan"},"categoryId":"Environnement","subCategoryId":"PARC","tags":["NATURE"],"gallery":["https://images.pexels.com/photos/2403205/pexels-photo-2403205.jpeg?auto=compress&cs=tinysrgb&w=800","https://images.pexels.com/photos/933054/pexels-photo-933054.jpeg?auto=compress&cs=tinysrgb&w=800","https://images.pexels.com/photos/572897/pexels-photo-572897.jpeg?auto=compress&cs=tinysrgb&w=800"],"informations":["Année de création : n.c.","Superficie : n.c."],"highlights":["Paysages remarquables","Biodiversité et observation de la faune","Randonnée et points de vue"],"external_links":["Site officiel : https://www.argentina.gob.ar/parquesnacionales","Wikipedia : https://es.wikipedia.org/wiki/Special:Search?search=RNatS%20Parque%20Federal%20Campo%20San%20Juan"],"photo":"https://images.pexels.com/photos/2403205/pexels-photo-2403205.jpeg?auto=compress&cs=tinysrgb&w=800","short_desc":"RNatS Parque Federal Campo San Juan est une aire protégée nationale en Argentine.","link_official":"https://www.argentina.gob.ar/parquesnacionales","link_wikipedia":"https://es.wikipedia.org/wiki/Special:Search?search=RNatS%20Parque%20Federal%20Campo%20San%20Juan"}},{"type":"Feature","geometry":{"type":"MultiPolygon","coordinates":[[[[-63.92347,-24.19426],[-63.9206,-24.17894],[-63.98648,-24.16714],[-63.98438,-24.19925],[-63.92635,-24.20961],[-63.92347,-24.19426]]],[[[-63.99574,-24.17624],[-63.98663,-24.17574],[-63.9872,-24.16703],[-63.99659,-24.16561],[-63.99574,-24.17624]]],[[[-63.99699,-24.16555],[-64.00798,-24.16373],[-64.15559,-24.15494],[-64.15835,-24.17836],[-64.15517,-24.20369],[-64.16574,-24.21948],[-64.1658,-24.23236],[-64.16796,-24.23607],[-64.16488,-24.23773],[-64.16423,-24.23476],[-64.16068,-24.23436],[-64.15888,-24.2353],[-64.15837,-24.23609],[-64.1588,-24.23644],[-64.16241,-24.23648],[-64.16362,-24.23844],[-64.16324,-24.23911],[-64.16088,-24.23886],[-64.15897,-24.23798],[-64.15394,-24.23469],[-64.153,-24.23626],[-64.13392,-24.23631],[-64.13385,-24.21884],[-64.12178,-24.2173],[-64.11757,-24.17337],[-64.00326,-24.18019],[-64.00253,-24.18267],[-63.99589,-24.1823],[-63.99699,-24.16555]]]]},"properties":{"fid":1,"Name":"RN Pizarro","region":"DIRECCIÓN REGIONAL NOA","attributes":{"categoryId":"Environnement","subCategoryId":"PARC","tags":["NATURE"],"gallery":["https://images.pexels.com/photos/2403205/pexels-photo-2403205.jpeg?auto=compress&cs=tinysrgb&w=800","https://images.pexels.com/photos/933054/pexels-photo-933054.jpeg?auto=compress&cs=tinysrgb&w=800","https://images.pexels.com/photos/572897/pexels-photo-572897.jpeg?auto=compress&cs=tinysrgb&w=800"],"informations":["Année de création : n.c.","Superficie : n.c."],"highlights":["Paysages remarquables","Biodiversité et observation de la faune","Randonnée et points de vue"],"external_links":["Site officiel : https://www.argentina.gob.ar/parquesnacionales","Wikipedia : https://es.wikipedia.org/wiki/Special:Search?search=RN%20Pizarro"],"photo":"https://images.pexels.com/photos/2403205/pexels-photo-2403205.jpeg?auto=compress&cs=tinysrgb&w=800","short_desc":"RN Pizarro est une aire protégée nationale en Argentine.","link_official":"https://www.argentina.gob.ar/parquesnacionales","link_wikipedia":"https://es.wikipedia.org/wiki/Special:Search?search=RN%20Pizarro"},"categoryId":"Environnement","subCategoryId":"PARC","tags":["NATURE"],"gallery":["https://images.pexels.com/photos/2403205/pexels-photo-2403205.jpeg?auto=compress&cs=tinysrgb&w=800","https://images.pexels.com/photos/933054/pexels-photo-933054.jpeg?auto=compress&cs=tinysrgb&w=800","https://images.pexels.com/photos/572897/pexels-photo-572897.jpeg?auto=compress&cs=tinysrgb&w=800"],"informations":["Année de création : n.c.","Superficie : n.c."],"highlights":["Paysages remarquables","Biodiversité et observation de la faune","Randonnée et points de vue"],"external_links":["Site officiel : https://www.argentina.gob.ar/parquesnacionales","Wikipedia : https://es.wikipedia.org/wiki/Special:Search?search=RN%20Pizarro"],"photo":"https://images.pexels.com/photos/2403205/pexels-photo-2403205.jpeg?auto=compress&cs=tinysrgb&w=800","short_desc":"RN Pizarro est une aire protégée nationale en Argentine.","link_official":"https://www.argentina.gob.ar/parquesnacionales","link_wikipedia":"https://es.wikipedia.org/wiki/Special:Search?search=RN%20Pizarro"}},{"type":"Feature","geometry":{"type":"Polygon","coordinates":[[[-64.54681,-24.5716],[-64.5474,-24.57072],[-64.54702,-24.56169],[-64.54619,-24.55814],[-64.5449,-24.55601],[-64.54284,-24.55084],[-64.5426,-24.54744],[-64.54131,-24.54597],[-64.54146,-24.5421],[-64.54197,-24.54106],[-64.54384,-24.53987],[-64.54591,-24.54148],[-64.54595,-24.5426],[-64.54651,-24.54316],[-64.54737,-24.54627],[-64.54806,-24.54694],[-64.54931,-24.55164],[-64.54981,-24.5521],[-64.5501,-24.55831],[-64.55155,-24.55976],[-64.55268,-24.56032],[-64.5551,-24.56383],[-64.5561,-24.56816],[-64.55609,-24.57071],[-64.55797,-24.57501],[-64.55934,-24.57495],[-64.56124,-24.57721],[-64.56128,-24.58559],[-64.56249,-24.58663],[-64.56253,-24.58771],[-64.56491,-24.59034],[-64.56588,-24.59076],[-64.56752,-24.59651],[-64.56875,-24.59706],[-64.56905,-24.59951],[-64.57035,-24.60036],[-64.57214,-24.60354],[-64.57318,-24.60373],[-64.57802,-24.6029],[-64.58031,-24.6035],[-64.58188,-24.6055],[-64.58419,-24.60611],[-64.58821,-24.60825],[-64.58857,-24.61088],[-64.59032,-24.61118],[-64.59193,-24.61227],[-64.59439,-24.61151],[-64.59691,-24.61289],[-64.59796,-24.61214],[-64.60033,-24.61307],[-64.60287,-24.61273],[-64.60584,-24.61324],[-64.60613,-24.61496],[-64.61098,-24.61897],[-64.61612,-24.61842],[-64.61727,-24.61907],[-64.61887,-24.61823],[-64.62314,-24.61772],[-64.62972,-24.61816],[-64.63258,-24.61898],[-64.63462,-24.61871],[-64.63626,-24.61925],[-64.63814,-24.61934],[-64.64058,-24.61828],[-64.64297,-24.61933],[-64.64486,-24.61916],[-64.64552,-24.62057],[-64.64738,-24.62109],[-64.64788,-24.62246],[-64.64999,-24.62305],[-64.65125,-24.62211],[-64.65376,-24.62251],[-64.65485,-24.62047],[-64.65643,-24.61909],[-64.65806,-24.62026],[-64.65979,-24.62022],[-64.66124,-24.62117],[-64.66345,-24.62021],[-64.66571,-24.62071],[-64.66583,-24.62243],[-64.66707,-24.62308],[-64.66836,-24.62283],[-64.67083,-24.62362],[-64.67199,-24.62345],[-64.67784,-24.62537],[-64.67903,-24.62601],[-64.68068,-24.62874],[-64.68373,-24.62939],[-64.68566,-24.62783],[-64.68648,-24.62787],[-64.689,-24.62941],[-64.69022,-24.63074],[-64.69008,-24.63198],[-64.69135,-24.63268],[-64.69183,-24.63361],[-64.694,-24.63476],[-64.6944,-24.63598],[-64.69907,-24.63624],[-64.70091,-24.63568],[-64.70106,-24.63611],[-64.7025,-24.63651],[-64.70345,-24.63613],[-64.70426,-24.63509],[-64.70595,-24.63492],[-64.70503,-24.63779],[-64.70521,-24.63965],[-64.70258,-24.64317],[-64.70253,-24.64461],[-64.70367,-24.64532],[-64.70398,-24.64768],[-64.70719,-24.64927],[-64.7093,-24.65223],[-64.71217,-24.65321],[-64.7129,-24.65565],[-64.71479,-24.65736],[-64.71428,-24.65922],[-64.71417,-24.6645],[-64.71337,-24.66578],[-64.71378,-24.66946],[-64.71627,-24.67182],[-64.71737,-24.67419],[-64.71699,-24.67498],[-64.71696,-24.67761],[-64.71765,-24.67885],[-64.71794,-24.68281],[-64.71851,-24.68415],[-64.71847,-24.68775],[-64.71937,-24.68991],[-64.72131,-24.69171],[-64.72321,-24.69789],[-64.72409,-24.69868],[-64.72587,-24.69918],[-64.72696,-24.70048],[-64.72745,-24.70218],[-64.72885,-24.70275],[-64.72891,-24.70351],[-64.7313,-24.70546],[-64.7364,-24.70688],[-64.7382,-24.70679],[-64.74018,-24.70608],[-64.74099,-24.70688],[-64.74166,-24.70662],[-64.74464,-24.70787],[-64.7464,-24.70765],[-64.74745,-24.70701],[-64.7487,-24.70705],[-64.75118,-24.7094],[-64.74991,-24.71089],[-64.75137,-24.71317],[-64.75144,-24.7148],[-64.75509,-24.71604],[-64.75768,-24.71756],[-64.75773,-24.71899],[-64.76054,-24.71978],[-64.76299,-24.72216],[-64.76336,-24.72362],[-64.762,-24.725],[-64.7618,-24.72665],[-64.76595,-24.73101],[-64.76484,-24.73287],[-64.76566,-24.73538],[-64.76824,-24.7371],[-64.76833,-24.73872],[-64.76581,-24.74205],[-64.76503,-24.74487],[-64.7614,-24.74475],[-64.75907,-24.74409],[-64.75744,-24.74449],[-64.75283,-24.74924],[-64.74694,-24.74972],[-64.74538,-24.75022],[-64.74385,-24.74995],[-64.74056,-24.75253],[-64.7402,-24.75442],[-64.7335,-24.75582],[-64.73308,-24.75649],[-64.72891,-24.75712],[-64.72658,-24.76028],[-64.72519,-24.76306],[-64.72383,-24.76336],[-64.72232,-24.76726],[-64.71943,-24.76889],[-64.70257,-24.78846],[-64.7022,-24.79071],[-64.7027,-24.79308],[-64.7052,-24.79658],[-64.7037,-24.80271],[-64.70432,-24.80933],[-64.70239,-24.81291],[-64.69963,-24.81587],[-64.69678,-24.81673],[-64.69611,-24.81646],[-64.6952,-24.81676],[-64.69081,-24.81586],[-64.68747,-24.81625],[-64.68398,-24.81574],[-64.6789,-24.81427],[-64.67869,-24.81284],[-64.67751,-24.81148],[-64.67613,-24.81116],[-64.67387,-24.81136],[-64.67164,-24.81209],[-64.66933,-24.81155],[-64.66902,-24.81213],[-64.66422,-24.81088],[-64.66242,-24.81078],[-64.66214,-24.80968],[-64.66012,-24.80833],[-64.65984,-24.80908],[-64.65937,-24.80923],[-64.65857,-24.80856],[-64.65718,-24.80855],[-64.65679,-24.80878],[-64.65694,-24.80938],[-64.65594,-24.80966],[-64.65594,-24.8082],[-64.65551,-24.80775],[-64.65503,-24.80788],[-64.65549,-24.8087],[-64.65418,-24.80865],[-64.65353,-24.80822],[-64.65321,-24.80863],[-64.65282,-24.80805],[-64.6527,-24.80897],[-64.6524,-24.809],[-64.65003,-24.80758],[-64.64873,-24.80831],[-64.64664,-24.80771],[-64.64622,-24.80771],[-64.646,-24.80824],[-64.64476,-24.80827],[-64.64473,-24.80747],[-64.64261,-24.80812],[-64.64218,-24.80672],[-64.64102,-24.8073],[-64.64083,-24.80661],[-64.64027,-24.80687],[-64.64064,-24.80709],[-64.64029,-24.80739],[-64.6395,-24.80608],[-64.63883,-24.80646],[-64.63798,-24.8061],[-64.63836,-24.80522],[-64.63765,-24.80511],[-64.63645,-24.80322],[-64.63622,-24.80209],[-64.63551,-24.80142],[-64.63437,-24.80125],[-64.63439,-24.80033],[-64.63341,-24.80046],[-64.63285,-24.79958],[-64.63094,-24.79925],[-64.62828,-24.79964],[-64.62793,-24.79902],[-64.6271,-24.79917],[-64.62579,-24.79833],[-64.62452,-24.79863],[-64.62399,-24.79773],[-64.62336,-24.79756],[-64.62356,-24.79698],[-64.62188,-24.7964],[-64.62145,-24.79524],[-64.62035,-24.79519],[-64.61955,-24.79428],[-64.61866,-24.79445],[-64.61814,-24.79536],[-64.61762,-24.79458],[-64.61577,-24.79539],[-64.61578,-24.79621],[-64.61489,-24.79585],[-64.61463,-24.79633],[-64.61402,-24.79604],[-64.61329,-24.79648],[-64.61251,-24.79605],[-64.61165,-24.79631],[-64.61263,-24.79446],[-64.61167,-24.79418],[-64.61133,-24.79351],[-64.6104,-24.79366],[-64.6095,-24.79469],[-64.6077,-24.79387],[-64.60678,-24.79439],[-64.60652,-24.79386],[-64.60812,-24.79093],[-64.60812,-24.79016],[-64.60687,-24.79065],[-64.60611,-24.79209],[-64.6043,-24.79282],[-64.60413,-24.79328],[-64.60363,-24.79287],[-64.6041,-24.79177],[-64.60173,-24.78996],[-64.6011,-24.79121],[-64.6002,-24.7919],[-64.60025,-24.79318],[-64.59903,-24.79359],[-64.5974,-24.79222],[-64.59727,-24.79139],[-64.59614,-24.79201],[-64.59571,-24.79174],[-64.59509,-24.79069],[-64.59524,-24.78953],[-64.59405,-24.7891],[-64.59446,-24.78762],[-64.58977,-24.78847],[-64.58901,-24.78907],[-64.58854,-24.79022],[-64.58755,-24.78924],[-64.58586,-24.78908],[-64.58582,-24.78878],[-64.58715,-24.78812],[-64.58729,-24.78773],[-64.58663,-24.7867],[-64.58709,-24.78598],[-64.58607,-24.78575],[-64.58527,-24.78663],[-64.58444,-24.78677],[-64.58405,-24.78613],[-64.58491,-24.78477],[-64.58228,-24.78321],[-64.58288,-24.78219],[-64.58201,-24.78123],[-64.58317,-24.78042],[-64.58249,-24.77887],[-64.58429,-24.78002],[-64.58461,-24.77958],[-64.58438,-24.77861],[-64.5833,-24.77809],[-64.58333,-24.77771],[-64.58625,-24.77737],[-64.58746,-24.77773],[-64.58749,-24.77717],[-64.58651,-24.77658],[-64.58716,-24.77598],[-64.58832,-24.77631],[-64.58833,-24.77568],[-64.5867,-24.77378],[-64.58621,-24.77404],[-64.58313,-24.77357],[-64.58341,-24.77305],[-64.5851,-24.77285],[-64.58483,-24.77098],[-64.58381,-24.77129],[-64.58339,-24.77262],[-64.58262,-24.77055],[-64.58142,-24.7707],[-64.57991,-24.7696],[-64.58034,-24.76898],[-64.58168,-24.76962],[-64.58199,-24.76952],[-64.58178,-24.76919],[-64.58026,-24.76871],[-64.57842,-24.76869],[-64.57782,-24.76951],[-64.57639,-24.76905],[-64.57608,-24.76934],[-64.5762,-24.77076],[-64.57527,-24.76863],[-64.57534,-24.76777],[-64.57477,-24.76705],[-64.57359,-24.76719],[-64.57359,-24.76814],[-64.57296,-24.76763],[-64.57313,-24.76639],[-64.5744,-24.76539],[-64.57392,-24.76521],[-64.57372,-24.76481],[-64.57415,-24.76442],[-64.57303,-24.76302],[-64.57146,-24.76325],[-64.57125,-24.76289],[-64.57239,-24.7626],[-64.57238,-24.76148],[-64.57142,-24.76133],[-64.57234,-24.75989],[-64.57161,-24.75882],[-64.57155,-24.75795],[-64.57039,-24.75754],[-64.57038,-24.75635],[-64.56971,-24.75596],[-64.56982,-24.75493],[-64.57044,-24.75421],[-64.56949,-24.7539],[-64.56976,-24.75303],[-64.56923,-24.75132],[-64.56577,-24.75175],[-64.56501,-24.74903],[-64.5642,-24.74931],[-64.5642,-24.75021],[-64.56304,-24.75044],[-64.56096,-24.74934],[-64.55805,-24.74895],[-64.55779,-24.74825],[-64.5582,-24.74656],[-64.55732,-24.74612],[-64.55689,-24.74624],[-64.5563,-24.74765],[-64.55459,-24.74762],[-64.55378,-24.74648],[-64.55393,-24.74557],[-64.55579,-24.74462],[-64.55472,-24.74397],[-64.55401,-24.7442],[-64.55417,-24.74491],[-64.5538,-24.74507],[-64.55202,-24.74416],[-64.55032,-24.74381],[-64.54902,-24.74478],[-64.54815,-24.74344],[-64.54784,-24.74075],[-64.54381,-24.7354],[-64.54322,-24.73133],[-64.54209,-24.72953],[-64.54217,-24.72785],[-64.53672,-24.72251],[-64.53607,-24.72059],[-64.53581,-24.71791],[-64.53259,-24.71375],[-64.52965,-24.70816],[-64.53143,-24.70595],[-64.53141,-24.70507],[-64.53004,-24.70405],[-64.52971,-24.70235],[-64.53003,-24.70006],[-64.52742,-24.69801],[-64.52631,-24.69654],[-64.52605,-24.6946],[-64.52408,-24.69026],[-64.52159,-24.68919],[-64.52064,-24.68729],[-64.51887,-24.6866],[-64.51757,-24.68404],[-64.51625,-24.68281],[-64.51617,-24.68125],[-64.51562,-24.68082],[-64.51558,-24.67783],[-64.5147,-24.67701],[-64.51451,-24.67543],[-64.51315,-24.67332],[-64.50993,-24.67159],[-64.50899,-24.66903],[-64.50699,-24.66882],[-64.50348,-24.66677],[-64.50259,-24.66553],[-64.50131,-24.6647],[-64.49831,-24.66402],[-64.4977,-24.66079],[-64.49676,-24.65878],[-64.5001,-24.65886],[-64.50363,-24.6583],[-64.50464,-24.65719],[-64.50485,-24.65528],[-64.50366,-24.65405],[-64.50401,-24.64884],[-64.50277,-24.64716],[-64.50261,-24.64549],[-64.5033,-24.64478],[-64.50398,-24.64097],[-64.50343,-24.63966],[-64.50362,-24.63762],[-64.50455,-24.63644],[-64.50692,-24.63479],[-64.50889,-24.62884],[-64.51007,-24.62819],[-64.51041,-24.62682],[-64.51122,-24.62664],[-64.51124,-24.62489],[-64.5128,-24.62359],[-64.51298,-24.62171],[-64.51469,-24.62032],[-64.5169,-24.62172],[-64.5187,-24.62157],[-64.52002,-24.62293],[-64.52165,-24.62255],[-64.52311,-24.61995],[-64.52734,-24.61739],[-64.52977,-24.61815],[-64.53148,-24.61678],[-64.53064,-24.61479],[-64.53322,-24.6131],[-64.53673,-24.6126],[-64.5392,-24.61096],[-64.53587,-24.60328],[-64.53503,-24.59718],[-64.53412,-24.59627],[-64.5337,-24.59218],[-64.53188,-24.59116],[-64.5319,-24.59004],[-64.53393,-24.58805],[-64.53726,-24.58768],[-64.54266,-24.58775],[-64.54405,-24.58724],[-64.54755,-24.58477],[-64.54681,-24.5716]]]},"properties":{"fid":2,"Name":"PN El Rey","region":"DIRECCIÓN REGIONAL NOA","attributes":{"categoryId":"Environnement","subCategoryId":"PARC","tags":["NATURE"],"gallery":["https://commons.wikimedia.org/wiki/Special:FilePath/Cariama cristata El Rey NP.jpg?width=800"],"informations":["Superficie : 44162 hectares","ID : Q828601"],"highlights":["Paysages remarquables","Biodiversité et observation de la faune","Randonnée et points de vue"],"external_links":["Site officiel : https://www.argentina.gob.ar/parquesnacionales","Wikipedia : https://es.wikipedia.org/wiki/Special:Search?search=PN%20El%20Rey"],"photo":"https://images.pexels.com/photos/2403205/pexels-photo-2403205.jpeg?auto=compress&cs=tinysrgb&w=800","short_desc":"PN El Rey est une aire protégée nationale en Argentine.","link_official":"https://www.argentina.gob.ar/parquesnacionales","link_wikipedia":"https://es.wikipedia.org/wiki/Special:Search?search=PN%20El%20Rey"},"categoryId":"Environnement","subCategoryId":"PARC","tags":["NATURE"],"gallery":["https://images.pexels.com/photos/2403205/pexels-photo-2403205.jpeg?auto=compress&cs=tinysrgb&w=800","https://images.pexels.com/photos/933054/pexels-photo-933054.jpeg?auto=compress&cs=tinysrgb&w=800","https://images.pexels.com/photos/572897/pexels-photo-572897.jpeg?auto=compress&cs=tinysrgb&w=800"],"informations":["Année de création : n.c.","Superficie : n.c."],"highlights":["Paysages remarquables","Biodiversité et observation de la faune","Randonnée et points de vue"],"external_links":["Site officiel : https://www.argentina.gob.ar/parquesnacionales","Wikipedia : https://es.wikipedia.org/wiki/Special:Search?search=PN%20El%20Rey"],"photo":"https://images.pexels.com/photos/2403205/pexels-photo-2403205.jpeg?auto=compress&cs=tinysrgb&w=800","short_desc":"Résumé non disponible.","link_official":"https://www.argentina.gob.ar/parquesnacionales","link_wikipedia":"https://fr.wikipedia.org/wiki/Q828601"}},{"type":"Feature","geometry":{"type":"Polygon","coordinates":[[[-61.71227,-25.6551],[-61.99782,-25.65529],[-62.07591,-25.88747],[-62.06803,-25.97246],[-61.71243,-25.97448],[-61.71227,-25.6551]]]},"properties":{"fid":3,"Name":"PN Copo","region":"DIRECCIÓN REGIONAL NOA","attributes":{"categoryId":"Environnement","subCategoryId":"PARC","tags":["NATURE"],"gallery":["https://commons.wikimedia.org/wiki/Special:FilePath/Parque Nacional Copo.jpg?width=800"],"informations":["Superficie : 118119 hectares","ID : Q829648"],"highlights":["Paysages remarquables","Biodiversité et observation de la faune","Randonnée et points de vue"],"external_links":["Site officiel : https://www.argentina.gob.ar/parquesnacionales","Wikipedia : https://es.wikipedia.org/wiki/Special:Search?search=PN%20Copo"],"photo":"https://images.pexels.com/photos/2403205/pexels-photo-2403205.jpeg?auto=compress&cs=tinysrgb&w=800","short_desc":"PN Copo est une aire protégée nationale en Argentine.","link_official":"https://www.argentina.gob.ar/parquesnacionales","link_wikipedia":"https://es.wikipedia.org/wiki/Special:Search?search=PN%20Copo"},"categoryId":"Environnement","subCategoryId":"PARC","tags":["NATURE"],"gallery":["https://images.pexels.com/photos/2403205/pexels-photo-2403205.jpeg?auto=compress&cs=tinysrgb&w=800","https://images.pexels.com/photos/933054/pexels-photo-933054.jpeg?auto=compress&cs=tinysrgb&w=800","https://images.pexels.com/photos/572897/pexels-photo-572897.jpeg?auto=compress&cs=tinysrgb&w=800"],"informations":["Année de création : n.c.","Superficie : n.c."],"highlights":["Paysages remarquables","Biodiversité et observation de la faune","Randonnée et points de vue"],"external_links":["Site officiel : https://www.argentina.gob.ar/parquesnacionales","Wikipedia : https://es.wikipedia.org/wiki/Special:Search?search=PN%20Copo"],"photo":"https://images.pexels.com/photos/2403205/pexels-photo-2403205.jpeg?auto=compress&cs=tinysrgb&w=800","short_desc":"Résumé non disponible.","link_official":"https://www.argentina.gob.ar/parquesnacionales","link_wikipedia":"https://fr.wikipedia.org/wiki/Q829648"}},{"type":"Feature","geometry":{"type":"Polygon","coordinates":[[[-64.74572,-22.23334],[-64.74747,-22.23275],[-64.74864,-22.23304],[-64.74922,-22.23532],[-64.75021,-22.23692],[-64.75144,-22.23729],[-64.75302,-22.23747],[-64.75382,-22.23678],[-64.75687,-22.23689],[-64.75811,-22.23708],[-64.75858,-22.23775],[-64.76239,-22.23976],[-64.76496,-22.23956],[-64.76607,-22.23903],[-64.76796,-22.23945],[-64.76991,-22.24202],[-64.77117,-22.245],[-64.7723,-22.24482],[-64.77328,-22.24524],[-64.77324,-22.24632],[-64.7736,-22.2466],[-64.77696,-22.2463],[-64.77742,-22.24659],[-64.77807,-22.24622],[-64.77904,-22.24706],[-64.78058,-22.24658],[-64.783,-22.24783],[-64.78571,-22.24552],[-64.78816,-22.24644],[-64.78964,-22.24623],[-64.79022,-22.24546],[-64.79128,-22.24505],[-64.79241,-22.24549],[-64.79321,-22.24617],[-64.79679,-22.2529],[-64.79677,-22.25908],[-64.79311,-22.26093],[-64.79106,-22.26322],[-64.79035,-22.26522],[-64.78956,-22.26592],[-64.78467,-22.26549],[-64.78199,-22.26695],[-64.78033,-22.27079],[-64.77831,-22.27292],[-64.77877,-22.273],[-64.77908,-22.27369],[-64.77875,-22.27486],[-64.77743,-22.27529],[-64.77334,-22.27998],[-64.77381,-22.28229],[-64.77231,-22.28304],[-64.77144,-22.28471],[-64.76918,-22.28488],[-64.76878,-22.28458],[-64.76755,-22.28506],[-64.76569,-22.2847],[-64.7631,-22.28561],[-64.76174,-22.28551],[-64.75851,-22.28637],[-64.75734,-22.2871],[-64.75463,-22.2875],[-64.75283,-22.28937],[-64.7498,-22.28686],[-64.74709,-22.28937],[-64.74603,-22.28977],[-64.74453,-22.28972],[-64.74415,-22.29031],[-64.74304,-22.29055],[-64.74274,-22.29115],[-64.74037,-22.29275],[-64.73742,-22.29388],[-64.73695,-22.29454],[-64.73612,-22.29429],[-64.73501,-22.29318],[-64.73211,-22.2934],[-64.72918,-22.29148],[-64.72702,-22.29142],[-64.72085,-22.28843],[-64.71667,-22.2899],[-64.71402,-22.29005],[-64.7123,-22.28834],[-64.71078,-22.28829],[-64.70907,-22.28882],[-64.70731,-22.28791],[-64.70496,-22.2879],[-64.70638,-22.28631],[-64.70436,-22.28377],[-64.70445,-22.28333],[-64.70192,-22.27874],[-64.70262,-22.27808],[-64.70628,-22.28297],[-64.70795,-22.28096],[-64.71061,-22.27961],[-64.70958,-22.27803],[-64.71,-22.27749],[-64.7181,-22.27411],[-64.72001,-22.27223],[-64.72134,-22.26975],[-64.722,-22.2693],[-64.72715,-22.26863],[-64.72876,-22.26781],[-64.72995,-22.2656],[-64.73367,-22.26524],[-64.73473,-22.26394],[-64.73618,-22.2617],[-64.73595,-22.26068],[-64.73718,-22.25559],[-64.73691,-22.25303],[-64.73928,-22.24801],[-64.73965,-22.24071],[-64.74009,-22.24009],[-64.73992,-22.23828],[-64.74113,-22.23689],[-64.74146,-22.23535],[-64.74337,-22.23403],[-64.74446,-22.2344],[-64.74572,-22.23334]]]},"properties":{"fid":4,"Name":"RN El Nogalar de Los Toldos","region":"DIRECCIÓN REGIONAL NOA","attributes":{"categoryId":"Environnement","subCategoryId":"PARC","tags":["NATURE"],"gallery":["https://images.pexels.com/photos/2403205/pexels-photo-2403205.jpeg?auto=compress&cs=tinysrgb&w=800","https://images.pexels.com/photos/933054/pexels-photo-933054.jpeg?auto=compress&cs=tinysrgb&w=800","https://images.pexels.com/photos/572897/pexels-photo-572897.jpeg?auto=compress&cs=tinysrgb&w=800"],"informations":["Année de création : n.c.","Superficie : n.c."],"highlights":["Paysages remarquables","Biodiversité et observation de la faune","Randonnée et points de vue"],"external_links":["Site officiel : https://www.argentina.gob.ar/parquesnacionales","Wikipedia : https://es.wikipedia.org/wiki/Special:Search?search=RN%20El%20Nogalar%20de%20Los%20Toldos"],"photo":"https://images.pexels.com/photos/2403205/pexels-photo-2403205.jpeg?auto=compress&cs=tinysrgb&w=800","short_desc":"RN El Nogalar de Los Toldos est une aire protégée nationale en Argentine.","link_official":"https://www.argentina.gob.ar/parquesnacionales","link_wikipedia":"https://es.wikipedia.org/wiki/Special:Search?search=RN%20El%20Nogalar%20de%20Los%20Toldos"},"categoryId":"Environnement","subCategoryId":"PARC","tags":["NATURE"],"gallery":["https://images.pexels.com/photos/2403205/pexels-photo-2403205.jpeg?auto=compress&cs=tinysrgb&w=800","https://images.pexels.com/photos/933054/pexels-photo-933054.jpeg?auto=compress&cs=tinysrgb&w=800","https://images.pexels.com/photos/572897/pexels-photo-572897.jpeg?auto=compress&cs=tinysrgb&w=800"],"informations":["Année de création : n.c.","Superficie : n.c."],"highlights":["Paysages remarquables","Biodiversité et observation de la faune","Randonnée et points de vue"],"external_links":["Site officiel : https://www.argentina.gob.ar/parquesnacionales","Wikipedia : https://es.wikipedia.org/wiki/Special:Search?search=RN%20El%20Nogalar%20de%20Los%20Toldos"],"photo":"https://images.pexels.com/photos/2403205/pexels-photo-2403205.jpeg?auto=compress&cs=tinysrgb&w=800","short_desc":"RN El Nogalar de Los Toldos est une aire protégée nationale en Argentine.","link_official":"https://www.argentina.gob.ar/parquesnacionales","link_wikipedia":"https://es.wikipedia.org/wiki/Special:Search?search=RN%20El%20Nogalar%20de%20Los%20Toldos"}},{"type":"Feature","geometry":{"type":"Polygon","coordinates":[[[-65.8434,-25.09912],[-65.84683,-25.09519],[-65.84852,-25.09234],[-65.85009,-25.08821],[-65.85046,-25.08568],[-65.84947,-25.08261],[-65.84974,-25.08098],[-65.85112,-25.07944],[-65.85109,-25.078],[-65.85268,-25.07517],[-65.87596,-25.0683],[-65.89835,-25.06338],[-65.88169,-25.07365],[-65.88302,-25.07919],[-65.88474,-25.08403],[-65.88503,-25.08667],[-65.89044,-25.09195],[-65.89522,-25.09393],[-65.89966,-25.09738],[-65.90124,-25.09953],[-65.90507,-25.10068],[-65.90739,-25.10345],[-65.90924,-25.10362],[-65.91914,-25.10754],[-65.92139,-25.10717],[-65.92784,-25.10968],[-65.94454,-25.11461],[-65.96287,-25.12333],[-65.99737,-25.13006],[-66.00958,-25.13569],[-66.01304,-25.13602],[-66.01429,-25.13531],[-66.01501,-25.13424],[-66.01689,-25.13392],[-66.01958,-25.13266],[-66.01984,-25.13191],[-66.02153,-25.13053],[-66.02586,-25.12985],[-66.02917,-25.13692],[-66.02858,-25.13861],[-66.02726,-25.13937],[-66.02862,-25.14078],[-66.0312,-25.14217],[-66.03114,-25.14331],[-66.02983,-25.14384],[-66.02865,-25.1449],[-66.02953,-25.14609],[-66.03027,-25.14881],[-66.03386,-25.15212],[-66.03569,-25.15232],[-66.03669,-25.1576],[-66.03813,-25.15872],[-66.03925,-25.16171],[-66.03836,-25.16535],[-66.03863,-25.16845],[-66.03787,-25.16923],[-66.03856,-25.17261],[-66.0404,-25.17484],[-66.03926,-25.17677],[-66.03908,-25.1812],[-66.03778,-25.18314],[-66.03761,-25.18525],[-66.039,-25.18901],[-66.04022,-25.19009],[-66.04135,-25.19229],[-66.04143,-25.2],[-66.04523,-25.20252],[-66.04621,-25.21094],[-66.03574,-25.23611],[-66.01975,-25.27941],[-66.01788,-25.28114],[-66.01669,-25.28584],[-66.01608,-25.29449],[-66.01512,-25.29689],[-66.01366,-25.29711],[-66.01301,-25.30039],[-66.00988,-25.30397],[-66.00862,-25.30472],[-66.0073,-25.30702],[-66.00565,-25.30794],[-66.00528,-25.3089],[-66.00457,-25.30932],[-66.00473,-25.31021],[-66.00414,-25.31093],[-66.00428,-25.31235],[-66.00315,-25.31304],[-66.00251,-25.31484],[-66.00031,-25.31781],[-65.99883,-25.32289],[-65.99923,-25.32404],[-65.99886,-25.3248],[-65.99961,-25.32613],[-65.99962,-25.32702],[-65.99898,-25.3277],[-66.00019,-25.33033],[-66.00034,-25.33327],[-66.00003,-25.33428],[-66.00044,-25.33527],[-66.00012,-25.33615],[-66.00057,-25.34223],[-66.00009,-25.34377],[-66.00076,-25.34493],[-66.00088,-25.34784],[-66.00165,-25.35026],[-66.00142,-25.35135],[-66.00382,-25.35673],[-66.00344,-25.35849],[-66.00416,-25.35969],[-66.00488,-25.36384],[-66.00569,-25.36501],[-66.00641,-25.36859],[-66.0074,-25.36949],[-66.00795,-25.37247],[-66.0077,-25.37309],[-66.0097,-25.37946],[-65.97486,-25.38419],[-65.97331,-25.38554],[-65.97353,-25.38958],[-65.97145,-25.39296],[-65.97309,-25.3946],[-65.97503,-25.40093],[-65.97756,-25.40451],[-65.9789,-25.41124],[-65.97646,-25.41343],[-65.97042,-25.41518],[-65.96931,-25.41627],[-65.96933,-25.41725],[-65.96828,-25.41822],[-65.96737,-25.41761],[-65.96599,-25.41848],[-65.96514,-25.41963],[-65.96358,-25.42018],[-65.96276,-25.41991],[-65.96056,-25.42146],[-65.96161,-25.42681],[-65.96131,-25.42769],[-65.9602,-25.42853],[-65.95989,-25.42971],[-65.95847,-25.42982],[-65.95746,-25.43149],[-65.95634,-25.43222],[-65.95644,-25.43474],[-65.95747,-25.43736],[-65.95791,-25.43761],[-65.95744,-25.43925],[-65.95772,-25.442],[-65.95872,-25.44275],[-65.95921,-25.44383],[-65.96056,-25.44464],[-65.96069,-25.44579],[-65.96155,-25.44609],[-65.96182,-25.44746],[-65.96086,-25.44973],[-65.96129,-25.45562],[-65.96078,-25.45631],[-65.962,-25.45916],[-65.96011,-25.46116],[-65.95202,-25.48389],[-65.96169,-25.48382],[-65.96184,-25.48488],[-65.96136,-25.48577],[-65.96225,-25.48853],[-65.9622,-25.4893],[-65.96108,-25.49065],[-65.96057,-25.49228],[-65.96092,-25.49299],[-65.96036,-25.4955],[-65.96115,-25.49604],[-65.96103,-25.49717],[-65.96165,-25.49851],[-65.96079,-25.50077],[-65.96095,-25.50393],[-65.9594,-25.50828],[-65.95986,-25.50854],[-65.95995,-25.5093],[-65.95915,-25.51002],[-65.96074,-25.5116],[-65.96146,-25.51432],[-65.96042,-25.5162],[-65.96062,-25.51711],[-65.95993,-25.51803],[-65.95983,-25.5191],[-65.9587,-25.52064],[-65.95687,-25.52124],[-65.95658,-25.52179],[-65.95591,-25.52406],[-65.9566,-25.52592],[-65.95554,-25.52758],[-65.95556,-25.52874],[-65.95676,-25.52909],[-65.95692,-25.52998],[-65.95642,-25.53139],[-65.892,-25.52846],[-65.89259,-25.52478],[-65.89363,-25.52196],[-65.89386,-25.51731],[-65.89204,-25.5118],[-65.89094,-25.51073],[-65.89048,-25.50839],[-65.89085,-25.50754],[-65.88858,-25.50365],[-65.88881,-25.50176],[-65.88677,-25.49661],[-65.88699,-25.49394],[-65.88667,-25.49277],[-65.88566,-25.49255],[-65.88394,-25.48844],[-65.88399,-25.48576],[-65.88192,-25.47873],[-65.88111,-25.46737],[-65.88159,-25.46233],[-65.88085,-25.45351],[-65.88108,-25.45207],[-65.88067,-25.45141],[-65.88106,-25.45001],[-65.8809,-25.44839],[-65.88182,-25.44613],[-65.88188,-25.44433],[-65.88149,-25.44344],[-65.88274,-25.43977],[-65.88231,-25.43004],[-65.88165,-25.42992],[-65.88123,-25.4285],[-65.88196,-25.42703],[-65.88228,-25.4237],[-65.88132,-25.42288],[-65.8824,-25.42065],[-65.88409,-25.4195],[-65.88492,-25.41472],[-65.88487,-25.41079],[-65.88539,-25.40795],[-65.88514,-25.40523],[-65.8856,-25.40214],[-65.8849,-25.39031],[-65.88659,-25.38927],[-65.88725,-25.38487],[-65.88576,-25.38329],[-65.88088,-25.36276],[-65.88327,-25.34505],[-65.88457,-25.34407],[-65.88925,-25.33548],[-65.89302,-25.33299],[-65.89592,-25.32787],[-65.89428,-25.31717],[-65.85795,-25.30311],[-65.83738,-25.31126],[-65.83697,-25.3118],[-65.83226,-25.31311],[-65.83027,-25.31217],[-65.8279,-25.31191],[-65.82735,-25.31123],[-65.82364,-25.31096],[-65.82332,-25.30889],[-65.82137,-25.30804],[-65.82031,-25.30567],[-65.81776,-25.30408],[-65.81768,-25.30209],[-65.8163,-25.30072],[-65.8162,-25.29975],[-65.81732,-25.29724],[-65.81627,-25.29499],[-65.81654,-25.29235],[-65.81838,-25.28893],[-65.83877,-25.22567],[-65.83919,-25.22251],[-65.83888,-25.21455],[-65.83922,-25.21267],[-65.83867,-25.20349],[-65.83783,-25.20138],[-65.83774,-25.19848],[-65.83555,-25.19686],[-65.83525,-25.19593],[-65.83269,-25.19447],[-65.83065,-25.1926],[-65.83172,-25.19074],[-65.83514,-25.1909],[-65.83602,-25.19002],[-65.83803,-25.18993],[-65.83853,-25.18926],[-65.84004,-25.18862],[-65.84177,-25.18331],[-65.84491,-25.1846],[-65.84897,-25.18503],[-65.85102,-25.1836],[-65.85733,-25.18344],[-65.85844,-25.18046],[-65.86763,-25.17636],[-65.86885,-25.17546],[-65.86999,-25.17557],[-65.87072,-25.17481],[-65.87243,-25.17445],[-65.87401,-25.17331],[-65.87741,-25.17338],[-65.87841,-25.17377],[-65.87952,-25.17345],[-65.88132,-25.16935],[-65.88306,-25.16764],[-65.88357,-25.16589],[-65.88522,-25.16304],[-65.88419,-25.16165],[-65.87782,-25.15888],[-65.8796,-25.15565],[-65.87935,-25.15523],[-65.87986,-25.15414],[-65.87972,-25.15332],[-65.8762,-25.1503],[-65.87681,-25.14638],[-65.87278,-25.14496],[-65.8713,-25.14323],[-65.87025,-25.14081],[-65.87089,-25.14031],[-65.87105,-25.13913],[-65.86977,-25.13576],[-65.86587,-25.13309],[-65.85981,-25.13156],[-65.85746,-25.13019],[-65.85699,-25.12873],[-65.85554,-25.12839],[-65.85264,-25.12624],[-65.84689,-25.12592],[-65.83895,-25.1275],[-65.83515,-25.12718],[-65.83442,-25.12266],[-65.83238,-25.12076],[-65.83259,-25.11898],[-65.83437,-25.11694],[-65.83466,-25.11467],[-65.83797,-25.10924],[-65.84009,-25.10805],[-65.8434,-25.09912]]]},"properties":{"fid":5,"Name":"PN Los Cardones","region":"DIRECCIÓN REGIONAL NOA","attributes":{"categoryId":"Environnement","subCategoryId":"PARC","tags":["NATURE"],"gallery":["https://commons.wikimedia.org/wiki/Special:FilePath/Los Cardones National Park 04.jpg?width=800"],"informations":["Superficie : 641 hectares","ID : Q829474"],"highlights":["Paysages remarquables","Biodiversité et observation de la faune","Randonnée et points de vue"],"external_links":["Site officiel : https://www.argentina.gob.ar/parquesnacionales","Wikipedia : https://es.wikipedia.org/wiki/Special:Search?search=PN%20Los%20Cardones"],"photo":"https://images.pexels.com/photos/2403205/pexels-photo-2403205.jpeg?auto=compress&cs=tinysrgb&w=800","short_desc":"PN Los Cardones est une aire protégée nationale en Argentine.","link_official":"https://www.argentina.gob.ar/parquesnacionales","link_wikipedia":"https://es.wikipedia.org/wiki/Special:Search?search=PN%20Los%20Cardones"},"categoryId":"Environnement","subCategoryId":"PARC","tags":["NATURE"],"gallery":["https://images.pexels.com/photos/2403205/pexels-photo-2403205.jpeg?auto=compress&cs=tinysrgb&w=800","https://images.pexels.com/photos/933054/pexels-photo-933054.jpeg?auto=compress&cs=tinysrgb&w=800","https://images.pexels.com/photos/572897/pexels-photo-572897.jpeg?auto=compress&cs=tinysrgb&w=800"],"informations":["Année de création : n.c.","Superficie : n.c."],"highlights":["Paysages remarquables","Biodiversité et observation de la faune","Randonnée et points de vue"],"external_links":["Site officiel : https://www.argentina.gob.ar/parquesnacionales","Wikipedia : https://es.wikipedia.org/wiki/Special:Search?search=PN%20Los%20Cardones"],"photo":"https://images.pexels.com/photos/2403205/pexels-photo-2403205.jpeg?auto=compress&cs=tinysrgb&w=800","short_desc":"Résumé non disponible.","link_official":"https://www.argentina.gob.ar/parquesnacionales","link_wikipedia":"https://fr.wikipedia.org/wiki/Q829474"}},{"type":"Feature","geometry":{"type":"Polygon","coordinates":[[[-65.98955,-22.47423],[-65.93386,-22.27916],[-66.01025,-22.21049],[-66.04303,-22.30745],[-66.06195,-22.40749],[-65.99441,-22.47427],[-65.98955,-22.47423]]]},"properties":{"fid":6,"Name":"MNat Laguna de los Pozuelos","region":"DIRECCIÓN REGIONAL NOA","attributes":{"categoryId":"Environnement","subCategoryId":"PARC","tags":["NATURE"],"gallery":["https://images.pexels.com/photos/2403205/pexels-photo-2403205.jpeg?auto=compress&cs=tinysrgb&w=800","https://images.pexels.com/photos/933054/pexels-photo-933054.jpeg?auto=compress&cs=tinysrgb&w=800","https://images.pexels.com/photos/572897/pexels-photo-572897.jpeg?auto=compress&cs=tinysrgb&w=800"],"informations":["Année de création : n.c.","Superficie : n.c."],"highlights":["Paysages remarquables","Biodiversité et observation de la faune","Randonnée et points de vue"],"external_links":["Site officiel : https://www.argentina.gob.ar/parquesnacionales","Wikipedia : https://es.wikipedia.org/wiki/Special:Search?search=MNat%20Laguna%20de%20los%20Pozuelos"],"photo":"https://images.pexels.com/photos/2403205/pexels-photo-2403205.jpeg?auto=compress&cs=tinysrgb&w=800","short_desc":"MNat Laguna de los Pozuelos est une aire protégée nationale en Argentine.","link_official":"https://www.argentina.gob.ar/parquesnacionales","link_wikipedia":"https://es.wikipedia.org/wiki/Special:Search?search=MNat%20Laguna%20de%20los%20Pozuelos"},"categoryId":"Environnement","subCategoryId":"PARC","tags":["NATURE"],"gallery":["https://images.pexels.com/photos/2403205/pexels-photo-2403205.jpeg?auto=compress&cs=tinysrgb&w=800","https://images.pexels.com/photos/933054/pexels-photo-933054.jpeg?auto=compress&cs=tinysrgb&w=800","https://images.pexels.com/photos/572897/pexels-photo-572897.jpeg?auto=compress&cs=tinysrgb&w=800"],"informations":["Année de création : n.c.","Superficie : n.c."],"highlights":["Paysages remarquables","Biodiversité et observation de la faune","Randonnée et points de vue"],"external_links":["Site officiel : https://www.argentina.gob.ar/parquesnacionales","Wikipedia : https://es.wikipedia.org/wiki/Special:Search?search=MNat%20Laguna%20de%20los%20Pozuelos"],"photo":"https://images.pexels.com/photos/2403205/pexels-photo-2403205.jpeg?auto=compress&cs=tinysrgb&w=800","short_desc":"MNat Laguna de los Pozuelos est une aire protégée nationale en Argentine.","link_official":"https://www.argentina.gob.ar/parquesnacionales","link_wikipedia":"https://es.wikipedia.org/wiki/Special:Search?search=MNat%20Laguna%20de%20los%20Pozuelos"}},{"type":"Feature","geometry":{"type":"MultiPolygon","coordinates":[[[[-64.6922,-23.45411],[-64.69213,-23.45282],[-64.69372,-23.45225],[-64.69451,-23.45278],[-64.69429,-23.45411],[-64.69486,-23.45494],[-64.69615,-23.45463],[-64.69684,-23.45496],[-64.69479,-23.45705],[-64.69465,-23.45808],[-64.69555,-23.45925],[-64.69696,-23.45897],[-64.69831,-23.45962],[-64.69869,-23.45945],[-64.69867,-23.45805],[-64.69936,-23.45775],[-64.70131,-23.4593],[-64.70283,-23.45871],[-64.70323,-23.4598],[-64.70494,-23.45995],[-64.70601,-23.46056],[-64.70611,-23.46139],[-64.70675,-23.46193],[-64.70943,-23.46102],[-64.71169,-23.46071],[-64.71262,-23.46241],[-64.71386,-23.46272],[-64.71383,-23.46106],[-64.71286,-23.45986],[-64.71504,-23.45993],[-64.71557,-23.46152],[-64.71716,-23.46132],[-64.71818,-23.46165],[-64.71901,-23.46132],[-64.71987,-23.46289],[-64.7232,-23.4634],[-64.72377,-23.46464],[-64.72422,-23.46468],[-64.72493,-23.46451],[-64.72467,-23.46289],[-64.72648,-23.46231],[-64.72724,-23.46405],[-64.7298,-23.4642],[-64.72952,-23.46512],[-64.73023,-23.46549],[-64.73092,-23.46723],[-64.7322,-23.46817],[-64.73396,-23.46841],[-64.73463,-23.47015],[-64.73582,-23.47026],[-64.73586,-23.46856],[-64.73727,-23.46828],[-64.73786,-23.46739],[-64.73884,-23.46704],[-64.74024,-23.46909],[-64.73981,-23.47114],[-64.7391,-23.4712],[-64.73862,-23.4719],[-64.73869,-23.47284],[-64.73955,-23.47345],[-64.73988,-23.4743],[-64.73867,-23.47556],[-64.73853,-23.47621],[-64.73924,-23.47805],[-64.74067,-23.47892],[-64.74195,-23.47837],[-64.74575,-23.4782],[-64.75051,-23.47986],[-64.7511,-23.47709],[-64.75058,-23.47619],[-64.75079,-23.47569],[-64.75367,-23.4768],[-64.75664,-23.47541],[-64.75923,-23.4763],[-64.75961,-23.47576],[-64.75937,-23.47471],[-64.7603,-23.4743],[-64.76377,-23.47735],[-64.76469,-23.47774],[-64.76481,-23.47892],[-64.76557,-23.47992],[-64.76736,-23.48001],[-64.76916,-23.48125],[-64.77071,-23.48419],[-64.77308,-23.48402],[-64.7738,-23.48607],[-64.77442,-23.48664],[-64.77565,-23.48729],[-64.7772,-23.48701],[-64.77779,-23.48877],[-64.77967,-23.48932],[-64.78026,-23.49067],[-64.78162,-23.49097],[-64.78124,-23.49206],[-64.78283,-23.49215],[-64.78701,-23.49424],[-64.78708,-23.49527],[-64.78818,-23.49586],[-64.7897,-23.49516],[-64.79029,-23.4942],[-64.79117,-23.49431],[-64.792,-23.49518],[-64.79307,-23.49426],[-64.79478,-23.4945],[-64.79704,-23.49402],[-64.79859,-23.49429],[-64.79899,-23.49496],[-64.80182,-23.4957],[-64.80441,-23.49533],[-64.8076,-23.49422],[-64.80902,-23.49283],[-64.81473,-23.49137],[-64.81565,-23.49086],[-64.81708,-23.48866],[-64.81896,-23.48827],[-64.82231,-23.4883],[-64.83087,-23.47678],[-64.8331,-23.47708],[-64.83541,-23.48043],[-64.835,-23.4835],[-64.83958,-23.48367],[-64.84529,-23.48164],[-64.84625,-23.48536],[-64.84508,-23.48849],[-64.84564,-23.48955],[-64.84353,-23.49433],[-64.84533,-23.49618],[-64.84479,-23.49788],[-64.84564,-23.50192],[-64.84468,-23.50311],[-64.84427,-23.50672],[-64.84102,-23.5141],[-64.83889,-23.51509],[-64.83887,-23.51743],[-64.83693,-23.52129],[-64.83935,-23.52446],[-64.84144,-23.52421],[-64.84168,-23.52521],[-64.84363,-23.52612],[-64.84323,-23.52766],[-64.84424,-23.52983],[-64.84348,-23.532],[-64.8506,-23.53413],[-64.85037,-23.53827],[-64.84703,-23.54005],[-64.84636,-23.54375],[-64.85013,-23.54423],[-64.85349,-23.552],[-64.85485,-23.55309],[-64.85474,-23.55368],[-64.85653,-23.55608],[-64.85761,-23.56156],[-64.85663,-23.56272],[-64.85896,-23.56617],[-64.861,-23.56664],[-64.85927,-23.56853],[-64.86117,-23.56926],[-64.86086,-23.57071],[-64.86202,-23.57216],[-64.86181,-23.57343],[-64.85881,-23.57539],[-64.85888,-23.57836],[-64.85736,-23.57997],[-64.85827,-23.58242],[-64.85738,-23.58295],[-64.85756,-23.58512],[-64.8599,-23.58667],[-64.86176,-23.58696],[-64.86179,-23.58903],[-64.86585,-23.59006],[-64.86739,-23.59336],[-64.86941,-23.59287],[-64.87598,-23.59721],[-64.88511,-23.59842],[-64.88564,-23.60013],[-64.88769,-23.60069],[-64.88733,-23.60151],[-64.89199,-23.60145],[-64.8905,-23.60423],[-64.8948,-23.60643],[-64.8902,-23.6111],[-64.89106,-23.61399],[-64.88951,-23.61746],[-64.89232,-23.62014],[-64.89767,-23.62008],[-64.89671,-23.6267],[-64.89152,-23.63209],[-64.89155,-23.63425],[-64.88986,-23.63704],[-64.89192,-23.64165],[-64.89958,-23.64596],[-64.89946,-23.64893],[-64.89694,-23.65225],[-64.89685,-23.65704],[-64.90352,-23.66115],[-64.9053,-23.66595],[-64.90456,-23.6668],[-64.90352,-23.67032],[-64.89868,-23.67343],[-64.89653,-23.67899],[-64.89827,-23.6813],[-64.89975,-23.68023],[-64.90206,-23.68131],[-64.90653,-23.68785],[-64.91253,-23.69114],[-64.9168,-23.69768],[-64.91917,-23.69684],[-64.92712,-23.7],[-64.93057,-23.69939],[-64.93503,-23.70289],[-64.9396,-23.70333],[-64.9542,-23.71121],[-64.95049,-23.71512],[-64.94814,-23.71533],[-64.94457,-23.71937],[-64.94107,-23.72143],[-64.94169,-23.72314],[-64.94094,-23.72453],[-64.93775,-23.72446],[-64.9364,-23.72229],[-64.93492,-23.72256],[-64.9346,-23.7263],[-64.92953,-23.72676],[-64.9268,-23.73224],[-64.92413,-23.73394],[-64.92159,-23.73365],[-64.91442,-23.73532],[-64.91035,-23.74012],[-64.9037,-23.73924],[-64.89651,-23.7437],[-64.89155,-23.7433],[-64.87808,-23.75331],[-64.86214,-23.7587],[-64.85149,-23.76571],[-64.85021,-23.76181],[-64.8489,-23.76022],[-64.84943,-23.75673],[-64.84809,-23.75465],[-64.84832,-23.75246],[-64.84779,-23.75161],[-64.8484,-23.74939],[-64.8476,-23.74486],[-64.84768,-23.74203],[-64.84589,-23.73949],[-64.84668,-23.73801],[-64.84521,-23.73673],[-64.84416,-23.73382],[-64.84658,-23.73028],[-64.84639,-23.72447],[-64.8497,-23.72268],[-64.85077,-23.71798],[-64.85226,-23.7152],[-64.85071,-23.7151],[-64.8531,-23.71078],[-64.85201,-23.71077],[-64.85232,-23.70871],[-64.85342,-23.70654],[-64.85244,-23.70436],[-64.85437,-23.70176],[-64.85434,-23.69924],[-64.85593,-23.69844],[-64.85604,-23.6966],[-64.8585,-23.69486],[-64.85985,-23.69161],[-64.8608,-23.69144],[-64.86289,-23.68722],[-64.86396,-23.68806],[-64.86939,-23.68314],[-64.67346,-23.56959],[-64.6688,-23.56846],[-64.66376,-23.57437],[-64.66473,-23.58074],[-64.66661,-23.58846],[-64.6666,-23.5947],[-64.65932,-23.60205],[-64.6587,-23.60474],[-64.66002,-23.6104],[-64.65977,-23.61549],[-64.66152,-23.6175],[-64.66238,-23.61976],[-64.6627,-23.62622],[-64.66488,-23.6284],[-64.66433,-23.62931],[-64.66534,-23.63127],[-64.66458,-23.63423],[-64.66735,-23.64092],[-64.66656,-23.6428],[-64.66797,-23.64754],[-64.66925,-23.64805],[-64.66811,-23.64988],[-64.66868,-23.65229],[-64.67061,-23.65487],[-64.66976,-23.65591],[-64.66999,-23.65712],[-64.66962,-23.65902],[-64.67054,-23.65993],[-64.67287,-23.66654],[-64.67241,-23.66892],[-64.67339,-23.67363],[-64.67093,-23.6781],[-64.66919,-23.68588],[-64.66749,-23.68867],[-64.66448,-23.70104],[-64.66114,-23.70562],[-64.65874,-23.70726],[-64.65588,-23.70664],[-64.65413,-23.70934],[-64.65414,-23.71276],[-64.6521,-23.71488],[-64.64849,-23.71408],[-64.64456,-23.71852],[-64.64145,-23.71746],[-64.63721,-23.71856],[-64.6354,-23.71727],[-64.6343,-23.71492],[-64.63042,-23.71751],[-64.62615,-23.71877],[-64.62498,-23.72184],[-64.62341,-23.72259],[-64.6127,-23.71646],[-64.5878,-23.67603],[-64.57834,-23.6618],[-64.55127,-23.61907],[-64.58335,-23.5849],[-64.65202,-23.51958],[-64.65245,-23.51868],[-64.65489,-23.51682],[-64.65551,-23.51524],[-64.65453,-23.5143],[-64.65501,-23.51279],[-64.65472,-23.51114],[-64.65642,-23.51086],[-64.65685,-23.51031],[-64.65934,-23.50923],[-64.6601,-23.5093],[-64.66168,-23.50807],[-64.66357,-23.50735],[-64.66393,-23.50586],[-64.66438,-23.50548],[-64.66682,-23.50605],[-64.66701,-23.50531],[-64.66584,-23.50461],[-64.66785,-23.50369],[-64.66694,-23.50235],[-64.66684,-23.50132],[-64.66634,-23.50094],[-64.66632,-23.5004],[-64.66706,-23.4995],[-64.66646,-23.49713],[-64.66739,-23.49605],[-64.66692,-23.49526],[-64.66732,-23.49426],[-64.66711,-23.49318],[-64.66936,-23.49371],[-64.66945,-23.495],[-64.67174,-23.49255],[-64.6724,-23.49084],[-64.67367,-23.49026],[-64.67387,-23.48923],[-64.67666,-23.48533],[-64.67773,-23.48497],[-64.67996,-23.48265],[-64.68279,-23.48218],[-64.68451,-23.48053],[-64.68844,-23.48033],[-64.69065,-23.47901],[-64.69067,-23.47711],[-64.69469,-23.47759],[-64.6975,-23.47969],[-64.70035,-23.48016],[-64.70434,-23.48146],[-64.70687,-23.48301],[-64.70962,-23.48132],[-64.71499,-23.48345],[-64.71997,-23.4857],[-64.72044,-23.48724],[-64.72195,-23.48792],[-64.72359,-23.49056],[-64.7249,-23.49044],[-64.72674,-23.49285],[-64.7289,-23.49305],[-64.73303,-23.49616],[-64.73828,-23.49593],[-64.73569,-23.49077],[-64.73519,-23.48155],[-64.73237,-23.4801],[-64.72805,-23.47155],[-64.72598,-23.47315],[-64.72374,-23.47259],[-64.7179,-23.4693],[-64.71485,-23.46945],[-64.71428,-23.46847],[-64.71273,-23.46796],[-64.71096,-23.46799],[-64.70882,-23.4668],[-64.70467,-23.46681],[-64.70346,-23.46541],[-64.69512,-23.46642],[-64.69356,-23.46596],[-64.69151,-23.46612],[-64.69095,-23.46313],[-64.6896,-23.46122],[-64.68757,-23.4531],[-64.68964,-23.45284],[-64.69059,-23.45415],[-64.6922,-23.45411]]],[[[-64.96906,-23.72077],[-64.96942,-23.71912],[-64.97111,-23.71813],[-64.97159,-23.71619],[-64.97736,-23.71251],[-64.97749,-23.71099],[-64.97886,-23.7106],[-64.97923,-23.70993],[-64.98757,-23.71691],[-65.01181,-23.72991],[-65.0241,-23.73246],[-65.03009,-23.74622],[-65.02906,-23.76679],[-65.03462,-23.76813],[-65.033,-23.78247],[-65.01516,-23.78848],[-65.00427,-23.78638],[-64.97562,-23.79934],[-64.97156,-23.79863],[-64.97442,-23.80202],[-64.99783,-23.83647],[-65.00509,-23.84082],[-65.00813,-23.84549],[-65.00575,-23.8481],[-64.99874,-23.85319],[-64.99165,-23.85651],[-64.98968,-23.86236],[-64.98728,-23.86394],[-64.98675,-23.86727],[-64.98554,-23.86857],[-64.98087,-23.86865],[-64.98013,-23.86973],[-64.97464,-23.87195],[-64.97014,-23.87942],[-64.96743,-23.88042],[-64.95814,-23.89055],[-64.94796,-23.89926],[-64.9445,-23.90414],[-64.93814,-23.90817],[-64.93707,-23.9154],[-64.93433,-23.92288],[-64.93527,-23.93296],[-64.93383,-23.93766],[-64.93029,-23.93638],[-64.92664,-23.93102],[-64.92789,-23.92646],[-64.92104,-23.91969],[-64.92082,-23.91419],[-64.90899,-23.90615],[-64.90221,-23.90687],[-64.89302,-23.8628],[-64.89473,-23.85502],[-64.8944,-23.84678],[-64.89237,-23.8427],[-64.89162,-23.83849],[-64.88766,-23.82925],[-64.88175,-23.81992],[-64.8756,-23.81653],[-64.86625,-23.80811],[-64.85903,-23.81169],[-64.851,-23.81213],[-64.83684,-23.81097],[-64.82426,-23.80769],[-64.83106,-23.79591],[-64.84164,-23.79861],[-64.84577,-23.78566],[-64.86047,-23.78186],[-64.86755,-23.78135],[-64.87235,-23.7786],[-64.87943,-23.77764],[-64.88839,-23.77512],[-64.88974,-23.77808],[-64.9001,-23.77975],[-64.90353,-23.77807],[-64.90108,-23.7712],[-64.90156,-23.76619],[-64.91039,-23.75552],[-64.91206,-23.7519],[-64.9151,-23.7501],[-64.92335,-23.75083],[-64.92452,-23.7495],[-64.9317,-23.74898],[-64.93309,-23.74363],[-64.93536,-23.7413],[-64.94111,-23.72549],[-64.94272,-23.7248],[-64.94578,-23.72492],[-64.94653,-23.72439],[-64.94834,-23.72519],[-64.9556,-23.72475],[-64.95719,-23.72313],[-64.95934,-23.72395],[-64.96324,-23.72298],[-64.96564,-23.7207],[-64.96832,-23.72118],[-64.96906,-23.72077]]]]},"properties":{"fid":7,"Name":"PN Calilegua","region":"DIRECCIÓN REGIONAL NOA","attributes":{"categoryId":"Environnement","subCategoryId":"PARC","tags":["NATURE"],"gallery":["https://commons.wikimedia.org/wiki/Special:FilePath/Calilegua National Park - View of San Lorenzo Rio.JPG?width=800"],"informations":["Superficie : 76 hectares","ID : Q829260"],"highlights":["Paysages remarquables","Biodiversité et observation de la faune","Randonnée et points de vue"],"external_links":["Site officiel : https://www.argentina.gob.ar/parquesnacionales","Wikipedia : https://es.wikipedia.org/wiki/Special:Search?search=PN%20Calilegua"],"photo":"https://images.pexels.com/photos/167684/pexels-photo-167684.jpeg?auto=compress&cs=tinysrgb&w=800","short_desc":"PN Calilegua est une aire protégée nationale en Argentine.","link_official":"https://www.argentina.gob.ar/parquesnacionales","link_wikipedia":"https://es.wikipedia.org/wiki/Special:Search?search=PN%20Calilegua"},"categoryId":"Environnement","subCategoryId":"PARC","tags":["NATURE"],"gallery":["https://images.pexels.com/photos/167684/pexels-photo-167684.jpeg?auto=compress&cs=tinysrgb&w=800","https://images.pexels.com/photos/3408744/pexels-photo-3408744.jpeg?auto=compress&cs=tinysrgb&w=800","https://images.pexels.com/photos/4827/nature-forest-trees-fog.jpeg?auto=compress&cs=tinysrgb&w=800"],"informations":["Année de création : n.c.","Superficie : n.c."],"highlights":["Paysages remarquables","Biodiversité et observation de la faune","Randonnée et points de vue"],"external_links":["Site officiel : https://www.argentina.gob.ar/parquesnacionales","Wikipedia : https://es.wikipedia.org/wiki/Special:Search?search=PN%20Calilegua"],"photo":"https://images.pexels.com/photos/167684/pexels-photo-167684.jpeg?auto=compress&cs=tinysrgb&w=800","short_desc":"Résumé non disponible.","link_official":"https://www.argentina.gob.ar/parquesnacionales","link_wikipedia":"https://fr.wikipedia.org/wiki/Q829260"}},{"type":"Feature","geometry":{"type":"Polygon","coordinates":[[[-64.52634,-22.441],[-64.53592,-22.43985],[-64.53868,-22.44218],[-64.53883,-22.44338],[-64.53992,-22.44532],[-64.54264,-22.44646],[-64.54692,-22.45023],[-64.55027,-22.45078],[-64.55317,-22.45009],[-64.5571,-22.45202],[-64.55752,-22.45318],[-64.55632,-22.4552],[-64.55642,-22.45683],[-64.55727,-22.45817],[-64.56312,-22.45888],[-64.5656,-22.46026],[-64.56693,-22.46048],[-64.56862,-22.45722],[-64.56968,-22.45714],[-64.57031,-22.45795],[-64.56992,-22.4611],[-64.5721,-22.46159],[-64.57316,-22.46255],[-64.57411,-22.46529],[-64.57532,-22.4664],[-64.57985,-22.46793],[-64.58013,-22.46868],[-64.57929,-22.4711],[-64.57933,-22.47345],[-64.58461,-22.48248],[-64.58813,-22.48298],[-64.58935,-22.48363],[-64.59231,-22.48407],[-64.59297,-22.48465],[-64.59263,-22.48601],[-64.59182,-22.4862],[-64.58888,-22.48578],[-64.58818,-22.4862],[-64.58706,-22.4888],[-64.58631,-22.48908],[-64.58564,-22.48923],[-64.58225,-22.4874],[-64.58167,-22.48749],[-64.58123,-22.48809],[-64.58254,-22.48907],[-64.58277,-22.49123],[-64.5845,-22.49292],[-64.58504,-22.494],[-64.5861,-22.4941],[-64.58752,-22.4931],[-64.58814,-22.49318],[-64.58838,-22.49431],[-64.58793,-22.49505],[-64.58693,-22.49593],[-64.58572,-22.49606],[-64.58555,-22.49663],[-64.5873,-22.49809],[-64.58911,-22.49888],[-64.58915,-22.50182],[-64.5896,-22.50351],[-64.59188,-22.50624],[-64.59041,-22.50812],[-64.58786,-22.50754],[-64.5873,-22.5079],[-64.58684,-22.50991],[-64.58479,-22.51195],[-64.58511,-22.51297],[-64.58998,-22.51382],[-64.59089,-22.51319],[-64.59082,-22.51234],[-64.59003,-22.51122],[-64.59091,-22.5105],[-64.59256,-22.51051],[-64.59374,-22.50825],[-64.59887,-22.50652],[-64.5998,-22.50654],[-64.60051,-22.50711],[-64.60033,-22.5077],[-64.59893,-22.50839],[-64.5984,-22.50937],[-64.59953,-22.51097],[-64.60259,-22.51315],[-64.60282,-22.51406],[-64.6015,-22.51648],[-64.60204,-22.51711],[-64.60464,-22.51756],[-64.60838,-22.51628],[-64.61477,-22.51709],[-64.61802,-22.51831],[-64.61868,-22.5194],[-64.62107,-22.521],[-64.62724,-22.52222],[-64.62957,-22.52099],[-64.63274,-22.51722],[-64.63398,-22.51241],[-64.6363,-22.50804],[-64.63669,-22.50621],[-64.63621,-22.50217],[-64.63667,-22.49644],[-64.64086,-22.49084],[-64.64319,-22.48918],[-64.64585,-22.48508],[-64.65307,-22.48046],[-64.65643,-22.47927],[-64.65712,-22.4787],[-64.65815,-22.4756],[-64.66107,-22.4731],[-64.6625,-22.47284],[-64.66363,-22.47319],[-64.66524,-22.47444],[-64.66593,-22.47568],[-64.66663,-22.47615],[-64.66761,-22.47611],[-64.66978,-22.47296],[-64.67163,-22.47202],[-64.67514,-22.47243],[-64.67616,-22.47008],[-64.67863,-22.47039],[-64.68056,-22.46914],[-64.68188,-22.46993],[-64.68259,-22.46986],[-64.68665,-22.46484],[-64.68821,-22.46404],[-64.6905,-22.46418],[-64.69192,-22.46306],[-64.69382,-22.46509],[-64.69447,-22.4673],[-64.69559,-22.46791],[-64.69655,-22.46777],[-64.69703,-22.46732],[-64.69621,-22.46551],[-64.69609,-22.46297],[-64.69712,-22.46251],[-64.69896,-22.4627],[-64.69947,-22.46196],[-64.70216,-22.46043],[-64.70394,-22.45616],[-64.7084,-22.44999],[-64.7088,-22.44833],[-64.71,-22.44653],[-64.71025,-22.4449],[-64.7125,-22.44449],[-64.71324,-22.44388],[-64.71412,-22.44212],[-64.71655,-22.44188],[-64.71796,-22.44034],[-64.71696,-22.43893],[-64.71718,-22.43742],[-64.72128,-22.43547],[-64.72425,-22.43243],[-64.72886,-22.43273],[-64.72996,-22.43354],[-64.73086,-22.43247],[-64.73127,-22.43073],[-64.73171,-22.4306],[-64.73633,-22.43266],[-64.73688,-22.43147],[-64.73692,-22.42752],[-64.73739,-22.42723],[-64.7391,-22.4275],[-64.73944,-22.4271],[-64.7389,-22.42437],[-64.73935,-22.42403],[-64.74046,-22.42419],[-64.74125,-22.42284],[-64.74177,-22.42262],[-64.74253,-22.42424],[-64.74314,-22.4243],[-64.74393,-22.42263],[-64.7477,-22.42001],[-64.74824,-22.4179],[-64.76397,-22.53978],[-64.75743,-22.7321],[-64.75683,-22.73227],[-64.75627,-22.73343],[-64.75475,-22.73403],[-64.75222,-22.73651],[-64.75114,-22.73693],[-64.74914,-22.7367],[-64.74611,-22.74004],[-64.74422,-22.74109],[-64.74254,-22.74145],[-64.73093,-22.74081],[-64.72293,-22.73922],[-64.70167,-22.75353],[-64.70081,-22.7523],[-64.69886,-22.74687],[-64.6967,-22.74419],[-64.69585,-22.74229],[-64.69592,-22.74017],[-64.69507,-22.73827],[-64.69171,-22.73773],[-64.69072,-22.73646],[-64.68921,-22.7367],[-64.68744,-22.73601],[-64.68622,-22.73452],[-64.68085,-22.73418],[-64.67651,-22.73609],[-64.67203,-22.73229],[-64.66981,-22.73109],[-64.66654,-22.73085],[-64.66486,-22.72944],[-64.66259,-22.72929],[-64.66061,-22.72632],[-64.65865,-22.72664],[-64.65608,-22.72446],[-64.65403,-22.72445],[-64.65146,-22.72121],[-64.64864,-22.72111],[-64.64375,-22.71798],[-64.6424,-22.71666],[-64.64076,-22.71614],[-64.63901,-22.7138],[-64.63728,-22.71374],[-64.63711,-22.71089],[-64.63566,-22.70755],[-64.63324,-22.70412],[-64.63215,-22.7017],[-64.63196,-22.69925],[-64.63113,-22.69725],[-64.63115,-22.69524],[-64.62747,-22.69241],[-64.62874,-22.68866],[-64.62561,-22.6874],[-64.6248,-22.68604],[-64.62195,-22.68433],[-64.62221,-22.68321],[-64.62057,-22.68161],[-64.61972,-22.67992],[-64.61948,-22.67666],[-64.62132,-22.67444],[-64.62268,-22.67098],[-64.6215,-22.66611],[-64.62219,-22.66515],[-64.62197,-22.66401],[-64.62009,-22.66377],[-64.61984,-22.665],[-64.62039,-22.66623],[-64.61937,-22.66726],[-64.61603,-22.66698],[-64.61398,-22.66871],[-64.6128,-22.66888],[-64.60651,-22.66794],[-64.60085,-22.66606],[-64.59969,-22.66632],[-64.59921,-22.66677],[-64.59863,-22.66954],[-64.59728,-22.67235],[-64.59504,-22.67535],[-64.5926,-22.67574],[-64.58856,-22.67452],[-64.58681,-22.67437],[-64.5858,-22.67483],[-64.58508,-22.67615],[-64.58519,-22.6775],[-64.58623,-22.67989],[-64.58592,-22.68217],[-64.58499,-22.6837],[-64.5832,-22.68484],[-64.58035,-22.68268],[-64.58006,-22.6782],[-64.57719,-22.67574],[-64.57515,-22.67484],[-64.57421,-22.67322],[-64.57263,-22.67207],[-64.56552,-22.66892],[-64.56048,-22.66718],[-64.55895,-22.66565],[-64.55687,-22.6644],[-64.55399,-22.66497],[-64.55159,-22.6644],[-64.54715,-22.66233],[-64.54678,-22.65658],[-64.54464,-22.65547],[-64.54503,-22.64991],[-64.543,-22.64928],[-64.54005,-22.64925],[-64.53601,-22.64803],[-64.53391,-22.64793],[-64.53256,-22.64648],[-64.53612,-22.63971],[-64.53409,-22.6358],[-64.53091,-22.63506],[-64.52987,-22.63214],[-64.52462,-22.62701],[-64.52185,-22.62226],[-64.51805,-22.61747],[-64.51748,-22.61385],[-64.51463,-22.61277],[-64.51185,-22.61249],[-64.508,-22.61144],[-64.50503,-22.60942],[-64.50368,-22.60685],[-64.50394,-22.60024],[-64.50511,-22.59813],[-64.5081,-22.59491],[-64.50828,-22.59259],[-64.50633,-22.58985],[-64.50543,-22.58502],[-64.50245,-22.57993],[-64.50293,-22.57628],[-64.5029,-22.56791],[-64.50412,-22.56368],[-64.50429,-22.55956],[-64.50066,-22.55276],[-64.5005,-22.55018],[-64.50232,-22.54807],[-64.50245,-22.54481],[-64.50131,-22.54382],[-64.49845,-22.54383],[-64.49674,-22.54217],[-64.49468,-22.54261],[-64.49296,-22.5423],[-64.49257,-22.54082],[-64.49362,-22.5396],[-64.49435,-22.53642],[-64.49967,-22.53129],[-64.49977,-22.52622],[-64.50312,-22.52492],[-64.50351,-22.52229],[-64.50218,-22.51771],[-64.49996,-22.51718],[-64.49803,-22.51527],[-64.49807,-22.51142],[-64.49722,-22.5101],[-64.49701,-22.5079],[-64.49562,-22.50624],[-64.49147,-22.50329],[-64.49131,-22.49786],[-64.48921,-22.49257],[-64.4863,-22.48859],[-64.48478,-22.48433],[-64.48407,-22.47899],[-64.48929,-22.47879],[-64.4914,-22.47789],[-64.4913,-22.47282],[-64.49027,-22.47144],[-64.49008,-22.46948],[-64.49076,-22.46784],[-64.48848,-22.4597],[-64.48944,-22.45744],[-64.49039,-22.45214],[-64.48958,-22.44472],[-64.4897,-22.44253],[-64.49066,-22.43756],[-64.4921,-22.43595],[-64.49378,-22.43521],[-64.4954,-22.43511],[-64.49723,-22.43764],[-64.4995,-22.43949],[-64.50585,-22.4431],[-64.50963,-22.44456],[-64.51434,-22.44744],[-64.51613,-22.44814],[-64.51897,-22.44761],[-64.52058,-22.44649],[-64.52476,-22.44193],[-64.52634,-22.441]]]},"properties":{"fid":8,"Name":"PN Baritú","region":"DIRECCIÓN REGIONAL NOA","attributes":{"categoryId":"Environnement","subCategoryId":"PARC","tags":["NATURE"],"gallery":["https://images.pexels.com/photos/2403205/pexels-photo-2403205.jpeg?auto=compress&cs=tinysrgb&w=800","https://images.pexels.com/photos/933054/pexels-photo-933054.jpeg?auto=compress&cs=tinysrgb&w=800","https://images.pexels.com/photos/572897/pexels-photo-572897.jpeg?auto=compress&cs=tinysrgb&w=800"],"informations":["Année de création : n.c.","Superficie : n.c."],"highlights":["Paysages remarquables","Biodiversité et observation de la faune","Randonnée et points de vue"],"external_links":["Site officiel : https://www.argentina.gob.ar/parquesnacionales","Wikipedia : https://es.wikipedia.org/wiki/Special:Search?search=PN%20Barit%C3%BA"],"photo":"https://images.pexels.com/photos/2403205/pexels-photo-2403205.jpeg?auto=compress&cs=tinysrgb&w=800","short_desc":"PN Baritú est une aire protégée nationale en Argentine.","link_official":"https://www.argentina.gob.ar/parquesnacionales","link_wikipedia":"https://es.wikipedia.org/wiki/Special:Search?search=PN%20Barit%C3%BA"},"categoryId":"Environnement","subCategoryId":"PARC","tags":["NATURE"],"gallery":["https://images.pexels.com/photos/2403205/pexels-photo-2403205.jpeg?auto=compress&cs=tinysrgb&w=800","https://images.pexels.com/photos/933054/pexels-photo-933054.jpeg?auto=compress&cs=tinysrgb&w=800","https://images.pexels.com/photos/572897/pexels-photo-572897.jpeg?auto=compress&cs=tinysrgb&w=800"],"informations":["Année de création : n.c.","Superficie : n.c."],"highlights":["Paysages remarquables","Biodiversité et observation de la faune","Randonnée et points de vue"],"external_links":["Site officiel : https://www.argentina.gob.ar/parquesnacionales","Wikipedia : https://es.wikipedia.org/wiki/Special:Search?search=PN%20Barit%C3%BA"],"photo":"https://images.pexels.com/photos/2403205/pexels-photo-2403205.jpeg?auto=compress&cs=tinysrgb&w=800","short_desc":"PN Baritú est une aire protégée nationale en Argentine.","link_official":"https://www.argentina.gob.ar/parquesnacionales","link_wikipedia":"https://es.wikipedia.org/wiki/Special:Search?search=PN%20Barit%C3%BA"}},{"type":"Feature","geometry":{"type":"MultiPolygon","coordinates":[[[[-65.91827,-27.66245],[-65.91684,-27.66328],[-65.91565,-27.66578],[-65.9154,-27.66914],[-65.87542,-27.67247],[-65.86679,-27.67665],[-65.86461,-27.68694],[-65.82042,-27.69259],[-65.81781,-27.68133],[-65.815,-27.68089],[-65.81499,-27.67964],[-65.81258,-27.67871],[-65.81269,-27.67722],[-65.81458,-27.67631],[-65.816,-27.67776],[-65.81711,-27.67702],[-65.81894,-27.67669],[-65.81972,-27.6759],[-65.82159,-27.67674],[-65.82233,-27.67543],[-65.8239,-27.67602],[-65.82488,-27.67557],[-65.82372,-27.67573],[-65.82222,-27.67506],[-65.82133,-27.67647],[-65.81973,-27.67557],[-65.81863,-27.67655],[-65.81699,-27.67682],[-65.81592,-27.67743],[-65.81475,-27.67614],[-65.8125,-27.6769],[-65.812,-27.6763],[-65.81187,-27.67424],[-65.81026,-27.67305],[-65.80999,-27.67207],[-65.80943,-27.67184],[-65.80844,-27.6722],[-65.80685,-27.66914],[-65.80525,-27.66838],[-65.80435,-27.66703],[-65.80051,-27.66387],[-65.79708,-27.664],[-65.79522,-27.66363],[-65.79422,-27.66388],[-65.79386,-27.66304],[-65.79306,-27.66267],[-65.78923,-27.66516],[-65.78782,-27.66441],[-65.78617,-27.66584],[-65.78304,-27.66582],[-65.78326,-27.66486],[-65.78463,-27.66511],[-65.78574,-27.66325],[-65.78459,-27.66414],[-65.78379,-27.66403],[-65.78346,-27.66362],[-65.7838,-27.66299],[-65.78308,-27.66303],[-65.78286,-27.66246],[-65.78242,-27.6626],[-65.78215,-27.66219],[-65.78257,-27.66153],[-65.78178,-27.66147],[-65.78236,-27.66081],[-65.78206,-27.66046],[-65.78231,-27.66004],[-65.7814,-27.66045],[-65.77974,-27.65994],[-65.77905,-27.65919],[-65.78108,-27.65647],[-65.78407,-27.6568],[-65.78172,-27.6557],[-65.78201,-27.6551],[-65.78145,-27.65455],[-65.78248,-27.65386],[-65.78149,-27.65326],[-65.78179,-27.65218],[-65.78258,-27.65217],[-65.78309,-27.65264],[-65.78669,-27.65141],[-65.78886,-27.65209],[-65.79016,-27.65333],[-65.79486,-27.6534],[-65.79653,-27.65401],[-65.79911,-27.65411],[-65.80175,-27.65562],[-65.80473,-27.65547],[-65.80561,-27.65589],[-65.80645,-27.65723],[-65.80936,-27.65952],[-65.8108,-27.65961],[-65.81286,-27.66042],[-65.81445,-27.65979],[-65.8161,-27.661],[-65.8181,-27.66154],[-65.82041,-27.66096],[-65.82219,-27.66097],[-65.82387,-27.65873],[-65.82652,-27.65828],[-65.82854,-27.65908],[-65.82941,-27.65852],[-65.82932,-27.65728],[-65.8311,-27.65822],[-65.83241,-27.65734],[-65.83278,-27.65827],[-65.83266,-27.6607],[-65.83465,-27.66095],[-65.83554,-27.66243],[-65.83718,-27.66193],[-65.83871,-27.66039],[-65.83891,-27.65956],[-65.83807,-27.65834],[-65.83837,-27.65787],[-65.84064,-27.65915],[-65.84248,-27.65722],[-65.84398,-27.6567],[-65.84501,-27.6572],[-65.84626,-27.65852],[-65.84756,-27.65884],[-65.84806,-27.6594],[-65.85194,-27.65861],[-65.8524,-27.65968],[-65.85359,-27.6598],[-65.85398,-27.66055],[-65.85484,-27.66099],[-65.85591,-27.6608],[-65.85732,-27.66247],[-65.85751,-27.66329],[-65.85892,-27.66401],[-65.86118,-27.66323],[-65.86347,-27.66148],[-65.86501,-27.66122],[-65.86689,-27.66034],[-65.86936,-27.66156],[-65.87058,-27.66142],[-65.87104,-27.66218],[-65.87062,-27.66138],[-65.86937,-27.66153],[-65.86689,-27.66028],[-65.86499,-27.66117],[-65.86345,-27.66143],[-65.86115,-27.66318],[-65.85894,-27.66396],[-65.85756,-27.66325],[-65.85738,-27.66245],[-65.85592,-27.66073],[-65.85486,-27.66094],[-65.85402,-27.66051],[-65.85362,-27.65976],[-65.85244,-27.65964],[-65.85199,-27.65857],[-65.84808,-27.65935],[-65.84761,-27.65879],[-65.84629,-27.65847],[-65.84505,-27.65716],[-65.84399,-27.65665],[-65.84244,-27.65718],[-65.84064,-27.65909],[-65.83834,-27.65782],[-65.83801,-27.65834],[-65.83885,-27.65958],[-65.83866,-27.66036],[-65.83714,-27.66189],[-65.83555,-27.66237],[-65.83468,-27.6609],[-65.83271,-27.66067],[-65.83284,-27.65826],[-65.83242,-27.65728],[-65.83111,-27.65815],[-65.82927,-27.65722],[-65.82935,-27.65849],[-65.82853,-27.65902],[-65.82652,-27.65822],[-65.82385,-27.65868],[-65.82216,-27.66092],[-65.82041,-27.66091],[-65.81811,-27.66148],[-65.81614,-27.66095],[-65.81445,-27.65974],[-65.81287,-27.66037],[-65.81082,-27.65955],[-65.80938,-27.65946],[-65.8065,-27.65719],[-65.80566,-27.65585],[-65.80475,-27.65542],[-65.80176,-27.65557],[-65.79912,-27.65405],[-65.79654,-27.65395],[-65.79487,-27.65334],[-65.79018,-27.65328],[-65.78916,-27.65221],[-65.78771,-27.65157],[-65.78806,-27.65073],[-65.78724,-27.64982],[-65.78604,-27.65002],[-65.78333,-27.64904],[-65.78346,-27.64865],[-65.78653,-27.64738],[-65.78726,-27.64753],[-65.78788,-27.64694],[-65.78949,-27.64715],[-65.79096,-27.64581],[-65.79166,-27.64601],[-65.79124,-27.64546],[-65.7937,-27.64251],[-65.79421,-27.64125],[-65.79321,-27.64013],[-65.79405,-27.63928],[-65.79401,-27.6382],[-65.79586,-27.63675],[-65.79618,-27.63825],[-65.79801,-27.63796],[-65.79774,-27.63904],[-65.79823,-27.63975],[-65.79989,-27.63989],[-65.80284,-27.64162],[-65.80439,-27.64189],[-65.8055,-27.64295],[-65.80582,-27.64166],[-65.80655,-27.64137],[-65.80743,-27.64155],[-65.80783,-27.6423],[-65.80918,-27.64205],[-65.81129,-27.64351],[-65.81212,-27.64255],[-65.81521,-27.64273],[-65.81624,-27.64362],[-65.81813,-27.64264],[-65.81841,-27.64387],[-65.82018,-27.64505],[-65.81943,-27.64605],[-65.82089,-27.64642],[-65.82224,-27.64789],[-65.82339,-27.64765],[-65.82581,-27.64828],[-65.82493,-27.65026],[-65.82512,-27.65118],[-65.82579,-27.65076],[-65.82629,-27.64957],[-65.82922,-27.64966],[-65.83025,-27.64896],[-65.83244,-27.64912],[-65.83376,-27.64974],[-65.83446,-27.64889],[-65.83508,-27.64968],[-65.83619,-27.6498],[-65.83757,-27.64904],[-65.84037,-27.64532],[-65.84103,-27.64534],[-65.84086,-27.64457],[-65.84202,-27.64458],[-65.84286,-27.6427],[-65.84273,-27.64211],[-65.84394,-27.64217],[-65.84495,-27.64113],[-65.84526,-27.63976],[-65.84646,-27.63922],[-65.84704,-27.6376],[-65.85107,-27.63197],[-65.8531,-27.63125],[-65.84553,-27.62624],[-65.83964,-27.62574],[-65.8371,-27.6242],[-65.83521,-27.62419],[-65.83377,-27.62178],[-65.8321,-27.62213],[-65.8299,-27.62102],[-65.82836,-27.62124],[-65.82685,-27.62238],[-65.82429,-27.62267],[-65.82471,-27.62179],[-65.82787,-27.62111],[-65.82936,-27.62001],[-65.83313,-27.61853],[-65.83504,-27.61677],[-65.83569,-27.61506],[-65.83732,-27.61397],[-65.84083,-27.60722],[-65.84006,-27.60144],[-65.84066,-27.59778],[-65.84106,-27.59706],[-65.84315,-27.5959],[-65.84402,-27.59422],[-65.83044,-27.57934],[-65.83144,-27.57589],[-65.8268,-27.57139],[-65.82173,-27.56775],[-65.8213,-27.56671],[-65.81973,-27.56721],[-65.81598,-27.56426],[-65.81558,-27.56243],[-65.81177,-27.5618],[-65.81117,-27.56048],[-65.80995,-27.55964],[-65.8091,-27.55667],[-65.80669,-27.55575],[-65.80589,-27.55372],[-65.80041,-27.55252],[-65.79152,-27.54572],[-65.79094,-27.54466],[-65.78941,-27.54521],[-65.7879,-27.5451],[-65.78549,-27.54574],[-65.78267,-27.5459],[-65.78265,-27.54507],[-65.78332,-27.54468],[-65.78376,-27.54272],[-65.7857,-27.53966],[-65.78588,-27.53917],[-65.78539,-27.5384],[-65.78565,-27.5375],[-65.78521,-27.53734],[-65.78432,-27.5378],[-65.78161,-27.53663],[-65.78144,-27.53587],[-65.78258,-27.53433],[-65.78147,-27.5323],[-65.7807,-27.532],[-65.87616,-27.51687],[-65.87574,-27.51486],[-65.87708,-27.51015],[-65.87487,-27.50895],[-65.87312,-27.50688],[-65.88016,-27.50059],[-65.87942,-27.49908],[-65.87242,-27.49961],[-65.87159,-27.49684],[-65.86829,-27.49585],[-65.86851,-27.49399],[-65.86437,-27.49332],[-65.86013,-27.49178],[-65.86614,-27.48784],[-65.86982,-27.48726],[-65.86676,-27.48503],[-65.86491,-27.47831],[-65.86258,-27.47486],[-65.86438,-27.47257],[-65.86372,-27.47038],[-65.86274,-27.46915],[-65.86346,-27.46466],[-65.86328,-27.46004],[-65.86122,-27.45656],[-65.85639,-27.45447],[-65.85581,-27.45323],[-65.86025,-27.45484],[-65.86448,-27.45344],[-65.8675,-27.45542],[-65.86904,-27.45259],[-65.87195,-27.45259],[-65.87644,-27.45121],[-65.87799,-27.45174],[-65.87869,-27.45279],[-65.87769,-27.45513],[-65.88076,-27.45466],[-65.88168,-27.45743],[-65.8801,-27.45774],[-65.88051,-27.45939],[-65.8834,-27.45835],[-65.88571,-27.45519],[-65.88608,-27.45643],[-65.88831,-27.45645],[-65.88992,-27.45814],[-65.88787,-27.4606],[-65.89034,-27.46164],[-65.89368,-27.46128],[-65.89602,-27.4597],[-65.89758,-27.46103],[-65.89716,-27.46238],[-65.89796,-27.46367],[-65.89935,-27.46435],[-65.89818,-27.46772],[-65.89886,-27.4697],[-65.89838,-27.46772],[-65.89957,-27.4643],[-65.8981,-27.46354],[-65.89736,-27.46232],[-65.89776,-27.46093],[-65.89602,-27.45949],[-65.89363,-27.46111],[-65.89038,-27.46146],[-65.88808,-27.46049],[-65.89015,-27.45811],[-65.88842,-27.45629],[-65.88622,-27.45627],[-65.88575,-27.45488],[-65.88327,-27.45821],[-65.88063,-27.45918],[-65.88031,-27.45785],[-65.8819,-27.45747],[-65.8809,-27.45449],[-65.87794,-27.45496],[-65.87891,-27.45278],[-65.87818,-27.45168],[-65.87973,-27.45],[-65.87909,-27.44826],[-65.88078,-27.44729],[-65.88307,-27.44973],[-65.8822,-27.44487],[-65.88817,-27.4431],[-65.88832,-27.44129],[-65.88969,-27.44141],[-65.89316,-27.43961],[-65.89436,-27.44042],[-65.89676,-27.44028],[-65.89892,-27.4392],[-65.90472,-27.43812],[-65.89887,-27.43902],[-65.89672,-27.44011],[-65.89442,-27.44024],[-65.89314,-27.43941],[-65.88962,-27.44124],[-65.88817,-27.44112],[-65.88801,-27.44296],[-65.88199,-27.44477],[-65.88283,-27.44933],[-65.88075,-27.44709],[-65.87888,-27.44819],[-65.87952,-27.44995],[-65.87802,-27.45156],[-65.87645,-27.45102],[-65.8719,-27.45241],[-65.86894,-27.45241],[-65.86746,-27.45519],[-65.8645,-27.45324],[-65.86025,-27.45465],[-65.85569,-27.45304],[-65.855,-27.45225],[-65.85108,-27.45014],[-65.85125,-27.44678],[-65.84847,-27.44369],[-65.8513,-27.44095],[-65.85017,-27.43892],[-65.84711,-27.43927],[-65.84532,-27.43604],[-65.84447,-27.4363],[-65.84408,-27.43794],[-65.84047,-27.43775],[-65.83808,-27.43619],[-65.83608,-27.43717],[-65.83422,-27.43689],[-65.83467,-27.43387],[-65.83068,-27.43334],[-65.82656,-27.43184],[-65.82729,-27.4283],[-65.82262,-27.42634],[-65.82283,-27.42164],[-65.82189,-27.41859],[-65.82293,-27.41656],[-65.82233,-27.41451],[-65.81935,-27.41283],[-65.81667,-27.40836],[-65.81163,-27.40689],[-65.81243,-27.40489],[-65.80854,-27.3723],[-65.80561,-27.35915],[-65.81389,-27.35803],[-65.82853,-27.36364],[-65.82899,-27.36815],[-65.84713,-27.37121],[-65.85647,-27.37153],[-65.86018,-27.37112],[-65.86167,-27.3722],[-65.86432,-27.37179],[-65.86612,-27.37229],[-65.86755,-27.37207],[-65.87073,-27.37292],[-65.87437,-27.37228],[-65.87537,-27.37167],[-65.87626,-27.37182],[-65.87819,-27.37375],[-65.88171,-27.37461],[-65.88387,-27.37562],[-65.88418,-27.37638],[-65.8879,-27.37888],[-65.88903,-27.37821],[-65.89094,-27.37134],[-65.8914,-27.37101],[-65.89441,-27.3727],[-65.8979,-27.37373],[-65.89881,-27.37606],[-65.90012,-27.37731],[-65.90174,-27.38165],[-65.90112,-27.38858],[-65.90167,-27.39098],[-65.90125,-27.39162],[-65.90293,-27.39315],[-65.9115,-27.39708],[-65.92983,-27.38394],[-65.92631,-27.38936],[-65.93275,-27.39344],[-65.93475,-27.39344],[-65.93256,-27.39636],[-65.93147,-27.4005],[-65.93461,-27.40389],[-65.93663,-27.40243],[-65.93855,-27.4039],[-65.9411,-27.40145],[-65.94361,-27.40241],[-65.94577,-27.39987],[-65.94821,-27.39838],[-65.9543,-27.39877],[-65.9543,-27.40156],[-65.95931,-27.40311],[-65.96774,-27.40015],[-65.96919,-27.40642],[-65.97359,-27.41201],[-65.97442,-27.41486],[-65.97335,-27.41808],[-65.97323,-27.42129],[-65.9724,-27.42522],[-65.97026,-27.42795],[-65.968,-27.42938],[-65.97347,-27.43664],[-65.97466,-27.44033],[-65.97487,-27.44303],[-65.97406,-27.44889],[-65.97492,-27.45514],[-65.93922,-27.46115],[-65.93143,-27.46916],[-65.92968,-27.47467],[-65.91981,-27.48564],[-65.91458,-27.49344],[-65.90894,-27.49944],[-65.89639,-27.50556],[-65.89519,-27.50672],[-65.92091,-27.5213],[-65.92085,-27.52207],[-65.92051,-27.52216],[-65.9181,-27.5214],[-65.91678,-27.52185],[-65.91634,-27.5232],[-65.91669,-27.52448],[-65.91644,-27.52511],[-65.91423,-27.52524],[-65.91243,-27.52727],[-65.91281,-27.52748],[-65.91332,-27.52715],[-65.91472,-27.52577],[-65.91606,-27.52572],[-65.91684,-27.52527],[-65.9172,-27.52443],[-65.91677,-27.5232],[-65.9175,-27.52199],[-65.9184,-27.52173],[-65.9208,-27.52241],[-65.92131,-27.52153],[-65.96414,-27.54579],[-65.96098,-27.54823],[-65.95979,-27.54966],[-65.95967,-27.55109],[-65.95812,-27.55347],[-65.95646,-27.55466],[-65.95027,-27.5618],[-65.95051,-27.56644],[-65.95586,-27.57084],[-65.95598,-27.57227],[-65.95467,-27.57643],[-65.9536,-27.57762],[-65.95158,-27.57881],[-65.95122,-27.58143],[-65.94882,-27.58884],[-65.94396,-27.59511],[-65.94277,-27.60356],[-65.94004,-27.60927],[-65.93992,-27.61629],[-65.93897,-27.6189],[-65.93546,-27.6221],[-65.93457,-27.62628],[-65.93468,-27.62866],[-65.93361,-27.6308],[-65.93278,-27.63604],[-65.93111,-27.6396],[-65.93178,-27.64262],[-65.93003,-27.64651],[-65.92946,-27.64662],[-65.928,-27.64804],[-65.92703,-27.64944],[-65.92468,-27.65054],[-65.92338,-27.65233],[-65.92282,-27.65618],[-65.92197,-27.65765],[-65.92017,-27.659],[-65.91934,-27.66197],[-65.91827,-27.66245]]],[[[-65.9031,-27.3218],[-65.90548,-27.32195],[-65.90746,-27.32154],[-65.90891,-27.32175],[-65.91032,-27.32251],[-65.91193,-27.32264],[-65.91253,-27.32314],[-65.91435,-27.32246],[-65.91486,-27.32286],[-65.91713,-27.32277],[-65.92225,-27.32347],[-65.9263,-27.32459],[-65.9278,-27.3242],[-65.92713,-27.32497],[-65.92584,-27.32494],[-65.92474,-27.32636],[-65.92306,-27.32687],[-65.92157,-27.32836],[-65.91873,-27.32906],[-65.91863,-27.32951],[-65.91911,-27.32981],[-65.92269,-27.32892],[-65.92187,-27.3295],[-65.92202,-27.32983],[-65.92435,-27.32876],[-65.92359,-27.32921],[-65.92379,-27.32935],[-65.92436,-27.32913],[-65.92614,-27.32808],[-65.92582,-27.32831],[-65.92589,-27.32852],[-65.93019,-27.32772],[-65.93137,-27.33085],[-65.93296,-27.33099],[-65.93279,-27.33097],[-65.93199,-27.33025],[-65.93274,-27.32956],[-65.9329,-27.32977],[-65.93235,-27.3302],[-65.93234,-27.33053],[-65.93338,-27.3298],[-65.93292,-27.33051],[-65.93372,-27.32996],[-65.93333,-27.33038],[-65.93346,-27.33062],[-65.93407,-27.33007],[-65.93525,-27.33032],[-65.93547,-27.32989],[-65.93627,-27.33011],[-65.93667,-27.32991],[-65.93638,-27.33018],[-65.93575,-27.33013],[-65.93553,-27.33048],[-65.93479,-27.33066],[-65.93587,-27.3305],[-65.9353,-27.33099],[-65.93698,-27.33056],[-65.9358,-27.33105],[-65.93663,-27.33093],[-65.93626,-27.33137],[-65.93756,-27.33095],[-65.93663,-27.33129],[-65.93711,-27.33196],[-65.93652,-27.33267],[-65.93673,-27.33269],[-65.93737,-27.33205],[-65.93676,-27.33316],[-65.93761,-27.33241],[-65.93806,-27.33163],[-65.93898,-27.33208],[-65.93986,-27.33187],[-65.94097,-27.3311],[-65.93994,-27.33211],[-65.939,-27.33255],[-65.93844,-27.33241],[-65.93846,-27.33284],[-65.93929,-27.33275],[-65.93992,-27.33341],[-65.94074,-27.33269],[-65.94253,-27.33391],[-65.94239,-27.3334],[-65.94142,-27.3324],[-65.94183,-27.33272],[-65.94495,-27.33291],[-65.94668,-27.33409],[-65.94919,-27.33376],[-65.95016,-27.33436],[-65.95097,-27.33347],[-65.95071,-27.33239],[-65.95195,-27.33136],[-65.95229,-27.33328],[-65.95322,-27.33422],[-65.95356,-27.33571],[-65.95501,-27.33656],[-65.9543,-27.34273],[-65.96458,-27.38161],[-65.96147,-27.39771],[-65.95809,-27.40196],[-65.95773,-27.40105],[-65.95856,-27.39986],[-65.95774,-27.39867],[-65.95386,-27.39792],[-65.95232,-27.39824],[-65.94799,-27.39752],[-65.947,-27.3988],[-65.94529,-27.39903],[-65.94343,-27.40163],[-65.94109,-27.40068],[-65.93853,-27.40308],[-65.93676,-27.40115],[-65.9348,-27.40317],[-65.93259,-27.40011],[-65.93317,-27.39705],[-65.93606,-27.39311],[-65.92759,-27.38888],[-65.93112,-27.38562],[-65.93119,-27.38308],[-65.92503,-27.38316],[-65.92244,-27.38427],[-65.92125,-27.38318],[-65.92001,-27.38308],[-65.91954,-27.38194],[-65.91983,-27.38034],[-65.91934,-27.38007],[-65.91794,-27.38032],[-65.9167,-27.37755],[-65.91586,-27.37711],[-65.91325,-27.37734],[-65.9128,-27.37614],[-65.91149,-27.37562],[-65.91093,-27.37374],[-65.91017,-27.37351],[-65.9097,-27.37439],[-65.90893,-27.37442],[-65.90551,-27.37168],[-65.90297,-27.37032],[-65.90227,-27.36821],[-65.90115,-27.36739],[-65.89966,-27.36728],[-65.8976,-27.36869],[-65.89707,-27.37046],[-65.8964,-27.37117],[-65.89559,-27.37092],[-65.89502,-27.36984],[-65.89301,-27.36955],[-65.89345,-27.3679],[-65.89286,-27.36702],[-65.8919,-27.36733],[-65.88932,-27.36973],[-65.88831,-27.37015],[-65.88554,-27.37013],[-65.8807,-27.36886],[-65.87927,-27.36797],[-65.87822,-27.36779],[-65.87513,-27.37045],[-65.87245,-27.37104],[-65.86955,-27.36957],[-65.86267,-27.36924],[-65.86086,-27.36824],[-65.85861,-27.36539],[-65.85736,-27.3646],[-65.85632,-27.363],[-65.85494,-27.3619],[-65.85353,-27.36196],[-65.85178,-27.36139],[-65.84929,-27.36225],[-65.84635,-27.36139],[-65.8433,-27.36162],[-65.8458,-27.35615],[-65.84567,-27.35248],[-65.84689,-27.34955],[-65.84936,-27.34842],[-65.8523,-27.3463],[-65.85296,-27.34622],[-65.85468,-27.34414],[-65.85599,-27.34368],[-65.85958,-27.3438],[-65.86274,-27.34327],[-65.868,-27.34093],[-65.87191,-27.33993],[-65.87734,-27.33757],[-65.88083,-27.33456],[-65.88294,-27.33157],[-65.88481,-27.33135],[-65.88903,-27.32834],[-65.88992,-27.32695],[-65.89031,-27.32457],[-65.89677,-27.32259],[-65.90182,-27.32167],[-65.9031,-27.3218]]],[[[-65.94402,-27.32084],[-65.9451,-27.32103],[-65.94543,-27.32204],[-65.94678,-27.32107],[-65.94747,-27.32111],[-65.94858,-27.32266],[-65.95616,-27.32611],[-65.95502,-27.33644],[-65.95367,-27.33566],[-65.95333,-27.33416],[-65.9524,-27.33325],[-65.95248,-27.33229],[-65.95198,-27.33125],[-65.9506,-27.33233],[-65.95085,-27.33343],[-65.95016,-27.33425],[-65.9492,-27.33365],[-65.94672,-27.33399],[-65.94499,-27.3328],[-65.94185,-27.33261],[-65.94143,-27.33229],[-65.94128,-27.33261],[-65.9423,-27.33347],[-65.94073,-27.33258],[-65.9399,-27.3333],[-65.93917,-27.33262],[-65.94077,-27.33161],[-65.94127,-27.33084],[-65.93961,-27.33184],[-65.93895,-27.33197],[-65.93802,-27.33152],[-65.93766,-27.3318],[-65.93752,-27.33234],[-65.93706,-27.33267],[-65.93747,-27.33223],[-65.93745,-27.33154],[-65.93725,-27.33149],[-65.93727,-27.33196],[-65.93706,-27.3323],[-65.93721,-27.33175],[-65.93675,-27.33133],[-65.93757,-27.3311],[-65.93784,-27.33066],[-65.93681,-27.33102],[-65.93733,-27.33077],[-65.93619,-27.33097],[-65.93717,-27.33059],[-65.93719,-27.33021],[-65.93582,-27.33076],[-65.93601,-27.33033],[-65.93569,-27.33052],[-65.93578,-27.33024],[-65.93665,-27.33015],[-65.9369,-27.32952],[-65.93629,-27.33],[-65.93542,-27.32978],[-65.93526,-27.33021],[-65.93404,-27.32996],[-65.9335,-27.33051],[-65.93385,-27.32999],[-65.9337,-27.32952],[-65.93343,-27.33008],[-65.93336,-27.32921],[-65.93324,-27.32986],[-65.93241,-27.33043],[-65.93306,-27.32968],[-65.93277,-27.32785],[-65.93196,-27.32712],[-65.93092,-27.3276],[-65.92724,-27.32797],[-65.92595,-27.32841],[-65.92694,-27.32778],[-65.92673,-27.32762],[-65.92471,-27.32884],[-65.92376,-27.32923],[-65.92489,-27.32856],[-65.92497,-27.32825],[-65.92199,-27.32971],[-65.92283,-27.32883],[-65.91945,-27.3297],[-65.91876,-27.32944],[-65.91909,-27.32903],[-65.92164,-27.32846],[-65.92313,-27.32698],[-65.92484,-27.32645],[-65.92596,-27.32502],[-65.92721,-27.32509],[-65.92796,-27.32433],[-65.92823,-27.32493],[-65.92991,-27.32385],[-65.93021,-27.32319],[-65.92955,-27.32279],[-65.93018,-27.32251],[-65.93169,-27.32269],[-65.93297,-27.32362],[-65.93471,-27.32384],[-65.93571,-27.32508],[-65.93658,-27.32497],[-65.93791,-27.32355],[-65.93881,-27.32351],[-65.94031,-27.32409],[-65.94048,-27.32535],[-65.9413,-27.3256],[-65.94142,-27.32623],[-65.94291,-27.32657],[-65.94339,-27.32793],[-65.9451,-27.32881],[-65.94522,-27.32936],[-65.94601,-27.32991],[-65.94701,-27.33125],[-65.94664,-27.33177],[-65.94668,-27.33317],[-65.94712,-27.33099],[-65.9461,-27.32979],[-65.94546,-27.32945],[-65.94525,-27.3287],[-65.94355,-27.32786],[-65.94299,-27.32647],[-65.94151,-27.32616],[-65.94139,-27.3255],[-65.94051,-27.32514],[-65.94033,-27.32369],[-65.94174,-27.32217],[-65.94341,-27.32194],[-65.94347,-27.32114],[-65.94402,-27.32084]]],[[[-65.91917,-27.32154],[-65.92089,-27.32236],[-65.92278,-27.32144],[-65.92325,-27.32324],[-65.91456,-27.32242],[-65.91917,-27.32154]]],[[[-65.89315,-27.29413],[-65.895,-27.29391],[-65.89587,-27.29337],[-65.89651,-27.29234],[-65.89884,-27.29043],[-65.90226,-27.28985],[-65.90804,-27.28765],[-65.91113,-27.28713],[-65.91263,-27.28564],[-65.91427,-27.28553],[-65.91658,-27.28712],[-65.92096,-27.28774],[-65.92204,-27.28939],[-65.92287,-27.28969],[-65.92558,-27.2895],[-65.92686,-27.29005],[-65.91638,-27.2959],[-65.91455,-27.29588],[-65.9103,-27.29852],[-65.90773,-27.29932],[-65.89282,-27.30134],[-65.88359,-27.31388],[-65.87553,-27.31117],[-65.87031,-27.3113],[-65.86995,-27.31063],[-65.86871,-27.31175],[-65.86555,-27.31034],[-65.86397,-27.31103],[-65.86149,-27.31059],[-65.86009,-27.31125],[-65.85783,-27.31132],[-65.85672,-27.31194],[-65.85492,-27.31179],[-65.85429,-27.31118],[-65.85174,-27.2948],[-65.85664,-27.2949],[-65.857,-27.2958],[-65.85791,-27.29633],[-65.85988,-27.29605],[-65.86181,-27.29675],[-65.86376,-27.29619],[-65.86604,-27.29617],[-65.87035,-27.29759],[-65.87307,-27.29733],[-65.87568,-27.29809],[-65.87931,-27.29773],[-65.88062,-27.29682],[-65.88259,-27.29674],[-65.88581,-27.29736],[-65.88675,-27.29574],[-65.88986,-27.29474],[-65.89164,-27.29476],[-65.89315,-27.29413]]],[[[-65.9684,-27.30848],[-65.9671,-27.31388],[-65.9639,-27.31758],[-65.96166,-27.32239],[-65.95795,-27.31976],[-65.9564,-27.32554],[-65.9545,-27.32516],[-65.94964,-27.3227],[-65.9484,-27.32194],[-65.94749,-27.32076],[-65.94662,-27.32089],[-65.94559,-27.32174],[-65.94552,-27.32094],[-65.94495,-27.32054],[-65.94339,-27.32081],[-65.94312,-27.3218],[-65.94168,-27.32199],[-65.94042,-27.32338],[-65.93759,-27.32328],[-65.93696,-27.32434],[-65.93607,-27.32485],[-65.93496,-27.32364],[-65.93384,-27.32352],[-65.93256,-27.32257],[-65.92933,-27.32128],[-65.92773,-27.32103],[-65.92695,-27.32006],[-65.92579,-27.32038],[-65.92397,-27.32021],[-65.92102,-27.32176],[-65.91943,-27.32101],[-65.91743,-27.32101],[-65.91434,-27.32162],[-65.91248,-27.32239],[-65.91131,-27.32137],[-65.90804,-27.32028],[-65.90262,-27.32061],[-65.89973,-27.3215],[-65.89749,-27.32101],[-65.89567,-27.32121],[-65.89019,-27.3233],[-65.88901,-27.32426],[-65.88846,-27.32562],[-65.88736,-27.32628],[-65.88128,-27.33261],[-65.87884,-27.3338],[-65.87797,-27.33545],[-65.87698,-27.3359],[-65.87457,-27.3381],[-65.87269,-27.33789],[-65.8682,-27.3403],[-65.8649,-27.34065],[-65.86121,-27.34249],[-65.85852,-27.34221],[-65.85608,-27.34252],[-65.85673,-27.342],[-65.85641,-27.34075],[-65.84277,-27.3402],[-65.83656,-27.34131],[-65.82952,-27.34419],[-65.8264,-27.34862],[-65.82456,-27.34887],[-65.82218,-27.35227],[-65.81729,-27.35297],[-65.81563,-27.35487],[-65.80879,-27.3532],[-65.80483,-27.33076],[-65.8055,-27.33087],[-65.80618,-27.3316],[-65.80714,-27.33164],[-65.8103,-27.32948],[-65.81198,-27.32911],[-65.81328,-27.32818],[-65.81475,-27.32776],[-65.81512,-27.32799],[-65.81434,-27.32642],[-65.81655,-27.32513],[-65.81631,-27.32325],[-65.81725,-27.32296],[-65.81748,-27.32372],[-65.81797,-27.3238],[-65.81909,-27.32196],[-65.82151,-27.32183],[-65.82229,-27.32116],[-65.82393,-27.32088],[-65.82585,-27.31985],[-65.82603,-27.31896],[-65.8254,-27.31717],[-65.82641,-27.31638],[-65.82703,-27.31502],[-65.8292,-27.31401],[-65.83086,-27.31459],[-65.83209,-27.31453],[-65.83243,-27.31496],[-65.83325,-27.31412],[-65.83357,-27.31605],[-65.83414,-27.3159],[-65.83443,-27.31507],[-65.83561,-27.31553],[-65.83581,-27.31665],[-65.83777,-27.31593],[-65.83867,-27.31675],[-65.83959,-27.31567],[-65.84046,-27.313],[-65.8411,-27.31284],[-65.84148,-27.31191],[-65.84295,-27.3112],[-65.8466,-27.31207],[-65.84668,-27.31273],[-65.84723,-27.31288],[-65.84849,-27.31255],[-65.85161,-27.31258],[-65.85358,-27.31124],[-65.8548,-27.312],[-65.85681,-27.31225],[-65.85795,-27.31161],[-65.86047,-27.31148],[-65.86168,-27.31076],[-65.86397,-27.31105],[-65.86555,-27.31037],[-65.86871,-27.31178],[-65.86995,-27.31066],[-65.87031,-27.31175],[-65.87179,-27.31159],[-65.87233,-27.31254],[-65.87271,-27.31249],[-65.87289,-27.31156],[-65.87442,-27.31192],[-65.87568,-27.31307],[-65.87596,-27.31218],[-65.87627,-27.31219],[-65.87678,-27.31284],[-65.87762,-27.31281],[-65.87992,-27.31425],[-65.88067,-27.31406],[-65.8815,-27.31465],[-65.88262,-27.31476],[-65.88321,-27.31428],[-65.88394,-27.31466],[-65.88539,-27.31223],[-65.88636,-27.31162],[-65.88614,-27.31072],[-65.88847,-27.30837],[-65.89145,-27.3038],[-65.89354,-27.30174],[-65.90816,-27.29982],[-65.91304,-27.29807],[-65.91469,-27.29589],[-65.91657,-27.29655],[-65.9268,-27.29011],[-65.92887,-27.2911],[-65.93224,-27.28927],[-65.93295,-27.28937],[-65.93481,-27.29091],[-65.93734,-27.2914],[-65.94135,-27.28988],[-65.94571,-27.28941],[-65.94876,-27.28756],[-65.95286,-27.28793],[-65.95434,-27.2875],[-65.95536,-27.28693],[-65.95971,-27.28186],[-65.96347,-27.28023],[-65.96586,-27.27753],[-65.96531,-27.27345],[-65.96704,-27.27632],[-65.96644,-27.27887],[-65.9735,-27.26191],[-65.97411,-27.26238],[-65.97506,-27.2602],[-65.9762,-27.25895],[-65.97605,-27.2573],[-65.97684,-27.25661],[-65.97693,-27.25594],[-65.97541,-27.25579],[-65.97543,-27.25528],[-65.9783,-27.25107],[-65.97798,-27.25087],[-65.97635,-27.25103],[-65.97561,-27.25076],[-65.97555,-27.24947],[-65.97772,-27.24855],[-65.97977,-27.24691],[-65.98085,-27.24705],[-65.98224,-27.24687],[-65.98262,-27.24648],[-65.98366,-27.24696],[-65.9847,-27.24808],[-65.98611,-27.24877],[-65.98759,-27.24866],[-65.98953,-27.24776],[-65.99049,-27.247],[-65.99048,-27.24422],[-65.99282,-27.24278],[-65.99307,-27.24185],[-65.99525,-27.24117],[-65.99606,-27.24153],[-65.99642,-27.24112],[-65.99976,-27.2403],[-66.0019,-27.23898],[-66.00263,-27.23739],[-66.00238,-27.23673],[-66.00337,-27.2353],[-66.00312,-27.23363],[-66.00748,-27.22871],[-66.00956,-27.22801],[-66.01259,-27.22764],[-66.01414,-27.22594],[-66.01979,-27.22423],[-66.02309,-27.22072],[-66.02394,-27.21934],[-66.02984,-27.21504],[-66.03076,-27.21459],[-66.03486,-27.21421],[-66.03726,-27.21233],[-66.03839,-27.21192],[-66.04008,-27.20995],[-66.04426,-27.20831],[-66.04625,-27.20632],[-66.0471,-27.20354],[-66.04868,-27.20257],[-66.04989,-27.20091],[-66.05138,-27.20035],[-66.05129,-27.20004],[-66.05025,-27.20045],[-66.04898,-27.20187],[-66.04741,-27.20231],[-66.04625,-27.20444],[-66.04605,-27.20611],[-66.04469,-27.20729],[-66.04228,-27.20805],[-66.04407,-27.20783],[-66.04363,-27.2083],[-66.04007,-27.20989],[-66.03816,-27.21193],[-66.03692,-27.21242],[-66.03483,-27.21414],[-66.03078,-27.21448],[-66.02986,-27.21484],[-66.02448,-27.21857],[-66.02285,-27.22084],[-66.01973,-27.22401],[-66.01408,-27.22571],[-66.01254,-27.22741],[-66.0095,-27.22779],[-66.00742,-27.22849],[-66.00306,-27.23341],[-66.0032,-27.23503],[-66.0023,-27.236],[-66.00207,-27.23674],[-66.00241,-27.2374],[-66.00186,-27.2388],[-65.9997,-27.24028],[-65.99639,-27.24108],[-65.99605,-27.24149],[-65.99525,-27.24113],[-65.99316,-27.2417],[-65.99236,-27.24289],[-65.99042,-27.244],[-65.99042,-27.24677],[-65.98947,-27.24754],[-65.98753,-27.24843],[-65.98606,-27.24855],[-65.98465,-27.24785],[-65.98444,-27.24719],[-65.98324,-27.2465],[-65.9826,-27.24644],[-65.98122,-27.24689],[-65.97959,-27.24669],[-65.9753,-27.24949],[-65.97518,-27.25052],[-65.97562,-27.25113],[-65.97685,-27.25129],[-65.97809,-27.25104],[-65.97618,-27.25394],[-65.97473,-27.25529],[-65.97503,-27.25593],[-65.97653,-27.25654],[-65.97579,-27.25712],[-65.97597,-27.25885],[-65.9749,-27.26],[-65.97401,-27.26203],[-65.97373,-27.26162],[-65.97325,-27.26183],[-65.9672,-27.27597],[-65.96531,-27.27315],[-65.96486,-27.27402],[-65.96332,-27.27192],[-65.96419,-27.26565],[-65.96254,-27.26085],[-65.96282,-27.25418],[-65.96242,-27.2542],[-65.96213,-27.26089],[-65.96378,-27.26568],[-65.9629,-27.27201],[-65.96449,-27.27417],[-65.96517,-27.27614],[-65.96511,-27.2777],[-65.96285,-27.28008],[-65.95966,-27.28136],[-65.95691,-27.28382],[-65.95501,-27.28635],[-65.95323,-27.28733],[-65.94861,-27.28695],[-65.94614,-27.28863],[-65.94373,-27.28922],[-65.94099,-27.28922],[-65.9378,-27.29075],[-65.93462,-27.29012],[-65.93235,-27.28838],[-65.92881,-27.29056],[-65.92577,-27.28913],[-65.92293,-27.28932],[-65.92232,-27.2891],[-65.92121,-27.2874],[-65.91674,-27.28678],[-65.9144,-27.28516],[-65.91244,-27.28529],[-65.91092,-27.2868],[-65.90845,-27.28721],[-65.9092,-27.28619],[-65.91142,-27.28501],[-65.9118,-27.28419],[-65.91452,-27.28318],[-65.91746,-27.2842],[-65.92558,-27.28439],[-65.92882,-27.28356],[-65.92877,-27.28319],[-65.92553,-27.28403],[-65.91754,-27.28384],[-65.91452,-27.28279],[-65.91343,-27.27847],[-65.91434,-27.27717],[-65.91593,-27.27659],[-65.91649,-27.27566],[-65.91585,-27.27285],[-65.91586,-27.27101],[-65.91646,-27.26922],[-65.91593,-27.26858],[-65.91596,-27.26753],[-65.9175,-27.26568],[-65.91896,-27.26116],[-65.92009,-27.26035],[-65.92353,-27.25617],[-65.92521,-27.2553],[-65.92533,-27.25298],[-65.9264,-27.25258],[-65.92651,-27.25162],[-65.92738,-27.25106],[-65.92781,-27.2489],[-65.92904,-27.24787],[-65.92997,-27.24793],[-65.93029,-27.24679],[-65.93275,-27.24464],[-65.93476,-27.24383],[-65.93703,-27.24117],[-65.93871,-27.24092],[-65.93923,-27.2386],[-65.94092,-27.2382],[-65.94152,-27.23761],[-65.94389,-27.23724],[-65.94546,-27.23585],[-65.94828,-27.23563],[-65.94908,-27.23597],[-65.94995,-27.23812],[-65.95034,-27.23727],[-65.94981,-27.23686],[-65.94976,-27.23617],[-65.95161,-27.23459],[-65.95241,-27.23467],[-65.95409,-27.23575],[-65.95369,-27.23484],[-65.95024,-27.23376],[-65.94931,-27.23216],[-65.94944,-27.231],[-65.95042,-27.22982],[-65.9522,-27.22995],[-65.9532,-27.22928],[-65.95442,-27.2274],[-65.95444,-27.22469],[-65.95558,-27.22215],[-65.95665,-27.22141],[-65.9581,-27.22105],[-65.9588,-27.22002],[-65.96193,-27.21847],[-65.96407,-27.21791],[-65.96505,-27.21701],[-65.95904,-27.21932],[-65.95589,-27.22095],[-65.95408,-27.22356],[-65.95387,-27.22683],[-65.95259,-27.22853],[-65.94943,-27.22939],[-65.94893,-27.23278],[-65.95026,-27.234],[-65.94972,-27.23534],[-65.94506,-27.23541],[-65.9439,-27.23623],[-65.93854,-27.23815],[-65.938,-27.24009],[-65.93131,-27.24454],[-65.92851,-27.24711],[-65.92569,-27.25171],[-65.92452,-27.25454],[-65.91853,-27.25947],[-65.91532,-27.26694],[-65.91473,-27.27033],[-65.91564,-27.27565],[-65.91386,-27.27687],[-65.9103,-27.28083],[-65.90534,-27.2835],[-65.8986,-27.285],[-65.89278,-27.2878],[-65.88919,-27.28716],[-65.88424,-27.28766],[-65.88156,-27.28843],[-65.87954,-27.28963],[-65.87862,-27.29098],[-65.87673,-27.29014],[-65.87145,-27.28984],[-65.87033,-27.29046],[-65.86981,-27.29184],[-65.86836,-27.29241],[-65.86641,-27.292],[-65.86504,-27.29267],[-65.86201,-27.29243],[-65.85921,-27.29495],[-65.85557,-27.2936],[-65.84701,-27.29401],[-65.84544,-27.29456],[-65.84386,-27.2945],[-65.84665,-27.29324],[-65.84864,-27.29298],[-65.85023,-27.29324],[-65.85154,-27.29253],[-65.85398,-27.28998],[-65.85463,-27.28832],[-65.85672,-27.28759],[-65.85881,-27.28616],[-65.86046,-27.28305],[-65.86574,-27.28002],[-65.86623,-27.27825],[-65.86706,-27.27709],[-65.86722,-27.27312],[-65.86617,-27.27225],[-65.85983,-27.24505],[-65.8715,-27.23175],[-65.87145,-27.23037],[-65.87758,-27.22222],[-65.87743,-27.22105],[-65.87933,-27.22031],[-65.88113,-27.21868],[-65.88341,-27.21813],[-65.88445,-27.21719],[-65.88888,-27.21513],[-65.88973,-27.21439],[-65.89165,-27.20764],[-65.89301,-27.20644],[-65.89386,-27.20606],[-65.89753,-27.20623],[-65.89863,-27.20538],[-65.89877,-27.20406],[-65.90251,-27.20023],[-65.90403,-27.20071],[-65.90491,-27.20023],[-65.90591,-27.20032],[-65.90699,-27.19963],[-65.90863,-27.19719],[-65.91266,-27.19478],[-65.91344,-27.193],[-65.91602,-27.1919],[-65.91717,-27.19053],[-65.91804,-27.18806],[-65.91818,-27.18391],[-65.92086,-27.17926],[-65.92317,-27.1719],[-65.92761,-27.16702],[-65.93612,-27.16115],[-65.94447,-27.15724],[-65.9475,-27.15333],[-65.96208,-27.13703],[-65.96655,-27.1327],[-65.96859,-27.12692],[-65.97245,-27.12496],[-65.97616,-27.12422],[-65.97935,-27.11953],[-65.98839,-27.11186],[-66.00536,-27.10859],[-66.01702,-27.11217],[-66.02234,-27.12124],[-66.03635,-27.1264],[-66.03874,-27.13225],[-66.04278,-27.13691],[-66.05471,-27.14421],[-66.05608,-27.15593],[-66.06301,-27.16277],[-66.06249,-27.16847],[-66.06783,-27.1764],[-66.06898,-27.18702],[-66.06947,-27.18858],[-66.07275,-27.19035],[-66.07534,-27.191],[-66.07749,-27.19429],[-66.07976,-27.19581],[-66.08242,-27.19834],[-66.08247,-27.20051],[-66.08134,-27.20482],[-66.07948,-27.2079],[-66.07791,-27.20919],[-66.08401,-27.21157],[-66.07449,-27.22309],[-66.06685,-27.22748],[-66.06153,-27.23713],[-66.05744,-27.23908],[-66.05225,-27.24519],[-66.04775,-27.24714],[-66.04119,-27.25483],[-66.03683,-27.25898],[-66.03382,-27.26618],[-66.02918,-27.26948],[-66.02536,-27.27107],[-66.02126,-27.27412],[-66.01716,-27.27644],[-66.00897,-27.27717],[-66.00393,-27.28173],[-65.99426,-27.28512],[-65.99426,-27.28761],[-65.99326,-27.28889],[-65.99111,-27.28915],[-65.98939,-27.29184],[-65.98595,-27.29273],[-65.98402,-27.29446],[-65.98302,-27.29727],[-65.98466,-27.29785],[-65.98438,-27.30175],[-65.98065,-27.30291],[-65.97857,-27.30271],[-65.9765,-27.30386],[-65.97628,-27.30546],[-65.97664,-27.30636],[-65.97205,-27.30681],[-65.96998,-27.30655],[-65.96905,-27.30681],[-65.96793,-27.30784],[-65.9684,-27.30848]]],[[[-66.03462,-27.17551],[-66.03245,-27.17706],[-66.03239,-27.17741],[-66.03123,-27.1787],[-66.02925,-27.18021],[-66.02696,-27.18069],[-66.025,-27.18179],[-66.02311,-27.18207],[-66.02242,-27.18249],[-66.02211,-27.18338],[-66.02027,-27.18436],[-66.01933,-27.18589],[-66.01891,-27.18783],[-66.01767,-27.1893],[-66.01544,-27.19388],[-66.01432,-27.19536],[-66.00632,-27.20127],[-66.00493,-27.20353],[-66.00238,-27.20381],[-66.00241,-27.20438],[-66.00131,-27.20573],[-65.99791,-27.2067],[-65.99683,-27.20823],[-65.99313,-27.20844],[-65.99209,-27.20806],[-65.99003,-27.20882],[-65.98761,-27.20903],[-65.9866,-27.20952],[-65.9842,-27.21183],[-65.9805,-27.21235],[-65.9796,-27.21349],[-65.97761,-27.2128],[-65.9761,-27.21393],[-65.97755,-27.21252],[-65.97975,-27.21256],[-65.98088,-27.21182],[-65.98424,-27.2113],[-65.9871,-27.20904],[-65.99221,-27.20796],[-65.99613,-27.20807],[-65.99879,-27.20591],[-66.0014,-27.20495],[-66.00265,-27.20343],[-66.00443,-27.20344],[-66.00577,-27.20111],[-66.00838,-27.19892],[-66.01411,-27.19529],[-66.01636,-27.19038],[-66.01865,-27.18748],[-66.01898,-27.1852],[-66.02255,-27.1816],[-66.02944,-27.1796],[-66.03531,-27.17465],[-66.03541,-27.17468],[-66.03462,-27.17551]]],[[[-65.97356,-27.21583],[-65.97216,-27.2162],[-65.96998,-27.21592],[-65.96903,-27.21497],[-65.96817,-27.21468],[-65.96754,-27.21492],[-65.96776,-27.21454],[-65.9708,-27.21558],[-65.97423,-27.21575],[-65.97512,-27.21489],[-65.97464,-27.21581],[-65.97356,-27.21583]]],[[[-65.87522,-27.2964],[-65.87761,-27.29367],[-65.87999,-27.29357],[-65.88141,-27.29243],[-65.88336,-27.29205],[-65.88783,-27.29343],[-65.89301,-27.29183],[-65.8962,-27.2921],[-65.89485,-27.29356],[-65.89153,-27.29441],[-65.88984,-27.29436],[-65.88649,-27.29544],[-65.88554,-27.29701],[-65.88263,-27.29637],[-65.88047,-27.29646],[-65.87917,-27.29737],[-65.87569,-27.29771],[-65.87311,-27.29697],[-65.87522,-27.2964]]],[[[-65.9549,-27.03038],[-65.82652,-27.12642],[-65.79451,-27.1537],[-65.78885,-27.1838],[-65.73507,-27.18527],[-65.69747,-27.1889],[-65.68049,-27.20829],[-65.67792,-27.20679],[-65.68068,-27.20474],[-65.69715,-27.18636],[-65.73179,-27.17338],[-65.75563,-27.17155],[-65.77437,-27.1633],[-65.77982,-27.14564],[-65.80949,-27.11539],[-65.92804,-27.01792],[-65.93202,-27.01781],[-65.9388,-27.01962],[-65.94665,-27.02312],[-65.94814,-27.02696],[-65.9549,-27.03038]]],[[[-65.79186,-26.98058],[-65.79253,-26.98108],[-65.80459,-26.96839],[-65.8084,-26.96139],[-65.83131,-26.96888],[-65.83344,-26.95993],[-65.83809,-26.95777],[-65.83876,-26.95504],[-65.83871,-26.95279],[-65.84368,-26.94527],[-65.84529,-26.94495],[-65.84922,-26.94109],[-65.85891,-26.93739],[-65.86119,-26.9357],[-65.86202,-26.93444],[-65.86323,-26.93385],[-65.86516,-26.93384],[-65.8662,-26.93293],[-65.86617,-26.93251],[-65.86859,-26.93113],[-65.8749,-26.93291],[-65.87704,-26.94065],[-65.87958,-26.94118],[-65.88096,-26.94362],[-65.88263,-26.9479],[-65.88299,-26.951],[-65.88525,-26.95433],[-65.88644,-26.95897],[-65.88644,-26.96147],[-65.89002,-26.9702],[-65.87615,-26.97899],[-65.87544,-26.9797],[-65.87508,-26.98155],[-65.8745,-26.98198],[-65.8715,-26.98222],[-65.86893,-26.98139],[-65.86587,-26.98158],[-65.86488,-26.98228],[-65.8638,-26.98238],[-65.86108,-26.98366],[-65.86048,-26.98494],[-65.86086,-26.98657],[-65.86049,-26.9872],[-65.85857,-26.98842],[-65.85698,-26.98883],[-65.85528,-26.99111],[-65.8498,-27.01296],[-65.82764,-27.03036],[-65.80505,-27.04501],[-65.7963,-27.05328],[-65.78011,-27.04724],[-65.7526,-27.03897],[-65.74243,-27.03523],[-65.74531,-27.03331],[-65.75601,-27.03119],[-65.76971,-27.03539],[-65.77001,-27.03319],[-65.77162,-27.03264],[-65.77254,-27.03115],[-65.77396,-27.03066],[-65.77282,-27.02855],[-65.77281,-27.02578],[-65.77203,-27.02493],[-65.77216,-27.02371],[-65.77166,-27.02331],[-65.7727,-27.02202],[-65.7722,-27.02099],[-65.77289,-27.02055],[-65.77285,-27.01934],[-65.77156,-27.01777],[-65.7691,-27.01741],[-65.76774,-27.01614],[-65.7672,-27.01464],[-65.766,-27.01446],[-65.76556,-27.01376],[-65.76411,-27.01292],[-65.76392,-27.01205],[-65.76488,-27.01036],[-65.76546,-27.00624],[-65.76345,-27.00534],[-65.75967,-27.00232],[-65.75801,-27.00226],[-65.75566,-27.00121],[-65.75625,-27.00035],[-65.75535,-26.9996],[-65.75449,-26.99948],[-65.75425,-26.99913],[-65.75462,-26.998],[-65.7529,-26.99669],[-65.753,-26.99462],[-65.75403,-26.99405],[-65.75304,-26.99323],[-65.75371,-26.99164],[-65.75287,-26.99045],[-65.75319,-26.98965],[-65.75289,-26.98862],[-65.75364,-26.98764],[-65.75327,-26.98646],[-65.75391,-26.98428],[-65.75606,-26.982],[-65.75678,-26.97942],[-65.75603,-26.97603],[-65.7563,-26.97376],[-65.75734,-26.97188],[-65.75954,-26.97006],[-65.76033,-26.96714],[-65.75866,-26.96465],[-65.75797,-26.96216],[-65.75659,-26.96066],[-65.75688,-26.96002],[-65.756,-26.95859],[-65.75915,-26.96091],[-65.76523,-26.96307],[-65.76679,-26.96263],[-65.76779,-26.96357],[-65.76744,-26.96404],[-65.76765,-26.96443],[-65.77182,-26.96761],[-65.77257,-26.96781],[-65.77355,-26.9673],[-65.77521,-26.9684],[-65.77597,-26.9683],[-65.77643,-26.96878],[-65.77789,-26.96903],[-65.78213,-26.97258],[-65.78255,-26.97416],[-65.78555,-26.97757],[-65.78739,-26.97823],[-65.78989,-26.97983],[-65.7911,-26.97991],[-65.79186,-26.98058]]],[[[-65.76509,-26.96273],[-65.76362,-26.96189],[-65.76479,-26.96174],[-65.76573,-26.9628],[-65.76509,-26.96273]]]]},"properties":{"fid":9,"Name":"PN Aconquija","region":"DIRECCIÓN REGIONAL NOA","attributes":{"categoryId":"Environnement","subCategoryId":"PARC","tags":["NATURE"],"gallery":[],"informations":["Superficie : n.c. hectares","ID : Q829415"],"highlights":["Paysages remarquables","Biodiversité et observation de la faune","Randonnée et points de vue"],"external_links":["Site officiel : https://www.argentina.gob.ar/parquesnacionales","Wikipedia : https://es.wikipedia.org/wiki/Special:Search?search=PN%20Aconquija"],"photo":"https://images.pexels.com/photos/2403205/pexels-photo-2403205.jpeg?auto=compress&cs=tinysrgb&w=800","short_desc":"PN Aconquija est une aire protégée nationale en Argentine.","link_official":"https://www.argentina.gob.ar/parquesnacionales","link_wikipedia":"https://es.wikipedia.org/wiki/Special:Search?search=PN%20Aconquija"},"categoryId":"Environnement","subCategoryId":"PARC","tags":["NATURE"],"gallery":["https://images.pexels.com/photos/2403205/pexels-photo-2403205.jpeg?auto=compress&cs=tinysrgb&w=800","https://images.pexels.com/photos/933054/pexels-photo-933054.jpeg?auto=compress&cs=tinysrgb&w=800","https://images.pexels.com/photos/572897/pexels-photo-572897.jpeg?auto=compress&cs=tinysrgb&w=800"],"informations":["Année de création : n.c.","Superficie : n.c."],"highlights":["Paysages remarquables","Biodiversité et observation de la faune","Randonnée et points de vue"],"external_links":["Site officiel : https://www.argentina.gob.ar/parquesnacionales","Wikipedia : https://es.wikipedia.org/wiki/Special:Search?search=PN%20Aconquija"],"photo":"https://images.pexels.com/photos/2403205/pexels-photo-2403205.jpeg?auto=compress&cs=tinysrgb&w=800","short_desc":"Résumé non disponible.","link_official":"https://www.argentina.gob.ar/parquesnacionales","link_wikipedia":"https://fr.wikipedia.org/wiki/Q829415"}},{"type":"Feature","geometry":{"type":"Polygon","coordinates":[[[-67.95966,-47.5084],[-67.99417,-47.50854],[-68.02589,-47.52664],[-68.02586,-47.53113],[-68.09226,-47.53135],[-68.09221,-47.53854],[-68.12542,-47.53863],[-68.12488,-47.63262],[-68.14485,-47.63267],[-68.14473,-47.65514],[-68.15804,-47.65518],[-68.15798,-47.66728],[-68.26449,-47.66748],[-68.26444,-47.68232],[-68.27776,-47.68234],[-68.27773,-47.69583],[-68.29105,-47.69584],[-68.29101,-47.70933],[-68.30434,-47.70935],[-68.30415,-47.79029],[-68.27746,-47.79026],[-68.27733,-47.83523],[-68.09033,-47.83484],[-68.09034,-47.83214],[-68.08834,-47.83213],[-68.08847,-47.81235],[-68.05709,-47.81225],[-68.05725,-47.78976],[-67.97664,-47.78947],[-67.97127,-47.78822],[-67.97171,-47.76573],[-67.94504,-47.76549],[-67.94455,-47.78934],[-67.80947,-47.78887],[-67.87696,-47.77387],[-67.86783,-47.72736],[-67.86581,-47.72609],[-67.85425,-47.70078],[-67.85687,-47.69478],[-67.85533,-47.68808],[-67.85423,-47.68702],[-67.86311,-47.65802],[-67.8473,-47.63897],[-67.85933,-47.63113],[-67.89204,-47.63178],[-67.89236,-47.59986],[-67.90176,-47.5999],[-67.90189,-47.58685],[-67.92573,-47.58696],[-67.92594,-47.56447],[-67.94255,-47.56455],[-67.94296,-47.51958],[-67.95956,-47.51964],[-67.95966,-47.5084]]]},"properties":{"fid":1,"Name":"PN Bosques Petrificados de Jaramillo","region":"DIRECCIÓN REGIONAL PATAGONIA AUSTRAL","attributes":{"categoryId":"Environnement","subCategoryId":"PARC","tags":["NATURE"],"gallery":["https://images.pexels.com/photos/2403205/pexels-photo-2403205.jpeg?auto=compress&cs=tinysrgb&w=800","https://images.pexels.com/photos/933054/pexels-photo-933054.jpeg?auto=compress&cs=tinysrgb&w=800","https://images.pexels.com/photos/572897/pexels-photo-572897.jpeg?auto=compress&cs=tinysrgb&w=800"],"informations":["Année de création : n.c.","Superficie : n.c."],"highlights":["Paysages remarquables","Biodiversité et observation de la faune","Randonnée et points de vue"],"external_links":["Site officiel : https://www.argentina.gob.ar/parquesnacionales","Wikipedia : https://es.wikipedia.org/wiki/Special:Search?search=PN%20Bosques%20Petrificados%20de%20Jaramillo"],"photo":"https://images.pexels.com/photos/2403205/pexels-photo-2403205.jpeg?auto=compress&cs=tinysrgb&w=800","short_desc":"PN Bosques Petrificados de Jaramillo est une aire protégée nationale en Argentine.","link_official":"https://www.argentina.gob.ar/parquesnacionales","link_wikipedia":"https://es.wikipedia.org/wiki/Special:Search?search=PN%20Bosques%20Petrificados%20de%20Jaramillo"},"categoryId":"Environnement","subCategoryId":"PARC","tags":["NATURE"],"gallery":["https://images.pexels.com/photos/2403205/pexels-photo-2403205.jpeg?auto=compress&cs=tinysrgb&w=800","https://images.pexels.com/photos/933054/pexels-photo-933054.jpeg?auto=compress&cs=tinysrgb&w=800","https://images.pexels.com/photos/572897/pexels-photo-572897.jpeg?auto=compress&cs=tinysrgb&w=800"],"informations":["Année de création : n.c.","Superficie : n.c."],"highlights":["Paysages remarquables","Biodiversité et observation de la faune","Randonnée et points de vue"],"external_links":["Site officiel : https://www.argentina.gob.ar/parquesnacionales","Wikipedia : https://es.wikipedia.org/wiki/Special:Search?search=PN%20Bosques%20Petrificados%20de%20Jaramillo"],"photo":"https://images.pexels.com/photos/2403205/pexels-photo-2403205.jpeg?auto=compress&cs=tinysrgb&w=800","short_desc":"PN Bosques Petrificados de Jaramillo est une aire protégée nationale en Argentine.","link_official":"https://www.argentina.gob.ar/parquesnacionales","link_wikipedia":"https://es.wikipedia.org/wiki/Special:Search?search=PN%20Bosques%20Petrificados%20de%20Jaramillo"}},{"type":"Feature","geometry":{"type":"MultiPolygon","coordinates":[[[[-71.3723,-46.90596],[-71.37367,-46.94396],[-71.39998,-46.94342],[-71.42814,-46.93994],[-71.51001,-46.93777],[-71.51025,-46.94093],[-71.47895,-46.94171],[-71.45937,-47.00102],[-71.42818,-47.0322],[-71.51583,-47.02993],[-71.52249,-47.1313],[-71.50691,-47.11938],[-71.46112,-47.11868],[-71.3843,-47.12114],[-71.38424,-47.11935],[-71.32497,-47.12241],[-71.33341,-47.2914],[-71.39753,-47.28904],[-71.39662,-47.30096],[-71.40045,-47.29987],[-71.40285,-47.34465],[-71.3373,-47.34648],[-71.34165,-47.42472],[-71.14891,-47.4278],[-71.14911,-47.42549],[-71.12811,-47.426],[-71.13274,-47.30529],[-71.13613,-47.3052],[-71.13626,-47.3067],[-71.20229,-47.305],[-71.18976,-47.07875],[-71.18606,-47.05815],[-71.1812,-47.03879],[-71.16224,-47.02811],[-71.14954,-47.02646],[-71.19389,-46.96748],[-71.20348,-46.95705],[-71.20792,-46.95773],[-71.21155,-46.95658],[-71.2124,-46.95557],[-71.2165,-46.95379],[-71.21953,-46.95395],[-71.22055,-46.95443],[-71.22287,-46.95266],[-71.23784,-46.9525],[-71.24512,-46.94895],[-71.26224,-46.94351],[-71.30471,-46.93243],[-71.30939,-46.92963],[-71.30355,-46.92329],[-71.30185,-46.91296],[-71.33146,-46.90643],[-71.35788,-46.9069],[-71.3723,-46.90596]]],[[[-71.3631,-46.66819],[-71.46799,-46.66519],[-71.46299,-46.59015],[-71.48629,-46.58611],[-71.5019,-46.58046],[-71.51746,-46.57413],[-71.52719,-46.57295],[-71.53462,-46.69399],[-71.46937,-46.69608],[-71.47305,-46.75872],[-71.36847,-46.76157],[-71.3631,-46.66819]]]]},"properties":{"fid":2,"Name":"PN Patagonia","region":"DIRECCIÓN REGIONAL PATAGONIA AUSTRAL","attributes":{"categoryId":"Environnement","subCategoryId":"PARC","tags":["NATURE"],"gallery":["https://images.pexels.com/photos/2403205/pexels-photo-2403205.jpeg?auto=compress&cs=tinysrgb&w=800","https://images.pexels.com/photos/933054/pexels-photo-933054.jpeg?auto=compress&cs=tinysrgb&w=800","https://images.pexels.com/photos/572897/pexels-photo-572897.jpeg?auto=compress&cs=tinysrgb&w=800"],"informations":["Année de création : n.c.","Superficie : n.c."],"highlights":["Paysages remarquables","Biodiversité et observation de la faune","Randonnée et points de vue"],"external_links":["Site officiel : https://www.argentina.gob.ar/parquesnacionales","Wikipedia : https://es.wikipedia.org/wiki/Special:Search?search=PN%20Patagonia"],"photo":"https://images.pexels.com/photos/2403205/pexels-photo-2403205.jpeg?auto=compress&cs=tinysrgb&w=800","short_desc":"PN Patagonia est une aire protégée nationale en Argentine.","link_official":"https://www.argentina.gob.ar/parquesnacionales","link_wikipedia":"https://es.wikipedia.org/wiki/Special:Search?search=PN%20Patagonia"},"categoryId":"Environnement","subCategoryId":"PARC","tags":["NATURE"],"gallery":["https://images.pexels.com/photos/2403205/pexels-photo-2403205.jpeg?auto=compress&cs=tinysrgb&w=800","https://images.pexels.com/photos/933054/pexels-photo-933054.jpeg?auto=compress&cs=tinysrgb&w=800","https://images.pexels.com/photos/572897/pexels-photo-572897.jpeg?auto=compress&cs=tinysrgb&w=800"],"informations":["Année de création : n.c.","Superficie : n.c."],"highlights":["Paysages remarquables","Biodiversité et observation de la faune","Randonnée et points de vue"],"external_links":["Site officiel : https://www.argentina.gob.ar/parquesnacionales","Wikipedia : https://es.wikipedia.org/wiki/Special:Search?search=PN%20Patagonia"],"photo":"https://images.pexels.com/photos/2403205/pexels-photo-2403205.jpeg?auto=compress&cs=tinysrgb&w=800","short_desc":"PN Patagonia est une aire protégée nationale en Argentine.","link_official":"https://www.argentina.gob.ar/parquesnacionales","link_wikipedia":"https://es.wikipedia.org/wiki/Special:Search?search=PN%20Patagonia"}},{"type":"Feature","geometry":{"type":"Polygon","coordinates":[[[-72.07953,-47.59557],[-72.07607,-47.54829],[-72.20864,-47.54377],[-72.21544,-47.63353],[-72.14906,-47.63582],[-72.15579,-47.72617],[-72.44755,-47.71959],[-72.44676,-47.72217],[-72.44185,-47.72596],[-72.43926,-47.73007],[-72.43553,-47.73351],[-72.4376,-47.73502],[-72.43745,-47.73722],[-72.4379,-47.73794],[-72.44188,-47.7399],[-72.44245,-47.74186],[-72.44159,-47.74359],[-72.44195,-47.74525],[-72.44272,-47.7461],[-72.44353,-47.74629],[-72.45094,-47.74236],[-72.45542,-47.7409],[-72.45857,-47.74104],[-72.46103,-47.73968],[-72.46606,-47.73789],[-72.46693,-47.73849],[-72.46672,-47.74119],[-72.46776,-47.74453],[-72.47115,-47.74625],[-72.47201,-47.74818],[-72.47127,-47.75163],[-72.4718,-47.75419],[-72.47293,-47.75544],[-72.47283,-47.75677],[-72.47362,-47.75765],[-72.47321,-47.75851],[-72.47538,-47.75891],[-72.47804,-47.75865],[-72.48442,-47.75908],[-72.48523,-47.75742],[-72.48656,-47.75656],[-72.4866,-47.75436],[-72.48968,-47.75337],[-72.49544,-47.75339],[-72.49679,-47.75458],[-72.49729,-47.75601],[-72.49801,-47.75575],[-72.50217,-47.75105],[-72.50374,-47.75068],[-72.50434,-47.74968],[-72.50603,-47.74906],[-72.50829,-47.74588],[-72.51231,-47.74548],[-72.51388,-47.74569],[-72.52034,-47.7442],[-72.52108,-47.7433],[-72.52154,-47.74107],[-72.52246,-47.74047],[-72.52334,-47.74044],[-72.52336,-47.74556],[-72.52431,-47.74799],[-72.52408,-47.74965],[-72.52329,-47.75006],[-72.52324,-47.75206],[-72.52236,-47.75427],[-72.516,-47.75736],[-72.51294,-47.76099],[-72.50955,-47.76151],[-72.5078,-47.76135],[-72.50559,-47.76228],[-72.50272,-47.76698],[-72.50257,-47.76757],[-72.50456,-47.76917],[-72.50348,-47.77147],[-72.50103,-47.7723],[-72.5009,-47.77368],[-72.49987,-47.77472],[-72.49951,-47.77996],[-72.50052,-47.78348],[-72.49997,-47.78746],[-72.49833,-47.78942],[-72.4957,-47.78991],[-72.49471,-47.79161],[-72.49473,-47.7933],[-72.49656,-47.79513],[-72.49593,-47.79711],[-72.49161,-47.80038],[-72.48909,-47.80125],[-72.4862,-47.80389],[-72.48594,-47.80568],[-72.4803,-47.80918],[-72.4776,-47.81067],[-72.47063,-47.81303],[-72.46982,-47.81263],[-72.47047,-47.8121],[-72.4702,-47.81176],[-72.46825,-47.81221],[-72.46816,-47.81275],[-72.46975,-47.81514],[-72.47084,-47.81556],[-72.47106,-47.81797],[-72.47027,-47.81863],[-72.47008,-47.8202],[-72.4717,-47.82477],[-72.47282,-47.83317],[-72.47486,-47.83519],[-72.47463,-47.83601],[-72.47262,-47.8374],[-72.47386,-47.8399],[-72.47311,-47.84234],[-72.47385,-47.8461],[-72.47359,-47.84855],[-72.47438,-47.85127],[-72.47325,-47.85853],[-72.47523,-47.86482],[-72.47753,-47.86791],[-72.47672,-47.86936],[-72.47688,-47.87093],[-72.47822,-47.87138],[-72.48082,-47.87064],[-72.48359,-47.87199],[-72.48632,-47.87188],[-72.49284,-47.8728],[-72.49495,-47.87341],[-72.49797,-47.87514],[-72.49839,-47.87658],[-72.49805,-47.87856],[-72.50022,-47.88035],[-72.50079,-47.88171],[-72.49968,-47.88565],[-72.50471,-47.8921],[-72.50831,-47.89307],[-72.51114,-47.89522],[-72.5123,-47.89747],[-72.51508,-47.90061],[-72.51512,-47.9023],[-72.51594,-47.90409],[-72.5222,-47.91096],[-72.52346,-47.91625],[-72.52323,-47.92107],[-72.52256,-47.92339],[-72.52274,-47.92364],[-72.52479,-47.92322],[-72.52734,-47.9244],[-72.52626,-47.9284],[-72.52801,-47.93497],[-72.52742,-47.93778],[-72.52464,-47.94034],[-72.52372,-47.94382],[-72.52224,-47.94667],[-72.52114,-47.94711],[-72.51916,-47.94582],[-72.51777,-47.94572],[-72.51028,-47.94796],[-72.50505,-47.95148],[-72.50606,-47.95236],[-72.50575,-47.95384],[-72.50346,-47.95785],[-72.49781,-47.96116],[-72.49514,-47.96055],[-72.49297,-47.95846],[-72.49234,-47.95842],[-72.48646,-47.95863],[-72.48334,-47.95918],[-72.47931,-47.96068],[-72.46856,-47.96012],[-72.46751,-47.95962],[-72.46699,-47.95662],[-72.4595,-47.95649],[-72.45717,-47.95788],[-72.45668,-47.95959],[-72.45504,-47.96093],[-72.45495,-47.96346],[-72.4542,-47.96384],[-72.44522,-47.96436],[-72.43876,-47.96558],[-72.4345,-47.96544],[-72.43166,-47.96485],[-72.42726,-47.96575],[-72.42426,-47.96942],[-72.42552,-47.96975],[-72.42809,-47.97163],[-72.42553,-47.97647],[-72.42253,-47.97873],[-72.42247,-47.98132],[-72.42323,-47.9845],[-72.42049,-47.98676],[-72.42177,-47.98989],[-72.42413,-47.99228],[-72.42538,-47.99602],[-72.42255,-47.99918],[-72.41952,-48.00073],[-72.41878,-48.00272],[-72.42092,-48.00471],[-72.42145,-48.00677],[-72.42755,-48.00929],[-72.42871,-48.01117],[-72.42919,-48.01459],[-72.42773,-48.01857],[-72.42925,-48.02298],[-72.43112,-48.02646],[-72.43142,-48.02812],[-72.4306,-48.03142],[-72.43141,-48.03456],[-72.42815,-48.03877],[-72.4285,-48.04148],[-72.42933,-48.043],[-72.43219,-48.04467],[-72.43447,-48.04695],[-72.43868,-48.04796],[-72.44058,-48.04903],[-72.44109,-48.05156],[-72.43948,-48.0545],[-72.43931,-48.05824],[-72.43995,-48.05922],[-72.44154,-48.05994],[-72.44224,-48.06075],[-72.44372,-48.06309],[-72.44379,-48.06435],[-72.44245,-48.06521],[-72.43942,-48.0662],[-72.43694,-48.06787],[-72.43247,-48.0695],[-72.42945,-48.07143],[-72.42321,-48.07143],[-72.42206,-48.07186],[-72.42137,-48.07287],[-72.42149,-48.07679],[-72.42003,-48.07756],[-72.41612,-48.07815],[-72.41413,-48.07807],[-72.41209,-48.07748],[-72.40783,-48.07804],[-72.40548,-48.07596],[-72.40057,-48.07493],[-72.39798,-48.07501],[-72.39482,-48.0768],[-72.38397,-48.07118],[-72.38015,-48.07255],[-72.37655,-48.07446],[-72.36979,-48.0756],[-72.36779,-48.07556],[-72.36228,-48.0737],[-72.36031,-48.0736],[-72.36011,-48.07451],[-72.36154,-48.07834],[-72.36077,-48.08102],[-72.35949,-48.08286],[-72.36088,-48.0875],[-72.36077,-48.08959],[-72.35702,-48.09527],[-72.35503,-48.10101],[-72.35056,-48.10478],[-72.34777,-48.10515],[-72.3431,-48.10734],[-72.33988,-48.11095],[-72.33826,-48.11204],[-72.33278,-48.11376],[-72.33001,-48.11528],[-72.32716,-48.11602],[-72.32567,-48.11877],[-72.32324,-48.12105],[-72.32367,-48.12433],[-72.3222,-48.12883],[-72.32203,-48.13148],[-72.26034,-48.13148],[-72.24976,-47.9925],[-72.0607,-47.999],[-72.00094,-48.00139],[-71.98043,-48.00153],[-71.96766,-47.85128],[-71.96842,-47.85059],[-71.9675,-47.84857],[-71.96863,-47.84758],[-71.96958,-47.84803],[-71.97007,-47.84956],[-71.97121,-47.84884],[-71.97228,-47.84904],[-71.97234,-47.84779],[-71.97069,-47.84641],[-71.97201,-47.84583],[-71.97455,-47.84597],[-71.97486,-47.8442],[-71.97588,-47.84426],[-71.97776,-47.84549],[-71.97921,-47.84459],[-71.98,-47.84475],[-71.98062,-47.84552],[-71.98217,-47.84433],[-71.98561,-47.8452],[-71.98584,-47.84445],[-71.98509,-47.84406],[-71.98505,-47.84344],[-71.98848,-47.84354],[-71.99091,-47.84216],[-71.99076,-47.84097],[-71.98838,-47.84073],[-71.98826,-47.83897],[-71.9889,-47.83844],[-71.99047,-47.83853],[-71.99255,-47.8398],[-71.99394,-47.83938],[-71.99527,-47.8396],[-71.99655,-47.83889],[-71.99815,-47.8392],[-71.99941,-47.83867],[-72.0016,-47.83871],[-72.00504,-47.83907],[-72.00766,-47.83848],[-72.01201,-47.83389],[-72.0123,-47.83159],[-72.01073,-47.83086],[-72.01025,-47.82975],[-72.01126,-47.82904],[-72.01122,-47.82789],[-72.01216,-47.82611],[-72.00943,-47.8223],[-72.00827,-47.81418],[-72.00686,-47.81205],[-72.00712,-47.81101],[-72.00905,-47.80955],[-72.00862,-47.80699],[-72.00942,-47.80514],[-72.00915,-47.80441],[-72.00657,-47.80256],[-72.00712,-47.80118],[-72.00719,-47.79741],[-72.00658,-47.7922],[-72.00849,-47.78914],[-72.00962,-47.78498],[-72.01243,-47.77913],[-72.01372,-47.77392],[-72.01478,-47.76569],[-72.01609,-47.76386],[-72.02011,-47.76081],[-72.02353,-47.75486],[-72.02636,-47.75175],[-72.02384,-47.74689],[-72.02172,-47.74464],[-72.02125,-47.74101],[-72.024,-47.73587],[-72.02445,-47.73003],[-72.08929,-47.72812],[-72.07953,-47.59557]]]},"properties":{"fid":3,"Name":"PN Perito Moreno","region":"DIRECCIÓN REGIONAL PATAGONIA AUSTRAL","attributes":{"categoryId":"Environnement","subCategoryId":"PARC","tags":["NATURE"],"gallery":["https://commons.wikimedia.org/wiki/Special:FilePath/Perito moreno argentinië.JPEG?width=800"],"informations":["Superficie : 4459 hectares","ID : Q215992"],"highlights":["Paysages remarquables","Biodiversité et observation de la faune","Randonnée et points de vue"],"external_links":["Site officiel : https://www.argentina.gob.ar/parquesnacionales","Wikipedia : https://es.wikipedia.org/wiki/Special:Search?search=PN%20Perito%20Moreno"],"photo":"https://images.pexels.com/photos/2403205/pexels-photo-2403205.jpeg?auto=compress&cs=tinysrgb&w=800","short_desc":"PN Perito Moreno est une aire protégée nationale en Argentine.","link_official":"https://www.argentina.gob.ar/parquesnacionales","link_wikipedia":"https://es.wikipedia.org/wiki/Special:Search?search=PN%20Perito%20Moreno"},"categoryId":"Environnement","subCategoryId":"PARC","tags":["NATURE"],"gallery":["https://images.pexels.com/photos/2403205/pexels-photo-2403205.jpeg?auto=compress&cs=tinysrgb&w=800","https://images.pexels.com/photos/933054/pexels-photo-933054.jpeg?auto=compress&cs=tinysrgb&w=800","https://images.pexels.com/photos/572897/pexels-photo-572897.jpeg?auto=compress&cs=tinysrgb&w=800"],"informations":["Année de création : n.c.","Superficie : n.c."],"highlights":["Paysages remarquables","Biodiversité et observation de la faune","Randonnée et points de vue"],"external_links":["Site officiel : https://www.argentina.gob.ar/parquesnacionales","Wikipedia : https://es.wikipedia.org/wiki/Special:Search?search=PN%20Perito%20Moreno"],"photo":"https://images.pexels.com/photos/2403205/pexels-photo-2403205.jpeg?auto=compress&cs=tinysrgb&w=800","short_desc":"Résumé non disponible.","link_official":"https://www.argentina.gob.ar/parquesnacionales","link_wikipedia":"https://fr.wikipedia.org/wiki/Q215992"}},{"type":"Feature","geometry":{"type":"Polygon","coordinates":[[[-68.93604,-50.20144],[-68.97819,-50.20136],[-68.9781,-50.23173],[-68.98135,-50.23411],[-68.99232,-50.23913],[-69.02349,-50.24806],[-69.05738,-50.26003],[-69.07996,-50.26339],[-69.09379,-50.26485],[-69.10702,-50.26739],[-69.15808,-50.2787],[-69.16093,-50.27993],[-69.1781,-50.29176],[-69.15448,-50.29177],[-69.15452,-50.38219],[-69.1986,-50.38216],[-69.19919,-50.47279],[-69.00976,-50.47292],[-69.0057,-50.46878],[-69.00086,-50.46075],[-68.99695,-50.45599],[-68.98842,-50.44067],[-68.98278,-50.43234],[-68.96619,-50.41531],[-68.96235,-50.41203],[-68.95837,-50.4095],[-68.95542,-50.40529],[-68.95019,-50.40035],[-68.929,-50.38509],[-68.92601,-50.38339],[-68.92452,-50.38369],[-68.92492,-50.38249],[-68.92588,-50.38226],[-68.92561,-50.38183],[-68.92461,-50.3819],[-68.92513,-50.38152],[-68.92602,-50.38159],[-68.92653,-50.38078],[-68.92558,-50.37979],[-68.92599,-50.37929],[-68.92542,-50.37873],[-68.91787,-50.37389],[-68.91443,-50.37008],[-68.91137,-50.36796],[-68.90709,-50.3638],[-68.90286,-50.36166],[-68.89751,-50.36033],[-68.89537,-50.36169],[-68.89043,-50.35939],[-68.88505,-50.35773],[-68.88353,-50.35803],[-68.88303,-50.35977],[-68.87931,-50.36085],[-68.88103,-50.35913],[-68.88131,-50.35628],[-68.88061,-50.35488],[-68.88392,-50.35411],[-68.88465,-50.35109],[-68.88426,-50.35017],[-68.88273,-50.34981],[-68.88145,-50.34892],[-68.88071,-50.34734],[-68.87809,-50.34658],[-68.87938,-50.3454],[-68.87911,-50.34324],[-68.87736,-50.34406],[-68.87734,-50.34496],[-68.87559,-50.34491],[-68.87497,-50.34433],[-68.87605,-50.3428],[-68.87836,-50.34247],[-68.87906,-50.34044],[-68.87878,-50.3395],[-68.87951,-50.33867],[-68.87851,-50.33879],[-68.87943,-50.33745],[-68.88075,-50.33663],[-68.88001,-50.33562],[-68.86744,-50.32665],[-68.86243,-50.32411],[-68.85005,-50.31963],[-68.82955,-50.31433],[-68.81916,-50.31266],[-68.81525,-50.30973],[-68.80922,-50.30832],[-68.80237,-50.30525],[-68.79712,-50.30135],[-68.79369,-50.2978],[-68.78942,-50.29567],[-68.78255,-50.29319],[-68.77326,-50.28815],[-68.76533,-50.28655],[-68.75413,-50.28646],[-68.75199,-50.28698],[-68.7488,-50.28874],[-68.73867,-50.28974],[-68.73733,-50.28955],[-68.73167,-50.28689],[-68.72415,-50.28508],[-68.71944,-50.28337],[-68.71768,-50.28184],[-68.71716,-50.27961],[-68.71539,-50.27832],[-68.71416,-50.27832],[-68.71121,-50.27942],[-68.7073,-50.27756],[-68.70573,-50.2757],[-68.7034,-50.27499],[-68.70064,-50.27499],[-68.69569,-50.27637],[-68.69165,-50.27627],[-68.6907,-50.27594],[-68.68998,-50.2747],[-68.69036,-50.27271],[-68.6897,-50.27156],[-68.68727,-50.27094],[-68.68365,-50.27152],[-68.67632,-50.27114],[-68.67275,-50.27014],[-68.67161,-50.26961],[-68.66909,-50.26666],[-68.66823,-50.2609],[-68.66709,-50.25962],[-68.666,-50.25933],[-68.66409,-50.25957],[-68.66362,-50.26038],[-68.6619,-50.26043],[-68.66,-50.2619],[-68.65933,-50.26195],[-68.66005,-50.25824],[-68.65919,-50.25714],[-68.63801,-50.25134],[-68.6363,-50.2511],[-68.6355,-50.25148],[-68.71352,-50.20178],[-68.93604,-50.20144]]]},"properties":{"fid":4,"Name":"PN Monte León","region":"DIRECCIÓN REGIONAL PATAGONIA AUSTRAL","attributes":{"categoryId":"Environnement","subCategoryId":"PARC","tags":["NATURE"],"gallery":["https://commons.wikimedia.org/wiki/Special:FilePath/Monte Leon2.jpg?width=800"],"informations":["Superficie : 62169 hectares","ID : Q829872"],"highlights":["Paysages remarquables","Biodiversité et observation de la faune","Randonnée et points de vue"],"external_links":["Site officiel : https://www.argentina.gob.ar/parquesnacionales","Wikipedia : https://es.wikipedia.org/wiki/Special:Search?search=PN%20Monte%20Le%C3%B3n"],"photo":"https://images.pexels.com/photos/2403205/pexels-photo-2403205.jpeg?auto=compress&cs=tinysrgb&w=800","short_desc":"PN Monte León est une aire protégée nationale en Argentine.","link_official":"https://www.argentina.gob.ar/parquesnacionales","link_wikipedia":"https://es.wikipedia.org/wiki/Special:Search?search=PN%20Monte%20Le%C3%B3n"},"categoryId":"Environnement","subCategoryId":"PARC","tags":["NATURE"],"gallery":["https://images.pexels.com/photos/2403205/pexels-photo-2403205.jpeg?auto=compress&cs=tinysrgb&w=800","https://images.pexels.com/photos/933054/pexels-photo-933054.jpeg?auto=compress&cs=tinysrgb&w=800","https://images.pexels.com/photos/572897/pexels-photo-572897.jpeg?auto=compress&cs=tinysrgb&w=800"],"informations":["Année de création : n.c.","Superficie : n.c."],"highlights":["Paysages remarquables","Biodiversité et observation de la faune","Randonnée et points de vue"],"external_links":["Site officiel : https://www.argentina.gob.ar/parquesnacionales","Wikipedia : https://es.wikipedia.org/wiki/Special:Search?search=PN%20Monte%20Le%C3%B3n"],"photo":"https://images.pexels.com/photos/2403205/pexels-photo-2403205.jpeg?auto=compress&cs=tinysrgb&w=800","short_desc":"Résumé non disponible.","link_official":"https://www.argentina.gob.ar/parquesnacionales","link_wikipedia":"https://fr.wikipedia.org/wiki/Q829872"}},{"type":"Feature","geometry":{"type":"Polygon","coordinates":[[[-68.50227,-54.86661],[-68.50528,-54.86714],[-68.50717,-54.86682],[-68.50906,-54.86708],[-68.51657,-54.86547],[-68.51878,-54.86713],[-68.52526,-54.86823],[-68.52769,-54.86932],[-68.53265,-54.8671],[-68.53796,-54.86621],[-68.53915,-54.86562],[-68.54228,-54.86569],[-68.5501,-54.86308],[-68.55239,-54.86326],[-68.55608,-54.8625],[-68.56063,-54.86061],[-68.5603,-54.86007],[-68.56269,-54.85905],[-68.568,-54.85723],[-68.57217,-54.85653],[-68.57257,-54.8553],[-68.57395,-54.8552],[-68.57502,-54.85435],[-68.57703,-54.85433],[-68.5773,-54.85396],[-68.57539,-54.85263],[-68.57341,-54.85328],[-68.57228,-54.85277],[-68.56782,-54.85367],[-68.55801,-54.85279],[-68.55307,-54.8502],[-68.55179,-54.85103],[-68.54982,-54.85103],[-68.54886,-54.85064],[-68.54819,-54.85118],[-68.54481,-54.85116],[-68.54229,-54.85045],[-68.54187,-54.84981],[-68.53979,-54.85167],[-68.53822,-54.8516],[-68.53643,-54.85274],[-68.53412,-54.85269],[-68.53258,-54.8534],[-68.53143,-54.85344],[-68.5306,-54.85421],[-68.53033,-54.85588],[-68.52637,-54.85724],[-68.52559,-54.85716],[-68.52379,-54.8584],[-68.52249,-54.85765],[-68.52001,-54.8582],[-68.51773,-54.85743],[-68.51532,-54.85859],[-68.51109,-54.85905],[-68.50923,-54.85835],[-68.50489,-54.85834],[-68.50381,-54.85772],[-68.50233,-54.85803],[-68.50126,-54.85775],[-68.50043,-54.85726],[-68.50098,-54.85643],[-68.50029,-54.85639],[-68.50148,-54.85535],[-68.50325,-54.85492],[-68.50255,-54.8541],[-68.4948,-54.85075],[-68.49456,-54.84991],[-68.49184,-54.84923],[-68.49195,-54.84838],[-68.48976,-54.84793],[-68.48566,-54.84795],[-68.48529,-54.84751],[-68.48173,-54.84682],[-68.47934,-54.84764],[-68.47973,-54.84833],[-68.47849,-54.84919],[-68.47864,-54.84968],[-68.47675,-54.85091],[-68.47645,-54.85177],[-68.47344,-54.8533],[-68.47355,-54.85381],[-68.47212,-54.85458],[-68.47063,-54.85474],[-68.46951,-54.85376],[-68.46572,-54.85452],[-68.46501,-54.85592],[-68.46343,-54.85714],[-68.46017,-54.85829],[-68.46017,-54.85866],[-68.46213,-54.85954],[-68.45937,-54.85965],[-68.45747,-54.85899],[-68.45934,-54.85796],[-68.45902,-54.85744],[-68.45781,-54.85727],[-68.45717,-54.85593],[-68.45386,-54.85819],[-68.45163,-54.85853],[-68.45127,-54.85823],[-68.44894,-54.8588],[-68.44508,-54.85871],[-68.44414,-54.8582],[-68.44396,-54.7835],[-68.35177,-54.78349],[-68.35172,-54.4604],[-68.37398,-54.45691],[-68.40376,-54.44534],[-68.43715,-54.45177],[-68.44776,-54.45827],[-68.46756,-54.4564],[-68.47432,-54.45355],[-68.48873,-54.45649],[-68.50557,-54.459],[-68.52143,-54.45839],[-68.53251,-54.45589],[-68.53428,-54.45625],[-68.55141,-54.45625],[-68.55505,-54.45665],[-68.5575,-54.45512],[-68.53111,-54.44045],[-68.53572,-54.43618],[-68.54122,-54.43455],[-68.5422,-54.43126],[-68.54522,-54.42807],[-68.54912,-54.42946],[-68.55367,-54.42947],[-68.55948,-54.42876],[-68.56326,-54.42786],[-68.56969,-54.42788],[-68.57426,-54.42597],[-68.57569,-54.42387],[-68.57978,-54.42288],[-68.58947,-54.42584],[-68.59872,-54.42642],[-68.60894,-54.42646],[-68.60728,-54.52882],[-68.60771,-54.55563],[-68.60714,-54.56661],[-68.60633,-54.56849],[-68.60595,-54.57247],[-68.60037,-54.70237],[-68.59918,-54.72563],[-68.5974,-54.743],[-68.59513,-54.79962],[-68.59641,-54.87298],[-68.60933,-54.89265],[-68.60942,-54.89396],[-68.60575,-54.89393],[-68.60389,-54.89439],[-68.60107,-54.8942],[-68.59772,-54.89321],[-68.59315,-54.89327],[-68.58873,-54.89237],[-68.58538,-54.8925],[-68.58221,-54.89329],[-68.57902,-54.89283],[-68.57651,-54.89179],[-68.57359,-54.89165],[-68.5729,-54.89122],[-68.56629,-54.8909],[-68.56305,-54.89116],[-68.55917,-54.89036],[-68.55833,-54.88881],[-68.5545,-54.88724],[-68.55769,-54.88599],[-68.56195,-54.88528],[-68.5626,-54.88376],[-68.56067,-54.88248],[-68.55808,-54.88183],[-68.55342,-54.88178],[-68.54832,-54.88043],[-68.54633,-54.88065],[-68.54302,-54.8802],[-68.54138,-54.88026],[-68.54015,-54.88091],[-68.53871,-54.88055],[-68.53577,-54.8808],[-68.53548,-54.88029],[-68.53352,-54.87996],[-68.53267,-54.87935],[-68.52838,-54.87946],[-68.52817,-54.879],[-68.52912,-54.87847],[-68.5346,-54.877],[-68.53461,-54.87587],[-68.53377,-54.87535],[-68.53199,-54.87484],[-68.53095,-54.87525],[-68.53031,-54.8745],[-68.52848,-54.87398],[-68.52572,-54.87419],[-68.52537,-54.87322],[-68.52329,-54.87339],[-68.5209,-54.87173],[-68.5177,-54.87083],[-68.51675,-54.87106],[-68.51581,-54.8705],[-68.51489,-54.87082],[-68.51226,-54.87038],[-68.51184,-54.8714],[-68.51042,-54.87111],[-68.50846,-54.87136],[-68.50728,-54.87025],[-68.50672,-54.86825],[-68.50354,-54.86837],[-68.50282,-54.86773],[-68.50339,-54.86719],[-68.50098,-54.86764],[-68.49993,-54.86711],[-68.50227,-54.86661]]]},"properties":{"fid":5,"Name":"PN Tierra del Fuego","region":"DIRECCIÓN REGIONAL PATAGONIA AUSTRAL","attributes":{"categoryId":"Environnement","subCategoryId":"PARC","tags":["NATURE"],"gallery":["https://commons.wikimedia.org/wiki/Special:FilePath/PN Tierra del Fuego (View Costera).jpg?width=800"],"informations":["Superficie : 630 hectares","ID : Q828709"],"highlights":["Paysages remarquables","Biodiversité et observation de la faune","Randonnée et points de vue"],"external_links":["Site officiel : https://www.argentina.gob.ar/parquesnacionales","Wikipedia : https://es.wikipedia.org/wiki/Special:Search?search=PN%20Tierra%20del%20Fuego"],"photo":"https://images.pexels.com/photos/2403205/pexels-photo-2403205.jpeg?auto=compress&cs=tinysrgb&w=800","short_desc":"PN Tierra del Fuego est une aire protégée nationale en Argentine.","link_official":"https://www.argentina.gob.ar/parquesnacionales","link_wikipedia":"https://es.wikipedia.org/wiki/Special:Search?search=PN%20Tierra%20del%20Fuego"},"categoryId":"Environnement","subCategoryId":"PARC","tags":["NATURE"],"gallery":["https://images.pexels.com/photos/2403205/pexels-photo-2403205.jpeg?auto=compress&cs=tinysrgb&w=800","https://images.pexels.com/photos/933054/pexels-photo-933054.jpeg?auto=compress&cs=tinysrgb&w=800","https://images.pexels.com/photos/572897/pexels-photo-572897.jpeg?auto=compress&cs=tinysrgb&w=800"],"informations":["Année de création : n.c.","Superficie : n.c."],"highlights":["Paysages remarquables","Biodiversité et observation de la faune","Randonnée et points de vue"],"external_links":["Site officiel : https://www.argentina.gob.ar/parquesnacionales","Wikipedia : https://es.wikipedia.org/wiki/Special:Search?search=PN%20Tierra%20del%20Fuego"],"photo":"https://images.pexels.com/photos/2403205/pexels-photo-2403205.jpeg?auto=compress&cs=tinysrgb&w=800","short_desc":"Résumé non disponible.","link_official":"https://www.argentina.gob.ar/parquesnacionales","link_wikipedia":"https://fr.wikipedia.org/wiki/Q828709"}},{"type":"Feature","geometry":{"type":"MultiPolygon","coordinates":[[[[-64.32925,-54.73391],[-64.33139,-54.73343],[-64.33524,-54.73072],[-64.33829,-54.72958],[-64.34096,-54.72582],[-64.33929,-54.71901],[-64.3401,-54.71392],[-64.33662,-54.7074],[-64.33739,-54.70297],[-64.33848,-54.70288],[-64.33958,-54.70345],[-64.34005,-54.7045],[-64.34019,-54.71092],[-64.34043,-54.71206],[-64.3411,-54.71263],[-64.34205,-54.71273],[-64.34186,-54.71482],[-64.34443,-54.71625],[-64.3459,-54.71863],[-64.34767,-54.71958],[-64.34843,-54.72177],[-64.34843,-54.72344],[-64.34648,-54.72839],[-64.34962,-54.73305],[-64.34862,-54.73729],[-64.34943,-54.74062],[-64.35347,-54.74509],[-64.35699,-54.74666],[-64.36242,-54.7479],[-64.36375,-54.7489],[-64.3657,-54.74904],[-64.36732,-54.75004],[-64.36899,-54.75028],[-64.37146,-54.7499],[-64.3727,-54.75037],[-64.37346,-54.75132],[-64.37574,-54.75147],[-64.37631,-54.7528],[-64.37636,-54.75751],[-64.37336,-54.75808],[-64.37217,-54.75913],[-64.37198,-54.76184],[-64.37351,-54.7636],[-64.37332,-54.76522],[-64.37236,-54.76503],[-64.37155,-54.76589],[-64.36979,-54.7666],[-64.36837,-54.76841],[-64.3678,-54.77207],[-64.36613,-54.77312],[-64.36484,-54.77336],[-64.36375,-54.77436],[-64.36294,-54.77431],[-64.35971,-54.77759],[-64.35999,-54.7814],[-64.36285,-54.7835],[-64.36432,-54.7834],[-64.36456,-54.7843],[-64.36385,-54.78468],[-64.36113,-54.78397],[-64.35761,-54.78511],[-64.35923,-54.78645],[-64.35913,-54.78754],[-64.36009,-54.78802],[-64.35899,-54.79078],[-64.35899,-54.79254],[-64.35961,-54.79325],[-64.35875,-54.79444],[-64.3599,-54.79653],[-64.36137,-54.79677],[-64.36251,-54.79987],[-64.36266,-54.80125],[-64.36032,-54.80453],[-64.36037,-54.80558],[-64.36161,-54.80696],[-64.36437,-54.808],[-64.36418,-54.80862],[-64.36594,-54.80929],[-64.36737,-54.81091],[-64.37041,-54.81138],[-64.37179,-54.81119],[-64.37313,-54.80943],[-64.3717,-54.8031],[-64.37265,-54.80058],[-64.36956,-54.79615],[-64.36822,-54.79558],[-64.36656,-54.79363],[-64.36656,-54.79278],[-64.36765,-54.79239],[-64.36837,-54.7904],[-64.36765,-54.78997],[-64.36741,-54.78883],[-64.36784,-54.78664],[-64.3667,-54.78626],[-64.36661,-54.78483],[-64.36756,-54.78388],[-64.37122,-54.7834],[-64.37246,-54.78188],[-64.3757,-54.78169],[-64.37984,-54.7794],[-64.38426,-54.78016],[-64.38607,-54.78178],[-64.38802,-54.78259],[-64.39326,-54.78254],[-64.39426,-54.78292],[-64.3954,-54.7825],[-64.39592,-54.77907],[-64.39454,-54.77702],[-64.38973,-54.7746],[-64.38897,-54.77369],[-64.38807,-54.77136],[-64.38854,-54.77027],[-64.38669,-54.7685],[-64.38593,-54.7667],[-64.3885,-54.76213],[-64.38954,-54.76165],[-64.39088,-54.76165],[-64.39116,-54.7597],[-64.39002,-54.75547],[-64.38564,-54.75209],[-64.38997,-54.75094],[-64.38997,-54.75004],[-64.3914,-54.74914],[-64.39564,-54.75042],[-64.39735,-54.74952],[-64.39987,-54.74971],[-64.40049,-54.74928],[-64.40154,-54.74928],[-64.40501,-54.75071],[-64.40963,-54.7508],[-64.41101,-54.75128],[-64.41224,-54.75309],[-64.41596,-54.75328],[-64.41691,-54.75418],[-64.42152,-54.75489],[-64.42224,-54.75642],[-64.41648,-54.75599],[-64.4151,-54.75627],[-64.41676,-54.75708],[-64.41648,-54.75742],[-64.41496,-54.75675],[-64.41224,-54.7577],[-64.40687,-54.76179],[-64.40401,-54.76327],[-64.40315,-54.76441],[-64.40311,-54.76665],[-64.4053,-54.76817],[-64.40553,-54.76889],[-64.40729,-54.76931],[-64.40653,-54.77065],[-64.40729,-54.7715],[-64.41029,-54.77198],[-64.41191,-54.77274],[-64.4121,-54.77379],[-64.40777,-54.7746],[-64.40482,-54.77826],[-64.40444,-54.77912],[-64.40553,-54.78031],[-64.40492,-54.78074],[-64.40553,-54.78126],[-64.40744,-54.78164],[-64.40858,-54.78259],[-64.40967,-54.7825],[-64.40967,-54.78135],[-64.41243,-54.78273],[-64.41415,-54.78216],[-64.41391,-54.78074],[-64.41186,-54.77897],[-64.40948,-54.77826],[-64.40939,-54.77755],[-64.41015,-54.77736],[-64.41048,-54.77764],[-64.41105,-54.77702],[-64.41167,-54.77455],[-64.41377,-54.77479],[-64.41672,-54.77407],[-64.41829,-54.77293],[-64.42152,-54.7726],[-64.42414,-54.7715],[-64.42481,-54.76988],[-64.42376,-54.76917],[-64.42395,-54.76869],[-64.42609,-54.76693],[-64.42823,-54.76727],[-64.42723,-54.7676],[-64.42709,-54.76827],[-64.43133,-54.76855],[-64.43076,-54.76712],[-64.42957,-54.76712],[-64.42766,-54.76641],[-64.42723,-54.76551],[-64.42809,-54.76522],[-64.42752,-54.7647],[-64.42957,-54.76494],[-64.43009,-54.76532],[-64.42938,-54.76551],[-64.42971,-54.76608],[-64.43157,-54.76708],[-64.43233,-54.76817],[-64.43594,-54.7666],[-64.4368,-54.76551],[-64.43923,-54.76417],[-64.43894,-54.76379],[-64.4329,-54.76275],[-64.43161,-54.76175],[-64.43147,-54.76132],[-64.43223,-54.76103],[-64.43385,-54.76118],[-64.43866,-54.76275],[-64.43956,-54.76237],[-64.44137,-54.7627],[-64.44389,-54.76246],[-64.4447,-54.76208],[-64.44936,-54.76313],[-64.45165,-54.76308],[-64.45331,-54.7636],[-64.45455,-54.76475],[-64.45555,-54.76436],[-64.45726,-54.76513],[-64.4624,-54.76546],[-64.46416,-54.76622],[-64.46764,-54.76646],[-64.47459,-54.76627],[-64.48458,-54.76494],[-64.48991,-54.76375],[-64.49096,-54.76284],[-64.49196,-54.75994],[-64.49372,-54.75899],[-64.49367,-54.75818],[-64.49538,-54.75618],[-64.49928,-54.7529],[-64.50457,-54.74966],[-64.51237,-54.74704],[-64.51351,-54.74614],[-64.51475,-54.74366],[-64.51808,-54.743],[-64.51894,-54.74228],[-64.5198,-54.73943],[-64.52156,-54.73857],[-64.52227,-54.73752],[-64.52208,-54.7351],[-64.52636,-54.72972],[-64.5276,-54.7291],[-64.52903,-54.72924],[-64.52993,-54.72891],[-64.53521,-54.72629],[-64.53959,-54.72582],[-64.54245,-54.72653],[-64.54378,-54.7252],[-64.54573,-54.72572],[-64.54478,-54.72739],[-64.54621,-54.72777],[-64.54559,-54.72901],[-64.54592,-54.72972],[-64.54921,-54.72991],[-64.54683,-54.73181],[-64.54649,-54.73557],[-64.54078,-54.74185],[-64.54235,-54.74347],[-64.54192,-54.74552],[-64.54026,-54.74547],[-64.54016,-54.74623],[-64.54192,-54.74828],[-64.54002,-54.74975],[-64.54211,-54.75109],[-64.54197,-54.75213],[-64.54292,-54.75256],[-64.54145,-54.75585],[-64.54173,-54.7588],[-64.54235,-54.76008],[-64.54326,-54.76027],[-64.54321,-54.76156],[-64.54088,-54.76613],[-64.5415,-54.76855],[-64.53612,-54.77136],[-64.53412,-54.77107],[-64.53031,-54.77126],[-64.52432,-54.77065],[-64.52146,-54.77312],[-64.51965,-54.77621],[-64.52008,-54.78478],[-64.52056,-54.78559],[-64.52674,-54.7883],[-64.52593,-54.78883],[-64.51889,-54.78778],[-64.51618,-54.78925],[-64.51428,-54.79128],[-64.51392,-54.79282],[-64.51618,-54.79354],[-64.51892,-54.79342],[-64.52094,-54.79461],[-64.52082,-54.79627],[-64.51392,-54.79544],[-64.51082,-54.79675],[-64.51142,-54.79806],[-64.52165,-54.79901],[-64.52248,-54.80032],[-64.52486,-54.8021],[-64.52605,-54.80246],[-64.52712,-54.80401],[-64.52855,-54.80448],[-64.53105,-54.80413],[-64.53057,-54.80067],[-64.53248,-54.8002],[-64.53355,-54.79752],[-64.53444,-54.79776],[-64.53557,-54.79693],[-64.53759,-54.79728],[-64.5395,-54.79633],[-64.54152,-54.79722],[-64.54277,-54.79675],[-64.54366,-54.79722],[-64.54568,-54.79699],[-64.55056,-54.79431],[-64.55687,-54.79592],[-64.55943,-54.79776],[-64.55972,-54.79907],[-64.56222,-54.80139],[-64.56288,-54.80329],[-64.56579,-54.8052],[-64.56552,-54.80925],[-64.56652,-54.81167],[-64.56652,-54.8141],[-64.57208,-54.81567],[-64.57408,-54.81567],[-64.57708,-54.81795],[-64.58136,-54.8201],[-64.58465,-54.82081],[-64.5865,-54.82081],[-64.59022,-54.81967],[-64.59079,-54.8191],[-64.59364,-54.81881],[-64.59578,-54.81538],[-64.59707,-54.81581],[-64.59921,-54.81553],[-64.60292,-54.81053],[-64.60421,-54.8101],[-64.60806,-54.81039],[-64.60878,-54.80882],[-64.61006,-54.80796],[-64.61349,-54.80682],[-64.61249,-54.80525],[-64.61549,-54.80511],[-64.61834,-54.8061],[-64.62148,-54.80525],[-64.62277,-54.80568],[-64.62405,-54.80525],[-64.62676,-54.80525],[-64.62779,-54.80143],[-64.62956,-54.80017],[-64.6311,-54.79966],[-64.63339,-54.80023],[-64.63961,-54.79714],[-64.63967,-54.79497],[-64.64104,-54.79223],[-64.64075,-54.78846],[-64.64213,-54.78709],[-64.64332,-54.78664],[-64.64515,-54.78264],[-64.64687,-54.78127],[-64.64687,-54.77841],[-64.64789,-54.77681],[-64.65092,-54.77704],[-64.65212,-54.77773],[-64.65515,-54.78327],[-64.65657,-54.78395],[-64.66177,-54.78412],[-64.66451,-54.78458],[-64.66497,-54.78498],[-64.66748,-54.78407],[-64.67165,-54.78515],[-64.67268,-54.78424],[-64.67508,-54.78475],[-64.6777,-54.78401],[-64.67907,-54.78447],[-64.68199,-54.7843],[-64.68296,-54.78475],[-64.68478,-54.78407],[-64.6841,-54.78321],[-64.68273,-54.78275],[-64.68398,-54.78235],[-64.68239,-54.78167],[-64.68404,-54.78167],[-64.68547,-54.78133],[-64.68587,-54.78064],[-64.68713,-54.78058],[-64.69238,-54.78173],[-64.69541,-54.78281],[-64.69615,-54.7843],[-64.68821,-54.78818],[-64.68273,-54.79223],[-64.67845,-54.79246],[-64.67673,-54.79343],[-64.67593,-54.79509],[-64.67639,-54.79589],[-64.67856,-54.79703],[-64.67805,-54.79772],[-64.67502,-54.79857],[-64.67428,-54.79994],[-64.6765,-54.8016],[-64.67896,-54.80228],[-64.68199,-54.8016],[-64.68427,-54.80177],[-64.68581,-54.80228],[-64.68798,-54.80411],[-64.69272,-54.8052],[-64.69341,-54.80588],[-64.69735,-54.80605],[-64.69986,-54.80337],[-64.70146,-54.80057],[-64.70426,-54.7984],[-64.7046,-54.79732],[-64.70791,-54.79714],[-64.7082,-54.79583],[-64.70923,-54.79583],[-64.70985,-54.79634],[-64.71048,-54.79617],[-64.70826,-54.79286],[-64.70883,-54.78961],[-64.71083,-54.79183],[-64.70991,-54.7932],[-64.711,-54.79583],[-64.71442,-54.79492],[-64.71596,-54.79817],[-64.71774,-54.79914],[-64.71831,-54.80029],[-64.71962,-54.80091],[-64.72248,-54.80097],[-64.72522,-54.80223],[-64.72699,-54.80434],[-64.72841,-54.80457],[-64.73093,-54.80348],[-64.73235,-54.80348],[-64.73447,-54.80354],[-64.73784,-54.80451],[-64.73795,-54.80594],[-64.73738,-54.80634],[-64.7323,-54.80571],[-64.7307,-54.80611],[-64.73081,-54.80708],[-64.72927,-54.80725],[-64.72899,-54.80777],[-64.72893,-54.81096],[-64.7267,-54.81074],[-64.72493,-54.81165],[-64.72836,-54.81302],[-64.73521,-54.81365],[-64.73447,-54.81462],[-64.73515,-54.81662],[-64.73618,-54.81747],[-64.74103,-54.81947],[-64.74138,-54.8209],[-64.73915,-54.82073],[-64.73789,-54.82124],[-64.73852,-54.82199],[-64.74081,-54.82284],[-64.74115,-54.82404],[-64.74635,-54.82615],[-64.74675,-54.82707],[-64.74463,-54.82724],[-64.74412,-54.82775],[-64.7464,-54.82832],[-64.74595,-54.82895],[-64.744,-54.83032],[-64.74143,-54.8301],[-64.73989,-54.83084],[-64.74081,-54.83175],[-64.74275,-54.83158],[-64.74755,-54.83255],[-64.74903,-54.83301],[-64.75137,-54.83495],[-64.75428,-54.83529],[-64.75657,-54.83649],[-64.7528,-54.8374],[-64.75171,-54.83689],[-64.7496,-54.83689],[-64.74949,-54.83809],[-64.7468,-54.83849],[-64.7468,-54.84015],[-64.74806,-54.8402],[-64.75011,-54.84197],[-64.74886,-54.84294],[-64.74178,-54.84294],[-64.74058,-54.84226],[-64.73824,-54.84414],[-64.74195,-54.84974],[-64.74423,-54.85088],[-64.74332,-54.85328],[-64.74081,-54.85254],[-64.73804,-54.85312],[-64.73972,-54.85345],[-64.74143,-54.85471],[-64.74498,-54.85517],[-64.74863,-54.85648],[-64.74241,-54.85642],[-64.73944,-54.85522],[-64.73909,-54.85614],[-64.74081,-54.85734],[-64.74121,-54.85842],[-64.73904,-54.85916],[-64.73515,-54.85762],[-64.73338,-54.85608],[-64.73121,-54.85591],[-64.73087,-54.85459],[-64.7259,-54.85431],[-64.72419,-54.85334],[-64.7211,-54.85379],[-64.72196,-54.85431],[-64.72362,-54.85442],[-64.72385,-54.85545],[-64.71956,-54.85528],[-64.71825,-54.85459],[-64.71933,-54.85408],[-64.71888,-54.85368],[-64.71614,-54.85414],[-64.70911,-54.85128],[-64.70963,-54.84963],[-64.70877,-54.84957],[-64.70728,-54.85025],[-64.7062,-54.84889],[-64.70448,-54.84954],[-64.70091,-54.84764],[-64.69627,-54.84758],[-64.69454,-54.84549],[-64.69198,-54.84508],[-64.68937,-54.84395],[-64.6883,-54.84395],[-64.6877,-54.843],[-64.68538,-54.84276],[-64.68253,-54.84371],[-64.68021,-54.84335],[-64.67842,-54.84401],[-64.67598,-54.84335],[-64.67384,-54.84448],[-64.67093,-54.8452],[-64.67045,-54.84609],[-64.67247,-54.84799],[-64.67211,-54.84849],[-64.66884,-54.84936],[-64.66795,-54.85002],[-64.66438,-54.85055],[-64.66635,-54.85174],[-64.66938,-54.85204],[-64.67167,-54.85285],[-64.67033,-54.85311],[-64.67116,-54.85353],[-64.67545,-54.85376],[-64.67717,-54.85507],[-64.68116,-54.8562],[-64.68372,-54.85811],[-64.68366,-54.86108],[-64.68241,-54.86144],[-64.68015,-54.86376],[-64.67705,-54.86429],[-64.67569,-54.86519],[-64.67426,-54.86715],[-64.67194,-54.86733],[-64.67188,-54.86786],[-64.67337,-54.86846],[-64.67271,-54.86988],[-64.67331,-54.87066],[-64.67634,-54.87155],[-64.67414,-54.87149],[-64.67295,-54.87256],[-64.67146,-54.87298],[-64.67105,-54.87405],[-64.66861,-54.87518],[-64.66736,-54.8753],[-64.66623,-54.87476],[-64.66533,-54.87565],[-64.66444,-54.87534],[-64.66278,-54.87565],[-64.66064,-54.87518],[-64.65815,-54.87618],[-64.66162,-54.88103],[-64.66025,-54.8818],[-64.65995,-54.88258],[-64.65803,-54.8826],[-64.65494,-54.88117],[-64.65434,-54.88046],[-64.6522,-54.88046],[-64.64958,-54.88308],[-64.64982,-54.88677],[-64.64935,-54.88712],[-64.64816,-54.88558],[-64.64708,-54.88569],[-64.64601,-54.88677],[-64.64494,-54.88653],[-64.64363,-54.88843],[-64.64387,-54.88915],[-64.64649,-54.8901],[-64.64651,-54.89279],[-64.65068,-54.89255],[-64.65389,-54.89362],[-64.65294,-54.89719],[-64.65401,-54.89754],[-64.66312,-54.89847],[-64.66303,-54.89895],[-64.66426,-54.89938],[-64.66698,-54.89952],[-64.67083,-54.90057],[-64.67283,-54.90042],[-64.67335,-54.90061],[-64.67245,-54.90142],[-64.67288,-54.90209],[-64.67559,-54.90138],[-64.67959,-54.90304],[-64.68221,-54.90266],[-64.6834,-54.90361],[-64.68915,-54.90504],[-64.69168,-54.90504],[-64.69239,-54.90575],[-64.69396,-54.90613],[-64.69791,-54.9049],[-64.699,-54.90514],[-64.70005,-54.90623],[-64.70291,-54.90675],[-64.70319,-54.90751],[-64.70253,-54.90875],[-64.70391,-54.91047],[-64.70353,-54.91142],[-64.70429,-54.91246],[-64.70362,-54.91399],[-64.70552,-54.91403],[-64.70424,-54.91546],[-64.70253,-54.91537],[-64.70148,-54.91594],[-64.69919,-54.91613],[-64.69881,-54.91546],[-64.70005,-54.91522],[-64.6981,-54.91489],[-64.69662,-54.9138],[-64.69472,-54.91346],[-64.69334,-54.91413],[-64.68606,-54.91137],[-64.68449,-54.91146],[-64.68301,-54.91227],[-64.68159,-54.91185],[-64.68182,-54.91066],[-64.68097,-54.91056],[-64.67697,-54.91299],[-64.67659,-54.91132],[-64.6744,-54.91066],[-64.67502,-54.91032],[-64.67435,-54.90951],[-64.67345,-54.91032],[-64.6724,-54.91004],[-64.67183,-54.91089],[-64.67116,-54.91047],[-64.6695,-54.91066],[-64.6675,-54.91165],[-64.6665,-54.91251],[-64.6665,-54.91365],[-64.66507,-54.91422],[-64.66307,-54.91294],[-64.66093,-54.9138],[-64.65836,-54.91323],[-64.65608,-54.91323],[-64.65494,-54.91437],[-64.6528,-54.91494],[-64.6518,-54.91365],[-64.6458,-54.91237],[-64.64423,-54.91151],[-64.64137,-54.91094],[-64.64137,-54.91051],[-64.64252,-54.91023],[-64.64708,-54.91037],[-64.64737,-54.90966],[-64.64537,-54.90894],[-64.64152,-54.90937],[-64.64066,-54.90866],[-64.63966,-54.90851],[-64.63752,-54.90951],[-64.63652,-54.90951],[-64.63538,-54.90652],[-64.63438,-54.90623],[-64.63424,-54.90494],[-64.63309,-54.9058],[-64.62938,-54.90594],[-64.62795,-54.90694],[-64.62096,-54.90295],[-64.61924,-54.9078],[-64.6181,-54.90766],[-64.61753,-54.90666],[-64.61668,-54.90637],[-64.61482,-54.90694],[-64.61353,-54.90523],[-64.61196,-54.90494],[-64.61111,-54.90623],[-64.61154,-54.9098],[-64.60868,-54.91008],[-64.60615,-54.91085],[-64.60472,-54.90828],[-64.60301,-54.90714],[-64.60101,-54.90828],[-64.59315,-54.90428],[-64.59201,-54.90485],[-64.59301,-54.90699],[-64.59244,-54.90599],[-64.58816,-54.90514],[-64.58716,-54.90428],[-64.58816,-54.90371],[-64.58959,-54.90128],[-64.58873,-54.90028],[-64.5873,-54.90014],[-64.58759,-54.90228],[-64.58302,-54.901],[-64.58173,-54.90143],[-64.5833,-54.89957],[-64.58202,-54.89928],[-64.58073,-54.89957],[-64.58088,-54.89871],[-64.58387,-54.89757],[-64.58392,-54.89553],[-64.58088,-54.89591],[-64.58164,-54.89472],[-64.58012,-54.89481],[-64.57721,-54.89671],[-64.57526,-54.89743],[-64.57336,-54.89719],[-64.5754,-54.89562],[-64.57407,-54.8961],[-64.57317,-54.89595],[-64.57312,-54.89557],[-64.57536,-54.89457],[-64.5754,-54.8941],[-64.57326,-54.89191],[-64.57133,-54.89291],[-64.56812,-54.8916],[-64.56931,-54.88886],[-64.56848,-54.88839],[-64.56931,-54.88636],[-64.56907,-54.88506],[-64.56774,-54.88329],[-64.56627,-54.88277],[-64.56455,-54.88263],[-64.55987,-54.88473],[-64.55725,-54.88497],[-64.55677,-54.88639],[-64.55511,-54.88699],[-64.55535,-54.88651],[-64.55273,-54.88508],[-64.54702,-54.88508],[-64.54714,-54.88723],[-64.54607,-54.88758],[-64.5438,-54.88508],[-64.53905,-54.88842],[-64.53845,-54.88746],[-64.53952,-54.88675],[-64.53869,-54.88413],[-64.5369,-54.88282],[-64.53322,-54.8814],[-64.53298,-54.88021],[-64.5262,-54.87783],[-64.52572,-54.87616],[-64.52739,-54.87378],[-64.52655,-54.87164],[-64.5231,-54.87152],[-64.52215,-54.87081],[-64.52239,-54.87009],[-64.52084,-54.86926],[-64.51751,-54.87045],[-64.51561,-54.87021],[-64.51549,-54.86926],[-64.51763,-54.86807],[-64.52298,-54.86867],[-64.52667,-54.86783],[-64.52596,-54.86629],[-64.5237,-54.86533],[-64.52215,-54.86403],[-64.52179,-54.86284],[-64.52013,-54.86165],[-64.52096,-54.8582],[-64.51823,-54.85463],[-64.5118,-54.85058],[-64.50835,-54.84975],[-64.50573,-54.84963],[-64.49158,-54.84142],[-64.49217,-54.84035],[-64.49324,-54.84023],[-64.49645,-54.83809],[-64.49407,-54.83757],[-64.48889,-54.83833],[-64.48341,-54.83847],[-64.47994,-54.83804],[-64.4768,-54.8369],[-64.47523,-54.83519],[-64.4757,-54.83514],[-64.47437,-54.82876],[-64.47366,-54.82824],[-64.47133,-54.82791],[-64.47123,-54.82686],[-64.4689,-54.82457],[-64.46614,-54.82343],[-64.46333,-54.82453],[-64.46038,-54.82381],[-64.45876,-54.82448],[-64.4581,-54.82586],[-64.45876,-54.82653],[-64.46966,-54.83071],[-64.47014,-54.83109],[-64.4698,-54.83228],[-64.47099,-54.83366],[-64.47004,-54.83428],[-64.47161,-54.83466],[-64.47147,-54.83519],[-64.46352,-54.83523],[-64.45772,-54.83376],[-64.45591,-54.83366],[-64.45491,-54.83452],[-64.45448,-54.83419],[-64.45296,-54.83509],[-64.45077,-54.8369],[-64.44924,-54.83642],[-64.44725,-54.83642],[-64.44696,-54.83685],[-64.44568,-54.837],[-64.44401,-54.83652],[-64.44501,-54.83999],[-64.44758,-54.84223],[-64.44948,-54.84242],[-64.46338,-54.84247],[-64.46871,-54.84356],[-64.47071,-54.84294],[-64.47156,-54.84323],[-64.47404,-54.84304],[-64.47409,-54.84256],[-64.47494,-54.84256],[-64.47613,-54.84313],[-64.4758,-54.84404],[-64.47409,-54.84466],[-64.47366,-54.84447],[-64.47304,-54.84499],[-64.47428,-54.84604],[-64.47694,-54.84628],[-64.48061,-54.84746],[-64.4827,-54.84699],[-64.48594,-54.84766],[-64.48532,-54.84813],[-64.48613,-54.84899],[-64.48289,-54.85003],[-64.48356,-54.85061],[-64.47975,-54.85037],[-64.47823,-54.85118],[-64.47818,-54.85165],[-64.48189,-54.8537],[-64.49208,-54.85565],[-64.49341,-54.85755],[-64.49769,-54.85955],[-64.50126,-54.86184],[-64.50131,-54.86231],[-64.49945,-54.8616],[-64.49769,-54.85993],[-64.49431,-54.85812],[-64.49336,-54.85832],[-64.49227,-54.86046],[-64.49022,-54.86017],[-64.48917,-54.86046],[-64.48884,-54.86122],[-64.49022,-54.86236],[-64.49017,-54.8636],[-64.49141,-54.86541],[-64.49122,-54.8666],[-64.49012,-54.86693],[-64.49141,-54.86731],[-64.49117,-54.86788],[-64.49212,-54.86788],[-64.49241,-54.86855],[-64.49136,-54.86869],[-64.48951,-54.87012],[-64.48912,-54.87131],[-64.48789,-54.87093],[-64.48684,-54.8714],[-64.48598,-54.87107],[-64.48494,-54.87183],[-64.48351,-54.8714],[-64.48256,-54.87169],[-64.48532,-54.8724],[-64.4857,-54.87392],[-64.48384,-54.87488],[-64.4826,-54.87469],[-64.4817,-54.87502],[-64.4807,-54.87497],[-64.48056,-54.87431],[-64.47899,-54.87364],[-64.47965,-54.87316],[-64.47899,-54.87283],[-64.47937,-54.87216],[-64.47675,-54.87021],[-64.47827,-54.86997],[-64.4729,-54.86802],[-64.47047,-54.86836],[-64.46942,-54.86764],[-64.46371,-54.86712],[-64.46328,-54.8674],[-64.46257,-54.8666],[-64.46033,-54.86655],[-64.46,-54.86612],[-64.45729,-54.86536],[-64.45586,-54.86717],[-64.45419,-54.86793],[-64.45239,-54.86669],[-64.45086,-54.86641],[-64.44929,-54.86474],[-64.44863,-54.86464],[-64.44905,-54.86645],[-64.45015,-54.86731],[-64.45058,-54.86855],[-64.45062,-54.87097],[-64.45177,-54.8715],[-64.44882,-54.87164],[-64.45034,-54.87359],[-64.44824,-54.87437],[-64.45034,-54.87535],[-64.44967,-54.87569],[-64.44863,-54.8754],[-64.44701,-54.87478],[-64.44763,-54.87431],[-64.44582,-54.87383],[-64.44587,-54.87321],[-64.44244,-54.87212],[-64.44268,-54.87116],[-64.44139,-54.8705],[-64.44292,-54.8704],[-64.44296,-54.86993],[-64.4422,-54.86969],[-64.44196,-54.86878],[-64.44054,-54.86855],[-64.43987,-54.86755],[-64.43839,-54.86674],[-64.43906,-54.86645],[-64.43863,-54.86569],[-64.43663,-54.8655],[-64.43611,-54.8646],[-64.43468,-54.86541],[-64.43273,-54.86431],[-64.4314,-54.86479],[-64.43064,-54.8645],[-64.43049,-54.86374],[-64.42564,-54.86507],[-64.42474,-54.86445],[-64.42569,-54.86412],[-64.42374,-54.86374],[-64.42359,-54.86236],[-64.42217,-54.86269],[-64.42112,-54.86241],[-64.42041,-54.86274],[-64.4195,-54.86165],[-64.41793,-54.8615],[-64.41251,-54.85874],[-64.41198,-54.85841],[-64.41279,-54.8576],[-64.41103,-54.85674],[-64.40979,-54.8567],[-64.40994,-54.85598],[-64.40798,-54.85489],[-64.40718,-54.85555],[-64.40622,-54.85522],[-64.40599,-54.8547],[-64.40684,-54.85475],[-64.40703,-54.85408],[-64.40561,-54.85237],[-64.40251,-54.8518],[-64.39947,-54.84894],[-64.40118,-54.84718],[-64.40118,-54.84556],[-64.40413,-54.8457],[-64.40718,-54.84475],[-64.40779,-54.84356],[-64.40689,-54.84152],[-64.40551,-54.84147],[-64.40394,-54.84271],[-64.40189,-54.84299],[-64.3997,-54.84199],[-64.39785,-54.84185],[-64.39456,-54.84037],[-64.39361,-54.83966],[-64.39404,-54.83876],[-64.39347,-54.83838],[-64.39428,-54.83818],[-64.3948,-54.8368],[-64.39271,-54.83619],[-64.39238,-54.83504],[-64.39038,-54.83376],[-64.3909,-54.83271],[-64.39314,-54.83181],[-64.3948,-54.83009],[-64.3939,-54.82814],[-64.39447,-54.82795],[-64.39442,-54.82733],[-64.3928,-54.82752],[-64.39223,-54.8281],[-64.38881,-54.8291],[-64.38828,-54.82971],[-64.38667,-54.82981],[-64.38747,-54.83043],[-64.38628,-54.831],[-64.38624,-54.83186],[-64.38424,-54.83252],[-64.38329,-54.83228],[-64.3831,-54.83157],[-64.38257,-54.83143],[-64.38186,-54.83186],[-64.38143,-54.83043],[-64.37938,-54.83086],[-64.3791,-54.832],[-64.37791,-54.83209],[-64.37653,-54.83157],[-64.37586,-54.83271],[-64.37424,-54.83328],[-64.37416,-54.83443],[-64.37255,-54.83324],[-64.37145,-54.83378],[-64.36959,-54.8335],[-64.36907,-54.83378],[-64.36774,-54.83331],[-64.36679,-54.83383],[-64.36691,-54.83431],[-64.36626,-54.83412],[-64.36541,-54.83359],[-64.36512,-54.8299],[-64.36419,-54.82943],[-64.36298,-54.82974],[-64.36143,-54.82943],[-64.35848,-54.83133],[-64.35913,-54.83395],[-64.35851,-54.83485],[-64.3571,-54.83512],[-64.34896,-54.83328],[-64.34713,-54.83409],[-64.34763,-54.83228],[-64.34709,-54.83176],[-64.34613,-54.83169],[-64.34749,-54.83088],[-64.34363,-54.83121],[-64.34328,-54.83183],[-64.34121,-54.83152],[-64.33959,-54.83079],[-64.33969,-54.83026],[-64.33788,-54.82986],[-64.33345,-54.83002],[-64.33245,-54.82779],[-64.33274,-54.82538],[-64.33,-54.82517],[-64.32893,-54.82465],[-64.32734,-54.82491],[-64.32641,-54.82467],[-64.32717,-54.8235],[-64.32596,-54.8245],[-64.32543,-54.82441],[-64.32557,-54.82519],[-64.3246,-54.82498],[-64.32448,-54.82391],[-64.32634,-54.82151],[-64.32598,-54.82029],[-64.3245,-54.81972],[-64.32113,-54.82005],[-64.3207,-54.81932],[-64.32008,-54.8201],[-64.31991,-54.8187],[-64.31822,-54.81786],[-64.31632,-54.81839],[-64.31515,-54.81584],[-64.31215,-54.81351],[-64.31323,-54.81284],[-64.31108,-54.81234],[-64.3117,-54.81056],[-64.31337,-54.80878],[-64.31044,-54.8083],[-64.30816,-54.81013],[-64.30828,-54.81096],[-64.30735,-54.8102],[-64.30744,-54.8092],[-64.30602,-54.80849],[-64.30637,-54.80747],[-64.30571,-54.80694],[-64.30635,-54.80499],[-64.30494,-54.80502],[-64.30452,-54.80563],[-64.30423,-54.80516],[-64.30259,-54.80544],[-64.30061,-54.80649],[-64.29909,-54.80644],[-64.29966,-54.80506],[-64.30102,-54.80494],[-64.30171,-54.80375],[-64.30273,-54.80378],[-64.30314,-54.80216],[-64.30395,-54.80204],[-64.30335,-54.80052],[-64.30447,-54.79999],[-64.30223,-54.79781],[-64.30347,-54.79664],[-64.30326,-54.79512],[-64.30128,-54.79495],[-64.30121,-54.794],[-64.30164,-54.79374],[-64.30214,-54.79402],[-64.3028,-54.79352],[-64.30706,-54.79343],[-64.30811,-54.79267],[-64.31032,-54.79264],[-64.3107,-54.79295],[-64.31094,-54.79245],[-64.30949,-54.79138],[-64.30806,-54.791],[-64.3083,-54.79019],[-64.3073,-54.78969],[-64.30721,-54.78867],[-64.3049,-54.78769],[-64.30035,-54.78788],[-64.30026,-54.78848],[-64.29961,-54.78815],[-64.29812,-54.7886],[-64.29733,-54.78826],[-64.29647,-54.78931],[-64.29547,-54.78938],[-64.29533,-54.7905],[-64.29364,-54.78917],[-64.29043,-54.78895],[-64.28796,-54.79055],[-64.28693,-54.79057],[-64.28432,-54.79195],[-64.28386,-54.79355],[-64.28253,-54.79481],[-64.28186,-54.79519],[-64.27987,-54.79519],[-64.27948,-54.79583],[-64.27858,-54.79574],[-64.27825,-54.79643],[-64.27661,-54.79588],[-64.27611,-54.79466],[-64.27435,-54.7935],[-64.27354,-54.79198],[-64.27178,-54.79062],[-64.27016,-54.79057],[-64.26968,-54.79117],[-64.26713,-54.79222],[-64.26485,-54.79641],[-64.26532,-54.79736],[-64.26466,-54.79877],[-64.26578,-54.80054],[-64.26443,-54.80235],[-64.26515,-54.80307],[-64.26376,-54.80359],[-64.26471,-54.80444],[-64.26365,-54.80454],[-64.26131,-54.80271],[-64.2603,-54.80258],[-64.26024,-54.80288],[-64.25908,-54.8022],[-64.26005,-54.80349],[-64.25843,-54.80351],[-64.25891,-54.80182],[-64.25647,-54.80041],[-64.25617,-54.79828],[-64.25301,-54.79729],[-64.25202,-54.79584],[-64.24983,-54.79489],[-64.25013,-54.79434],[-64.24922,-54.79396],[-64.24872,-54.79297],[-64.24809,-54.79314],[-64.24726,-54.79257],[-64.24423,-54.78809],[-64.24446,-54.78503],[-64.24393,-54.78432],[-64.24299,-54.78394],[-64.24157,-54.784],[-64.24006,-54.78318],[-64.23939,-54.78349],[-64.23889,-54.78308],[-64.23825,-54.78325],[-64.23706,-54.78239],[-64.23654,-54.78256],[-64.23611,-54.78189],[-64.23394,-54.78234],[-64.23328,-54.78736],[-64.23385,-54.78882],[-64.23652,-54.79096],[-64.23656,-54.79215],[-64.23357,-54.79267],[-64.23285,-54.79415],[-64.23385,-54.79681],[-64.23642,-54.79876],[-64.23556,-54.79952],[-64.23285,-54.79995],[-64.23219,-54.80052],[-64.23204,-54.80233],[-64.23052,-54.80409],[-64.23119,-54.80747],[-64.23285,-54.80985],[-64.23457,-54.81075],[-64.23437,-54.81128],[-64.23261,-54.81209],[-64.23257,-54.81271],[-64.23442,-54.81437],[-64.23223,-54.81513],[-64.23138,-54.81632],[-64.2329,-54.81718],[-64.23271,-54.81756],[-64.23081,-54.81842],[-64.22862,-54.81861],[-64.22747,-54.8208],[-64.22881,-54.8226],[-64.23123,-54.82289],[-64.23252,-54.82408],[-64.23533,-54.82427],[-64.2368,-54.82389],[-64.2379,-54.82422],[-64.23514,-54.82584],[-64.23671,-54.8256],[-64.23856,-54.82665],[-64.23794,-54.82713],[-64.23842,-54.82917],[-64.23771,-54.82908],[-64.23775,-54.82989],[-64.23647,-54.83022],[-64.23709,-54.8315],[-64.23509,-54.83265],[-64.23447,-54.83403],[-64.23109,-54.8355],[-64.23138,-54.83631],[-64.23228,-54.83664],[-64.23528,-54.83698],[-64.23533,-54.8376],[-64.23433,-54.8384],[-64.23485,-54.83902],[-64.23875,-54.83974],[-64.23913,-54.84036],[-64.23733,-54.84083],[-64.23614,-54.84064],[-64.23314,-54.83874],[-64.23219,-54.8376],[-64.23128,-54.83764],[-64.22876,-54.84093],[-64.22667,-54.84078],[-64.22371,-54.84197],[-64.22576,-54.84254],[-64.22833,-54.84397],[-64.22904,-54.84521],[-64.23019,-54.84578],[-64.23076,-54.84778],[-64.22952,-54.84859],[-64.22995,-54.84978],[-64.22914,-54.85002],[-64.229,-54.85059],[-64.22957,-54.85163],[-64.22586,-54.85182],[-64.22481,-54.85368],[-64.22376,-54.85368],[-64.22367,-54.85468],[-64.22286,-54.85482],[-64.22448,-54.85539],[-64.22391,-54.85596],[-64.22405,-54.85734],[-64.22257,-54.85787],[-64.2191,-54.85734],[-64.21729,-54.85644],[-64.21634,-54.85687],[-64.21453,-54.85525],[-64.21577,-54.85244],[-64.21505,-54.85168],[-64.21591,-54.84821],[-64.21553,-54.84778],[-64.21289,-54.84773],[-64.21045,-54.84642],[-64.21033,-54.84559],[-64.20819,-54.84446],[-64.20855,-54.84357],[-64.20736,-54.84154],[-64.20664,-54.84113],[-64.20521,-54.84113],[-64.20557,-54.83994],[-64.2064,-54.84012],[-64.20664,-54.83946],[-64.20861,-54.83988],[-64.20855,-54.83893],[-64.20759,-54.83827],[-64.20742,-54.83673],[-64.20498,-54.83405],[-64.20486,-54.83441],[-64.20331,-54.83417],[-64.20194,-54.83298],[-64.20147,-54.8287],[-64.20057,-54.8284],[-64.19921,-54.82989],[-64.19718,-54.82846],[-64.19593,-54.82816],[-64.19528,-54.82864],[-64.1948,-54.83084],[-64.19397,-54.83066],[-64.19314,-54.83203],[-64.19272,-54.83524],[-64.18993,-54.83815],[-64.18826,-54.83827],[-64.18511,-54.83738],[-64.18344,-54.83809],[-64.18315,-54.83893],[-64.18166,-54.83821],[-64.17964,-54.83893],[-64.17856,-54.83851],[-64.17821,-54.83726],[-64.17488,-54.83691],[-64.17345,-54.83619],[-64.17351,-54.83506],[-64.17488,-54.83459],[-64.17654,-54.83512],[-64.17809,-54.8334],[-64.17648,-54.83143],[-64.17488,-54.83066],[-64.17553,-54.82959],[-64.1769,-54.82953],[-64.17797,-54.82816],[-64.17654,-54.82739],[-64.17648,-54.82626],[-64.17375,-54.82578],[-64.17392,-54.82489],[-64.17268,-54.82417],[-64.17232,-54.82328],[-64.1697,-54.82316],[-64.16934,-54.82227],[-64.16833,-54.82191],[-64.16732,-54.82245],[-64.1672,-54.82406],[-64.165,-54.82453],[-64.16209,-54.82435],[-64.15673,-54.82691],[-64.1534,-54.82667],[-64.15055,-54.82554],[-64.15001,-54.82638],[-64.15114,-54.82768],[-64.15084,-54.82995],[-64.14971,-54.8287],[-64.14817,-54.83006],[-64.14638,-54.82786],[-64.14365,-54.82834],[-64.14228,-54.8278],[-64.14168,-54.82626],[-64.13847,-54.82626],[-64.13556,-54.82435],[-64.13443,-54.82453],[-64.13157,-54.82376],[-64.12901,-54.82162],[-64.12854,-54.81965],[-64.12592,-54.81942],[-64.1239,-54.81448],[-64.12062,-54.81436],[-64.11896,-54.81448],[-64.11813,-54.81495],[-64.11378,-54.8215],[-64.11474,-54.82287],[-64.11361,-54.82649],[-64.11527,-54.82923],[-64.1145,-54.83102],[-64.11158,-54.83006],[-64.11265,-54.83161],[-64.1142,-54.83238],[-64.11474,-54.83381],[-64.11361,-54.83429],[-64.11218,-54.83357],[-64.10986,-54.83328],[-64.10849,-54.83244],[-64.10926,-54.82989],[-64.10718,-54.82768],[-64.10468,-54.82584],[-64.10064,-54.82453],[-64.09933,-54.8237],[-64.09963,-54.82185],[-64.09808,-54.8209],[-64.09879,-54.81948],[-64.10004,-54.81852],[-64.09933,-54.81733],[-64.10093,-54.8165],[-64.09754,-54.81537],[-64.09499,-54.81614],[-64.09445,-54.81555],[-64.09558,-54.81489],[-64.09392,-54.81382],[-64.09433,-54.81305],[-64.09201,-54.81293],[-64.08993,-54.81055],[-64.0885,-54.81008],[-64.08701,-54.80996],[-64.08416,-54.81109],[-64.08315,-54.80901],[-64.08071,-54.80901],[-64.08059,-54.80972],[-64.07964,-54.81008],[-64.0766,-54.8093],[-64.07524,-54.80805],[-64.07619,-54.8074],[-64.075,-54.80621],[-64.07506,-54.80496],[-64.07678,-54.80413],[-64.07577,-54.80222],[-64.07458,-54.80133],[-64.07494,-54.80014],[-64.07387,-54.7983],[-64.07417,-54.79639],[-64.07113,-54.79497],[-64.07179,-54.79396],[-64.0753,-54.79211],[-64.08356,-54.79354],[-64.08481,-54.79271],[-64.08458,-54.7908],[-64.08005,-54.7911],[-64.07613,-54.79033],[-64.07357,-54.79045],[-64.07208,-54.78938],[-64.07072,-54.78914],[-64.06798,-54.78967],[-64.06798,-54.78854],[-64.07072,-54.78676],[-64.0703,-54.78557],[-64.06857,-54.78551],[-64.06435,-54.78361],[-64.06334,-54.78224],[-64.06173,-54.7817],[-64.06239,-54.78099],[-64.06185,-54.77992],[-64.0612,-54.77974],[-64.05995,-54.77998],[-64.05727,-54.77914],[-64.05513,-54.7798],[-64.05519,-54.78093],[-64.05989,-54.78212],[-64.06007,-54.78295],[-64.05828,-54.78402],[-64.05804,-54.78658],[-64.06167,-54.78854],[-64.06161,-54.78902],[-64.05864,-54.78908],[-64.05781,-54.79039],[-64.05715,-54.79467],[-64.05364,-54.79955],[-64.05216,-54.80098],[-64.05037,-54.80127],[-64.0499,-54.80175],[-64.04418,-54.80121],[-64.04371,-54.80044],[-64.04222,-54.80044],[-64.04085,-54.80092],[-64.03758,-54.80103],[-64.03746,-54.80157],[-64.03502,-54.80205],[-64.03758,-54.80341],[-64.03931,-54.80508],[-64.0396,-54.80609],[-64.03693,-54.80573],[-64.03586,-54.80437],[-64.0352,-54.80794],[-64.03449,-54.80799],[-64.03253,-54.80692],[-64.03199,-54.80573],[-64.033,-54.80437],[-64.03199,-54.80383],[-64.03187,-54.80294],[-64.03342,-54.80246],[-64.03401,-54.80163],[-64.03229,-54.80062],[-64.03134,-54.79925],[-64.03139,-54.79854],[-64.03342,-54.79889],[-64.03383,-54.7983],[-64.03181,-54.79729],[-64.02902,-54.79699],[-64.02842,-54.79645],[-64.02789,-54.79723],[-64.02634,-54.79645],[-64.02551,-54.79538],[-64.02455,-54.79509],[-64.02461,-54.79473],[-64.02568,-54.79461],[-64.02354,-54.79372],[-64.02289,-54.79211],[-64.02366,-54.79193],[-64.02295,-54.7911],[-64.02176,-54.7908],[-64.0198,-54.79104],[-64.01837,-54.78943],[-64.01718,-54.7889],[-64.01629,-54.79039],[-64.0148,-54.7908],[-64.01093,-54.79056],[-64.01034,-54.79259],[-64.00814,-54.79175],[-64.00617,-54.79009],[-64.00373,-54.7892],[-64.00248,-54.78961],[-63.99993,-54.78842],[-63.99457,-54.78682],[-63.99315,-54.78723],[-63.99136,-54.7867],[-63.99148,-54.78569],[-63.98755,-54.78349],[-63.98779,-54.78176],[-63.98559,-54.77938],[-63.98559,-54.77897],[-63.98666,-54.77891],[-63.98749,-54.77819],[-63.98511,-54.77659],[-63.98511,-54.77546],[-63.98303,-54.77492],[-63.98012,-54.77551],[-63.9794,-54.77444],[-63.97714,-54.77391],[-63.97631,-54.77302],[-63.97197,-54.77212],[-63.96989,-54.77064],[-63.96495,-54.76885],[-63.96406,-54.76891],[-63.96186,-54.76748],[-63.95864,-54.76635],[-63.9549,-54.76683],[-63.95252,-54.76939],[-63.95674,-54.77308],[-63.9568,-54.77427],[-63.95936,-54.77742],[-63.95959,-54.77807],[-63.95769,-54.77778],[-63.95799,-54.77873],[-63.95954,-54.7795],[-63.95829,-54.78164],[-63.95948,-54.78289],[-63.95817,-54.78349],[-63.96019,-54.78527],[-63.96209,-54.78914],[-63.96751,-54.79217],[-63.96596,-54.79265],[-63.96751,-54.79366],[-63.96667,-54.79413],[-63.96566,-54.79366],[-63.96673,-54.79544],[-63.96495,-54.7958],[-63.96251,-54.79467],[-63.96186,-54.79378],[-63.96239,-54.79342],[-63.95954,-54.79324],[-63.95894,-54.79259],[-63.9584,-54.79324],[-63.95632,-54.79241],[-63.95252,-54.79199],[-63.95299,-54.79271],[-63.95216,-54.79413],[-63.94728,-54.79467],[-63.94752,-54.79556],[-63.94585,-54.79532],[-63.94508,-54.79592],[-63.94567,-54.79729],[-63.94663,-54.79788],[-63.94823,-54.79794],[-63.95061,-54.79949],[-63.95484,-54.8005],[-63.95674,-54.80056],[-63.95716,-54.80145],[-63.95668,-54.80377],[-63.95757,-54.80472],[-63.9565,-54.80502],[-63.95519,-54.80401],[-63.95359,-54.80413],[-63.95371,-54.80532],[-63.95579,-54.8071],[-63.95537,-54.80788],[-63.95406,-54.8077],[-63.954,-54.80865],[-63.95031,-54.80758],[-63.95192,-54.80912],[-63.95543,-54.81031],[-63.95293,-54.81263],[-63.95341,-54.81335],[-63.9502,-54.8121],[-63.94871,-54.81031],[-63.9474,-54.8096],[-63.94645,-54.80799],[-63.94139,-54.8074],[-63.94038,-54.80835],[-63.93996,-54.80823],[-63.93842,-54.80532],[-63.93538,-54.8052],[-63.93419,-54.8046],[-63.93229,-54.80472],[-63.93003,-54.80401],[-63.92509,-54.80139],[-63.9239,-54.80163],[-63.92289,-54.80127],[-63.92146,-54.8024],[-63.91986,-54.80205],[-63.91801,-54.80032],[-63.91486,-54.79925],[-63.91409,-54.79848],[-63.91468,-54.79776],[-63.91349,-54.79776],[-63.91004,-54.79598],[-63.90814,-54.7958],[-63.90701,-54.79419],[-63.91284,-54.79372],[-63.91462,-54.79283],[-63.91474,-54.7917],[-63.91284,-54.79015],[-63.90927,-54.79045],[-63.90403,-54.78932],[-63.89797,-54.78943],[-63.89184,-54.78741],[-63.88863,-54.78753],[-63.88655,-54.78676],[-63.88547,-54.78479],[-63.88553,-54.7839],[-63.88619,-54.78366],[-63.88577,-54.78188],[-63.88458,-54.78015],[-63.8828,-54.77968],[-63.87941,-54.78146],[-63.87947,-54.78289],[-63.87857,-54.78289],[-63.87637,-54.78479],[-63.87738,-54.78569],[-63.87679,-54.78783],[-63.87881,-54.78914],[-63.8806,-54.78938],[-63.88018,-54.79092],[-63.88381,-54.79146],[-63.88607,-54.79271],[-63.88601,-54.79324],[-63.88119,-54.79211],[-63.87953,-54.79277],[-63.87774,-54.79152],[-63.87191,-54.79092],[-63.87084,-54.79045],[-63.86703,-54.79039],[-63.86602,-54.7908],[-63.86376,-54.78955],[-63.86364,-54.79068],[-63.8615,-54.79003],[-63.86114,-54.78914],[-63.85894,-54.7889],[-63.86013,-54.78943],[-63.86061,-54.79045],[-63.85728,-54.78967],[-63.8565,-54.78902],[-63.85531,-54.78938],[-63.85192,-54.78943],[-63.84901,-54.78842],[-63.84776,-54.7892],[-63.84568,-54.7892],[-63.84574,-54.78652],[-63.84639,-54.78557],[-63.84371,-54.78474],[-63.843,-54.78313],[-63.84366,-54.7823],[-63.84746,-54.78247],[-63.84734,-54.78033],[-63.84467,-54.77914],[-63.84389,-54.77748],[-63.84157,-54.77676],[-63.84145,-54.77611],[-63.84026,-54.7754],[-63.84139,-54.77456],[-63.84175,-54.77331],[-63.83967,-54.77296],[-63.83681,-54.77129],[-63.83586,-54.77147],[-63.83473,-54.76992],[-63.83384,-54.77052],[-63.82498,-54.76528],[-63.82527,-54.76487],[-63.82783,-54.76457],[-63.82807,-54.7635],[-63.82926,-54.76237],[-63.82902,-54.76058],[-63.82545,-54.75761],[-63.82063,-54.75696],[-63.81778,-54.75797],[-63.81635,-54.75785],[-63.81576,-54.7582],[-63.81243,-54.75553],[-63.81064,-54.75511],[-63.80856,-54.75362],[-63.80273,-54.75214],[-63.80148,-54.75101],[-63.80154,-54.74857],[-63.80291,-54.74583],[-63.80243,-54.74411],[-63.80469,-54.74196],[-63.80594,-54.74167],[-63.80683,-54.74208],[-63.80892,-54.74161],[-63.80933,-54.73982],[-63.81028,-54.73905],[-63.80903,-54.7375],[-63.81028,-54.73685],[-63.80749,-54.7331],[-63.80618,-54.7334],[-63.80469,-54.73292],[-63.80184,-54.73274],[-63.80154,-54.73197],[-63.79999,-54.73251],[-63.79737,-54.7312],[-63.79613,-54.72929],[-63.79654,-54.72834],[-63.79589,-54.72715],[-63.79613,-54.7259],[-63.79851,-54.72602],[-63.8016,-54.72715],[-63.80493,-54.72906],[-63.80683,-54.72662],[-63.80677,-54.72483],[-63.80844,-54.72483],[-63.80719,-54.72073],[-63.80719,-54.72001],[-63.80832,-54.7196],[-63.81022,-54.71972],[-63.81445,-54.72091],[-63.81439,-54.72031],[-63.81611,-54.71894],[-63.81897,-54.71906],[-63.81867,-54.72156],[-63.82337,-54.7215],[-63.82408,-54.72061],[-63.82593,-54.72061],[-63.8267,-54.72168],[-63.82777,-54.72198],[-63.82837,-54.72519],[-63.82974,-54.72804],[-63.83098,-54.72876],[-63.83206,-54.72834],[-63.83438,-54.72864],[-63.83497,-54.72822],[-63.83586,-54.72852],[-63.83676,-54.72804],[-63.83967,-54.72828],[-63.83991,-54.72709],[-63.84068,-54.72691],[-63.84282,-54.72834],[-63.84276,-54.72947],[-63.84461,-54.73155],[-63.84395,-54.73274],[-63.84508,-54.73417],[-63.84473,-54.7353],[-63.84645,-54.73875],[-63.84972,-54.74095],[-63.85186,-54.74595],[-63.85413,-54.74672],[-63.85597,-54.74946],[-63.85835,-54.74964],[-63.86156,-54.75118],[-63.86751,-54.75321],[-63.87025,-54.75345],[-63.87548,-54.75481],[-63.87875,-54.75523],[-63.88,-54.75475],[-63.8866,-54.75458],[-63.88773,-54.75416],[-63.88881,-54.75315],[-63.88809,-54.75118],[-63.88684,-54.75035],[-63.88024,-54.74958],[-63.87429,-54.74803],[-63.87007,-54.74619],[-63.86983,-54.7453],[-63.86459,-54.74315],[-63.86245,-54.74143],[-63.86168,-54.73941],[-63.86323,-54.73887],[-63.86596,-54.73893],[-63.86572,-54.73727],[-63.86632,-54.73727],[-63.86578,-54.73613],[-63.86317,-54.73602],[-63.86067,-54.73536],[-63.85805,-54.73417],[-63.85674,-54.73274],[-63.85484,-54.73173],[-63.85526,-54.73138],[-63.85627,-54.73185],[-63.86233,-54.73221],[-63.86341,-54.73132],[-63.86329,-54.73066],[-63.86406,-54.73066],[-63.8668,-54.7328],[-63.86995,-54.73334],[-63.87025,-54.73257],[-63.87239,-54.73215],[-63.87364,-54.73144],[-63.8784,-54.73066],[-63.87804,-54.72965],[-63.87465,-54.72745],[-63.87268,-54.72537],[-63.87382,-54.7218],[-63.87661,-54.71758],[-63.87631,-54.7168],[-63.88048,-54.71871],[-63.88464,-54.71763],[-63.88464,-54.71567],[-63.88559,-54.71662],[-63.88791,-54.71609],[-63.89172,-54.71912],[-63.89416,-54.71906],[-63.89517,-54.71871],[-63.89588,-54.71775],[-63.89713,-54.71793],[-63.89779,-54.71722],[-63.89886,-54.71829],[-63.90029,-54.71876],[-63.90302,-54.71865],[-63.90754,-54.7243],[-63.9107,-54.72495],[-63.91349,-54.72465],[-63.91593,-54.72596],[-63.91986,-54.72578],[-63.92248,-54.7265],[-63.92331,-54.72602],[-63.92063,-54.7221],[-63.92164,-54.7221],[-63.92426,-54.72376],[-63.92741,-54.72376],[-63.92884,-54.72477],[-63.9311,-54.72525],[-63.93616,-54.72519],[-63.93919,-54.72567],[-63.94115,-54.72685],[-63.94318,-54.72727],[-63.94282,-54.72822],[-63.94347,-54.73007],[-63.94591,-54.73138],[-63.94645,-54.73257],[-63.94716,-54.73286],[-63.95133,-54.73263],[-63.95448,-54.73322],[-63.95573,-54.73602],[-63.95692,-54.73667],[-63.9568,-54.73953],[-63.95805,-54.74125],[-63.96299,-54.74119],[-63.96352,-54.73959],[-63.96245,-54.73613],[-63.96346,-54.7356],[-63.96447,-54.73596],[-63.96548,-54.73524],[-63.96531,-54.73459],[-63.96887,-54.73477],[-63.96882,-54.73542],[-63.96989,-54.73566],[-63.97048,-54.73637],[-63.97161,-54.73584],[-63.97286,-54.73637],[-63.97334,-54.73715],[-63.97411,-54.73631],[-63.97804,-54.73625],[-63.97768,-54.73596],[-63.97869,-54.73542],[-63.98404,-54.73542],[-63.98803,-54.73602],[-63.98987,-54.73566],[-63.99291,-54.73673],[-63.99219,-54.73822],[-63.99225,-54.74214],[-63.99142,-54.74286],[-63.99124,-54.74428],[-63.99237,-54.74518],[-63.99428,-54.74422],[-63.9957,-54.74434],[-63.99683,-54.74541],[-64.00231,-54.74304],[-64.0032,-54.7422],[-64.00748,-54.7422],[-64.00861,-54.74309],[-64.01004,-54.74345],[-64.01111,-54.74315],[-64.01289,-54.74428],[-64.01313,-54.74625],[-64.02039,-54.75035],[-64.02295,-54.75273],[-64.02426,-54.75249],[-64.02551,-54.75475],[-64.02521,-54.75571],[-64.02711,-54.7563],[-64.02783,-54.75814],[-64.02693,-54.76154],[-64.02723,-54.76278],[-64.02866,-54.76415],[-64.02872,-54.76915],[-64.03044,-54.77058],[-64.03413,-54.77534],[-64.03586,-54.77546],[-64.03972,-54.7767],[-64.04228,-54.7776],[-64.04258,-54.77813],[-64.04615,-54.77789],[-64.04894,-54.77688],[-64.05091,-54.77528],[-64.05097,-54.77409],[-64.04912,-54.77296],[-64.04758,-54.77266],[-64.04573,-54.77153],[-64.04365,-54.77111],[-64.0424,-54.7704],[-64.04014,-54.76766],[-64.03687,-54.76094],[-64.03348,-54.75666],[-64.03342,-54.75422],[-64.03199,-54.75232],[-64.03032,-54.75136],[-64.03479,-54.7516],[-64.0355,-54.75273],[-64.03711,-54.74803],[-64.03502,-54.74428],[-64.03532,-54.74256],[-64.03681,-54.74286],[-64.03734,-54.74262],[-64.03919,-54.74083],[-64.04383,-54.74185],[-64.04633,-54.74107],[-64.04984,-54.74208],[-64.05037,-54.74095],[-64.04924,-54.73905],[-64.05013,-54.7384],[-64.05144,-54.73869],[-64.05216,-54.7378],[-64.0534,-54.7375],[-64.05174,-54.73655],[-64.05097,-54.73524],[-64.04906,-54.73376],[-64.04847,-54.73233],[-64.04645,-54.73078],[-64.04728,-54.73036],[-64.05138,-54.73036],[-64.05406,-54.73096],[-64.05614,-54.73096],[-64.05709,-54.73025],[-64.05923,-54.73072],[-64.06031,-54.73161],[-64.06155,-54.73185],[-64.06138,-54.73072],[-64.06536,-54.72953],[-64.06947,-54.72763],[-64.07078,-54.72751],[-64.07292,-54.7284],[-64.07595,-54.73054],[-64.07512,-54.73197],[-64.07607,-54.73167],[-64.07762,-54.73239],[-64.07684,-54.73376],[-64.07803,-54.73429],[-64.07833,-54.73554],[-64.07768,-54.73828],[-64.07851,-54.73881],[-64.07946,-54.74089],[-64.08107,-54.74768],[-64.08321,-54.75184],[-64.08963,-54.75416],[-64.09231,-54.75475],[-64.09386,-54.75475],[-64.09499,-54.75428],[-64.1051,-54.75707],[-64.10843,-54.76035],[-64.1076,-54.76338],[-64.10843,-54.76433],[-64.11057,-54.76409],[-64.11236,-54.76231],[-64.11164,-54.75993],[-64.10831,-54.75737],[-64.10885,-54.75642],[-64.11051,-54.75707],[-64.11224,-54.75707],[-64.11343,-54.75785],[-64.11634,-54.75785],[-64.11628,-54.75707],[-64.11866,-54.75678],[-64.12235,-54.75761],[-64.12467,-54.75755],[-64.12568,-54.75791],[-64.12645,-54.75755],[-64.1258,-54.75678],[-64.12283,-54.756],[-64.11926,-54.75404],[-64.11527,-54.75285],[-64.11343,-54.75166],[-64.10724,-54.75059],[-64.10611,-54.7497],[-64.10712,-54.74952],[-64.11021,-54.74666],[-64.10819,-54.74363],[-64.10819,-54.7397],[-64.10944,-54.73798],[-64.11117,-54.73715],[-64.11664,-54.73584],[-64.12913,-54.73459],[-64.13002,-54.73381],[-64.13002,-54.73233],[-64.12848,-54.73084],[-64.12503,-54.73007],[-64.12467,-54.72876],[-64.12526,-54.7281],[-64.12848,-54.72828],[-64.12931,-54.72757],[-64.13537,-54.72829],[-64.13627,-54.72967],[-64.13789,-54.72991],[-64.13746,-54.73272],[-64.14099,-54.73315],[-64.14275,-54.73315],[-64.14298,-54.73181],[-64.14979,-54.73191],[-64.1495,-54.73034],[-64.1506,-54.73096],[-64.15074,-54.73281],[-64.14765,-54.73629],[-64.14998,-54.73781],[-64.15012,-54.73857],[-64.15145,-54.73886],[-64.15198,-54.74033],[-64.1536,-54.74009],[-64.1546,-54.73848],[-64.15607,-54.738],[-64.15855,-54.73829],[-64.1634,-54.74028],[-64.16492,-54.74019],[-64.16426,-54.741],[-64.16207,-54.74133],[-64.16007,-54.74086],[-64.15874,-54.74124],[-64.15655,-54.74024],[-64.15407,-54.74152],[-64.15336,-54.74105],[-64.15264,-54.74143],[-64.15117,-54.74423],[-64.14779,-54.74323],[-64.14541,-54.74509],[-64.14413,-54.74728],[-64.14341,-54.75166],[-64.14222,-54.75204],[-64.13984,-54.75413],[-64.13951,-54.75661],[-64.13737,-54.75818],[-64.13589,-54.76246],[-64.13604,-54.76322],[-64.13661,-54.76332],[-64.13442,-54.76784],[-64.13451,-54.76979],[-64.13508,-54.77031],[-64.13665,-54.76998],[-64.13851,-54.77041],[-64.13932,-54.77041],[-64.14022,-54.76931],[-64.14127,-54.76912],[-64.14346,-54.76946],[-64.14417,-54.76993],[-64.14974,-54.7695],[-64.15455,-54.76741],[-64.15598,-54.76517],[-64.15712,-54.76441],[-64.15778,-54.76427],[-64.15821,-54.76503],[-64.15969,-54.76527],[-64.16173,-54.76494],[-64.16297,-54.76322],[-64.16392,-54.76327],[-64.16426,-54.76408],[-64.16668,-54.76198],[-64.16573,-54.76013],[-64.16554,-54.7577],[-64.16445,-54.75704],[-64.16226,-54.75708],[-64.16169,-54.75656],[-64.16269,-54.75627],[-64.16078,-54.75575],[-64.16064,-54.75508],[-64.16478,-54.75494],[-64.1673,-54.75351],[-64.17163,-54.75261],[-64.17387,-54.75171],[-64.17658,-54.74885],[-64.18405,-54.74438],[-64.1842,-54.74347],[-64.18225,-54.74319],[-64.18244,-54.74295],[-64.18462,-54.74262],[-64.18834,-54.744],[-64.19214,-54.74276],[-64.19233,-54.74233],[-64.19157,-54.7419],[-64.195,-54.74147],[-64.19614,-54.74095],[-64.19719,-54.74133],[-64.20109,-54.74128],[-64.20366,-54.74076],[-64.20447,-54.741],[-64.20709,-54.73962],[-64.20804,-54.73819],[-64.20699,-54.73681],[-64.20904,-54.73733],[-64.21023,-54.73648],[-64.21308,-54.73681],[-64.21556,-54.7341],[-64.21632,-54.73386],[-64.21741,-54.73415],[-64.22236,-54.73296],[-64.2246,-54.73291],[-64.22512,-54.73467],[-64.22436,-54.73595],[-64.22489,-54.73619],[-64.22465,-54.73738],[-64.22346,-54.7379],[-64.22398,-54.73924],[-64.22284,-54.74043],[-64.2227,-54.74252],[-64.22498,-54.74395],[-64.23083,-54.74476],[-64.23712,-54.74476],[-64.24235,-54.74523],[-64.2502,-54.744],[-64.25943,-54.73986],[-64.25986,-54.73886],[-64.25901,-54.73743],[-64.25967,-54.73633],[-64.26281,-54.73643],[-64.26519,-54.73581],[-64.26838,-54.73586],[-64.27109,-54.73467],[-64.27224,-54.73491],[-64.27571,-54.73415],[-64.27661,-54.73372],[-64.27795,-54.73177],[-64.2778,-54.72962],[-64.27866,-54.72896],[-64.27947,-54.72901],[-64.28228,-54.73081],[-64.2888,-54.73315],[-64.2907,-54.73429],[-64.29536,-54.73524],[-64.29694,-54.73595],[-64.30836,-54.73672],[-64.32149,-54.73605],[-64.32444,-54.73553],[-64.32635,-54.73448],[-64.32925,-54.73391]]],[[[-64.23917,-54.6962],[-64.23769,-54.69539],[-64.23822,-54.69482],[-64.23922,-54.69477],[-64.24112,-54.69696],[-64.24322,-54.69762],[-64.24402,-54.69934],[-64.24707,-54.69957],[-64.24807,-54.70024],[-64.24745,-54.70053],[-64.24607,-54.70019],[-64.24517,-54.70191],[-64.24764,-54.70248],[-64.24859,-54.70338],[-64.24831,-54.70433],[-64.24736,-54.70467],[-64.24483,-54.70462],[-64.24312,-54.70371],[-64.24336,-54.70452],[-64.2416,-54.70614],[-64.23893,-54.70481],[-64.2367,-54.70505],[-64.23708,-54.70452],[-64.23779,-54.70471],[-64.23822,-54.70438],[-64.23812,-54.70319],[-64.23731,-54.70272],[-64.23665,-54.70295],[-64.23436,-54.70243],[-64.23479,-54.70115],[-64.23379,-54.70057],[-64.23522,-54.7001],[-64.23513,-54.69919],[-64.23812,-54.69767],[-64.2375,-54.69653],[-64.2386,-54.69634],[-64.23969,-54.69667],[-64.23917,-54.6962]]],[[[-64.25023,-54.6914],[-64.24942,-54.69054],[-64.25051,-54.69006],[-64.25261,-54.6914],[-64.25313,-54.69092],[-64.25461,-54.69111],[-64.25446,-54.69163],[-64.25513,-54.6914],[-64.25641,-54.6922],[-64.25651,-54.69292],[-64.25841,-54.69477],[-64.25732,-54.69544],[-64.25541,-54.6952],[-64.25699,-54.69715],[-64.25627,-54.69825],[-64.25156,-54.69458],[-64.2518,-54.69311],[-64.25004,-54.69225],[-64.25085,-54.69168],[-64.25023,-54.6914]]],[[[-64.26132,-54.67279],[-64.26622,-54.67626],[-64.2676,-54.6765],[-64.26845,-54.67788],[-64.27169,-54.67926],[-64.27121,-54.68055],[-64.26912,-54.68245],[-64.26955,-54.68297],[-64.26731,-54.68292],[-64.26822,-54.68392],[-64.26769,-54.68445],[-64.2656,-54.68521],[-64.2646,-54.68502],[-64.26293,-54.68549],[-64.26336,-54.6864],[-64.26293,-54.68668],[-64.26165,-54.68602],[-64.26193,-54.68726],[-64.26103,-54.68811],[-64.25656,-54.68745],[-64.25237,-54.6824],[-64.25403,-54.68221],[-64.25418,-54.68174],[-64.24918,-54.6784],[-64.24747,-54.67607],[-64.24947,-54.67555],[-64.24947,-54.67474],[-64.25028,-54.67445],[-64.25223,-54.67493],[-64.25223,-54.67455],[-64.2537,-54.67412],[-64.25304,-54.67345],[-64.25389,-54.67365],[-64.25422,-54.67426],[-64.25527,-54.67384],[-64.25594,-54.67412],[-64.25718,-54.67388],[-64.25741,-54.67288],[-64.26022,-54.6735],[-64.26132,-54.67279]]],[[[-64.131,-54.6462],[-64.13028,-54.64596],[-64.1307,-54.64554],[-64.13266,-54.64655],[-64.13397,-54.6462],[-64.13552,-54.64739],[-64.13683,-54.64733],[-64.13724,-54.64691],[-64.13861,-54.64703],[-64.13861,-54.64644],[-64.14028,-54.6459],[-64.14218,-54.64697],[-64.14373,-54.64697],[-64.14355,-54.6481],[-64.14426,-54.64852],[-64.14462,-54.64715],[-64.14623,-54.64769],[-64.1495,-54.64757],[-64.14879,-54.64876],[-64.14962,-54.64947],[-64.15229,-54.64989],[-64.15378,-54.64864],[-64.15563,-54.64947],[-64.16241,-54.65066],[-64.16175,-54.65185],[-64.15991,-54.65185],[-64.15908,-54.65268],[-64.15806,-54.65274],[-64.15717,-54.65423],[-64.15491,-54.65441],[-64.15497,-54.65512],[-64.15628,-54.65607],[-64.15563,-54.65679],[-64.15432,-54.65696],[-64.1545,-54.65738],[-64.15747,-54.65774],[-64.15765,-54.65857],[-64.1558,-54.6594],[-64.15331,-54.65982],[-64.15289,-54.66101],[-64.15378,-54.66143],[-64.15241,-54.66184],[-64.15003,-54.66178],[-64.14968,-54.6622],[-64.15045,-54.66345],[-64.14896,-54.66333],[-64.14879,-54.66422],[-64.14962,-54.66482],[-64.1445,-54.66648],[-64.13968,-54.6688],[-64.13849,-54.66797],[-64.13397,-54.66726],[-64.12636,-54.66375],[-64.12487,-54.66119],[-64.12648,-54.65946],[-64.12416,-54.65798],[-64.1216,-54.6575],[-64.12142,-54.65607],[-64.12047,-54.65548],[-64.11946,-54.65607],[-64.1175,-54.6556],[-64.11613,-54.65459],[-64.11357,-54.65399],[-64.11333,-54.6534],[-64.10935,-54.65167],[-64.10911,-54.65119],[-64.11042,-54.65114],[-64.11523,-54.65304],[-64.11821,-54.65155],[-64.12017,-54.65143],[-64.12219,-54.65233],[-64.12285,-54.65203],[-64.12327,-54.65054],[-64.12178,-54.64953],[-64.12172,-54.64846],[-64.12499,-54.6484],[-64.1263,-54.64792],[-64.12689,-54.64828],[-64.13052,-54.64864],[-64.13147,-54.64739],[-64.131,-54.6462]]]]},"properties":{"fid":6,"Name":"RNatS Isla de los Estados y Archipiélago de Año Nuevo","region":"DIRECCIÓN REGIONAL PATAGONIA AUSTRAL","attributes":{"categoryId":"Environnement","subCategoryId":"PARC","tags":["NATURE"],"gallery":["https://images.pexels.com/photos/2403205/pexels-photo-2403205.jpeg?auto=compress&cs=tinysrgb&w=800","https://images.pexels.com/photos/933054/pexels-photo-933054.jpeg?auto=compress&cs=tinysrgb&w=800","https://images.pexels.com/photos/572897/pexels-photo-572897.jpeg?auto=compress&cs=tinysrgb&w=800"],"informations":["Année de création : n.c.","Superficie : n.c."],"highlights":["Paysages remarquables","Biodiversité et observation de la faune","Randonnée et points de vue"],"external_links":["Site officiel : https://www.argentina.gob.ar/parquesnacionales","Wikipedia : https://es.wikipedia.org/wiki/Special:Search?search=RNatS%20Isla%20de%20los%20Estados%20y%20Archipi%C3%A9lago%20de%20A%C3%B1o%20Nuevo"],"photo":"https://images.pexels.com/photos/2403205/pexels-photo-2403205.jpeg?auto=compress&cs=tinysrgb&w=800","short_desc":"RNatS Isla de los Estados y Archipiélago de Año Nuevo est une aire protégée nationale en Argentine.","link_official":"https://www.argentina.gob.ar/parquesnacionales","link_wikipedia":"https://es.wikipedia.org/wiki/Special:Search?search=RNatS%20Isla%20de%20los%20Estados%20y%20Archipi%C3%A9lago%20de%20A%C3%B1o%20Nuevo"},"categoryId":"Environnement","subCategoryId":"PARC","tags":["NATURE"],"gallery":["https://images.pexels.com/photos/2403205/pexels-photo-2403205.jpeg?auto=compress&cs=tinysrgb&w=800","https://images.pexels.com/photos/933054/pexels-photo-933054.jpeg?auto=compress&cs=tinysrgb&w=800","https://images.pexels.com/photos/572897/pexels-photo-572897.jpeg?auto=compress&cs=tinysrgb&w=800"],"informations":["Année de création : n.c.","Superficie : n.c."],"highlights":["Paysages remarquables","Biodiversité et observation de la faune","Randonnée et points de vue"],"external_links":["Site officiel : https://www.argentina.gob.ar/parquesnacionales","Wikipedia : https://es.wikipedia.org/wiki/Special:Search?search=RNatS%20Isla%20de%20los%20Estados%20y%20Archipi%C3%A9lago%20de%20A%C3%B1o%20Nuevo"],"photo":"https://images.pexels.com/photos/2403205/pexels-photo-2403205.jpeg?auto=compress&cs=tinysrgb&w=800","short_desc":"RNatS Isla de los Estados y Archipiélago de Año Nuevo est une aire protégée nationale en Argentine.","link_official":"https://www.argentina.gob.ar/parquesnacionales","link_wikipedia":"https://es.wikipedia.org/wiki/Special:Search?search=RNatS%20Isla%20de%20los%20Estados%20y%20Archipi%C3%A9lago%20de%20A%C3%B1o%20Nuevo"}},{"type":"Feature","geometry":{"type":"Polygon","coordinates":[[[-67.61667,-49.14167],[-67.63645,-49.14178],[-67.637,-49.14823],[-67.63509,-49.15323],[-67.63181,-49.15718],[-67.62662,-49.15656],[-67.62467,-49.15789],[-67.61511,-49.16013],[-67.61373,-49.16089],[-67.61377,-49.16199],[-67.61658,-49.16261],[-67.61739,-49.16332],[-67.61758,-49.16451],[-67.61672,-49.16884],[-67.6152,-49.1725],[-67.61425,-49.17393],[-67.61011,-49.17726],[-67.61072,-49.18042],[-67.61157,-49.1806],[-67.61389,-49.18518],[-67.6192,-49.18951],[-67.62073,-49.18921],[-67.62347,-49.18988],[-67.62939,-49.19348],[-67.63129,-49.19531],[-67.63397,-49.19531],[-67.63501,-49.19678],[-67.64319,-49.19611],[-67.64728,-49.19788],[-67.65149,-49.19861],[-67.6579,-49.20081],[-67.65991,-49.20258],[-67.66461,-49.20349],[-67.66742,-49.2088],[-67.66779,-49.21649],[-67.66992,-49.21722],[-67.67023,-49.21851],[-67.67279,-49.21869],[-67.6748,-49.22058],[-67.67468,-49.2226],[-67.66718,-49.23993],[-67.66731,-49.24354],[-67.6153,-49.24969],[-67.61275,-49.25027],[-67.60931,-49.26322],[-67.60914,-49.27087],[-67.60803,-49.27236],[-67.60529,-49.27421],[-67.6043,-49.27571],[-67.6036,-49.29567],[-67.60644,-49.30287],[-67.61038,-49.30831],[-67.62161,-49.32658],[-67.62528,-49.33909],[-67.63157,-49.35546],[-67.63476,-49.35976],[-67.64068,-49.36559],[-67.64332,-49.36886],[-67.65032,-49.38146],[-67.66027,-49.39255],[-67.66278,-49.3966],[-67.66719,-49.40667],[-67.66862,-49.41347],[-67.66831,-49.41901],[-67.66902,-49.42252],[-67.67303,-49.43134],[-67.67375,-49.43727],[-67.67729,-49.44459],[-67.6788,-49.45069],[-67.68213,-49.45849],[-67.68424,-49.47011],[-67.68758,-49.48193],[-67.68825,-49.48545],[-67.68881,-49.50586],[-67.69764,-49.52974],[-67.69933,-49.54337],[-67.70346,-49.56139],[-67.7047,-49.57257],[-67.70481,-49.58035],[-67.70638,-49.58963],[-67.70563,-49.60008],[-67.70827,-49.61519],[-67.71111,-49.62407],[-67.71959,-49.63348],[-67.72049,-49.63596],[-67.72034,-49.6372],[-67.71929,-49.63826],[-67.71869,-49.64657],[-67.71663,-49.65279],[-67.71862,-49.66147],[-67.72092,-49.66751],[-67.72133,-49.67181],[-67.71922,-49.67718],[-67.71679,-49.68106],[-67.71575,-49.6847],[-67.71609,-49.68826],[-67.71545,-49.69943],[-67.71869,-49.70841],[-67.71969,-49.71265],[-67.71933,-49.71585],[-67.72143,-49.72345],[-67.72189,-49.72833],[-67.72067,-49.73605],[-67.7215,-49.74118],[-67.7241,-49.74847],[-67.72473,-49.75777],[-67.72764,-49.76459],[-67.72734,-49.76604],[-67.72875,-49.76813],[-67.72871,-49.77026],[-67.72995,-49.77372],[-67.72947,-49.77507],[-67.73225,-49.7827],[-67.73603,-49.78978],[-67.74079,-49.79626],[-67.74153,-49.79859],[-67.74337,-49.80086],[-67.74394,-49.80433],[-67.74636,-49.80642],[-67.74684,-49.80862],[-67.74624,-49.80934],[-67.74807,-49.81148],[-67.74857,-49.81388],[-67.75021,-49.81579],[-67.75202,-49.81673],[-67.75188,-49.81957],[-67.75345,-49.82054],[-67.75392,-49.8224],[-67.75662,-49.82477],[-67.75618,-49.82563],[-67.75729,-49.82554],[-67.75728,-49.82664],[-67.75856,-49.82687],[-67.75988,-49.82844],[-67.76128,-49.83041],[-67.76109,-49.83158],[-67.76166,-49.83258],[-67.76312,-49.83331],[-67.76317,-49.83451],[-67.76537,-49.83792],[-67.76796,-49.84032],[-67.76777,-49.8412],[-67.77071,-49.84511],[-67.77314,-49.8504],[-67.78256,-49.86505],[-67.62532,-49.86891],[-67.51924,-49.44106],[-67.54781,-49.25108],[-67.56106,-49.15872],[-67.61667,-49.14167]]]},"properties":{"fid":7,"Name":"PIM Makenke","region":"DIRECCIÓN REGIONAL PATAGONIA AUSTRAL","attributes":{"categoryId":"Environnement","subCategoryId":"PARC","tags":["NATURE"],"gallery":["https://images.pexels.com/photos/2403205/pexels-photo-2403205.jpeg?auto=compress&cs=tinysrgb&w=800","https://images.pexels.com/photos/933054/pexels-photo-933054.jpeg?auto=compress&cs=tinysrgb&w=800","https://images.pexels.com/photos/572897/pexels-photo-572897.jpeg?auto=compress&cs=tinysrgb&w=800"],"informations":["Année de création : n.c.","Superficie : n.c."],"highlights":["Paysages remarquables","Biodiversité et observation de la faune","Randonnée et points de vue"],"external_links":["Site officiel : https://www.argentina.gob.ar/parquesnacionales","Wikipedia : https://es.wikipedia.org/wiki/Special:Search?search=PIM%20Makenke"],"photo":"https://images.pexels.com/photos/2403205/pexels-photo-2403205.jpeg?auto=compress&cs=tinysrgb&w=800","short_desc":"PIM Makenke est une aire protégée nationale en Argentine.","link_official":"https://www.argentina.gob.ar/parquesnacionales","link_wikipedia":"https://es.wikipedia.org/wiki/Special:Search?search=PIM%20Makenke"},"categoryId":"Environnement","subCategoryId":"PARC","tags":["NATURE"],"gallery":["https://images.pexels.com/photos/2403205/pexels-photo-2403205.jpeg?auto=compress&cs=tinysrgb&w=800","https://images.pexels.com/photos/933054/pexels-photo-933054.jpeg?auto=compress&cs=tinysrgb&w=800","https://images.pexels.com/photos/572897/pexels-photo-572897.jpeg?auto=compress&cs=tinysrgb&w=800"],"informations":["Année de création : n.c.","Superficie : n.c."],"highlights":["Paysages remarquables","Biodiversité et observation de la faune","Randonnée et points de vue"],"external_links":["Site officiel : https://www.argentina.gob.ar/parquesnacionales","Wikipedia : https://es.wikipedia.org/wiki/Special:Search?search=PIM%20Makenke"],"photo":"https://images.pexels.com/photos/2403205/pexels-photo-2403205.jpeg?auto=compress&cs=tinysrgb&w=800","short_desc":"PIM Makenke est une aire protégée nationale en Argentine.","link_official":"https://www.argentina.gob.ar/parquesnacionales","link_wikipedia":"https://es.wikipedia.org/wiki/Special:Search?search=PIM%20Makenke"}},{"type":"Feature","geometry":{"type":"Polygon","coordinates":[[[-65.88927,-47.76646],[-65.89111,-47.76433],[-65.89488,-47.7637],[-65.89768,-47.76566],[-65.89826,-47.76709],[-65.89612,-47.7682],[-65.89458,-47.76813],[-65.88951,-47.76977],[-65.88853,-47.77043],[-65.88636,-47.77044],[-65.8854,-47.77121],[-65.88477,-47.77265],[-65.88175,-47.77327],[-65.88002,-47.77424],[-65.87987,-47.77558],[-65.88079,-47.77588],[-65.88403,-47.77581],[-65.8849,-47.77622],[-65.8858,-47.78042],[-65.88393,-47.7887],[-65.88093,-47.7935],[-65.87996,-47.7939],[-65.87666,-47.79283],[-65.87583,-47.79305],[-65.88075,-47.79461],[-65.88085,-47.79642],[-65.87965,-47.79855],[-65.87749,-47.80074],[-65.87395,-47.80251],[-65.87292,-47.80238],[-65.86997,-47.80032],[-65.86825,-47.79976],[-65.86633,-47.80024],[-65.86668,-47.80096],[-65.86536,-47.80074],[-65.86504,-47.80108],[-65.86693,-47.80299],[-65.86596,-47.80335],[-65.86658,-47.80408],[-65.86793,-47.80383],[-65.87041,-47.8051],[-65.87209,-47.80402],[-65.87192,-47.80356],[-65.87021,-47.80323],[-65.87057,-47.80231],[-65.87112,-47.80216],[-65.87446,-47.80409],[-65.87571,-47.80593],[-65.87573,-47.80964],[-65.87418,-47.81303],[-65.86814,-47.82191],[-65.86687,-47.82559],[-65.86468,-47.83637],[-65.86341,-47.83963],[-65.86448,-47.84979],[-65.86256,-47.85409],[-65.86129,-47.8592],[-65.86157,-47.86342],[-65.86099,-47.86662],[-65.85819,-47.87278],[-65.85422,-47.87589],[-65.85239,-47.87863],[-65.85035,-47.88374],[-65.84454,-47.89349],[-65.84357,-47.89431],[-65.84123,-47.89503],[-65.84023,-47.89503],[-65.83782,-47.89383],[-65.83545,-47.89358],[-65.8339,-47.89402],[-65.83138,-47.89556],[-65.83195,-47.89613],[-65.83136,-47.89653],[-65.83165,-47.89723],[-65.83249,-47.89759],[-65.83139,-47.89782],[-65.83176,-47.89845],[-65.83099,-47.89915],[-65.82944,-47.89982],[-65.82759,-47.89927],[-65.82799,-47.90083],[-65.82735,-47.9015],[-65.82321,-47.90366],[-65.82098,-47.90303],[-65.82155,-47.90424],[-65.82098,-47.90457],[-65.81646,-47.90364],[-65.81335,-47.9045],[-65.81297,-47.90396],[-65.81105,-47.9035],[-65.81025,-47.90281],[-65.80589,-47.90233],[-65.80405,-47.90249],[-65.8006,-47.90363],[-65.79848,-47.90257],[-65.79716,-47.90283],[-65.79431,-47.90243],[-65.79192,-47.90279],[-65.79284,-47.90324],[-65.79263,-47.90413],[-65.78882,-47.90384],[-65.78662,-47.90467],[-65.78656,-47.90491],[-65.78876,-47.90498],[-65.78886,-47.90556],[-65.78752,-47.90551],[-65.78782,-47.90601],[-65.7872,-47.9066],[-65.78648,-47.90623],[-65.78551,-47.90684],[-65.78438,-47.9069],[-65.78394,-47.90815],[-65.78308,-47.90844],[-65.77438,-47.90755],[-65.76937,-47.90781],[-65.76842,-47.9073],[-65.76817,-47.90758],[-65.76937,-47.90833],[-65.7717,-47.90885],[-65.77281,-47.90938],[-65.77306,-47.90998],[-65.77398,-47.91017],[-65.77404,-47.91114],[-65.77297,-47.91159],[-65.77094,-47.91164],[-65.7696,-47.91295],[-65.76948,-47.91369],[-65.76669,-47.91361],[-65.76347,-47.91415],[-65.76146,-47.91622],[-65.76177,-47.91677],[-65.76272,-47.91667],[-65.76573,-47.9174],[-65.76577,-47.91803],[-65.76369,-47.91943],[-65.76651,-47.91904],[-65.76621,-47.9198],[-65.7708,-47.91957],[-65.77183,-47.91982],[-65.77271,-47.9209],[-65.774,-47.92032],[-65.77517,-47.92086],[-65.77651,-47.92062],[-65.77748,-47.92191],[-65.77991,-47.92287],[-65.7851,-47.92331],[-65.78827,-47.92725],[-65.79063,-47.93168],[-65.79056,-47.93222],[-65.78743,-47.93485],[-65.7903,-47.93596],[-65.7904,-47.93803],[-65.78889,-47.9408],[-65.78873,-47.9428],[-65.786,-47.94533],[-65.78437,-47.94606],[-65.77791,-47.94589],[-65.7745,-47.94483],[-65.77111,-47.94451],[-65.76994,-47.94314],[-65.76754,-47.94499],[-65.76739,-47.94604],[-65.76633,-47.94608],[-65.76566,-47.94668],[-65.76524,-47.94913],[-65.76467,-47.94948],[-65.76509,-47.95014],[-65.76659,-47.95095],[-65.76867,-47.95141],[-65.76926,-47.95255],[-65.7705,-47.95291],[-65.7714,-47.95278],[-65.77155,-47.9516],[-65.77659,-47.95148],[-65.77952,-47.95071],[-65.78744,-47.9519],[-65.78941,-47.95152],[-65.79043,-47.95254],[-65.79164,-47.95287],[-65.79832,-47.95162],[-65.80009,-47.9528],[-65.79965,-47.95405],[-65.80119,-47.95384],[-65.80185,-47.95414],[-65.80084,-47.95639],[-65.80276,-47.95706],[-65.80378,-47.95682],[-65.80408,-47.95706],[-65.80486,-47.95869],[-65.80341,-47.96002],[-65.80429,-47.96085],[-65.80885,-47.96102],[-65.81019,-47.9605],[-65.81207,-47.9606],[-65.813,-47.95998],[-65.81209,-47.95951],[-65.81236,-47.95888],[-65.81384,-47.95836],[-65.81517,-47.95729],[-65.81795,-47.95708],[-65.81937,-47.95775],[-65.81942,-47.95883],[-65.82069,-47.95881],[-65.82047,-47.95992],[-65.82107,-47.9604],[-65.82513,-47.96152],[-65.82689,-47.96156],[-65.82539,-47.96312],[-65.82642,-47.96365],[-65.82796,-47.96372],[-65.82833,-47.96415],[-65.82638,-47.9649],[-65.82942,-47.96474],[-65.83102,-47.96539],[-65.83376,-47.96395],[-65.83289,-47.9628],[-65.83403,-47.9628],[-65.83312,-47.96115],[-65.83193,-47.96072],[-65.83193,-47.96022],[-65.8332,-47.95905],[-65.83547,-47.95836],[-65.83684,-47.95912],[-65.83777,-47.96136],[-65.83657,-47.96195],[-65.8363,-47.96299],[-65.83761,-47.96412],[-65.8401,-47.96373],[-65.8399,-47.96329],[-65.83846,-47.96316],[-65.83948,-47.96182],[-65.83943,-47.961],[-65.84034,-47.96058],[-65.84192,-47.96103],[-65.84251,-47.96016],[-65.8406,-47.95669],[-65.84147,-47.95541],[-65.83994,-47.95452],[-65.84008,-47.95322],[-65.84104,-47.95288],[-65.84073,-47.95088],[-65.83737,-47.94621],[-65.83754,-47.94516],[-65.83853,-47.94404],[-65.83883,-47.94217],[-65.84407,-47.93992],[-65.84843,-47.93863],[-65.85584,-47.93752],[-65.86007,-47.93773],[-65.86327,-47.93862],[-65.86594,-47.94013],[-65.86777,-47.94266],[-65.86741,-47.9434],[-65.86594,-47.94386],[-65.86745,-47.94536],[-65.86745,-47.94654],[-65.86514,-47.94744],[-65.86235,-47.9476],[-65.86203,-47.94824],[-65.86522,-47.94861],[-65.86682,-47.94824],[-65.86774,-47.9487],[-65.87061,-47.9478],[-65.86884,-47.94676],[-65.86932,-47.94583],[-65.87021,-47.94537],[-65.87158,-47.94606],[-65.87473,-47.94596],[-65.87308,-47.9447],[-65.8737,-47.94352],[-65.87253,-47.94322],[-65.86996,-47.94379],[-65.86935,-47.94359],[-65.86838,-47.9412],[-65.86849,-47.94069],[-65.86975,-47.9401],[-65.87056,-47.93802],[-65.87255,-47.93629],[-65.87495,-47.93512],[-65.87893,-47.93409],[-65.88778,-47.93316],[-65.89009,-47.93332],[-65.89361,-47.93194],[-65.89706,-47.93157],[-65.90473,-47.93214],[-65.90955,-47.93318],[-65.91639,-47.93581],[-65.92287,-47.93895],[-65.92908,-47.94284],[-65.93435,-47.94706],[-65.94122,-47.95428],[-65.94553,-47.96096],[-65.94906,-47.96774],[-65.95054,-47.97218],[-65.9514,-47.97714],[-65.95016,-47.98029],[-65.94814,-47.98238],[-65.94653,-47.98323],[-65.94465,-47.98362],[-65.94325,-47.9834],[-65.94278,-47.98275],[-65.94305,-47.98215],[-65.94252,-47.98206],[-65.94143,-47.98295],[-65.94192,-47.98378],[-65.94158,-47.98463],[-65.93896,-47.98749],[-65.93741,-47.98849],[-65.93415,-47.98929],[-65.93222,-47.98864],[-65.93205,-47.98756],[-65.93138,-47.98733],[-65.92863,-47.99009],[-65.92684,-47.99067],[-65.9251,-47.99003],[-65.92412,-47.99024],[-65.92419,-47.99067],[-65.92526,-47.99084],[-65.9259,-47.99156],[-65.92771,-47.99166],[-65.92897,-47.99303],[-65.92903,-47.99525],[-65.9273,-47.9954],[-65.92734,-47.99621],[-65.928,-47.99621],[-65.92844,-47.99672],[-65.93008,-47.99658],[-65.93107,-47.99577],[-65.93489,-47.9981],[-65.93575,-47.99972],[-65.93542,-48.00052],[-65.93487,-48.00042],[-65.93531,-48.00154],[-65.93449,-48.00154],[-65.93458,-48.00191],[-65.93711,-48.00216],[-65.93876,-48.00286],[-65.93912,-48.00248],[-65.94132,-48.00221],[-65.94293,-48.00393],[-65.94338,-48.00623],[-65.94275,-48.00846],[-65.94103,-48.00899],[-65.93701,-48.00849],[-65.93886,-48.00936],[-65.93881,-48.0103],[-65.93796,-48.0111],[-65.93605,-48.01174],[-65.93475,-48.01063],[-65.93264,-48.0115],[-65.93361,-48.01202],[-65.93431,-48.01626],[-65.93352,-48.01695],[-65.93187,-48.01721],[-65.93344,-48.01794],[-65.9339,-48.01767],[-65.93545,-48.01818],[-65.93569,-48.01668],[-65.93811,-48.01548],[-65.93993,-48.01598],[-65.94045,-48.01547],[-65.94258,-48.0155],[-65.94704,-48.0164],[-65.94583,-48.01536],[-65.94686,-48.01486],[-65.94666,-48.01389],[-65.9486,-48.01321],[-65.9518,-48.01374],[-65.95324,-48.01446],[-65.95624,-48.01751],[-65.95682,-48.01901],[-65.95641,-48.01988],[-65.95467,-48.0198],[-65.95398,-48.02012],[-65.9535,-48.02054],[-65.95421,-48.02148],[-65.95293,-48.02225],[-65.94963,-48.02185],[-65.9493,-48.02244],[-65.94863,-48.02238],[-65.94752,-48.02452],[-65.94816,-48.02485],[-65.95061,-48.02465],[-65.95121,-48.02505],[-65.95108,-48.02574],[-65.9501,-48.02575],[-65.94933,-48.02646],[-65.94786,-48.02631],[-65.94836,-48.02722],[-65.94755,-48.02811],[-65.94258,-48.02678],[-65.94251,-48.02823],[-65.94054,-48.02907],[-65.94087,-48.03085],[-65.94212,-48.03162],[-65.94344,-48.0308],[-65.94386,-48.03116],[-65.9433,-48.03223],[-65.94644,-48.03153],[-65.94817,-48.03232],[-65.94903,-48.03185],[-65.95243,-48.03147],[-65.95281,-48.03232],[-65.95177,-48.03337],[-65.95219,-48.03444],[-65.95407,-48.03532],[-65.95733,-48.03597],[-65.9589,-48.04011],[-65.96145,-48.04156],[-65.96854,-48.04384],[-65.97332,-48.04594],[-65.9752,-48.04741],[-65.97544,-48.04917],[-65.97654,-48.0496],[-65.97953,-48.04922],[-65.9803,-48.05098],[-65.97603,-48.05202],[-65.97441,-48.05328],[-65.9722,-48.05377],[-65.9712,-48.05318],[-65.97134,-48.05176],[-65.97054,-48.05001],[-65.96932,-48.04939],[-65.96789,-48.04975],[-65.96579,-48.05188],[-65.95961,-48.06133],[-65.95548,-48.06578],[-65.95304,-48.06755],[-65.95017,-48.06839],[-65.94924,-48.06809],[-65.94893,-48.06695],[-65.94783,-48.06691],[-65.94859,-48.06778],[-65.94863,-48.06907],[-65.94807,-48.06981],[-65.94026,-48.07505],[-65.93866,-48.07555],[-65.9356,-48.07486],[-65.93522,-48.07662],[-65.9309,-48.07813],[-65.92934,-48.07802],[-65.92849,-48.07673],[-65.92734,-48.07632],[-65.92634,-48.07755],[-65.92263,-48.07919],[-65.92178,-48.07934],[-65.92073,-48.07872],[-65.91953,-48.07876],[-65.91868,-48.08007],[-65.91562,-48.08076],[-65.9098,-48.08099],[-65.90654,-48.08066],[-65.90519,-48.08007],[-65.90437,-48.08037],[-65.90427,-48.08086],[-65.90563,-48.08237],[-65.90574,-48.0865],[-65.90476,-48.08771],[-65.90456,-48.08902],[-65.9034,-48.09012],[-65.9023,-48.09049],[-65.90019,-48.09025],[-65.89963,-48.09067],[-65.90079,-48.09107],[-65.90259,-48.09112],[-65.90353,-48.09072],[-65.90439,-48.09097],[-65.90544,-48.09209],[-65.90547,-48.09309],[-65.90416,-48.09435],[-65.9022,-48.09482],[-65.90099,-48.09589],[-65.89946,-48.09605],[-65.89836,-48.09838],[-65.89658,-48.09908],[-65.89424,-48.10135],[-65.89696,-48.10204],[-65.89701,-48.10256],[-65.89635,-48.10284],[-65.89693,-48.1032],[-65.89813,-48.1025],[-65.8986,-48.10152],[-65.90224,-48.10042],[-65.90226,-48.10002],[-65.90116,-48.09966],[-65.90112,-48.09902],[-65.90352,-48.09768],[-65.9047,-48.09499],[-65.90579,-48.09449],[-65.90896,-48.09578],[-65.90948,-48.09682],[-65.90811,-48.09716],[-65.90837,-48.09846],[-65.90774,-48.09888],[-65.90925,-48.09873],[-65.90977,-48.09966],[-65.90924,-48.10037],[-65.90693,-48.1012],[-65.90454,-48.10333],[-65.90917,-48.10109],[-65.91055,-48.09973],[-65.91157,-48.09986],[-65.91262,-48.09949],[-65.91335,-48.09805],[-65.91666,-48.0974],[-65.91716,-48.09668],[-65.91776,-48.09682],[-65.91791,-48.09762],[-65.91651,-48.09858],[-65.91537,-48.10069],[-65.91568,-48.10162],[-65.91482,-48.10319],[-65.91668,-48.1033],[-65.91739,-48.10371],[-65.91788,-48.10484],[-65.91756,-48.10561],[-65.91652,-48.1061],[-65.90847,-48.10521],[-65.9081,-48.10561],[-65.91612,-48.10733],[-65.91594,-48.10821],[-65.91681,-48.10788],[-65.91721,-48.10821],[-65.91666,-48.10913],[-65.91695,-48.1103],[-65.91983,-48.11052],[-65.9205,-48.10977],[-65.92129,-48.1099],[-65.9218,-48.11112],[-65.92036,-48.11132],[-65.92012,-48.11197],[-65.92282,-48.11362],[-65.92285,-48.11554],[-65.9241,-48.11546],[-65.92486,-48.11615],[-65.92563,-48.11596],[-65.92499,-48.11315],[-65.92573,-48.11248],[-65.92677,-48.11254],[-65.92763,-48.11379],[-65.92803,-48.11242],[-65.9289,-48.11237],[-65.92967,-48.11322],[-65.92913,-48.11492],[-65.93004,-48.11559],[-65.93077,-48.11506],[-65.93317,-48.11499],[-65.93477,-48.11421],[-65.93383,-48.11272],[-65.93467,-48.11204],[-65.93794,-48.11168],[-65.94012,-48.11251],[-65.94208,-48.11441],[-65.94275,-48.11751],[-65.94069,-48.11846],[-65.94116,-48.11921],[-65.93801,-48.12019],[-65.94222,-48.12038],[-65.94288,-48.1218],[-65.94255,-48.12279],[-65.94034,-48.12293],[-65.93975,-48.12332],[-65.94099,-48.12363],[-65.94091,-48.12473],[-65.94191,-48.12479],[-65.94316,-48.12405],[-65.9451,-48.12496],[-65.94616,-48.12429],[-65.9477,-48.12439],[-65.94812,-48.12369],[-65.94967,-48.12373],[-65.95044,-48.12316],[-65.94836,-48.12197],[-65.94797,-48.12125],[-65.94837,-48.12029],[-65.9472,-48.11965],[-65.94705,-48.11881],[-65.9504,-48.11651],[-65.95114,-48.11618],[-65.95308,-48.11646],[-65.95393,-48.11546],[-65.95221,-48.11524],[-65.94607,-48.11702],[-65.94453,-48.11636],[-65.94353,-48.11388],[-65.94519,-48.1096],[-65.94713,-48.10845],[-65.94794,-48.10696],[-65.9528,-48.10293],[-65.95417,-48.10229],[-65.95665,-48.10226],[-65.95902,-48.1033],[-65.95915,-48.10187],[-65.96172,-48.10169],[-65.96269,-48.10089],[-65.97266,-48.10106],[-65.97386,-48.10144],[-65.97419,-48.10046],[-65.97553,-48.09999],[-65.98362,-48.10065],[-65.98763,-48.10202],[-65.99146,-48.10513],[-65.99147,-48.10737],[-65.98995,-48.1078],[-65.98966,-48.10824],[-65.99183,-48.10928],[-65.99266,-48.10897],[-65.99337,-48.10674],[-65.9949,-48.10519],[-65.99709,-48.10526],[-65.9998,-48.10636],[-66.0015,-48.10607],[-66.00254,-48.10658],[-66.00271,-48.10477],[-66.00332,-48.10434],[-66.00425,-48.10436],[-66.00468,-48.10343],[-66.00537,-48.1033],[-66.00914,-48.10347],[-66.01325,-48.10483],[-66.01519,-48.10634],[-66.01662,-48.10925],[-66.02003,-48.1083],[-66.02248,-48.1082],[-66.02949,-48.11162],[-66.02965,-48.11023],[-66.02725,-48.11001],[-66.0262,-48.10831],[-66.02702,-48.10691],[-66.02927,-48.10563],[-66.03171,-48.10497],[-66.0372,-48.1045],[-66.0474,-48.10533],[-66.05214,-48.1066],[-66.05719,-48.1095],[-66.05778,-48.11122],[-66.05601,-48.11257],[-66.05615,-48.11391],[-66.05711,-48.11447],[-66.05995,-48.11424],[-66.06095,-48.11449],[-66.0612,-48.11514],[-66.0606,-48.11649],[-66.06244,-48.11859],[-66.06082,-48.11936],[-66.06179,-48.11986],[-66.0627,-48.11966],[-66.06339,-48.11823],[-66.0624,-48.11621],[-66.06223,-48.11331],[-66.06409,-48.11252],[-66.06601,-48.11104],[-66.07294,-48.10973],[-66.07741,-48.10965],[-66.08116,-48.11008],[-66.08881,-48.1124],[-66.09091,-48.11381],[-66.09575,-48.11465],[-66.09799,-48.11438],[-66.09925,-48.11477],[-66.10202,-48.11788],[-66.1155,-48.12109],[-66.12106,-48.12359],[-66.12379,-48.12546],[-66.12709,-48.12884],[-66.12926,-48.13305],[-66.12846,-48.13694],[-66.1262,-48.13834],[-66.12443,-48.13855],[-66.12381,-48.13956],[-66.12678,-48.13865],[-66.12769,-48.13872],[-66.12835,-48.13794],[-66.13029,-48.13741],[-66.13351,-48.13781],[-66.13517,-48.13735],[-66.13768,-48.13836],[-66.13851,-48.13924],[-66.13851,-48.14165],[-66.1355,-48.14231],[-66.13443,-48.14343],[-66.13544,-48.1434],[-66.13735,-48.14243],[-66.13801,-48.14296],[-66.1369,-48.14577],[-66.13584,-48.1462],[-66.13449,-48.14799],[-66.13523,-48.14849],[-66.13748,-48.14867],[-66.13835,-48.14926],[-66.13747,-48.15034],[-66.13931,-48.15129],[-66.14112,-48.1565],[-66.14084,-48.15732],[-66.14128,-48.1581],[-66.14298,-48.15881],[-66.14134,-48.16044],[-66.14434,-48.16179],[-66.14568,-48.16141],[-66.14635,-48.16184],[-66.14619,-48.16238],[-66.14434,-48.16329],[-66.14462,-48.16458],[-66.14791,-48.16355],[-66.1503,-48.16668],[-66.15436,-48.1668],[-66.15433,-48.1672],[-66.15267,-48.16802],[-66.1527,-48.16865],[-66.1563,-48.16892],[-66.15781,-48.16962],[-66.15797,-48.17083],[-66.15931,-48.17176],[-66.16157,-48.1725],[-66.16344,-48.17199],[-66.16429,-48.17267],[-66.16441,-48.17451],[-66.16294,-48.17466],[-66.16284,-48.17541],[-66.16361,-48.17617],[-66.16508,-48.17618],[-66.16588,-48.17675],[-66.16702,-48.17847],[-66.16676,-48.17952],[-66.16505,-48.18111],[-66.15767,-48.18034],[-66.15699,-48.18351],[-66.15593,-48.18488],[-66.15591,-48.18628],[-66.15877,-48.18795],[-66.15993,-48.19046],[-66.16215,-48.19065],[-66.16312,-48.1921],[-66.16517,-48.19149],[-66.16719,-48.19322],[-66.16821,-48.19317],[-66.17128,-48.195],[-66.17278,-48.19459],[-66.17429,-48.19356],[-66.17546,-48.19377],[-66.17774,-48.19327],[-66.18367,-48.19439],[-66.18443,-48.19539],[-66.18598,-48.19433],[-66.18778,-48.1947],[-66.19488,-48.19434],[-66.1975,-48.19483],[-66.2003,-48.19576],[-66.20213,-48.19696],[-66.20436,-48.19904],[-66.20526,-48.20113],[-66.20691,-48.19981],[-66.20765,-48.2001],[-66.20798,-48.20121],[-66.20845,-48.20133],[-66.20947,-48.20104],[-66.20999,-48.20025],[-66.21215,-48.20078],[-66.21296,-48.19981],[-66.21583,-48.19944],[-66.22483,-48.20005],[-66.22825,-48.2013],[-66.23314,-48.2039],[-66.23771,-48.20705],[-66.24063,-48.21001],[-66.24287,-48.21327],[-66.24494,-48.21469],[-66.24549,-48.21583],[-66.24834,-48.21653],[-66.25131,-48.21829],[-66.25425,-48.21877],[-66.25565,-48.21961],[-66.25718,-48.22177],[-66.25782,-48.22424],[-66.25775,-48.22582],[-66.25664,-48.22764],[-66.25784,-48.22889],[-66.26108,-48.22992],[-66.26309,-48.23242],[-66.26265,-48.23795],[-66.26846,-48.24036],[-66.27767,-48.24224],[-66.27921,-48.24414],[-66.27889,-48.24511],[-66.27991,-48.24558],[-66.27998,-48.24718],[-66.28061,-48.24757],[-66.28195,-48.2474],[-66.28323,-48.24845],[-66.28328,-48.24992],[-66.28522,-48.24967],[-66.28602,-48.25014],[-66.28678,-48.24989],[-66.29183,-48.25042],[-66.29404,-48.25085],[-66.29657,-48.25195],[-66.30409,-48.25649],[-66.30779,-48.26053],[-66.30939,-48.26132],[-66.30963,-48.26199],[-66.31202,-48.26364],[-66.31233,-48.26527],[-66.31581,-48.26539],[-66.31874,-48.2669],[-66.32728,-48.26943],[-66.33166,-48.272],[-66.33756,-48.27716],[-66.3407,-48.28123],[-66.34275,-48.28519],[-66.34393,-48.28926],[-66.3438,-48.29133],[-66.34295,-48.29275],[-66.34325,-48.29397],[-66.34757,-48.29729],[-66.34764,-48.29911],[-66.34825,-48.29938],[-66.35014,-48.29911],[-66.35056,-48.29993],[-66.35325,-48.30103],[-66.3549,-48.30248],[-66.3564,-48.30534],[-66.3564,-48.30688],[-66.35771,-48.30774],[-66.35858,-48.30945],[-66.36018,-48.31472],[-66.35938,-48.32391],[-66.35498,-48.33336],[-66.3509,-48.33752],[-66.34794,-48.3439],[-66.34679,-48.34433],[-66.34512,-48.34655],[-66.34112,-48.34845],[-66.33779,-48.34864],[-66.33738,-48.34898],[-66.33716,-48.35014],[-66.33812,-48.35118],[-66.34101,-48.35217],[-66.34296,-48.3521],[-66.34297,-48.35381],[-66.34001,-48.3536],[-66.33891,-48.35247],[-66.33728,-48.35211],[-66.33654,-48.35331],[-66.33388,-48.35468],[-66.33439,-48.3561],[-66.33401,-48.35847],[-66.33519,-48.36001],[-66.33472,-48.36075],[-66.33806,-48.36217],[-66.34026,-48.36364],[-66.34199,-48.36588],[-66.34199,-48.36781],[-66.343,-48.3688],[-66.3439,-48.36898],[-66.3454,-48.37013],[-66.34627,-48.36994],[-66.34821,-48.36907],[-66.34978,-48.36722],[-66.3489,-48.36668],[-66.34724,-48.36756],[-66.34606,-48.36759],[-66.34543,-48.36731],[-66.34524,-48.36648],[-66.3434,-48.36586],[-66.34267,-48.36212],[-66.34317,-48.36102],[-66.3412,-48.35833],[-66.34006,-48.35754],[-66.34015,-48.35703],[-66.3429,-48.35633],[-66.34569,-48.35857],[-66.3462,-48.35771],[-66.34701,-48.35821],[-66.34821,-48.356],[-66.34986,-48.35507],[-66.35141,-48.35518],[-66.35237,-48.35711],[-66.3545,-48.35894],[-66.35593,-48.35954],[-66.35593,-48.36078],[-66.35735,-48.36165],[-66.35842,-48.36178],[-66.3584,-48.36046],[-66.35919,-48.36134],[-66.35992,-48.36094],[-66.36246,-48.36108],[-66.36239,-48.35991],[-66.36148,-48.35934],[-66.36112,-48.35838],[-66.36168,-48.35694],[-66.36488,-48.35511],[-66.36966,-48.3533],[-66.37504,-48.35203],[-66.39469,-48.34959],[-66.41406,-48.3488],[-66.42724,-48.34924],[-66.44006,-48.3507],[-66.44804,-48.35231],[-66.45346,-48.35388],[-66.46219,-48.35738],[-66.46967,-48.36151],[-66.47361,-48.3649],[-66.47615,-48.36822],[-66.47756,-48.37106],[-66.47728,-48.37467],[-66.47662,-48.37584],[-66.47332,-48.37718],[-66.47088,-48.37958],[-66.4676,-48.38138],[-66.46804,-48.38356],[-66.46721,-48.38651],[-66.47038,-48.38836],[-66.47277,-48.39045],[-66.47302,-48.39224],[-66.47539,-48.39541],[-66.47544,-48.39744],[-66.47405,-48.39827],[-66.47102,-48.39833],[-66.46953,-48.39948],[-66.46831,-48.39944],[-66.46708,-48.40014],[-66.46844,-48.40077],[-66.46821,-48.40152],[-66.47053,-48.40167],[-66.47595,-48.40344],[-66.47766,-48.40488],[-66.48473,-48.40649],[-66.48875,-48.40808],[-66.48917,-48.41667],[-66.22944,-48.42111],[-66.21893,-48.41551],[-66.20983,-48.40999],[-66.19927,-48.40528],[-66.19263,-48.40007],[-66.18518,-48.39257],[-66.17982,-48.38408],[-66.17569,-48.37576],[-66.17277,-48.36748],[-66.16976,-48.35503],[-66.16676,-48.34705],[-66.16441,-48.34325],[-66.16125,-48.33963],[-66.1571,-48.33622],[-66.15185,-48.33305],[-66.13899,-48.32737],[-66.11208,-48.31817],[-66.10265,-48.31436],[-66.09623,-48.3105],[-66.09214,-48.30696],[-66.08889,-48.30499],[-66.08408,-48.3036],[-66.0713,-48.30083],[-66.06469,-48.29848],[-66.05863,-48.29501],[-66.04706,-48.28636],[-66.04067,-48.28226],[-66.03344,-48.27895],[-66.02957,-48.27768],[-66.02152,-48.27602],[-66.01333,-48.27569],[-66.00534,-48.27683],[-65.9936,-48.27948],[-65.9896,-48.27983],[-65.98548,-48.27957],[-65.9812,-48.27851],[-65.97672,-48.27644],[-65.972,-48.27324],[-65.95008,-48.2533],[-65.93684,-48.24249],[-65.92954,-48.23773],[-65.92178,-48.23368],[-65.91373,-48.23031],[-65.8976,-48.22533],[-65.88283,-48.2222],[-65.85318,-48.21726],[-65.84857,-48.21566],[-65.83965,-48.21143],[-65.82204,-48.20161],[-65.79343,-48.18363],[-65.78158,-48.17518],[-65.77089,-48.16565],[-65.76687,-48.16053],[-65.7628,-48.15416],[-65.75758,-48.14911],[-65.75309,-48.14313],[-65.73611,-48.12378],[-65.73031,-48.11484],[-65.72832,-48.11025],[-65.72721,-48.1057],[-65.72713,-48.10126],[-65.72796,-48.09697],[-65.7295,-48.09288],[-65.73394,-48.08541],[-65.74414,-48.07264],[-65.74469,-48.06999],[-65.74381,-48.06904],[-65.74206,-48.06828],[-65.73558,-48.06714],[-65.7122,-48.06502],[-65.69937,-48.06315],[-65.69367,-48.06182],[-65.68882,-48.06014],[-65.68501,-48.05809],[-65.6796,-48.05302],[-65.67251,-48.04385],[-65.66922,-48.04061],[-65.66495,-48.03735],[-65.65319,-48.03099],[-65.62544,-48.01878],[-65.61494,-48.01288],[-65.61161,-48.00996],[-65.60939,-48.00707],[-65.60399,-47.99563],[-65.60164,-47.99279],[-65.59814,-47.98996],[-65.59325,-47.98711],[-65.56721,-47.97467],[-65.56129,-47.97105],[-65.55648,-47.96713],[-65.55322,-47.96285],[-65.55181,-47.95818],[-65.55199,-47.95316],[-65.55335,-47.94781],[-65.5604,-47.93033],[-65.56239,-47.92416],[-65.56351,-47.9179],[-65.56351,-47.9116],[-65.56262,-47.90532],[-65.55867,-47.88751],[-65.55822,-47.88219],[-65.55886,-47.87731],[-65.56099,-47.87295],[-65.56489,-47.86916],[-65.57042,-47.86582],[-65.57735,-47.86276],[-65.58545,-47.85983],[-65.6143,-47.85022],[-65.62056,-47.83877],[-65.62453,-47.82849],[-65.6255,-47.8186],[-65.62111,-47.79278],[-65.87349,-47.76539],[-65.87712,-47.76543],[-65.87762,-47.76489],[-65.87782,-47.76589],[-65.87836,-47.76509],[-65.88253,-47.7663],[-65.88483,-47.76629],[-65.88631,-47.7655],[-65.88701,-47.76619],[-65.88808,-47.76563],[-65.88927,-47.76646]]]},"properties":{"fid":8,"Name":"PIM Isla Pingüino","region":"DIRECCIÓN REGIONAL PATAGONIA AUSTRAL","attributes":{"categoryId":"Environnement","subCategoryId":"PARC","tags":["NATURE"],"gallery":["https://images.pexels.com/photos/2403205/pexels-photo-2403205.jpeg?auto=compress&cs=tinysrgb&w=800","https://images.pexels.com/photos/933054/pexels-photo-933054.jpeg?auto=compress&cs=tinysrgb&w=800","https://images.pexels.com/photos/572897/pexels-photo-572897.jpeg?auto=compress&cs=tinysrgb&w=800"],"informations":["Année de création : n.c.","Superficie : n.c."],"highlights":["Paysages remarquables","Biodiversité et observation de la faune","Randonnée et points de vue"],"external_links":["Site officiel : https://www.argentina.gob.ar/parquesnacionales","Wikipedia : https://es.wikipedia.org/wiki/Special:Search?search=PIM%20Isla%20Ping%C3%BCino"],"photo":"https://images.pexels.com/photos/2403205/pexels-photo-2403205.jpeg?auto=compress&cs=tinysrgb&w=800","short_desc":"PIM Isla Pingüino est une aire protégée nationale en Argentine.","link_official":"https://www.argentina.gob.ar/parquesnacionales","link_wikipedia":"https://es.wikipedia.org/wiki/Special:Search?search=PIM%20Isla%20Ping%C3%BCino"},"categoryId":"Environnement","subCategoryId":"PARC","tags":["NATURE"],"gallery":["https://images.pexels.com/photos/2403205/pexels-photo-2403205.jpeg?auto=compress&cs=tinysrgb&w=800","https://images.pexels.com/photos/933054/pexels-photo-933054.jpeg?auto=compress&cs=tinysrgb&w=800","https://images.pexels.com/photos/572897/pexels-photo-572897.jpeg?auto=compress&cs=tinysrgb&w=800"],"informations":["Année de création : n.c.","Superficie : n.c."],"highlights":["Paysages remarquables","Biodiversité et observation de la faune","Randonnée et points de vue"],"external_links":["Site officiel : https://www.argentina.gob.ar/parquesnacionales","Wikipedia : https://es.wikipedia.org/wiki/Special:Search?search=PIM%20Isla%20Ping%C3%BCino"],"photo":"https://images.pexels.com/photos/2403205/pexels-photo-2403205.jpeg?auto=compress&cs=tinysrgb&w=800","short_desc":"PIM Isla Pingüino est une aire protégée nationale en Argentine.","link_official":"https://www.argentina.gob.ar/parquesnacionales","link_wikipedia":"https://es.wikipedia.org/wiki/Special:Search?search=PIM%20Isla%20Ping%C3%BCino"}},{"type":"Feature","geometry":{"type":"Polygon","coordinates":[[[-72.93788,-49.20086],[-72.93505,-49.19466],[-72.94775,-49.18581],[-72.95015,-49.1874],[-72.95172,-49.19069],[-72.95237,-49.19362],[-72.95208,-49.19659],[-72.95304,-49.20095],[-72.94854,-49.20172],[-72.94682,-49.20289],[-72.94434,-49.20299],[-72.93949,-49.2024],[-72.93814,-49.2042],[-72.93693,-49.20463],[-72.93705,-49.20529],[-72.93968,-49.20461],[-72.93895,-49.20602],[-72.93966,-49.20627],[-72.94171,-49.20552],[-72.94231,-49.20665],[-72.94325,-49.20674],[-72.94252,-49.20712],[-72.9414,-49.20707],[-72.94069,-49.20757],[-72.94075,-49.20987],[-72.94274,-49.20989],[-72.94241,-49.21051],[-72.94123,-49.21099],[-72.94202,-49.21145],[-72.94162,-49.21345],[-72.9423,-49.21438],[-72.94163,-49.21529],[-72.94313,-49.21585],[-72.94215,-49.21614],[-72.94218,-49.2169],[-72.94148,-49.21751],[-72.9417,-49.21817],[-72.94263,-49.21809],[-72.94119,-49.2197],[-72.94223,-49.22011],[-72.94143,-49.22107],[-72.94194,-49.22146],[-72.94269,-49.22115],[-72.94415,-49.22141],[-72.94409,-49.22207],[-72.94525,-49.22226],[-72.9473,-49.22162],[-72.94854,-49.22187],[-72.94977,-49.22121],[-72.9516,-49.22193],[-72.95124,-49.2227],[-72.9523,-49.22276],[-72.95139,-49.22315],[-72.9513,-49.23174],[-72.95707,-49.23381],[-72.95946,-49.23549],[-72.96147,-49.23568],[-72.96488,-49.23541],[-72.967,-49.23576],[-72.96781,-49.23488],[-72.97415,-49.23174],[-72.97706,-49.23128],[-72.98239,-49.23123],[-72.98554,-49.23057],[-72.98701,-49.23074],[-72.99541,-49.22778],[-72.99809,-49.22751],[-73.00078,-49.22774],[-73.00747,-49.22885],[-73.01155,-49.22823],[-73.01586,-49.22601],[-73.01955,-49.22286],[-73.02152,-49.22198],[-73.02353,-49.22191],[-73.02562,-49.22253],[-73.029,-49.22203],[-73.03042,-49.22091],[-73.0335,-49.22012],[-73.03639,-49.2186],[-73.04467,-49.21704],[-73.04737,-49.21587],[-73.05094,-49.21502],[-73.05547,-49.21298],[-73.0563,-49.21297],[-73.0581,-49.21113],[-73.05972,-49.21034],[-73.06545,-49.20847],[-73.13926,-49.20776],[-73.14061,-49.21064],[-73.14186,-49.2116],[-73.14297,-49.21646],[-73.14625,-49.22045],[-73.14643,-49.22131],[-73.14336,-49.22973],[-73.14365,-49.23188],[-73.14554,-49.2348],[-73.14497,-49.23691],[-73.14579,-49.23994],[-73.14522,-49.24722],[-73.14454,-49.24858],[-73.139,-49.24856],[-73.0405,-49.24346],[-73.04387,-49.27268],[-73.04559,-49.27368],[-73.12482,-49.27179],[-73.14368,-49.271],[-73.43658,-49.20819],[-73.4707,-49.20111],[-73.47308,-49.20331],[-73.47388,-49.20563],[-73.474,-49.20898],[-73.47601,-49.21838],[-73.4787,-49.2226],[-73.48633,-49.23071],[-73.49298,-49.23907],[-73.495,-49.242],[-73.49579,-49.24469],[-73.4967,-49.2514],[-73.49622,-49.25409],[-73.49719,-49.26062],[-73.4967,-49.26831],[-73.49591,-49.27051],[-73.49371,-49.27271],[-73.49158,-49.27338],[-73.4823,-49.2735],[-73.47949,-49.27441],[-73.47101,-49.27881],[-73.46698,-49.28192],[-73.46179,-49.2851],[-73.45972,-49.28711],[-73.45831,-49.2887],[-73.45691,-49.29181],[-73.45728,-49.29401],[-73.45599,-49.29651],[-73.45209,-49.29858],[-73.44879,-49.29889],[-73.44427,-49.29791],[-73.43848,-49.2973],[-73.4364,-49.29761],[-73.43451,-49.30139],[-73.43481,-49.30652],[-73.4339,-49.31079],[-73.43231,-49.31409],[-73.4295,-49.31519],[-73.41901,-49.31549],[-73.414,-49.31738],[-73.41058,-49.3194],[-73.41522,-49.3255],[-73.4165,-49.33331],[-73.41998,-49.33801],[-73.42749,-49.341],[-73.42908,-49.34399],[-73.42621,-49.3493],[-73.4256,-49.35242],[-73.42657,-49.35522],[-73.43048,-49.36072],[-73.4306,-49.36438],[-73.42853,-49.36749],[-73.42603,-49.37689],[-73.42609,-49.37958],[-73.42731,-49.3844],[-73.42688,-49.38641],[-73.4256,-49.38861],[-73.42621,-49.39191],[-73.42761,-49.39362],[-73.43469,-49.39301],[-73.44269,-49.39551],[-73.4574,-49.3988],[-73.46002,-49.40021],[-73.46271,-49.40253],[-73.46771,-49.40558],[-73.46759,-49.4079],[-73.46832,-49.41022],[-73.47198,-49.41412],[-73.47351,-49.41809],[-73.47522,-49.41968],[-73.48438,-49.42218],[-73.49042,-49.42871],[-73.49048,-49.4317],[-73.4895,-49.43433],[-73.48798,-49.43561],[-73.48529,-49.43658],[-73.47968,-49.43701],[-73.47589,-49.4389],[-73.47388,-49.44128],[-73.47858,-49.44788],[-73.47858,-49.45453],[-73.47961,-49.4613],[-73.47711,-49.46399],[-73.47241,-49.46692],[-73.47021,-49.46973],[-73.46869,-49.4754],[-73.46368,-49.4801],[-73.46381,-49.48248],[-73.4696,-49.48358],[-73.4726,-49.48468],[-73.4801,-49.49158],[-73.48309,-49.49731],[-73.48578,-49.49969],[-73.48779,-49.50049],[-73.49359,-49.49902],[-73.51062,-49.49701],[-73.51349,-49.49701],[-73.51978,-49.49933],[-73.52863,-49.50061],[-73.5329,-49.50018],[-73.53711,-49.49841],[-73.53961,-49.49823],[-73.54199,-49.5],[-73.5448,-49.5047],[-73.54291,-49.5119],[-73.54279,-49.5155],[-73.54181,-49.5191],[-73.53931,-49.52399],[-73.54022,-49.52661],[-73.54742,-49.5329],[-73.54919,-49.53601],[-73.54968,-49.53809],[-73.54559,-49.54401],[-73.54572,-49.55029],[-73.54071,-49.5553],[-73.53961,-49.55859],[-73.53601,-49.56403],[-73.52631,-49.56848],[-73.5199,-49.57031],[-73.50458,-49.57312],[-73.49841,-49.57568],[-73.49219,-49.57922],[-73.48828,-49.5827],[-73.48438,-49.58698],[-73.4787,-49.5946],[-73.47449,-49.60101],[-73.4679,-49.6145],[-73.46368,-49.6189],[-73.461,-49.62451],[-73.46088,-49.63483],[-73.46411,-49.6424],[-73.46899,-49.64618],[-73.47552,-49.6485],[-73.48291,-49.6535],[-73.48993,-49.65723],[-73.49561,-49.66138],[-73.50201,-49.66119],[-73.50458,-49.6629],[-73.5061,-49.6662],[-73.50049,-49.67981],[-73.49878,-49.68231],[-73.4986,-49.69171],[-73.50519,-49.69751],[-73.5083,-49.70142],[-73.50909,-49.7052],[-73.50769,-49.70789],[-73.50452,-49.70941],[-73.4989,-49.71021],[-73.49438,-49.7113],[-73.49158,-49.71362],[-73.48712,-49.7157],[-73.4787,-49.71649],[-73.47638,-49.7179],[-73.47461,-49.72021],[-73.46838,-49.73328],[-73.46429,-49.73969],[-73.45923,-49.7453],[-73.44952,-49.75299],[-73.43878,-49.75781],[-73.44208,-49.76038],[-73.44751,-49.76178],[-73.45203,-49.76398],[-73.46021,-49.77148],[-73.46619,-49.77368],[-73.46198,-49.78259],[-73.45911,-49.7851],[-73.45453,-49.7879],[-73.44641,-49.79041],[-73.44531,-49.79388],[-73.44879,-49.79639],[-73.4538,-49.79791],[-73.47211,-49.80511],[-73.47772,-49.80798],[-73.48578,-49.81],[-73.49213,-49.81232],[-73.49652,-49.81439],[-73.49969,-49.81799],[-73.4978,-49.83032],[-73.49762,-49.84412],[-73.49188,-49.84839],[-73.48999,-49.85059],[-73.49048,-49.8526],[-73.49402,-49.8548],[-73.4975,-49.8584],[-73.49921,-49.86121],[-73.5,-49.86658],[-73.51251,-49.883],[-73.5155,-49.88818],[-73.51831,-49.89569],[-73.52191,-49.90051],[-73.5423,-49.91248],[-73.54858,-49.91699],[-73.55151,-49.91998],[-73.55261,-49.92389],[-73.54828,-49.93329],[-73.54761,-49.93689],[-73.54822,-49.94238],[-73.54742,-49.94611],[-73.54388,-49.9494],[-73.53821,-49.95221],[-73.5249,-49.95551],[-73.5108,-49.96069],[-73.50677,-49.96301],[-73.50519,-49.96649],[-73.50641,-49.9693],[-73.51178,-49.97461],[-73.51923,-49.97778],[-73.52631,-49.98212],[-73.53412,-49.98529],[-73.53699,-49.9873],[-73.5506,-50],[-73.55121,-50.0022],[-73.55261,-50.00439],[-73.56403,-50.01343],[-73.56659,-50.01691],[-73.56659,-50.02039],[-73.5639,-50.02362],[-73.55518,-50.02881],[-73.55249,-50.03192],[-73.55029,-50.03339],[-73.54742,-50.03442],[-73.5426,-50.03479],[-73.53711,-50.04028],[-73.53369,-50.0423],[-73.53052,-50.04303],[-73.52368,-50.04218],[-73.5119,-50.0437],[-73.5022,-50.04358],[-73.49933,-50.04431],[-73.49652,-50.04822],[-73.49408,-50.04938],[-73.48828,-50.0506],[-73.48468,-50.0509],[-73.48322,-50.0517],[-73.48291,-50.05408],[-73.48419,-50.05682],[-73.49182,-50.06079],[-73.49249,-50.06189],[-73.49213,-50.06421],[-73.48682,-50.07208],[-73.48651,-50.07489],[-73.4895,-50.0816],[-73.49542,-50.08569],[-73.5,-50.09058],[-73.5097,-50.099],[-73.52063,-50.10571],[-73.53491,-50.112],[-73.53949,-50.11511],[-73.5415,-50.11902],[-73.54102,-50.1225],[-73.53888,-50.12659],[-73.53003,-50.13458],[-73.52222,-50.14319],[-73.52118,-50.14532],[-73.52051,-50.1499],[-73.52081,-50.15308],[-73.52222,-50.15778],[-73.52478,-50.16211],[-73.52832,-50.16541],[-73.53851,-50.1698],[-73.55353,-50.1814],[-73.55518,-50.18439],[-73.55463,-50.1933],[-73.56,-50.21692],[-73.55878,-50.21899],[-73.55652,-50.22083],[-73.55042,-50.22369],[-73.54999,-50.22821],[-73.55109,-50.23108],[-73.55573,-50.23871],[-73.5647,-50.2558],[-73.56549,-50.25891],[-73.56543,-50.27069],[-73.56458,-50.27271],[-73.56238,-50.27368],[-73.5553,-50.2749],[-73.55292,-50.2757],[-73.54578,-50.28223],[-73.5415,-50.28711],[-73.53839,-50.289],[-73.5343,-50.28998],[-73.53058,-50.29028],[-73.52631,-50.29028],[-73.51868,-50.28851],[-73.51678,-50.289],[-73.5144,-50.29108],[-73.51233,-50.29419],[-73.50873,-50.30261],[-73.50848,-50.3067],[-73.50519,-50.30908],[-73.50311,-50.3114],[-73.5014,-50.3147],[-73.49701,-50.31818],[-73.48633,-50.31891],[-73.48071,-50.32568],[-73.47711,-50.33313],[-73.47711,-50.33472],[-73.47131,-50.341],[-73.47009,-50.3429],[-73.46991,-50.34448],[-73.474,-50.35181],[-73.4751,-50.35498],[-73.4751,-50.35699],[-73.474,-50.35999],[-73.4751,-50.36322],[-73.47461,-50.36548],[-73.48199,-50.37018],[-73.48669,-50.3808],[-73.48639,-50.38208],[-73.48541,-50.38348],[-73.4798,-50.38629],[-73.4715,-50.3891],[-73.46692,-50.39111],[-73.45709,-50.39178],[-73.45538,-50.39258],[-73.4538,-50.3941],[-73.45331,-50.39581],[-73.45349,-50.39691],[-73.45648,-50.40051],[-73.45569,-50.40143],[-73.44989,-50.40399],[-73.44458,-50.40839],[-73.43958,-50.41461],[-73.43848,-50.4173],[-73.43909,-50.42188],[-73.43701,-50.42438],[-73.43341,-50.4267],[-73.43091,-50.42719],[-73.4245,-50.42688],[-73.4231,-50.42712],[-73.42059,-50.42798],[-73.41931,-50.42963],[-73.41949,-50.43738],[-73.42242,-50.4411],[-73.42249,-50.44263],[-73.42151,-50.4433],[-73.40948,-50.44598],[-73.40479,-50.44897],[-73.40369,-50.45081],[-73.40369,-50.4519],[-73.40729,-50.45941],[-73.40631,-50.46381],[-73.40668,-50.46613],[-73.4079,-50.46771],[-73.41608,-50.47388],[-73.42249,-50.47778],[-73.4267,-50.47919],[-73.4303,-50.4798],[-73.4328,-50.48108],[-73.43262,-50.48309],[-73.43109,-50.48419],[-73.4278,-50.48499],[-73.42249,-50.48541],[-73.41388,-50.48523],[-73.40613,-50.4856],[-73.3974,-50.48492],[-73.37512,-50.48639],[-73.36688,-50.48718],[-73.3645,-50.48792],[-73.3631,-50.4895],[-73.3631,-50.49213],[-73.36511,-50.49951],[-73.36438,-50.50409],[-73.36469,-50.50623],[-73.3656,-50.50751],[-73.36731,-50.50891],[-73.37238,-50.51147],[-73.38422,-50.51398],[-73.38647,-50.51508],[-73.38641,-50.51642],[-73.38141,-50.52069],[-73.375,-50.52502],[-73.37079,-50.53009],[-73.35968,-50.5368],[-73.3584,-50.53821],[-73.35681,-50.5434],[-73.35309,-50.5473],[-73.34821,-50.54871],[-73.34558,-50.54999],[-73.33398,-50.55829],[-73.33099,-50.56201],[-73.33118,-50.56378],[-73.33228,-50.56598],[-73.33191,-50.56842],[-73.33008,-50.5697],[-73.32141,-50.57159],[-73.31891,-50.5719],[-73.31281,-50.57141],[-73.30841,-50.5719],[-73.30359,-50.573],[-73.29999,-50.57428],[-73.29651,-50.57751],[-73.29419,-50.58179],[-73.2887,-50.586],[-73.28711,-50.58801],[-73.28479,-50.59369],[-73.28131,-50.59839],[-73.27979,-50.60272],[-73.27832,-50.6106],[-73.27661,-50.61292],[-73.27368,-50.61548],[-73.27283,-50.61981],[-73.2688,-50.62482],[-73.2674,-50.62811],[-73.2666,-50.63171],[-73.26691,-50.63501],[-73.26801,-50.6366],[-73.27063,-50.63861],[-73.27289,-50.64368],[-73.27228,-50.64728],[-73.27081,-50.6488],[-73.26721,-50.6507],[-73.25677,-50.65271],[-73.25281,-50.6554],[-73.25031,-50.6593],[-73.24481,-50.66309],[-73.23871,-50.66589],[-73.23633,-50.6665],[-73.22809,-50.66589],[-73.22418,-50.66602],[-73.22137,-50.6665],[-73.21613,-50.6687],[-73.21088,-50.67023],[-73.20142,-50.67212],[-73.19818,-50.6734],[-73.18958,-50.67328],[-73.18683,-50.67273],[-73.18201,-50.6731],[-73.17419,-50.67529],[-73.17273,-50.6767],[-73.172,-50.6806],[-73.16931,-50.68573],[-73.16998,-50.6875],[-73.17389,-50.69128],[-73.17871,-50.69409],[-73.18439,-50.69598],[-73.18549,-50.69733],[-73.18488,-50.6994],[-73.18591,-50.70038],[-73.19049,-50.69983],[-73.19818,-50.70111],[-73.20178,-50.70319],[-73.22028,-50.7168],[-73.22552,-50.7193],[-73.23169,-50.72089],[-73.2381,-50.72168],[-73.24518,-50.72443],[-73.2525,-50.72809],[-73.26147,-50.73059],[-73.26538,-50.73102],[-73.2674,-50.73181],[-73.2735,-50.73578],[-73.28491,-50.73859],[-73.28601,-50.7395],[-73.2854,-50.74103],[-73.2829,-50.74231],[-73.27448,-50.7442],[-73.26251,-50.74799],[-73.25781,-50.74872],[-73.25598,-50.75012],[-73.2561,-50.75171],[-73.25804,-50.75332],[-72.99585,-50.75335],[-72.99298,-50.7522],[-72.98551,-50.75166],[-72.98242,-50.74933],[-72.98179,-50.74767],[-72.98245,-50.74603],[-72.98191,-50.74472],[-72.98081,-50.74419],[-72.97549,-50.74344],[-72.96924,-50.74154],[-72.96577,-50.7399],[-72.9642,-50.73969],[-72.95922,-50.7398],[-72.9566,-50.74033],[-72.95526,-50.74108],[-72.9547,-50.74096],[-72.95425,-50.74022],[-72.9552,-50.73769],[-72.95407,-50.73593],[-72.95018,-50.73308],[-72.94917,-50.73028],[-72.94929,-50.72802],[-72.94786,-50.72689],[-72.94441,-50.72543],[-72.94405,-50.72481],[-72.94402,-50.72409],[-72.94691,-50.72163],[-72.95161,-50.72044],[-72.95226,-50.71978],[-72.95202,-50.71838],[-72.9508,-50.71779],[-72.94753,-50.71812],[-72.94372,-50.71654],[-72.93951,-50.70897],[-72.94112,-50.7078],[-72.9403,-50.70665],[-72.92991,-50.70269],[-72.92813,-50.70273],[-72.92595,-50.70444],[-72.92441,-50.70496],[-72.92374,-50.70444],[-72.91756,-50.7033],[-72.91524,-50.70262],[-72.91014,-50.69894],[-72.90546,-50.69719],[-72.90368,-50.69252],[-72.90468,-50.69084],[-72.90215,-50.6862],[-72.90232,-50.68481],[-72.90104,-50.68306],[-72.89897,-50.68156],[-72.89711,-50.67814],[-72.89701,-50.67664],[-72.89383,-50.67385],[-72.89312,-50.67178],[-72.89144,-50.67018],[-72.88855,-50.66896],[-72.88694,-50.66896],[-72.88487,-50.66963],[-72.8828,-50.66964],[-72.8811,-50.67044],[-72.87473,-50.6705],[-72.87213,-50.66871],[-72.87063,-50.66661],[-72.8682,-50.66454],[-72.8661,-50.66407],[-72.86253,-50.66197],[-72.8611,-50.66],[-72.86042,-50.65783],[-72.85889,-50.65761],[-72.85567,-50.65608],[-72.85393,-50.65572],[-72.85178,-50.65319],[-72.84889,-50.6524],[-72.84697,-50.65126],[-72.84614,-50.65126],[-72.84447,-50.65247],[-72.83958,-50.65319],[-72.83308,-50.65308],[-72.82983,-50.65251],[-72.81838,-50.64837],[-72.81552,-50.64612],[-72.81299,-50.64608],[-72.80963,-50.64541],[-72.80638,-50.64287],[-72.80392,-50.63912],[-72.80103,-50.63823],[-72.79293,-50.63677],[-72.78982,-50.63256],[-72.78857,-50.63191],[-72.78401,-50.63074],[-72.77808,-50.62981],[-72.77412,-50.62745],[-72.76862,-50.6266],[-72.76698,-50.6267],[-72.76023,-50.63006],[-72.75706,-50.63052],[-72.75534,-50.63049],[-72.75335,-50.62924],[-72.75056,-50.62924],[-72.74778,-50.62745],[-72.7436,-50.6277],[-72.74003,-50.62677],[-72.73953,-50.62563],[-72.73703,-50.62449],[-72.73789,-50.62346],[-72.73789,-50.62243],[-72.73598,-50.61876],[-72.73389,-50.616],[-72.73152,-50.61538],[-72.72004,-50.48788],[-72.73298,-50.4916],[-72.7608,-50.50957],[-72.76323,-50.51015],[-72.76477,-50.50757],[-72.76584,-50.50715],[-72.76656,-50.50524],[-72.76808,-50.50459],[-72.77216,-50.50526],[-72.77281,-50.50597],[-72.77482,-50.50645],[-72.77898,-50.50694],[-72.7809,-50.50808],[-72.78424,-50.50823],[-72.78454,-50.50956],[-72.787,-50.51064],[-72.78728,-50.51144],[-72.7887,-50.51201],[-72.78989,-50.51339],[-72.79318,-50.51521],[-72.79586,-50.51848],[-72.79994,-50.51903],[-72.80024,-50.52059],[-72.80234,-50.52155],[-72.80291,-50.52357],[-72.80365,-50.52414],[-72.8051,-50.52436],[-72.80599,-50.52337],[-72.80698,-50.52337],[-72.80927,-50.52456],[-72.81391,-50.52609],[-72.81573,-50.52538],[-72.81742,-50.52543],[-72.8191,-50.52784],[-72.82438,-50.53039],[-72.82517,-50.53175],[-72.82632,-50.53207],[-72.82724,-50.53303],[-72.83239,-50.53005],[-72.83402,-50.53004],[-72.83512,-50.53078],[-72.83541,-50.53193],[-72.84198,-50.53454],[-72.84639,-50.5386],[-72.8504,-50.53979],[-72.85022,-50.54486],[-72.85095,-50.54549],[-72.84935,-50.54718],[-72.84903,-50.54932],[-72.8514,-50.55197],[-72.85176,-50.55125],[-72.85262,-50.5513],[-72.85712,-50.54848],[-72.8585,-50.54863],[-72.86044,-50.55044],[-72.86283,-50.55042],[-72.86435,-50.55116],[-72.8668,-50.55052],[-72.86815,-50.54887],[-72.86832,-50.54701],[-72.86638,-50.54288],[-72.8664,-50.54218],[-72.86763,-50.54168],[-72.86765,-50.54112],[-72.86628,-50.54097],[-72.86576,-50.53979],[-72.86782,-50.53886],[-72.8685,-50.53755],[-72.87028,-50.53702],[-72.87097,-50.53724],[-72.87154,-50.53842],[-72.87381,-50.53928],[-72.87424,-50.54008],[-72.87419,-50.54096],[-72.8704,-50.54527],[-72.87111,-50.54921],[-72.87336,-50.55143],[-72.87535,-50.55588],[-72.87675,-50.55746],[-72.88024,-50.55739],[-72.88193,-50.556],[-72.88291,-50.55577],[-72.88407,-50.55931],[-72.8869,-50.55901],[-72.88765,-50.55982],[-72.8892,-50.56009],[-72.89331,-50.55976],[-72.89546,-50.55873],[-72.89753,-50.55944],[-72.90027,-50.55942],[-72.90036,-50.55818],[-72.89891,-50.55412],[-72.8966,-50.55246],[-72.89551,-50.54956],[-72.89458,-50.5487],[-72.89457,-50.54186],[-72.89533,-50.54185],[-72.89506,-50.53953],[-72.89437,-50.53909],[-72.89489,-50.53797],[-72.89162,-50.53399],[-72.88954,-50.53248],[-72.88929,-50.53154],[-72.88594,-50.52938],[-72.88499,-50.52713],[-72.88506,-50.52502],[-72.88413,-50.52416],[-72.8829,-50.52511],[-72.88309,-50.52933],[-72.88207,-50.52999],[-72.87957,-50.5303],[-72.87787,-50.53104],[-72.87612,-50.5288],[-72.86742,-50.52763],[-72.86499,-50.5259],[-72.86335,-50.52329],[-72.86292,-50.5185],[-72.86191,-50.51801],[-72.86308,-50.51494],[-72.861,-50.51317],[-72.85986,-50.5135],[-72.85844,-50.51302],[-72.85611,-50.511],[-72.85445,-50.51132],[-72.85476,-50.51279],[-72.8527,-50.51347],[-72.84846,-50.51195],[-72.84258,-50.51167],[-72.84118,-50.51209],[-72.83901,-50.5121],[-72.83657,-50.51139],[-72.8321,-50.5115],[-72.83094,-50.51086],[-72.82936,-50.50835],[-72.8269,-50.50624],[-72.82392,-50.50407],[-72.82072,-50.50368],[-72.81982,-50.50312],[-72.8187,-50.50163],[-72.81715,-50.50099],[-72.8148,-50.49815],[-72.81174,-50.49809],[-72.8079,-50.49739],[-72.8044,-50.49431],[-72.80462,-50.49272],[-72.80295,-50.49146],[-72.80015,-50.49177],[-72.80004,-50.49291],[-72.79878,-50.49349],[-72.79844,-50.49616],[-72.79522,-50.49552],[-72.79328,-50.4939],[-72.79188,-50.49345],[-72.78804,-50.49364],[-72.78726,-50.49272],[-72.78406,-50.49274],[-72.78267,-50.4934],[-72.77895,-50.49212],[-72.77855,-50.49115],[-72.77674,-50.48978],[-72.77659,-50.48864],[-72.77516,-50.48702],[-72.77514,-50.48571],[-72.77402,-50.4847],[-72.77413,-50.48103],[-72.77165,-50.47771],[-72.76725,-50.47391],[-72.76263,-50.47263],[-72.76121,-50.47158],[-72.7581,-50.46826],[-72.75616,-50.46722],[-72.75601,-50.46526],[-72.75256,-50.46504],[-72.7509,-50.46546],[-72.74948,-50.46441],[-72.7489,-50.45953],[-72.74822,-50.45733],[-72.74705,-50.45604],[-72.74703,-50.45473],[-72.7455,-50.45442],[-72.74433,-50.45584],[-72.74209,-50.45583],[-72.74206,-50.45398],[-72.74295,-50.45365],[-72.74306,-50.45243],[-72.74405,-50.45173],[-72.74701,-50.44493],[-72.74587,-50.44412],[-72.74536,-50.44485],[-72.73763,-50.44551],[-72.73675,-50.44589],[-72.72976,-50.44513],[-72.72818,-50.44442],[-72.72546,-50.44429],[-72.72325,-50.44348],[-72.72318,-50.44272],[-72.72186,-50.4415],[-72.71948,-50.44097],[-72.71555,-50.43782],[-72.71474,-50.42875],[-72.7229,-50.42402],[-72.72903,-50.42254],[-72.73385,-50.42285],[-72.73916,-50.42095],[-72.7423,-50.42037],[-72.74679,-50.42049],[-72.75302,-50.4222],[-72.75496,-50.42323],[-72.75781,-50.42596],[-72.76154,-50.42859],[-72.76276,-50.43062],[-72.76516,-50.43253],[-72.76603,-50.43497],[-72.76743,-50.43674],[-72.77228,-50.44028],[-72.77315,-50.44222],[-72.77263,-50.44481],[-72.77545,-50.44542],[-72.77856,-50.44688],[-72.78037,-50.44862],[-72.78091,-50.45054],[-72.78497,-50.45296],[-72.78602,-50.45478],[-72.78594,-50.45671],[-72.78816,-50.45767],[-72.79188,-50.45827],[-72.79481,-50.45975],[-72.8002,-50.46079],[-72.80318,-50.46233],[-72.80766,-50.46253],[-72.80998,-50.46302],[-72.81964,-50.46756],[-72.82712,-50.46672],[-72.831,-50.46707],[-72.8338,-50.46833],[-72.83707,-50.46884],[-72.84278,-50.4713],[-72.85153,-50.47742],[-72.8568,-50.47872],[-72.86263,-50.4791],[-72.86468,-50.47992],[-72.86983,-50.47997],[-72.87345,-50.48131],[-72.88379,-50.48115],[-72.88437,-50.48088],[-72.88812,-50.48287],[-72.8917,-50.48384],[-72.90411,-50.48409],[-72.90745,-50.48489],[-72.91113,-50.48475],[-72.9136,-50.4841],[-72.91607,-50.48398],[-72.91912,-50.48457],[-72.92413,-50.4848],[-72.93465,-50.48665],[-72.94432,-50.48592],[-72.95733,-50.48606],[-72.96085,-50.48672],[-72.96369,-50.48476],[-72.96669,-50.48395],[-72.96815,-50.48189],[-72.96994,-50.48067],[-72.97215,-50.47996],[-72.97718,-50.47952],[-72.97874,-50.47634],[-72.98149,-50.47362],[-72.98462,-50.47154],[-72.98688,-50.47069],[-72.98961,-50.47031],[-72.99995,-50.47078],[-73.00261,-50.47155],[-73.00532,-50.47336],[-73.0086,-50.47139],[-73.01075,-50.47086],[-73.01278,-50.47467],[-73.01505,-50.47521],[-73.01769,-50.47135],[-73.0201,-50.46962],[-73.02235,-50.4692],[-73.02748,-50.46949],[-73.02809,-50.46901],[-73.02815,-50.46718],[-73.02464,-50.4661],[-73.01792,-50.46262],[-73.01589,-50.45936],[-73.01476,-50.45598],[-73.01557,-50.45176],[-73.01519,-50.44858],[-73.01592,-50.44598],[-73.01562,-50.44186],[-73.01842,-50.42928],[-73.01828,-50.42551],[-73.01986,-50.41942],[-73.02304,-50.41374],[-73.02317,-50.41015],[-73.02465,-50.40706],[-73.02718,-50.4038],[-73.02658,-50.39921],[-73.02924,-50.39175],[-73.02833,-50.38909],[-73.02896,-50.38183],[-73.02777,-50.37833],[-73.02662,-50.36894],[-73.02337,-50.36255],[-73.0234,-50.36073],[-73.02431,-50.35889],[-73.02366,-50.35729],[-73.02012,-50.35534],[-73.0167,-50.35501],[-73.01275,-50.35367],[-73.00878,-50.35088],[-73.00208,-50.35068],[-72.99764,-50.34977],[-72.99425,-50.34845],[-72.99072,-50.3464],[-72.9841,-50.3468],[-72.98031,-50.34614],[-72.97291,-50.34599],[-72.96512,-50.34341],[-72.95992,-50.34031],[-72.95816,-50.33667],[-72.95544,-50.33317],[-72.95142,-50.33096],[-72.94995,-50.32905],[-72.94657,-50.32778],[-72.94288,-50.32484],[-72.93797,-50.32245],[-72.93494,-50.32278],[-72.93251,-50.32539],[-72.92834,-50.32745],[-72.92415,-50.32836],[-72.91933,-50.3283],[-72.91524,-50.32988],[-72.90999,-50.33088],[-72.8942,-50.33136],[-72.87882,-50.32901],[-72.87312,-50.33021],[-72.86651,-50.33059],[-72.86313,-50.32962],[-72.85859,-50.32958],[-72.85558,-50.32912],[-72.85379,-50.32834],[-72.85107,-50.32627],[-72.8464,-50.32794],[-72.84603,-50.32393],[-72.84192,-50.32398],[-72.84105,-50.32357],[-72.83824,-50.32338],[-72.83598,-50.32243],[-72.83357,-50.32231],[-72.83148,-50.32135],[-72.82482,-50.32085],[-72.82093,-50.32011],[-72.81979,-50.31915],[-72.8181,-50.31896],[-72.81809,-50.31847],[-72.81733,-50.31848],[-72.81699,-50.31758],[-72.81624,-50.31759],[-72.81612,-50.31711],[-72.81396,-50.31611],[-72.81078,-50.31348],[-72.80902,-50.3134],[-72.8132,-50.19193],[-72.81548,-50.19258],[-72.81905,-50.19272],[-72.81974,-50.19148],[-72.82184,-50.19018],[-72.824,-50.19018],[-72.82629,-50.18958],[-72.82878,-50.18984],[-72.8297,-50.19029],[-72.8303,-50.19127],[-72.82963,-50.19267],[-72.83005,-50.1999],[-72.83166,-50.20055],[-72.83214,-50.20173],[-72.8319,-50.20243],[-72.83037,-50.20319],[-72.83014,-50.20453],[-72.83075,-50.20503],[-72.83183,-50.20509],[-72.83279,-50.20465],[-72.83289,-50.19631],[-72.8352,-50.19425],[-72.83601,-50.19089],[-72.83745,-50.19009],[-72.83992,-50.1897],[-72.84372,-50.19131],[-72.84416,-50.19271],[-72.84367,-50.19761],[-72.84501,-50.19805],[-72.84521,-50.19934],[-72.84286,-50.20189],[-72.8429,-50.20408],[-72.84643,-50.20963],[-72.8465,-50.2127],[-72.84576,-50.21362],[-72.84578,-50.21491],[-72.84713,-50.21815],[-72.84506,-50.22026],[-72.84492,-50.22318],[-72.84349,-50.22456],[-72.84145,-50.22555],[-72.84022,-50.22819],[-72.84249,-50.22885],[-72.84422,-50.22743],[-72.84695,-50.22746],[-72.8479,-50.22559],[-72.84864,-50.22525],[-72.84761,-50.22397],[-72.84806,-50.22002],[-72.84722,-50.21732],[-72.84787,-50.21636],[-72.84934,-50.2157],[-72.85406,-50.21508],[-72.85723,-50.21387],[-72.8595,-50.21384],[-72.86222,-50.21592],[-72.86338,-50.21831],[-72.86274,-50.22123],[-72.85971,-50.22349],[-72.86,-50.22442],[-72.86467,-50.22446],[-72.866,-50.22495],[-72.87157,-50.23202],[-72.87544,-50.23392],[-72.87693,-50.23418],[-72.87695,-50.23147],[-72.87889,-50.22996],[-72.87938,-50.22792],[-72.87751,-50.22691],[-72.87437,-50.2266],[-72.87353,-50.22563],[-72.87438,-50.22437],[-72.87886,-50.22312],[-72.87616,-50.22105],[-72.87612,-50.21767],[-72.87817,-50.21616],[-72.8797,-50.2157],[-72.88156,-50.21575],[-72.88345,-50.2171],[-72.88371,-50.21947],[-72.88473,-50.21787],[-72.88364,-50.21654],[-72.88498,-50.2147],[-72.88563,-50.21124],[-72.89041,-50.2106],[-72.89233,-50.2128],[-72.89227,-50.21026],[-72.89282,-50.20905],[-72.89071,-50.20624],[-72.89115,-50.20499],[-72.8922,-50.20436],[-72.89367,-50.20448],[-72.90029,-50.20803],[-72.90154,-50.20805],[-72.9027,-50.20651],[-72.90452,-50.2062],[-72.90609,-50.20664],[-72.90666,-50.20778],[-72.91011,-50.20837],[-72.91098,-50.20925],[-72.91314,-50.20913],[-72.92023,-50.20561],[-72.92359,-50.20523],[-72.92729,-50.20625],[-72.92882,-50.20542],[-72.93017,-50.20392],[-72.93664,-50.20129],[-72.93821,-50.2012],[-72.94048,-50.2019],[-72.94148,-50.20073],[-72.94394,-50.20023],[-72.94641,-50.1989],[-72.95072,-50.19884],[-72.95296,-50.19813],[-72.96229,-50.20111],[-72.96277,-50.20253],[-72.96406,-50.20378],[-72.96415,-50.20685],[-72.96605,-50.20752],[-72.96997,-50.21094],[-72.97076,-50.21222],[-72.97284,-50.21303],[-72.97599,-50.21564],[-72.97846,-50.21573],[-72.98246,-50.21455],[-72.98255,-50.21552],[-72.96565,-50.03685],[-72.82631,-50.04221],[-72.80381,-49.79447],[-72.85925,-49.79272],[-72.84708,-49.65583],[-72.76051,-49.48207],[-72.75838,-49.48094],[-72.75734,-49.48163],[-72.75698,-49.48095],[-72.75628,-49.48096],[-72.75486,-49.48005],[-72.75519,-49.47891],[-72.75693,-49.47776],[-72.75516,-49.47686],[-72.75586,-49.4764],[-72.75513,-49.47503],[-72.75546,-49.4732],[-72.75438,-49.47184],[-72.75472,-49.4707],[-72.75401,-49.47002],[-72.75468,-49.46773],[-72.75326,-49.46683],[-72.75218,-49.46547],[-72.75181,-49.46387],[-72.75038,-49.46228],[-72.75037,-49.46137],[-72.75175,-49.45977],[-72.75172,-49.45771],[-72.75064,-49.45612],[-72.7506,-49.45361],[-72.74812,-49.4518],[-72.74775,-49.45066],[-72.74878,-49.44883],[-72.74771,-49.4477],[-72.74805,-49.44678],[-72.74769,-49.4461],[-72.74556,-49.44497],[-72.74518,-49.4427],[-72.74304,-49.4402],[-72.74333,-49.43609],[-72.74257,-49.43199],[-72.74185,-49.43085],[-72.74324,-49.42993],[-72.74253,-49.42925],[-72.74391,-49.42787],[-72.74388,-49.42582],[-72.74595,-49.42307],[-72.74592,-49.42124],[-72.7466,-49.41987],[-72.74765,-49.41918],[-72.74975,-49.41871],[-72.75147,-49.41665],[-72.75177,-49.41345],[-72.75034,-49.41164],[-72.75032,-49.40981],[-72.7524,-49.40797],[-72.75555,-49.4075],[-72.75552,-49.4059],[-72.75621,-49.40498],[-72.75128,-49.40364],[-72.75091,-49.40205],[-72.74842,-49.40001],[-72.74872,-49.39613],[-72.74658,-49.39409],[-72.74688,-49.39044],[-72.74545,-49.38839],[-72.7454,-49.38543],[-72.74817,-49.38267],[-72.74921,-49.38198],[-72.75235,-49.38105],[-72.75971,-49.38055],[-72.76353,-49.37779],[-72.77019,-49.37797],[-72.77194,-49.37751],[-72.77751,-49.37473],[-72.78489,-49.3756],[-72.78557,-49.37445],[-72.78766,-49.37376],[-72.78871,-49.37375],[-72.79119,-49.3751],[-72.79398,-49.37417],[-72.79574,-49.37462],[-72.79889,-49.37391],[-72.80136,-49.37503],[-72.80417,-49.37524],[-72.80519,-49.37341],[-72.80762,-49.37203],[-72.80972,-49.37156],[-72.81284,-49.36925],[-72.81564,-49.36901],[-72.81772,-49.36763],[-72.82086,-49.36669],[-72.82116,-49.36372],[-72.82465,-49.36279],[-72.82847,-49.36048],[-72.83092,-49.35978],[-72.83582,-49.35952],[-72.83721,-49.35882],[-72.83755,-49.35791],[-72.83643,-49.35404],[-72.83677,-49.35312],[-72.83955,-49.35196],[-72.84551,-49.35215],[-72.84759,-49.35077],[-72.84792,-49.34917],[-72.85104,-49.34732],[-72.85525,-49.34729],[-72.85655,-49.34441],[-72.85798,-49.34339],[-72.86112,-49.34223],[-72.86663,-49.33636],[-72.86834,-49.33598],[-72.87015,-49.33725],[-72.87322,-49.3375],[-72.87588,-49.33635],[-72.87815,-49.33429],[-72.87782,-49.33133],[-72.88274,-49.32751],[-72.88271,-49.32569],[-72.88492,-49.31844],[-72.88726,-49.31736],[-72.88806,-49.31644],[-72.8913,-49.31541],[-72.89229,-49.31454],[-72.89293,-49.31169],[-72.89177,-49.30991],[-72.88715,-49.30779],[-72.88623,-49.30616],[-72.88625,-49.30475],[-72.88472,-49.30409],[-72.8845,-49.30286],[-72.88342,-49.30221],[-72.88145,-49.30188],[-72.881,-49.30067],[-72.88143,-49.29855],[-72.88026,-49.29702],[-72.88019,-49.29586],[-72.87822,-49.29397],[-72.87721,-49.29139],[-72.87511,-49.28959],[-72.87353,-49.28543],[-72.87447,-49.28053],[-72.87594,-49.27788],[-72.87671,-49.27399],[-72.87644,-49.27014],[-72.87543,-49.26911],[-72.87326,-49.26838],[-72.8725,-49.26644],[-72.8736,-49.26575],[-72.87426,-49.26621],[-72.87547,-49.26568],[-72.87574,-49.26422],[-72.87646,-49.26357],[-72.87517,-49.24993],[-72.94281,-49.24707],[-72.94268,-49.24055],[-72.94809,-49.2376],[-72.94107,-49.22734],[-72.93943,-49.22672],[-72.93182,-49.23003],[-72.92752,-49.23131],[-72.91855,-49.23276],[-72.91132,-49.23176],[-72.90946,-49.2309],[-72.93788,-49.20086]]]},"properties":{"fid":9,"Name":"PN Los Glaciares","region":"DIRECCIÓN REGIONAL PATAGONIA AUSTRAL","details":{"title":"Parque Nacional Los Glaciares","province":["Santa Cruz"],"created_year":1937,"area_ha":726927,"short_desc":"Immense parc patagonien couvrant champs de glace, lacs andins et glaciers majeurs, dont le Perito Moreno.","highlights":["Glaciar Perito Moreno","Campos de Hielo Patagónico Sur","Fitz Roy / Cerro Torre"],"unesco":true,"unesco_year":1981,"official_url":"https://www.argentina.gob.ar/parquesnacionales/losglaciares","wikipedia_url":"https://es.wikipedia.org/wiki/Parque_nacional_Los_Glaciares","media":{"hero":{"title":"Los Glaciares National Park","file":"Los_Glaciares_National_Park_(16730720521).jpg","author":"Benny Mazur","license":"CC BY 2.0","license_url":"https://creativecommons.org/licenses/by/2.0","source":"Wikimedia Commons (Flickr import)","url":"https://commons.wikimedia.org/wiki/Special:FilePath/Los_Glaciares_National_Park_%2816730720521%29.jpg","page":"https://commons.wikimedia.org/wiki/File:Los_Glaciares_National_Park_(16730720521).jpg"}}},"attributes":{"categoryId":"Environnement","subCategoryId":"PARC","tags":["NATURE"],"gallery":["https://images.pexels.com/photos/844297/pexels-photo-844297.jpeg?auto=compress&cs=tinysrgb&w=800","https://images.pexels.com/photos/1366922/pexels-photo-1366922.jpeg?auto=compress&cs=tinysrgb&w=800","https://images.pexels.com/photos/2433353/pexels-photo-2433353.jpeg?auto=compress&cs=tinysrgb&w=800"],"short_desc":"Immense parc patagonien couvrant champs de glace, lacs andins et glaciers majeurs, dont le Perito Moreno.","informations":["Année de création : n.c.","Superficie : n.c."],"highlights":["Glaciar Perito Moreno","Campos de Hielo Patagónico Sur","Fitz Roy / Cerro Torre"],"external_links":["Site officiel : https://www.argentina.gob.ar/parquesnacionales/losglaciares","Wikipedia : https://es.wikipedia.org/wiki/Parque_nacional_Los_Glaciares"],"photo":"https://images.pexels.com/photos/844297/pexels-photo-844297.jpeg?auto=compress&cs=tinysrgb&w=800","link_official":"https://www.argentina.gob.ar/parquesnacionales/losglaciares","link_wikipedia":"https://es.wikipedia.org/wiki/Parque_nacional_Los_Glaciares"},"categoryId":"Environnement","subCategoryId":"PARC","tags":["NATURE"],"gallery":["https://images.pexels.com/photos/844297/pexels-photo-844297.jpeg?auto=compress&cs=tinysrgb&w=800","https://images.pexels.com/photos/1366922/pexels-photo-1366922.jpeg?auto=compress&cs=tinysrgb&w=800","https://images.pexels.com/photos/2433353/pexels-photo-2433353.jpeg?auto=compress&cs=tinysrgb&w=800"],"short_desc":"Immense parc patagonien couvrant champs de glace, lacs andins et glaciers majeurs, dont le Perito Moreno.","informations":["Année de création : n.c.","Superficie : n.c."],"highlights":["Glaciar Perito Moreno","Campos de Hielo Patagónico Sur","Fitz Roy / Cerro Torre"],"external_links":["Site officiel : https://www.argentina.gob.ar/parquesnacionales/losglaciares","Wikipedia : https://es.wikipedia.org/wiki/Parque_nacional_Los_Glaciares"],"photo":"https://images.pexels.com/photos/844297/pexels-photo-844297.jpeg?auto=compress&cs=tinysrgb&w=800","link_official":"https://www.argentina.gob.ar/parquesnacionales/losglaciares","link_wikipedia":"https://es.wikipedia.org/wiki/Parque_nacional_Los_Glaciares"}},{"type":"Feature","geometry":{"type":"Polygon","coordinates":[[[-70.26221,-39.05788],[-70.38142,-38.9599],[-70.44423,-39.00636],[-70.32502,-39.1044],[-70.26221,-39.05788]]]},"properties":{"fid":1,"Name":"PN Laguna Blanca","region":"DIRECCIÓN REGIONAL PATAGONIA NORTE","attributes":{"categoryId":"Environnement","subCategoryId":"PARC","tags":["NATURE"],"gallery":["https://images.pexels.com/photos/2403205/pexels-photo-2403205.jpeg?auto=compress&cs=tinysrgb&w=800","https://images.pexels.com/photos/933054/pexels-photo-933054.jpeg?auto=compress&cs=tinysrgb&w=800","https://images.pexels.com/photos/572897/pexels-photo-572897.jpeg?auto=compress&cs=tinysrgb&w=800"],"informations":["Année de création : n.c.","Superficie : n.c."],"highlights":["Paysages remarquables","Biodiversité et observation de la faune","Randonnée et points de vue"],"external_links":["Site officiel : https://www.argentina.gob.ar/parquesnacionales","Wikipedia : https://es.wikipedia.org/wiki/Special:Search?search=PN%20Laguna%20Blanca"],"photo":"https://images.pexels.com/photos/2403205/pexels-photo-2403205.jpeg?auto=compress&cs=tinysrgb&w=800","short_desc":"PN Laguna Blanca est une aire protégée nationale en Argentine.","link_official":"https://www.argentina.gob.ar/parquesnacionales","link_wikipedia":"https://es.wikipedia.org/wiki/Special:Search?search=PN%20Laguna%20Blanca"},"categoryId":"Environnement","subCategoryId":"PARC","tags":["NATURE"],"gallery":["https://images.pexels.com/photos/2403205/pexels-photo-2403205.jpeg?auto=compress&cs=tinysrgb&w=800","https://images.pexels.com/photos/933054/pexels-photo-933054.jpeg?auto=compress&cs=tinysrgb&w=800","https://images.pexels.com/photos/572897/pexels-photo-572897.jpeg?auto=compress&cs=tinysrgb&w=800"],"informations":["Année de création : n.c.","Superficie : n.c."],"highlights":["Paysages remarquables","Biodiversité et observation de la faune","Randonnée et points de vue"],"external_links":["Site officiel : https://www.argentina.gob.ar/parquesnacionales","Wikipedia : https://es.wikipedia.org/wiki/Special:Search?search=PN%20Laguna%20Blanca"],"photo":"https://images.pexels.com/photos/2403205/pexels-photo-2403205.jpeg?auto=compress&cs=tinysrgb&w=800","short_desc":"PN Laguna Blanca est une aire protégée nationale en Argentine.","link_official":"https://www.argentina.gob.ar/parquesnacionales","link_wikipedia":"https://es.wikipedia.org/wiki/Special:Search?search=PN%20Laguna%20Blanca"}},{"type":"Feature","geometry":{"type":"Polygon","coordinates":[[[-71.35992,-39.11195],[-71.36053,-39.11135],[-71.36106,-39.11185],[-71.36059,-39.11277],[-71.36101,-39.11283],[-71.36241,-39.11228],[-71.36321,-39.11143],[-71.36548,-39.11248],[-71.36737,-39.11251],[-71.36805,-39.11209],[-71.37033,-39.11191],[-71.37146,-39.11215],[-71.3717,-39.11299],[-71.37336,-39.11369],[-71.37406,-39.11316],[-71.37809,-39.11333],[-71.38174,-39.11259],[-71.38242,-39.1132],[-71.38242,-39.11412],[-71.38123,-39.11481],[-71.38289,-39.11558],[-71.38526,-39.11468],[-71.38635,-39.11483],[-71.38901,-39.11362],[-71.38999,-39.1147],[-71.39117,-39.11463],[-71.39195,-39.11532],[-71.39382,-39.11579],[-71.3947,-39.11664],[-71.39529,-39.11657],[-71.39607,-39.11734],[-71.39676,-39.11734],[-71.39764,-39.11842],[-71.39791,-39.12065],[-71.39919,-39.12119],[-71.40401,-39.12121],[-71.40638,-39.12031],[-71.40974,-39.11825],[-71.41539,-39.11904],[-71.41513,-39.12008],[-71.41901,-39.12279],[-71.41994,-39.12514],[-71.41976,-39.12617],[-71.41804,-39.12805],[-71.41746,-39.13002],[-71.41576,-39.13202],[-71.41507,-39.13496],[-71.41219,-39.1375],[-71.41122,-39.13959],[-71.41473,-39.14492],[-71.41746,-39.1468],[-71.41897,-39.14862],[-71.42061,-39.14926],[-71.42106,-39.15141],[-71.41909,-39.15305],[-71.41982,-39.15613],[-71.41743,-39.15756],[-71.41473,-39.16007],[-71.41376,-39.16295],[-71.41284,-39.16421],[-71.41013,-39.16425],[-71.40536,-39.16536],[-71.40195,-39.16473],[-71.40104,-39.16501],[-71.40179,-39.16639],[-71.40015,-39.1699],[-71.40039,-39.17263],[-71.39758,-39.17509],[-71.39718,-39.17636],[-71.3973,-39.17799],[-71.39851,-39.18039],[-71.40003,-39.18581],[-71.39848,-39.18699],[-71.39473,-39.18875],[-71.39476,-39.18941],[-71.39591,-39.19081],[-71.39539,-39.19196],[-71.39557,-39.1935],[-71.39391,-39.19472],[-71.39354,-39.19629],[-71.39236,-39.1975],[-71.38816,-39.1995],[-71.38639,-39.20158],[-71.38552,-39.20196],[-71.38515,-39.20593],[-71.38455,-39.20729],[-71.38107,-39.21133],[-71.38091,-39.21677],[-71.38182,-39.21741],[-71.38697,-39.21662],[-71.38955,-39.21674],[-71.39094,-39.21568],[-71.39191,-39.2158],[-71.39167,-39.22141],[-71.39082,-39.2225],[-71.39091,-39.22435],[-71.3887,-39.22717],[-71.38821,-39.23004],[-71.38855,-39.23189],[-71.38788,-39.23459],[-71.38603,-39.23604],[-71.38236,-39.23765],[-71.38315,-39.23992],[-71.38273,-39.24119],[-71.38476,-39.24456],[-71.38615,-39.24562],[-71.38779,-39.24801],[-71.38924,-39.24825],[-71.39255,-39.25025],[-71.3907,-39.25286],[-71.39048,-39.25571],[-71.39158,-39.25889],[-71.38952,-39.2624],[-71.38867,-39.26534],[-71.38514,-39.26642],[-71.38289,-39.2666],[-71.38003,-39.26766],[-71.37967,-39.26816],[-71.37746,-39.2678],[-71.37603,-39.26808],[-71.37518,-39.26901],[-71.37561,-39.2711],[-71.375,-39.27325],[-71.37467,-39.27801],[-71.37391,-39.27922],[-71.37434,-39.28134],[-71.374,-39.28243],[-71.37421,-39.28355],[-71.37512,-39.28467],[-71.37691,-39.28467],[-71.37937,-39.28401],[-71.3823,-39.28416],[-71.38406,-39.28458],[-71.38854,-39.28782],[-71.39036,-39.29222],[-71.39248,-39.29555],[-71.39391,-39.30067],[-71.39485,-39.30213],[-71.39476,-39.30358],[-71.39255,-39.30691],[-71.39191,-39.30943],[-71.39076,-39.31125],[-71.38852,-39.31334],[-71.38564,-39.31815],[-71.38655,-39.31934],[-71.39139,-39.32061],[-71.39327,-39.32155],[-71.39533,-39.3243],[-71.39616,-39.32746],[-71.39506,-39.33082],[-71.39527,-39.33424],[-71.39459,-39.33618],[-71.39515,-39.33906],[-71.39472,-39.34019],[-71.39497,-39.34179],[-71.39637,-39.34342],[-71.39709,-39.34539],[-71.39909,-39.34718],[-71.39976,-39.34982],[-71.40164,-39.35182],[-71.40312,-39.35254],[-71.40924,-39.35233],[-71.41058,-39.35275],[-71.41273,-39.35551],[-71.413,-39.35788],[-71.41391,-39.35942],[-71.41909,-39.3616],[-71.42348,-39.3663],[-71.42491,-39.36621],[-71.42824,-39.36515],[-71.43024,-39.36748],[-71.43203,-39.36872],[-71.43309,-39.3719],[-71.43394,-39.37202],[-71.43563,-39.37075],[-71.43781,-39.37051],[-71.43936,-39.3693],[-71.44105,-39.36887],[-71.44261,-39.36887],[-71.44424,-39.37009],[-71.44845,-39.37196],[-71.45199,-39.37127],[-71.45363,-39.37024],[-71.45675,-39.37003],[-71.45769,-39.37269],[-71.45736,-39.37451],[-71.45796,-39.37666],[-71.45493,-39.38436],[-71.4549,-39.38954],[-71.45215,-39.39232],[-71.45066,-39.39475],[-71.44893,-39.39502],[-71.44663,-39.39639],[-71.44554,-39.39805],[-71.44448,-39.40347],[-71.44554,-39.4059],[-71.44521,-39.40829],[-71.44572,-39.40935],[-71.44842,-39.40978],[-71.45149,-39.40919],[-71.45257,-39.40947],[-71.45369,-39.41011],[-71.45521,-39.41272],[-71.45847,-39.41283],[-71.46027,-39.4135],[-71.46139,-39.41511],[-71.46154,-39.4165],[-71.46393,-39.41847],[-71.46417,-39.41953],[-71.46127,-39.42399],[-71.45973,-39.4243],[-71.45202,-39.42432],[-71.45024,-39.42626],[-71.45081,-39.4282],[-71.44978,-39.43129],[-71.4496,-39.43468],[-71.45096,-39.43562],[-71.45128,-39.43632],[-71.45093,-39.43862],[-71.45151,-39.44114],[-71.44936,-39.4428],[-71.4489,-39.44432],[-71.44966,-39.44668],[-71.44933,-39.44798],[-71.44709,-39.45062],[-71.44721,-39.45095],[-71.44787,-39.45132],[-71.45517,-39.45107],[-71.45721,-39.45175],[-71.4593,-39.45395],[-71.46178,-39.4541],[-71.46333,-39.45698],[-71.46505,-39.45832],[-71.46596,-39.46074],[-71.46423,-39.46344],[-71.46433,-39.46931],[-71.46314,-39.47101],[-71.46505,-39.4741],[-71.46666,-39.4755],[-71.46717,-39.47728],[-71.46914,-39.47868],[-71.47042,-39.4828],[-71.4706,-39.48692],[-71.47279,-39.4906],[-71.47294,-39.49327],[-71.47491,-39.49445],[-71.47864,-39.49533],[-71.47994,-39.4953],[-71.48161,-39.49418],[-71.48382,-39.49496],[-71.48925,-39.49563],[-71.49109,-39.49678],[-71.4957,-39.49799],[-71.49855,-39.49954],[-71.50317,-39.50093],[-71.50407,-39.50213],[-71.5052,-39.50173],[-71.50771,-39.50168],[-71.50861,-39.5019],[-71.50924,-39.5026],[-71.51474,-39.50309],[-71.5174,-39.50417],[-71.51945,-39.50662],[-71.51842,-39.50783],[-71.51812,-39.51229],[-71.51968,-39.51408],[-71.5234,-39.5161],[-71.52585,-39.51812],[-71.52856,-39.51865],[-71.52972,-39.5193],[-71.53053,-39.52273],[-71.52992,-39.52438],[-71.5311,-39.52574],[-71.53161,-39.52737],[-71.53356,-39.52833],[-71.5343,-39.52945],[-71.53412,-39.53477],[-71.53314,-39.53668],[-71.53118,-39.53867],[-71.52579,-39.53995],[-71.52276,-39.54281],[-71.51615,-39.54453],[-71.51491,-39.5451],[-71.51389,-39.54691],[-71.51134,-39.54789],[-71.51122,-39.55277],[-71.50729,-39.5555],[-71.50399,-39.56038],[-71.5018,-39.56057],[-71.49944,-39.55986],[-71.49694,-39.55648],[-71.49466,-39.5565],[-71.49202,-39.55543],[-71.48888,-39.5556],[-71.48752,-39.55526],[-71.48639,-39.55352],[-71.48538,-39.55296],[-71.47907,-39.55215],[-71.47381,-39.55243],[-71.47027,-39.55365],[-71.46865,-39.55622],[-71.46856,-39.55726],[-71.4672,-39.55786],[-71.46765,-39.56057],[-71.47363,-39.5628],[-71.47441,-39.56554],[-71.47572,-39.56788],[-71.47478,-39.57],[-71.4745,-39.57421],[-71.47292,-39.57705],[-71.47166,-39.57794],[-71.46819,-39.57878],[-71.46399,-39.58166],[-71.4612,-39.58269],[-71.46236,-39.58482],[-71.46757,-39.58783],[-71.47079,-39.59123],[-71.47252,-39.5955],[-71.474,-39.59702],[-71.47472,-39.5987],[-71.47718,-39.60114],[-71.47775,-39.60288],[-71.47842,-39.60328],[-71.47984,-39.60882],[-71.48266,-39.61024],[-71.48719,-39.61153],[-71.4888,-39.61303],[-71.49012,-39.61528],[-71.49565,-39.61781],[-71.49668,-39.61892],[-71.4986,-39.624],[-71.49891,-39.62571],[-71.49839,-39.62784],[-71.49894,-39.63047],[-71.50136,-39.63479],[-71.50174,-39.63768],[-71.50241,-39.6378],[-71.50492,-39.63744],[-71.50863,-39.63329],[-71.51155,-39.63104],[-71.5161,-39.63024],[-71.52004,-39.6287],[-71.52045,-39.62815],[-71.52327,-39.62689],[-71.52961,-39.62617],[-71.53471,-39.62607],[-71.54103,-39.62434],[-71.55005,-39.62497],[-71.5515,-39.62571],[-71.55634,-39.62683],[-71.55889,-39.6279],[-71.56001,-39.62881],[-71.56207,-39.631],[-71.56296,-39.63275],[-71.56403,-39.63329],[-71.56513,-39.63342],[-71.57027,-39.63555],[-71.57485,-39.6358],[-71.57664,-39.63625],[-71.58089,-39.63491],[-71.58496,-39.63201],[-71.58751,-39.63188],[-71.58973,-39.63042],[-71.59353,-39.62937],[-71.59486,-39.62965],[-71.59647,-39.63135],[-71.59716,-39.63131],[-71.59862,-39.63038],[-71.60003,-39.62808],[-71.60148,-39.62743],[-71.60335,-39.62792],[-71.60687,-39.62711],[-71.61009,-39.6282],[-71.6107,-39.62723],[-71.61179,-39.62658],[-71.61199,-39.62561],[-71.61445,-39.62198],[-71.61356,-39.6198],[-71.61352,-39.61725],[-71.6117,-39.61543],[-71.61183,-39.61442],[-71.61271,-39.61325],[-71.6136,-39.61297],[-71.61541,-39.60996],[-71.61635,-39.604],[-71.61599,-39.60101],[-71.61651,-39.59984],[-71.61801,-39.59851],[-71.62012,-39.59834],[-71.62252,-39.59719],[-71.62455,-39.59717],[-71.62475,-39.59665],[-71.62362,-39.59325],[-71.62395,-39.59216],[-71.62778,-39.59127],[-71.62998,-39.58948],[-71.63102,-39.5895],[-71.63198,-39.58796],[-71.63623,-39.58582],[-71.63788,-39.58635],[-71.64269,-39.58687],[-71.64443,-39.58784],[-71.64968,-39.58711],[-71.65218,-39.58736],[-71.65315,-39.58784],[-71.65606,-39.58748],[-71.65704,-39.58438],[-71.65772,-39.58376],[-71.65784,-39.58105],[-71.65837,-39.58025],[-71.6613,-39.57731],[-71.66386,-39.57621],[-71.66491,-39.57423],[-71.66871,-39.57221],[-71.67121,-39.57011],[-71.67271,-39.56817],[-71.67323,-39.56489],[-71.6736,-39.56393],[-71.67417,-39.56364],[-71.68014,-39.56562],[-71.6841,-39.56776],[-71.68628,-39.57172],[-71.68935,-39.57435],[-71.68967,-39.57544],[-71.68935,-39.57936],[-71.68996,-39.58198],[-71.69505,-39.58542],[-71.69787,-39.58643],[-71.69868,-39.58736],[-71.69856,-39.58913],[-71.69521,-39.59306],[-71.69517,-39.59384],[-71.69594,-39.59495],[-71.69861,-39.59636],[-71.69925,-39.59729],[-71.69808,-39.59883],[-71.69796,-39.60065],[-71.69576,-39.60406],[-71.69707,-39.6084],[-71.69638,-39.61042],[-71.69816,-39.61357],[-71.69816,-39.61502],[-71.69472,-39.6198],[-71.69488,-39.62454],[-71.6959,-39.62497],[-71.69692,-39.6261],[-71.69753,-39.62853],[-71.69993,-39.62925],[-71.70078,-39.63002],[-71.70081,-39.63321],[-71.70214,-39.63345],[-71.70696,-39.63285],[-71.7108,-39.63349],[-71.71359,-39.63309],[-71.7144,-39.63321],[-71.71601,-39.63442],[-71.71759,-39.63713],[-71.71543,-39.63964],[-71.71504,-39.64181],[-71.71565,-39.64379],[-71.71569,-39.64715],[-71.71719,-39.6486],[-71.71723,-39.64953],[-71.71622,-39.65046],[-71.71506,-39.65034],[-71.71298,-39.65092],[-71.70961,-39.65116],[-71.70624,-39.65308],[-71.7043,-39.65506],[-71.70245,-39.65551],[-71.69848,-39.65894],[-71.69686,-39.65918],[-71.69479,-39.6579],[-71.69408,-39.65805],[-71.69326,-39.66332],[-71.69254,-39.6648],[-71.69354,-39.6668],[-71.69199,-39.66889],[-71.69046,-39.67385],[-71.68875,-39.67691],[-71.6871,-39.67837],[-71.68473,-39.67933],[-71.67312,-39.6778],[-71.67231,-39.67853],[-71.67187,-39.68018],[-71.66952,-39.68224],[-71.66948,-39.68301],[-71.67037,-39.68701],[-71.67001,-39.68855],[-71.67122,-39.6923],[-71.67611,-39.69186],[-71.67829,-39.69323],[-71.67978,-39.69335],[-71.68043,-39.69323],[-71.68116,-39.6917],[-71.68343,-39.6911],[-71.68495,-39.69218],[-71.68837,-39.69304],[-71.69157,-39.6957],[-71.69247,-39.69592],[-71.69449,-39.69562],[-71.69825,-39.69339],[-71.70006,-39.69339],[-71.70224,-39.69501],[-71.70406,-39.69578],[-71.70402,-39.69651],[-71.70204,-39.69796],[-71.70263,-39.70182],[-71.7015,-39.70243],[-71.69958,-39.70267],[-71.69789,-39.70399],[-71.69687,-39.70551],[-71.69488,-39.70568],[-71.69372,-39.70725],[-71.69631,-39.70903],[-71.69699,-39.71008],[-71.69905,-39.71024],[-71.70027,-39.71093],[-71.70006,-39.71291],[-71.70235,-39.71483],[-71.70317,-39.7186],[-71.70374,-39.71921],[-71.7039,-39.72179],[-71.70464,-39.72266],[-71.70945,-39.72447],[-71.71242,-39.72442],[-71.71137,-39.72579],[-71.71169,-39.72729],[-71.71125,-39.72943],[-71.70839,-39.73266],[-71.70774,-39.7384],[-71.70491,-39.74054],[-71.70269,-39.74369],[-71.70224,-39.74595],[-71.6993,-39.74833],[-71.69403,-39.75145],[-71.68982,-39.75519],[-71.68669,-39.75581],[-71.68382,-39.76098],[-71.68331,-39.7641],[-71.68217,-39.76534],[-71.68233,-39.76696],[-71.68087,-39.76862],[-71.68108,-39.77015],[-71.68428,-39.7735],[-71.6858,-39.77686],[-71.68283,-39.7794],[-71.68063,-39.78344],[-71.68055,-39.78542],[-71.68128,-39.7868],[-71.68144,-39.78845],[-71.68122,-39.7891],[-71.67849,-39.79116],[-71.67797,-39.79382],[-71.67857,-39.79722],[-71.68241,-39.79952],[-71.68362,-39.8019],[-71.68199,-39.8018],[-71.68055,-39.80328],[-71.67582,-39.8038],[-71.67384,-39.80473],[-71.67163,-39.80481],[-71.66912,-39.80656],[-71.66697,-39.80721],[-71.66717,-39.80805],[-71.66828,-39.80843],[-71.67178,-39.81093],[-71.67307,-39.81122],[-71.67809,-39.81089],[-71.67922,-39.81156],[-71.68047,-39.81439],[-71.68224,-39.81629],[-71.68233,-39.81968],[-71.68778,-39.82275],[-71.6921,-39.82453],[-71.69227,-39.82558],[-71.68968,-39.82921],[-71.68621,-39.83059],[-71.68622,-39.83308],[-71.68557,-39.83408],[-71.68928,-39.83605],[-71.69004,-39.8377],[-71.69182,-39.83904],[-71.69154,-39.84142],[-71.69032,-39.84189],[-71.69018,-39.8436],[-71.689,-39.84438],[-71.68834,-39.84807],[-71.68634,-39.85085],[-71.68589,-39.85401],[-71.68449,-39.85589],[-71.68053,-39.85867],[-71.6795,-39.85902],[-71.67697,-39.85879],[-71.67467,-39.86124],[-71.67275,-39.86137],[-71.67007,-39.86294],[-71.66785,-39.86303],[-71.6614,-39.86064],[-71.65854,-39.85832],[-71.65631,-39.85568],[-71.64952,-39.85359],[-71.64726,-39.85234],[-71.64552,-39.85229],[-71.64291,-39.8534],[-71.64223,-39.85455],[-71.64036,-39.85556],[-71.63914,-39.85724],[-71.63594,-39.85842],[-71.63526,-39.85918],[-71.63516,-39.8602],[-71.63571,-39.86121],[-71.63532,-39.8627],[-71.6355,-39.86654],[-71.63652,-39.86958],[-71.63595,-39.87171],[-71.63419,-39.87288],[-71.63292,-39.87439],[-71.63269,-39.87707],[-71.63418,-39.8798],[-71.63399,-39.88113],[-71.63319,-39.88196],[-71.62655,-39.88159],[-71.62299,-39.88058],[-71.61817,-39.87733],[-71.61491,-39.87648],[-71.6135,-39.87433],[-71.61267,-39.87437],[-71.61093,-39.87798],[-71.60937,-39.87981],[-71.60641,-39.88163],[-71.60453,-39.88419],[-71.60126,-39.88598],[-71.59923,-39.8885],[-71.596,-39.89014],[-71.59564,-39.8909],[-71.59637,-39.89355],[-71.59573,-39.896],[-71.59345,-39.89707],[-71.59249,-39.90116],[-71.59333,-39.90265],[-71.59562,-39.90373],[-71.59604,-39.90431],[-71.59647,-39.90717],[-71.59596,-39.90858],[-71.59421,-39.91012],[-71.59284,-39.91066],[-71.59269,-39.91138],[-71.59398,-39.91248],[-71.59708,-39.91317],[-71.60182,-39.91555],[-71.60276,-39.91668],[-71.60112,-39.9204],[-71.5998,-39.92126],[-71.59792,-39.92622],[-71.59819,-39.92928],[-71.60222,-39.93038],[-71.61435,-39.93703],[-71.61517,-39.93706],[-71.61674,-39.93627],[-71.61811,-39.93502],[-71.61924,-39.93508],[-71.62099,-39.93633],[-71.62335,-39.93683],[-71.62518,-39.93787],[-71.62513,-39.9386],[-71.62331,-39.94046],[-71.61867,-39.9474],[-71.61424,-39.95622],[-71.61443,-39.95697],[-71.6167,-39.95991],[-71.61804,-39.96073],[-71.61923,-39.96274],[-71.61962,-39.96646],[-71.61828,-39.96831],[-71.6184,-39.96917],[-71.61947,-39.97044],[-71.6199,-39.97249],[-71.62405,-39.97591],[-71.62508,-39.97579],[-71.63119,-39.96933],[-71.63246,-39.96863],[-71.63537,-39.96815],[-71.64058,-39.96838],[-71.64391,-39.96929],[-71.64532,-39.97009],[-71.64956,-39.97038],[-71.65113,-39.97138],[-71.65269,-39.97375],[-71.65125,-39.97698],[-71.65164,-39.97887],[-71.65496,-39.98097],[-71.65624,-39.98326],[-71.65793,-39.98444],[-71.65901,-39.98593],[-71.65926,-39.98681],[-71.65806,-39.98783],[-71.6581,-39.98865],[-71.66231,-39.98939],[-71.66492,-39.99154],[-71.66683,-39.99487],[-71.66543,-39.99647],[-71.66539,-39.99769],[-71.66599,-39.99854],[-71.67036,-39.9999],[-71.67087,-40.00075],[-71.6719,-40.00623],[-71.67098,-40.0084],[-71.67134,-40.01057],[-71.67021,-40.01443],[-71.67117,-40.0167],[-71.67151,-40.01951],[-71.67231,-40.02114],[-71.67456,-40.0237],[-71.67495,-40.02595],[-71.68014,-40.02836],[-71.6863,-40.02903],[-71.68893,-40.03225],[-71.68925,-40.03703],[-71.68619,-40.04093],[-71.68619,-40.04381],[-71.6834,-40.04622],[-71.68247,-40.04759],[-71.68235,-40.04914],[-71.67976,-40.05138],[-71.679,-40.05394],[-71.67687,-40.05563],[-71.67504,-40.05925],[-71.67298,-40.06053],[-71.67116,-40.06282],[-71.67019,-40.06546],[-71.66809,-40.06829],[-71.66809,-40.07053],[-71.66627,-40.07339],[-71.66748,-40.07547],[-71.67279,-40.07847],[-71.67389,-40.08046],[-71.67342,-40.08318],[-71.67033,-40.08523],[-71.66859,-40.08727],[-71.66661,-40.08807],[-71.66796,-40.09377],[-71.67008,-40.09897],[-71.67128,-40.10017],[-71.67324,-40.10028],[-71.67226,-40.10127],[-71.67357,-40.10373],[-71.67735,-40.10632],[-71.68283,-40.10861],[-71.68565,-40.1085],[-71.69022,-40.10982],[-71.69087,-40.11061],[-71.69081,-40.11172],[-71.68904,-40.11213],[-71.68844,-40.11323],[-71.69047,-40.1152],[-71.69369,-40.11579],[-71.69605,-40.11676],[-71.69832,-40.11682],[-71.70162,-40.11602],[-71.70418,-40.11307],[-71.70578,-40.11278],[-71.70795,-40.11105],[-71.71155,-40.11105],[-71.71222,-40.11064],[-71.71227,-40.10968],[-71.71322,-40.10906],[-71.72027,-40.1097],[-71.72824,-40.10361],[-71.73046,-40.10297],[-71.73512,-40.10036],[-71.7403,-40.09903],[-71.74379,-40.09915],[-71.74463,-40.09888],[-71.75048,-40.09467],[-71.75563,-40.09443],[-71.75818,-40.09346],[-71.76088,-40.09315],[-71.76312,-40.09164],[-71.7673,-40.0914],[-71.77106,-40.08967],[-71.77275,-40.0904],[-71.77599,-40.09043],[-71.78142,-40.0887],[-71.78336,-40.09],[-71.78524,-40.08997],[-71.79456,-40.08737],[-71.79675,-40.08628],[-71.79951,-40.08591],[-71.80164,-40.08442],[-71.80556,-40.08341],[-71.80977,-40.08117],[-71.8135,-40.08079],[-71.81413,-40.08155],[-71.81547,-40.08184],[-71.81654,-40.08324],[-71.81784,-40.08373],[-71.81672,-40.08565],[-71.81891,-40.08746],[-71.82003,-40.08815],[-71.82374,-40.08844],[-71.82465,-40.0892],[-71.82703,-40.08992],[-71.82747,-40.09349],[-71.82591,-40.09791],[-71.8272,-40.09961],[-71.82793,-40.1036],[-71.83081,-40.10509],[-71.83093,-40.10759],[-71.82812,-40.10888],[-71.82541,-40.11167],[-71.82309,-40.11072],[-71.81906,-40.10738],[-71.81444,-40.10491],[-71.8112,-40.1046],[-71.81051,-40.10714],[-71.8094,-40.10848],[-71.80589,-40.10875],[-71.8029,-40.11039],[-71.80272,-40.1113],[-71.80042,-40.11297],[-71.80099,-40.11491],[-71.80072,-40.11633],[-71.80245,-40.11794],[-71.80261,-40.12061],[-71.80717,-40.12524],[-71.8072,-40.12627],[-71.80605,-40.12692],[-71.80341,-40.12675],[-71.80175,-40.12845],[-71.8006,-40.13093],[-71.80032,-40.13467],[-71.79886,-40.13581],[-71.79843,-40.13748],[-71.79901,-40.13788],[-71.80045,-40.13752],[-71.80157,-40.13774],[-71.80282,-40.13678],[-71.80476,-40.13638],[-71.80779,-40.13671],[-71.80953,-40.13747],[-71.8125,-40.14248],[-71.81344,-40.14332],[-71.81298,-40.14492],[-71.81336,-40.14657],[-71.80884,-40.15093],[-71.80845,-40.15222],[-71.81053,-40.15442],[-71.81115,-40.15647],[-71.81273,-40.15811],[-71.81752,-40.15802],[-71.81892,-40.16278],[-71.81994,-40.16373],[-71.82064,-40.16634],[-71.82196,-40.16854],[-71.82499,-40.16951],[-71.82781,-40.17111],[-71.82877,-40.17214],[-71.8289,-40.1732],[-71.82796,-40.17435],[-71.82495,-40.17431],[-71.82248,-40.17727],[-71.81896,-40.18048],[-71.81584,-40.18124],[-71.81393,-40.18233],[-71.81036,-40.18245],[-71.80745,-40.18399],[-71.80533,-40.18396],[-71.80048,-40.18496],[-71.79985,-40.18664],[-71.80378,-40.18981],[-71.80693,-40.19335],[-71.8082,-40.19611],[-71.8096,-40.19775],[-71.80972,-40.19948],[-71.81133,-40.20081],[-71.81263,-40.20284],[-71.81678,-40.20399],[-71.81626,-40.20584],[-71.81726,-40.20602],[-71.82154,-40.20475],[-71.82411,-40.20475],[-71.82708,-40.20538],[-71.82835,-40.20617],[-71.82947,-40.20817],[-71.82869,-40.21063],[-71.83008,-40.2159],[-71.8295,-40.21705],[-71.82784,-40.21859],[-71.8274,-40.22119],[-71.82641,-40.2225],[-71.82584,-40.22568],[-71.82629,-40.2269],[-71.82569,-40.2273],[-71.82502,-40.22917],[-71.82499,-40.23074],[-71.82326,-40.23311],[-71.81963,-40.23414],[-71.81805,-40.23408],[-71.81623,-40.23247],[-71.81272,-40.23311],[-71.80802,-40.23271],[-71.8056,-40.2352],[-71.80381,-40.23599],[-71.80417,-40.2418],[-71.80024,-40.24532],[-71.79827,-40.24562],[-71.79708,-40.24732],[-71.79924,-40.25065],[-71.79836,-40.25277],[-71.79875,-40.2541],[-71.79966,-40.25489],[-71.79827,-40.25604],[-71.79309,-40.25832],[-71.7903,-40.25901],[-71.78872,-40.25874],[-71.78687,-40.25956],[-71.78524,-40.26113],[-71.78524,-40.26162],[-71.78767,-40.26477],[-71.78757,-40.26604],[-71.784,-40.26871],[-71.77818,-40.27001],[-71.77588,-40.2711],[-71.77512,-40.27265],[-71.77412,-40.2732],[-71.7693,-40.27474],[-71.76685,-40.27446],[-71.76588,-40.27643],[-71.76245,-40.27628],[-71.76182,-40.27656],[-71.76136,-40.27877],[-71.76033,-40.27962],[-71.75921,-40.28204],[-71.7573,-40.2838],[-71.75739,-40.28479],[-71.75651,-40.28649],[-71.75664,-40.28771],[-71.75824,-40.29034],[-71.75794,-40.29096],[-71.75564,-40.29243],[-71.75791,-40.29555],[-71.76067,-40.29798],[-71.76064,-40.29946],[-71.75615,-40.3014],[-71.75436,-40.30379],[-71.75191,-40.30398],[-71.74976,-40.30482],[-71.74739,-40.30713],[-71.74433,-40.3057],[-71.74237,-40.30552],[-71.7404,-40.30582],[-71.73821,-40.30698],[-71.73731,-40.30691],[-71.73579,-40.30579],[-71.73337,-40.30119],[-71.73149,-40.29995],[-71.72894,-40.29661],[-71.72791,-40.29319],[-71.72649,-40.29104],[-71.72602,-40.28944],[-71.72586,-40.28749],[-71.72298,-40.28385],[-71.72251,-40.28225],[-71.72174,-40.27962],[-71.72144,-40.27894],[-71.72098,-40.27871],[-71.72086,-40.27883],[-71.72086,-40.27852],[-71.72226,-40.22317],[-71.72187,-40.22294],[-71.72166,-40.22253],[-71.72137,-40.22221],[-71.72107,-40.22185],[-71.7206,-40.22164],[-71.72002,-40.22138],[-71.71903,-40.22061],[-71.71864,-40.22014],[-71.71837,-40.21921],[-71.718,-40.21861],[-71.71754,-40.21787],[-71.71704,-40.21736],[-71.71646,-40.21681],[-71.71597,-40.21647],[-71.71566,-40.21596],[-71.71519,-40.2153],[-71.71498,-40.21483],[-71.71487,-40.21448],[-71.71463,-40.21405],[-71.7144,-40.21332],[-71.71428,-40.21273],[-71.71425,-40.21232],[-71.71411,-40.21182],[-71.71387,-40.21155],[-71.71352,-40.21125],[-71.71295,-40.21104],[-71.71212,-40.21095],[-71.71153,-40.21093],[-71.71037,-40.21056],[-71.70994,-40.20758],[-71.71021,-40.20699],[-71.71077,-40.20678],[-71.7113,-40.20663],[-71.71171,-40.20645],[-71.71237,-40.20627],[-71.71289,-40.20584],[-71.71307,-40.20544],[-71.7129,-40.20511],[-71.71283,-40.20477],[-71.71157,-40.20356],[-71.71141,-40.20289],[-71.71168,-40.20247],[-71.71225,-40.20205],[-71.7132,-40.20199],[-71.71376,-40.20211],[-71.71411,-40.20237],[-71.71429,-40.20276],[-71.71434,-40.20311],[-71.71464,-40.2035],[-71.71541,-40.20307],[-71.71558,-40.20237],[-71.71533,-40.20167],[-71.71609,-40.19981],[-71.71553,-40.19908],[-71.7151,-40.19887],[-71.71493,-40.19853],[-71.71467,-40.19808],[-71.71464,-40.19762],[-71.71488,-40.19717],[-71.71536,-40.19692],[-71.71598,-40.19662],[-71.71635,-40.1967],[-71.71693,-40.1969],[-71.71717,-40.19715],[-71.71826,-40.19722],[-71.71915,-40.19706],[-71.71975,-40.19686],[-71.71984,-40.19654],[-71.71934,-40.19631],[-71.71865,-40.19642],[-71.71782,-40.19633],[-71.71732,-40.19617],[-71.71679,-40.19592],[-71.71652,-40.19549],[-71.71669,-40.19454],[-71.7165,-40.19407],[-71.71653,-40.19376],[-71.71678,-40.19346],[-71.71709,-40.19319],[-71.71754,-40.19253],[-71.71748,-40.19209],[-71.7169,-40.19196],[-71.71633,-40.19162],[-71.71566,-40.19145],[-71.71476,-40.19102],[-71.71461,-40.19057],[-71.715,-40.19027],[-71.71592,-40.19043],[-71.7169,-40.19009],[-71.7174,-40.18964],[-71.718,-40.18916],[-71.71806,-40.18887],[-71.71753,-40.18852],[-71.71697,-40.18834],[-71.71637,-40.18827],[-71.71572,-40.18822],[-71.71495,-40.18847],[-71.71462,-40.18863],[-71.71385,-40.18886],[-71.71333,-40.18921],[-71.71252,-40.18931],[-71.71203,-40.18898],[-71.71193,-40.18832],[-71.7121,-40.18771],[-71.71233,-40.18732],[-71.71201,-40.18674],[-71.71155,-40.18679],[-71.71144,-40.1873],[-71.71102,-40.18742],[-71.71019,-40.18738],[-71.70934,-40.18771],[-71.70879,-40.18743],[-71.70853,-40.18672],[-71.70954,-40.18544],[-71.7097,-40.185],[-71.71004,-40.18449],[-71.71029,-40.18379],[-71.71246,-40.1815],[-71.71213,-40.18118],[-71.71164,-40.18165],[-71.71085,-40.18153],[-71.71074,-40.18131],[-71.71074,-40.18112],[-71.7107,-40.18096],[-71.71055,-40.18081],[-71.7104,-40.18047],[-71.71091,-40.17832],[-71.71096,-40.17815],[-71.71113,-40.17811],[-71.7113,-40.17798],[-71.7113,-40.17794],[-71.71133,-40.17774],[-71.71139,-40.17733],[-71.71113,-40.17681],[-71.71131,-40.17595],[-71.71117,-40.1759],[-71.71108,-40.17585],[-71.71128,-40.17565],[-71.7112,-40.17545],[-71.71115,-40.17513],[-71.71087,-40.175],[-71.71092,-40.17485],[-71.71107,-40.1748],[-71.71107,-40.17461],[-71.71091,-40.17452],[-71.71081,-40.1742],[-71.71085,-40.17398],[-71.71111,-40.17375],[-71.71113,-40.17321],[-71.71079,-40.17212],[-71.71059,-40.17197],[-71.71048,-40.17171],[-71.71061,-40.1715],[-71.71053,-40.17135],[-71.7105,-40.17117],[-71.71066,-40.17113],[-71.71089,-40.1708],[-71.71085,-40.17055],[-71.71072,-40.17044],[-71.71063,-40.17024],[-71.71057,-40.16999],[-71.71055,-40.16975],[-71.71094,-40.16864],[-71.71083,-40.16838],[-71.71072,-40.16815],[-71.71033,-40.16782],[-71.71034,-40.1673],[-71.71055,-40.16712],[-71.71071,-40.16661],[-71.71072,-40.16631],[-71.7104,-40.166],[-71.71015,-40.16537],[-71.71026,-40.16518],[-71.71036,-40.16465],[-71.71017,-40.16439],[-71.71024,-40.16409],[-71.71036,-40.16386],[-71.71029,-40.16354],[-71.71008,-40.1634],[-71.70991,-40.16304],[-71.71013,-40.16194],[-71.71022,-40.16181],[-71.71038,-40.16169],[-71.71058,-40.16156],[-71.71058,-40.16134],[-71.71054,-40.16102],[-71.71041,-40.16088],[-71.71037,-40.16074],[-71.7104,-40.16057],[-71.71001,-40.15948],[-71.70997,-40.15929],[-71.71047,-40.15877],[-71.71016,-40.15856],[-71.70985,-40.15848],[-71.70967,-40.15828],[-71.70914,-40.15707],[-71.70918,-40.15665],[-71.70921,-40.15645],[-71.70923,-40.15627],[-71.70878,-40.15527],[-71.70498,-40.1496],[-71.70437,-40.14682],[-71.70426,-40.14674],[-71.70409,-40.1467],[-71.70372,-40.14621],[-71.70366,-40.146],[-71.70353,-40.14592],[-71.7035,-40.14522],[-71.70344,-40.14512],[-71.70326,-40.14498],[-71.70315,-40.14493],[-71.70317,-40.14481],[-71.70299,-40.14478],[-71.70297,-40.14458],[-71.70294,-40.14457],[-71.70298,-40.14432],[-71.70275,-40.14419],[-71.70279,-40.144],[-71.70241,-40.14392],[-71.70224,-40.1436],[-71.70196,-40.14362],[-71.70176,-40.14338],[-71.70134,-40.1429],[-71.69087,-40.14746],[-71.6703,-40.15561],[-71.65587,-40.17427],[-71.66397,-40.17805],[-71.66335,-40.17811],[-71.66299,-40.17834],[-71.66247,-40.17876],[-71.66198,-40.17912],[-71.66197,-40.17991],[-71.6619,-40.18018],[-71.6614,-40.18044],[-71.66052,-40.18076],[-71.65861,-40.18241],[-71.65737,-40.18312],[-71.65668,-40.18344],[-71.65557,-40.18354],[-71.65504,-40.18356],[-71.65472,-40.18334],[-71.65407,-40.1833],[-71.65326,-40.18353],[-71.65285,-40.18371],[-71.65207,-40.1836],[-71.65148,-40.18329],[-71.65124,-40.18315],[-71.65019,-40.18362],[-71.64592,-40.1836],[-71.6445,-40.18435],[-71.63986,-40.18409],[-71.63454,-40.18338],[-71.63315,-40.18203],[-71.63107,-40.18101],[-71.63056,-40.18095],[-71.63036,-40.18087],[-71.63024,-40.18084],[-71.63025,-40.18579],[-71.63455,-40.19738],[-71.63117,-40.20468],[-71.6347,-40.22862],[-71.53509,-40.32764],[-71.53566,-40.35136],[-71.39792,-40.47483],[-71.3881,-40.48689],[-71.38102,-40.50758],[-71.35969,-40.49261],[-71.19997,-40.62515],[-71.15055,-40.666],[-71.14988,-40.66543],[-71.14894,-40.66359],[-71.15,-40.65748],[-71.1518,-40.65542],[-71.15415,-40.65477],[-71.15459,-40.65221],[-71.15295,-40.65065],[-71.15112,-40.64966],[-71.1511,-40.64716],[-71.1496,-40.64582],[-71.15082,-40.64369],[-71.15324,-40.6411],[-71.15427,-40.63839],[-71.15498,-40.63773],[-71.15307,-40.63488],[-71.15091,-40.63312],[-71.151,-40.63249],[-71.14991,-40.63073],[-71.15143,-40.62851],[-71.15036,-40.62812],[-71.15128,-40.62322],[-71.14865,-40.62121],[-71.14639,-40.62037],[-71.14687,-40.62015],[-71.14595,-40.61833],[-71.14592,-40.61429],[-71.14483,-40.61305],[-71.14539,-40.61219],[-71.14418,-40.61226],[-71.14489,-40.61121],[-71.14538,-40.61123],[-71.14565,-40.60991],[-71.14383,-40.6106],[-71.14391,-40.60872],[-71.14322,-40.60701],[-71.14315,-40.60629],[-71.14412,-40.60481],[-71.14319,-40.60567],[-71.14309,-40.60368],[-71.14423,-40.60108],[-71.14286,-40.60151],[-71.14337,-40.59915],[-71.14302,-40.59855],[-71.14445,-40.59582],[-71.14522,-40.59593],[-71.14391,-40.5942],[-71.1453,-40.5943],[-71.14448,-40.59377],[-71.14433,-40.59259],[-71.14497,-40.59335],[-71.14536,-40.592],[-71.14693,-40.59161],[-71.1471,-40.59115],[-71.14714,-40.59048],[-71.14674,-40.59039],[-71.14589,-40.59105],[-71.14545,-40.59082],[-71.14561,-40.58968],[-71.14761,-40.58822],[-71.14657,-40.5872],[-71.14664,-40.58418],[-71.14761,-40.58529],[-71.14928,-40.5818],[-71.15013,-40.57846],[-71.15472,-40.57394],[-71.15547,-40.57189],[-71.15416,-40.56771],[-71.15476,-40.56496],[-71.15503,-40.56464],[-71.15634,-40.56461],[-71.15749,-40.56346],[-71.158,-40.56197],[-71.15987,-40.56015],[-71.16012,-40.55893],[-71.16092,-40.55813],[-71.16233,-40.55779],[-71.16959,-40.55321],[-71.17417,-40.55088],[-71.17435,-40.55012],[-71.17558,-40.54932],[-71.17588,-40.54727],[-71.17698,-40.54584],[-71.17679,-40.54364],[-71.17807,-40.53973],[-71.1775,-40.53763],[-71.17748,-40.53315],[-71.17799,-40.53232],[-71.17738,-40.52926],[-71.17806,-40.52149],[-71.18118,-40.51379],[-71.18208,-40.51269],[-71.17902,-40.50736],[-71.1762,-40.50382],[-71.17421,-40.50224],[-71.17449,-40.50162],[-71.17637,-40.50084],[-71.18307,-40.50042],[-71.18866,-40.4992],[-71.19217,-40.4994],[-71.20285,-40.49758],[-71.20518,-40.49811],[-71.20774,-40.49756],[-71.21145,-40.49594],[-71.21468,-40.49362],[-71.2196,-40.49095],[-71.22806,-40.48838],[-71.23295,-40.4859],[-71.23497,-40.4843],[-71.2347,-40.48364],[-71.23247,-40.48297],[-71.23002,-40.48279],[-71.22673,-40.48098],[-71.22717,-40.4805],[-71.22938,-40.48064],[-71.23089,-40.48125],[-71.23218,-40.48028],[-71.2323,-40.47906],[-71.23294,-40.47858],[-71.23433,-40.47867],[-71.23655,-40.47966],[-71.23826,-40.47959],[-71.23648,-40.47538],[-71.23552,-40.47504],[-71.23332,-40.47313],[-71.23378,-40.47094],[-71.23614,-40.46908],[-71.23712,-40.46743],[-71.23653,-40.46536],[-71.23674,-40.46306],[-71.23398,-40.46223],[-71.23358,-40.46148],[-71.23358,-40.46003],[-71.23475,-40.45835],[-71.23251,-40.45368],[-71.23116,-40.45287],[-71.22975,-40.45014],[-71.22967,-40.44771],[-71.23183,-40.44432],[-71.23315,-40.4432],[-71.23283,-40.44231],[-71.23321,-40.44186],[-71.23429,-40.44108],[-71.23535,-40.4411],[-71.23596,-40.44054],[-71.23686,-40.4405],[-71.23907,-40.43676],[-71.23859,-40.4358],[-71.23556,-40.43472],[-71.23493,-40.43358],[-71.23507,-40.43196],[-71.23696,-40.4293],[-71.23597,-40.42741],[-71.23661,-40.42551],[-71.23623,-40.42458],[-71.23969,-40.42315],[-71.24018,-40.41991],[-71.2416,-40.41718],[-71.24087,-40.41459],[-71.23954,-40.41355],[-71.23954,-40.41309],[-71.24227,-40.40925],[-71.24474,-40.40756],[-71.24468,-40.40177],[-71.24729,-40.39885],[-71.2485,-40.39631],[-71.25039,-40.39383],[-71.25227,-40.39214],[-71.2541,-40.39144],[-71.25564,-40.38806],[-71.25938,-40.38616],[-71.26115,-40.38459],[-71.26576,-40.3833],[-71.26568,-40.38274],[-71.2621,-40.37911],[-71.25839,-40.3731],[-71.25949,-40.37124],[-71.26335,-40.36845],[-71.26515,-40.36774],[-71.26524,-40.36708],[-71.2701,-40.36426],[-71.27221,-40.36446],[-71.27477,-40.36261],[-71.28012,-40.36117],[-71.28106,-40.3604],[-71.28275,-40.36017],[-71.28747,-40.35719],[-71.29001,-40.35723],[-71.29091,-40.3568],[-71.29184,-40.35507],[-71.29462,-40.35488],[-71.29859,-40.35337],[-71.3001,-40.35047],[-71.30244,-40.34884],[-71.30346,-40.34861],[-71.3035,-40.34811],[-71.30526,-40.34691],[-71.30832,-40.34325],[-71.30932,-40.34265],[-71.31251,-40.34222],[-71.31503,-40.34114],[-71.31582,-40.34021],[-71.31717,-40.3399],[-71.31864,-40.3376],[-71.31815,-40.33558],[-71.31745,-40.33471],[-71.31913,-40.33323],[-71.32314,-40.33436],[-71.3271,-40.33619],[-71.32954,-40.33857],[-71.33158,-40.33861],[-71.33345,-40.33915],[-71.33536,-40.33901],[-71.33929,-40.34052],[-71.34042,-40.33926],[-71.34087,-40.33748],[-71.34208,-40.3372],[-71.34388,-40.33743],[-71.34547,-40.33635],[-71.34637,-40.33343],[-71.34607,-40.33086],[-71.34955,-40.32664],[-71.35055,-40.32431],[-71.35534,-40.3241],[-71.35687,-40.32331],[-71.36025,-40.32513],[-71.36455,-40.32225],[-71.365,-40.32136],[-71.36748,-40.32083],[-71.36836,-40.31973],[-71.36974,-40.31986],[-71.36997,-40.31868],[-71.371,-40.318],[-71.37174,-40.31812],[-71.37114,-40.32027],[-71.37172,-40.32106],[-71.37509,-40.32211],[-71.37711,-40.32088],[-71.37816,-40.3197],[-71.37797,-40.3185],[-71.37686,-40.31707],[-71.37759,-40.31651],[-71.38141,-40.31605],[-71.381,-40.31452],[-71.38237,-40.30934],[-71.38509,-40.3052],[-71.38523,-40.30381],[-71.38805,-40.30059],[-71.38823,-40.29945],[-71.38594,-40.29792],[-71.38467,-40.29572],[-71.38419,-40.29274],[-71.38519,-40.29039],[-71.38926,-40.28794],[-71.38897,-40.28683],[-71.38947,-40.28406],[-71.38866,-40.27153],[-71.32601,-40.22674],[-71.32599,-40.16733],[-71.32697,-40.16734],[-71.33127,-40.16976],[-71.33206,-40.17162],[-71.33468,-40.17231],[-71.33828,-40.1718],[-71.33854,-40.17131],[-71.3378,-40.17048],[-71.33826,-40.1691],[-71.33759,-40.1684],[-71.33759,-40.1664],[-71.33848,-40.16534],[-71.33962,-40.16529],[-71.34045,-40.16467],[-71.34137,-40.163],[-71.34324,-40.16456],[-71.34605,-40.16446],[-71.34541,-40.16242],[-71.35022,-40.16697],[-71.35245,-40.16737],[-71.35326,-40.16938],[-71.35526,-40.16597],[-71.35775,-40.16756],[-71.35608,-40.16375],[-71.35855,-40.16157],[-71.36102,-40.16008],[-71.36425,-40.16057],[-71.36154,-40.15748],[-71.36154,-40.15458],[-71.36406,-40.14992],[-71.3634,-40.14818],[-71.36241,-40.14746],[-71.35713,-40.14564],[-71.35619,-40.14495],[-71.35179,-40.14439],[-71.34916,-40.1454],[-71.3492,-40.14675],[-71.34394,-40.14675],[-71.34448,-40.14469],[-71.34334,-40.14329],[-71.34244,-40.14257],[-71.34039,-40.14249],[-71.33959,-40.1414],[-71.33818,-40.14177],[-71.33742,-40.14145],[-71.33635,-40.14034],[-71.33673,-40.13809],[-71.33669,-40.12256],[-71.33164,-40.12255],[-71.31153,-40.11298],[-71.31736,-40.10852],[-71.36854,-40.10853],[-71.36819,-40.07099],[-71.36858,-40.03755],[-71.37168,-40.01748],[-71.35371,-40.00286],[-71.32195,-39.98752],[-71.32519,-39.98488],[-71.27194,-39.869],[-71.31629,-39.85551],[-71.31858,-39.81024],[-71.31747,-39.7932],[-71.31483,-39.78932],[-71.3129,-39.79042],[-71.30781,-39.79172],[-71.307,-39.7914],[-71.30566,-39.79195],[-71.30296,-39.7921],[-71.29132,-39.79643],[-71.27838,-39.7974],[-71.27427,-39.79839],[-71.26692,-39.7992],[-71.26099,-39.79931],[-71.25881,-39.79874],[-71.25605,-39.79941],[-71.25468,-39.79906],[-71.25271,-39.79924],[-71.24535,-39.80272],[-71.2358,-39.80366],[-71.2299,-39.80488],[-71.22857,-39.80552],[-71.22085,-39.80562],[-71.21706,-39.80497],[-71.21425,-39.80217],[-71.2135,-39.79999],[-71.21195,-39.79778],[-71.21064,-39.79743],[-71.21082,-39.79709],[-71.21219,-39.79739],[-71.21263,-39.79672],[-71.21564,-39.74605],[-71.27135,-39.70187],[-71.31837,-39.68986],[-71.33422,-39.60933],[-71.33689,-39.58612],[-71.22967,-39.58566],[-71.1821,-39.58118],[-71.18213,-39.37172],[-71.18123,-39.37115],[-71.18074,-39.37132],[-71.17999,-39.37355],[-71.17427,-39.37602],[-71.1723,-39.37611],[-71.17158,-39.3775],[-71.1678,-39.3795],[-71.16485,-39.37632],[-71.16525,-39.37526],[-71.16734,-39.37456],[-71.16678,-39.37374],[-71.16578,-39.37382],[-71.16327,-39.37543],[-71.15907,-39.37589],[-71.15737,-39.37297],[-71.15523,-39.37117],[-71.15312,-39.36827],[-71.15221,-39.36851],[-71.15211,-39.37009],[-71.15114,-39.37075],[-71.15012,-39.3707],[-71.1481,-39.36918],[-71.14683,-39.36749],[-71.14779,-39.36589],[-71.14639,-39.36482],[-71.14506,-39.36509],[-71.14324,-39.36775],[-71.14389,-39.36933],[-71.14367,-39.37036],[-71.14272,-39.37082],[-71.14043,-39.37099],[-71.13925,-39.37221],[-71.13948,-39.37384],[-71.14108,-39.37514],[-71.14065,-39.37625],[-71.13838,-39.37642],[-71.13559,-39.37731],[-71.13378,-39.37697],[-71.13268,-39.37723],[-71.13409,-39.21287],[-71.13543,-39.21296],[-71.13644,-39.21255],[-71.13904,-39.21406],[-71.14111,-39.21639],[-71.1442,-39.21833],[-71.14665,-39.21793],[-71.15046,-39.21869],[-71.15152,-39.21916],[-71.15143,-39.22025],[-71.15332,-39.22014],[-71.15424,-39.21883],[-71.15606,-39.21831],[-71.15935,-39.21886],[-71.16275,-39.21889],[-71.16432,-39.22134],[-71.16729,-39.22406],[-71.16907,-39.22489],[-71.17084,-39.22426],[-71.17199,-39.22322],[-71.17229,-39.22191],[-71.17357,-39.2209],[-71.17455,-39.22043],[-71.17549,-39.22073],[-71.18084,-39.22477],[-71.18211,-39.22526],[-71.18435,-39.22757],[-71.1855,-39.22952],[-71.18721,-39.23055],[-71.1895,-39.23286],[-71.19357,-39.23535],[-71.19988,-39.2379],[-71.20096,-39.23912],[-71.21,-39.24222],[-71.2123,-39.24412],[-71.21306,-39.13881],[-71.2157,-39.1382],[-71.21726,-39.13951],[-71.22197,-39.14138],[-71.22275,-39.14192],[-71.22331,-39.14446],[-71.22371,-39.14461],[-71.22539,-39.14401],[-71.22666,-39.14502],[-71.22784,-39.14518],[-71.22942,-39.14427],[-71.23199,-39.14398],[-71.23267,-39.14429],[-71.23364,-39.14598],[-71.23433,-39.14614],[-71.23502,-39.14584],[-71.23502,-39.14538],[-71.23436,-39.1433],[-71.23574,-39.14308],[-71.24061,-39.14733],[-71.24199,-39.14773],[-71.24345,-39.14881],[-71.24413,-39.14973],[-71.24561,-39.14967],[-71.24849,-39.14777],[-71.25026,-39.14832],[-71.25262,-39.14772],[-71.25381,-39.1478],[-71.25598,-39.14713],[-71.25707,-39.14598],[-71.25766,-39.14645],[-71.25815,-39.1463],[-71.25875,-39.14546],[-71.26024,-39.14478],[-71.26161,-39.14524],[-71.2623,-39.1451],[-71.2633,-39.1441],[-71.26647,-39.14244],[-71.26647,-39.14198],[-71.26756,-39.14175],[-71.26895,-39.14077],[-71.26875,-39.14031],[-71.27086,-39.13618],[-71.27165,-39.13626],[-71.27235,-39.13573],[-71.27412,-39.13543],[-71.2747,-39.13605],[-71.27786,-39.13553],[-71.27914,-39.13577],[-71.28102,-39.13448],[-71.28279,-39.13456],[-71.28428,-39.1335],[-71.28951,-39.13284],[-71.28991,-39.132],[-71.2908,-39.13178],[-71.29149,-39.13178],[-71.29276,-39.13279],[-71.29482,-39.1331],[-71.29601,-39.13219],[-71.29562,-39.13188],[-71.29612,-39.13158],[-71.29592,-39.13096],[-71.29682,-39.13051],[-71.29732,-39.12959],[-71.30394,-39.1271],[-71.30444,-39.12634],[-71.30652,-39.12505],[-71.31097,-39.12308],[-71.31275,-39.1214],[-71.31364,-39.12095],[-71.31542,-39.12103],[-71.31591,-39.1205],[-71.31808,-39.12059],[-71.32101,-39.12306],[-71.32236,-39.12575],[-71.32155,-39.12767],[-71.32273,-39.12836],[-71.32335,-39.13009],[-71.32412,-39.1299],[-71.32437,-39.12882],[-71.32602,-39.12879],[-71.32604,-39.12797],[-71.3268,-39.12846],[-71.326,-39.12938],[-71.32728,-39.12955],[-71.32757,-39.12998],[-71.32637,-39.13072],[-71.32753,-39.13123],[-71.32858,-39.13111],[-71.3287,-39.13192],[-71.3282,-39.1323],[-71.32867,-39.13261],[-71.32993,-39.13251],[-71.33049,-39.13187],[-71.33036,-39.1311],[-71.33085,-39.13105],[-71.33134,-39.13178],[-71.33249,-39.13177],[-71.33539,-39.13077],[-71.33636,-39.13117],[-71.33641,-39.13157],[-71.33749,-39.13152],[-71.338,-39.13215],[-71.33879,-39.13136],[-71.33776,-39.1308],[-71.33778,-39.13037],[-71.33902,-39.13035],[-71.33922,-39.13087],[-71.33974,-39.13087],[-71.34142,-39.12931],[-71.34318,-39.12936],[-71.34307,-39.12875],[-71.34178,-39.12873],[-71.34221,-39.12795],[-71.34418,-39.12769],[-71.34342,-39.12773],[-71.34291,-39.12704],[-71.34511,-39.12666],[-71.34725,-39.12735],[-71.34924,-39.12575],[-71.3507,-39.12565],[-71.35154,-39.1241],[-71.35274,-39.1231],[-71.35516,-39.1222],[-71.35535,-39.12089],[-71.35726,-39.11942],[-71.35589,-39.11796],[-71.35408,-39.11802],[-71.35437,-39.11712],[-71.35356,-39.11618],[-71.35418,-39.11569],[-71.35565,-39.11651],[-71.35497,-39.11557],[-71.35662,-39.1149],[-71.35513,-39.1148],[-71.35599,-39.11265],[-71.35827,-39.11192],[-71.35992,-39.11195]]]},"properties":{"fid":2,"Name":"PN Lanín","region":"DIRECCIÓN REGIONAL PATAGONIA NORTE","attributes":{"categoryId":"Environnement","subCategoryId":"PARC","tags":["NATURE"],"gallery":["https://images.pexels.com/photos/2403205/pexels-photo-2403205.jpeg?auto=compress&cs=tinysrgb&w=800","https://images.pexels.com/photos/933054/pexels-photo-933054.jpeg?auto=compress&cs=tinysrgb&w=800","https://images.pexels.com/photos/572897/pexels-photo-572897.jpeg?auto=compress&cs=tinysrgb&w=800"],"informations":["Année de création : n.c.","Superficie : n.c."],"highlights":["Paysages remarquables","Biodiversité et observation de la faune","Randonnée et points de vue"],"external_links":["Site officiel : https://www.argentina.gob.ar/parquesnacionales","Wikipedia : https://es.wikipedia.org/wiki/Special:Search?search=PN%20Lan%C3%ADn"],"photo":"https://images.pexels.com/photos/2403205/pexels-photo-2403205.jpeg?auto=compress&cs=tinysrgb&w=800","short_desc":"PN Lanín est une aire protégée nationale en Argentine.","link_official":"https://www.argentina.gob.ar/parquesnacionales","link_wikipedia":"https://es.wikipedia.org/wiki/Special:Search?search=PN%20Lan%C3%ADn"},"categoryId":"Environnement","subCategoryId":"PARC","tags":["NATURE"],"gallery":["https://images.pexels.com/photos/2403205/pexels-photo-2403205.jpeg?auto=compress&cs=tinysrgb&w=800","https://images.pexels.com/photos/933054/pexels-photo-933054.jpeg?auto=compress&cs=tinysrgb&w=800","https://images.pexels.com/photos/572897/pexels-photo-572897.jpeg?auto=compress&cs=tinysrgb&w=800"],"informations":["Année de création : n.c.","Superficie : n.c."],"highlights":["Paysages remarquables","Biodiversité et observation de la faune","Randonnée et points de vue"],"external_links":["Site officiel : https://www.argentina.gob.ar/parquesnacionales","Wikipedia : https://es.wikipedia.org/wiki/Special:Search?search=PN%20Lan%C3%ADn"],"photo":"https://images.pexels.com/photos/2403205/pexels-photo-2403205.jpeg?auto=compress&cs=tinysrgb&w=800","short_desc":"PN Lanín est une aire protégée nationale en Argentine.","link_official":"https://www.argentina.gob.ar/parquesnacionales","link_wikipedia":"https://es.wikipedia.org/wiki/Special:Search?search=PN%20Lan%C3%ADn"}},{"type":"Feature","geometry":{"type":"Polygon","coordinates":[[[-71.73871,-42.08309],[-71.74168,-42.08301],[-71.74162,-42.08381],[-71.74086,-42.08477],[-71.7397,-42.08494],[-71.73844,-42.08583],[-71.73728,-42.08815],[-71.73365,-42.09138],[-71.73316,-42.0929],[-71.73002,-42.09641],[-71.72965,-42.09878],[-71.72766,-42.10047],[-71.72719,-42.10157],[-71.72725,-42.10294],[-71.72832,-42.10461],[-71.72849,-42.10674],[-71.72642,-42.1091],[-71.72612,-42.11024],[-71.72709,-42.1125],[-71.72872,-42.11453],[-71.72828,-42.11669],[-71.73039,-42.1196],[-71.73098,-42.12229],[-71.73282,-42.12383],[-71.74078,-42.12573],[-71.74528,-42.12756],[-71.74694,-42.12872],[-71.74751,-42.13046],[-71.74911,-42.12916],[-71.75114,-42.12886],[-71.7531,-42.12969],[-71.75471,-42.12984],[-71.7578,-42.12836],[-71.76029,-42.12916],[-71.7631,-42.12949],[-71.76643,-42.12899],[-71.77316,-42.12892],[-71.77482,-42.12983],[-71.77725,-42.13023],[-71.77726,-42.13076],[-71.77579,-42.13136],[-71.77542,-42.13195],[-71.77569,-42.13372],[-71.77456,-42.13642],[-71.77532,-42.13812],[-71.77779,-42.13915],[-71.77766,-42.13978],[-71.77643,-42.14055],[-71.77632,-42.14281],[-71.77692,-42.14368],[-71.77975,-42.14541],[-71.78039,-42.14608],[-71.78059,-42.14755],[-71.78143,-42.1479],[-71.7876,-42.26021],[-71.60607,-42.26557],[-71.59686,-42.09065],[-71.60003,-42.09056],[-71.60812,-42.08926],[-71.61498,-42.08679],[-71.73871,-42.08309]]]},"properties":{"fid":3,"Name":"PN Lago Puelo","region":"DIRECCIÓN REGIONAL PATAGONIA NORTE","attributes":{"categoryId":"Environnement","subCategoryId":"PARC","tags":["NATURE"],"gallery":["https://commons.wikimedia.org/wiki/Special:FilePath/Puelo Lake.jpg?width=800"],"informations":["Superficie : 27674 hectares","ID : Q828353"],"highlights":["Paysages remarquables","Biodiversité et observation de la faune","Randonnée et points de vue"],"external_links":["Site officiel : https://www.argentina.gob.ar/parquesnacionales","Wikipedia : https://es.wikipedia.org/wiki/Special:Search?search=PN%20Lago%20Puelo"],"photo":"https://images.pexels.com/photos/2403205/pexels-photo-2403205.jpeg?auto=compress&cs=tinysrgb&w=800","short_desc":"PN Lago Puelo est une aire protégée nationale en Argentine.","link_official":"https://www.argentina.gob.ar/parquesnacionales","link_wikipedia":"https://es.wikipedia.org/wiki/Special:Search?search=PN%20Lago%20Puelo"},"categoryId":"Environnement","subCategoryId":"PARC","tags":["NATURE"],"gallery":["https://images.pexels.com/photos/2403205/pexels-photo-2403205.jpeg?auto=compress&cs=tinysrgb&w=800","https://images.pexels.com/photos/933054/pexels-photo-933054.jpeg?auto=compress&cs=tinysrgb&w=800","https://images.pexels.com/photos/572897/pexels-photo-572897.jpeg?auto=compress&cs=tinysrgb&w=800"],"informations":["Année de création : n.c.","Superficie : n.c."],"highlights":["Paysages remarquables","Biodiversité et observation de la faune","Randonnée et points de vue"],"external_links":["Site officiel : https://www.argentina.gob.ar/parquesnacionales","Wikipedia : https://es.wikipedia.org/wiki/Special:Search?search=PN%20Lago%20Puelo"],"photo":"https://images.pexels.com/photos/2403205/pexels-photo-2403205.jpeg?auto=compress&cs=tinysrgb&w=800","short_desc":"Résumé non disponible.","link_official":"https://www.argentina.gob.ar/parquesnacionales","link_wikipedia":"https://fr.wikipedia.org/wiki/Q828353"}},{"type":"Feature","geometry":{"type":"Polygon","coordinates":[[[-71.63519,-42.56531],[-71.6361,-42.56492],[-71.63448,-42.56349],[-71.63486,-42.56278],[-71.63786,-42.56098],[-71.64031,-42.56042],[-71.64108,-42.55981],[-71.64148,-42.55829],[-71.64249,-42.55779],[-71.64648,-42.5572],[-71.64854,-42.55859],[-71.65007,-42.56048],[-71.6504,-42.56173],[-71.6592,-42.5716],[-71.65967,-42.57334],[-71.66249,-42.57616],[-71.66311,-42.57794],[-71.66477,-42.57931],[-72.05424,-42.56727],[-72.05679,-42.57031],[-72.06208,-42.57228],[-72.06448,-42.57265],[-72.06541,-42.57245],[-72.06812,-42.56992],[-72.06901,-42.56838],[-72.07284,-42.56628],[-72.07496,-42.56621],[-72.07914,-42.56981],[-72.08024,-42.57241],[-72.0873,-42.57917],[-72.08857,-42.58004],[-72.0905,-42.58064],[-72.09236,-42.58204],[-72.09296,-42.58327],[-72.09286,-42.58517],[-72.09592,-42.58734],[-72.09703,-42.589],[-72.09609,-42.591],[-72.09619,-42.59237],[-72.10052,-42.59523],[-72.10352,-42.60029],[-72.10545,-42.60135],[-72.1098,-42.60185],[-72.11237,-42.60255],[-72.11708,-42.60216],[-72.11851,-42.60296],[-72.11858,-42.60356],[-72.11618,-42.60573],[-72.11412,-42.60909],[-72.11395,-42.61105],[-72.11452,-42.61319],[-72.11305,-42.61638],[-72.11435,-42.61895],[-72.11545,-42.62548],[-72.11688,-42.62671],[-72.11761,-42.62921],[-72.11369,-42.6309],[-72.10659,-42.62991],[-72.10406,-42.63008],[-72.10312,-42.63061],[-72.09989,-42.63464],[-72.09939,-42.63802],[-72.09789,-42.63802],[-72.09719,-42.63864],[-72.09722,-42.64019],[-72.09589,-42.64144],[-72.09603,-42.64204],[-72.09953,-42.64343],[-72.10049,-42.64437],[-72.10162,-42.64696],[-72.10321,-42.64797],[-72.1059,-42.6482],[-72.10785,-42.64933],[-72.10935,-42.65149],[-72.10899,-42.65273],[-72.10959,-42.65406],[-72.11192,-42.65523],[-72.11355,-42.65786],[-72.11571,-42.65872],[-72.1186,-42.66112],[-72.11941,-42.66372],[-72.12184,-42.66701],[-72.12264,-42.67245],[-72.12331,-42.67282],[-72.12533,-42.6726],[-72.12744,-42.67181],[-72.12943,-42.67164],[-72.13133,-42.67201],[-72.1341,-42.67437],[-72.13522,-42.67634],[-72.1353,-42.6793],[-72.1359,-42.68014],[-72.13937,-42.67994],[-72.1436,-42.68128],[-72.14912,-42.68137],[-72.15274,-42.67964],[-72.15532,-42.67764],[-72.16038,-42.67784],[-72.16405,-42.67694],[-72.16599,-42.67567],[-72.16641,-42.67447],[-72.16964,-42.67201],[-72.17224,-42.67164],[-72.17324,-42.67261],[-72.17377,-42.67414],[-72.17435,-42.68266],[-72.1787,-42.6892],[-72.17874,-42.69026],[-72.17691,-42.69189],[-72.17681,-42.69293],[-72.177,-42.69386],[-72.17974,-42.69566],[-72.17974,-42.69719],[-72.17691,-42.69812],[-72.17494,-42.69932],[-72.17324,-42.70162],[-72.17074,-42.70159],[-72.16728,-42.70442],[-72.16588,-42.70415],[-72.16375,-42.70459],[-72.16002,-42.70442],[-72.15472,-42.70602],[-72.15349,-42.70599],[-72.15135,-42.70745],[-72.15149,-42.70915],[-72.15109,-42.70928],[-72.14459,-42.70945],[-72.14306,-42.71022],[-72.13953,-42.71065],[-72.13821,-42.71116],[-72.13766,-42.71195],[-72.13776,-42.71281],[-72.1383,-42.71495],[-72.13956,-42.71662],[-72.13963,-42.71791],[-72.13855,-42.72256],[-72.13552,-42.727],[-72.13207,-42.72928],[-72.12962,-42.72971],[-72.12842,-42.73105],[-72.1287,-42.7318],[-72.13471,-42.73484],[-72.13479,-42.73612],[-72.13546,-42.7369],[-72.13803,-42.73807],[-72.14059,-42.73807],[-72.14363,-42.73996],[-72.14599,-42.74053],[-72.14716,-42.74156],[-72.14483,-42.74539],[-72.14469,-42.74706],[-72.14542,-42.74869],[-72.14503,-42.74956],[-72.14196,-42.75122],[-72.13913,-42.75156],[-72.1382,-42.75216],[-72.1369,-42.75332],[-72.1361,-42.75549],[-72.13424,-42.75649],[-72.13407,-42.75842],[-72.1355,-42.76052],[-72.13413,-42.76362],[-72.1346,-42.76681],[-72.1335,-42.76865],[-72.1333,-42.77108],[-72.1338,-42.77375],[-72.13133,-42.77713],[-72.13873,-42.78151],[-72.14072,-42.78192],[-72.14066,-42.78407],[-72.13863,-42.78751],[-72.13872,-42.78944],[-72.14076,-42.79326],[-72.1427,-42.79528],[-72.14596,-42.79663],[-72.14826,-42.79839],[-72.14937,-42.79869],[-72.15865,-42.79779],[-72.16053,-42.79727],[-72.16328,-42.79816],[-72.16445,-42.79802],[-72.16502,-42.79831],[-72.16502,-42.79891],[-72.16471,-42.80033],[-72.16218,-42.80439],[-72.16225,-42.80689],[-72.16161,-42.80885],[-72.16038,-42.81032],[-72.15865,-42.81127],[-72.15592,-42.81485],[-72.15598,-42.81898],[-72.15655,-42.82021],[-72.15948,-42.82295],[-72.15885,-42.82431],[-72.15928,-42.82654],[-72.15753,-42.82799],[-72.15793,-42.82786],[-72.15187,-42.8304],[-72.15081,-42.83156],[-72.1499,-42.84154],[-72.14848,-42.84245],[-72.14898,-42.84416],[-72.14814,-42.84659],[-72.14788,-42.85002],[-72.14598,-42.85165],[-72.14249,-42.85166],[-72.13415,-42.85272],[-72.13452,-42.85478],[-72.13355,-42.85775],[-72.13462,-42.85918],[-72.13488,-42.86747],[-72.12999,-42.87121],[-72.12899,-42.87144],[-72.12788,-42.87242],[-72.12329,-42.8741],[-72.12153,-42.87555],[-72.12053,-42.87664],[-72.12056,-42.8785],[-72.11899,-42.87993],[-72.11829,-42.8817],[-72.11883,-42.88293],[-72.12722,-42.88433],[-72.12919,-42.88416],[-72.1316,-42.8849],[-72.13548,-42.8886],[-72.13598,-42.88966],[-72.13592,-42.89203],[-72.13735,-42.89219],[-72.13989,-42.89439],[-72.14179,-42.8954],[-72.14271,-42.89822],[-72.14185,-42.90115],[-72.13792,-42.90245],[-72.13449,-42.90607],[-72.13209,-42.90755],[-72.13173,-42.90925],[-72.1325,-42.91065],[-72.13191,-42.91175],[-72.12986,-42.9134],[-72.1276,-42.91416],[-72.12677,-42.9151],[-72.12395,-42.91619],[-72.12091,-42.91804],[-72.11844,-42.91991],[-72.11756,-42.92171],[-72.11413,-42.92261],[-72.11429,-42.92396],[-72.1171,-42.92792],[-72.11776,-42.93097],[-72.11896,-42.93238],[-72.11867,-42.93357],[-72.11716,-42.93491],[-72.11669,-42.93595],[-72.11386,-42.93732],[-72.10945,-42.93812],[-72.10538,-42.93743],[-72.10488,-42.93823],[-72.10477,-42.94128],[-72.10372,-42.94216],[-72.10129,-42.94236],[-72.10015,-42.94145],[-72.09765,-42.94157],[-72.09433,-42.94561],[-72.09342,-42.94972],[-72.09067,-42.952],[-72.08683,-42.95278],[-72.08476,-42.95102],[-72.08353,-42.94799],[-72.08222,-42.94838],[-72.08043,-42.94802],[-72.07556,-42.94826],[-72.0732,-42.94961],[-72.07098,-42.95595],[-72.06824,-42.95772],[-72.06569,-42.95803],[-72.06538,-42.9586],[-72.06598,-42.96027],[-72.06391,-42.96362],[-72.06322,-42.96602],[-72.06186,-42.96769],[-72.06035,-42.9685],[-72.06048,-42.9723],[-72.05625,-42.97464],[-72.0561,-42.97549],[-72.05771,-42.9778],[-72.05858,-42.98029],[-72.05717,-42.98294],[-72.05641,-42.98356],[-72.05208,-42.9839],[-72.05049,-42.98461],[-72.04798,-42.98618],[-72.04633,-42.98842],[-72.04161,-42.98948],[-72.03815,-42.99256],[-72.03722,-42.99482],[-72.03823,-42.99746],[-72.03783,-42.99869],[-72.03906,-43.00022],[-72.04033,-43.00306],[-72.03726,-43.00999],[-72.03723,-43.01169],[-72.03653,-43.01302],[-72.03383,-43.01459],[-72.02951,-43.01413],[-72.02524,-43.01511],[-72.02191,-43.01709],[-72.02001,-43.01759],[-72.01768,-43.02128],[-72.01761,-43.02285],[-72.01545,-43.02522],[-72.01525,-43.02625],[-72.01301,-43.02961],[-72.01181,-43.03061],[-72.00699,-43.03275],[-72.00262,-43.03741],[-71.99912,-43.03854],[-71.99746,-43.03854],[-71.99454,-43.03653],[-71.99143,-43.03504],[-71.9833,-43.03508],[-71.98046,-43.03615],[-71.9801,-43.03671],[-71.98066,-43.038],[-71.97913,-43.04197],[-71.97933,-43.04424],[-71.97787,-43.0457],[-71.97479,-43.04503],[-71.9731,-43.04577],[-71.97234,-43.04557],[-71.96968,-43.04349],[-71.96872,-43.04213],[-71.96561,-43.03995],[-71.96284,-43.04004],[-71.96141,-43.03965],[-71.9584,-43.0403],[-71.95578,-43.04141],[-71.95383,-43.04172],[-71.95318,-43.04348],[-71.95198,-43.04441],[-71.9505,-43.04394],[-71.94842,-43.04436],[-71.94413,-43.04599],[-71.942,-43.04813],[-71.9413,-43.04984],[-71.93877,-43.05271],[-71.93631,-43.05277],[-71.93483,-43.05624],[-71.93418,-43.06294],[-71.9349,-43.06535],[-71.93667,-43.0676],[-71.93745,-43.07131],[-71.93479,-43.07558],[-71.93477,-43.0778],[-71.93387,-43.08049],[-71.93724,-43.08385],[-71.93893,-43.08609],[-71.93905,-43.08711],[-71.94067,-43.08872],[-71.9409,-43.09132],[-71.9433,-43.09242],[-71.94301,-43.09276],[-71.93878,-43.09341],[-71.93816,-43.09375],[-71.93751,-43.09518],[-71.93433,-43.09714],[-71.93336,-43.09842],[-71.9329,-43.10213],[-71.92913,-43.10188],[-71.92634,-43.1008],[-71.9222,-43.10082],[-71.91939,-43.10158],[-71.91642,-43.10186],[-71.91411,-43.10266],[-71.90956,-43.10274],[-71.9053,-43.10438],[-71.90269,-43.10432],[-71.89268,-43.10702],[-71.89083,-43.11072],[-71.89021,-43.11547],[-71.88861,-43.11894],[-71.88882,-43.12398],[-71.88808,-43.12577],[-71.88637,-43.12703],[-71.88336,-43.12653],[-71.88167,-43.12669],[-71.87865,-43.12832],[-71.87738,-43.12853],[-71.87651,-43.12815],[-71.87369,-43.12905],[-71.86985,-43.12907],[-71.86544,-43.12804],[-71.86384,-43.12816],[-71.8615,-43.1294],[-71.86022,-43.12953],[-71.85649,-43.12909],[-71.85429,-43.12729],[-71.85278,-43.12728],[-71.85398,-43.13075],[-71.85377,-43.13449],[-71.85826,-43.13729],[-71.85915,-43.13878],[-71.86071,-43.13991],[-71.85734,-43.14258],[-71.85664,-43.14278],[-71.85451,-43.14223],[-71.85121,-43.14249],[-71.8463,-43.14182],[-71.84227,-43.14346],[-71.84145,-43.14423],[-71.84025,-43.14296],[-71.83526,-43.14316],[-71.83444,-43.145],[-71.83254,-43.14688],[-71.82991,-43.14641],[-71.82711,-43.14912],[-71.8237,-43.15038],[-71.82311,-43.15101],[-71.82152,-43.15043],[-71.82145,-43.14896],[-71.81888,-43.14721],[-71.81782,-43.14591],[-71.81667,-43.14521],[-71.81508,-43.14568],[-71.81025,-43.14797],[-71.80903,-43.14892],[-71.80641,-43.15107],[-71.80479,-43.1538],[-71.80162,-43.15417],[-71.8009,-43.15596],[-71.79946,-43.15695],[-71.79795,-43.15751],[-71.7934,-43.15729],[-71.78898,-43.15991],[-71.78629,-43.164],[-71.78529,-43.16752],[-71.78371,-43.16878],[-71.78214,-43.1677],[-71.78114,-43.1663],[-71.77725,-43.16518],[-71.77513,-43.16527],[-71.7734,-43.1674],[-71.77205,-43.16805],[-71.77083,-43.16792],[-71.76845,-43.1662],[-71.76446,-43.16485],[-71.76053,-43.16462],[-71.75971,-43.16556],[-71.75869,-43.16891],[-71.75425,-43.17669],[-71.75006,-43.17482],[-71.74551,-43.17043],[-71.7415,-43.16903],[-71.73678,-43.16623],[-71.73395,-43.16373],[-71.72931,-43.16245],[-71.71233,-43.1651],[-71.70955,-43.16592],[-71.70568,-43.16799],[-71.70355,-43.16811],[-71.70065,-43.16668],[-71.69768,-43.16704],[-71.69098,-43.17167],[-71.6901,-43.17289],[-71.68935,-43.17547],[-71.68838,-43.17594],[-71.68695,-43.17588],[-71.68589,-43.17436],[-71.68613,-43.17336],[-71.69028,-43.16998],[-71.69086,-43.16886],[-71.69027,-43.16646],[-71.68844,-43.16501],[-71.68577,-43.16469],[-71.68306,-43.16541],[-71.68282,-43.16776],[-71.68421,-43.16935],[-71.68317,-43.17035],[-71.68309,-43.17201],[-71.68222,-43.17323],[-71.67978,-43.17418],[-71.67831,-43.17444],[-71.67701,-43.17383],[-71.67133,-43.17366],[-71.6709,-43.17308],[-71.66807,-43.17197],[-71.66588,-43.16932],[-71.66411,-43.16949],[-71.66254,-43.17031],[-71.66045,-43.17248],[-71.66065,-43.17329],[-71.65947,-43.17563],[-71.66096,-43.17745],[-71.66069,-43.17786],[-71.65794,-43.18013],[-71.6565,-43.18054],[-71.65527,-43.18009],[-71.65308,-43.17784],[-71.65295,-43.1761],[-71.6511,-43.17331],[-71.6498,-43.17226],[-71.65025,-43.16981],[-71.64929,-43.16854],[-71.64679,-43.16719],[-71.64312,-43.16688],[-71.64102,-43.16631],[-71.64012,-43.16631],[-71.63871,-43.16851],[-71.63619,-43.17072],[-71.63484,-43.17336],[-71.63498,-43.17754],[-71.63304,-43.17866],[-71.63007,-43.17733],[-71.62968,-43.17647],[-71.62748,-43.17526],[-71.62009,-43.17238],[-71.61598,-43.17195],[-71.60775,-43.17306],[-71.60602,-43.17341],[-71.60521,-43.1748],[-71.60384,-43.17482],[-71.60148,-43.17288],[-71.60002,-43.17234],[-71.59798,-43.17204],[-71.59244,-43.1726],[-71.59061,-43.17086],[-71.59116,-43.16901],[-71.58996,-43.16839],[-71.58851,-43.16636],[-71.58767,-43.16628],[-71.58389,-43.16791],[-71.58024,-43.16862],[-71.57842,-43.16674],[-71.57827,-43.16024],[-71.57721,-43.1584],[-71.57432,-43.15673],[-71.5724,-43.15418],[-71.56659,-43.14987],[-71.56633,-43.14914],[-71.56667,-43.1477],[-71.56784,-43.14671],[-71.56994,-43.14545],[-71.57211,-43.14546],[-71.57305,-43.14467],[-71.57204,-43.14414],[-71.57263,-43.14255],[-71.57604,-43.14045],[-71.58044,-43.14052],[-71.58159,-43.13989],[-71.58211,-43.13857],[-71.58334,-43.13773],[-71.58809,-43.13907],[-71.58889,-43.13865],[-71.59119,-43.13998],[-71.57932,-42.91136],[-71.56672,-42.67224],[-71.62719,-42.6705],[-71.62239,-42.58055],[-71.63241,-42.58025],[-71.63241,-42.57971],[-71.64273,-42.57951],[-71.64079,-42.57691],[-71.63787,-42.57481],[-71.63674,-42.57064],[-71.63472,-42.57113],[-71.63291,-42.56832],[-71.63297,-42.56676],[-71.63374,-42.56637],[-71.6346,-42.56648],[-71.63519,-42.56531]]]},"properties":{"fid":4,"Name":"PN Los Alerces","region":"DIRECCIÓN REGIONAL PATAGONIA NORTE","attributes":{"categoryId":"Environnement","subCategoryId":"PARC","tags":["NATURE"],"gallery":["https://images.pexels.com/photos/2403205/pexels-photo-2403205.jpeg?auto=compress&cs=tinysrgb&w=800","https://images.pexels.com/photos/933054/pexels-photo-933054.jpeg?auto=compress&cs=tinysrgb&w=800","https://images.pexels.com/photos/572897/pexels-photo-572897.jpeg?auto=compress&cs=tinysrgb&w=800"],"informations":["Année de création : n.c.","Superficie : n.c."],"highlights":["Paysages remarquables","Biodiversité et observation de la faune","Randonnée et points de vue"],"external_links":["Site officiel : https://www.argentina.gob.ar/parquesnacionales","Wikipedia : https://es.wikipedia.org/wiki/Special:Search?search=PN%20Los%20Alerces"],"photo":"https://images.pexels.com/photos/2403205/pexels-photo-2403205.jpeg?auto=compress&cs=tinysrgb&w=800","short_desc":"PN Los Alerces est une aire protégée nationale en Argentine.","link_official":"https://www.argentina.gob.ar/parquesnacionales","link_wikipedia":"https://es.wikipedia.org/wiki/Special:Search?search=PN%20Los%20Alerces"},"categoryId":"Environnement","subCategoryId":"PARC","tags":["NATURE"],"gallery":["https://images.pexels.com/photos/2403205/pexels-photo-2403205.jpeg?auto=compress&cs=tinysrgb&w=800","https://images.pexels.com/photos/933054/pexels-photo-933054.jpeg?auto=compress&cs=tinysrgb&w=800","https://images.pexels.com/photos/572897/pexels-photo-572897.jpeg?auto=compress&cs=tinysrgb&w=800"],"informations":["Année de création : n.c.","Superficie : n.c."],"highlights":["Paysages remarquables","Biodiversité et observation de la faune","Randonnée et points de vue"],"external_links":["Site officiel : https://www.argentina.gob.ar/parquesnacionales","Wikipedia : https://es.wikipedia.org/wiki/Special:Search?search=PN%20Los%20Alerces"],"photo":"https://images.pexels.com/photos/2403205/pexels-photo-2403205.jpeg?auto=compress&cs=tinysrgb&w=800","short_desc":"PN Los Alerces est une aire protégée nationale en Argentine.","link_official":"https://www.argentina.gob.ar/parquesnacionales","link_wikipedia":"https://es.wikipedia.org/wiki/Special:Search?search=PN%20Los%20Alerces"}},{"type":"Feature","geometry":{"type":"Polygon","coordinates":[[[-71.66074,-40.78318],[-71.66099,-40.78351],[-71.66121,-40.78381],[-71.6613,-40.7838],[-71.66154,-40.78378],[-71.66167,-40.78377],[-71.66186,-40.78368],[-71.66223,-40.78349],[-71.66309,-40.78354],[-71.663,-40.78476],[-71.66292,-40.78561],[-71.6634,-40.78635],[-71.66285,-40.78741],[-71.66204,-40.78851],[-71.6609,-40.7891],[-71.66019,-40.78907],[-71.65876,-40.79076],[-71.65731,-40.79229],[-71.65656,-40.79401],[-71.65674,-40.7945],[-71.65648,-40.79598],[-71.65534,-40.79758],[-71.65515,-40.79835],[-71.65632,-40.79992],[-71.65589,-40.80146],[-71.65482,-40.80276],[-71.65529,-40.80535],[-71.65456,-40.80796],[-71.65346,-40.80972],[-71.65344,-40.81107],[-71.65273,-40.81235],[-71.65199,-40.81388],[-71.65137,-40.8149],[-71.65113,-40.81613],[-71.64969,-40.81866],[-71.64869,-40.82019],[-71.64809,-40.82247],[-71.6455,-40.82573],[-71.64434,-40.82891],[-71.64317,-40.83098],[-71.64289,-40.83213],[-71.64248,-40.83328],[-71.64232,-40.83418],[-71.64239,-40.83503],[-71.64196,-40.83681],[-71.6408,-40.83916],[-71.64046,-40.84026],[-71.63975,-40.84138],[-71.63923,-40.84199],[-71.6388,-40.84285],[-71.63756,-40.84396],[-71.63633,-40.84519],[-71.63497,-40.8456],[-71.63469,-40.84618],[-71.63421,-40.84756],[-71.63367,-40.84839],[-71.6329,-40.84932],[-71.63229,-40.85029],[-71.6321,-40.85108],[-71.63248,-40.8518],[-71.6321,-40.85367],[-71.63112,-40.85499],[-71.63027,-40.85606],[-71.62867,-40.85694],[-71.62806,-40.85669],[-71.62791,-40.85651],[-71.62739,-40.85651],[-71.62692,-40.85655],[-71.62649,-40.85659],[-71.62606,-40.85709],[-71.62582,-40.8577],[-71.62606,-40.85871],[-71.62577,-40.85959],[-71.62492,-40.86072],[-71.62373,-40.86151],[-71.62297,-40.86223],[-71.62154,-40.86313],[-71.6214,-40.86363],[-71.62116,-40.86399],[-71.6205,-40.86435],[-71.61993,-40.86489],[-71.61959,-40.86503],[-71.61936,-40.86521],[-71.61845,-40.8664],[-71.61741,-40.86662],[-71.61689,-40.86629],[-71.61722,-40.86539],[-71.61788,-40.86521],[-71.61836,-40.86482],[-71.61803,-40.86439],[-71.6176,-40.86403],[-71.6156,-40.86374],[-71.61518,-40.8635],[-71.61489,-40.86334],[-71.61513,-40.86306],[-71.61498,-40.8627],[-71.61484,-40.86209],[-71.61478,-40.86201],[-71.6146,-40.8618],[-71.61408,-40.86122],[-71.61465,-40.86014],[-71.61437,-40.85989],[-71.61479,-40.85939],[-71.6147,-40.85899],[-71.61472,-40.85866],[-71.61475,-40.8582],[-71.61448,-40.85784],[-71.61405,-40.85825],[-71.61394,-40.85835],[-71.61351,-40.85813],[-71.61367,-40.85798],[-71.61406,-40.85761],[-71.61344,-40.85738],[-71.61314,-40.85755],[-71.61299,-40.85763],[-71.61265,-40.85756],[-71.61279,-40.85726],[-71.61289,-40.85705],[-71.61265,-40.85662],[-71.61189,-40.85619],[-71.61123,-40.85572],[-71.61061,-40.85522],[-71.60828,-40.85468],[-71.60733,-40.85396],[-71.60733,-40.85342],[-71.60595,-40.85303],[-71.60557,-40.8531],[-71.60547,-40.85332],[-71.60486,-40.85371],[-71.6041,-40.85357],[-71.60381,-40.85292],[-71.60339,-40.85339],[-71.603,-40.85321],[-71.60262,-40.85234],[-71.60267,-40.85152],[-71.60262,-40.85022],[-71.60296,-40.84929],[-71.60386,-40.849],[-71.60448,-40.8485],[-71.60495,-40.84788],[-71.60567,-40.84752],[-71.60574,-40.84744],[-71.60605,-40.84709],[-71.60596,-40.84671],[-71.60586,-40.8463],[-71.60543,-40.84537],[-71.60448,-40.84429],[-71.60418,-40.8441],[-71.60305,-40.84339],[-71.60139,-40.8426],[-71.60058,-40.84235],[-71.60044,-40.84155],[-71.59996,-40.84134],[-71.59892,-40.8412],[-71.59744,-40.84112],[-71.59677,-40.8414],[-71.59587,-40.84177],[-71.59516,-40.84181],[-71.59511,-40.84141],[-71.59602,-40.8408],[-71.5973,-40.83994],[-71.59825,-40.83951],[-71.60058,-40.83915],[-71.60129,-40.83774],[-71.60234,-40.83753],[-71.60319,-40.83738],[-71.60362,-40.83702],[-71.60377,-40.83645],[-71.60322,-40.83578],[-71.60296,-40.83497],[-71.60319,-40.8344],[-71.60334,-40.83371],[-71.60419,-40.83296],[-71.60533,-40.83163],[-71.60705,-40.82987],[-71.60785,-40.82911],[-71.60904,-40.82839],[-71.61071,-40.82656],[-71.61132,-40.82523],[-71.61218,-40.82429],[-71.61342,-40.82296],[-71.61536,-40.81958],[-71.61641,-40.81882],[-71.61779,-40.81764],[-71.61926,-40.81677],[-71.61967,-40.81652],[-71.62038,-40.81657],[-71.62064,-40.81632],[-71.62026,-40.81555],[-71.62078,-40.81506],[-71.62126,-40.81443],[-71.62235,-40.81364],[-71.62383,-40.81264],[-71.62463,-40.81195],[-71.62587,-40.81134],[-71.62649,-40.81102],[-71.62668,-40.81051],[-71.62763,-40.80986],[-71.62825,-40.80961],[-71.62967,-40.80835],[-71.63053,-40.80796],[-71.63276,-40.8072],[-71.63354,-40.80702],[-71.63433,-40.80684],[-71.63519,-40.80659],[-71.63571,-40.80627],[-71.63618,-40.80598],[-71.63633,-40.8058],[-71.63652,-40.80562],[-71.63773,-40.80497],[-71.63837,-40.80479],[-71.64009,-40.80356],[-71.64084,-40.80287],[-71.64277,-40.80164],[-71.6445,-40.80085],[-71.64536,-40.80011],[-71.64561,-40.79981],[-71.64562,-40.79976],[-71.64568,-40.79837],[-71.64598,-40.79794],[-71.64593,-40.79731],[-71.64636,-40.79702],[-71.64669,-40.79641],[-71.6489,-40.79565],[-71.65068,-40.7945],[-71.65124,-40.79423],[-71.6518,-40.79373],[-71.65171,-40.79324],[-71.65201,-40.7929],[-71.65301,-40.79247],[-71.65349,-40.79198],[-71.65365,-40.79142],[-71.6537,-40.79083],[-71.65471,-40.78989],[-71.65539,-40.78939],[-71.65558,-40.7889],[-71.65572,-40.78826],[-71.65658,-40.78701],[-71.65789,-40.78653],[-71.6585,-40.7861],[-71.65912,-40.78579],[-71.65977,-40.78526],[-71.66,-40.78507],[-71.66021,-40.78477],[-71.6602,-40.7846],[-71.66019,-40.78442],[-71.66005,-40.78426],[-71.65967,-40.78385],[-71.66074,-40.78318]]]},"properties":{"fid":5,"Name":"PN Los Arrayanes","region":"DIRECCIÓN REGIONAL PATAGONIA NORTE","attributes":{"categoryId":"Environnement","subCategoryId":"PARC","tags":["NATURE"],"gallery":["https://commons.wikimedia.org/wiki/Special:FilePath/Parque Nacional Los Arrayanes.jpg?width=800"],"informations":["Superficie : 184 hectares","ID : Q829012"],"highlights":["Paysages remarquables","Biodiversité et observation de la faune","Randonnée et points de vue"],"external_links":["Site officiel : https://www.argentina.gob.ar/parquesnacionales","Wikipedia : https://es.wikipedia.org/wiki/Special:Search?search=PN%20Los%20Arrayanes"],"photo":"https://images.pexels.com/photos/2403205/pexels-photo-2403205.jpeg?auto=compress&cs=tinysrgb&w=800","short_desc":"PN Los Arrayanes est une aire protégée nationale en Argentine.","link_official":"https://www.argentina.gob.ar/parquesnacionales","link_wikipedia":"https://es.wikipedia.org/wiki/Special:Search?search=PN%20Los%20Arrayanes"},"categoryId":"Environnement","subCategoryId":"PARC","tags":["NATURE"],"gallery":["https://images.pexels.com/photos/2403205/pexels-photo-2403205.jpeg?auto=compress&cs=tinysrgb&w=800","https://images.pexels.com/photos/933054/pexels-photo-933054.jpeg?auto=compress&cs=tinysrgb&w=800","https://images.pexels.com/photos/572897/pexels-photo-572897.jpeg?auto=compress&cs=tinysrgb&w=800"],"informations":["Année de création : n.c.","Superficie : n.c."],"highlights":["Paysages remarquables","Biodiversité et observation de la faune","Randonnée et points de vue"],"external_links":["Site officiel : https://www.argentina.gob.ar/parquesnacionales","Wikipedia : https://es.wikipedia.org/wiki/Special:Search?search=PN%20Los%20Arrayanes"],"photo":"https://images.pexels.com/photos/2403205/pexels-photo-2403205.jpeg?auto=compress&cs=tinysrgb&w=800","short_desc":"Résumé non disponible.","link_official":"https://www.argentina.gob.ar/parquesnacionales","link_wikipedia":"https://fr.wikipedia.org/wiki/Q829012"}},{"type":"Feature","geometry":{"type":"MultiPolygon","coordinates":[[[[-71.63663,-40.18354],[-71.6445,-40.18435],[-71.64592,-40.1836],[-71.65019,-40.18362],[-71.65124,-40.18315],[-71.65148,-40.18329],[-71.65207,-40.1836],[-71.65285,-40.18371],[-71.65326,-40.18353],[-71.65363,-40.18342],[-71.65364,-40.18342],[-71.65407,-40.1833],[-71.65419,-40.1833],[-71.65472,-40.18334],[-71.65504,-40.18356],[-71.6554,-40.18355],[-71.65557,-40.18354],[-71.65607,-40.18342],[-71.65668,-40.18344],[-71.65861,-40.18241],[-71.66052,-40.18076],[-71.66096,-40.1806],[-71.66103,-40.18058],[-71.66113,-40.18054],[-71.6614,-40.18044],[-71.6619,-40.18018],[-71.6619,-40.18018],[-71.66193,-40.18006],[-71.66197,-40.17991],[-71.66197,-40.17915],[-71.66198,-40.17912],[-71.66299,-40.17834],[-71.66313,-40.17825],[-71.66335,-40.17811],[-71.66397,-40.17805],[-71.65587,-40.17427],[-71.65587,-40.17427],[-71.66626,-40.16084],[-71.66925,-40.15698],[-71.66938,-40.1568],[-71.6703,-40.15561],[-71.6703,-40.15561],[-71.69087,-40.14746],[-71.70134,-40.1429],[-71.70279,-40.144],[-71.70275,-40.14419],[-71.70289,-40.14426],[-71.70298,-40.14432],[-71.70298,-40.14441],[-71.70294,-40.14457],[-71.70297,-40.14458],[-71.70299,-40.14478],[-71.70317,-40.14481],[-71.70315,-40.14493],[-71.70326,-40.14498],[-71.70344,-40.14512],[-71.7035,-40.14522],[-71.70342,-40.14546],[-71.70339,-40.14553],[-71.70353,-40.14592],[-71.70366,-40.146],[-71.70371,-40.14617],[-71.70372,-40.14621],[-71.70409,-40.1467],[-71.70426,-40.14674],[-71.70437,-40.14682],[-71.70427,-40.14743],[-71.70441,-40.14836],[-71.70498,-40.1496],[-71.70878,-40.15527],[-71.70923,-40.15627],[-71.70921,-40.15645],[-71.7092,-40.15652],[-71.70918,-40.15665],[-71.70914,-40.15707],[-71.70953,-40.15762],[-71.70964,-40.15793],[-71.70967,-40.15828],[-71.70985,-40.15848],[-71.71012,-40.15855],[-71.71016,-40.15856],[-71.71047,-40.15877],[-71.7104,-40.15908],[-71.71015,-40.1592],[-71.70997,-40.15928],[-71.70997,-40.15929],[-71.70997,-40.1593],[-71.71001,-40.15948],[-71.7104,-40.16057],[-71.71037,-40.16074],[-71.71041,-40.16088],[-71.71054,-40.16102],[-71.71054,-40.16105],[-71.71058,-40.16134],[-71.71058,-40.16156],[-71.71038,-40.16169],[-71.71022,-40.16181],[-71.71013,-40.16194],[-71.71019,-40.16222],[-71.71019,-40.16238],[-71.70991,-40.16304],[-71.71008,-40.1634],[-71.71016,-40.16346],[-71.71029,-40.16354],[-71.71036,-40.16386],[-71.71024,-40.16409],[-71.71017,-40.16439],[-71.71036,-40.16465],[-71.71015,-40.16537],[-71.71036,-40.16565],[-71.7104,-40.166],[-71.71072,-40.16631],[-71.71071,-40.16661],[-71.71055,-40.16712],[-71.71034,-40.1673],[-71.71033,-40.16782],[-71.71072,-40.16815],[-71.71083,-40.16838],[-71.71094,-40.16864],[-71.71055,-40.16975],[-71.71057,-40.16999],[-71.71063,-40.17024],[-71.71072,-40.17044],[-71.71081,-40.17052],[-71.71085,-40.17055],[-71.71089,-40.1708],[-71.71066,-40.17113],[-71.7105,-40.17117],[-71.71048,-40.17171],[-71.71059,-40.17197],[-71.71076,-40.17209],[-71.71079,-40.17212],[-71.71113,-40.17321],[-71.71111,-40.17375],[-71.71085,-40.17398],[-71.71081,-40.1742],[-71.71091,-40.17452],[-71.71093,-40.17453],[-71.71107,-40.17461],[-71.71107,-40.1748],[-71.71096,-40.17483],[-71.71092,-40.17485],[-71.71087,-40.175],[-71.71096,-40.17504],[-71.71105,-40.17508],[-71.71115,-40.17513],[-71.7112,-40.17545],[-71.71128,-40.17565],[-71.71108,-40.17585],[-71.71117,-40.1759],[-71.71131,-40.17595],[-71.71113,-40.17681],[-71.71135,-40.17699],[-71.71139,-40.17733],[-71.71133,-40.17774],[-71.7113,-40.17794],[-71.7113,-40.17798],[-71.71113,-40.17811],[-71.71096,-40.17815],[-71.71091,-40.17832],[-71.7104,-40.18047],[-71.7105,-40.18068],[-71.71055,-40.18081],[-71.7107,-40.18096],[-71.71073,-40.18107],[-71.71074,-40.18112],[-71.71074,-40.18131],[-71.71085,-40.18153],[-71.71101,-40.18156],[-71.71146,-40.18145],[-71.71164,-40.18165],[-71.71213,-40.18118],[-71.71246,-40.1815],[-71.71029,-40.18379],[-71.71004,-40.18449],[-71.70988,-40.18473],[-71.7097,-40.185],[-71.70954,-40.18544],[-71.70853,-40.18672],[-71.70879,-40.18743],[-71.70926,-40.18767],[-71.70934,-40.18771],[-71.71019,-40.18738],[-71.71057,-40.1874],[-71.71102,-40.18742],[-71.71144,-40.1873],[-71.71149,-40.18706],[-71.7115,-40.18702],[-71.71155,-40.18679],[-71.71201,-40.18674],[-71.71233,-40.18732],[-71.7121,-40.18771],[-71.71193,-40.18832],[-71.71203,-40.18898],[-71.71252,-40.18931],[-71.71333,-40.18921],[-71.71385,-40.18886],[-71.71416,-40.18877],[-71.71416,-40.18877],[-71.71419,-40.18876],[-71.71462,-40.18863],[-71.71495,-40.18847],[-71.71572,-40.18822],[-71.71604,-40.18825],[-71.71622,-40.18826],[-71.71637,-40.18827],[-71.71697,-40.18834],[-71.71753,-40.18852],[-71.71784,-40.18873],[-71.71806,-40.18887],[-71.71806,-40.18887],[-71.718,-40.18916],[-71.718,-40.18916],[-71.71746,-40.18959],[-71.7174,-40.18964],[-71.7169,-40.19009],[-71.71644,-40.19025],[-71.71592,-40.19043],[-71.71575,-40.1904],[-71.71535,-40.19033],[-71.7153,-40.19032],[-71.715,-40.19027],[-71.71461,-40.19057],[-71.71476,-40.19102],[-71.71506,-40.19113],[-71.71524,-40.19119],[-71.71531,-40.19124],[-71.71566,-40.19145],[-71.71633,-40.19162],[-71.71633,-40.19162],[-71.7169,-40.19196],[-71.71748,-40.19209],[-71.71754,-40.19253],[-71.71709,-40.19319],[-71.71678,-40.19346],[-71.71677,-40.19347],[-71.71653,-40.19376],[-71.71669,-40.19454],[-71.71652,-40.19549],[-71.71679,-40.19592],[-71.71732,-40.19617],[-71.71738,-40.19619],[-71.71782,-40.19633],[-71.71865,-40.19642],[-71.71934,-40.19631],[-71.71946,-40.19637],[-71.71984,-40.19654],[-71.71976,-40.19682],[-71.71975,-40.19686],[-71.71915,-40.19706],[-71.71826,-40.19722],[-71.71717,-40.19715],[-71.71693,-40.1969],[-71.71693,-40.1969],[-71.71635,-40.1967],[-71.71616,-40.19666],[-71.71598,-40.19662],[-71.7159,-40.19666],[-71.71585,-40.19668],[-71.71585,-40.19669],[-71.71536,-40.19692],[-71.71488,-40.19717],[-71.71464,-40.19762],[-71.71467,-40.19808],[-71.71491,-40.19849],[-71.71493,-40.19853],[-71.7151,-40.19887],[-71.71531,-40.19897],[-71.71535,-40.19899],[-71.71553,-40.19908],[-71.71609,-40.19981],[-71.71533,-40.20167],[-71.71546,-40.20203],[-71.71558,-40.20237],[-71.71541,-40.20307],[-71.71509,-40.20325],[-71.71464,-40.2035],[-71.71411,-40.20237],[-71.71376,-40.20211],[-71.71376,-40.20211],[-71.7132,-40.20199],[-71.7126,-40.20203],[-71.71258,-40.20203],[-71.7125,-40.20204],[-71.71225,-40.20205],[-71.71221,-40.20209],[-71.71168,-40.20247],[-71.71141,-40.20289],[-71.71148,-40.20319],[-71.71157,-40.20356],[-71.71283,-40.20477],[-71.71307,-40.20544],[-71.71303,-40.20555],[-71.71289,-40.20584],[-71.71261,-40.20606],[-71.71237,-40.20627],[-71.71171,-40.20645],[-71.7113,-40.20663],[-71.71077,-40.20678],[-71.71046,-40.2069],[-71.71026,-40.20698],[-71.71021,-40.20699],[-71.70994,-40.20758],[-71.71037,-40.21056],[-71.71153,-40.21093],[-71.71212,-40.21095],[-71.71295,-40.21104],[-71.71352,-40.21125],[-71.71358,-40.2113],[-71.71387,-40.21155],[-71.71411,-40.21182],[-71.71425,-40.21232],[-71.71428,-40.21273],[-71.71439,-40.21327],[-71.7144,-40.21332],[-71.71463,-40.21405],[-71.71473,-40.21423],[-71.71487,-40.21448],[-71.71498,-40.21483],[-71.71519,-40.2153],[-71.71566,-40.21596],[-71.71592,-40.21639],[-71.71597,-40.21647],[-71.71646,-40.21681],[-71.71704,-40.21736],[-71.71754,-40.21787],[-71.71793,-40.2185],[-71.718,-40.21861],[-71.71837,-40.21921],[-71.71864,-40.22014],[-71.71903,-40.22061],[-71.72002,-40.22138],[-71.7206,-40.22164],[-71.72107,-40.22185],[-71.72107,-40.22185],[-71.72226,-40.22317],[-71.72226,-40.22317],[-71.7221,-40.22939],[-71.72174,-40.2436],[-71.72086,-40.27852],[-71.72086,-40.27861],[-71.72086,-40.27872],[-71.72086,-40.27883],[-71.72086,-40.27883],[-71.72098,-40.27871],[-71.72144,-40.27894],[-71.72174,-40.27962],[-71.72251,-40.28225],[-71.72298,-40.28385],[-71.72586,-40.28749],[-71.72602,-40.28944],[-71.72649,-40.29104],[-71.7271,-40.29219],[-71.72416,-40.29022],[-71.71964,-40.2884],[-71.71697,-40.28361],[-71.71707,-40.2794],[-71.71625,-40.27892],[-71.71295,-40.28262],[-71.7111,-40.28316],[-71.70973,-40.28431],[-71.70807,-40.28474],[-71.7031,-40.28325],[-71.7024,-40.28346],[-71.69931,-40.28925],[-71.69783,-40.28967],[-71.69464,-40.28961],[-71.69295,-40.29037],[-71.68962,-40.29331],[-71.68886,-40.29361],[-71.68583,-40.29352],[-71.68498,-40.29401],[-71.68434,-40.2948],[-71.68431,-40.2974],[-71.68086,-40.29886],[-71.68083,-40.30013],[-71.6788,-40.30458],[-71.67295,-40.30934],[-71.67165,-40.3111],[-71.67198,-40.31234],[-71.67307,-40.31322],[-71.67171,-40.31667],[-71.67179,-40.31741],[-71.6728,-40.31846],[-71.67275,-40.32098],[-71.6745,-40.32485],[-71.6765,-40.32488],[-71.67722,-40.32612],[-71.67628,-40.32891],[-71.67395,-40.32906],[-71.67322,-40.33097],[-71.67119,-40.33127],[-71.66928,-40.33421],[-71.66964,-40.33617],[-71.66905,-40.338],[-71.67362,-40.34257],[-71.67369,-40.34366],[-71.6714,-40.34374],[-71.66773,-40.34509],[-71.66495,-40.34663],[-71.66033,-40.34714],[-71.65612,-40.34973],[-71.65714,-40.35296],[-71.65608,-40.35414],[-71.65759,-40.35675],[-71.65772,-40.35835],[-71.65738,-40.36075],[-71.65662,-40.3622],[-71.65682,-40.3638],[-71.65765,-40.36402],[-71.66132,-40.3636],[-71.66311,-40.36499],[-71.66396,-40.36714],[-71.6655,-40.36729],[-71.66702,-40.3669],[-71.6699,-40.36875],[-71.67102,-40.36826],[-71.67196,-40.36841],[-71.67353,-40.3696],[-71.67644,-40.36984],[-71.68114,-40.3712],[-71.68214,-40.37096],[-71.68272,-40.3722],[-71.68529,-40.37329],[-71.68701,-40.37335],[-71.68826,-40.3729],[-71.69216,-40.37326],[-71.6931,-40.37373],[-71.69189,-40.37861],[-71.69199,-40.37978],[-71.69348,-40.38122],[-71.69101,-40.38351],[-71.68907,-40.38259],[-71.6885,-40.38268],[-71.68677,-40.38465],[-71.68711,-40.38566],[-71.69023,-40.38611],[-71.69147,-40.38708],[-71.69102,-40.38967],[-71.69138,-40.3915],[-71.69046,-40.3924],[-71.68962,-40.39245],[-71.68822,-40.39352],[-71.69086,-40.3941],[-71.69259,-40.39539],[-71.69291,-40.39857],[-71.69158,-40.40082],[-71.69252,-40.40356],[-71.69262,-40.40565],[-71.69492,-40.40772],[-71.69757,-40.40915],[-71.69849,-40.41106],[-71.70043,-40.41246],[-71.70659,-40.41412],[-71.70769,-40.41512],[-71.70765,-40.41628],[-71.70712,-40.41688],[-71.70576,-40.41735],[-71.70536,-40.41892],[-71.7075,-40.41981],[-71.70759,-40.42094],[-71.70872,-40.42226],[-71.70877,-40.42444],[-71.70944,-40.42577],[-71.71059,-40.42602],[-71.71407,-40.42578],[-71.71774,-40.42732],[-71.72094,-40.42697],[-71.72162,-40.42632],[-71.72403,-40.42752],[-71.72559,-40.42932],[-71.72587,-40.43035],[-71.72785,-40.43196],[-71.72808,-40.43292],[-71.7295,-40.43454],[-71.73165,-40.43593],[-71.73685,-40.44082],[-71.73828,-40.44061],[-71.73922,-40.43909],[-71.74145,-40.43713],[-71.74369,-40.43612],[-71.74616,-40.43576],[-71.74949,-40.43593],[-71.75077,-40.43297],[-71.75572,-40.42944],[-71.75496,-40.42712],[-71.75409,-40.42624],[-71.75518,-40.42274],[-71.75498,-40.42135],[-71.75841,-40.41902],[-71.75896,-40.41643],[-71.76065,-40.4169],[-71.7637,-40.41688],[-71.76573,-40.41764],[-71.77104,-40.42143],[-71.77163,-40.42288],[-71.77289,-40.42299],[-71.77771,-40.4206],[-71.7797,-40.41846],[-71.7804,-40.41502],[-71.78288,-40.41079],[-71.78507,-40.41049],[-71.7888,-40.40847],[-71.79337,-40.40731],[-71.79667,-40.40765],[-71.79969,-40.40685],[-71.80846,-40.40659],[-71.8095,-40.40964],[-71.81074,-40.41121],[-71.81381,-40.41247],[-71.81729,-40.41524],[-71.81809,-40.41641],[-71.82261,-40.41939],[-71.82496,-40.4219],[-71.82543,-40.42322],[-71.82252,-40.42698],[-71.82002,-40.43151],[-71.81989,-40.43283],[-71.82197,-40.43576],[-71.82572,-40.4365],[-71.8279,-40.4375],[-71.82963,-40.43957],[-71.83134,-40.44442],[-71.8322,-40.44499],[-71.83568,-40.44559],[-71.83892,-40.44975],[-71.84153,-40.45192],[-71.84167,-40.45301],[-71.84044,-40.45824],[-71.83732,-40.46182],[-71.83593,-40.46241],[-71.83575,-40.46308],[-71.83735,-40.4643],[-71.83923,-40.46504],[-71.83943,-40.46652],[-71.84228,-40.46982],[-71.84472,-40.47006],[-71.84557,-40.4705],[-71.84484,-40.47339],[-71.84623,-40.47531],[-71.84681,-40.47886],[-71.84558,-40.48075],[-71.84301,-40.48251],[-71.84099,-40.48471],[-71.84041,-40.48672],[-71.84075,-40.48931],[-71.84176,-40.49076],[-71.84407,-40.4913],[-71.84558,-40.49253],[-71.84631,-40.49452],[-71.84604,-40.49551],[-71.84474,-40.49637],[-71.84472,-40.49681],[-71.84544,-40.49719],[-71.84644,-40.49908],[-71.84843,-40.50007],[-71.85028,-40.50477],[-71.85351,-40.50697],[-71.85565,-40.5094],[-71.85558,-40.51261],[-71.85287,-40.51649],[-71.85283,-40.51867],[-71.8521,-40.52012],[-71.85125,-40.52088],[-71.85027,-40.52106],[-71.84577,-40.51979],[-71.84442,-40.52006],[-71.84376,-40.52106],[-71.84269,-40.52165],[-71.84315,-40.52333],[-71.84277,-40.52533],[-71.84594,-40.52607],[-71.85128,-40.52566],[-71.85289,-40.52756],[-71.85303,-40.52977],[-71.85374,-40.53115],[-71.85519,-40.53285],[-71.85766,-40.53374],[-71.85898,-40.53499],[-71.85945,-40.53716],[-71.86051,-40.53853],[-71.86084,-40.53984],[-71.86015,-40.54304],[-71.86027,-40.54701],[-71.85864,-40.54995],[-71.85841,-40.55454],[-71.8588,-40.55523],[-71.86331,-40.55536],[-71.86647,-40.55712],[-71.86797,-40.55737],[-71.8748,-40.55414],[-71.87863,-40.55399],[-71.87946,-40.55364],[-71.88107,-40.55386],[-71.8837,-40.55299],[-71.8865,-40.55285],[-71.88781,-40.55205],[-71.88809,-40.55317],[-71.8901,-40.55504],[-71.89042,-40.55605],[-71.88733,-40.5592],[-71.88554,-40.56305],[-71.88101,-40.56253],[-71.87717,-40.56419],[-71.87687,-40.56474],[-71.87726,-40.56549],[-71.8757,-40.56798],[-71.87534,-40.57024],[-71.87422,-40.57116],[-71.87221,-40.57095],[-71.86976,-40.57241],[-71.86919,-40.57396],[-71.86747,-40.57518],[-71.86704,-40.57626],[-71.86747,-40.57985],[-71.86553,-40.58387],[-71.8628,-40.5861],[-71.86144,-40.58883],[-71.86015,-40.59005],[-71.85841,-40.59136],[-71.856,-40.59242],[-71.85497,-40.59263],[-71.85289,-40.59163],[-71.85081,-40.5889],[-71.84939,-40.5883],[-71.84847,-40.58738],[-71.84729,-40.58485],[-71.84546,-40.58259],[-71.84492,-40.58291],[-71.84476,-40.58577],[-71.84212,-40.5869],[-71.84027,-40.58705],[-71.82518,-40.57831],[-71.82383,-40.57791],[-71.82405,-40.57875],[-71.82575,-40.58068],[-71.83,-40.58474],[-71.83205,-40.5886],[-71.83404,-40.58975],[-71.83485,-40.59088],[-71.83544,-40.59428],[-71.83716,-40.59552],[-71.83911,-40.59614],[-71.84064,-40.5979],[-71.84111,-40.60328],[-71.83757,-40.60977],[-71.8395,-40.61211],[-71.84011,-40.61379],[-71.83981,-40.61451],[-71.84151,-40.61749],[-71.84239,-40.62133],[-71.84336,-40.62213],[-71.84287,-40.62477],[-71.84325,-40.62638],[-71.84637,-40.63155],[-71.84826,-40.63365],[-71.84944,-40.63398],[-71.85133,-40.63532],[-71.85284,-40.63699],[-71.85392,-40.64152],[-71.85388,-40.64357],[-71.8544,-40.64448],[-71.85494,-40.64491],[-71.85623,-40.6448],[-71.85758,-40.64356],[-71.86009,-40.64273],[-71.86129,-40.64281],[-71.86255,-40.64447],[-71.86436,-40.64577],[-71.86539,-40.6477],[-71.86808,-40.6489],[-71.86814,-40.64976],[-71.86734,-40.65052],[-71.86714,-40.65154],[-71.86596,-40.65262],[-71.867,-40.65473],[-71.86691,-40.65589],[-71.8656,-40.65713],[-71.86597,-40.66096],[-71.86688,-40.66316],[-71.873,-40.66654],[-71.8738,-40.6663],[-71.87389,-40.66578],[-71.87793,-40.66517],[-71.87999,-40.66553],[-71.88188,-40.66654],[-71.88419,-40.6665],[-71.88535,-40.66792],[-71.88664,-40.66813],[-71.88726,-40.66864],[-71.88778,-40.67034],[-71.88912,-40.67176],[-71.88913,-40.67249],[-71.89047,-40.67437],[-71.8928,-40.67604],[-71.89518,-40.67851],[-71.89792,-40.67974],[-71.8998,-40.68156],[-71.90403,-40.68281],[-71.90542,-40.68378],[-71.90853,-40.68471],[-71.91128,-40.68673],[-71.91421,-40.68804],[-71.91682,-40.68811],[-71.92043,-40.68892],[-71.92473,-40.69349],[-71.92577,-40.69584],[-71.9258,-40.69786],[-71.92792,-40.69748],[-71.93087,-40.69825],[-71.93173,-40.6986],[-71.93386,-40.70097],[-71.93482,-40.70121],[-71.93523,-40.70164],[-71.93448,-40.70325],[-71.93529,-40.70505],[-71.93673,-40.70585],[-71.93709,-40.70651],[-71.93926,-40.70754],[-71.94292,-40.71212],[-71.94464,-40.71266],[-71.94465,-40.71501],[-71.94671,-40.71712],[-71.94813,-40.71794],[-71.94957,-40.71986],[-71.95086,-40.71977],[-71.95316,-40.7188],[-71.95398,-40.71898],[-71.95964,-40.71813],[-71.96054,-40.71821],[-71.96278,-40.71986],[-71.96341,-40.72089],[-71.9627,-40.72228],[-71.96093,-40.72382],[-71.9587,-40.7241],[-71.95853,-40.7246],[-71.96,-40.72547],[-71.96185,-40.72576],[-71.96505,-40.72758],[-71.96442,-40.72839],[-71.96141,-40.7298],[-71.96117,-40.73062],[-71.96329,-40.73388],[-71.96436,-40.737],[-71.96322,-40.7412],[-71.96329,-40.74282],[-71.96569,-40.74559],[-71.96406,-40.74706],[-71.96319,-40.74717],[-71.96094,-40.74628],[-71.95996,-40.74559],[-71.95996,-40.74507],[-71.95915,-40.74479],[-71.95814,-40.74515],[-71.95684,-40.74643],[-71.95779,-40.74882],[-71.95583,-40.74988],[-71.95524,-40.75164],[-71.9564,-40.75255],[-71.95725,-40.7551],[-71.95825,-40.7555],[-71.95849,-40.75754],[-71.95672,-40.76014],[-71.95681,-40.76091],[-71.95466,-40.76191],[-71.95368,-40.76291],[-71.9532,-40.76476],[-71.94811,-40.76756],[-71.94208,-40.7658],[-71.94283,-40.76936],[-71.94186,-40.77122],[-71.93905,-40.77387],[-71.93105,-40.77637],[-71.92992,-40.77908],[-71.92638,-40.78026],[-71.92459,-40.78227],[-71.92283,-40.78298],[-71.92136,-40.78576],[-71.92157,-40.78755],[-71.92701,-40.79225],[-71.92808,-40.79509],[-71.92828,-40.7975],[-71.92693,-40.80074],[-71.92738,-40.80279],[-71.9271,-40.80518],[-71.92798,-40.80818],[-71.92551,-40.81038],[-71.92601,-40.81094],[-71.9293,-40.81146],[-71.93111,-40.81307],[-71.9312,-40.81369],[-71.92958,-40.81653],[-71.92961,-40.81803],[-71.93143,-40.81982],[-71.93321,-40.81983],[-71.93514,-40.82137],[-71.93514,-40.82192],[-71.93342,-40.82328],[-71.93256,-40.82337],[-71.9327,-40.82493],[-71.93041,-40.82451],[-71.92625,-40.82508],[-71.92528,-40.82639],[-71.924,-40.82706],[-71.92385,-40.82863],[-71.92444,-40.83025],[-71.92654,-40.83105],[-71.92668,-40.83179],[-71.9277,-40.83263],[-71.92753,-40.83351],[-71.92559,-40.83571],[-71.92312,-40.83692],[-71.92101,-40.83704],[-71.91956,-40.83842],[-71.91841,-40.8389],[-71.91476,-40.83848],[-71.91392,-40.84044],[-71.91247,-40.84146],[-71.91338,-40.84259],[-71.91299,-40.84399],[-71.91028,-40.84579],[-71.90764,-40.84645],[-71.90948,-40.84883],[-71.91057,-40.85118],[-71.91039,-40.85338],[-71.90933,-40.85416],[-71.90828,-40.85804],[-71.90546,-40.85963],[-71.90399,-40.85995],[-71.90379,-40.86058],[-71.90121,-40.8621],[-71.90054,-40.86345],[-71.89526,-40.86699],[-71.89448,-40.86841],[-71.89147,-40.8707],[-71.89003,-40.87314],[-71.8876,-40.87381],[-71.8863,-40.87544],[-71.88497,-40.87622],[-71.88438,-40.87786],[-71.88121,-40.87942],[-71.88086,-40.88039],[-71.87891,-40.88174],[-71.87613,-40.88155],[-71.87564,-40.88121],[-71.87425,-40.8818],[-71.87244,-40.88182],[-71.8714,-40.88125],[-71.87025,-40.87956],[-71.86809,-40.87887],[-71.86626,-40.87885],[-71.86489,-40.87813],[-71.86221,-40.87781],[-71.85933,-40.8781],[-71.85818,-40.87948],[-71.85868,-40.88331],[-71.86104,-40.88736],[-71.86191,-40.88817],[-71.86574,-40.8897],[-71.86759,-40.89095],[-71.86866,-40.89184],[-71.86905,-40.89297],[-71.86716,-40.89611],[-71.86659,-40.89922],[-71.86585,-40.89989],[-71.86484,-40.90297],[-71.86462,-40.90462],[-71.86575,-40.90674],[-71.86566,-40.90791],[-71.86384,-40.91127],[-71.86299,-40.91401],[-71.85931,-40.91799],[-71.85988,-40.91928],[-71.86091,-40.91969],[-71.8624,-40.92115],[-71.86294,-40.92375],[-71.86282,-40.9266],[-71.86057,-40.92991],[-71.86057,-40.93078],[-71.86231,-40.9329],[-71.86178,-40.9347],[-71.85751,-40.94071],[-71.85744,-40.94276],[-71.85547,-40.94448],[-71.85433,-40.94648],[-71.8549,-40.94838],[-71.85651,-40.95103],[-71.85697,-40.95785],[-71.85644,-40.96002],[-71.85717,-40.96056],[-71.86056,-40.96112],[-71.86726,-40.95972],[-71.87371,-40.96035],[-71.88248,-40.96538],[-71.88549,-40.96767],[-71.8872,-40.96811],[-71.89003,-40.96675],[-71.89189,-40.96468],[-71.89567,-40.96231],[-71.89714,-40.96198],[-71.8991,-40.96085],[-71.90171,-40.96098],[-71.90451,-40.96173],[-71.90558,-40.9625],[-71.90653,-40.9685],[-71.90849,-40.97225],[-71.90809,-40.97432],[-71.90687,-40.97547],[-71.90615,-40.9786],[-71.90512,-40.98033],[-71.90648,-40.98338],[-71.90634,-40.98611],[-71.90154,-40.98397],[-71.8983,-40.98392],[-71.8943,-40.98569],[-71.89187,-40.98763],[-71.88926,-40.98826],[-71.88694,-40.99187],[-71.88513,-40.99344],[-71.88332,-40.9941],[-71.88284,-40.99514],[-71.88093,-40.99629],[-71.87891,-40.99736],[-71.87731,-40.99771],[-71.87551,-40.999],[-71.87448,-41.00018],[-71.87443,-41.00108],[-71.87135,-41.00419],[-71.8714,-41.00469],[-71.87393,-41.0059],[-71.87456,-41.00684],[-71.8739,-41.00913],[-71.87435,-41.01059],[-71.87289,-41.01146],[-71.86963,-41.01243],[-71.86817,-41.01459],[-71.86521,-41.01615],[-71.86556,-41.01855],[-71.864,-41.0206],[-71.86261,-41.02369],[-71.86139,-41.02999],[-71.8609,-41.03165],[-71.86001,-41.03271],[-71.85831,-41.0339],[-71.85726,-41.03402],[-71.85429,-41.03155],[-71.85282,-41.03098],[-71.84763,-41.03078],[-71.84576,-41.03168],[-71.84529,-41.03331],[-71.84379,-41.03508],[-71.84306,-41.03551],[-71.8404,-41.03544],[-71.83936,-41.03584],[-71.83533,-41.04164],[-71.83297,-41.04314],[-71.83453,-41.0456],[-71.83403,-41.0471],[-71.83541,-41.04797],[-71.8363,-41.04951],[-71.83595,-41.05038],[-71.83037,-41.05281],[-71.83002,-41.05395],[-71.82894,-41.05488],[-71.8294,-41.05581],[-71.8291,-41.05664],[-71.82641,-41.05586],[-71.82464,-41.05613],[-71.82284,-41.0582],[-71.82098,-41.05863],[-71.82061,-41.0599],[-71.81924,-41.06046],[-71.81794,-41.06229],[-71.82054,-41.06669],[-71.82252,-41.0684],[-71.82496,-41.06952],[-71.82749,-41.06922],[-71.829,-41.07032],[-71.82933,-41.07137],[-71.82827,-41.07376],[-71.82952,-41.0753],[-71.83211,-41.07549],[-71.83593,-41.07708],[-71.83976,-41.07745],[-71.842,-41.07912],[-71.84619,-41.08142],[-71.8478,-41.08177],[-71.84959,-41.08315],[-71.84916,-41.08438],[-71.84633,-41.08495],[-71.84626,-41.08664],[-71.84846,-41.09048],[-71.84926,-41.09341],[-71.84914,-41.09479],[-71.84799,-41.09591],[-71.85052,-41.09637],[-71.85192,-41.098],[-71.85212,-41.09897],[-71.84643,-41.1029],[-71.84396,-41.1032],[-71.84393,-41.1035],[-71.84596,-41.1045],[-71.84649,-41.1061],[-71.84536,-41.111],[-71.8432,-41.11403],[-71.8401,-41.11453],[-71.8379,-41.11533],[-71.83623,-41.11823],[-71.83647,-41.11989],[-71.8378,-41.12239],[-71.84376,-41.12905],[-71.84353,-41.12978],[-71.83963,-41.13358],[-71.84006,-41.13568],[-71.83936,-41.13801],[-71.8402,-41.14038],[-71.8394,-41.14111],[-71.8403,-41.14214],[-71.84046,-41.14324],[-71.83926,-41.14431],[-71.8389,-41.14531],[-71.83936,-41.1504],[-71.84416,-41.154],[-71.85267,-41.15761],[-71.86034,-41.16272],[-71.86413,-41.16329],[-71.86481,-41.16369],[-71.8687,-41.16335],[-71.87214,-41.16235],[-71.87613,-41.16232],[-71.87956,-41.16275],[-71.88444,-41.16487],[-71.88727,-41.1672],[-71.88751,-41.16813],[-71.88751,-41.16906],[-71.88684,-41.16983],[-71.88214,-41.1733],[-71.88068,-41.17553],[-71.88001,-41.17833],[-71.87865,-41.18032],[-71.87908,-41.18702],[-71.87608,-41.19281],[-71.87265,-41.19751],[-71.87448,-41.20284],[-71.87441,-41.20584],[-71.87208,-41.20721],[-71.86529,-41.20984],[-71.85886,-41.21164],[-71.85646,-41.21354],[-71.85463,-41.21394],[-71.85403,-41.2146],[-71.85413,-41.21537],[-71.85589,-41.21693],[-71.85746,-41.21983],[-71.85839,-41.22416],[-71.85786,-41.2257],[-71.85636,-41.22703],[-71.85639,-41.22799],[-71.85773,-41.22993],[-71.85776,-41.23239],[-71.85909,-41.23289],[-71.85932,-41.23362],[-71.85479,-41.23582],[-71.85143,-41.23596],[-71.85083,-41.23642],[-71.85036,-41.23832],[-71.84916,-41.23902],[-71.84876,-41.24005],[-71.8474,-41.24079],[-71.84702,-41.24284],[-71.8479,-41.24382],[-71.84963,-41.24318],[-71.85143,-41.24368],[-71.8526,-41.24492],[-71.85586,-41.24618],[-71.85639,-41.24775],[-71.85463,-41.24955],[-71.8519,-41.24975],[-71.85107,-41.25013],[-71.85066,-41.25135],[-71.83444,-41.27203],[-71.83644,-41.27349],[-71.8383,-41.27127],[-71.84094,-41.2698],[-71.84257,-41.26944],[-71.84616,-41.26951],[-71.84837,-41.26285],[-71.84956,-41.26117],[-71.8509,-41.25994],[-71.85623,-41.25731],[-71.85813,-41.25701],[-71.86089,-41.25794],[-71.86312,-41.25788],[-71.86515,-41.25548],[-71.86635,-41.25551],[-71.86843,-41.25776],[-71.87058,-41.25875],[-71.87428,-41.25888],[-71.87791,-41.26037],[-71.88116,-41.25991],[-71.88471,-41.26001],[-71.88601,-41.25954],[-71.88677,-41.25798],[-71.88801,-41.25724],[-71.89345,-41.25651],[-71.89615,-41.25498],[-71.89685,-41.25498],[-71.89698,-41.25618],[-71.89575,-41.25746],[-71.89402,-41.25841],[-71.89335,-41.25961],[-71.89142,-41.26057],[-71.89127,-41.26126],[-71.88829,-41.2643],[-71.88821,-41.26527],[-71.88897,-41.26649],[-71.89056,-41.26709],[-71.89288,-41.26904],[-71.89729,-41.27084],[-71.89658,-41.2729],[-71.89718,-41.2748],[-71.89661,-41.2758],[-71.89654,-41.2789],[-71.89564,-41.27947],[-71.89331,-41.2779],[-71.89238,-41.278],[-71.89155,-41.2788],[-71.89265,-41.28223],[-71.89238,-41.2836],[-71.88938,-41.28853],[-71.89011,-41.29146],[-71.88985,-41.29203],[-71.88935,-41.29243],[-71.88528,-41.29273],[-71.88043,-41.29424],[-71.87832,-41.29526],[-71.87686,-41.29673],[-71.87682,-41.30312],[-71.87616,-41.30825],[-71.88252,-41.31015],[-71.88615,-41.31518],[-71.88615,-41.31605],[-71.88117,-41.32188],[-71.88115,-41.32338],[-71.88165,-41.32414],[-71.88593,-41.3268],[-71.89103,-41.32808],[-71.90034,-41.33178],[-71.90127,-41.33595],[-71.90234,-41.33726],[-71.90367,-41.33785],[-71.90668,-41.33811],[-71.90823,-41.33896],[-71.90917,-41.34006],[-71.91208,-41.34057],[-71.90859,-41.34445],[-71.90789,-41.34583],[-71.90868,-41.34906],[-71.90873,-41.35195],[-71.91124,-41.35674],[-71.91025,-41.36009],[-71.90897,-41.36205],[-71.90686,-41.36289],[-71.90543,-41.36291],[-71.90404,-41.36235],[-71.90208,-41.36248],[-71.89686,-41.36548],[-71.89433,-41.36546],[-71.89111,-41.36676],[-71.89008,-41.36764],[-71.88931,-41.36924],[-71.88997,-41.3738],[-71.88881,-41.37533],[-71.88836,-41.37734],[-71.88647,-41.37999],[-71.88323,-41.38176],[-71.88001,-41.38254],[-71.87717,-41.38518],[-71.87586,-41.3882],[-71.87465,-41.38937],[-71.87332,-41.39029],[-71.86931,-41.39126],[-71.86635,-41.3936],[-71.86493,-41.39651],[-71.86484,-41.39826],[-71.86688,-41.4013],[-71.86794,-41.40435],[-71.86928,-41.40581],[-71.87019,-41.40941],[-71.86934,-41.41171],[-71.86599,-41.41684],[-71.86532,-41.41942],[-71.86321,-41.42201],[-71.8594,-41.42397],[-71.8568,-41.42416],[-71.85406,-41.42541],[-71.8534,-41.42626],[-71.84945,-41.42891],[-71.84863,-41.42919],[-71.84735,-41.42882],[-71.84325,-41.42919],[-71.84,-41.43044],[-71.83921,-41.43148],[-71.83604,-41.43168],[-71.8353,-41.43339],[-71.83621,-41.43494],[-71.8362,-41.43631],[-71.83534,-41.43841],[-71.83604,-41.44087],[-71.8328,-41.44241],[-71.82866,-41.44278],[-71.82701,-41.4435],[-71.82717,-41.44383],[-71.83395,-41.44346],[-71.83647,-41.44423],[-71.83827,-41.44588],[-71.8399,-41.44907],[-71.84193,-41.45003],[-71.84336,-41.4517],[-71.84362,-41.45505],[-71.84126,-41.46033],[-71.84187,-41.46225],[-71.84055,-41.46274],[-71.83933,-41.46412],[-71.8379,-41.46488],[-71.83647,-41.46692],[-71.837,-41.47062],[-71.8382,-41.47232],[-71.8378,-41.47424],[-71.8336,-41.47862],[-71.83206,-41.47936],[-71.82841,-41.47991],[-71.82797,-41.48058],[-71.82921,-41.48441],[-71.8327,-41.48614],[-71.8332,-41.48767],[-71.8356,-41.49097],[-71.83973,-41.49447],[-71.83971,-41.49611],[-71.83744,-41.49873],[-71.83891,-41.50026],[-71.8417,-41.50173],[-71.84479,-41.5065],[-71.84592,-41.50748],[-71.84475,-41.50782],[-71.84366,-41.50883],[-71.84136,-41.50914],[-71.83987,-41.51015],[-71.83837,-41.51025],[-71.83539,-41.51249],[-71.8339,-41.51279],[-71.83241,-41.51249],[-71.82807,-41.5137],[-71.8263,-41.51543],[-71.82657,-41.51625],[-71.82307,-41.52131],[-71.82036,-41.52318],[-71.8184,-41.52359],[-71.81764,-41.52318],[-71.81754,-41.52228],[-71.81667,-41.5222],[-71.81331,-41.52244],[-71.81247,-41.52284],[-71.81214,-41.52399],[-71.81073,-41.5239],[-71.81019,-41.52341],[-71.80802,-41.52382],[-71.80769,-41.52447],[-71.80812,-41.52626],[-71.80291,-41.52935],[-71.80029,-41.53464],[-71.79878,-41.53578],[-71.79867,-41.53667],[-71.79693,-41.53846],[-71.79573,-41.53911],[-71.78692,-41.55128],[-71.78724,-41.55177],[-71.78648,-41.55291],[-71.78659,-41.55364],[-71.78441,-41.55592],[-71.78115,-41.55665],[-71.78093,-41.5573],[-71.77919,-41.55836],[-71.77886,-41.56088],[-71.77503,-41.56375],[-71.77393,-41.56711],[-71.7723,-41.56802],[-71.77047,-41.57227],[-71.77064,-41.57367],[-71.76961,-41.5752],[-71.76961,-41.57647],[-71.77012,-41.57698],[-71.77198,-41.57749],[-71.77281,-41.58131],[-71.77213,-41.58297],[-71.77043,-41.58398],[-71.77026,-41.58538],[-71.77314,-41.58501],[-71.77602,-41.58514],[-71.77738,-41.5854],[-71.77856,-41.58616],[-71.77856,-41.5868],[-71.77669,-41.58934],[-71.77651,-41.59062],[-71.77464,-41.59163],[-71.77007,-41.59162],[-71.76905,-41.5906],[-71.76702,-41.58971],[-71.76108,-41.59071],[-71.75922,-41.59033],[-71.75786,-41.58943],[-71.75633,-41.58956],[-71.75549,-41.58917],[-71.7543,-41.5893],[-71.7509,-41.5926],[-71.74868,-41.59298],[-71.74487,-41.592],[-71.74028,-41.58964],[-71.73631,-41.58958],[-71.73437,-41.59014],[-71.73445,-41.59427],[-71.73254,-41.59621],[-71.73173,-41.59788],[-71.73055,-41.59875],[-71.72867,-41.5988],[-71.72438,-41.59788],[-71.72302,-41.59697],[-71.72006,-41.59659],[-71.71472,-41.59415],[-71.71276,-41.59365],[-71.7115,-41.5926],[-71.70723,-41.5932],[-71.70438,-41.59409],[-71.70329,-41.59383],[-71.70102,-41.59148],[-71.69821,-41.58991],[-71.69705,-41.58814],[-71.69428,-41.58699],[-71.68666,-41.58691],[-71.68216,-41.58638],[-71.68127,-41.58664],[-71.68054,-41.58604],[-71.67968,-41.58594],[-71.67779,-41.58684],[-71.67633,-41.58557],[-71.67285,-41.58557],[-71.67142,-41.58432],[-71.67179,-41.58186],[-71.66747,-41.57997],[-71.66563,-41.58042],[-71.66541,-41.58218],[-71.66415,-41.58327],[-71.65936,-41.58436],[-71.65574,-41.58407],[-71.65187,-41.5815],[-71.64689,-41.58037],[-71.64574,-41.58066],[-71.6432,-41.58255],[-71.63645,-41.58362],[-71.6357,-41.58456],[-71.63378,-41.58562],[-71.63159,-41.58544],[-71.62867,-41.58689],[-71.62682,-41.58712],[-71.62607,-41.58973],[-71.62468,-41.59106],[-71.61819,-41.59299],[-71.61294,-41.59807],[-71.61058,-41.59836],[-71.61131,-41.6008],[-71.61116,-41.60137],[-71.61036,-41.60175],[-71.60836,-41.60142],[-71.60633,-41.5999],[-71.60469,-41.60006],[-71.60239,-41.59774],[-71.60098,-41.59739],[-71.5993,-41.59737],[-71.59754,-41.59843],[-71.59451,-41.59879],[-71.59037,-41.59708],[-71.58569,-41.59771],[-71.57989,-41.59676],[-71.57928,-41.59824],[-71.5771,-41.60023],[-71.57519,-41.60091],[-71.57374,-41.60099],[-71.57075,-41.59816],[-71.56926,-41.59733],[-71.56679,-41.59467],[-71.56529,-41.59438],[-71.56365,-41.59459],[-71.55999,-41.59635],[-71.55879,-41.59812],[-71.55894,-41.60152],[-71.55762,-41.6024],[-71.55625,-41.60265],[-71.55531,-41.60258],[-71.55156,-41.60011],[-71.55071,-41.60004],[-71.54977,-41.59933],[-71.54954,-41.59859],[-71.54746,-41.59799],[-71.54424,-41.59596],[-71.54085,-41.59509],[-71.52642,-41.59619],[-71.52298,-41.59959],[-71.52204,-41.59986],[-71.52232,-41.60035],[-71.52076,-41.60032],[-71.52047,-41.59947],[-71.52122,-41.59401],[-71.52098,-41.59121],[-71.52012,-41.58917],[-71.52044,-41.58744],[-71.52164,-41.58636],[-71.52155,-41.58064],[-71.52086,-41.57849],[-71.52166,-41.57748],[-71.51769,-41.57665],[-71.51635,-41.57253],[-71.51437,-41.57174],[-71.51313,-41.57053],[-71.51043,-41.57152],[-71.50544,-41.57459],[-71.50363,-41.57635],[-71.50078,-41.5774],[-71.49998,-41.57986],[-71.49848,-41.58199],[-71.49353,-41.58584],[-71.49131,-41.5864],[-71.49061,-41.58746],[-71.48921,-41.5881],[-71.48906,-41.58929],[-71.48836,-41.58967],[-71.48559,-41.58991],[-71.48514,-41.5888],[-71.48264,-41.58804],[-71.48432,-41.58573],[-71.48436,-41.58495],[-71.48283,-41.5834],[-71.48101,-41.58256],[-71.48123,-41.58165],[-71.48043,-41.58013],[-71.47856,-41.57946],[-71.47716,-41.57819],[-71.47427,-41.57828],[-71.47174,-41.57933],[-71.46802,-41.5798],[-71.46751,-41.58014],[-71.46818,-41.5815],[-71.46771,-41.58223],[-71.46592,-41.58306],[-71.46339,-41.58316],[-71.46134,-41.58529],[-71.4597,-41.58494],[-71.45824,-41.58593],[-71.45699,-41.58602],[-71.45642,-41.58493],[-71.45315,-41.58369],[-71.4526,-41.58103],[-71.45033,-41.58017],[-71.4497,-41.57942],[-71.44961,-41.5767],[-71.45085,-41.57582],[-71.45229,-41.57594],[-71.45343,-41.57507],[-71.45227,-41.57279],[-71.45232,-41.57153],[-71.45143,-41.57021],[-71.44901,-41.56901],[-71.44835,-41.56773],[-71.44556,-41.56758],[-71.44205,-41.56645],[-71.44153,-41.56493],[-71.43767,-41.56532],[-71.43662,-41.56442],[-71.43699,-41.56372],[-71.43633,-41.56194],[-71.43534,-41.56184],[-71.43305,-41.56072],[-71.43197,-41.55959],[-71.43313,-41.55666],[-71.43201,-41.55411],[-71.43216,-41.55304],[-71.43362,-41.55109],[-71.43318,-41.54824],[-71.4336,-41.54661],[-71.43471,-41.54563],[-71.43699,-41.54508],[-71.43749,-41.54228],[-71.43632,-41.54119],[-71.43607,-41.54],[-71.4366,-41.53913],[-71.43644,-41.53763],[-71.43765,-41.53673],[-71.43726,-41.53601],[-71.43831,-41.53565],[-71.43946,-41.53435],[-71.44203,-41.53316],[-71.44316,-41.53313],[-71.44435,-41.53233],[-71.44424,-41.52777],[-71.44514,-41.52623],[-71.44767,-41.5253],[-71.44941,-41.52353],[-71.45019,-41.52345],[-71.45086,-41.52282],[-71.44783,-41.52002],[-71.44509,-41.51856],[-71.44566,-41.51752],[-71.4472,-41.51712],[-71.4476,-41.51666],[-71.44614,-41.51633],[-71.44586,-41.5159],[-71.44373,-41.51582],[-71.44415,-41.51423],[-71.44266,-41.51329],[-71.44108,-41.51046],[-71.44182,-41.50957],[-71.44104,-41.50837],[-71.44151,-41.50648],[-71.44299,-41.50562],[-71.43998,-41.50306],[-71.43926,-41.50019],[-71.43784,-41.50024],[-71.43289,-41.49904],[-71.43209,-41.49829],[-71.43195,-41.49627],[-71.4292,-41.49614],[-71.42623,-41.49265],[-71.42139,-41.49009],[-71.41868,-41.48959],[-71.41493,-41.48826],[-71.4136,-41.48598],[-71.41244,-41.48575],[-71.41074,-41.4864],[-71.40964,-41.48501],[-71.4084,-41.48468],[-71.4077,-41.48321],[-71.40369,-41.4833],[-71.40332,-41.48266],[-71.40388,-41.48135],[-71.40354,-41.48067],[-71.40017,-41.47881],[-71.39842,-41.4798],[-71.39727,-41.47954],[-71.39639,-41.47892],[-71.39388,-41.47502],[-71.39066,-41.47447],[-71.3883,-41.47524],[-71.38675,-41.47364],[-71.38585,-41.47419],[-71.38553,-41.47526],[-71.38443,-41.47628],[-71.38377,-41.47622],[-71.3825,-41.47522],[-71.38224,-41.4739],[-71.38156,-41.47341],[-71.37898,-41.47316],[-71.37803,-41.47146],[-71.37676,-41.47144],[-71.37618,-41.47103],[-71.37586,-41.46916],[-71.37476,-41.469],[-71.37394,-41.46812],[-71.37253,-41.46753],[-71.36981,-41.46767],[-71.36894,-41.4665],[-71.36731,-41.46629],[-71.36573,-41.46486],[-71.36352,-41.46451],[-71.36304,-41.46332],[-71.36198,-41.46364],[-71.36023,-41.4627],[-71.35825,-41.46262],[-71.35624,-41.46014],[-71.35468,-41.46017],[-71.35266,-41.45911],[-71.35092,-41.45984],[-71.3501,-41.45914],[-71.34983,-41.45813],[-71.34928,-41.45818],[-71.34889,-41.45902],[-71.34765,-41.45985],[-71.34546,-41.4583],[-71.34477,-41.45839],[-71.3443,-41.45901],[-71.34132,-41.45825],[-71.33839,-41.45842],[-71.33753,-41.45696],[-71.33547,-41.45787],[-71.33379,-41.45725],[-71.33248,-41.45792],[-71.3306,-41.45775],[-71.32949,-41.45727],[-71.32771,-41.45717],[-71.32716,-41.45645],[-71.32446,-41.45556],[-71.3217,-41.45545],[-71.31886,-41.45632],[-71.31479,-41.45664],[-71.31326,-41.45636],[-71.31214,-41.45688],[-71.30884,-41.45651],[-71.30835,-41.45545],[-71.30685,-41.45472],[-71.3055,-41.45566],[-71.30474,-41.45558],[-71.30346,-41.45508],[-71.30168,-41.4536],[-71.29957,-41.45368],[-71.29514,-41.45141],[-71.29576,-41.4503],[-71.29545,-41.44855],[-71.29443,-41.4486],[-71.29072,-41.44681],[-71.28829,-41.44695],[-71.28702,-41.44573],[-71.28574,-41.44597],[-71.28552,-41.44505],[-71.28415,-41.44455],[-71.28375,-41.44386],[-71.28246,-41.44383],[-71.28258,-41.44304],[-71.28129,-41.44218],[-71.28172,-41.4409],[-71.28092,-41.44041],[-71.27979,-41.4407],[-71.27944,-41.4394],[-71.2769,-41.43855],[-71.27607,-41.43667],[-71.27532,-41.43619],[-71.27576,-41.43501],[-71.2739,-41.43489],[-71.27375,-41.43427],[-71.27285,-41.4341],[-71.27266,-41.43314],[-71.27164,-41.43255],[-71.27178,-41.43189],[-71.27069,-41.431],[-71.27122,-41.42872],[-71.26611,-41.42616],[-71.26458,-41.42491],[-71.26168,-41.42457],[-71.25969,-41.42344],[-71.25832,-41.4239],[-71.25588,-41.42299],[-71.25132,-41.42517],[-71.24782,-41.42609],[-71.24675,-41.42598],[-71.24476,-41.42496],[-71.24141,-41.4244],[-71.2382,-41.42292],[-71.2362,-41.41916],[-71.23619,-41.41813],[-71.23512,-41.41722],[-71.23435,-41.41562],[-71.23047,-41.28649],[-71.22943,-41.286],[-71.22897,-41.28519],[-71.22812,-41.28545],[-71.22801,-41.28509],[-71.22598,-41.28444],[-71.22569,-41.28349],[-71.22436,-41.28213],[-71.22107,-41.28222],[-71.22003,-41.28187],[-71.21931,-41.27927],[-71.21813,-41.27757],[-71.21577,-41.27507],[-71.21413,-41.27461],[-71.214,-41.27303],[-71.2131,-41.27246],[-71.21356,-41.27167],[-71.21222,-41.27098],[-71.21091,-41.26948],[-71.20928,-41.26868],[-71.20899,-41.26777],[-71.2075,-41.26709],[-71.20649,-41.26403],[-71.2059,-41.26391],[-71.20516,-41.26244],[-71.20322,-41.26209],[-71.20236,-41.25971],[-71.19982,-41.25936],[-71.19893,-41.25845],[-71.19476,-41.25718],[-71.19402,-41.25649],[-71.19345,-41.25412],[-71.19226,-41.25355],[-71.19227,-41.25264],[-71.19032,-41.25285],[-71.18793,-41.25239],[-71.18703,-41.25306],[-71.18569,-41.25282],[-71.18498,-41.25268],[-71.18363,-41.25137],[-71.17617,-41.24985],[-71.17304,-41.24881],[-71.1732,-41.24791],[-71.17069,-41.24507],[-71.17027,-41.24337],[-71.16893,-41.24268],[-71.1691,-41.24122],[-71.1676,-41.24121],[-71.16572,-41.23896],[-71.16544,-41.23716],[-71.16639,-41.23344],[-71.16356,-41.23229],[-71.16152,-41.22832],[-71.16127,-41.22459],[-71.16032,-41.22287],[-71.15878,-41.22178],[-71.15879,-41.22078],[-71.15808,-41.21969],[-71.15822,-41.21825],[-71.15739,-41.2177],[-71.15765,-41.21635],[-71.15909,-41.21573],[-71.1591,-41.21537],[-71.15852,-41.2141],[-71.15685,-41.21318],[-71.15687,-41.21219],[-71.15871,-41.20859],[-71.15734,-41.20763],[-71.15751,-41.20605],[-71.15871,-41.20584],[-71.15917,-41.20516],[-71.15873,-41.20459],[-71.15861,-41.20234],[-71.15727,-41.20187],[-71.15683,-41.20063],[-71.1558,-41.20006],[-71.15694,-41.19815],[-71.1585,-41.19744],[-71.15758,-41.19517],[-71.15807,-41.19373],[-71.15891,-41.19346],[-71.15892,-41.19292],[-71.15702,-41.19173],[-71.15605,-41.18942],[-71.15237,-41.1875],[-71.15288,-41.18498],[-71.15469,-41.18354],[-71.15446,-41.18282],[-71.15327,-41.18254],[-71.15281,-41.18136],[-71.15068,-41.1799],[-71.15009,-41.17872],[-71.14736,-41.17846],[-71.14594,-41.17718],[-71.14475,-41.17708],[-71.14416,-41.17645],[-71.14383,-41.17446],[-71.14193,-41.17345],[-71.14148,-41.17155],[-71.13957,-41.17081],[-71.13839,-41.16972],[-71.13732,-41.16962],[-71.1365,-41.16826],[-71.13565,-41.16803],[-71.13376,-41.16639],[-71.13269,-41.16593],[-71.12946,-41.1659],[-71.12901,-41.16427],[-71.1277,-41.16363],[-71.12724,-41.16255],[-71.1264,-41.16254],[-71.12618,-41.16109],[-71.12524,-41.16],[-71.12527,-41.15792],[-71.12431,-41.15783],[-71.12361,-41.1571],[-71.12387,-41.15557],[-71.12197,-41.15456],[-71.12186,-41.15347],[-71.12069,-41.15335],[-71.12025,-41.1529],[-71.12072,-41.15166],[-71.11937,-41.15154],[-71.11893,-41.15097],[-71.11744,-41.15118],[-71.11521,-41.15026],[-71.11358,-41.14901],[-71.11153,-41.14873],[-71.11096,-41.14704],[-71.11245,-41.14705],[-71.11321,-41.14638],[-71.11338,-41.14514],[-71.11443,-41.14435],[-71.11444,-41.14379],[-71.1143,-41.14334],[-71.11296,-41.14299],[-71.11266,-41.14253],[-71.11373,-41.14107],[-71.11301,-41.13892],[-71.11272,-41.13858],[-71.11196,-41.13971],[-71.11107,-41.1388],[-71.11184,-41.13745],[-71.11341,-41.13607],[-71.11362,-41.13455],[-71.11363,-41.1339],[-71.11167,-41.13094],[-71.11206,-41.13037],[-71.1136,-41.13009],[-71.11483,-41.13075],[-71.11627,-41.13047],[-71.11781,-41.12947],[-71.11755,-41.12752],[-71.11946,-41.12717],[-71.11966,-41.12674],[-71.119,-41.12616],[-71.11632,-41.12628],[-71.11558,-41.1244],[-71.11789,-41.12333],[-71.11882,-41.12177],[-71.12001,-41.12196],[-71.12062,-41.1207],[-71.12147,-41.12034],[-71.12254,-41.12053],[-71.123,-41.12162],[-71.12336,-41.12153],[-71.12435,-41.1191],[-71.12507,-41.11874],[-71.12816,-41.11967],[-71.12945,-41.12167],[-71.13147,-41.12231],[-71.13197,-41.12078],[-71.13141,-41.11807],[-71.1325,-41.11672],[-71.13442,-41.11583],[-71.13432,-41.11439],[-71.13481,-41.11385],[-71.13423,-41.11267],[-71.1359,-41.11259],[-71.1378,-41.11306],[-71.13967,-41.1119],[-71.13956,-41.1133],[-71.14044,-41.11384],[-71.14319,-41.11994],[-71.14548,-41.12016],[-71.14582,-41.12076],[-71.14934,-41.12192],[-71.15012,-41.12339],[-71.15153,-41.12374],[-71.15286,-41.12335],[-71.15329,-41.12448],[-71.15462,-41.12416],[-71.15593,-41.12524],[-71.15573,-41.12664],[-71.15961,-41.1274],[-71.16021,-41.1286],[-71.15936,-41.13042],[-71.16426,-41.13277],[-71.16896,-41.13339],[-71.17189,-41.13556],[-71.17172,-41.14003],[-71.17313,-41.14119],[-71.17345,-41.14219],[-71.17836,-41.1438],[-71.18078,-41.14332],[-71.18242,-41.14358],[-71.18296,-41.14441],[-71.18283,-41.14532],[-71.18403,-41.1464],[-71.18546,-41.14608],[-71.18994,-41.14702],[-71.1908,-41.14769],[-71.1961,-41.14867],[-71.19825,-41.14857],[-71.20534,-41.15069],[-71.20664,-41.15177],[-71.21014,-41.15263],[-71.21112,-41.15305],[-71.21166,-41.15388],[-71.2154,-41.15496],[-71.21644,-41.15698],[-71.21842,-41.15722],[-71.2203,-41.15873],[-71.2216,-41.15863],[-71.22206,-41.15788],[-71.22424,-41.1602],[-71.22653,-41.16044],[-71.22743,-41.16096],[-71.22964,-41.16081],[-71.23009,-41.16115],[-71.22993,-41.16265],[-71.23053,-41.16277],[-71.23136,-41.16381],[-71.23478,-41.1644],[-71.23584,-41.16499],[-71.23691,-41.1643],[-71.23767,-41.16454],[-71.23836,-41.16374],[-71.23905,-41.16369],[-71.24406,-41.16475],[-71.2452,-41.1654],[-71.24701,-41.16911],[-71.24939,-41.17052],[-71.25088,-41.17341],[-71.24941,-41.17768],[-71.24679,-41.17856],[-71.2463,-41.18191],[-71.2431,-41.18593],[-71.27927,-41.18614],[-71.27887,-41.18242],[-71.31047,-41.18261],[-71.3104,-41.18891],[-71.32293,-41.18898],[-71.32317,-41.18998],[-71.32024,-41.19114],[-71.31955,-41.19208],[-71.32008,-41.1926],[-71.31901,-41.19345],[-71.3188,-41.1951],[-71.32161,-41.19531],[-71.32222,-41.19635],[-71.32531,-41.19733],[-71.32563,-41.19841],[-71.32727,-41.19783],[-71.32813,-41.19793],[-71.32965,-41.19689],[-71.33007,-41.19708],[-71.33116,-41.19647],[-71.335,-41.1972],[-71.33867,-41.1997],[-71.3396,-41.20089],[-71.34021,-41.20357],[-71.34342,-41.2065],[-71.34479,-41.20548],[-71.35266,-41.18978],[-71.35384,-41.18838],[-71.3914,-41.18598],[-71.38877,-41.18335],[-71.38812,-41.18129],[-71.39034,-41.17748],[-71.39231,-41.17621],[-71.39272,-41.17368],[-71.39694,-41.171],[-71.40211,-41.16969],[-71.40256,-41.16935],[-71.40385,-41.16463],[-71.40626,-41.16311],[-71.40744,-41.16069],[-71.40973,-41.16079],[-71.41251,-41.16283],[-71.41327,-41.16294],[-71.41346,-41.16489],[-71.41485,-41.16614],[-71.41579,-41.17313],[-71.42428,-41.17315],[-71.42425,-41.18215],[-71.43021,-41.18216],[-71.43017,-41.19927],[-71.43886,-41.19928],[-71.44469,-41.19763],[-71.46518,-41.18853],[-71.4738,-41.18306],[-71.47518,-41.183],[-71.47648,-41.18144],[-71.4754,-41.17979],[-71.47827,-41.17876],[-71.47877,-41.1778],[-71.48164,-41.1764],[-71.48539,-41.1756],[-71.48608,-41.17478],[-71.48651,-41.17024],[-71.48488,-41.16728],[-71.48459,-41.16545],[-71.48284,-41.16302],[-71.48274,-41.16162],[-71.48104,-41.16032],[-71.47978,-41.16007],[-71.47708,-41.15866],[-71.47378,-41.15631],[-71.46807,-41.15627],[-71.45705,-41.15202],[-71.45073,-41.14418],[-71.46074,-41.14413],[-71.51971,-41.13946],[-71.51437,-41.11686],[-71.53499,-41.10786],[-71.53884,-41.1129],[-71.54041,-41.11221],[-71.54781,-41.12145],[-71.58132,-41.10681],[-71.57022,-41.09229],[-71.58801,-41.0782],[-71.58616,-41.07781],[-71.58549,-41.07678],[-71.58472,-41.07652],[-71.58456,-41.07535],[-71.58388,-41.07516],[-71.58355,-41.07387],[-71.58168,-41.07219],[-71.58186,-41.07103],[-71.58118,-41.07044],[-71.5806,-41.06864],[-71.58053,-41.0667],[-71.57856,-41.0676],[-71.57915,-41.06928],[-71.5788,-41.07018],[-71.57795,-41.07075],[-71.57837,-41.07121],[-71.57538,-41.07223],[-71.57385,-41.0719],[-71.57342,-41.07261],[-71.57401,-41.07313],[-71.57367,-41.07383],[-71.57222,-41.07434],[-71.57187,-41.07518],[-71.56881,-41.07485],[-71.56814,-41.07285],[-71.56746,-41.0731],[-71.56465,-41.07225],[-71.56355,-41.07141],[-71.56509,-41.07103],[-71.56714,-41.06955],[-71.56884,-41.06917],[-71.56936,-41.06827],[-71.57021,-41.06828],[-71.5703,-41.06744],[-71.57227,-41.06622],[-71.57181,-41.06543],[-71.56969,-41.0643],[-71.57022,-41.06373],[-71.56959,-41.06301],[-71.57055,-41.0618],[-71.57215,-41.06188],[-71.57318,-41.0615],[-71.57377,-41.06208],[-71.57454,-41.06176],[-71.57513,-41.06215],[-71.5759,-41.06196],[-71.57616,-41.06151],[-71.57573,-41.06112],[-71.57651,-41.05938],[-71.57908,-41.05701],[-71.57816,-41.05533],[-71.57875,-41.05481],[-71.57902,-41.05359],[-71.5797,-41.05321],[-71.57979,-41.05198],[-71.58048,-41.05166],[-71.58023,-41.05108],[-71.58108,-41.04986],[-71.58066,-41.04928],[-71.58169,-41.04838],[-71.58127,-41.04799],[-71.58178,-41.04773],[-71.58213,-41.04651],[-71.58112,-41.04464],[-71.57954,-41.03812],[-71.57793,-41.0376],[-71.57563,-41.03811],[-71.57375,-41.0388],[-71.57101,-41.0408],[-71.56692,-41.04181],[-71.56686,-41.04083],[-71.56775,-41.03955],[-71.56728,-41.03919],[-71.56742,-41.03816],[-71.5647,-41.03835],[-71.56401,-41.03948],[-71.56448,-41.03974],[-71.56427,-41.04103],[-71.56292,-41.03974],[-71.5625,-41.04025],[-71.56176,-41.03994],[-71.56265,-41.03896],[-71.56252,-41.0385],[-71.56108,-41.03906],[-71.56047,-41.03839],[-71.56069,-41.0372],[-71.56007,-41.03787],[-71.55905,-41.03781],[-71.55897,-41.03859],[-71.55829,-41.03838],[-71.55795,-41.03941],[-71.55638,-41.03945],[-71.5559,-41.03981],[-71.55372,-41.0396],[-71.55209,-41.03892],[-71.55127,-41.03913],[-71.5504,-41.0383],[-71.54978,-41.03835],[-71.54691,-41.0404],[-71.54553,-41.04276],[-71.54423,-41.04333],[-71.54368,-41.0443],[-71.54402,-41.04467],[-71.54306,-41.04533],[-71.5417,-41.04564],[-71.54014,-41.04465],[-71.53857,-41.04537],[-71.53746,-41.04706],[-71.53739,-41.04856],[-71.53616,-41.04896],[-71.53615,-41.05005],[-71.53445,-41.04937],[-71.53349,-41.05014],[-71.53321,-41.05117],[-71.53443,-41.05205],[-71.53333,-41.05344],[-71.5317,-41.05374],[-71.53115,-41.05317],[-71.5315,-41.05214],[-71.53035,-41.05188],[-71.52973,-41.05275],[-71.53108,-41.05389],[-71.53039,-41.05487],[-71.52971,-41.05471],[-71.52831,-41.0529],[-71.52883,-41.05226],[-71.52841,-41.05187],[-71.52851,-41.04962],[-71.52751,-41.04594],[-71.52633,-41.04497],[-71.52556,-41.04509],[-71.5231,-41.04437],[-71.52276,-41.04334],[-71.52047,-41.04211],[-71.52013,-41.04307],[-71.51842,-41.04332],[-71.51595,-41.04331],[-71.51477,-41.0426],[-71.51391,-41.04266],[-71.5128,-41.04369],[-71.50956,-41.04503],[-71.50658,-41.04443],[-71.50624,-41.04495],[-71.50402,-41.04539],[-71.50376,-41.04597],[-71.50206,-41.04615],[-71.50137,-41.04686],[-71.49992,-41.04731],[-71.49983,-41.04821],[-71.49897,-41.04891],[-71.49726,-41.04942],[-71.49394,-41.04934],[-71.49283,-41.04992],[-71.48977,-41.05003],[-71.48985,-41.05087],[-71.48933,-41.05125],[-71.4849,-41.05207],[-71.48326,-41.05419],[-71.47884,-41.05411],[-71.47748,-41.05339],[-71.47391,-41.05318],[-71.47306,-41.05208],[-71.47342,-41.05022],[-71.4724,-41.0497],[-71.47215,-41.04866],[-71.47267,-41.04751],[-71.47115,-41.04685],[-71.47003,-41.04782],[-71.46968,-41.04917],[-71.46831,-41.05039],[-71.46669,-41.05089],[-71.46651,-41.05128],[-71.46524,-41.0514],[-71.46446,-41.05262],[-71.4607,-41.05441],[-71.45907,-41.05627],[-71.45676,-41.05729],[-71.45649,-41.05858],[-71.45513,-41.05877],[-71.45461,-41.05967],[-71.45135,-41.0612],[-71.45067,-41.06203],[-71.44905,-41.06254],[-71.44845,-41.06331],[-71.4464,-41.06414],[-71.44546,-41.06407],[-71.44297,-41.06638],[-71.44136,-41.06644],[-71.44092,-41.0674],[-71.43981,-41.06759],[-71.43878,-41.06874],[-71.4375,-41.06919],[-71.43552,-41.07124],[-71.43398,-41.07214],[-71.43338,-41.07349],[-71.43158,-41.07483],[-71.43097,-41.07592],[-71.42969,-41.07656],[-71.42925,-41.07753],[-71.42754,-41.07816],[-71.42642,-41.07977],[-71.42583,-41.07989],[-71.42573,-41.08125],[-71.42479,-41.08189],[-71.42469,-41.08311],[-71.42357,-41.08452],[-71.42237,-41.08523],[-71.42176,-41.08722],[-71.42235,-41.08819],[-71.42166,-41.08902],[-71.4219,-41.09051],[-71.42138,-41.0916],[-71.42172,-41.0918],[-71.42335,-41.09039],[-71.4242,-41.09039],[-71.42496,-41.09091],[-71.42368,-41.09174],[-71.4241,-41.09213],[-71.42521,-41.09156],[-71.42659,-41.09002],[-71.42839,-41.08912],[-71.43068,-41.09036],[-71.43248,-41.08805],[-71.43439,-41.08851],[-71.43464,-41.0889],[-71.43524,-41.08864],[-71.43533,-41.08819],[-71.43875,-41.08563],[-71.44023,-41.08286],[-71.44185,-41.08184],[-71.4422,-41.08068],[-71.4428,-41.08043],[-71.44264,-41.07927],[-71.44426,-41.07758],[-71.4448,-41.07488],[-71.44446,-41.07423],[-71.44592,-41.07327],[-71.44593,-41.07231],[-71.44806,-41.07122],[-71.45013,-41.0691],[-71.45311,-41.06886],[-71.45575,-41.0681],[-71.45694,-41.06869],[-71.45916,-41.06876],[-71.46051,-41.06928],[-71.46256,-41.06865],[-71.46435,-41.06891],[-71.4647,-41.06808],[-71.46667,-41.06673],[-71.46667,-41.06609],[-71.46812,-41.06564],[-71.46821,-41.065],[-71.46992,-41.06423],[-71.47293,-41.06103],[-71.47455,-41.06],[-71.47593,-41.0582],[-71.47594,-41.05756],[-71.479,-41.05738],[-71.47968,-41.05725],[-71.47977,-41.05674],[-71.48148,-41.05662],[-71.48309,-41.05727],[-71.48479,-41.05708],[-71.48521,-41.05812],[-71.48581,-41.05831],[-71.48641,-41.05793],[-71.48624,-41.05761],[-71.48854,-41.05742],[-71.4899,-41.05762],[-71.49134,-41.05847],[-71.49116,-41.05937],[-71.49022,-41.0602],[-71.48766,-41.06096],[-71.48705,-41.06264],[-71.48535,-41.06231],[-71.48517,-41.06308],[-71.48568,-41.06385],[-71.48396,-41.06526],[-71.48319,-41.06655],[-71.48157,-41.06654],[-71.47909,-41.06795],[-71.47747,-41.06788],[-71.47439,-41.0698],[-71.47371,-41.06934],[-71.47164,-41.06917],[-71.47055,-41.07152],[-71.469,-41.0728],[-71.46644,-41.07414],[-71.46533,-41.07427],[-71.46464,-41.07491],[-71.45979,-41.07437],[-71.45962,-41.07495],[-71.46021,-41.07515],[-71.46021,-41.07579],[-71.45952,-41.07624],[-71.45934,-41.07759],[-71.45874,-41.0781],[-71.45738,-41.07803],[-71.45754,-41.07874],[-71.45582,-41.08073],[-71.45411,-41.08156],[-71.45385,-41.08253],[-71.45188,-41.08355],[-71.45196,-41.08381],[-71.45299,-41.08355],[-71.45341,-41.08394],[-71.45212,-41.08523],[-71.45271,-41.08613],[-71.45204,-41.08686],[-71.45203,-41.08785],[-71.45044,-41.08949],[-71.44853,-41.08923],[-71.44596,-41.09033],[-71.44513,-41.09136],[-71.44529,-41.09248],[-71.44637,-41.09273],[-71.44555,-41.09388],[-71.44519,-41.09763],[-71.44146,-41.09873],[-71.43872,-41.10234],[-71.43892,-41.10289],[-71.43767,-41.10367],[-71.43723,-41.10548],[-71.43765,-41.10603],[-71.43671,-41.10634],[-71.43483,-41.10618],[-71.43264,-41.10688],[-71.43211,-41.10758],[-71.43065,-41.10821],[-71.42939,-41.10985],[-71.42699,-41.10968],[-71.4243,-41.10833],[-71.42148,-41.10847],[-71.4197,-41.10957],[-71.41916,-41.11193],[-71.41135,-41.11252],[-71.41124,-41.11299],[-71.41061,-41.11291],[-71.40936,-41.11385],[-71.40769,-41.11415],[-71.40601,-41.11525],[-71.40319,-41.11626],[-71.40308,-41.11689],[-71.40182,-41.11751],[-71.4014,-41.11869],[-71.40088,-41.11877],[-71.39846,-41.12127],[-71.3971,-41.12166],[-71.39357,-41.12038],[-71.39212,-41.11911],[-71.38827,-41.11941],[-71.38692,-41.11869],[-71.38629,-41.119],[-71.38369,-41.11852],[-71.38212,-41.11914],[-71.37871,-41.11833],[-71.37453,-41.11997],[-71.37379,-41.12075],[-71.37316,-41.1209],[-71.37223,-41.12043],[-71.36993,-41.12096],[-71.36806,-41.12095],[-71.36701,-41.12189],[-71.36586,-41.12204],[-71.36513,-41.12259],[-71.36356,-41.12274],[-71.36304,-41.12321],[-71.36189,-41.12289],[-71.35844,-41.1246],[-71.3575,-41.12468],[-71.35718,-41.1253],[-71.35562,-41.12577],[-71.35561,-41.12616],[-71.35415,-41.12615],[-71.35342,-41.1267],[-71.35175,-41.12653],[-71.35175,-41.12709],[-71.35018,-41.12747],[-71.34945,-41.12825],[-71.3482,-41.12817],[-71.34756,-41.12903],[-71.34526,-41.12981],[-71.34381,-41.1298],[-71.34338,-41.13027],[-71.34172,-41.13034],[-71.34088,-41.13096],[-71.33963,-41.13096],[-71.33816,-41.1315],[-71.33514,-41.13156],[-71.3342,-41.13195],[-71.32918,-41.13115],[-71.32567,-41.13144],[-71.32459,-41.13112],[-71.32136,-41.13116],[-71.31534,-41.13245],[-71.31188,-41.13211],[-71.30757,-41.13259],[-71.30505,-41.13201],[-71.30337,-41.13193],[-71.30286,-41.13231],[-71.30126,-41.13179],[-71.30042,-41.1321],[-71.29941,-41.13184],[-71.29645,-41.13234],[-71.29318,-41.13235],[-71.29233,-41.13272],[-71.28891,-41.1292],[-71.28438,-41.1279],[-71.28261,-41.12814],[-71.28017,-41.12762],[-71.27898,-41.12825],[-71.27781,-41.12773],[-71.27688,-41.1281],[-71.27494,-41.12797],[-71.27468,-41.12835],[-71.27291,-41.12833],[-71.27249,-41.12878],[-71.27046,-41.12908],[-71.26945,-41.1287],[-71.26718,-41.129],[-71.26322,-41.12821],[-71.26027,-41.1287],[-71.25808,-41.1285],[-71.25641,-41.12727],[-71.25608,-41.12625],[-71.25508,-41.1258],[-71.2535,-41.12343],[-71.25174,-41.12246],[-71.25128,-41.12141],[-71.25041,-41.12125],[-71.24975,-41.12041],[-71.24764,-41.11995],[-71.24404,-41.11834],[-71.24185,-41.1182],[-71.24143,-41.11857],[-71.2389,-41.11862],[-71.23747,-41.11791],[-71.23688,-41.1181],[-71.23267,-41.11555],[-71.23101,-41.11331],[-71.22706,-41.11201],[-71.22497,-41.11066],[-71.22237,-41.1102],[-71.22036,-41.10923],[-71.21671,-41.1088],[-71.21344,-41.10744],[-71.21151,-41.10718],[-71.21126,-41.10679],[-71.2094,-41.10691],[-71.2073,-41.10626],[-71.20647,-41.10555],[-71.20546,-41.10554],[-71.20379,-41.10413],[-71.19833,-41.10282],[-71.1975,-41.1023],[-71.19447,-41.10202],[-71.19151,-41.10251],[-71.189,-41.10167],[-71.18776,-41.09981],[-71.18802,-41.09886],[-71.18752,-41.09847],[-71.18762,-41.09682],[-71.18697,-41.0949],[-71.18719,-41.0914],[-71.18825,-41.08778],[-71.18757,-41.08449],[-71.18711,-41.08278],[-71.18527,-41.08098],[-71.18504,-41.08006],[-71.18327,-41.0791],[-71.18319,-41.0783],[-71.18028,-41.07606],[-71.17951,-41.07594],[-71.17789,-41.07407],[-71.17272,-41.07179],[-71.17148,-41.07079],[-71.17075,-41.07112],[-71.16908,-41.07012],[-71.16615,-41.0693],[-71.16556,-41.06791],[-71.16584,-41.06707],[-71.16512,-41.06654],[-71.16456,-41.06514],[-71.16298,-41.06475],[-71.15916,-41.06106],[-71.15305,-41.0573],[-71.15242,-41.05574],[-71.14738,-41.05716],[-71.14326,-41.05701],[-71.13896,-41.05495],[-71.13464,-41.05076],[-71.13349,-41.0506],[-71.13253,-41.04973],[-71.12884,-41.04564],[-71.12569,-41.03848],[-71.12523,-41.03639],[-71.12608,-41.03332],[-71.12628,-41.03012],[-71.12522,-41.02433],[-71.12346,-41.02128],[-71.12083,-41.01943],[-71.1195,-41.01914],[-71.11848,-41.018],[-71.11619,-41.01326],[-71.1154,-41.0128],[-71.11439,-41.00736],[-71.11288,-41.00664],[-71.11006,-41.00677],[-71.10877,-41.00752],[-71.10755,-41.00751],[-71.10395,-41.00333],[-71.10102,-41.00133],[-71.0977,-41.00036],[-71.09486,-41.00018],[-71.09323,-41.00048],[-71.09181,-41.00016],[-71.0904,-40.99953],[-71.088,-40.99721],[-71.08864,-40.99475],[-71.08987,-40.99414],[-71.09129,-40.99354],[-71.09596,-40.99358],[-71.10024,-40.99284],[-71.10127,-40.99177],[-71.10119,-40.99079],[-71.09362,-40.98781],[-71.08795,-40.987],[-71.08577,-40.98579],[-71.08468,-40.98564],[-71.0839,-40.98458],[-71.08207,-40.98376],[-71.07853,-40.98377],[-71.07556,-40.98434],[-71.07293,-40.9837],[-71.07092,-40.98245],[-71.07033,-40.9806],[-71.06893,-40.98001],[-71.06744,-40.98001],[-71.06077,-40.98191],[-71.05977,-40.98129],[-71.05746,-40.97742],[-71.05678,-40.97742],[-71.05578,-40.97649],[-71.05621,-40.97434],[-71.05582,-40.97326],[-71.05389,-40.97162],[-71.05183,-40.96861],[-71.05204,-40.96628],[-71.05108,-40.96529],[-71.05141,-40.96467],[-71.04999,-40.96258],[-71.04659,-40.96168],[-71.04605,-40.96098],[-71.04207,-40.95967],[-71.04081,-40.95876],[-71.03773,-40.95795],[-71.03706,-40.95714],[-71.03564,-40.95519],[-71.03565,-40.9542],[-71.03801,-40.94832],[-71.03949,-40.94747],[-71.04077,-40.94822],[-71.04208,-40.94786],[-71.04113,-40.94625],[-71.03984,-40.9455],[-71.03921,-40.94426],[-71.03696,-40.94252],[-71.03681,-40.94154],[-71.0357,-40.94005],[-71.03685,-40.93883],[-71.03671,-40.93828],[-71.03559,-40.93692],[-71.03456,-40.93677],[-71.03189,-40.93453],[-71.03126,-40.93304],[-71.03214,-40.9285],[-71.03477,-40.92593],[-71.03561,-40.92434],[-71.03498,-40.92264],[-71.03097,-40.91855],[-71.03159,-40.91748],[-71.03426,-40.9155],[-71.03448,-40.91396],[-71.0353,-40.91335],[-71.03353,-40.90949],[-71.03316,-40.90718],[-71.03358,-40.90611],[-71.03342,-40.90349],[-71.03385,-40.90165],[-71.03712,-40.89952],[-71.03925,-40.89541],[-71.03817,-40.89203],[-71.03907,-40.88619],[-71.04071,-40.88467],[-71.04579,-40.88348],[-71.05046,-40.88352],[-71.05249,-40.88277],[-71.05311,-40.88185],[-71.05213,-40.88008],[-71.04788,-40.87965],[-71.04687,-40.87934],[-71.04627,-40.87856],[-71.04588,-40.87763],[-71.0465,-40.87687],[-71.0459,-40.87594],[-71.04596,-40.8721],[-71.04659,-40.87056],[-71.05106,-40.86937],[-71.05247,-40.86984],[-71.05371,-40.86878],[-71.05454,-40.8674],[-71.05597,-40.86633],[-71.056,-40.86403],[-71.05703,-40.86326],[-71.05865,-40.86328],[-71.05965,-40.85858],[-71.06031,-40.85772],[-71.06276,-40.85651],[-71.0667,-40.85334],[-71.0677,-40.85077],[-71.07064,-40.84931],[-71.07291,-40.84921],[-71.07386,-40.85082],[-71.07451,-40.85082],[-71.07466,-40.85156],[-71.07724,-40.85257],[-71.08129,-40.85285],[-71.08341,-40.85225],[-71.08421,-40.85262],[-71.08567,-40.85239],[-71.08588,-40.84919],[-71.08754,-40.84613],[-71.08918,-40.84503],[-71.09067,-40.84258],[-71.09165,-40.8421],[-71.09248,-40.84075],[-71.09427,-40.83978],[-71.09622,-40.83955],[-71.09978,-40.84007],[-71.09963,-40.83908],[-71.1011,-40.83811],[-71.10095,-40.83749],[-71.10177,-40.83639],[-71.10101,-40.83485],[-71.09541,-40.83305],[-71.09341,-40.83294],[-71.093,-40.83246],[-71.0908,-40.83187],[-71.09131,-40.82966],[-71.09213,-40.82918],[-71.09165,-40.8288],[-71.09214,-40.82807],[-71.09167,-40.8272],[-71.09217,-40.8261],[-71.0917,-40.82524],[-71.09251,-40.82475],[-71.09413,-40.82476],[-71.09674,-40.82367],[-71.10015,-40.82296],[-71.10114,-40.82199],[-71.10094,-40.82054],[-71.09971,-40.81964],[-71.09962,-40.8191],[-71.09898,-40.81906],[-71.098,-40.8173],[-71.09897,-40.81583],[-71.09907,-40.81406],[-71.10025,-40.81235],[-71.1091,-40.80851],[-71.1091,-40.80802],[-71.11188,-40.80631],[-71.11724,-40.805],[-71.11807,-40.80468],[-71.1183,-40.80403],[-71.1184,-40.80233],[-71.11745,-40.7995],[-71.11706,-40.79608],[-71.11793,-40.79141],[-71.11859,-40.79018],[-71.11829,-40.7887],[-71.11702,-40.78685],[-71.1175,-40.78545],[-71.11704,-40.78488],[-71.11736,-40.78324],[-71.11872,-40.78046],[-71.12051,-40.77973],[-71.12303,-40.77973],[-71.12194,-40.77719],[-71.12261,-40.7756],[-71.11915,-40.77067],[-71.11754,-40.76731],[-71.1174,-40.76583],[-71.11855,-40.76449],[-71.1189,-40.76252],[-71.12,-40.76109],[-71.11962,-40.75895],[-71.11904,-40.75944],[-71.1176,-40.75937],[-71.11557,-40.75664],[-71.11019,-40.75507],[-71.11007,-40.75326],[-71.11068,-40.75249],[-71.10983,-40.75118],[-71.10773,-40.7505],[-71.1042,-40.74801],[-71.10135,-40.7469],[-71.10048,-40.74358],[-71.10069,-40.74266],[-71.10201,-40.74246],[-71.10232,-40.74174],[-71.10173,-40.74082],[-71.10155,-40.73886],[-71.10095,-40.7382],[-71.09813,-40.73741],[-71.09752,-40.73653],[-71.09682,-40.73411],[-71.09744,-40.73205],[-71.09579,-40.73077],[-71.09382,-40.72737],[-71.08678,-40.72574],[-71.08627,-40.72481],[-71.08353,-40.72529],[-71.0798,-40.7267],[-71.07809,-40.725],[-71.15033,-40.66582],[-71.15055,-40.666],[-71.19997,-40.62515],[-71.35969,-40.49261],[-71.35969,-40.49261],[-71.38102,-40.50758],[-71.3881,-40.48689],[-71.39792,-40.47483],[-71.53566,-40.35136],[-71.53509,-40.32764],[-71.53547,-40.32727],[-71.6347,-40.22862],[-71.63117,-40.20468],[-71.63455,-40.19738],[-71.63208,-40.19074],[-71.63116,-40.18826],[-71.63025,-40.18579],[-71.63025,-40.1857],[-71.63024,-40.18084],[-71.63107,-40.18101],[-71.63315,-40.18203],[-71.63454,-40.18338],[-71.63663,-40.18354]]],[[[-71.46237,-40.6406],[-71.44719,-40.64782],[-71.41728,-40.6563],[-71.38517,-40.67155],[-71.37707,-40.66166],[-71.3817,-40.661],[-71.38463,-40.66008],[-71.39122,-40.65624],[-71.3926,-40.65613],[-71.3988,-40.65395],[-71.40396,-40.65083],[-71.40889,-40.6489],[-71.41413,-40.64938],[-71.41895,-40.64776],[-71.4197,-40.64853],[-71.42127,-40.64908],[-71.42586,-40.64903],[-71.43361,-40.64654],[-71.43842,-40.64582],[-71.4388,-40.6449],[-71.44375,-40.64203],[-71.44897,-40.63982],[-71.45107,-40.63959],[-71.45487,-40.63571],[-71.4573,-40.63652],[-71.45954,-40.63913],[-71.46237,-40.6406]]],[[[-71.65967,-40.78385],[-71.65857,-40.78309],[-71.6582,-40.78374],[-71.65753,-40.78365],[-71.65723,-40.78286],[-71.65431,-40.78201],[-71.6491,-40.78622],[-71.64812,-40.7864],[-71.64676,-40.78625],[-71.64599,-40.78565],[-71.64467,-40.78579],[-71.64106,-40.78805],[-71.64023,-40.78796],[-71.63994,-40.78684],[-71.63835,-40.78586],[-71.63506,-40.78516],[-71.63464,-40.78399],[-71.63379,-40.78357],[-71.63271,-40.78165],[-71.62942,-40.78028],[-71.62745,-40.78086],[-71.62739,-40.78216],[-71.62536,-40.78406],[-71.62492,-40.78563],[-71.62784,-40.78954],[-71.62814,-40.78926],[-71.6274,-40.79144],[-71.62605,-40.79172],[-71.62557,-40.79093],[-71.62618,-40.79042],[-71.62527,-40.78972],[-71.62192,-40.78859],[-71.6207,-40.78743],[-71.61784,-40.787],[-71.6165,-40.78729],[-71.61478,-40.78834],[-71.6144,-40.78933],[-71.61468,-40.79161],[-71.61586,-40.7948],[-71.6154,-40.79641],[-71.61594,-40.79739],[-71.61494,-40.79822],[-71.61373,-40.80094],[-71.61256,-40.80179],[-71.60953,-40.80207],[-71.60614,-40.80311],[-71.59851,-40.80341],[-71.59757,-40.80628],[-71.59653,-40.80753],[-71.59567,-40.80846],[-71.59396,-40.80891],[-71.59205,-40.81086],[-71.59126,-40.81048],[-71.59091,-40.80952],[-71.59207,-40.80835],[-71.5922,-40.80557],[-71.59304,-40.80451],[-71.59185,-40.8039],[-71.59155,-40.80315],[-71.59289,-40.80316],[-71.59455,-40.80133],[-71.59755,-40.80043],[-71.59755,-40.79988],[-71.59547,-40.79906],[-71.59067,-40.79927],[-71.58704,-40.80216],[-71.58653,-40.80462],[-71.58431,-40.80893],[-71.58369,-40.80985],[-71.58131,-40.81062],[-71.58006,-40.81341],[-71.57828,-40.81562],[-71.57796,-40.8188],[-71.58183,-40.82337],[-71.58177,-40.8246],[-71.57992,-40.8264],[-71.57406,-40.82531],[-71.5705,-40.828],[-71.57062,-40.82887],[-71.57007,-40.82943],[-71.5686,-40.82993],[-71.56725,-40.83137],[-71.56222,-40.83399],[-71.55414,-40.83628],[-71.5523,-40.8372],[-71.54276,-40.83879],[-71.54016,-40.83979],[-71.53874,-40.83903],[-71.53774,-40.83741],[-71.53775,-40.83631],[-71.53519,-40.83366],[-71.53498,-40.83255],[-71.53554,-40.83153],[-71.53443,-40.83093],[-71.53511,-40.82889],[-71.53445,-40.82838],[-71.53535,-40.8277],[-71.53569,-40.82668],[-71.5348,-40.82642],[-71.53436,-40.82498],[-71.5356,-40.82371],[-71.53515,-40.82336],[-71.53506,-40.82055],[-71.53586,-40.81915],[-71.56557,-40.81916],[-71.56893,-40.81383],[-71.57572,-40.80921],[-71.57916,-40.80624],[-71.5822,-40.8012],[-71.58324,-40.80075],[-71.58291,-40.76373],[-71.59051,-40.75467],[-71.58931,-40.75375],[-71.58912,-40.75253],[-71.58785,-40.75169],[-71.58765,-40.75065],[-71.58616,-40.75039],[-71.58485,-40.74916],[-71.58524,-40.74821],[-71.5843,-40.74762],[-71.58455,-40.74701],[-71.58399,-40.74664],[-71.58605,-40.74224],[-71.58539,-40.74145],[-71.58674,-40.73994],[-71.58614,-40.73947],[-71.61136,-40.7331],[-71.61134,-40.72835],[-71.62168,-40.72835],[-71.62168,-40.73239],[-71.63412,-40.73239],[-71.63411,-40.72734],[-71.64687,-40.72734],[-71.64686,-40.71463],[-71.65103,-40.71463],[-71.65056,-40.72225],[-71.65656,-40.73292],[-71.66375,-40.73999],[-71.66602,-40.74031],[-71.66913,-40.73956],[-71.6717,-40.73588],[-71.67115,-40.73488],[-71.67079,-40.73125],[-71.68826,-40.71455],[-71.69567,-40.7051],[-71.71491,-40.69057],[-71.72394,-40.68109],[-71.73126,-40.68157],[-71.72397,-40.69075],[-71.72128,-40.69041],[-71.71936,-40.6923],[-71.71798,-40.70045],[-71.71721,-40.70103],[-71.7158,-40.7003],[-71.71413,-40.70067],[-71.70973,-40.70626],[-71.70857,-40.70844],[-71.70856,-40.71092],[-71.7061,-40.71584],[-71.70509,-40.71616],[-71.69931,-40.71545],[-71.69876,-40.71716],[-71.69742,-40.71818],[-71.69376,-40.72283],[-71.69088,-40.72457],[-71.68646,-40.72631],[-71.68292,-40.72925],[-71.68125,-40.73007],[-71.6805,-40.73139],[-71.67724,-40.73328],[-71.67719,-40.7344],[-71.67589,-40.73502],[-71.67396,-40.73691],[-71.67338,-40.73924],[-71.67164,-40.74127],[-71.6678,-40.74401],[-71.66778,-40.74753],[-71.66854,-40.7484],[-71.66911,-40.75045],[-71.6691,-40.75263],[-71.66774,-40.75697],[-71.66712,-40.76168],[-71.66724,-40.76523],[-71.66678,-40.76637],[-71.66768,-40.76772],[-71.66746,-40.76984],[-71.66864,-40.77111],[-71.66773,-40.77166],[-71.66698,-40.77361],[-71.66594,-40.77402],[-71.66587,-40.7769],[-71.66429,-40.77979],[-71.66359,-40.78083],[-71.662,-40.78088],[-71.66069,-40.78142],[-71.66074,-40.78318],[-71.66099,-40.78351],[-71.66121,-40.78381],[-71.6613,-40.7838],[-71.66154,-40.78378],[-71.66167,-40.78377],[-71.66186,-40.78368],[-71.66223,-40.78349],[-71.66309,-40.78354],[-71.663,-40.78476],[-71.66292,-40.78561],[-71.6634,-40.78635],[-71.66285,-40.78741],[-71.66204,-40.78851],[-71.6609,-40.7891],[-71.66019,-40.78907],[-71.65876,-40.79076],[-71.65731,-40.79229],[-71.65656,-40.79401],[-71.65674,-40.7945],[-71.65648,-40.79598],[-71.65534,-40.79758],[-71.65515,-40.79835],[-71.65632,-40.79992],[-71.65589,-40.80146],[-71.65482,-40.80276],[-71.65529,-40.80535],[-71.65456,-40.80796],[-71.65346,-40.80972],[-71.65344,-40.81107],[-71.65273,-40.81235],[-71.65199,-40.81388],[-71.65137,-40.8149],[-71.65113,-40.81613],[-71.64969,-40.81866],[-71.64869,-40.82019],[-71.64809,-40.82247],[-71.6455,-40.82573],[-71.64434,-40.82891],[-71.64317,-40.83098],[-71.64289,-40.83213],[-71.64248,-40.83328],[-71.64232,-40.83418],[-71.64239,-40.83503],[-71.64196,-40.83681],[-71.6408,-40.83916],[-71.64046,-40.84026],[-71.63975,-40.84138],[-71.63923,-40.84199],[-71.6388,-40.84285],[-71.63756,-40.84396],[-71.63633,-40.84519],[-71.63497,-40.8456],[-71.63469,-40.84618],[-71.63421,-40.84756],[-71.63367,-40.84839],[-71.6329,-40.84932],[-71.63229,-40.85029],[-71.6321,-40.85108],[-71.63248,-40.8518],[-71.6321,-40.85367],[-71.63112,-40.85499],[-71.63027,-40.85606],[-71.62867,-40.85694],[-71.62806,-40.85669],[-71.62791,-40.85651],[-71.62739,-40.85651],[-71.62692,-40.85655],[-71.62649,-40.85659],[-71.62606,-40.85709],[-71.62582,-40.8577],[-71.62606,-40.85871],[-71.62577,-40.85959],[-71.62492,-40.86072],[-71.62373,-40.86151],[-71.62297,-40.86223],[-71.62154,-40.86313],[-71.6214,-40.86363],[-71.62116,-40.86399],[-71.6205,-40.86435],[-71.61993,-40.86489],[-71.61959,-40.86503],[-71.61936,-40.86521],[-71.61845,-40.8664],[-71.61741,-40.86662],[-71.61689,-40.86629],[-71.61722,-40.86539],[-71.61788,-40.86521],[-71.61836,-40.86482],[-71.61803,-40.86439],[-71.6176,-40.86403],[-71.6156,-40.86374],[-71.61518,-40.8635],[-71.61489,-40.86334],[-71.61513,-40.86306],[-71.61498,-40.8627],[-71.61484,-40.86209],[-71.61478,-40.86201],[-71.6146,-40.8618],[-71.61408,-40.86122],[-71.61465,-40.86014],[-71.61437,-40.85989],[-71.61479,-40.85939],[-71.6147,-40.85899],[-71.61472,-40.85866],[-71.61475,-40.8582],[-71.61448,-40.85784],[-71.61405,-40.85825],[-71.61394,-40.85835],[-71.61351,-40.85813],[-71.61367,-40.85798],[-71.61406,-40.85761],[-71.61344,-40.85738],[-71.61314,-40.85755],[-71.61299,-40.85763],[-71.61265,-40.85756],[-71.61279,-40.85726],[-71.61289,-40.85705],[-71.61265,-40.85662],[-71.61189,-40.85619],[-71.61123,-40.85572],[-71.61061,-40.85522],[-71.60828,-40.85468],[-71.60733,-40.85396],[-71.60733,-40.85342],[-71.60595,-40.85303],[-71.60557,-40.8531],[-71.60547,-40.85332],[-71.60486,-40.85371],[-71.6041,-40.85357],[-71.60381,-40.85292],[-71.60339,-40.85339],[-71.603,-40.85321],[-71.60262,-40.85234],[-71.60267,-40.85152],[-71.60262,-40.85022],[-71.60296,-40.84929],[-71.60386,-40.849],[-71.60448,-40.8485],[-71.60495,-40.84788],[-71.60567,-40.84752],[-71.60574,-40.84744],[-71.60605,-40.84709],[-71.60596,-40.84671],[-71.60586,-40.8463],[-71.60543,-40.84537],[-71.60448,-40.84429],[-71.60418,-40.8441],[-71.60305,-40.84339],[-71.60139,-40.8426],[-71.60058,-40.84235],[-71.60044,-40.84155],[-71.59996,-40.84134],[-71.59892,-40.8412],[-71.59744,-40.84112],[-71.59677,-40.8414],[-71.59587,-40.84177],[-71.59516,-40.84181],[-71.59511,-40.84141],[-71.59602,-40.8408],[-71.5973,-40.83994],[-71.59825,-40.83951],[-71.60058,-40.83915],[-71.60129,-40.83774],[-71.60234,-40.83753],[-71.60319,-40.83738],[-71.60362,-40.83702],[-71.60377,-40.83645],[-71.60322,-40.83578],[-71.60296,-40.83497],[-71.60319,-40.8344],[-71.60334,-40.83371],[-71.60419,-40.83296],[-71.60533,-40.83163],[-71.60705,-40.82987],[-71.60785,-40.82911],[-71.60904,-40.82839],[-71.61071,-40.82656],[-71.61132,-40.82523],[-71.61218,-40.82429],[-71.61342,-40.82296],[-71.61536,-40.81958],[-71.61641,-40.81882],[-71.61779,-40.81764],[-71.61926,-40.81677],[-71.61967,-40.81652],[-71.62038,-40.81657],[-71.62064,-40.81632],[-71.62026,-40.81555],[-71.62078,-40.81506],[-71.62126,-40.81443],[-71.62235,-40.81364],[-71.62383,-40.81264],[-71.62463,-40.81195],[-71.62587,-40.81134],[-71.62649,-40.81102],[-71.62668,-40.81051],[-71.62763,-40.80986],[-71.62825,-40.80961],[-71.62967,-40.80835],[-71.63053,-40.80796],[-71.63276,-40.8072],[-71.63354,-40.80702],[-71.63433,-40.80684],[-71.63519,-40.80659],[-71.63571,-40.80627],[-71.63618,-40.80598],[-71.63633,-40.8058],[-71.63652,-40.80562],[-71.63773,-40.80497],[-71.63837,-40.80479],[-71.64009,-40.80356],[-71.64084,-40.80287],[-71.64277,-40.80164],[-71.6445,-40.80085],[-71.64536,-40.80011],[-71.64561,-40.79981],[-71.64562,-40.79976],[-71.64568,-40.79837],[-71.64598,-40.79794],[-71.64593,-40.79731],[-71.64636,-40.79702],[-71.64669,-40.79641],[-71.6489,-40.79565],[-71.65068,-40.7945],[-71.65124,-40.79423],[-71.6518,-40.79373],[-71.65171,-40.79324],[-71.65201,-40.7929],[-71.65301,-40.79247],[-71.65349,-40.79198],[-71.65365,-40.79142],[-71.6537,-40.79083],[-71.65471,-40.78989],[-71.65539,-40.78939],[-71.65558,-40.7889],[-71.65572,-40.78826],[-71.65658,-40.78701],[-71.65789,-40.78653],[-71.6585,-40.7861],[-71.65912,-40.78579],[-71.65977,-40.78526],[-71.66,-40.78507],[-71.66021,-40.78477],[-71.6602,-40.7846],[-71.66019,-40.78442],[-71.66005,-40.78426],[-71.65967,-40.78385]]]]},"properties":{"fid":6,"Name":"PN Nahuel Huapi","region":"DIRECCIÓN REGIONAL PATAGONIA NORTE","details":{"title":"Parque Nacional Nahuel Huapi","province":["Río Negro","Neuquén"],"created_year":1934,"area_ha":717261,"short_desc":"Parc andin-patagonien autour du lac Nahuel Huapi, mêlant forêts, montagnes et vallées glaciaires (région de Bariloche).","highlights":["Lago Nahuel Huapi","Cerro Tronador","Bosque andino-patagónico"],"unesco":false,"official_url":"https://www.argentina.gob.ar/parquesnacionales/nahuelhuapi","wikipedia_url":"https://es.wikipedia.org/wiki/Parque_nacional_Nahuel_Huapi","media":{"hero":{"title":"Orilla del Lago Nahuel Huapi (Bariloche, Patagonia)","file":"Lago_Nahuel_Huapi,_San_Carlos_de_Bariloche,_Patagonia_Argentina.jpg","author":"Luna929e9","license":"CC BY 4.0","license_url":"https://creativecommons.org/licenses/by/4.0","source":"Wikimedia Commons","url":"https://commons.wikimedia.org/wiki/Special:FilePath/Lago_Nahuel_Huapi%2C_San_Carlos_de_Bariloche%2C_Patagonia_Argentina.jpg","page":"https://commons.wikimedia.org/wiki/File:Lago_Nahuel_Huapi,_San_Carlos_de_Bariloche,_Patagonia_Argentina.jpg"}}},"attributes":{"categoryId":"Environnement","subCategoryId":"PARC","tags":["NATURE"],"gallery":["https://images.pexels.com/photos/2403205/pexels-photo-2403205.jpeg?auto=compress&cs=tinysrgb&w=800","https://images.pexels.com/photos/933054/pexels-photo-933054.jpeg?auto=compress&cs=tinysrgb&w=800","https://images.pexels.com/photos/572897/pexels-photo-572897.jpeg?auto=compress&cs=tinysrgb&w=800"],"short_desc":"Parc andin-patagonien autour du lac Nahuel Huapi, mêlant forêts, montagnes et vallées glaciaires (région de Bariloche).","informations":["Année de création : n.c.","Superficie : n.c."],"highlights":["Lago Nahuel Huapi","Cerro Tronador","Bosque andino-patagónico"],"external_links":["Site officiel : https://www.argentina.gob.ar/parquesnacionales/nahuelhuapi","Wikipedia : https://es.wikipedia.org/wiki/Parque_nacional_Nahuel_Huapi"],"photo":"https://images.pexels.com/photos/2403205/pexels-photo-2403205.jpeg?auto=compress&cs=tinysrgb&w=800","link_official":"https://www.argentina.gob.ar/parquesnacionales/nahuelhuapi","link_wikipedia":"https://es.wikipedia.org/wiki/Parque_nacional_Nahuel_Huapi"},"categoryId":"Environnement","subCategoryId":"PARC","tags":["NATURE"],"gallery":["https://images.pexels.com/photos/2403205/pexels-photo-2403205.jpeg?auto=compress&cs=tinysrgb&w=800","https://images.pexels.com/photos/933054/pexels-photo-933054.jpeg?auto=compress&cs=tinysrgb&w=800","https://images.pexels.com/photos/572897/pexels-photo-572897.jpeg?auto=compress&cs=tinysrgb&w=800"],"short_desc":"Parc andin-patagonien autour du lac Nahuel Huapi, mêlant forêts, montagnes et vallées glaciaires (région de Bariloche).","informations":["Année de création : n.c.","Superficie : n.c."],"highlights":["Lago Nahuel Huapi","Cerro Tronador","Bosque andino-patagónico"],"external_links":["Site officiel : https://www.argentina.gob.ar/parquesnacionales/nahuelhuapi","Wikipedia : https://es.wikipedia.org/wiki/Parque_nacional_Nahuel_Huapi"],"photo":"https://images.pexels.com/photos/2403205/pexels-photo-2403205.jpeg?auto=compress&cs=tinysrgb&w=800","link_official":"https://www.argentina.gob.ar/parquesnacionales/nahuelhuapi","link_wikipedia":"https://es.wikipedia.org/wiki/Parque_nacional_Nahuel_Huapi"}},{"type":"Feature","geometry":{"type":"Polygon","coordinates":[[[-65.45824,-37.80732],[-65.45752,-37.7817],[-65.54249,-37.78052],[-65.54409,-37.82553],[-65.65676,-37.8226],[-65.66396,-38.04897],[-65.54992,-38.05108],[-65.54551,-37.87132],[-65.45994,-37.87278],[-65.45824,-37.80732]]]},"properties":{"fid":7,"Name":"PN Lihué Calel","region":"DIRECCIÓN REGIONAL PATAGONIA NORTE","attributes":{"categoryId":"Environnement","subCategoryId":"PARC","tags":["NATURE"],"gallery":["https://commons.wikimedia.org/wiki/Special:FilePath/LihueCalel077.JPG?width=800"],"informations":["Superficie : 99 hectares","ID : Q829228"],"highlights":["Paysages remarquables","Biodiversité et observation de la faune","Randonnée et points de vue"],"external_links":["Site officiel : https://www.argentina.gob.ar/parquesnacionales","Wikipedia : https://es.wikipedia.org/wiki/Special:Search?search=PN%20Lihu%C3%A9%20Calel"],"photo":"https://images.pexels.com/photos/2403205/pexels-photo-2403205.jpeg?auto=compress&cs=tinysrgb&w=800","short_desc":"PN Lihué Calel est une aire protégée nationale en Argentine.","link_official":"https://www.argentina.gob.ar/parquesnacionales","link_wikipedia":"https://es.wikipedia.org/wiki/Special:Search?search=PN%20Lihu%C3%A9%20Calel"},"categoryId":"Environnement","subCategoryId":"PARC","tags":["NATURE"],"gallery":["https://images.pexels.com/photos/2403205/pexels-photo-2403205.jpeg?auto=compress&cs=tinysrgb&w=800","https://images.pexels.com/photos/933054/pexels-photo-933054.jpeg?auto=compress&cs=tinysrgb&w=800","https://images.pexels.com/photos/572897/pexels-photo-572897.jpeg?auto=compress&cs=tinysrgb&w=800"],"informations":["Année de création : n.c.","Superficie : n.c."],"highlights":["Paysages remarquables","Biodiversité et observation de la faune","Randonnée et points de vue"],"external_links":["Site officiel : https://www.argentina.gob.ar/parquesnacionales","Wikipedia : https://es.wikipedia.org/wiki/Special:Search?search=PN%20Lihu%C3%A9%20Calel"],"photo":"https://images.pexels.com/photos/2403205/pexels-photo-2403205.jpeg?auto=compress&cs=tinysrgb&w=800","short_desc":"Résumé non disponible.","link_official":"https://www.argentina.gob.ar/parquesnacionales","link_wikipedia":"https://fr.wikipedia.org/wiki/Q829228"}},{"type":"Feature","geometry":{"type":"MultiPolygon","coordinates":[[[[-66.40028,-45.21213],[-66.39609,-45.21177],[-66.39068,-45.20966],[-66.38806,-45.20913],[-66.38353,-45.20631],[-66.37951,-45.20137],[-66.37742,-45.19555],[-66.37707,-45.19168],[-66.37794,-45.18657],[-66.38126,-45.18128],[-66.38405,-45.1781],[-66.38981,-45.17599],[-66.39155,-45.17458],[-66.40133,-45.17053],[-66.40569,-45.16912],[-66.41075,-45.16842],[-66.41738,-45.17036],[-66.42227,-45.17353],[-66.42541,-45.17793],[-66.42681,-45.18428],[-66.42628,-45.18957],[-66.42698,-45.19486],[-66.42558,-45.20261],[-66.42157,-45.20755],[-66.41511,-45.2116],[-66.40761,-45.21266],[-66.40028,-45.21213]]],[[[-66.35874,-45.17317],[-66.35508,-45.17141],[-66.34967,-45.16683],[-66.34566,-45.15802],[-66.34496,-45.15079],[-66.346,-45.14586],[-66.34967,-45.14145],[-66.35473,-45.13687],[-66.36189,-45.13422],[-66.37044,-45.13528],[-66.37742,-45.13986],[-66.38143,-45.14708],[-66.38143,-45.15061],[-66.3823,-45.15255],[-66.37916,-45.16453],[-66.37567,-45.16841],[-66.37096,-45.17176],[-66.36485,-45.17405],[-66.35874,-45.17317]]],[[[-66.07396,-45.11548],[-66.07558,-45.1119],[-66.0785,-45.10847],[-66.08296,-45.10541],[-66.08922,-45.10295],[-66.10725,-45.10311],[-66.11504,-45.10536],[-66.11946,-45.10874],[-66.12157,-45.11296],[-66.12183,-45.11713],[-66.12065,-45.12113],[-66.1184,-45.12482],[-66.11548,-45.12808],[-66.10908,-45.13282],[-66.10599,-45.13424],[-66.10004,-45.13557],[-66.09435,-45.13538],[-66.08608,-45.13357],[-66.08407,-45.13865],[-66.07857,-45.14509],[-66.07446,-45.14765],[-66.07064,-45.14855],[-66.06555,-45.14894],[-66.05301,-45.14869],[-66.04659,-45.14759],[-66.03516,-45.14225],[-66.02866,-45.13642],[-66.02556,-45.1328],[-66.02342,-45.1288],[-66.02304,-45.12678],[-66.0233,-45.12481],[-66.02428,-45.12292],[-66.02589,-45.12113],[-66.03049,-45.11794],[-66.03886,-45.11426],[-66.04788,-45.1118],[-66.05472,-45.11136],[-66.06452,-45.11216],[-66.07396,-45.11548]]],[[[-65.48104,-45.02675],[-65.47194,-45.02426],[-65.46688,-45.02148],[-65.46294,-45.01797],[-65.45959,-45.01309],[-65.45812,-45.00796],[-65.45804,-45.00405],[-65.45941,-44.99805],[-65.46099,-44.99514],[-65.46447,-44.99091],[-65.47094,-44.98606],[-65.47707,-44.98318],[-65.48042,-44.98223],[-65.48438,-44.98197],[-65.49577,-44.9848],[-65.50173,-44.98758],[-65.50604,-44.99089],[-65.50918,-44.99701],[-65.51011,-45.00374],[-65.50917,-45.00936],[-65.50613,-45.01487],[-65.50115,-45.02015],[-65.49633,-45.02416],[-65.49197,-45.02605],[-65.48553,-45.02687],[-65.48104,-45.02675]]],[[[-65.49553,-44.94278],[-65.48853,-44.94006],[-65.48776,-44.93922],[-65.48726,-44.93656],[-65.49147,-44.93232],[-65.50213,-44.918],[-65.5113,-44.91063],[-65.51289,-44.90435],[-65.51551,-44.90007],[-65.59284,-44.90019],[-65.59277,-44.90164],[-65.5916,-44.90283],[-65.59194,-44.90345],[-65.59357,-44.90375],[-65.59374,-44.90653],[-65.5917,-44.9129],[-65.58787,-44.92181],[-65.58642,-44.92346],[-65.58465,-44.92441],[-65.57665,-44.92524],[-65.57296,-44.92669],[-65.5709,-44.92938],[-65.57092,-44.93243],[-65.57228,-44.93393],[-65.57679,-44.93685],[-65.57672,-44.93955],[-65.58088,-44.94097],[-65.584,-44.94311],[-65.58677,-44.94276],[-65.59294,-44.9433],[-65.60087,-44.94497],[-65.60709,-44.9477],[-65.61304,-44.95201],[-65.61449,-44.95426],[-65.61572,-44.9583],[-65.61819,-44.96149],[-65.61954,-44.96464],[-65.62348,-44.96939],[-65.62494,-44.97257],[-65.6256,-44.97782],[-65.62477,-44.98843],[-65.63177,-44.99183],[-65.63602,-44.99488],[-65.64082,-45.00022],[-65.64328,-45.00495],[-65.64407,-45.00844],[-65.64386,-45.01138],[-65.64269,-45.01467],[-65.63879,-45.02204],[-65.64945,-45.02549],[-65.66423,-45.02701],[-65.66837,-45.02683],[-65.67982,-45.02456],[-65.68524,-45.02402],[-65.68831,-45.02426],[-65.70184,-45.02686],[-65.70753,-45.02723],[-65.71055,-45.02699],[-65.71326,-45.02581],[-65.71711,-45.02052],[-65.72145,-45.01699],[-65.72609,-45.01436],[-65.73244,-45.012],[-65.73875,-45.01092],[-65.75415,-45.01056],[-65.76309,-45.00772],[-65.7808,-45.00559],[-65.78475,-45.00557],[-65.78908,-45.00703],[-65.79351,-45.00488],[-65.79904,-45.00332],[-65.8047,-45.00243],[-65.81111,-45.00227],[-65.81311,-45.00189],[-65.83335,-44.99148],[-65.8375,-44.98982],[-65.84293,-44.98872],[-65.8509,-44.98826],[-65.85655,-44.98859],[-65.86376,-44.98974],[-65.86927,-44.98895],[-65.87856,-44.98974],[-65.89188,-44.9929],[-65.89943,-44.99544],[-65.90356,-44.99735],[-65.90701,-44.99965],[-65.91005,-45.00245],[-65.91262,-45.00579],[-65.9147,-45.01174],[-65.91418,-45.01853],[-65.92167,-45.0201],[-65.92564,-45.02151],[-65.93201,-45.025],[-65.9351,-45.02778],[-65.94042,-45.03009],[-65.94959,-45.02982],[-65.95191,-45.02899],[-65.95568,-45.02624],[-65.96811,-45.01408],[-65.97198,-45.00971],[-65.98184,-45.00198],[-65.99063,-44.99666],[-65.99943,-44.99339],[-66.0067,-44.98804],[-66.01036,-44.98596],[-66.01435,-44.98431],[-66.01838,-44.98354],[-66.02221,-44.98369],[-66.03561,-44.98701],[-66.04032,-44.98707],[-66.04694,-44.98558],[-66.05995,-44.97955],[-66.07399,-44.9764],[-66.08242,-44.97598],[-66.08955,-44.97695],[-66.09799,-44.97563],[-66.10467,-44.9739],[-66.115,-44.97276],[-66.12271,-44.97129],[-66.12653,-44.97159],[-66.13174,-44.97129],[-66.13956,-44.97375],[-66.14218,-44.97409],[-66.15293,-44.97076],[-66.1588,-44.96993],[-66.17073,-44.97095],[-66.1739,-44.97162],[-66.177,-44.97279],[-66.18195,-44.97089],[-66.18624,-44.96694],[-66.18857,-44.96592],[-66.19206,-44.96565],[-66.19691,-44.96643],[-66.20794,-44.97015],[-66.21412,-44.9735],[-66.21703,-44.97644],[-66.21892,-44.98076],[-66.22149,-44.98265],[-66.22799,-44.99022],[-66.23005,-44.99138],[-66.23821,-44.99393],[-66.24352,-44.99732],[-66.24759,-45.00103],[-66.25114,-45.00686],[-66.25598,-45.00783],[-66.258,-45.00872],[-66.26183,-45.01227],[-66.26473,-45.014],[-66.2764,-45.02293],[-66.2801,-45.02685],[-66.28209,-45.03166],[-66.28356,-45.03294],[-66.28718,-45.03341],[-66.29766,-45.0328],[-66.30402,-45.03301],[-66.3105,-45.03117],[-66.31944,-45.03144],[-66.3314,-45.02881],[-66.34203,-45.02859],[-66.35574,-45.02683],[-66.36411,-45.0271],[-66.37197,-45.0289],[-66.37623,-45.03049],[-66.38093,-45.03291],[-66.38569,-45.03592],[-66.38917,-45.03878],[-66.40298,-45.04017],[-66.41329,-45.0439],[-66.41878,-45.04681],[-66.42462,-45.05091],[-66.43628,-45.05709],[-66.4437,-45.05888],[-66.45296,-45.05895],[-66.46107,-45.05971],[-66.46675,-45.06101],[-66.47289,-45.06319],[-66.48205,-45.0674],[-66.49248,-45.07351],[-66.49835,-45.07797],[-66.50113,-45.08156],[-66.50505,-45.08204],[-66.51389,-45.08183],[-66.51769,-45.08214],[-66.52217,-45.08333],[-66.52914,-45.08632],[-66.53272,-45.08843],[-66.5363,-45.09126],[-66.54851,-45.1039],[-66.55132,-45.10785],[-66.5533,-45.11193],[-66.55532,-45.11819],[-66.5563,-45.12476],[-66.55709,-45.1254],[-66.56102,-45.12648],[-66.5646,-45.12903],[-66.5659,-45.12914],[-66.57005,-45.12746],[-66.59083,-45.12513],[-66.59729,-45.12563],[-66.60346,-45.12662],[-66.60848,-45.12784],[-66.61199,-45.12922],[-66.61537,-45.13169],[-66.62029,-45.1375],[-66.62201,-45.1406],[-66.62241,-45.14316],[-66.62117,-45.15162],[-66.61907,-45.15727],[-66.61982,-45.164],[-66.61914,-45.16828],[-66.61761,-45.17123],[-66.61156,-45.17899],[-66.60948,-45.18084],[-66.60667,-45.18252],[-66.59584,-45.18823],[-66.59151,-45.18989],[-66.5891,-45.19006],[-66.58479,-45.18967],[-66.57961,-45.18866],[-66.57368,-45.19102],[-66.56711,-45.19249],[-66.56107,-45.19311],[-66.55371,-45.19278],[-66.54866,-45.1938],[-66.54726,-45.19782],[-66.54708,-45.20125],[-66.55109,-45.20087],[-66.55398,-45.19997],[-66.55782,-45.19941],[-66.56585,-45.19677],[-66.57491,-45.19806],[-66.58475,-45.19794],[-66.58852,-45.19981],[-66.59323,-45.20067],[-66.60092,-45.20066],[-66.60801,-45.19985],[-66.61291,-45.19971],[-66.62777,-45.20124],[-66.63233,-45.20081],[-66.64512,-45.20061],[-66.65106,-45.19924],[-66.66202,-45.19805],[-66.67721,-45.20091],[-66.69571,-45.2067],[-66.70589,-45.21073],[-66.71293,-45.21014],[-66.71663,-45.21022],[-66.71775,-45.26081],[-66.71104,-45.26357],[-66.70693,-45.26423],[-66.70177,-45.26443],[-66.69133,-45.26321],[-66.68531,-45.26171],[-66.68102,-45.26002],[-66.67891,-45.25842],[-66.67689,-45.25501],[-66.67519,-45.24793],[-66.67553,-45.24171],[-66.67688,-45.23849],[-66.6791,-45.23502],[-66.6718,-45.23211],[-66.66325,-45.22964],[-66.65647,-45.23095],[-66.64068,-45.23157],[-66.63312,-45.23375],[-66.6289,-45.23377],[-66.62654,-45.23432],[-66.60491,-45.23274],[-66.60293,-45.23382],[-66.59999,-45.23426],[-66.59561,-45.23556],[-66.58074,-45.23743],[-66.57802,-45.23738],[-66.57639,-45.23672],[-66.57565,-45.23567],[-66.57532,-45.23315],[-66.57473,-45.23266],[-66.57214,-45.23469],[-66.55267,-45.24107],[-66.54781,-45.24204],[-66.5409,-45.24247],[-66.53667,-45.24225],[-66.53094,-45.24113],[-66.52375,-45.24067],[-66.51413,-45.23889],[-66.50152,-45.23546],[-66.49357,-45.23214],[-66.49111,-45.22977],[-66.48999,-45.2262],[-66.48695,-45.22346],[-66.48422,-45.22],[-66.47646,-45.20525],[-66.46631,-45.18928],[-66.46489,-45.18628],[-66.46329,-45.17957],[-66.45898,-45.17838],[-66.4549,-45.17574],[-66.44777,-45.16931],[-66.44579,-45.16667],[-66.44431,-45.16324],[-66.43698,-45.16128],[-66.43596,-45.16035],[-66.43519,-45.1578],[-66.43889,-45.14058],[-66.44083,-45.1368],[-66.4421,-45.13535],[-66.44507,-45.13328],[-66.44833,-45.13203],[-66.4614,-45.12886],[-66.46615,-45.12873],[-66.4733,-45.12918],[-66.48517,-45.13074],[-66.49042,-45.12901],[-66.49905,-45.12842],[-66.50963,-45.12652],[-66.51303,-45.12678],[-66.51315,-45.1226],[-66.51206,-45.1195],[-66.51129,-45.11877],[-66.50496,-45.11694],[-66.49784,-45.11661],[-66.48794,-45.11823],[-66.48516,-45.11825],[-66.4829,-45.11761],[-66.47778,-45.11519],[-66.47508,-45.11493],[-66.46858,-45.11524],[-66.46555,-45.11456],[-66.46319,-45.1125],[-66.4582,-45.10451],[-66.45671,-45.10345],[-66.45487,-45.10288],[-66.45262,-45.10288],[-66.44713,-45.10429],[-66.42844,-45.11163],[-66.42328,-45.11274],[-66.41716,-45.11312],[-66.41145,-45.11249],[-66.40622,-45.11054],[-66.40183,-45.10825],[-66.39818,-45.10553],[-66.39147,-45.10307],[-66.38855,-45.10118],[-66.0332,-45.10137],[-66.03239,-45.10566],[-66.02814,-45.11159],[-66.02086,-45.11751],[-66.01318,-45.12201],[-66.00974,-45.12303],[-66.00428,-45.12385],[-66.00003,-45.12691],[-65.99376,-45.12732],[-65.99073,-45.12793],[-65.98345,-45.12691],[-65.98041,-45.12691],[-65.97617,-45.12875],[-65.97151,-45.12977],[-65.9699,-45.13181],[-65.96484,-45.13528],[-65.96079,-45.13691],[-65.95756,-45.13773],[-65.95452,-45.13773],[-65.9525,-45.13732],[-65.95048,-45.13773],[-65.9339,-45.13753],[-65.92621,-45.13283],[-65.92318,-45.12855],[-65.92176,-45.12017],[-65.92237,-45.11486],[-65.92641,-45.10914],[-65.92945,-45.1071],[-65.93046,-45.10281],[-65.93855,-45.09423],[-65.94765,-45.0932],[-65.95452,-45.08605],[-65.96261,-45.08217],[-65.96747,-45.08115],[-65.97354,-45.08238],[-65.97495,-45.08013],[-65.98062,-45.07564],[-65.98729,-45.074],[-65.99336,-45.0738],[-65.99639,-45.07115],[-66.00448,-45.06543],[-66.00488,-45.02662],[-66.00104,-45.02968],[-65.9976,-45.03438],[-65.98951,-45.04173],[-65.99275,-45.04459],[-65.99477,-45.05337],[-65.99376,-45.0593],[-65.98891,-45.06522],[-65.98345,-45.06931],[-65.97475,-45.07033],[-65.96949,-45.07196],[-65.96484,-45.07216],[-65.96045,-45.06994],[-65.95583,-45.06978],[-65.95187,-45.07243],[-65.94526,-45.07287],[-65.93905,-45.07622],[-65.93667,-45.07686],[-65.93398,-45.07639],[-65.93108,-45.07482],[-65.92331,-45.06842],[-65.916,-45.06346],[-65.91336,-45.06283],[-65.9072,-45.06306],[-65.90438,-45.06254],[-65.90297,-45.06161],[-65.89956,-45.05689],[-65.8969,-45.05609],[-65.89381,-45.05609],[-65.88891,-45.05697],[-65.88271,-45.06268],[-65.87825,-45.06536],[-65.87242,-45.0677],[-65.86498,-45.06963],[-65.86036,-45.06978],[-65.85326,-45.0681],[-65.84844,-45.06648],[-65.8367,-45.06523],[-65.8353,-45.07061],[-65.83327,-45.07471],[-65.83022,-45.07826],[-65.82654,-45.081],[-65.82144,-45.08337],[-65.81649,-45.0848],[-65.81048,-45.08536],[-65.80446,-45.08511],[-65.79961,-45.08383],[-65.79368,-45.08093],[-65.78587,-45.07559],[-65.78225,-45.0721],[-65.78136,-45.07043],[-65.78129,-45.06911],[-65.783,-45.05965],[-65.78449,-45.05538],[-65.78362,-45.05373],[-65.7818,-45.05299],[-65.77421,-45.05539],[-65.76705,-45.05669],[-65.74818,-45.05693],[-65.74311,-45.06482],[-65.73888,-45.06847],[-65.73054,-45.07235],[-65.72315,-45.0748],[-65.71723,-45.07602],[-65.70458,-45.07665],[-65.69897,-45.07812],[-65.69362,-45.07888],[-65.68517,-45.07869],[-65.68022,-45.07754],[-65.67596,-45.07582],[-65.6709,-45.07298],[-65.66634,-45.06891],[-65.66279,-45.06777],[-65.6595,-45.06831],[-65.65756,-45.06912],[-65.64488,-45.07723],[-65.64059,-45.07923],[-65.63882,-45.07927],[-65.63527,-45.07819],[-65.62555,-45.08048],[-65.61906,-45.0807],[-65.60846,-45.07966],[-65.60299,-45.07771],[-65.59723,-45.07647],[-65.5957,-45.07686],[-65.59243,-45.07894],[-65.58769,-45.08119],[-65.57975,-45.08341],[-65.576,-45.08385],[-65.57115,-45.08387],[-65.5628,-45.08231],[-65.55608,-45.08014],[-65.55193,-45.07795],[-65.55025,-45.0766],[-65.54812,-45.07333],[-65.54788,-45.06753],[-65.54964,-45.06201],[-65.55234,-45.05737],[-65.55619,-45.05419],[-65.56135,-45.05125],[-65.56182,-45.04553],[-65.56344,-45.04165],[-65.56516,-45.03907],[-65.57008,-45.03481],[-65.57254,-45.03156],[-65.57545,-45.02677],[-65.57575,-45.02388],[-65.57417,-45.02251],[-65.57127,-45.0219],[-65.56029,-45.02213],[-65.55603,-45.02184],[-65.55444,-45.02115],[-65.55178,-45.01872],[-65.54902,-45.01717],[-65.54419,-45.00494],[-65.54153,-44.99597],[-65.53971,-44.98657],[-65.54153,-44.97472],[-65.54375,-44.97146],[-65.54598,-44.96921],[-65.54396,-44.96226],[-65.53809,-44.9592],[-65.53587,-44.9592],[-65.53344,-44.95818],[-65.5296,-44.95573],[-65.52798,-44.95389],[-65.52596,-44.95287],[-65.52009,-44.94858],[-65.51787,-44.94858],[-65.51038,-44.94634],[-65.50289,-44.94651],[-65.49949,-44.94438],[-65.49553,-44.94278]]]]},"properties":{"fid":8,"Name":"PIMC Patagonia Austral","region":"DIRECCIÓN REGIONAL PATAGONIA NORTE","attributes":{"categoryId":"Environnement","subCategoryId":"PARC","tags":["NATURE"],"gallery":["https://images.pexels.com/photos/2403205/pexels-photo-2403205.jpeg?auto=compress&cs=tinysrgb&w=800","https://images.pexels.com/photos/933054/pexels-photo-933054.jpeg?auto=compress&cs=tinysrgb&w=800","https://images.pexels.com/photos/572897/pexels-photo-572897.jpeg?auto=compress&cs=tinysrgb&w=800"],"informations":["Année de création : n.c.","Superficie : n.c."],"highlights":["Paysages remarquables","Biodiversité et observation de la faune","Randonnée et points de vue"],"external_links":["Site officiel : https://www.argentina.gob.ar/parquesnacionales","Wikipedia : https://es.wikipedia.org/wiki/Special:Search?search=PIMC%20Patagonia%20Austral"],"photo":"https://images.pexels.com/photos/2403205/pexels-photo-2403205.jpeg?auto=compress&cs=tinysrgb&w=800","short_desc":"PIMC Patagonia Austral est une aire protégée nationale en Argentine.","link_official":"https://www.argentina.gob.ar/parquesnacionales","link_wikipedia":"https://es.wikipedia.org/wiki/Special:Search?search=PIMC%20Patagonia%20Austral"},"categoryId":"Environnement","subCategoryId":"PARC","tags":["NATURE"],"gallery":["https://images.pexels.com/photos/2403205/pexels-photo-2403205.jpeg?auto=compress&cs=tinysrgb&w=800","https://images.pexels.com/photos/933054/pexels-photo-933054.jpeg?auto=compress&cs=tinysrgb&w=800","https://images.pexels.com/photos/572897/pexels-photo-572897.jpeg?auto=compress&cs=tinysrgb&w=800"],"informations":["Année de création : n.c.","Superficie : n.c."],"highlights":["Paysages remarquables","Biodiversité et observation de la faune","Randonnée et points de vue"],"external_links":["Site officiel : https://www.argentina.gob.ar/parquesnacionales","Wikipedia : https://es.wikipedia.org/wiki/Special:Search?search=PIMC%20Patagonia%20Austral"],"photo":"https://images.pexels.com/photos/2403205/pexels-photo-2403205.jpeg?auto=compress&cs=tinysrgb&w=800","short_desc":"PIMC Patagonia Austral est une aire protégée nationale en Argentine.","link_official":"https://www.argentina.gob.ar/parquesnacionales","link_wikipedia":"https://es.wikipedia.org/wiki/Special:Search?search=PIMC%20Patagonia%20Austral"}},{"type":"Feature","geometry":{"type":"Polygon","coordinates":[[[-65.02662,-41.58597],[-65.03729,-41.59956],[-65.03636,-41.6066],[-65.03451,-41.60701],[-65.03463,-41.60449],[-65.0299,-41.60625],[-65.03137,-41.60783],[-65.03135,-41.60914],[-65.02903,-41.61012],[-65.02988,-41.61132],[-65.02991,-41.61368],[-65.02922,-41.61565],[-65.02339,-41.62045],[-64.99591,-41.62047],[-64.98158,-41.62007],[-64.93683,-41.57864],[-64.94631,-41.54841],[-64.94275,-41.52461],[-64.94797,-41.49318],[-64.96654,-41.45563],[-64.9742,-41.43502],[-64.98676,-41.41243],[-65.0019,-41.3903],[-65.03789,-41.37484],[-65.09987,-41.38068],[-65.09809,-41.39106],[-65.09262,-41.40888],[-65.07526,-41.43468],[-65.06629,-41.46267],[-65.02133,-41.49807],[-65.01275,-41.51724],[-65.00697,-41.53359],[-65.01313,-41.53934],[-65.02584,-41.55254],[-65.02662,-41.58597]]]},"properties":{"fid":9,"Name":"PN Islote Lobos","region":"DIRECCIÓN REGIONAL PATAGONIA NORTE","attributes":{"categoryId":"Environnement","subCategoryId":"PARC","tags":["NATURE"],"gallery":["https://images.pexels.com/photos/2403205/pexels-photo-2403205.jpeg?auto=compress&cs=tinysrgb&w=800","https://images.pexels.com/photos/933054/pexels-photo-933054.jpeg?auto=compress&cs=tinysrgb&w=800","https://images.pexels.com/photos/572897/pexels-photo-572897.jpeg?auto=compress&cs=tinysrgb&w=800"],"informations":["Année de création : n.c.","Superficie : n.c."],"highlights":["Paysages remarquables","Biodiversité et observation de la faune","Randonnée et points de vue"],"external_links":["Site officiel : https://www.argentina.gob.ar/parquesnacionales","Wikipedia : https://es.wikipedia.org/wiki/Special:Search?search=PN%20Islote%20Lobos"],"photo":"https://images.pexels.com/photos/2403205/pexels-photo-2403205.jpeg?auto=compress&cs=tinysrgb&w=800","short_desc":"PN Islote Lobos est une aire protégée nationale en Argentine.","link_official":"https://www.argentina.gob.ar/parquesnacionales","link_wikipedia":"https://es.wikipedia.org/wiki/Special:Search?search=PN%20Islote%20Lobos"},"categoryId":"Environnement","subCategoryId":"PARC","tags":["NATURE"],"gallery":["https://images.pexels.com/photos/2403205/pexels-photo-2403205.jpeg?auto=compress&cs=tinysrgb&w=800","https://images.pexels.com/photos/933054/pexels-photo-933054.jpeg?auto=compress&cs=tinysrgb&w=800","https://images.pexels.com/photos/572897/pexels-photo-572897.jpeg?auto=compress&cs=tinysrgb&w=800"],"informations":["Année de création : n.c.","Superficie : n.c."],"highlights":["Paysages remarquables","Biodiversité et observation de la faune","Randonnée et points de vue"],"external_links":["Site officiel : https://www.argentina.gob.ar/parquesnacionales","Wikipedia : https://es.wikipedia.org/wiki/Special:Search?search=PN%20Islote%20Lobos"],"photo":"https://images.pexels.com/photos/2403205/pexels-photo-2403205.jpeg?auto=compress&cs=tinysrgb&w=800","short_desc":"PN Islote Lobos est une aire protégée nationale en Argentine.","link_official":"https://www.argentina.gob.ar/parquesnacionales","link_wikipedia":"https://es.wikipedia.org/wiki/Special:Search?search=PN%20Islote%20Lobos"}},{"type":"Feature","geometry":{"type":"Polygon","coordinates":[[[-58.86466,-34.18759],[-58.85755,-34.18256],[-58.85946,-34.18168],[-58.86412,-34.18078],[-58.87219,-34.18032],[-58.88366,-34.18174],[-58.8888,-34.18308],[-58.89091,-34.18473],[-58.89341,-34.18527],[-58.90488,-34.2063],[-58.90729,-34.20355],[-58.91183,-34.19631],[-58.91622,-34.194],[-58.92001,-34.1926],[-58.90328,-34.21595],[-58.89965,-34.21426],[-58.89748,-34.21902],[-58.89665,-34.22201],[-58.89607,-34.22196],[-58.89584,-34.22256],[-58.89618,-34.22275],[-58.89594,-34.22363],[-58.89701,-34.2243],[-58.89851,-34.22236],[-58.90409,-34.22421],[-58.89669,-34.23475],[-58.90154,-34.23616],[-58.90513,-34.23865],[-58.90802,-34.24008],[-58.90746,-34.24848],[-58.90588,-34.25341],[-58.89353,-34.27964],[-58.89124,-34.27832],[-58.89126,-34.27719],[-58.89025,-34.27703],[-58.88959,-34.28405],[-58.88883,-34.2865],[-58.88685,-34.2893],[-58.884,-34.2919],[-58.88154,-34.29335],[-58.87998,-34.29184],[-58.87845,-34.2921],[-58.87845,-34.29117],[-58.87974,-34.29057],[-58.88113,-34.2915],[-58.88204,-34.29128],[-58.88182,-34.28982],[-58.88319,-34.28941],[-58.8832,-34.28859],[-58.88245,-34.28811],[-58.88337,-34.28666],[-58.88264,-34.2859],[-58.88167,-34.28605],[-58.8808,-34.2876],[-58.88112,-34.28852],[-58.87939,-34.28843],[-58.87858,-34.28687],[-58.88048,-34.28649],[-58.88067,-34.28583],[-58.87937,-34.28519],[-58.87794,-34.28526],[-58.87692,-34.2844],[-58.87751,-34.28353],[-58.87977,-34.28403],[-58.8812,-34.28341],[-58.87925,-34.28015],[-58.8774,-34.28046],[-58.87755,-34.27883],[-58.87927,-34.27743],[-58.87871,-34.27701],[-58.87695,-34.27747],[-58.87638,-34.2771],[-58.87805,-34.27469],[-58.87674,-34.2745],[-58.87548,-34.27563],[-58.8746,-34.27567],[-58.87453,-34.27516],[-58.8759,-34.27414],[-58.87581,-34.2735],[-58.87504,-34.27328],[-58.87399,-34.27433],[-58.87295,-34.2746],[-58.87196,-34.27417],[-58.8717,-34.27309],[-58.87105,-34.27275],[-58.87022,-34.27299],[-58.86668,-34.27715],[-58.86378,-34.27768],[-58.86314,-34.27435],[-58.86134,-34.2741],[-58.86024,-34.27334],[-58.86031,-34.27278],[-58.86307,-34.27073],[-58.86287,-34.26777],[-58.86462,-34.26715],[-58.86398,-34.2658],[-58.86247,-34.26416],[-58.85993,-34.26415],[-58.85809,-34.26205],[-58.85569,-34.26204],[-58.85504,-34.26271],[-58.85239,-34.26368],[-58.8464,-34.25688],[-58.83995,-34.25969],[-58.83235,-34.26228],[-58.82754,-34.26553],[-58.82671,-34.26648],[-58.82924,-34.27488],[-58.82688,-34.2746],[-58.8257,-34.27378],[-58.82399,-34.2736],[-58.82312,-34.27251],[-58.82243,-34.27237],[-58.82221,-34.273],[-58.82276,-34.27365],[-58.82195,-34.27343],[-58.82122,-34.27373],[-58.81838,-34.26765],[-58.81626,-34.26697],[-58.81502,-34.26611],[-58.81481,-34.26435],[-58.80997,-34.26687],[-58.8063,-34.26261],[-58.80534,-34.26225],[-58.804,-34.26788],[-58.80479,-34.27178],[-58.79829,-34.27111],[-58.78555,-34.27539],[-58.79354,-34.26752],[-58.79542,-34.26295],[-58.79734,-34.26251],[-58.80005,-34.2627],[-58.80154,-34.26124],[-58.80191,-34.26016],[-58.80152,-34.25655],[-58.80265,-34.25419],[-58.8024,-34.25114],[-58.80605,-34.25199],[-58.8175,-34.25282],[-58.8185,-34.25059],[-58.82159,-34.24752],[-58.82572,-34.24435],[-58.81696,-34.24585],[-58.81883,-34.24336],[-58.82087,-34.23703],[-58.81259,-34.23324],[-58.81522,-34.23243],[-58.82185,-34.22803],[-58.82809,-34.22494],[-58.82669,-34.22277],[-58.82365,-34.22222],[-58.82543,-34.22007],[-58.82521,-34.21421],[-58.81204,-34.22208],[-58.8126,-34.21913],[-58.82487,-34.21023],[-58.83339,-34.21669],[-58.83656,-34.22253],[-58.83989,-34.23044],[-58.85325,-34.25492],[-58.86469,-34.23909],[-58.87016,-34.22716],[-58.86466,-34.18759]]]},"properties":{"fid":1,"Name":"PN Ciervo de los Pantanos","region":"ÁREAS PROTEGIDAS CENTRO ESTE","attributes":{"categoryId":"Environnement","subCategoryId":"PARC","tags":["NATURE"],"gallery":["https://images.pexels.com/photos/158708/landscape-swamp-wetlands-nature-158708.jpeg?auto=compress&cs=tinysrgb&w=800","https://images.pexels.com/photos/2163609/pexels-photo-2163609.jpeg?auto=compress&cs=tinysrgb&w=800","https://images.pexels.com/photos/1154619/pexels-photo-1154619.jpeg?auto=compress&cs=tinysrgb&w=800"],"informations":["Année de création : n.c.","Superficie : n.c."],"highlights":["Paysages remarquables","Biodiversité et observation de la faune","Randonnée et points de vue"],"external_links":["Site officiel : https://www.argentina.gob.ar/parquesnacionales","Wikipedia : https://es.wikipedia.org/wiki/Special:Search?search=PN%20Ciervo%20de%20los%20Pantanos"],"photo":"https://images.pexels.com/photos/158708/landscape-swamp-wetlands-nature-158708.jpeg?auto=compress&cs=tinysrgb&w=800","short_desc":"PN Ciervo de los Pantanos est une aire protégée nationale en Argentine.","link_official":"https://www.argentina.gob.ar/parquesnacionales","link_wikipedia":"https://es.wikipedia.org/wiki/Special:Search?search=PN%20Ciervo%20de%20los%20Pantanos"},"categoryId":"Environnement","subCategoryId":"PARC","tags":["NATURE"],"gallery":["https://images.pexels.com/photos/158708/landscape-swamp-wetlands-nature-158708.jpeg?auto=compress&cs=tinysrgb&w=800","https://images.pexels.com/photos/2163609/pexels-photo-2163609.jpeg?auto=compress&cs=tinysrgb&w=800","https://images.pexels.com/photos/1154619/pexels-photo-1154619.jpeg?auto=compress&cs=tinysrgb&w=800"],"informations":["Année de création : n.c.","Superficie : n.c."],"highlights":["Paysages remarquables","Biodiversité et observation de la faune","Randonnée et points de vue"],"external_links":["Site officiel : https://www.argentina.gob.ar/parquesnacionales","Wikipedia : https://es.wikipedia.org/wiki/Special:Search?search=PN%20Ciervo%20de%20los%20Pantanos"],"photo":"https://images.pexels.com/photos/158708/landscape-swamp-wetlands-nature-158708.jpeg?auto=compress&cs=tinysrgb&w=800","short_desc":"PN Ciervo de los Pantanos est une aire protégée nationale en Argentine.","link_official":"https://www.argentina.gob.ar/parquesnacionales","link_wikipedia":"https://es.wikipedia.org/wiki/Special:Search?search=PN%20Ciervo%20de%20los%20Pantanos"}},{"type":"Feature","geometry":{"type":"MultiPolygon","coordinates":[[[[-58.20612,-31.82652],[-58.22798,-31.85283],[-58.25789,-31.84571],[-58.26001,-31.86424],[-58.31728,-31.84511],[-58.32245,-31.8539],[-58.32365,-31.86892],[-58.32055,-31.87357],[-58.32055,-31.87835],[-58.31907,-31.88349],[-58.32182,-31.88875],[-58.3233,-31.89691],[-58.32099,-31.90229],[-58.32088,-31.90422],[-58.31593,-31.90491],[-58.30522,-31.90236],[-58.30691,-31.90802],[-58.3125,-31.91444],[-58.30966,-31.915],[-58.28923,-31.90977],[-58.25834,-31.91134],[-58.25805,-31.91268],[-58.25731,-31.91252],[-58.25627,-31.91307],[-58.25468,-31.9126],[-58.25395,-31.91326],[-58.25309,-31.9132],[-58.25253,-31.9138],[-58.25129,-31.91399],[-58.24976,-31.91493],[-58.24986,-31.91562],[-58.24935,-31.91618],[-58.24834,-31.91621],[-58.24633,-31.91778],[-58.24467,-31.91777],[-58.24332,-31.91896],[-58.2423,-31.91871],[-58.24176,-31.91937],[-58.23762,-31.91976],[-58.23515,-31.9213],[-58.23266,-31.92192],[-58.23134,-31.92288],[-58.22951,-31.92294],[-58.22726,-31.92361],[-58.22619,-31.92435],[-58.22535,-31.92437],[-58.22314,-31.92334],[-58.22244,-31.924],[-58.22066,-31.92428],[-58.21954,-31.9249],[-58.21885,-31.92643],[-58.21708,-31.92664],[-58.21536,-31.92785],[-58.21266,-31.92793],[-58.20967,-31.92475],[-58.20793,-31.92541],[-58.20608,-31.92537],[-58.20429,-31.92442],[-58.20321,-31.92441],[-58.20157,-31.92283],[-58.20033,-31.92248],[-58.19881,-31.92247],[-58.19713,-31.9239],[-58.19472,-31.92462],[-58.19359,-31.9256],[-58.19282,-31.92547],[-58.19164,-31.92371],[-58.19174,-31.92302],[-58.19354,-31.92185],[-58.1957,-31.91944],[-58.19901,-31.91457],[-58.20103,-31.91341],[-58.2029,-31.91012],[-58.20356,-31.90239],[-58.20414,-31.90052],[-58.20411,-31.8965],[-58.20324,-31.89064],[-58.20371,-31.88871],[-58.20358,-31.88533],[-58.20533,-31.87823],[-58.20704,-31.87652],[-58.20805,-31.8732],[-58.20699,-31.86605],[-58.20352,-31.86125],[-58.20106,-31.85666],[-58.19757,-31.85333],[-58.19804,-31.85113],[-58.19927,-31.84965],[-58.1996,-31.84846],[-58.19791,-31.84584],[-58.19764,-31.8445],[-58.19834,-31.84328],[-58.20235,-31.83987],[-58.20499,-31.83613],[-58.20291,-31.83256],[-58.20316,-31.83114],[-58.20459,-31.82989],[-58.2049,-31.82835],[-58.20612,-31.82652]]],[[[-58.32399,-31.85996],[-58.32387,-31.85624],[-58.3258,-31.85979],[-58.32406,-31.8606],[-58.32399,-31.85996]]]]},"properties":{"fid":2,"Name":"PN El Palmar","region":"ÁREAS PROTEGIDAS CENTRO ESTE","details":{"title":"Parque Nacional El Palmar","province":["Entre Ríos"],"created_year":1966,"area_ha":8213,"short_desc":"Parc connu pour ses palmeraies de Butia yatay (parmi les plus australes), ses forêts en galerie et ses zones humides.","highlights":["Palmar de yatay (Butia yatay)","Selva en galería","Río Uruguay"],"unesco":false,"ramsar":true,"official_url":"https://www.argentina.gob.ar/parquesnacionales/elpalmar","wikipedia_url":"https://es.wikipedia.org/wiki/Parque_nacional_El_Palmar","media":{"hero":{"title":"El Palmar National Park (palmiers yatay)","file":"Parque_Nacional_El_Palmar_(5).jpg","author":"Pablo D. Flores","license":"CC BY 2.0","license_url":"https://creativecommons.org/licenses/by/2.0","source":"Wikimedia Commons","url":"https://commons.wikimedia.org/wiki/Special:FilePath/Parque_Nacional_El_Palmar_%285%29.jpg","page":"https://commons.wikimedia.org/wiki/File:Parque_Nacional_El_Palmar_(5).jpg"},"gallery":["https://commons.wikimedia.org/wiki/Special:FilePath/Aprender_%28Entre_R%25C3%25ADos%29_-Parque_Nacional_El_Palmar_%2801%29.jpg","https://commons.wikimedia.org/wiki/Special:FilePath/Foto_Parque_Nacional_El_Palmar.jpg"]}},"attributes":{"categoryId":"Environnement","subCategoryId":"PARC","tags":["NATURE"],"gallery":["https://commons.wikimedia.org/wiki/Special:FilePath/El-palmar.JPG?width=800"],"short_desc":"Parc connu pour ses palmeraies de Butia yatay (parmi les plus australes), ses forêts en galerie et ses zones humides.","informations":["Superficie : 85 hectares","ID : Q828918"],"highlights":["Palmar de yatay (Butia yatay)","Selva en galería","Río Uruguay"],"external_links":["Site officiel : https://www.argentina.gob.ar/parquesnacionales/elpalmar","Wikipedia : https://es.wikipedia.org/wiki/Parque_nacional_El_Palmar"],"photo":"https://images.pexels.com/photos/457882/pexels-photo-457882.jpeg?auto=compress&cs=tinysrgb&w=800","link_official":"https://www.argentina.gob.ar/parquesnacionales/elpalmar","link_wikipedia":"https://es.wikipedia.org/wiki/Parque_nacional_El_Palmar"},"categoryId":"Environnement","subCategoryId":"PARC","tags":["NATURE"],"gallery":["https://images.pexels.com/photos/457882/pexels-photo-457882.jpeg?auto=compress&cs=tinysrgb&w=800","https://images.pexels.com/photos/533923/pexels-photo-533923.jpeg?auto=compress&cs=tinysrgb&w=800","https://images.pexels.com/photos/1450360/pexels-photo-1450360.jpeg?auto=compress&cs=tinysrgb&w=800"],"short_desc":"Résumé non disponible.","informations":["Année de création : n.c.","Superficie : n.c."],"highlights":["Palmar de yatay (Butia yatay)","Selva en galería","Río Uruguay"],"external_links":["Site officiel : https://www.argentina.gob.ar/parquesnacionales/elpalmar","Wikipedia : https://es.wikipedia.org/wiki/Parque_nacional_El_Palmar"],"photo":"https://images.pexels.com/photos/457882/pexels-photo-457882.jpeg?auto=compress&cs=tinysrgb&w=800","link_official":"https://www.argentina.gob.ar/parquesnacionales/elpalmar","link_wikipedia":"https://fr.wikipedia.org/wiki/Q828918"}},{"type":"Feature","geometry":{"type":"Polygon","coordinates":[[[-56.86236,-36.32869],[-56.86451,-36.32879],[-56.86766,-36.33002],[-56.86861,-36.33079],[-56.87137,-36.32935],[-56.87705,-36.32919],[-56.8782,-36.32976],[-56.8787,-36.33073],[-56.88166,-36.33033],[-56.88773,-36.33121],[-56.89372,-36.33387],[-56.89639,-36.33371],[-56.89763,-36.33443],[-56.90259,-36.33556],[-56.90415,-36.33683],[-56.90457,-36.3381],[-56.90711,-36.3384],[-56.91244,-36.34443],[-56.91379,-36.34863],[-56.91527,-36.35108],[-56.91704,-36.35271],[-56.91952,-36.35935],[-56.91974,-36.36037],[-56.91857,-36.36727],[-56.9179,-36.36747],[-56.91741,-36.3672],[-56.91498,-36.36437],[-56.91341,-36.36419],[-56.91295,-36.36536],[-56.91423,-36.36771],[-56.91397,-36.36835],[-56.91277,-36.36948],[-56.91068,-36.36993],[-56.90992,-36.36905],[-56.91147,-36.36649],[-56.91095,-36.36554],[-56.90855,-36.36514],[-56.90183,-36.36518],[-56.90093,-36.36597],[-56.89983,-36.36824],[-56.89998,-36.36897],[-56.90109,-36.36962],[-56.90376,-36.36974],[-56.90514,-36.37017],[-56.90566,-36.37173],[-56.90423,-36.37237],[-56.90278,-36.37211],[-56.90086,-36.3726],[-56.89973,-36.37588],[-56.89985,-36.37836],[-56.89906,-36.38074],[-56.89848,-36.38065],[-56.89734,-36.3794],[-56.89693,-36.37949],[-56.89649,-36.38012],[-56.89665,-36.3812],[-56.8959,-36.3815],[-56.89515,-36.3809],[-56.89523,-36.37882],[-56.89458,-36.37846],[-56.89353,-36.37914],[-56.89093,-36.37847],[-56.88879,-36.38022],[-56.88718,-36.37943],[-56.87885,-36.37941],[-56.88164,-36.38542],[-56.86924,-36.38728],[-56.86975,-36.38603],[-56.87074,-36.38543],[-56.87341,-36.38621],[-56.8741,-36.3855],[-56.87327,-36.3842],[-56.87338,-36.38305],[-56.87198,-36.38155],[-56.87045,-36.38134],[-56.8686,-36.3824],[-56.86808,-36.38388],[-56.86737,-36.38426],[-56.86631,-36.38412],[-56.86593,-36.3829],[-56.86687,-36.37982],[-56.8681,-36.37938],[-56.86916,-36.37987],[-56.86959,-36.3797],[-56.86872,-36.37795],[-56.86753,-36.37755],[-56.86562,-36.37783],[-56.8644,-36.37927],[-56.86497,-36.38029],[-56.86431,-36.38095],[-56.86196,-36.38115],[-56.86138,-36.38066],[-56.86237,-36.37941],[-56.86203,-36.37844],[-56.86071,-36.37729],[-56.86078,-36.3755],[-56.86196,-36.37379],[-56.86285,-36.37361],[-56.8633,-36.37291],[-56.86464,-36.37302],[-56.86457,-36.37364],[-56.86553,-36.37466],[-56.86544,-36.3762],[-56.86738,-36.37698],[-56.86919,-36.37578],[-56.86963,-36.37487],[-56.86863,-36.37335],[-56.8694,-36.37223],[-56.86955,-36.37151],[-56.86912,-36.37101],[-56.86969,-36.37066],[-56.86963,-36.3702],[-56.86863,-36.3693],[-56.86691,-36.36908],[-56.86607,-36.36952],[-56.86581,-36.36899],[-56.86632,-36.36854],[-56.86486,-36.36744],[-56.86434,-36.36631],[-56.86179,-36.36563],[-56.86113,-36.3659],[-56.8608,-36.36896],[-56.86228,-36.37066],[-56.86032,-36.37214],[-56.8576,-36.3709],[-56.85749,-36.3676],[-56.85446,-36.36744],[-56.85286,-36.36819],[-56.85232,-36.36761],[-56.85203,-36.36546],[-56.84992,-36.36532],[-56.84901,-36.36487],[-56.84841,-36.36415],[-56.84948,-36.36317],[-56.84906,-36.36184],[-56.84808,-36.36164],[-56.846,-36.36239],[-56.84538,-36.36213],[-56.84494,-36.36121],[-56.84703,-36.35972],[-56.84698,-36.35927],[-56.84619,-36.35893],[-56.84501,-36.35911],[-56.84448,-36.36038],[-56.84262,-36.36109],[-56.84201,-36.36103],[-56.84202,-36.35987],[-56.84012,-36.35852],[-56.83861,-36.35862],[-56.83798,-36.35957],[-56.8371,-36.35987],[-56.83665,-36.35969],[-56.83615,-36.35827],[-56.8352,-36.35805],[-56.83378,-36.35886],[-56.83249,-36.35883],[-56.83179,-36.35975],[-56.8321,-36.36068],[-56.83365,-36.36155],[-56.83306,-36.36236],[-56.83168,-36.3625],[-56.83087,-36.36207],[-56.83087,-36.36056],[-56.82938,-36.36008],[-56.82847,-36.36082],[-56.82773,-36.36065],[-56.82734,-36.35838],[-56.82998,-36.35867],[-56.83061,-36.35844],[-56.83105,-36.35725],[-56.8296,-36.35616],[-56.82808,-36.35628],[-56.82718,-36.35561],[-56.82752,-36.35488],[-56.82817,-36.3542],[-56.83153,-36.3537],[-56.83215,-36.35326],[-56.83228,-36.35238],[-56.83188,-36.35149],[-56.82864,-36.34837],[-56.82706,-36.34797],[-56.82414,-36.34843],[-56.82466,-36.34623],[-56.82583,-36.34568],[-56.83017,-36.34568],[-56.83086,-36.34417],[-56.83083,-36.34178],[-56.83546,-36.34028],[-56.83659,-36.34035],[-56.83744,-36.34107],[-56.83786,-36.34249],[-56.83608,-36.34582],[-56.83877,-36.34663],[-56.84074,-36.34602],[-56.84243,-36.34403],[-56.84369,-36.34403],[-56.84529,-36.34534],[-56.84598,-36.34486],[-56.84602,-36.34348],[-56.84679,-36.34277],[-56.8479,-36.34299],[-56.84962,-36.34412],[-56.85097,-36.34431],[-56.85258,-36.34376],[-56.85427,-36.34242],[-56.85459,-36.3405],[-56.85706,-36.33704],[-56.85669,-36.33486],[-56.85398,-36.33014],[-56.85475,-36.32949],[-56.86236,-36.32869]]]},"properties":{"fid":3,"Name":"PN Campos del Tuyú","region":"ÁREAS PROTEGIDAS CENTRO ESTE","attributes":{"categoryId":"Environnement","subCategoryId":"PARC","tags":["NATURE"],"gallery":["https://commons.wikimedia.org/wiki/Special:FilePath/Atardecer en Campos del Tuyú.jpg?width=800"],"informations":["Superficie : 3000 hectares","ID : Q829966"],"highlights":["Paysages remarquables","Biodiversité et observation de la faune","Randonnée et points de vue"],"external_links":["Site officiel : https://www.argentina.gob.ar/parquesnacionales","Wikipedia : https://es.wikipedia.org/wiki/Special:Search?search=PN%20Campos%20del%20Tuy%C3%BA"],"photo":"https://images.pexels.com/photos/2403205/pexels-photo-2403205.jpeg?auto=compress&cs=tinysrgb&w=800","short_desc":"PN Campos del Tuyú est une aire protégée nationale en Argentine.","link_official":"https://www.argentina.gob.ar/parquesnacionales","link_wikipedia":"https://es.wikipedia.org/wiki/Special:Search?search=PN%20Campos%20del%20Tuy%C3%BA"},"categoryId":"Environnement","subCategoryId":"PARC","tags":["NATURE"],"gallery":["https://images.pexels.com/photos/2403205/pexels-photo-2403205.jpeg?auto=compress&cs=tinysrgb&w=800","https://images.pexels.com/photos/933054/pexels-photo-933054.jpeg?auto=compress&cs=tinysrgb&w=800","https://images.pexels.com/photos/572897/pexels-photo-572897.jpeg?auto=compress&cs=tinysrgb&w=800"],"informations":["Année de création : n.c.","Superficie : n.c."],"highlights":["Paysages remarquables","Biodiversité et observation de la faune","Randonnée et points de vue"],"external_links":["Site officiel : https://www.argentina.gob.ar/parquesnacionales","Wikipedia : https://es.wikipedia.org/wiki/Special:Search?search=PN%20Campos%20del%20Tuy%C3%BA"],"photo":"https://images.pexels.com/photos/2403205/pexels-photo-2403205.jpeg?auto=compress&cs=tinysrgb&w=800","short_desc":"Résumé non disponible.","link_official":"https://www.argentina.gob.ar/parquesnacionales","link_wikipedia":"https://fr.wikipedia.org/wiki/Q829966"}},{"type":"Feature","geometry":{"type":"Polygon","coordinates":[[[-60.64875,-32.10458],[-60.64912,-32.1115],[-60.65368,-32.11657],[-60.6586,-32.11931],[-60.66436,-32.12118],[-60.67606,-32.12689],[-60.67867,-32.12759],[-60.68029,-32.12862],[-60.6841,-32.13005],[-60.68377,-32.13135],[-60.68223,-32.13318],[-60.67748,-32.13351],[-60.67487,-32.1346],[-60.67175,-32.13751],[-60.66931,-32.14123],[-60.6688,-32.14309],[-60.6679,-32.14384],[-60.66357,-32.14365],[-60.66201,-32.14409],[-60.66012,-32.1461],[-60.66054,-32.1479],[-60.65999,-32.1513],[-60.65803,-32.15141],[-60.65695,-32.15021],[-60.6552,-32.14974],[-60.65419,-32.1514],[-60.65482,-32.15175],[-60.65515,-32.15267],[-60.65438,-32.15378],[-60.65118,-32.15481],[-60.65021,-32.15621],[-60.6486,-32.15749],[-60.64433,-32.15801],[-60.6416,-32.15915],[-60.64121,-32.16123],[-60.642,-32.1619],[-60.64231,-32.16393],[-60.64354,-32.16516],[-60.64499,-32.16551],[-60.6473,-32.16551],[-60.64791,-32.16512],[-60.64779,-32.1621],[-60.64823,-32.16086],[-60.64922,-32.16045],[-60.65204,-32.16078],[-60.65247,-32.16143],[-60.65152,-32.16198],[-60.6518,-32.1639],[-60.65145,-32.165],[-60.65007,-32.16571],[-60.6495,-32.16648],[-60.65002,-32.1695],[-60.64953,-32.1703],[-60.6454,-32.17056],[-60.64134,-32.17215],[-60.63817,-32.17198],[-60.63431,-32.17259],[-60.63368,-32.1716],[-60.63444,-32.16914],[-60.63367,-32.1662],[-60.63007,-32.16406],[-60.62925,-32.16397],[-60.62719,-32.16547],[-60.6255,-32.16849],[-60.62342,-32.16914],[-60.62258,-32.17016],[-60.62137,-32.1734],[-60.62307,-32.17489],[-60.62317,-32.17557],[-60.61923,-32.17722],[-60.61558,-32.18019],[-60.61391,-32.18025],[-60.61326,-32.17976],[-60.61277,-32.17825],[-60.61462,-32.1754],[-60.61369,-32.17422],[-60.61257,-32.17381],[-60.61136,-32.17075],[-60.61409,-32.15557],[-60.61211,-32.15515],[-60.6101,-32.15565],[-60.60911,-32.15506],[-60.60647,-32.15587],[-60.60291,-32.1579],[-60.6026,-32.15757],[-60.60362,-32.15479],[-60.60497,-32.15345],[-60.60825,-32.15254],[-60.60797,-32.15138],[-60.60832,-32.15104],[-60.61053,-32.1511],[-60.61084,-32.15038],[-60.61349,-32.1487],[-60.61432,-32.14739],[-60.61672,-32.14661],[-60.61601,-32.14505],[-60.61626,-32.14448],[-60.61959,-32.14404],[-60.6216,-32.14424],[-60.6224,-32.14382],[-60.62363,-32.14205],[-60.62585,-32.14024],[-60.62712,-32.13971],[-60.62741,-32.13838],[-60.62819,-32.13783],[-60.63583,-32.1378],[-60.63703,-32.13688],[-60.62977,-32.1358],[-60.62687,-32.13478],[-60.62471,-32.1332],[-60.62219,-32.12828],[-60.61865,-32.12615],[-60.61566,-32.11365],[-60.62701,-32.11137],[-60.62974,-32.1211],[-60.63479,-32.11973],[-60.63926,-32.11613],[-60.64038,-32.11569],[-60.64227,-32.1098],[-60.64412,-32.10626],[-60.64434,-32.10482],[-60.64633,-32.10328],[-60.64679,-32.10182],[-60.6475,-32.10168],[-60.64864,-32.10219],[-60.64875,-32.10458]]]},"properties":{"fid":4,"Name":"PN Pre-Delta","region":"ÁREAS PROTEGIDAS CENTRO ESTE","attributes":{"categoryId":"Environnement","subCategoryId":"PARC","tags":["NATURE"],"gallery":["https://commons.wikimedia.org/wiki/Special:FilePath/Parque Nacional Predelta.svg?width=800"],"informations":["Superficie : 2608 hectares","ID : Q829341"],"highlights":["Paysages remarquables","Biodiversité et observation de la faune","Randonnée et points de vue"],"external_links":["Site officiel : https://www.argentina.gob.ar/parquesnacionales","Wikipedia : https://es.wikipedia.org/wiki/Special:Search?search=PN%20Pre-Delta"],"photo":"https://images.pexels.com/photos/2403205/pexels-photo-2403205.jpeg?auto=compress&cs=tinysrgb&w=800","short_desc":"PN Pre-Delta est une aire protégée nationale en Argentine.","link_official":"https://www.argentina.gob.ar/parquesnacionales","link_wikipedia":"https://es.wikipedia.org/wiki/Special:Search?search=PN%20Pre-Delta"},"categoryId":"Environnement","subCategoryId":"PARC","tags":["NATURE"],"gallery":["https://images.pexels.com/photos/2403205/pexels-photo-2403205.jpeg?auto=compress&cs=tinysrgb&w=800","https://images.pexels.com/photos/933054/pexels-photo-933054.jpeg?auto=compress&cs=tinysrgb&w=800","https://images.pexels.com/photos/572897/pexels-photo-572897.jpeg?auto=compress&cs=tinysrgb&w=800"],"informations":["Année de création : n.c.","Superficie : n.c."],"highlights":["Paysages remarquables","Biodiversité et observation de la faune","Randonnée et points de vue"],"external_links":["Site officiel : https://www.argentina.gob.ar/parquesnacionales","Wikipedia : https://es.wikipedia.org/wiki/Special:Search?search=PN%20Pre-Delta"],"photo":"https://images.pexels.com/photos/2403205/pexels-photo-2403205.jpeg?auto=compress&cs=tinysrgb&w=800","short_desc":"Résumé non disponible.","link_official":"https://www.argentina.gob.ar/parquesnacionales","link_wikipedia":"https://fr.wikipedia.org/wiki/Q829341"}},{"type":"Feature","geometry":{"type":"MultiPolygon","coordinates":[[[[-56.78993,-36.32796],[-56.7917,-36.3281],[-56.79211,-36.32889],[-56.79362,-36.32977],[-56.79199,-36.33065],[-56.7914,-36.33154],[-56.79206,-36.33326],[-56.793,-36.33384],[-56.79527,-36.3337],[-56.79563,-36.33404],[-56.79497,-36.33485],[-56.79366,-36.33473],[-56.79336,-36.33435],[-56.79196,-36.33495],[-56.79222,-36.3361],[-56.79405,-36.33637],[-56.79392,-36.33788],[-56.76306,-36.33713],[-56.76448,-36.33573],[-56.76666,-36.33528],[-56.76894,-36.33423],[-56.76936,-36.33135],[-56.76612,-36.3297],[-56.76006,-36.33354],[-56.75826,-36.33347],[-56.75702,-36.33456],[-56.75587,-36.33714],[-56.75425,-36.33699],[-56.75435,-36.33544],[-56.75707,-36.33304],[-56.76028,-36.3319],[-56.76508,-36.32845],[-56.76603,-36.32841],[-56.76738,-36.32708],[-56.77271,-36.32509],[-56.77298,-36.32345],[-56.77431,-36.32069],[-56.7772,-36.32033],[-56.78149,-36.32125],[-56.78504,-36.3237],[-56.78713,-36.32632],[-56.78993,-36.32796]]],[[[-56.79483,-36.32866],[-56.79647,-36.32967],[-56.80267,-36.33151],[-56.8035,-36.33109],[-56.80434,-36.33173],[-56.80491,-36.33138],[-56.80615,-36.33196],[-56.8117,-36.33315],[-56.81086,-36.33824],[-56.79467,-36.33788],[-56.795,-36.33585],[-56.79577,-36.33584],[-56.79669,-36.33434],[-56.79575,-36.33325],[-56.79315,-36.33301],[-56.79516,-36.33134],[-56.79483,-36.32866]]]]},"properties":{"fid":5,"Name":"RNS Marismas del Tuyú","region":"ÁREAS PROTEGIDAS CENTRO ESTE","attributes":{"categoryId":"Environnement","subCategoryId":"PARC","tags":["NATURE"],"gallery":["https://images.pexels.com/photos/457882/pexels-photo-457882.jpeg?auto=compress&cs=tinysrgb&w=800","https://images.pexels.com/photos/533923/pexels-photo-533923.jpeg?auto=compress&cs=tinysrgb&w=800","https://images.pexels.com/photos/1450360/pexels-photo-1450360.jpeg?auto=compress&cs=tinysrgb&w=800"],"informations":["Année de création : n.c.","Superficie : n.c."],"highlights":["Paysages remarquables","Biodiversité et observation de la faune","Randonnée et points de vue"],"external_links":["Site officiel : https://www.argentina.gob.ar/parquesnacionales","Wikipedia : https://es.wikipedia.org/wiki/Special:Search?search=RNS%20Marismas%20del%20Tuy%C3%BA"],"photo":"https://images.pexels.com/photos/457882/pexels-photo-457882.jpeg?auto=compress&cs=tinysrgb&w=800","short_desc":"RNS Marismas del Tuyú est une aire protégée nationale en Argentine.","link_official":"https://www.argentina.gob.ar/parquesnacionales","link_wikipedia":"https://es.wikipedia.org/wiki/Special:Search?search=RNS%20Marismas%20del%20Tuy%C3%BA"},"categoryId":"Environnement","subCategoryId":"PARC","tags":["NATURE"],"gallery":["https://images.pexels.com/photos/457882/pexels-photo-457882.jpeg?auto=compress&cs=tinysrgb&w=800","https://images.pexels.com/photos/533923/pexels-photo-533923.jpeg?auto=compress&cs=tinysrgb&w=800","https://images.pexels.com/photos/1450360/pexels-photo-1450360.jpeg?auto=compress&cs=tinysrgb&w=800"],"informations":["Année de création : n.c.","Superficie : n.c."],"highlights":["Paysages remarquables","Biodiversité et observation de la faune","Randonnée et points de vue"],"external_links":["Site officiel : https://www.argentina.gob.ar/parquesnacionales","Wikipedia : https://es.wikipedia.org/wiki/Special:Search?search=RNS%20Marismas%20del%20Tuy%C3%BA"],"photo":"https://images.pexels.com/photos/457882/pexels-photo-457882.jpeg?auto=compress&cs=tinysrgb&w=800","short_desc":"RNS Marismas del Tuyú est une aire protégée nationale en Argentine.","link_official":"https://www.argentina.gob.ar/parquesnacionales","link_wikipedia":"https://es.wikipedia.org/wiki/Special:Search?search=RNS%20Marismas%20del%20Tuy%C3%BA"}},{"type":"Feature","geometry":{"type":"MultiPolygon","coordinates":[[[[-60.68818,-32.29187],[-60.68821,-32.28901],[-60.68758,-32.28807],[-60.68551,-32.27898],[-60.69146,-32.27222],[-60.69481,-32.27019],[-60.69628,-32.26782],[-60.69501,-32.26388],[-60.69394,-32.2629],[-60.69076,-32.25804],[-60.6826,-32.24921],[-60.68106,-32.24863],[-60.68193,-32.24656],[-60.6862,-32.24078],[-60.68783,-32.2377],[-60.68999,-32.23667],[-60.69266,-32.23093],[-60.69967,-32.22521],[-60.70154,-32.22427],[-60.70352,-32.22381],[-60.70413,-32.22754],[-60.70382,-32.23535],[-60.7052,-32.24484],[-60.70736,-32.25135],[-60.70843,-32.25297],[-60.70897,-32.25612],[-60.7112,-32.26139],[-60.71632,-32.26722],[-60.71881,-32.2723],[-60.72079,-32.27426],[-60.72532,-32.28228],[-60.72814,-32.2889],[-60.73194,-32.29306],[-60.73561,-32.29795],[-60.74096,-32.30205],[-60.74744,-32.30791],[-60.74843,-32.30994],[-60.74753,-32.31154],[-60.74585,-32.31199],[-60.74475,-32.31283],[-60.74437,-32.31431],[-60.74219,-32.31434],[-60.74155,-32.31385],[-60.7406,-32.31387],[-60.73949,-32.31187],[-60.73805,-32.31116],[-60.73331,-32.30697],[-60.72937,-32.30598],[-60.72449,-32.30286],[-60.71863,-32.30014],[-60.71351,-32.30007],[-60.70856,-32.30254],[-60.70721,-32.30453],[-60.70144,-32.30805],[-60.70053,-32.31152],[-60.6977,-32.31665],[-60.69344,-32.32036],[-60.69459,-32.32183],[-60.69634,-32.32311],[-60.69031,-32.32263],[-60.68373,-32.32],[-60.68115,-32.3161],[-60.68166,-32.31144],[-60.68389,-32.30567],[-60.68571,-32.30271],[-60.68784,-32.29768],[-60.68818,-32.29187]]],[[[-60.71622,-32.24354],[-60.7132,-32.23827],[-60.71302,-32.23588],[-60.71364,-32.23472],[-60.71501,-32.236],[-60.71697,-32.23618],[-60.72035,-32.24029],[-60.72507,-32.24383],[-60.72805,-32.24971],[-60.7298,-32.25207],[-60.73036,-32.25623],[-60.73406,-32.26383],[-60.73467,-32.26439],[-60.73685,-32.26442],[-60.73741,-32.26497],[-60.73753,-32.26695],[-60.73644,-32.26997],[-60.73655,-32.27083],[-60.73819,-32.27327],[-60.7389,-32.27357],[-60.73442,-32.27691],[-60.73286,-32.27864],[-60.73193,-32.27628],[-60.73149,-32.26911],[-60.73035,-32.2677],[-60.72795,-32.26709],[-60.72666,-32.26581],[-60.72239,-32.25965],[-60.72166,-32.25809],[-60.72097,-32.25431],[-60.722,-32.25292],[-60.72207,-32.25177],[-60.72109,-32.25006],[-60.71738,-32.24603],[-60.71622,-32.24354]]],[[[-60.71246,-32.24947],[-60.71182,-32.24714],[-60.71206,-32.24194],[-60.71555,-32.2428],[-60.71655,-32.24571],[-60.72133,-32.25102],[-60.72168,-32.25233],[-60.72061,-32.25398],[-60.72062,-32.25529],[-60.72191,-32.25961],[-60.7263,-32.26604],[-60.72786,-32.26739],[-60.73009,-32.26801],[-60.73113,-32.26912],[-60.73086,-32.27116],[-60.73131,-32.27751],[-60.72929,-32.27549],[-60.72252,-32.27223],[-60.71608,-32.26595],[-60.71503,-32.26363],[-60.71352,-32.25252],[-60.71246,-32.24947]]],[[[-60.68167,-32.23555],[-60.67888,-32.23826],[-60.67821,-32.22921],[-60.67876,-32.22697],[-60.68242,-32.22015],[-60.68321,-32.21965],[-60.68397,-32.22304],[-60.68682,-32.22812],[-60.68683,-32.22907],[-60.68167,-32.23555]]],[[[-60.68133,-32.24914],[-60.68437,-32.25154],[-60.68599,-32.25394],[-60.69089,-32.25919],[-60.69366,-32.26366],[-60.69436,-32.26701],[-60.69389,-32.26962],[-60.68909,-32.27272],[-60.68388,-32.27722],[-60.68341,-32.27557],[-60.68301,-32.26526],[-60.68338,-32.26386],[-60.68227,-32.25772],[-60.68139,-32.25605],[-60.6809,-32.25227],[-60.68133,-32.24914]]],[[[-60.74707,-32.32546],[-60.74472,-32.32629],[-60.74098,-32.32607],[-60.73846,-32.32548],[-60.74237,-32.32245],[-60.74357,-32.31965],[-60.74491,-32.31397],[-60.7487,-32.31231],[-60.74987,-32.31326],[-60.75261,-32.31688],[-60.755,-32.32188],[-60.75004,-32.32177],[-60.74927,-32.32254],[-60.74848,-32.32449],[-60.74707,-32.32546]]],[[[-60.7382,-32.32268],[-60.73714,-32.32295],[-60.73586,-32.32239],[-60.73968,-32.31948],[-60.73994,-32.31834],[-60.73925,-32.31589],[-60.73944,-32.31438],[-60.74093,-32.31409],[-60.74317,-32.31468],[-60.74328,-32.31783],[-60.74199,-32.32123],[-60.74057,-32.32225],[-60.73924,-32.3219],[-60.7382,-32.32268]]],[[[-60.73263,-32.3276],[-60.73045,-32.32637],[-60.7317,-32.32464],[-60.734,-32.32307],[-60.73566,-32.32284],[-60.73749,-32.32335],[-60.73919,-32.32232],[-60.74041,-32.32257],[-60.73674,-32.32645],[-60.73482,-32.32755],[-60.73263,-32.3276]]]]},"properties":{"fid":6,"Name":"PN Íslas de Santa Fe","region":"ÁREAS PROTEGIDAS CENTRO ESTE","attributes":{"categoryId":"Environnement","subCategoryId":"PARC","tags":["NATURE"],"gallery":["https://commons.wikimedia.org/wiki/Special:FilePath/Victoria cruziana.jpeg?width=800"],"informations":["Superficie : n.c. hectares","ID : Q830022"],"highlights":["Paysages remarquables","Biodiversité et observation de la faune","Randonnée et points de vue"],"external_links":["Site officiel : https://www.argentina.gob.ar/parquesnacionales","Wikipedia : https://es.wikipedia.org/wiki/Special:Search?search=PN%20%C3%8Dslas%20de%20Santa%20Fe"],"photo":"https://images.pexels.com/photos/2403205/pexels-photo-2403205.jpeg?auto=compress&cs=tinysrgb&w=800","short_desc":"PN Íslas de Santa Fe est une aire protégée nationale en Argentine.","link_official":"https://www.argentina.gob.ar/parquesnacionales","link_wikipedia":"https://es.wikipedia.org/wiki/Special:Search?search=PN%20%C3%8Dslas%20de%20Santa%20Fe"},"categoryId":"Environnement","subCategoryId":"PARC","tags":["NATURE"],"gallery":["https://images.pexels.com/photos/2403205/pexels-photo-2403205.jpeg?auto=compress&cs=tinysrgb&w=800","https://images.pexels.com/photos/933054/pexels-photo-933054.jpeg?auto=compress&cs=tinysrgb&w=800","https://images.pexels.com/photos/572897/pexels-photo-572897.jpeg?auto=compress&cs=tinysrgb&w=800"],"informations":["Année de création : n.c.","Superficie : n.c."],"highlights":["Paysages remarquables","Biodiversité et observation de la faune","Randonnée et points de vue"],"external_links":["Site officiel : https://www.argentina.gob.ar/parquesnacionales","Wikipedia : https://es.wikipedia.org/wiki/Special:Search?search=PN%20%C3%8Dslas%20de%20Santa%20Fe"],"photo":"https://images.pexels.com/photos/2403205/pexels-photo-2403205.jpeg?auto=compress&cs=tinysrgb&w=800","short_desc":"Résumé non disponible.","link_official":"https://www.argentina.gob.ar/parquesnacionales","link_wikipedia":"https://fr.wikipedia.org/wiki/Q830022"}},{"type":"Feature","geometry":{"type":"Polygon","coordinates":[[[-64,-58.22559],[-64,-55.5],[-64.00001,-55.05179],[-64.03102,-55.06069],[-64.06335,-55.06843],[-64.09569,-55.07332],[-64.13028,-55.07719],[-64.15588,-55.07796],[-64.26323,-55.0875],[-64.34677,-55.09574],[-64.40382,-55.0996],[-64.43616,-55.10218],[-64.50218,-55.1081],[-64.54261,-55.11119],[-64.5736,-55.11454],[-64.60818,-55.11583],[-64.65849,-55.11505],[-64.68319,-55.11505],[-64.69981,-55.11583],[-64.71778,-55.11583],[-64.75236,-55.11454],[-64.78695,-55.11068],[-64.80402,-55.1081],[-64.81929,-55.10553],[-64.83635,-55.10166],[-64.85208,-55.0978],[-64.88307,-55.08878],[-64.89789,-55.08363],[-64.91226,-55.07796],[-64.92664,-55.07152],[-64.95224,-55.05863],[-64.97604,-55.04393],[-65.00928,-55.01633],[-65.01512,-55.02071],[-65.03039,-55.03439],[-65.04072,-55.04213],[-65.0506,-55.05038],[-65.07396,-55.06508],[-65.10001,-55.07796],[-65.11438,-55.0844],[-65.12876,-55.09007],[-65.14358,-55.09522],[-65.19793,-55.11016],[-65.20736,-55.11351],[-65.22263,-55.11814],[-65.25452,-55.12664],[-65.28731,-55.13307],[-65.32145,-55.13745],[-65.33896,-55.13899],[-65.35648,-55.14002],[-65.374,-55.14053],[-65.39106,-55.14053],[-65.40858,-55.14002],[-65.43823,-55.13822],[-65.46697,-55.14594],[-65.49976,-55.15237],[-65.5339,-55.15674],[-65.54872,-55.15802],[-65.56264,-55.16265],[-65.57881,-55.16677],[-65.6116,-55.1732],[-65.64574,-55.17757],[-65.66325,-55.17911],[-65.68077,-55.18014],[-65.69829,-55.18065],[-65.71536,-55.18065],[-65.73287,-55.18014],[-65.75039,-55.17911],[-65.76791,-55.17757],[-65.80294,-55.17345],[-65.83528,-55.17474],[-65.85235,-55.17474],[-65.86987,-55.17422],[-65.91164,-55.17165],[-65.92916,-55.1732],[-65.94667,-55.17422],[-65.96509,-55.17474],[-65.99024,-55.18091],[-66.02303,-55.18733],[-66.06253,-55.19224],[-65.72667,-55.38167],[-65.72667,-55.75],[-65.72667,-56.38],[-66.25,-56.38],[-67.26667,-56.38],[-67.26667,-57],[-67.26667,-58.36435],[-67.15565,-58.37197],[-66.87464,-58.38539],[-66.81844,-58.38539],[-66.76224,-58.38808],[-66.36884,-58.38808],[-66.31263,-58.38539],[-66.25643,-58.38539],[-66.20023,-58.38271],[-66.14403,-58.38271],[-65.91923,-58.37197],[-65.86303,-58.36661],[-65.81194,-58.36392],[-65.75574,-58.35855],[-65.69954,-58.35587],[-65.58713,-58.34512],[-65.53093,-58.34244],[-65.42364,-58.33169],[-65.36744,-58.32362],[-65.25504,-58.31287],[-65.20395,-58.3048],[-65.14775,-58.29674],[-65.09155,-58.29136],[-65.04045,-58.28328],[-64.98425,-58.27521],[-64.92805,-58.27252],[-64.87696,-58.26713],[-64.82076,-58.26444],[-64.65216,-58.24828],[-64.60107,-58.2429],[-64.48356,-58.2429],[-64.42736,-58.2402],[-64.37115,-58.2402],[-64.30984,-58.23751],[-64.25364,-58.23751],[-64,-58.22559]]]},"properties":{"fid":1,"Name":"AMP Yaganes","region":"ÁREAS MARINAS PROTEGIDAS","attributes":{"categoryId":"Environnement","subCategoryId":"PARC","tags":["NATURE"],"gallery":["https://images.pexels.com/photos/2403205/pexels-photo-2403205.jpeg?auto=compress&cs=tinysrgb&w=800","https://images.pexels.com/photos/933054/pexels-photo-933054.jpeg?auto=compress&cs=tinysrgb&w=800","https://images.pexels.com/photos/572897/pexels-photo-572897.jpeg?auto=compress&cs=tinysrgb&w=800"],"informations":["Année de création : n.c.","Superficie : n.c."],"highlights":["Paysages remarquables","Biodiversité et observation de la faune","Randonnée et points de vue"],"external_links":["Site officiel : https://www.argentina.gob.ar/parquesnacionales","Wikipedia : https://es.wikipedia.org/wiki/Special:Search?search=AMP%20Yaganes"],"photo":"https://images.pexels.com/photos/2403205/pexels-photo-2403205.jpeg?auto=compress&cs=tinysrgb&w=800","short_desc":"AMP Yaganes est une aire protégée nationale en Argentine.","link_official":"https://www.argentina.gob.ar/parquesnacionales","link_wikipedia":"https://es.wikipedia.org/wiki/Special:Search?search=AMP%20Yaganes"},"categoryId":"Environnement","subCategoryId":"PARC","tags":["NATURE"],"gallery":["https://images.pexels.com/photos/2403205/pexels-photo-2403205.jpeg?auto=compress&cs=tinysrgb&w=800","https://images.pexels.com/photos/933054/pexels-photo-933054.jpeg?auto=compress&cs=tinysrgb&w=800","https://images.pexels.com/photos/572897/pexels-photo-572897.jpeg?auto=compress&cs=tinysrgb&w=800"],"informations":["Année de création : n.c.","Superficie : n.c."],"highlights":["Paysages remarquables","Biodiversité et observation de la faune","Randonnée et points de vue"],"external_links":["Site officiel : https://www.argentina.gob.ar/parquesnacionales","Wikipedia : https://es.wikipedia.org/wiki/Special:Search?search=AMP%20Yaganes"],"photo":"https://images.pexels.com/photos/2403205/pexels-photo-2403205.jpeg?auto=compress&cs=tinysrgb&w=800","short_desc":"AMP Yaganes est une aire protégée nationale en Argentine.","link_official":"https://www.argentina.gob.ar/parquesnacionales","link_wikipedia":"https://es.wikipedia.org/wiki/Special:Search?search=AMP%20Yaganes"}},{"type":"Feature","geometry":{"type":"Polygon","coordinates":[[[-57.99821,-54.75746],[-57.9905,-54.75612],[-57.97738,-54.75612],[-57.96503,-54.75835],[-57.94342,-54.76683],[-57.90792,-54.7762],[-57.87319,-54.78646],[-57.84232,-54.79895],[-57.79447,-54.82123],[-57.77363,-54.82747],[-57.7582,-54.83059],[-57.72656,-54.83371],[-57.67331,-54.83594],[-57.64089,-54.83594],[-57.60925,-54.83905],[-57.57838,-54.8444],[-57.55677,-54.85019],[-57.53439,-54.85331],[-57.51124,-54.85375],[-57.48731,-54.85242],[-57.46261,-54.84707],[-57.44024,-54.83861],[-57.41786,-54.83104],[-57.38621,-54.82257],[-57.3538,-54.81544],[-57.31676,-54.81232],[-57.27971,-54.81232],[-57.24267,-54.81321],[-57.16395,-54.81366],[-57.12459,-54.81633],[-57.08831,-54.8199],[-57.07134,-54.82302],[-57.05513,-54.82881],[-57.0451,-54.83638],[-57.03815,-54.84529],[-57.02658,-54.85242],[-57.01191,-54.85598],[-56.99648,-54.85687],[-56.98027,-54.85553],[-56.96792,-54.85152],[-56.94631,-54.84128],[-56.92393,-54.83549],[-56.90078,-54.83193],[-56.87685,-54.82881],[-56.83132,-54.82614],[-56.78579,-54.8248],[-56.74025,-54.82168],[-56.63067,-54.81143],[-56.5998,-54.80608],[-56.56893,-54.7985],[-56.54037,-54.78914],[-56.51259,-54.77843],[-56.49098,-54.76861],[-56.46242,-54.75344],[-56.44309,-54.73868],[-56.42306,-54.7204],[-56.39528,-54.69761],[-56.3821,-54.68592],[-56.36981,-54.67346],[-56.3536,-54.6493],[-56.34511,-54.6408],[-56.33585,-54.63319],[-56.31965,-54.62289],[-56.29032,-54.60587],[-56.28029,-54.59825],[-56.27257,-54.58974],[-56.26794,-54.57853],[-56.26717,-54.5588],[-56.26408,-54.5431],[-56.25945,-54.5247],[-56.25019,-54.50674],[-56.23398,-54.48877],[-56.21546,-54.47169],[-56.19771,-54.45776],[-56.19308,-54.44966],[-56.19462,-54.44202],[-56.20003,-54.43572],[-56.20774,-54.43032],[-56.21623,-54.42537],[-56.2417,-54.40871],[-56.25019,-54.39836],[-56.25637,-54.38755],[-56.26563,-54.37719],[-56.27797,-54.36953],[-56.29264,-54.36322],[-56.31502,-54.35826],[-56.3374,-54.35691],[-56.36055,-54.35691],[-56.3837,-54.35601],[-56.42847,-54.3497],[-56.47251,-54.34293],[-56.51665,-54.33848],[-56.6353,-54.3294],[-56.6924,-54.32625],[-56.72019,-54.32219],[-56.758,-54.30955],[-56.7935,-54.30143],[-56.81434,-54.29962],[-56.83595,-54.29917],[-56.85679,-54.29556],[-56.87222,-54.28744],[-56.88689,-54.2784],[-56.90232,-54.27208],[-56.91853,-54.26666],[-56.95172,-54.25762],[-56.98567,-54.25039],[-57.04896,-54.24135],[-57.11455,-54.2287],[-57.17398,-54.21467],[-57.20562,-54.20427],[-57.25501,-54.183],[-57.2774,-54.17621],[-57.30209,-54.17259],[-57.34763,-54.17259],[-57.36846,-54.17032],[-57.38853,-54.16715],[-57.45953,-54.16081],[-57.48885,-54.15628],[-57.5614,-54.14269],[-57.60462,-54.13318],[-57.67022,-54.1155],[-57.71652,-54.10552],[-57.76283,-54.09872],[-57.81068,-54.09418],[-57.8593,-54.09282],[-57.90792,-54.09418],[-57.94419,-54.09191],[-57.97969,-54.08738],[-58.01365,-54.07966],[-58.07693,-54.05651],[-58.12324,-54.04334],[-58.14793,-54.03925],[-58.16723,-54.03925],[-58.18729,-54.04016],[-58.20659,-54.03971],[-58.22974,-54.03516],[-58.24904,-54.02835],[-58.26601,-54.01926],[-58.27373,-54.01426],[-58.30228,-53.99153],[-58.33393,-53.97061],[-58.36788,-53.95103],[-58.40493,-53.93328],[-58.44429,-53.91733],[-58.50912,-53.89637],[-58.57472,-53.87585],[-58.61485,-53.86628],[-58.63414,-53.86035],[-58.65112,-53.85168],[-58.66038,-53.83981],[-58.66578,-53.82703],[-58.67427,-53.8147],[-58.68431,-53.80648],[-58.69588,-53.79917],[-58.70977,-53.79369],[-58.72367,-53.79049],[-58.73679,-53.78912],[-58.75067,-53.78957],[-58.76457,-53.79232],[-58.77769,-53.7978],[-58.78695,-53.80511],[-58.79389,-53.81333],[-58.80007,-53.82201],[-58.80393,-53.83114],[-58.80547,-53.84027],[-58.80856,-53.8494],[-58.81782,-53.85761],[-58.83171,-53.86308],[-58.84637,-53.86491],[-58.86181,-53.86491],[-58.89191,-53.86217],[-58.91352,-53.85943],[-58.93435,-53.85487],[-58.95596,-53.85122],[-58.99861,-53.84627],[-59.0424,-53.84438],[-59.06787,-53.84483],[-59.09334,-53.8462],[-59.11109,-53.84848],[-59.12806,-53.85214],[-59.14427,-53.85761],[-59.16665,-53.86354],[-59.1898,-53.86765],[-59.21373,-53.87038],[-59.22299,-53.87038],[-59.26312,-53.86537],[-59.2909,-53.85943],[-59.30402,-53.85578],[-59.31869,-53.85442],[-59.33299,-53.85526],[-59.34724,-53.85898],[-59.35882,-53.86445],[-59.36962,-53.87038],[-59.38429,-53.88087],[-59.40049,-53.89136],[-59.41747,-53.89728],[-59.43599,-53.90184],[-59.45528,-53.90458],[-59.48076,-53.90549],[-59.507,-53.90412],[-59.53246,-53.90367],[-59.55716,-53.9064],[-59.58108,-53.91004],[-59.60578,-53.91096],[-59.63047,-53.90685],[-59.67678,-53.89364],[-59.75087,-53.87449],[-59.78946,-53.86765],[-59.85274,-53.86126],[-59.89673,-53.85852],[-59.94232,-53.85761],[-59.98703,-53.85898],[-60.02947,-53.86217],[-60.07269,-53.86172],[-60.10433,-53.85943],[-60.1352,-53.85487],[-60.16607,-53.84712],[-60.1954,-53.83707],[-60.2255,-53.82475],[-60.25405,-53.81105],[-60.27412,-53.79963],[-60.29619,-53.78894],[-60.31657,-53.78135],[-60.33972,-53.7754],[-60.35438,-53.77312],[-60.36904,-53.77175],[-60.38371,-53.77266],[-60.3976,-53.77678],[-60.4084,-53.78226],[-60.42075,-53.78775],[-60.43927,-53.79369],[-60.4578,-53.79826],[-60.47863,-53.80008],[-60.4987,-53.7978],[-60.51645,-53.79323],[-60.5342,-53.78775],[-60.59208,-53.76855],[-60.62841,-53.76168],[-60.66463,-53.7562],[-60.68855,-53.75117],[-60.71324,-53.74797],[-60.73563,-53.74934],[-60.75724,-53.75209],[-60.78502,-53.75391],[-60.8182,-53.75437],[-60.85139,-53.75346],[-60.88458,-53.75025],[-60.92239,-53.74934],[-60.96021,-53.75209],[-60.99725,-53.75757],[-61.02272,-53.75849],[-61.09527,-53.7562],[-61.18309,-53.75072],[-61.20408,-53.7498],[-61.22492,-53.75117],[-61.24498,-53.75483],[-61.26737,-53.76215],[-61.30827,-53.77952],[-61.32525,-53.78774],[-61.33914,-53.7978],[-61.34609,-53.80785],[-61.35149,-53.81835],[-61.35998,-53.82794],[-61.37233,-53.83434],[-61.38699,-53.8389],[-61.40242,-53.84255],[-61.41786,-53.84575],[-61.44641,-53.85031],[-61.52745,-53.85943],[-61.55137,-53.86172],[-61.57375,-53.86582],[-61.59459,-53.87312],[-61.61002,-53.8827],[-61.6216,-53.89409],[-61.63858,-53.91825],[-61.65324,-53.94193],[-61.66328,-53.96605],[-61.67099,-53.99062],[-61.6764,-54.01335],[-61.68643,-54.07013],[-61.69415,-54.10416],[-61.70109,-54.12864],[-61.71035,-54.15311],[-61.71807,-54.16625],[-61.74971,-54.21015],[-61.75048,-54.21739],[-61.74894,-54.22508],[-61.74663,-54.22915],[-61.74045,-54.23593],[-61.73119,-54.24135],[-61.71807,-54.24452],[-61.70572,-54.24452],[-61.69569,-54.2409],[-61.68874,-54.23638],[-61.67485,-54.22598],[-61.66482,-54.22327],[-61.65247,-54.22236],[-61.62392,-54.22191],[-61.60925,-54.22327],[-61.5969,-54.22734],[-61.5861,-54.23276],[-61.56449,-54.24813],[-61.556,-54.25898],[-61.55369,-54.26892],[-61.556,-54.27886],[-61.56063,-54.28834],[-61.56912,-54.30053],[-61.5807,-54.31136],[-61.58919,-54.31632],[-61.60153,-54.32219],[-61.6162,-54.32625],[-61.63163,-54.3285],[-61.64707,-54.32986],[-61.70495,-54.32715],[-61.71884,-54.3276],[-61.72733,-54.3285],[-61.73505,-54.33031],[-61.74431,-54.33527],[-61.7474,-54.33933],[-61.75048,-54.34474],[-61.75048,-54.34744],[-61.74663,-54.3542],[-61.74045,-54.35916],[-61.73196,-54.36322],[-61.69801,-54.37359],[-61.65324,-54.3898],[-61.63704,-54.3925],[-61.62314,-54.39746],[-61.61157,-54.40466],[-61.60462,-54.41231],[-61.60385,-54.42042],[-61.60925,-54.42672],[-61.61851,-54.43212],[-61.62392,-54.43842],[-61.62392,-54.44516],[-61.6216,-54.45146],[-61.61543,-54.45686],[-61.60694,-54.46135],[-61.59382,-54.4645],[-61.57993,-54.4645],[-61.56603,-54.4636],[-61.55215,-54.4618],[-61.5205,-54.45641],[-61.50275,-54.45461],[-61.48963,-54.45416],[-61.47728,-54.45551],[-61.46802,-54.45865],[-61.46107,-54.46315],[-61.45799,-54.46944],[-61.45876,-54.47484],[-61.46262,-54.47888],[-61.46802,-54.48203],[-61.48192,-54.48742],[-61.51124,-54.49416],[-61.52822,-54.5009],[-61.54211,-54.50943],[-61.55215,-54.51931],[-61.55754,-54.53008],[-61.55832,-54.53906],[-61.55523,-54.54758],[-61.54983,-54.55566],[-61.54057,-54.56284],[-61.52513,-54.56912],[-61.50816,-54.57315],[-61.4904,-54.57674],[-61.4549,-54.5866],[-61.42944,-54.59467],[-61.4032,-54.60184],[-61.37233,-54.60542],[-61.32602,-54.60856],[-61.29438,-54.61438],[-61.27817,-54.61572],[-61.25214,-54.61262],[-61.23264,-54.61393],[-61.21334,-54.61662],[-61.16472,-54.6202],[-61.14157,-54.62423],[-61.11533,-54.63364],[-61.08986,-54.64348],[-61.04587,-54.65601],[-61.02735,-54.66272],[-61.01114,-54.67122],[-61.00111,-54.68106],[-60.99417,-54.69224],[-60.98259,-54.70163],[-60.96484,-54.70654],[-60.94632,-54.70878],[-60.92779,-54.7128],[-60.91776,-54.71727],[-60.9031,-54.72531],[-60.89075,-54.73469],[-60.87686,-54.74317],[-60.86142,-54.75032],[-60.84367,-54.75657],[-60.82361,-54.76103],[-60.80277,-54.76415],[-60.78127,-54.76637],[-60.75029,-54.7704],[-60.71865,-54.77218],[-60.6901,-54.77174],[-60.66231,-54.76817],[-60.61755,-54.75389],[-60.60289,-54.75121],[-60.58822,-54.74987],[-60.57356,-54.74942],[-60.55864,-54.75222],[-60.54732,-54.75746],[-60.53883,-54.76415],[-60.5288,-54.76995],[-60.51259,-54.77442],[-60.44776,-54.78557],[-60.41689,-54.78869],[-60.39066,-54.78824],[-60.34821,-54.78468],[-60.32043,-54.78378],[-60.29187,-54.78557],[-60.27103,-54.78824],[-60.24942,-54.7878],[-60.23399,-54.78557],[-60.21855,-54.78245],[-60.2062,-54.7762],[-60.20157,-54.76906],[-60.20003,-54.76147],[-60.1954,-54.75433],[-60.1846,-54.74809],[-60.17225,-54.74407],[-60.15836,-54.74094],[-60.1352,-54.73737],[-60.11282,-54.73737],[-60.09111,-54.73917],[-60.0696,-54.74273],[-60.04799,-54.74719],[-60.02561,-54.75389],[-60.00478,-54.76192],[-59.98317,-54.76906],[-59.94844,-54.77709],[-59.91294,-54.78289],[-59.82727,-54.79092],[-59.77865,-54.79493],[-59.76553,-54.79672],[-59.74701,-54.80073],[-59.72694,-54.80341],[-59.71228,-54.8043],[-59.69839,-54.80341],[-59.68527,-54.80073],[-59.67292,-54.79627],[-59.6652,-54.79047],[-59.66057,-54.78423],[-59.6544,-54.77799],[-59.64591,-54.77129],[-59.6351,-54.76505],[-59.62353,-54.76058],[-59.61118,-54.75746],[-59.59729,-54.75612],[-59.56256,-54.76147],[-59.5533,-54.76103],[-59.54404,-54.75969],[-59.53555,-54.75701],[-59.52937,-54.75166],[-59.52475,-54.7396],[-59.52088,-54.7329],[-59.51549,-54.72665],[-59.50545,-54.71995],[-59.48076,-54.70923],[-59.4414,-54.6909],[-59.40204,-54.6757],[-59.38429,-54.66944],[-59.36576,-54.66452],[-59.35419,-54.66228],[-59.34184,-54.66049],[-59.32949,-54.66094],[-59.31791,-54.66407],[-59.30788,-54.66899],[-59.29939,-54.67436],[-59.27547,-54.69492],[-59.26312,-54.70252],[-59.25,-54.70923],[-59.23534,-54.71459],[-59.21759,-54.71772],[-59.20061,-54.71772],[-59.18517,-54.71548],[-59.1542,-54.70921],[-59.11031,-54.70118],[-59.08022,-54.6985],[-59.05783,-54.69805],[-59.03622,-54.69939],[-59.01616,-54.70386],[-58.98297,-54.71504],[-58.96985,-54.7204],[-58.95519,-54.72397],[-58.93512,-54.72442],[-58.91583,-54.72263],[-58.89576,-54.72129],[-58.87261,-54.72218],[-58.84946,-54.72397],[-58.82708,-54.72397],[-58.80537,-54.72263],[-58.77228,-54.72129],[-58.75145,-54.72263],[-58.7391,-54.72576],[-58.72752,-54.72933],[-58.7144,-54.73112],[-58.69897,-54.72978],[-58.68585,-54.72576],[-58.6735,-54.72084],[-58.66346,-54.71459],[-58.65421,-54.70744],[-58.6434,-54.70118],[-58.62488,-54.69716],[-58.56237,-54.69358],[-58.53999,-54.69269],[-58.51838,-54.69001],[-58.49831,-54.68464],[-58.48056,-54.67793],[-58.46281,-54.67033],[-58.44506,-54.66183],[-58.42962,-54.65244],[-58.42036,-54.64169],[-58.41419,-54.63005],[-58.40338,-54.61931],[-58.38872,-54.61214],[-58.37251,-54.60677],[-58.35554,-54.60228],[-58.32852,-54.59691],[-58.29997,-54.59422],[-58.28376,-54.59332],[-58.26755,-54.59332],[-58.25212,-54.59556],[-58.23823,-54.60004],[-58.22665,-54.60587],[-58.21739,-54.61304],[-58.20968,-54.62065],[-58.20119,-54.63408],[-58.19656,-54.64796],[-58.19578,-54.66094],[-58.19733,-54.67391],[-58.20273,-54.68688],[-58.20813,-54.69671],[-58.21585,-54.70565],[-58.22588,-54.71414],[-58.2336,-54.71772],[-58.24209,-54.72084],[-58.24749,-54.72576],[-58.24904,-54.73156],[-58.24672,-54.73737],[-58.24209,-54.74273],[-58.23669,-54.7463],[-58.22511,-54.75121],[-58.21353,-54.75478],[-58.19964,-54.75567],[-58.18575,-54.75523],[-58.17263,-54.75701],[-58.14408,-54.76638],[-58.11243,-54.77531],[-58.09005,-54.78022],[-58.06536,-54.78334],[-58.05378,-54.78378],[-58.04143,-54.782],[-58.02986,-54.77799],[-58.01442,-54.76237],[-58.00284,-54.75835],[-57.99821,-54.75746]]]},"properties":{"fid":2,"Name":"AMP Namuncurá - Banco Burdwood I","region":"ÁREAS MARINAS PROTEGIDAS","attributes":{"categoryId":"Environnement","subCategoryId":"PARC","tags":["NATURE"],"gallery":["https://images.pexels.com/photos/2403205/pexels-photo-2403205.jpeg?auto=compress&cs=tinysrgb&w=800","https://images.pexels.com/photos/933054/pexels-photo-933054.jpeg?auto=compress&cs=tinysrgb&w=800","https://images.pexels.com/photos/572897/pexels-photo-572897.jpeg?auto=compress&cs=tinysrgb&w=800"],"informations":["Année de création : n.c.","Superficie : n.c."],"highlights":["Paysages remarquables","Biodiversité et observation de la faune","Randonnée et points de vue"],"external_links":["Site officiel : https://www.argentina.gob.ar/parquesnacionales","Wikipedia : https://es.wikipedia.org/wiki/Special:Search?search=AMP%20Namuncur%C3%A1%20-%20Banco%20Burdwood%20I"],"photo":"https://images.pexels.com/photos/2403205/pexels-photo-2403205.jpeg?auto=compress&cs=tinysrgb&w=800","short_desc":"AMP Namuncurá - Banco Burdwood I est une aire protégée nationale en Argentine.","link_official":"https://www.argentina.gob.ar/parquesnacionales","link_wikipedia":"https://es.wikipedia.org/wiki/Special:Search?search=AMP%20Namuncur%C3%A1%20-%20Banco%20Burdwood%20I"},"categoryId":"Environnement","subCategoryId":"PARC","tags":["NATURE"],"gallery":["https://images.pexels.com/photos/2403205/pexels-photo-2403205.jpeg?auto=compress&cs=tinysrgb&w=800","https://images.pexels.com/photos/933054/pexels-photo-933054.jpeg?auto=compress&cs=tinysrgb&w=800","https://images.pexels.com/photos/572897/pexels-photo-572897.jpeg?auto=compress&cs=tinysrgb&w=800"],"informations":["Année de création : n.c.","Superficie : n.c."],"highlights":["Paysages remarquables","Biodiversité et observation de la faune","Randonnée et points de vue"],"external_links":["Site officiel : https://www.argentina.gob.ar/parquesnacionales","Wikipedia : https://es.wikipedia.org/wiki/Special:Search?search=AMP%20Namuncur%C3%A1%20-%20Banco%20Burdwood%20I"],"photo":"https://images.pexels.com/photos/2403205/pexels-photo-2403205.jpeg?auto=compress&cs=tinysrgb&w=800","short_desc":"AMP Namuncurá - Banco Burdwood I est une aire protégée nationale en Argentine.","link_official":"https://www.argentina.gob.ar/parquesnacionales","link_wikipedia":"https://es.wikipedia.org/wiki/Special:Search?search=AMP%20Namuncur%C3%A1%20-%20Banco%20Burdwood%20I"}},{"type":"Feature","geometry":{"type":"Polygon","coordinates":[[[-61.75048,-54.34744],[-61.75048,-54.6493],[-61.75048,-54.88624],[-61.75048,-55.09613],[-61.75048,-55.4999],[-60.9085,-55.4999],[-60.75029,-55.4999],[-60.75029,-55.74968],[-60.59826,-55.74968],[-60.19617,-55.74968],[-57.99821,-55.74968],[-57.99821,-55.58436],[-57.99821,-54.75746],[-58.00284,-54.75835],[-58.01442,-54.76237],[-58.02986,-54.77799],[-58.04143,-54.782],[-58.05378,-54.78378],[-58.06536,-54.78334],[-58.09005,-54.78022],[-58.11243,-54.77531],[-58.14408,-54.76638],[-58.17263,-54.75701],[-58.18575,-54.75523],[-58.19964,-54.75567],[-58.21353,-54.75478],[-58.22511,-54.75121],[-58.23669,-54.7463],[-58.24209,-54.74273],[-58.24672,-54.73737],[-58.24904,-54.73156],[-58.24749,-54.72576],[-58.24209,-54.72084],[-58.2336,-54.71772],[-58.22588,-54.71414],[-58.21585,-54.70565],[-58.20813,-54.69671],[-58.20273,-54.68688],[-58.19733,-54.67391],[-58.19578,-54.66094],[-58.19656,-54.64796],[-58.20119,-54.63408],[-58.20968,-54.62065],[-58.21739,-54.61304],[-58.22665,-54.60587],[-58.23823,-54.60004],[-58.25212,-54.59556],[-58.26755,-54.59332],[-58.28376,-54.59332],[-58.29997,-54.59422],[-58.32852,-54.59691],[-58.35554,-54.60228],[-58.37251,-54.60677],[-58.38872,-54.61214],[-58.40338,-54.61931],[-58.41419,-54.63005],[-58.42036,-54.64169],[-58.42962,-54.65244],[-58.44506,-54.66183],[-58.46281,-54.67033],[-58.48056,-54.67793],[-58.49831,-54.68464],[-58.51838,-54.69001],[-58.53999,-54.69269],[-58.56237,-54.69358],[-58.62488,-54.69716],[-58.6434,-54.70118],[-58.65421,-54.70744],[-58.66346,-54.71459],[-58.6735,-54.72084],[-58.68585,-54.72576],[-58.69897,-54.72978],[-58.7144,-54.73112],[-58.72752,-54.72933],[-58.7391,-54.72576],[-58.75145,-54.72263],[-58.77228,-54.72129],[-58.80537,-54.72263],[-58.82708,-54.72397],[-58.84946,-54.72397],[-58.87261,-54.72218],[-58.89576,-54.72129],[-58.91583,-54.72263],[-58.93512,-54.72442],[-58.95519,-54.72397],[-58.96985,-54.7204],[-58.98297,-54.71504],[-59.01616,-54.70386],[-59.03622,-54.69939],[-59.05783,-54.69805],[-59.08022,-54.6985],[-59.11031,-54.70118],[-59.1542,-54.70921],[-59.18517,-54.71548],[-59.20061,-54.71772],[-59.21759,-54.71772],[-59.23534,-54.71459],[-59.25,-54.70923],[-59.26312,-54.70252],[-59.27547,-54.69492],[-59.29939,-54.67436],[-59.30788,-54.66899],[-59.31791,-54.66407],[-59.32949,-54.66094],[-59.34184,-54.66049],[-59.35419,-54.66228],[-59.36576,-54.66452],[-59.38429,-54.66944],[-59.40204,-54.6757],[-59.4414,-54.6909],[-59.48076,-54.70923],[-59.50545,-54.71995],[-59.51549,-54.72665],[-59.52088,-54.7329],[-59.52475,-54.7396],[-59.52937,-54.75166],[-59.53555,-54.75701],[-59.54404,-54.75969],[-59.5533,-54.76103],[-59.56256,-54.76147],[-59.59729,-54.75612],[-59.61118,-54.75746],[-59.62353,-54.76058],[-59.6351,-54.76505],[-59.64591,-54.77129],[-59.6544,-54.77799],[-59.66057,-54.78423],[-59.6652,-54.79047],[-59.67292,-54.79627],[-59.68527,-54.80073],[-59.69839,-54.80341],[-59.71228,-54.8043],[-59.72694,-54.80341],[-59.74701,-54.80073],[-59.76553,-54.79672],[-59.77865,-54.79493],[-59.82727,-54.79092],[-59.91294,-54.78289],[-59.94844,-54.77709],[-59.98317,-54.76906],[-60.00478,-54.76192],[-60.02561,-54.75389],[-60.04799,-54.74719],[-60.0696,-54.74273],[-60.09111,-54.73917],[-60.11282,-54.73737],[-60.1352,-54.73737],[-60.15836,-54.74094],[-60.17225,-54.74407],[-60.1846,-54.74809],[-60.1954,-54.75433],[-60.20003,-54.76147],[-60.20157,-54.76906],[-60.2062,-54.7762],[-60.21855,-54.78245],[-60.23399,-54.78557],[-60.24942,-54.7878],[-60.27103,-54.78824],[-60.29187,-54.78557],[-60.32043,-54.78378],[-60.34821,-54.78468],[-60.39066,-54.78824],[-60.41689,-54.78869],[-60.44776,-54.78557],[-60.51259,-54.77442],[-60.5288,-54.76995],[-60.53883,-54.76415],[-60.54732,-54.75746],[-60.55864,-54.75222],[-60.57356,-54.74942],[-60.58822,-54.74987],[-60.60289,-54.75121],[-60.61755,-54.75389],[-60.66231,-54.76817],[-60.6901,-54.77174],[-60.71865,-54.77218],[-60.75029,-54.7704],[-60.78127,-54.76637],[-60.80277,-54.76415],[-60.82361,-54.76103],[-60.84367,-54.75657],[-60.86142,-54.75032],[-60.87686,-54.74317],[-60.89075,-54.73469],[-60.9031,-54.72531],[-60.91776,-54.71727],[-60.92779,-54.7128],[-60.94632,-54.70878],[-60.96484,-54.70654],[-60.98259,-54.70163],[-60.99417,-54.69224],[-61.00111,-54.68106],[-61.01114,-54.67122],[-61.02735,-54.66272],[-61.04587,-54.65601],[-61.08986,-54.64348],[-61.11533,-54.63364],[-61.14157,-54.62423],[-61.16472,-54.6202],[-61.21334,-54.61662],[-61.23264,-54.61393],[-61.25214,-54.61262],[-61.27817,-54.61572],[-61.29438,-54.61438],[-61.32602,-54.60856],[-61.37233,-54.60542],[-61.4032,-54.60184],[-61.42944,-54.59467],[-61.4549,-54.5866],[-61.4904,-54.57674],[-61.50816,-54.57315],[-61.52513,-54.56912],[-61.54057,-54.56284],[-61.54983,-54.55566],[-61.55523,-54.54758],[-61.55832,-54.53906],[-61.55754,-54.53008],[-61.55215,-54.51931],[-61.54211,-54.50943],[-61.52822,-54.5009],[-61.51124,-54.49416],[-61.48192,-54.48742],[-61.46802,-54.48203],[-61.46262,-54.47888],[-61.45876,-54.47484],[-61.45799,-54.46944],[-61.46107,-54.46315],[-61.46802,-54.45865],[-61.47728,-54.45551],[-61.48963,-54.45416],[-61.50275,-54.45461],[-61.5205,-54.45641],[-61.55215,-54.4618],[-61.56603,-54.4636],[-61.57993,-54.4645],[-61.59382,-54.4645],[-61.60694,-54.46135],[-61.61543,-54.45686],[-61.6216,-54.45146],[-61.62392,-54.44516],[-61.62392,-54.43842],[-61.61851,-54.43212],[-61.60925,-54.42672],[-61.60385,-54.42042],[-61.60462,-54.41231],[-61.61157,-54.40466],[-61.62314,-54.39746],[-61.63704,-54.3925],[-61.65324,-54.3898],[-61.69801,-54.37359],[-61.73196,-54.36322],[-61.74045,-54.35916],[-61.74663,-54.3542],[-61.75048,-54.34744]]]},"properties":{"fid":3,"Name":"AMP Namuncurá - Banco Burdwood II","region":"ÁREAS MARINAS PROTEGIDAS","attributes":{"categoryId":"Environnement","subCategoryId":"PARC","tags":["NATURE"],"gallery":["https://images.pexels.com/photos/2403205/pexels-photo-2403205.jpeg?auto=compress&cs=tinysrgb&w=800","https://images.pexels.com/photos/933054/pexels-photo-933054.jpeg?auto=compress&cs=tinysrgb&w=800","https://images.pexels.com/photos/572897/pexels-photo-572897.jpeg?auto=compress&cs=tinysrgb&w=800"],"informations":["Année de création : n.c.","Superficie : n.c."],"highlights":["Paysages remarquables","Biodiversité et observation de la faune","Randonnée et points de vue"],"external_links":["Site officiel : https://www.argentina.gob.ar/parquesnacionales","Wikipedia : https://es.wikipedia.org/wiki/Special:Search?search=AMP%20Namuncur%C3%A1%20-%20Banco%20Burdwood%20II"],"photo":"https://images.pexels.com/photos/2403205/pexels-photo-2403205.jpeg?auto=compress&cs=tinysrgb&w=800","short_desc":"AMP Namuncurá - Banco Burdwood II est une aire protégée nationale en Argentine.","link_official":"https://www.argentina.gob.ar/parquesnacionales","link_wikipedia":"https://es.wikipedia.org/wiki/Special:Search?search=AMP%20Namuncur%C3%A1%20-%20Banco%20Burdwood%20II"},"categoryId":"Environnement","subCategoryId":"PARC","tags":["NATURE"],"gallery":["https://images.pexels.com/photos/2403205/pexels-photo-2403205.jpeg?auto=compress&cs=tinysrgb&w=800","https://images.pexels.com/photos/933054/pexels-photo-933054.jpeg?auto=compress&cs=tinysrgb&w=800","https://images.pexels.com/photos/572897/pexels-photo-572897.jpeg?auto=compress&cs=tinysrgb&w=800"],"informations":["Année de création : n.c.","Superficie : n.c."],"highlights":["Paysages remarquables","Biodiversité et observation de la faune","Randonnée et points de vue"],"external_links":["Site officiel : https://www.argentina.gob.ar/parquesnacionales","Wikipedia : https://es.wikipedia.org/wiki/Special:Search?search=AMP%20Namuncur%C3%A1%20-%20Banco%20Burdwood%20II"],"photo":"https://images.pexels.com/photos/2403205/pexels-photo-2403205.jpeg?auto=compress&cs=tinysrgb&w=800","short_desc":"AMP Namuncurá - Banco Burdwood II est une aire protégée nationale en Argentine.","link_official":"https://www.argentina.gob.ar/parquesnacionales","link_wikipedia":"https://es.wikipedia.org/wiki/Special:Search?search=AMP%20Namuncur%C3%A1%20-%20Banco%20Burdwood%20II"}}]}