{"type":"FeatureCollection","name":"cultures","crs":{"type":"name","properties":{"name":"urn:ogc:def:crs:OGC:1.3:CRS84"}},"features":[{"type":"Feature","properties":{"osm_id":"198408160","code":2722,"fclass":"museum","name":"Palacio San José","categoryId":"Cultures","subcategoryId":"MUSEE","short_desc":"Le palacio de las Dueñas est un palais situé dans la ville andalouse de Séville, en Espagne. Il appartient à la Maison d'Albe et fut construit entre le XVe et le XVIe siècle. Composé de plusieurs édifices séparés par des patios et des jardins, son architecture allie les styles gothico-mudéjar et Renaissance. Le palais fut déclaré Bien d'intérêt culturel en 1931 et son mobilier en 2010.","link_wikipedia":"https://fr.wikipedia.org/wiki/Palacio_de_las_Due%C3%B1as","tags":["CULTURE","MUSEE","HISTOIRE"],"highlights":["Collections et expositions","Contexte historique et culturel"],"informations":["Type : museum","Sous-catégorie : MUSEE"],"link_official":"","gallery":["https://upload.wikimedia.org/wikipedia/commons/thumb/0/09/Patio_principal_y_torre%C3%B3n%2C_Palacio_de_las_Due%C3%B1as.jpg/330px-Patio_principal_y_torre%C3%B3n%2C_Palacio_de_las_Due%C3%B1as.jpg"],"photo":"https://upload.wikimedia.org/wikipedia/commons/thumb/0/09/Patio_principal_y_torre%C3%B3n%2C_Palacio_de_las_Due%C3%B1as.jpg/330px-Patio_principal_y_torre%C3%B3n%2C_Palacio_de_las_Due%C3%B1as.jpg","attributes":{"categoryId":"Cultures","subCategoryId":"MUSEE","tags":["CULTURE","MUSEE","HISTOIRE"],"gallery":["https://upload.wikimedia.org/wikipedia/commons/thumb/0/09/Patio_principal_y_torre%C3%B3n%2C_Palacio_de_las_Due%C3%B1as.jpg/330px-Patio_principal_y_torre%C3%B3n%2C_Palacio_de_las_Due%C3%B1as.jpg"],"photo":"https://upload.wikimedia.org/wikipedia/commons/thumb/0/09/Patio_principal_y_torre%C3%B3n%2C_Palacio_de_las_Due%C3%B1as.jpg/330px-Patio_principal_y_torre%C3%B3n%2C_Palacio_de_las_Due%C3%B1as.jpg","short_desc":"Le palacio de las Dueñas est un palais situé dans la ville andalouse de Séville, en Espagne. Il appartient à la Maison d'Albe et fut construit entre le XVe et le XVIe siècle. Composé de plusieurs édifices séparés par des patios et des jardins, son architecture allie les styles gothico-mudéjar et Renaissance. Le palais fut déclaré Bien d'intérêt culturel en 1931 et son mobilier en 2010.","informations":["Type : museum","Sous-catégorie : MUSEE"],"highlights":["Collections et expositions","Contexte historique et culturel"],"link_official":"","link_wikipedia":"https://fr.wikipedia.org/wiki/Palacio_de_las_Due%C3%B1as","reviews":{"rating":4.3,"recent":[{"authorName":"Sophie M.","rating":5,"comment":"Un site incontournable, remarquablement bien conservé. La visite guidée est très enrichissante.","createdAt":"2025-11-14","verified":true},{"authorName":"Carlos R.","rating":4,"comment":"Très belle collection, personnel accueillant. Prévoir au moins 2h pour tout voir.","createdAt":"2025-10-02"},{"authorName":"Hélène D.","rating":4,"comment":"Magnifique ! Les explications sont claires et le lieu est bien entretenu.","createdAt":"2025-08-20","verified":true}]}}},"geometry":{"type":"Point","coordinates":[-58.52386,-32.42664]}},{"type":"Feature","properties":{"osm_id":"247463216","code":2722,"fclass":"museum","name":"Museo Evita - Instituto Nacional Eva Perón De Investigaciones Históricas","categoryId":"Cultures","subcategoryId":"MUSEE","subCategoryId":"MUSEE","short_desc":"María Eva Duarte de Perón [maˈɾia ˈeβa ˈðwaɾte ðe peˈɾon], mieux connue sous le nom d’Eva Perón ou d’Evita, née le 7 mai 1919 à Junín ou Los Toldos et morte le 26 juillet 1952 à Buenos Aires, est une actrice et femme politique argentine. Elle épousa en 1945 le colonel Juan Domingo Perón, un an avant l’accession de celui-ci à la présidence de la république argentine.","link_wikipedia":"https://fr.wikipedia.org/wiki/Eva_Per%C3%B3n","tags":["CULTURE","MUSEE","HISTOIRE"],"highlights":["Collections et expositions","Contexte historique et culturel"],"informations":["Type : museum","Sous-catégorie : MUSEE"],"link_official":"","gallery":["https://upload.wikimedia.org/wikipedia/commons/thumb/4/44/Evita_color.jpg/330px-Evita_color.jpg"],"photo":"https://upload.wikimedia.org/wikipedia/commons/thumb/4/44/Evita_color.jpg/330px-Evita_color.jpg","attributes":{"categoryId":"Cultures","subCategoryId":"MUSEE","tags":["CULTURE","MUSEE","HISTOIRE"],"gallery":["https://upload.wikimedia.org/wikipedia/commons/thumb/4/44/Evita_color.jpg/330px-Evita_color.jpg"],"photo":"https://upload.wikimedia.org/wikipedia/commons/thumb/4/44/Evita_color.jpg/330px-Evita_color.jpg","short_desc":"María Eva Duarte de Perón [maˈɾia ˈeβa ˈðwaɾte ðe peˈɾon], mieux connue sous le nom d’Eva Perón ou d’Evita, née le 7 mai 1919 à Junín ou Los Toldos et morte le 26 juillet 1952 à Buenos Aires, est une actrice et femme politique argentine. Elle épousa en 1945 le colonel Juan Domingo Perón, un an avant l’accession de celui-ci à la présidence de la république argentine.","informations":["Type : museum","Sous-catégorie : MUSEE"],"highlights":["Collections et expositions","Contexte historique et culturel"],"link_official":"","link_wikipedia":"https://fr.wikipedia.org/wiki/Eva_Per%C3%B3n","reviews":{"rating":3.5,"recent":[{"authorName":"Marc T.","rating":3,"comment":"Intéressant mais un peu cher pour ce que c est. La signalétique pourrait être améliorée.","createdAt":"2025-09-05"},{"authorName":"Isabelle F.","rating":4,"comment":"Bonne visite, contexte historique bien mis en valeur. Idéal pour les familles.","createdAt":"2025-07-18","verified":true}]}}},"geometry":{"type":"Point","coordinates":[-58.41474,-34.58075]}},{"type":"Feature","properties":{"osm_id":"247464344","code":2722,"fclass":"museum","name":"Museo Nacional Ferroviario","categoryId":"Cultures","subcategoryId":"MUSEE","subCategoryId":"MUSEE","short_desc":"Les voitures de la série 1000 de la Renfe, sont des voitures de chemin de fer similaires aux voitures de la CIWL, mais certaines sont sensiblement plus courtes. Elles ont été construites à partir de 1928.","link_wikipedia":"https://fr.wikipedia.org/wiki/Renfe_s%C3%A9rie_1000","tags":["CULTURE","MUSEE","HISTOIRE"],"highlights":["Collections et expositions","Contexte historique et culturel"],"informations":["Type : museum","Sous-catégorie : MUSEE"],"link_official":"","gallery":["https://upload.wikimedia.org/wikipedia/commons/thumb/f/f9/Renfe_1000.jpg/330px-Renfe_1000.jpg"],"photo":"https://upload.wikimedia.org/wikipedia/commons/thumb/f/f9/Renfe_1000.jpg/330px-Renfe_1000.jpg","attributes":{"categoryId":"Cultures","subCategoryId":"MUSEE","tags":["CULTURE","MUSEE","HISTOIRE"],"gallery":["https://upload.wikimedia.org/wikipedia/commons/thumb/f/f9/Renfe_1000.jpg/330px-Renfe_1000.jpg"],"photo":"https://upload.wikimedia.org/wikipedia/commons/thumb/f/f9/Renfe_1000.jpg/330px-Renfe_1000.jpg","short_desc":"Les voitures de la série 1000 de la Renfe, sont des voitures de chemin de fer similaires aux voitures de la CIWL, mais certaines sont sensiblement plus courtes. Elles ont été construites à partir de 1928.","informations":["Type : museum","Sous-catégorie : MUSEE"],"highlights":["Collections et expositions","Contexte historique et culturel"],"link_official":"","link_wikipedia":"https://fr.wikipedia.org/wiki/Renfe_s%C3%A9rie_1000","reviews":{"rating":4.7,"recent":[{"authorName":"Diego L.","rating":5,"comment":"Exceptionnel ! Un patrimoine d une valeur inestimable, à découvrir absolument.","createdAt":"2025-12-01","verified":true},{"authorName":"Anne-Claire B.","rating":5,"comment":"Coup de cœur total. L ambiance est unique et les guides sont passionnés.","createdAt":"2025-11-22","verified":true},{"authorName":"Tomás V.","rating":4,"comment":"Très bien organisé, exposition claire et moderne.","createdAt":"2025-10-30"}]}}},"geometry":{"type":"Point","coordinates":[-58.37876,-34.58982]}},{"type":"Feature","properties":{"osm_id":"396965573","code":2733,"fclass":"archaeological","name":"Pinturas Rupestre","categoryId":"Cultures","subcategoryId":"SITE ARCHEOLOGIQUE","subCategoryId":"SITE ARCHEOLOGIQUE","short_desc":"L'expression « art rupestre » désigne l'ensemble des œuvres d'art au sens large réalisées par l'Homme sur des rochers, le plus souvent en plein air. Il est parfois opposé à l'art pariétal, mais aussi à l'art mobilier et à l'art sur bloc. Cette forme d'art occupe une part majeure dans l'art préhistorique. Sa pratique est restée continue jusqu'à nos jours ; elle n'est pas le fruit d'une ethnie ou d'une culture particulière, mais relativement universelle.","link_wikipedia":"https://fr.wikipedia.org/wiki/Art_rupestre","tags":["CULTURE","PATRIMOINE","HISTOIRE"],"highlights":["Valeur patrimoniale et culturelle","Contexte historique et culturel"],"informations":["Type : archaeological","Sous-catégorie : SITE ARCHEOLOGIQUE"],"link_official":"","gallery":["https://upload.wikimedia.org/wikipedia/commons/thumb/0/00/GRAVURAS_FOZ_COA_-_PENASCOSA1.jpg/330px-GRAVURAS_FOZ_COA_-_PENASCOSA1.jpg"],"photo":"https://upload.wikimedia.org/wikipedia/commons/thumb/0/00/GRAVURAS_FOZ_COA_-_PENASCOSA1.jpg/330px-GRAVURAS_FOZ_COA_-_PENASCOSA1.jpg","attributes":{"categoryId":"Cultures","subCategoryId":"SITE ARCHEOLOGIQUE","tags":["CULTURE","PATRIMOINE","HISTOIRE"],"gallery":["https://upload.wikimedia.org/wikipedia/commons/thumb/0/00/GRAVURAS_FOZ_COA_-_PENASCOSA1.jpg/330px-GRAVURAS_FOZ_COA_-_PENASCOSA1.jpg"],"photo":"https://upload.wikimedia.org/wikipedia/commons/thumb/0/00/GRAVURAS_FOZ_COA_-_PENASCOSA1.jpg/330px-GRAVURAS_FOZ_COA_-_PENASCOSA1.jpg","short_desc":"L'expression « art rupestre » désigne l'ensemble des œuvres d'art au sens large réalisées par l'Homme sur des rochers, le plus souvent en plein air. Il est parfois opposé à l'art pariétal, mais aussi à l'art mobilier et à l'art sur bloc. Cette forme d'art occupe une part majeure dans l'art préhistorique. Sa pratique est restée continue jusqu'à nos jours ; elle n'est pas le fruit d'une ethnie ou d'une culture particulière, mais relativement universelle.","informations":["Type : archaeological","Sous-catégorie : SITE ARCHEOLOGIQUE"],"highlights":["Valeur patrimoniale et culturelle","Contexte historique et culturel"],"link_official":"","link_wikipedia":"https://fr.wikipedia.org/wiki/Art_rupestre","reviews":{"rating":3.5,"recent":[{"authorName":"Julia S.","rating":4,"comment":"Site impressionnant, bien préservé. Attention à la chaleur en été !","createdAt":"2025-06-10"},{"authorName":"Patrick G.","rating":3,"comment":"Correct, mais manque d informations en français. À visiter si on est dans le coin.","createdAt":"2025-05-28"}]}}},"geometry":{"type":"Point","coordinates":[-71.60532,-42.89002]}},{"type":"Feature","properties":{"osm_id":"457863370","code":2733,"fclass":"archaeological","name":"Ruinas Jesuíticas de Santa María la Mayor","categoryId":"Cultures","subcategoryId":"SITE ARCHEOLOGIQUE","subCategoryId":"SITE ARCHEOLOGIQUE","short_desc":"La Misión de Santa María la Mayor está situada en el municipio de Santa María, en la provincia de Misiones, en la Argentina. Era una de las Misiones o reducciones fundada en el siglo XVII por los Jesuitas en América durante la colonización española de América.","link_wikipedia":"https://es.wikipedia.org/wiki/Misi%C3%B3n_jesu%C3%ADtica_de_Santa_Mar%C3%ADa_la_Mayor","tags":["CULTURE","HISTOIRE","PATRIMOINE"],"highlights":["Valeur patrimoniale et culturelle","Contexte historique et culturel"],"informations":["Type : archaeological","Sous-catégorie : SITE ARCHEOLOGIQUE"],"link_official":"","gallery":["https://upload.wikimedia.org/wikipedia/commons/thumb/f/fc/Ruinas_Santa_Maria_Capilla_Viviendas.jpg/330px-Ruinas_Santa_Maria_Capilla_Viviendas.jpg"],"photo":"https://upload.wikimedia.org/wikipedia/commons/thumb/f/fc/Ruinas_Santa_Maria_Capilla_Viviendas.jpg/330px-Ruinas_Santa_Maria_Capilla_Viviendas.jpg","attributes":{"categoryId":"Cultures","subCategoryId":"SITE ARCHEOLOGIQUE","tags":["CULTURE","HISTOIRE","PATRIMOINE"],"gallery":["https://upload.wikimedia.org/wikipedia/commons/thumb/f/fc/Ruinas_Santa_Maria_Capilla_Viviendas.jpg/330px-Ruinas_Santa_Maria_Capilla_Viviendas.jpg"],"photo":"https://upload.wikimedia.org/wikipedia/commons/thumb/f/fc/Ruinas_Santa_Maria_Capilla_Viviendas.jpg/330px-Ruinas_Santa_Maria_Capilla_Viviendas.jpg","short_desc":"La Misión de Santa María la Mayor está situada en el municipio de Santa María, en la provincia de Misiones, en la Argentina. Era una de las Misiones o reducciones fundada en el siglo XVII por los Jesuitas en América durante la colonización española de América.","informations":["Type : archaeological","Sous-catégorie : SITE ARCHEOLOGIQUE"],"highlights":["Valeur patrimoniale et culturelle","Contexte historique et culturel"],"link_official":"","link_wikipedia":"https://es.wikipedia.org/wiki/Misi%C3%B3n_jesu%C3%ADtica_de_Santa_Mar%C3%ADa_la_Mayor","reviews":{"rating":4.3,"recent":[{"authorName":"Mariela C.","rating":5,"comment":"Un véritable joyau culturel. Accueil parfait et vue magnifique depuis le belvédère.","createdAt":"2025-04-15","verified":true},{"authorName":"Louis P.","rating":4,"comment":"Très bonne expérience, personnel compétent, collections variées.","createdAt":"2025-03-07"},{"authorName":"Sara N.","rating":4,"comment":"Bien pensé pour les enfants aussi. On y retournerait volontiers.","createdAt":"2025-02-14","verified":true}]}}},"geometry":{"type":"Point","coordinates":[-55.34487,-27.88771]}},{"type":"Feature","properties":{"osm_id":"512926538","code":2722,"fclass":"museum","name":"Molino Forclaz","categoryId":"Cultures","subcategoryId":"MUSEE","subCategoryId":"MUSEE","short_desc":"Le moulin Forclaz est un moulin à vent antique situé aux alentours de la ville de Colón et de celle de San José, dans la province d'Entre Ríos. Il porte le nom de famille de son constructeur, Juan Bautista Forclaz, un immigrant d’origine suisse arrivé en 1859. La famille Forclaz fut partie des fondateurs de la colonie de San José.","link_wikipedia":"https://fr.wikipedia.org/wiki/Moulin_Forclaz","tags":["CULTURE","MUSEE","HISTOIRE"],"highlights":["Collections et expositions","Contexte historique et culturel"],"informations":["Type : museum","Sous-catégorie : MUSEE"],"link_official":"","gallery":["https://upload.wikimedia.org/wikipedia/commons/thumb/a/ad/Molino_Forclaz_%281%29.jpg/330px-Molino_Forclaz_%281%29.jpg"],"photo":"https://upload.wikimedia.org/wikipedia/commons/thumb/a/ad/Molino_Forclaz_%281%29.jpg/330px-Molino_Forclaz_%281%29.jpg","attributes":{"categoryId":"Cultures","subCategoryId":"MUSEE","tags":["CULTURE","MUSEE","HISTOIRE"],"gallery":["https://upload.wikimedia.org/wikipedia/commons/thumb/a/ad/Molino_Forclaz_%281%29.jpg/330px-Molino_Forclaz_%281%29.jpg"],"photo":"https://upload.wikimedia.org/wikipedia/commons/thumb/a/ad/Molino_Forclaz_%281%29.jpg/330px-Molino_Forclaz_%281%29.jpg","short_desc":"Le moulin Forclaz est un moulin à vent antique situé aux alentours de la ville de Colón et de celle de San José, dans la province d'Entre Ríos. Il porte le nom de famille de son constructeur, Juan Bautista Forclaz, un immigrant d’origine suisse arrivé en 1859. La famille Forclaz fut partie des fondateurs de la colonie de San José.","informations":["Type : museum","Sous-catégorie : MUSEE"],"highlights":["Collections et expositions","Contexte historique et culturel"],"link_official":"","link_wikipedia":"https://fr.wikipedia.org/wiki/Moulin_Forclaz","reviews":{"rating":4,"recent":[{"authorName":"Fernando A.","rating":5,"comment":"Incroyable témoignage du passé. Le guide était très pédagogue.","createdAt":"2026-01-10","verified":true},{"authorName":"Céline R.","rating":3,"comment":"Bien mais visite un peu courte. On aurait aimé plus de détails sur certaines pièces.","createdAt":"2025-12-18"}]}}},"geometry":{"type":"Point","coordinates":[-58.18665,-32.2172]}},{"type":"Feature","properties":{"osm_id":"582917298","code":2722,"fclass":"museum","name":"Museo Duende Tafi del Valle","categoryId":"Cultures","subcategoryId":"MUSEE","subCategoryId":"MUSEE","short_desc":"Tafí del Valle es una localidad que se encuentra ubicada en el departamento homónimo, del cual es cabecera, en el oeste de la Provincia de Tucumán, a 126 km de la capital provincial, San Miguel de Tucumán.","link_wikipedia":"https://es.wikipedia.org/wiki/Taf%C3%AD_del_Valle","tags":["CULTURE","MUSEE","HISTOIRE"],"highlights":["Collections et expositions","Contexte historique et culturel"],"informations":["Type : museum","Sous-catégorie : MUSEE"],"link_official":"","gallery":["https://upload.wikimedia.org/wikipedia/commons/thumb/f/fd/TafidelValle_Tucuman.JPG/330px-TafidelValle_Tucuman.JPG"],"photo":"https://upload.wikimedia.org/wikipedia/commons/thumb/f/fd/TafidelValle_Tucuman.JPG/330px-TafidelValle_Tucuman.JPG","attributes":{"categoryId":"Cultures","subCategoryId":"MUSEE","tags":["CULTURE","MUSEE","HISTOIRE"],"gallery":["https://upload.wikimedia.org/wikipedia/commons/thumb/f/fd/TafidelValle_Tucuman.JPG/330px-TafidelValle_Tucuman.JPG"],"photo":"https://upload.wikimedia.org/wikipedia/commons/thumb/f/fd/TafidelValle_Tucuman.JPG/330px-TafidelValle_Tucuman.JPG","short_desc":"Tafí del Valle es una localidad que se encuentra ubicada en el departamento homónimo, del cual es cabecera, en el oeste de la Provincia de Tucumán, a 126 km de la capital provincial, San Miguel de Tucumán.","informations":["Type : museum","Sous-catégorie : MUSEE"],"highlights":["Collections et expositions","Contexte historique et culturel"],"link_official":"","link_wikipedia":"https://es.wikipedia.org/wiki/Taf%C3%AD_del_Valle","reviews":{"rating":4.3,"recent":[{"authorName":"Nora K.","rating":5,"comment":"Fascinant ! Un endroit plein d histoire, parfaitement mis en scène.","createdAt":"2025-11-05","verified":true},{"authorName":"Álvaro M.","rating":4,"comment":"Très agréable, bon rapport qualité/prix. Café à l entrée sympa.","createdAt":"2025-10-12"},{"authorName":"Elisabeth V.","rating":4,"comment":"Collection remarquable, espace bien aménagé. Fortement recommandé.","createdAt":"2025-09-28","verified":true}]}}},"geometry":{"type":"Point","coordinates":[-65.67991,-26.87437]}},{"type":"Feature","properties":{"osm_id":"595770372","code":2722,"fclass":"museum","name":"Museo Arqueológico Jorge Saravia","categoryId":"Cultures","subcategoryId":"MUSEE","subCategoryId":"MUSEE","short_desc":"El Museo de Paleontologia y Arqueología de Estanzuela es un museo ubicado en Estanzuela, Zapaca. Está dedicado a la preservación de restos arqueológicos de la región Oriental de Guatemala.","link_wikipedia":"https://es.wikipedia.org/wiki/Museo_de_Paleontolog%C3%ADa_y_Arqueolog%C3%ADa_de_Estanzuela","tags":["CULTURE","MUSEE","HISTOIRE"],"highlights":["Collections et expositions","Contexte historique et culturel"],"informations":["Type : museum","Sous-catégorie : MUSEE"],"link_official":"","gallery":["https://upload.wikimedia.org/wikipedia/commons/thumb/7/7f/Zacapa_department_location_map.svg/langes-330px-Zacapa_department_location_map.svg.png"],"photo":"https://upload.wikimedia.org/wikipedia/commons/thumb/7/7f/Zacapa_department_location_map.svg/langes-330px-Zacapa_department_location_map.svg.png","attributes":{"categoryId":"Cultures","subCategoryId":"MUSEE","tags":["CULTURE","MUSEE","HISTOIRE"],"gallery":["https://upload.wikimedia.org/wikipedia/commons/thumb/7/7f/Zacapa_department_location_map.svg/langes-330px-Zacapa_department_location_map.svg.png"],"photo":"https://upload.wikimedia.org/wikipedia/commons/thumb/7/7f/Zacapa_department_location_map.svg/langes-330px-Zacapa_department_location_map.svg.png","short_desc":"El Museo de Paleontologia y Arqueología de Estanzuela es un museo ubicado en Estanzuela, Zapaca. Está dedicado a la preservación de restos arqueológicos de la región Oriental de Guatemala.","informations":["Type : museum","Sous-catégorie : MUSEE"],"highlights":["Collections et expositions","Contexte historique et culturel"],"link_official":"","link_wikipedia":"https://es.wikipedia.org/wiki/Museo_de_Paleontolog%C3%ADa_y_Arqueolog%C3%ADa_de_Estanzuela","reviews":{"rating":3,"recent":[{"authorName":"Bruno H.","rating":2,"comment":"Décevant par rapport aux attentes. Beaucoup de salles fermées pour travaux.","createdAt":"2025-08-03"},{"authorName":"Camille O.","rating":4,"comment":"Malgré les travaux, la partie accessible était très intéressante.","createdAt":"2025-07-22","verified":true}]}}},"geometry":{"type":"Point","coordinates":[-66.83514,-27.22485]}},{"type":"Feature","properties":{"osm_id":"614233256","code":2722,"fclass":"museum","name":"Museo de Física","categoryId":"Cultures","subcategoryId":"MUSEE","subCategoryId":"MUSEE","short_desc":"Oscar D’Agostino est un chimiste et scientifique italien.","link_wikipedia":"https://fr.wikipedia.org/wiki/Oscar_D%27Agostino","tags":["CULTURE","MUSEE","HISTOIRE"],"highlights":["Collections et expositions","Contexte historique et culturel"],"informations":["Type : museum","Sous-catégorie : MUSEE"],"link_official":"","gallery":["https://upload.wikimedia.org/wikipedia/commons/1/1e/Ragazzi_di_via_Panisperna_%28D%27Agostino%29.jpg"],"photo":"https://upload.wikimedia.org/wikipedia/commons/1/1e/Ragazzi_di_via_Panisperna_%28D%27Agostino%29.jpg","attributes":{"categoryId":"Cultures","subCategoryId":"MUSEE","tags":["CULTURE","MUSEE","HISTOIRE"],"gallery":["https://upload.wikimedia.org/wikipedia/commons/1/1e/Ragazzi_di_via_Panisperna_%28D%27Agostino%29.jpg"],"photo":"https://upload.wikimedia.org/wikipedia/commons/1/1e/Ragazzi_di_via_Panisperna_%28D%27Agostino%29.jpg","short_desc":"Oscar D’Agostino est un chimiste et scientifique italien.","informations":["Type : museum","Sous-catégorie : MUSEE"],"highlights":["Collections et expositions","Contexte historique et culturel"],"link_official":"","link_wikipedia":"https://fr.wikipedia.org/wiki/Oscar_D%27Agostino","reviews":{"rating":4,"recent":[{"authorName":"Valentina P.","rating":5,"comment":"Superbe ! L architecture seule vaut le déplacement. Collections au top.","createdAt":"2025-06-30","verified":true},{"authorName":"Henri L.","rating":4,"comment":"Vraiment bien, surtout pour les adeptes d histoire. Audio-guide inclus.","createdAt":"2025-05-11"},{"authorName":"Pilar S.","rating":3,"comment":"Pas mal, mais l audio-guide est un peu daté.","createdAt":"2025-04-02"}]}}},"geometry":{"type":"Point","coordinates":[-57.94316,-34.90784]}},{"type":"Feature","properties":{"osm_id":"623235621","code":2722,"fclass":"museum","name":"Ecocentro","categoryId":"Cultures","subcategoryId":"MUSEE","subCategoryId":"MUSEE","short_desc":"Pékin Express : La Route du bout du monde, est la 5e édition du jeu télévisé Pékin Express, émission de télévision franco-belgo-luxembourgeoise de téléréalité, diffusée chaque semaine sur M6 du mardi 13 avril 2010 au mardi 29 juin 2010. Elle est également diffusée en Belgique du lundi 5 juillet 2010 au samedi 7 août 2010 sur Plug RTL. Elle est présentée par Stéphane Rotenberg, désigné comme directeur de course. Ce sont Cécilia et Matthieu, le couple de sportifs, qui l'emportent. Ils empochent la somme de 69 000 €.","link_wikipedia":"https://fr.wikipedia.org/wiki/P%C3%A9kin_Express_%3A_La_Route_du_bout_du_monde","tags":["CULTURE","MUSEE","HISTOIRE"],"highlights":["Collections et expositions","Contexte historique et culturel"],"informations":["Type : museum","Sous-catégorie : MUSEE"],"link_official":"","gallery":["https://upload.wikimedia.org/wikipedia/fr/thumb/2/29/Logo_P%C3%A9kin_Express_la_route_du_bout_du_monde.jpg/330px-Logo_P%C3%A9kin_Express_la_route_du_bout_du_monde.jpg"],"photo":"https://upload.wikimedia.org/wikipedia/fr/thumb/2/29/Logo_P%C3%A9kin_Express_la_route_du_bout_du_monde.jpg/330px-Logo_P%C3%A9kin_Express_la_route_du_bout_du_monde.jpg","attributes":{"categoryId":"Cultures","subCategoryId":"MUSEE","tags":["CULTURE","MUSEE","HISTOIRE"],"gallery":["https://upload.wikimedia.org/wikipedia/fr/thumb/2/29/Logo_P%C3%A9kin_Express_la_route_du_bout_du_monde.jpg/330px-Logo_P%C3%A9kin_Express_la_route_du_bout_du_monde.jpg"],"photo":"https://upload.wikimedia.org/wikipedia/fr/thumb/2/29/Logo_P%C3%A9kin_Express_la_route_du_bout_du_monde.jpg/330px-Logo_P%C3%A9kin_Express_la_route_du_bout_du_monde.jpg","short_desc":"Pékin Express : La Route du bout du monde, est la 5e édition du jeu télévisé Pékin Express, émission de télévision franco-belgo-luxembourgeoise de téléréalité, diffusée chaque semaine sur M6 du mardi 13 avril 2010 au mardi 29 juin 2010. Elle est également diffusée en Belgique du lundi 5 juillet 2010 au samedi 7 août 2010 sur Plug RTL. Elle est présentée par Stéphane Rotenberg, désigné comme directeur de course. Ce sont Cécilia et Matthieu, le couple de sportifs, qui l'emportent. Ils empochent la somme de 69 000 €.","informations":["Type : museum","Sous-catégorie : MUSEE"],"highlights":["Collections et expositions","Contexte historique et culturel"],"link_official":"","link_wikipedia":"https://fr.wikipedia.org/wiki/P%C3%A9kin_Express_%3A_La_Route_du_bout_du_monde","reviews":{"rating":4.5,"recent":[{"authorName":"Ramón C.","rating":5,"comment":"Un des meilleurs musées de la région. Incontournable.","createdAt":"2026-02-01","verified":true},{"authorName":"Lucie B.","rating":4,"comment":"Très enrichissant, bien documenté, visite fluide.","createdAt":"2026-01-18","verified":true}]}}},"geometry":{"type":"Point","coordinates":[-64.99586,-42.78227]}},{"type":"Feature","properties":{"osm_id":"631478339","code":2722,"fclass":"museum","name":"Museo del Monumento Nacional Bosques Petrificados","categoryId":"Cultures","subcategoryId":"MUSEE","subCategoryId":"MUSEE","short_desc":"Bosque petrificado se refiere a un yacimiento paleontológico en el que abundan los fósiles de árboles.","link_wikipedia":"https://es.wikipedia.org/wiki/Bosque_petrificado","tags":["CULTURE","MUSEE","HISTOIRE"],"highlights":["Collections et expositions","Contexte historique et culturel"],"informations":["Type : museum","Sous-catégorie : MUSEE"],"link_official":"","gallery":["https://upload.wikimedia.org/wikipedia/commons/thumb/f/f3/PetrifiedWood.jpg/330px-PetrifiedWood.jpg"],"photo":"https://upload.wikimedia.org/wikipedia/commons/thumb/f/f3/PetrifiedWood.jpg/330px-PetrifiedWood.jpg","attributes":{"categoryId":"Cultures","subCategoryId":"MUSEE","tags":["CULTURE","MUSEE","HISTOIRE"],"gallery":["https://upload.wikimedia.org/wikipedia/commons/thumb/f/f3/PetrifiedWood.jpg/330px-PetrifiedWood.jpg"],"photo":"https://upload.wikimedia.org/wikipedia/commons/thumb/f/f3/PetrifiedWood.jpg/330px-PetrifiedWood.jpg","short_desc":"Bosque petrificado se refiere a un yacimiento paleontológico en el que abundan los fósiles de árboles.","informations":["Type : museum","Sous-catégorie : MUSEE"],"highlights":["Collections et expositions","Contexte historique et culturel"],"link_official":"","link_wikipedia":"https://es.wikipedia.org/wiki/Bosque_petrificado"}},"geometry":{"type":"Point","coordinates":[-67.99426,-47.66511]}},{"type":"Feature","properties":{"osm_id":"631866308","code":2733,"fclass":"archaeological","name":"Pinturas Rupestres","categoryId":"Cultures","subcategoryId":"SITE ARCHEOLOGIQUE","subCategoryId":"SITE ARCHEOLOGIQUE","short_desc":"La grotte de Doña Clotilde est un site d'art rupestre situé dans la commune d'Albarracín, dans la province de Teruel, en Aragon, en Espagne. Cet abri sous roche, qui contient des peintures rupestres appartenant à l'Art levantin et à l'Art schématique ibérique, fait partie de l'ensemble inscrit au Patrimoine mondial de l'Unesco en 1998 sous le nom d'Art rupestre du bassin méditerranéen de la péninsule Ibérique. Il est protégé comme Bien d'Intérêt Culturel depuis 1996.","link_wikipedia":"https://fr.wikipedia.org/wiki/Grotte_de_Do%C3%B1a_Clotilde","tags":["CULTURE","PATRIMOINE","HISTOIRE"],"highlights":["Valeur patrimoniale et culturelle","Contexte historique et culturel","Reconnaissance patrimoniale (UNESCO)"],"informations":["Type : archaeological","Sous-catégorie : SITE ARCHEOLOGIQUE"],"link_official":"","gallery":["https://upload.wikimedia.org/wikipedia/commons/thumb/6/64/Cueva_de_Do%C3%B1a_Clotilde_-_conjunto_figurativo.jpg/330px-Cueva_de_Do%C3%B1a_Clotilde_-_conjunto_figurativo.jpg"],"photo":"https://upload.wikimedia.org/wikipedia/commons/thumb/6/64/Cueva_de_Do%C3%B1a_Clotilde_-_conjunto_figurativo.jpg/330px-Cueva_de_Do%C3%B1a_Clotilde_-_conjunto_figurativo.jpg","attributes":{"categoryId":"Cultures","subCategoryId":"SITE ARCHEOLOGIQUE","tags":["CULTURE","PATRIMOINE","HISTOIRE"],"gallery":["https://upload.wikimedia.org/wikipedia/commons/thumb/6/64/Cueva_de_Do%C3%B1a_Clotilde_-_conjunto_figurativo.jpg/330px-Cueva_de_Do%C3%B1a_Clotilde_-_conjunto_figurativo.jpg"],"photo":"https://upload.wikimedia.org/wikipedia/commons/thumb/6/64/Cueva_de_Do%C3%B1a_Clotilde_-_conjunto_figurativo.jpg/330px-Cueva_de_Do%C3%B1a_Clotilde_-_conjunto_figurativo.jpg","short_desc":"La grotte de Doña Clotilde est un site d'art rupestre situé dans la commune d'Albarracín, dans la province de Teruel, en Aragon, en Espagne. Cet abri sous roche, qui contient des peintures rupestres appartenant à l'Art levantin et à l'Art schématique ibérique, fait partie de l'ensemble inscrit au Patrimoine mondial de l'Unesco en 1998 sous le nom d'Art rupestre du bassin méditerranéen de la péninsule Ibérique. Il est protégé comme Bien d'Intérêt Culturel depuis 1996.","informations":["Type : archaeological","Sous-catégorie : SITE ARCHEOLOGIQUE"],"highlights":["Valeur patrimoniale et culturelle","Contexte historique et culturel","Reconnaissance patrimoniale (UNESCO)"],"link_official":"","link_wikipedia":"https://fr.wikipedia.org/wiki/Grotte_de_Do%C3%B1a_Clotilde"}},"geometry":{"type":"Point","coordinates":[-72.80347,-50.54316]}},{"type":"Feature","properties":{"osm_id":"654057020","code":2733,"fclass":"archaeological","name":"Cueva de las Manos","categoryId":"Cultures","subcategoryId":"SITE ARCHEOLOGIQUE","subCategoryId":"SITE ARCHEOLOGIQUE","short_desc":"La Cueva de las Manos est un site préhistorique riche en peintures rupestres qui se trouve en Argentine, en Patagonie, province de Santa Cruz, à proximité du río Pinturas.","link_wikipedia":"https://fr.wikipedia.org/wiki/Cueva_de_las_Manos","tags":["CULTURE","PATRIMOINE","HISTOIRE"],"highlights":["Valeur patrimoniale et culturelle","Contexte historique et culturel"],"informations":["Type : archaeological","Sous-catégorie : SITE ARCHEOLOGIQUE"],"link_official":"","gallery":["https://upload.wikimedia.org/wikipedia/commons/thumb/f/f4/SantaCruz-CuevaManos-P2210651b.jpg/330px-SantaCruz-CuevaManos-P2210651b.jpg"],"photo":"https://upload.wikimedia.org/wikipedia/commons/thumb/f/f4/SantaCruz-CuevaManos-P2210651b.jpg/330px-SantaCruz-CuevaManos-P2210651b.jpg","attributes":{"categoryId":"Cultures","subCategoryId":"SITE ARCHEOLOGIQUE","tags":["CULTURE","PATRIMOINE","HISTOIRE"],"gallery":["https://upload.wikimedia.org/wikipedia/commons/thumb/f/f4/SantaCruz-CuevaManos-P2210651b.jpg/330px-SantaCruz-CuevaManos-P2210651b.jpg"],"photo":"https://upload.wikimedia.org/wikipedia/commons/thumb/f/f4/SantaCruz-CuevaManos-P2210651b.jpg/330px-SantaCruz-CuevaManos-P2210651b.jpg","short_desc":"La Cueva de las Manos est un site préhistorique riche en peintures rupestres qui se trouve en Argentine, en Patagonie, province de Santa Cruz, à proximité du río Pinturas.","informations":["Type : archaeological","Sous-catégorie : SITE ARCHEOLOGIQUE"],"highlights":["Valeur patrimoniale et culturelle","Contexte historique et culturel"],"link_official":"","link_wikipedia":"https://fr.wikipedia.org/wiki/Cueva_de_las_Manos"}},"geometry":{"type":"Point","coordinates":[-70.65597,-47.15527]}},{"type":"Feature","properties":{"osm_id":"719202029","code":2722,"fclass":"museum","name":"Museo de la Reconquista","categoryId":"Cultures","subcategoryId":"MUSEE","subCategoryId":"MUSEE","short_desc":"Tigre est une ville de la province de Buenos Aires, en Argentine, et le chef-lieu du partido de Tigre.","link_wikipedia":"https://fr.wikipedia.org/wiki/Tigre_%28Buenos_Aires%29","tags":["CULTURE","MUSEE","HISTOIRE"],"highlights":["Collections et expositions","Contexte historique et culturel"],"informations":["Type : museum","Sous-catégorie : MUSEE"],"link_official":"","gallery":["https://upload.wikimedia.org/wikipedia/commons/thumb/2/26/Museo_de_Arte_de_Tigre_parque_y_r%C3%ADo_Lujan.jpg/330px-Museo_de_Arte_de_Tigre_parque_y_r%C3%ADo_Lujan.jpg"],"photo":"https://upload.wikimedia.org/wikipedia/commons/thumb/2/26/Museo_de_Arte_de_Tigre_parque_y_r%C3%ADo_Lujan.jpg/330px-Museo_de_Arte_de_Tigre_parque_y_r%C3%ADo_Lujan.jpg","attributes":{"categoryId":"Cultures","subCategoryId":"MUSEE","tags":["CULTURE","MUSEE","HISTOIRE"],"gallery":["https://upload.wikimedia.org/wikipedia/commons/thumb/2/26/Museo_de_Arte_de_Tigre_parque_y_r%C3%ADo_Lujan.jpg/330px-Museo_de_Arte_de_Tigre_parque_y_r%C3%ADo_Lujan.jpg"],"photo":"https://upload.wikimedia.org/wikipedia/commons/thumb/2/26/Museo_de_Arte_de_Tigre_parque_y_r%C3%ADo_Lujan.jpg/330px-Museo_de_Arte_de_Tigre_parque_y_r%C3%ADo_Lujan.jpg","short_desc":"Tigre est une ville de la province de Buenos Aires, en Argentine, et le chef-lieu du partido de Tigre.","informations":["Type : museum","Sous-catégorie : MUSEE"],"highlights":["Collections et expositions","Contexte historique et culturel"],"link_official":"","link_wikipedia":"https://fr.wikipedia.org/wiki/Tigre_%28Buenos_Aires%29"}},"geometry":{"type":"Point","coordinates":[-58.58954,-34.41647]}},{"type":"Feature","properties":{"osm_id":"723199469","code":2722,"fclass":"museum","name":"Museo Municipal","categoryId":"Cultures","subcategoryId":"MUSEE","subCategoryId":"MUSEE","short_desc":"Le musée municipal des Beaux-Arts de Santa Cruz de Tenerife, en espagnol Museo Municipal de Bellas Artes de Santa Cruz de Tenerife, est un musée des beaux-arts situé dans la ville de Santa Cruz de Tenerife.","link_wikipedia":"https://fr.wikipedia.org/wiki/Mus%C3%A9e_municipal_des_Beaux-Arts_de_Santa_Cruz_de_Tenerife","tags":["CULTURE","MUSEE","HISTOIRE"],"highlights":["Collections et expositions","Contexte historique et culturel"],"informations":["Type : museum","Sous-catégorie : MUSEE"],"link_official":"","gallery":["https://upload.wikimedia.org/wikipedia/commons/thumb/4/48/Museo_Municipal_Sta_Cruz_de_Tenerife.JPG/330px-Museo_Municipal_Sta_Cruz_de_Tenerife.JPG"],"photo":"https://upload.wikimedia.org/wikipedia/commons/thumb/4/48/Museo_Municipal_Sta_Cruz_de_Tenerife.JPG/330px-Museo_Municipal_Sta_Cruz_de_Tenerife.JPG","attributes":{"categoryId":"Cultures","subCategoryId":"MUSEE","tags":["CULTURE","MUSEE","HISTOIRE"],"gallery":["https://upload.wikimedia.org/wikipedia/commons/thumb/4/48/Museo_Municipal_Sta_Cruz_de_Tenerife.JPG/330px-Museo_Municipal_Sta_Cruz_de_Tenerife.JPG"],"photo":"https://upload.wikimedia.org/wikipedia/commons/thumb/4/48/Museo_Municipal_Sta_Cruz_de_Tenerife.JPG/330px-Museo_Municipal_Sta_Cruz_de_Tenerife.JPG","short_desc":"Le musée municipal des Beaux-Arts de Santa Cruz de Tenerife, en espagnol Museo Municipal de Bellas Artes de Santa Cruz de Tenerife, est un musée des beaux-arts situé dans la ville de Santa Cruz de Tenerife.","informations":["Type : museum","Sous-catégorie : MUSEE"],"highlights":["Collections et expositions","Contexte historique et culturel"],"link_official":"","link_wikipedia":"https://fr.wikipedia.org/wiki/Mus%C3%A9e_municipal_des_Beaux-Arts_de_Santa_Cruz_de_Tenerife"}},"geometry":{"type":"Point","coordinates":[-58.79616,-34.34518]}},{"type":"Feature","properties":{"osm_id":"724265243","code":2722,"fclass":"museum","name":"Museo de Arte Hispanoamericano","categoryId":"Cultures","subcategoryId":"MUSEE","subCategoryId":"MUSEE","short_desc":"Le Louvre des antiquaires est un ancien centre commercial spécialisé, regroupant dans son vaste bâtiment de style Second Empire, datant de 1852, dans le quartier du Palais-Royal du 1er arrondissement de Paris, des commerces d'antiquités jusqu'en octobre 2025, puis la Fondation Cartier pour l'art contemporain.","link_wikipedia":"https://fr.wikipedia.org/wiki/Louvre_des_antiquaires","tags":["CULTURE","MUSEE","HISTOIRE"],"highlights":["Collections et expositions","Contexte historique et culturel"],"informations":["Type : museum","Sous-catégorie : MUSEE"],"link_official":"","gallery":["https://upload.wikimedia.org/wikipedia/commons/thumb/c/c0/Louvre_des_antiquaires%2C_Paris_28_May_2017.jpg/330px-Louvre_des_antiquaires%2C_Paris_28_May_2017.jpg"],"photo":"https://upload.wikimedia.org/wikipedia/commons/thumb/c/c0/Louvre_des_antiquaires%2C_Paris_28_May_2017.jpg/330px-Louvre_des_antiquaires%2C_Paris_28_May_2017.jpg","attributes":{"categoryId":"Cultures","subCategoryId":"MUSEE","tags":["CULTURE","MUSEE","HISTOIRE"],"gallery":["https://upload.wikimedia.org/wikipedia/commons/thumb/c/c0/Louvre_des_antiquaires%2C_Paris_28_May_2017.jpg/330px-Louvre_des_antiquaires%2C_Paris_28_May_2017.jpg"],"photo":"https://upload.wikimedia.org/wikipedia/commons/thumb/c/c0/Louvre_des_antiquaires%2C_Paris_28_May_2017.jpg/330px-Louvre_des_antiquaires%2C_Paris_28_May_2017.jpg","short_desc":"Le Louvre des antiquaires est un ancien centre commercial spécialisé, regroupant dans son vaste bâtiment de style Second Empire, datant de 1852, dans le quartier du Palais-Royal du 1er arrondissement de Paris, des commerces d'antiquités jusqu'en octobre 2025, puis la Fondation Cartier pour l'art contemporain.","informations":["Type : museum","Sous-catégorie : MUSEE"],"highlights":["Collections et expositions","Contexte historique et culturel"],"link_official":"","link_wikipedia":"https://fr.wikipedia.org/wiki/Louvre_des_antiquaires"}},"geometry":{"type":"Point","coordinates":[-58.38012,-34.5908]}},{"type":"Feature","properties":{"osm_id":"724269086","code":2722,"fclass":"museum","name":"Museo de Arte Popular José Hernández","categoryId":"Cultures","subcategoryId":"MUSEE","subCategoryId":"MUSEE","short_desc":"Un alebrije est une sculpture d'art populaire mexicain, aux couleurs vives, de créatures fantastiques (fantastiques/mythiques).","link_wikipedia":"https://fr.wikipedia.org/wiki/Alebrije","tags":["CULTURE","MUSEE","HISTOIRE"],"highlights":["Collections et expositions","Contexte historique et culturel"],"informations":["Type : museum","Sous-catégorie : MUSEE"],"link_official":"","gallery":["https://upload.wikimedia.org/wikipedia/commons/thumb/5/59/MAAOA-Alebrijes-1.jpg/330px-MAAOA-Alebrijes-1.jpg"],"photo":"https://upload.wikimedia.org/wikipedia/commons/thumb/5/59/MAAOA-Alebrijes-1.jpg/330px-MAAOA-Alebrijes-1.jpg","attributes":{"categoryId":"Cultures","subCategoryId":"MUSEE","tags":["CULTURE","MUSEE","HISTOIRE"],"gallery":["https://upload.wikimedia.org/wikipedia/commons/thumb/5/59/MAAOA-Alebrijes-1.jpg/330px-MAAOA-Alebrijes-1.jpg"],"photo":"https://upload.wikimedia.org/wikipedia/commons/thumb/5/59/MAAOA-Alebrijes-1.jpg/330px-MAAOA-Alebrijes-1.jpg","short_desc":"Un alebrije est une sculpture d'art populaire mexicain, aux couleurs vives, de créatures fantastiques (fantastiques/mythiques).","informations":["Type : museum","Sous-catégorie : MUSEE"],"highlights":["Collections et expositions","Contexte historique et culturel"],"link_official":"","link_wikipedia":"https://fr.wikipedia.org/wiki/Alebrije"}},"geometry":{"type":"Point","coordinates":[-58.40499,-34.57971]}},{"type":"Feature","properties":{"osm_id":"763213548","code":2722,"fclass":"museum","name":"Museo Histórico Regional Almirante Brown","categoryId":"Cultures","subcategoryId":"MUSEE","subCategoryId":"MUSEE","short_desc":"Cet article recense les monuments historiques de la province de Buenos Aires, en Argentine.","link_wikipedia":"https://fr.wikipedia.org/wiki/Liste_des_monuments_historiques_nationaux_de_la_province_de_Buenos_Aires","tags":["CULTURE","MUSEE","HISTOIRE"],"highlights":["Collections et expositions","Contexte historique et culturel"],"informations":["Type : museum","Sous-catégorie : MUSEE"],"link_official":"","gallery":[],"photo":"","attributes":{"categoryId":"Cultures","subCategoryId":"MUSEE","tags":["CULTURE","MUSEE","HISTOIRE"],"gallery":[],"photo":"","short_desc":"Cet article recense les monuments historiques de la province de Buenos Aires, en Argentine.","informations":["Type : museum","Sous-catégorie : MUSEE"],"highlights":["Collections et expositions","Contexte historique et culturel"],"link_official":"","link_wikipedia":"https://fr.wikipedia.org/wiki/Liste_des_monuments_historiques_nationaux_de_la_province_de_Buenos_Aires"}},"geometry":{"type":"Point","coordinates":[-58.28476,-34.71214]}},{"type":"Feature","properties":{"osm_id":"767690911","code":2722,"fclass":"museum","name":"Museo Histórico Nacional del Cabildo y de la Revolución de Mayo","categoryId":"Cultures","subcategoryId":"MUSEE","subCategoryId":"MUSEE","short_desc":"Le cabildo de Buenos Aires est un édifice historique, pour partie vestige et pour partie reconstitution d’un ancien bâtiment de même nom, situé sur la place de Mai, dans le centre historique de la capitale argentine.","link_wikipedia":"https://fr.wikipedia.org/wiki/Cabildo_de_Buenos_Aires","tags":["CULTURE","MUSEE","HISTOIRE"],"highlights":["Collections et expositions","Contexte historique et culturel"],"informations":["Type : museum","Sous-catégorie : MUSEE"],"link_official":"","gallery":["https://upload.wikimedia.org/wikipedia/commons/5/56/Mn_cabildo_logo.png"],"photo":"https://upload.wikimedia.org/wikipedia/commons/5/56/Mn_cabildo_logo.png","attributes":{"categoryId":"Cultures","subCategoryId":"MUSEE","tags":["CULTURE","MUSEE","HISTOIRE"],"gallery":["https://upload.wikimedia.org/wikipedia/commons/5/56/Mn_cabildo_logo.png"],"photo":"https://upload.wikimedia.org/wikipedia/commons/5/56/Mn_cabildo_logo.png","short_desc":"Le cabildo de Buenos Aires est un édifice historique, pour partie vestige et pour partie reconstitution d’un ancien bâtiment de même nom, situé sur la place de Mai, dans le centre historique de la capitale argentine.","informations":["Type : museum","Sous-catégorie : MUSEE"],"highlights":["Collections et expositions","Contexte historique et culturel"],"link_official":"","link_wikipedia":"https://fr.wikipedia.org/wiki/Cabildo_de_Buenos_Aires"}},"geometry":{"type":"Point","coordinates":[-58.37388,-34.60877]}},{"type":"Feature","properties":{"osm_id":"767817563","code":2722,"fclass":"museum","name":"Molino San Francisco","categoryId":"Cultures","subcategoryId":"MUSEE","subCategoryId":"MUSEE","short_desc":"Cock Robin est un groupe de new wave et de pop rock américain.","link_wikipedia":"https://fr.wikipedia.org/wiki/Cock_Robin","tags":["CULTURE","MUSEE","HISTOIRE"],"highlights":["Collections et expositions","Contexte historique et culturel"],"informations":["Type : museum","Sous-catégorie : MUSEE"],"link_official":"","gallery":["https://upload.wikimedia.org/wikipedia/commons/thumb/d/de/Cock_Robin_en_concert_%C3%A0_St_Quay_Portrieux_en_juillet_2011.jpg/330px-Cock_Robin_en_concert_%C3%A0_St_Quay_Portrieux_en_juillet_2011.jpg"],"photo":"https://upload.wikimedia.org/wikipedia/commons/thumb/d/de/Cock_Robin_en_concert_%C3%A0_St_Quay_Portrieux_en_juillet_2011.jpg/330px-Cock_Robin_en_concert_%C3%A0_St_Quay_Portrieux_en_juillet_2011.jpg","attributes":{"categoryId":"Cultures","subCategoryId":"MUSEE","tags":["CULTURE","MUSEE","HISTOIRE"],"gallery":["https://upload.wikimedia.org/wikipedia/commons/thumb/d/de/Cock_Robin_en_concert_%C3%A0_St_Quay_Portrieux_en_juillet_2011.jpg/330px-Cock_Robin_en_concert_%C3%A0_St_Quay_Portrieux_en_juillet_2011.jpg"],"photo":"https://upload.wikimedia.org/wikipedia/commons/thumb/d/de/Cock_Robin_en_concert_%C3%A0_St_Quay_Portrieux_en_juillet_2011.jpg/330px-Cock_Robin_en_concert_%C3%A0_St_Quay_Portrieux_en_juillet_2011.jpg","short_desc":"Cock Robin est un groupe de new wave et de pop rock américain.","informations":["Type : museum","Sous-catégorie : MUSEE"],"highlights":["Collections et expositions","Contexte historique et culturel"],"link_official":"","link_wikipedia":"https://fr.wikipedia.org/wiki/Cock_Robin"}},"geometry":{"type":"Point","coordinates":[-67.50133,-29.16315]}},{"type":"Feature","properties":{"osm_id":"773315252","code":2722,"fclass":"museum","name":"Nocenta Pisetta","categoryId":"CULTURES","subcategoryId":"MUSEE"},"geometry":{"type":"Point","coordinates":[-67.46588,-29.18799]}},{"type":"Feature","properties":{"osm_id":"774076732","code":2722,"fclass":"museum","name":"Museo Regional de Maquinas y Herramientas Agrícolas","categoryId":"CULTURES","subcategoryId":"MUSEE"},"geometry":{"type":"Point","coordinates":[-58.89873,-35.11536]}},{"type":"Feature","properties":{"osm_id":"774092858","code":2722,"fclass":"museum","name":"Archivo Histórico Lucio García Ledesma","categoryId":"CULTURES","subcategoryId":"MUSEE"},"geometry":{"type":"Point","coordinates":[-58.76203,-35.0558]}},{"type":"Feature","properties":{"osm_id":"822133685","code":2722,"fclass":"museum","name":"Diego de Alfaro","categoryId":"CULTURES","subcategoryId":"MUSEE"},"geometry":{"type":"Point","coordinates":[-55.7537,-27.91441]}},{"type":"Feature","properties":{"osm_id":"941568889","code":2722,"fclass":"museum","name":"Museo de Morón","categoryId":"CULTURES","subcategoryId":"MUSEE"},"geometry":{"type":"Point","coordinates":[-58.62434,-34.64866]}},{"type":"Feature","properties":{"osm_id":"1015230801","code":2722,"fclass":"museum","name":"Museo Arqueológico Pío Pablo Díaz","categoryId":"CULTURES","subcategoryId":"MUSEE"},"geometry":{"type":"Point","coordinates":[-66.16163,-25.12025]}},{"type":"Feature","properties":{"osm_id":"1019544621","code":2722,"fclass":"museum","name":"Museo Regional Malargue","categoryId":"CULTURES","subcategoryId":"MUSEE"},"geometry":{"type":"Point","coordinates":[-69.58614,-35.46265]}},{"type":"Feature","properties":{"osm_id":"1032245180","code":2722,"fclass":"museum","name":"Museo de los Inmigrantes","categoryId":"CULTURES","subcategoryId":"MUSEE"},"geometry":{"type":"Point","coordinates":[-55.11242,-27.50003]}},{"type":"Feature","properties":{"osm_id":"1037452989","code":2722,"fclass":"museum","name":"Museo de Historia Regional","categoryId":"CULTURES","subcategoryId":"MUSEE"},"geometry":{"type":"Point","coordinates":[-60.73249,-32.743]}},{"type":"Feature","properties":{"osm_id":"1040702945","code":2722,"fclass":"museum","name":"Museo iberoamericano de artesanias de Fundart","categoryId":"CULTURES","subcategoryId":"MUSEE"},"geometry":{"type":"Point","coordinates":[-64.19218,-31.42383]}},{"type":"Feature","properties":{"osm_id":"1047239098","code":2722,"fclass":"museum","name":"Museo Francisco Muñiz","categoryId":"CULTURES","subcategoryId":"MUSEE"},"geometry":{"type":"Point","coordinates":[-58.86896,-34.67414]}},{"type":"Feature","properties":{"osm_id":"1054702468","code":2722,"fclass":"museum","name":"Museo de la Industria Azucarera","categoryId":"CULTURES","subcategoryId":"MUSEE"},"geometry":{"type":"Point","coordinates":[-65.19028,-26.8266]}},{"type":"Feature","properties":{"osm_id":"1073986615","code":2722,"fclass":"museum","name":"Museo de Bellas Artes René Bruseau","categoryId":"CULTURES","subcategoryId":"MUSEE"},"geometry":{"type":"Point","coordinates":[-58.98626,-27.44956]}},{"type":"Feature","properties":{"osm_id":"1079388652","code":2722,"fclass":"museum","name":"Museo Regional Dr. Adolfo Alsina","categoryId":"CULTURES","subcategoryId":"MUSEE"},"geometry":{"type":"Point","coordinates":[-62.76165,-37.18084]}},{"type":"Feature","properties":{"osm_id":"1082887538","code":2722,"fclass":"museum","name":"Museo del Hombre Chaqueño Profesor Ertivio Acosta","categoryId":"CULTURES","subcategoryId":"MUSEE"},"geometry":{"type":"Point","coordinates":[-58.98531,-27.45409]}},{"type":"Feature","properties":{"osm_id":"1083060454","code":2722,"fclass":"museum","name":"Museo Florencio Molina Campos","categoryId":"CULTURES","subcategoryId":"MUSEE"},"geometry":{"type":"Point","coordinates":[-58.79277,-34.63956]}},{"type":"Feature","properties":{"osm_id":"1085005235","code":2722,"fclass":"museum","name":"Museo Amancio Alcorta","categoryId":"CULTURES","subcategoryId":"MUSEE"},"geometry":{"type":"Point","coordinates":[-58.78041,-34.65635]}},{"type":"Feature","properties":{"osm_id":"1099268399","code":2722,"fclass":"museum","name":"Museo Municipal de Bellas Artes Manuel Belgrano","categoryId":"CULTURES","subcategoryId":"MUSEE"},"geometry":{"type":"Point","coordinates":[-58.79043,-34.6537]}},{"type":"Feature","properties":{"osm_id":"1108775606","code":2722,"fclass":"museum","name":"Museo Miguel Lillo de Ciencias Naturales","categoryId":"CULTURES","subcategoryId":"MUSEE"},"geometry":{"type":"Point","coordinates":[-65.22207,-26.83158]}},{"type":"Feature","properties":{"osm_id":"1143026952","code":2722,"fclass":"museum","name":"Ruinas Jesuiticas de Santa Ana","categoryId":"CULTURES","subcategoryId":"MUSEE"},"geometry":{"type":"Point","coordinates":[-55.58058,-27.38837]}},{"type":"Feature","properties":{"osm_id":"1144740023","code":2722,"fclass":"museum","name":"Museo del Holocausto","categoryId":"CULTURES","subcategoryId":"MUSEE"},"geometry":{"type":"Point","coordinates":[-58.38955,-34.59804]}},{"type":"Feature","properties":{"osm_id":"1167270219","code":2722,"fclass":"museum","name":"Museo de Arqueología de Alta Montaña","categoryId":"CULTURES","subcategoryId":"MUSEE"},"geometry":{"type":"Point","coordinates":[-65.41093,-24.78905]}},{"type":"Feature","properties":{"osm_id":"1168564584","code":2722,"fclass":"museum","name":"Museo de Antropología Dr Juan Martín Leguizamón","categoryId":"CULTURES","subcategoryId":"MUSEE"},"geometry":{"type":"Point","coordinates":[-65.39775,-24.78622]}},{"type":"Feature","properties":{"osm_id":"1193261785","code":2722,"fclass":"museum","name":"Museo de la Memoria","categoryId":"CULTURES","subcategoryId":"MUSEE"},"geometry":{"type":"Point","coordinates":[-58.98586,-27.44995]}},{"type":"Feature","properties":{"osm_id":"1197941056","code":2722,"fclass":"museum","name":"Museo Ichoalay","categoryId":"CULTURES","subcategoryId":"MUSEE"},"geometry":{"type":"Point","coordinates":[-58.99332,-27.45222]}},{"type":"Feature","properties":{"osm_id":"1234634346","code":2722,"fclass":"museum","name":"Casa Museo El Ángel de la Selva","categoryId":"CULTURES","subcategoryId":"MUSEE"},"geometry":{"type":"Point","coordinates":[-54.57365,-25.60035]}},{"type":"Feature","properties":{"osm_id":"1236696061","code":2722,"fclass":"museum","name":"Museo Municipal de Arte Juan Carlos Castagnino","categoryId":"CULTURES","subcategoryId":"MUSEE"},"geometry":{"type":"Point","coordinates":[-57.53576,-38.01042]}},{"type":"Feature","properties":{"osm_id":"1236936949","code":2722,"fclass":"museum","name":"Museo del Hombre del Puerto Cleto Ciocchini","categoryId":"CULTURES","subcategoryId":"MUSEE"},"geometry":{"type":"Point","coordinates":[-57.54332,-38.04698]}},{"type":"Feature","properties":{"osm_id":"1237920617","code":2722,"fclass":"museum","name":"Museo del Vino","categoryId":"CULTURES","subcategoryId":"MUSEE"},"geometry":{"type":"Point","coordinates":[-68.7445,-32.95721]}},{"type":"Feature","properties":{"osm_id":"1248243981","code":2733,"fclass":"archaeological","name":"Plaza","categoryId":"CULTURES","subcategoryId":"SITE ARCHEOLOGIQUE"},"geometry":{"type":"Point","coordinates":[-55.5317,-27.2542]}},{"type":"Feature","properties":{"osm_id":"1258702016","code":2722,"fclass":"museum","name":"Museo Fundador","categoryId":"CULTURES","subcategoryId":"MUSEE"},"geometry":{"type":"Point","coordinates":[-54.68976,-26.41019]}},{"type":"Feature","properties":{"osm_id":"1276460620","code":2722,"fclass":"museum","name":"Museo de Bellas Artes","categoryId":"CULTURES","subcategoryId":"MUSEE"},"geometry":{"type":"Point","coordinates":[-60.2731,-38.37864]}},{"type":"Feature","properties":{"osm_id":"1276460700","code":2722,"fclass":"museum","name":"Museo Mulazzi","categoryId":"CULTURES","subcategoryId":"MUSEE"},"geometry":{"type":"Point","coordinates":[-60.27915,-38.37389]}},{"type":"Feature","properties":{"osm_id":"1295503813","code":2722,"fclass":"museum","name":"Museo Roca","categoryId":"CULTURES","subcategoryId":"MUSEE"},"geometry":{"type":"Point","coordinates":[-58.39553,-34.58766]}},{"type":"Feature","properties":{"osm_id":"1300367349","code":2722,"fclass":"museum","name":"Museo Del Indigena","categoryId":"CULTURES","subcategoryId":"MUSEE"},"geometry":{"type":"Point","coordinates":[-60.31591,-30.38325]}},{"type":"Feature","properties":{"osm_id":"1320243444","code":2722,"fclass":"museum","name":"Museo y Archivo Histórico","categoryId":"CULTURES","subcategoryId":"MUSEE"},"geometry":{"type":"Point","coordinates":[-62.41822,-37.60676]}},{"type":"Feature","properties":{"osm_id":"1321982571","code":2722,"fclass":"museum","name":"Museo Histórico","categoryId":"CULTURES","subcategoryId":"MUSEE"},"geometry":{"type":"Point","coordinates":[-63.53417,-37.66808]}},{"type":"Feature","properties":{"osm_id":"1322139711","code":2722,"fclass":"museum","name":"Museo Ignacio Balvidares","categoryId":"CULTURES","subcategoryId":"MUSEE"},"geometry":{"type":"Point","coordinates":[-62.76738,-37.54347]}},{"type":"Feature","properties":{"osm_id":"1323898764","code":2722,"fclass":"museum","name":"Museo Municipal","categoryId":"CULTURES","subcategoryId":"MUSEE"},"geometry":{"type":"Point","coordinates":[-67.69552,-34.9786]}},{"type":"Feature","properties":{"osm_id":"1341533546","code":2722,"fclass":"museum","name":"Museo histórico de Rivadavia","categoryId":"CULTURES","subcategoryId":"MUSEE"},"geometry":{"type":"Point","coordinates":[-62.97632,-35.48581]}},{"type":"Feature","properties":{"osm_id":"1376913820","code":2722,"fclass":"museum","name":"Museo Municipal de Arte Moderno de Mendoza (MMAMM)","categoryId":"CULTURES","subcategoryId":"MUSEE"},"geometry":{"type":"Point","coordinates":[-68.84487,-32.88994]}},{"type":"Feature","properties":{"osm_id":"1378947404","code":2722,"fclass":"museum","name":"Museo de Ciencia y Técnica","categoryId":"CULTURES","subcategoryId":"MUSEE"},"geometry":{"type":"Point","coordinates":[-62.29206,-38.69639]}},{"type":"Feature","properties":{"osm_id":"1391784234","code":2722,"fclass":"museum","name":"Museo Olgbrun","categoryId":"CULTURES","subcategoryId":"MUSEE"},"geometry":{"type":"Point","coordinates":[-71.35185,-42.92167]}},{"type":"Feature","properties":{"osm_id":"1393462191","code":2722,"fclass":"museum","name":"Museo del Agricultor","categoryId":"CULTURES","subcategoryId":"MUSEE"},"geometry":{"type":"Point","coordinates":[-54.70065,-26.60545]}},{"type":"Feature","properties":{"osm_id":"1427525657","code":2722,"fclass":"museum","name":"Museo Ciudad San Fernando de Buena Vista","categoryId":"CULTURES","subcategoryId":"MUSEE"},"geometry":{"type":"Point","coordinates":[-58.56032,-34.43634]}},{"type":"Feature","properties":{"osm_id":"1427525659","code":2722,"fclass":"museum","name":"Biblioteca y Museo Popular “Juan Nepomuceno Madero”","categoryId":"CULTURES","subcategoryId":"MUSEE"},"geometry":{"type":"Point","coordinates":[-58.56013,-34.43802]}},{"type":"Feature","properties":{"osm_id":"1437156880","code":2722,"fclass":"museum","name":"Museo Etnográfico Enrique Squirru","categoryId":"CULTURES","subcategoryId":"MUSEE"},"geometry":{"type":"Point","coordinates":[-59.8661,-36.77627]}},{"type":"Feature","properties":{"osm_id":"1437607346","code":2722,"fclass":"museum","name":"Museo Municipal de Arte López Claro","categoryId":"CULTURES","subcategoryId":"MUSEE"},"geometry":{"type":"Point","coordinates":[-59.8615,-36.77548]}},{"type":"Feature","properties":{"osm_id":"1457932697","code":2722,"fclass":"museum","name":"Museo de Ciencias Naturales Gesué P. Noseda","categoryId":"CULTURES","subcategoryId":"MUSEE"},"geometry":{"type":"Point","coordinates":[-58.7849,-38.16763]}},{"type":"Feature","properties":{"osm_id":"1457932700","code":2722,"fclass":"museum","name":"Museo de Historia","categoryId":"CULTURES","subcategoryId":"MUSEE"},"geometry":{"type":"Point","coordinates":[-58.7874,-38.16743]}},{"type":"Feature","properties":{"osm_id":"1474746634","code":2722,"fclass":"museum","name":"Museo de la Facultad de Astronomía y Geofísica","categoryId":"CULTURES","subcategoryId":"MUSEE"},"geometry":{"type":"Point","coordinates":[-57.93311,-34.90834]}},{"type":"Feature","properties":{"osm_id":"1512454473","code":2722,"fclass":"museum","name":"Museo Catedralicio Monseñor Carlos Mariano Pérez","categoryId":"CULTURES","subcategoryId":"MUSEE"},"geometry":{"type":"Point","coordinates":[-65.41048,-24.78782]}},{"type":"Feature","properties":{"osm_id":"1512454475","code":2722,"fclass":"museum","name":"Museo de Arte Contemporáneo","categoryId":"CULTURES","subcategoryId":"MUSEE"},"geometry":{"type":"Point","coordinates":[-65.40952,-24.78883]}},{"type":"Feature","properties":{"osm_id":"1520157381","code":2722,"fclass":"museum","name":"Museo del Fuerte Indepencia","categoryId":"CULTURES","subcategoryId":"MUSEE"},"geometry":{"type":"Point","coordinates":[-59.13087,-37.32054]}},{"type":"Feature","properties":{"osm_id":"1528089276","code":2722,"fclass":"museum","name":"Museo del Carnaval","categoryId":"CULTURES","subcategoryId":"MUSEE"},"geometry":{"type":"Point","coordinates":[-57.10997,-29.72437]}},{"type":"Feature","properties":{"osm_id":"1547862993","code":2722,"fclass":"museum","name":"Museo Municipal de Bellas Artes","categoryId":"CULTURES","subcategoryId":"MUSEE"},"geometry":{"type":"Point","coordinates":[-59.13731,-37.33036]}},{"type":"Feature","properties":{"osm_id":"1548338438","code":2722,"fclass":"museum","name":"Museo de Ciencias Naturales","categoryId":"CULTURES","subcategoryId":"MUSEE"},"geometry":{"type":"Point","coordinates":[-59.14092,-37.32505]}},{"type":"Feature","properties":{"osm_id":"1549832778","code":2722,"fclass":"museum","name":"Museo de Arte Religioso","categoryId":"CULTURES","subcategoryId":"MUSEE"},"geometry":{"type":"Point","coordinates":[-59.13611,-37.32974]}},{"type":"Feature","properties":{"osm_id":"1583154497","code":2722,"fclass":"museum","name":"Museo regional","categoryId":"CULTURES","subcategoryId":"MUSEE"},"geometry":{"type":"Point","coordinates":[-60.37701,-31.65013]}},{"type":"Feature","properties":{"osm_id":"1589583653","code":2722,"fclass":"museum","name":"Museo de Medios de Comunicación Raúl Berneri","categoryId":"CULTURES","subcategoryId":"MUSEE"},"geometry":{"type":"Point","coordinates":[-58.98297,-27.45083]}},{"type":"Feature","properties":{"osm_id":"1589583657","code":2722,"fclass":"museum","name":"Museo del Pueblo","categoryId":"CULTURES","subcategoryId":"MUSEE"},"geometry":{"type":"Point","coordinates":[-58.98494,-27.44519]}},{"type":"Feature","properties":{"osm_id":"1599222027","code":2722,"fclass":"museum","name":"Casa de la Historia y la Cultura del Bicentenario","categoryId":"CULTURES","subcategoryId":"MUSEE"},"geometry":{"type":"Point","coordinates":[-65.08848,-40.81132]}},{"type":"Feature","properties":{"osm_id":"1608982627","code":2722,"fclass":"museum","name":"Museo Salesiano Cardenal Cagliero","categoryId":"CULTURES","subcategoryId":"MUSEE"},"geometry":{"type":"Point","coordinates":[-62.99212,-40.81048]}},{"type":"Feature","properties":{"osm_id":"1608982628","code":2722,"fclass":"museum","name":"Museo Tecnológico del Agua y del Suelo \"Ingeniero Osvaldo Casamiquela\"","categoryId":"CULTURES","subcategoryId":"MUSEE"},"geometry":{"type":"Point","coordinates":[-62.99218,-40.81026]}},{"type":"Feature","properties":{"osm_id":"1609296778","code":2722,"fclass":"museum","name":"Museo Paula Florido","categoryId":"CULTURES","subcategoryId":"MUSEE"},"geometry":{"type":"Point","coordinates":[-60.17048,-35.43293]}},{"type":"Feature","properties":{"osm_id":"1612384690","code":2722,"fclass":"museum","name":"Museo La Estación","categoryId":"CULTURES","subcategoryId":"MUSEE"},"geometry":{"type":"Point","coordinates":[-58.31238,-31.79556]}},{"type":"Feature","properties":{"osm_id":"1619213163","code":2722,"fclass":"museum","name":"Museo Domingo Faustino Sarmiento","categoryId":"CULTURES","subcategoryId":"MUSEE"},"geometry":{"type":"Point","coordinates":[-58.57681,-34.38302]}},{"type":"Feature","properties":{"osm_id":"1625193970","code":2722,"fclass":"museum","name":"Museo de Armas de la Nación","categoryId":"CULTURES","subcategoryId":"MUSEE"},"geometry":{"type":"Point","coordinates":[-58.37712,-34.59603]}},{"type":"Feature","properties":{"osm_id":"1626495875","code":2722,"fclass":"museum","name":"Museo Americanista","categoryId":"CULTURES","subcategoryId":"MUSEE"},"geometry":{"type":"Point","coordinates":[-58.40354,-34.75717]}},{"type":"Feature","properties":{"osm_id":"1683647391","code":2722,"fclass":"museum","name":"Museo Histórico de Las Bóvedas","categoryId":"CULTURES","subcategoryId":"MUSEE"},"geometry":{"type":"Point","coordinates":[-69.34052,-32.56969]}},{"type":"Feature","properties":{"osm_id":"1683647451","code":2733,"fclass":"archaeological","name":null,"categoryId":"CULTURES","subcategoryId":"SITE ARCHEOLOGIQUE"},"geometry":{"type":"Point","coordinates":[-69.31382,-32.53028]}},{"type":"Feature","properties":{"osm_id":"1703827067","code":2722,"fclass":"museum","name":"Museo comunal","categoryId":"CULTURES","subcategoryId":"MUSEE"},"geometry":{"type":"Point","coordinates":[-62.04097,-33.32789]}},{"type":"Feature","properties":{"osm_id":"1711528408","code":2722,"fclass":"museum","name":"Museo Arquidiosesano de Arte","categoryId":"CULTURES","subcategoryId":"MUSEE"},"geometry":{"type":"Point","coordinates":[-65.20367,-26.8321]}},{"type":"Feature","properties":{"osm_id":"1712830512","code":2722,"fclass":"museum","name":"Cripta Jesuítica del Noviciado Viejo","categoryId":"CULTURES","subcategoryId":"MUSEE"},"geometry":{"type":"Point","coordinates":[-64.18439,-31.41328]}},{"type":"Feature","properties":{"osm_id":"1712830516","code":2722,"fclass":"museum","name":null,"categoryId":"CULTURES","subcategoryId":"MUSEE"},"geometry":{"type":"Point","coordinates":[-64.18477,-31.41731]}},{"type":"Feature","properties":{"osm_id":"1712830519","code":2722,"fclass":"museum","name":"Museo de Antropología de la Universidad de Córdoba","categoryId":"CULTURES","subcategoryId":"MUSEE"},"geometry":{"type":"Point","coordinates":[-64.18775,-31.42265]}},{"type":"Feature","properties":{"osm_id":"1717160534","code":2722,"fclass":"museum","name":"Museo Histórico Jallpha Calchaquí-Casa Radich","categoryId":"CULTURES","subcategoryId":"MUSEE"},"geometry":{"type":"Point","coordinates":[-65.9299,-25.8923]}},{"type":"Feature","properties":{"osm_id":"1740922850","code":2722,"fclass":"museum","name":"Museo Histórico Municipal","categoryId":"CULTURES","subcategoryId":"MUSEE"},"geometry":{"type":"Point","coordinates":[-60.48163,-35.12008]}},{"type":"Feature","properties":{"osm_id":"1771080421","code":2722,"fclass":"museum","name":"Museo Municipal de Bellas Artes Fernando Bonfiglioli","categoryId":"CULTURES","subcategoryId":"MUSEE"},"geometry":{"type":"Point","coordinates":[-63.2376,-32.41764]}},{"type":"Feature","properties":{"osm_id":"1771080422","code":2722,"fclass":"museum","name":"Museo Ramos Generales","categoryId":"CULTURES","subcategoryId":"MUSEE"},"geometry":{"type":"Point","coordinates":[-63.24366,-32.40887]}},{"type":"Feature","properties":{"osm_id":"1796466442","code":2722,"fclass":"museum","name":"Rectorado de la Universidad Nacional de Jujuy","categoryId":"CULTURES","subcategoryId":"MUSEE"},"geometry":{"type":"Point","coordinates":[-65.32467,-24.17921]}},{"type":"Feature","properties":{"osm_id":"1796473204","code":2722,"fclass":"museum","name":"Museo Arqueológico","categoryId":"CULTURES","subcategoryId":"MUSEE"},"geometry":{"type":"Point","coordinates":[-65.3031,-24.18346]}},{"type":"Feature","properties":{"osm_id":"1796473960","code":2722,"fclass":"museum","name":"Museo Policial (Cabildo)","categoryId":"CULTURES","subcategoryId":"MUSEE"},"geometry":{"type":"Point","coordinates":[-65.29999,-24.18502]}},{"type":"Feature","properties":{"osm_id":"1796477746","code":2722,"fclass":"museum","name":"Museo Histórico","categoryId":"CULTURES","subcategoryId":"MUSEE"},"geometry":{"type":"Point","coordinates":[-65.30293,-24.1858]}},{"type":"Feature","properties":{"osm_id":"1796478450","code":2722,"fclass":"museum","name":"Museo de Arte Sacro","categoryId":"CULTURES","subcategoryId":"MUSEE"},"geometry":{"type":"Point","coordinates":[-65.30193,-24.1852]}},{"type":"Feature","properties":{"osm_id":"1796556339","code":2722,"fclass":"museum","name":"Museo del Hombre","categoryId":"CULTURES","subcategoryId":"MUSEE"},"geometry":{"type":"Point","coordinates":[-67.6161,-27.6892]}},{"type":"Feature","properties":{"osm_id":"1809323017","code":2722,"fclass":"museum","name":"Museo Almafuerte","categoryId":"CULTURES","subcategoryId":"MUSEE"},"geometry":{"type":"Point","coordinates":[-62.72736,-35.97573]}},{"type":"Feature","properties":{"osm_id":"1816619811","code":2722,"fclass":"museum","name":"Museo Gauchesco Ricardo Güiraldes","categoryId":"CULTURES","subcategoryId":"MUSEE"},"geometry":{"type":"Point","coordinates":[-59.48148,-34.23752]}},{"type":"Feature","properties":{"osm_id":"1816647536","code":2722,"fclass":"museum","name":"Museo y Taller de Platería Draghi","categoryId":"CULTURES","subcategoryId":"MUSEE"},"geometry":{"type":"Point","coordinates":[-59.47364,-34.24294]}},{"type":"Feature","properties":{"osm_id":"1816694496","code":2722,"fclass":"museum","name":"Museo de Bellas Artes Osvaldo Gasparini","categoryId":"CULTURES","subcategoryId":"MUSEE"},"geometry":{"type":"Point","coordinates":[-59.46881,-34.24724]}},{"type":"Feature","properties":{"osm_id":"1816694503","code":2722,"fclass":"museum","name":"Museo de Arte La Recova","categoryId":"CULTURES","subcategoryId":"MUSEE"},"geometry":{"type":"Point","coordinates":[-59.47165,-34.24361]}},{"type":"Feature","properties":{"osm_id":"1816694507","code":2722,"fclass":"museum","name":"Museo Pulpería La Blanqueada","categoryId":"CULTURES","subcategoryId":"MUSEE"},"geometry":{"type":"Point","coordinates":[-59.48002,-34.23788]}},{"type":"Feature","properties":{"osm_id":"1825734467","code":2722,"fclass":"museum","name":"Estación Museo Villa Lago Epecuén","categoryId":"CULTURES","subcategoryId":"MUSEE"},"geometry":{"type":"Point","coordinates":[-62.78999,-37.11258]}},{"type":"Feature","properties":{"osm_id":"1841634258","code":2722,"fclass":"museum","name":"Museo de la ciudad","categoryId":"CULTURES","subcategoryId":"MUSEE"},"geometry":{"type":"Point","coordinates":[-61.16363,-32.58528]}},{"type":"Feature","properties":{"osm_id":"1850403568","code":2722,"fclass":"museum","name":"Museo Ruinas Jesuiticas de Loreto","categoryId":"CULTURES","subcategoryId":"MUSEE"},"geometry":{"type":"Point","coordinates":[-55.52012,-27.3325]}},{"type":"Feature","properties":{"osm_id":"1856412658","code":2722,"fclass":"museum","name":"Museo Casa de Ricardo Rojas","categoryId":"CULTURES","subcategoryId":"MUSEE"},"geometry":{"type":"Point","coordinates":[-58.40626,-34.59395]}},{"type":"Feature","properties":{"osm_id":"1858084578","code":2722,"fclass":"museum","name":"Museo Arqueológico La Puerta","categoryId":"CULTURES","subcategoryId":"MUSEE"},"geometry":{"type":"Point","coordinates":[-65.79107,-28.17026]}},{"type":"Feature","properties":{"osm_id":"1867429693","code":2722,"fclass":"museum","name":"Museo de la Catedral de La Plata","categoryId":"CULTURES","subcategoryId":"MUSEE"},"geometry":{"type":"Point","coordinates":[-57.95569,-34.92246]}},{"type":"Feature","properties":{"osm_id":"1877874986","code":2722,"fclass":"museum","name":"Museo de Artes Visuales \"Orlando Rufinengo\"","categoryId":"CULTURES","subcategoryId":"MUSEE"},"geometry":{"type":"Point","coordinates":[-61.21919,-32.03]}},{"type":"Feature","properties":{"osm_id":"1895344493","code":2722,"fclass":"museum","name":"Museo de Bellas Artes Laureano Brizuela","categoryId":"CULTURES","subcategoryId":"MUSEE"},"geometry":{"type":"Point","coordinates":[-65.78238,-28.46968]}},{"type":"Feature","properties":{"osm_id":"1895348933","code":2722,"fclass":"museum","name":"Museo Histórico","categoryId":"CULTURES","subcategoryId":"MUSEE"},"geometry":{"type":"Point","coordinates":[-65.7807,-28.47113]}},{"type":"Feature","properties":{"osm_id":"1898721710","code":2722,"fclass":"museum","name":"Museo Arqueológico del Instituto de Arqueología y Etnología","categoryId":"CULTURES","subcategoryId":"MUSEE"},"geometry":{"type":"Point","coordinates":[-68.87989,-32.87865]}},{"type":"Feature","properties":{"osm_id":"1898721713","code":2722,"fclass":"museum","name":"Museo Mineralógico \"Prof. Manuel Tellechea\"","categoryId":"CULTURES","subcategoryId":"MUSEE"},"geometry":{"type":"Point","coordinates":[-68.88856,-32.88409]}},{"type":"Feature","properties":{"osm_id":"1902164816","code":2722,"fclass":"museum","name":"Museo Histórico Regional Americanista","categoryId":"CULTURES","subcategoryId":"MUSEE"},"geometry":{"type":"Point","coordinates":[-68.89292,-33.03569]}},{"type":"Feature","properties":{"osm_id":"1903144868","code":2722,"fclass":"museum","name":"Parque El Descanso","categoryId":"CULTURES","subcategoryId":"MUSEE"},"geometry":{"type":"Point","coordinates":[-64.49449,-30.93711]}},{"type":"Feature","properties":{"osm_id":"1909481128","code":2722,"fclass":"museum","name":"Convento de San Francisco","categoryId":"CULTURES","subcategoryId":"MUSEE"},"geometry":{"type":"Point","coordinates":[-60.70965,-31.65943]}},{"type":"Feature","properties":{"osm_id":"1937244450","code":2722,"fclass":"museum","name":"Memorial de la Bandera de Los Andes","categoryId":"CULTURES","subcategoryId":"MUSEE"},"geometry":{"type":"Point","coordinates":[-68.84634,-32.8979]}},{"type":"Feature","properties":{"osm_id":"1941488061","code":2722,"fclass":"museum","name":"Tren Museo","categoryId":"CULTURES","subcategoryId":"MUSEE"},"geometry":{"type":"Point","coordinates":[-68.84853,-32.88369]}},{"type":"Feature","properties":{"osm_id":"1941660495","code":2722,"fclass":"museum","name":"Museo Argentino de Motos Antiguas \"Luis Paludet\"","categoryId":"CULTURES","subcategoryId":"MUSEE"},"geometry":{"type":"Point","coordinates":[-68.83785,-32.89614]}},{"type":"Feature","properties":{"osm_id":"1943300045","code":2722,"fclass":"museum","name":"Museo de la Pasión Boquense","categoryId":"CULTURES","subcategoryId":"MUSEE"},"geometry":{"type":"Point","coordinates":[-58.36449,-34.63646]}},{"type":"Feature","properties":{"osm_id":"1947768879","code":2722,"fclass":"museum","name":"Museo Hotel Edén","categoryId":"CULTURES","subcategoryId":"MUSEE"},"geometry":{"type":"Point","coordinates":[-64.46753,-31.09175]}},{"type":"Feature","properties":{"osm_id":"1960855359","code":2722,"fclass":"museum","name":"Museo del Instituto de Geología y Minería","categoryId":"CULTURES","subcategoryId":"MUSEE"},"geometry":{"type":"Point","coordinates":[-65.32846,-24.17879]}},{"type":"Feature","properties":{"osm_id":"1983078462","code":2733,"fclass":"archaeological","name":"La Tunita","categoryId":"CULTURES","subcategoryId":"SITE ARCHEOLOGIQUE"},"geometry":{"type":"Point","coordinates":[-65.42109,-28.90501]}},{"type":"Feature","properties":{"osm_id":"1991149174","code":2722,"fclass":"museum","name":"Museo Arqueológico \"Doctor Eduardo Casanova\"","categoryId":"CULTURES","subcategoryId":"MUSEE"},"geometry":{"type":"Point","coordinates":[-65.3938,-23.57727]}},{"type":"Feature","properties":{"osm_id":"1994610263","code":2722,"fclass":"museum","name":"Museo Olga Orozco","categoryId":"CULTURES","subcategoryId":"MUSEE"},"geometry":{"type":"Point","coordinates":[-64.37406,-36.67596]}},{"type":"Feature","properties":{"osm_id":"2023165363","code":2722,"fclass":"museum","name":"Museo Del Pueblo","categoryId":"CULTURES","subcategoryId":"MUSEE"},"geometry":{"type":"Point","coordinates":[-58.98312,-27.44665]}},{"type":"Feature","properties":{"osm_id":"2028010137","code":2722,"fclass":"museum","name":"Museo y Casa De Cultura","categoryId":"CULTURES","subcategoryId":"MUSEE"},"geometry":{"type":"Point","coordinates":[-60.71931,-27.28335]}},{"type":"Feature","properties":{"osm_id":"2054847128","code":2733,"fclass":"archaeological","name":"Los Graneros de la Poma","categoryId":"CULTURES","subcategoryId":"SITE ARCHEOLOGIQUE"},"geometry":{"type":"Point","coordinates":[-66.17266,-24.80938]}},{"type":"Feature","properties":{"osm_id":"2071066596","code":2722,"fclass":"museum","name":"Museo Pajarito Velarde","categoryId":"CULTURES","subcategoryId":"MUSEE"},"geometry":{"type":"Point","coordinates":[-65.40674,-24.78873]}},{"type":"Feature","properties":{"osm_id":"2071066598","code":2722,"fclass":"museum","name":"Museo Casa de Uriburu","categoryId":"CULTURES","subcategoryId":"MUSEE"},"geometry":{"type":"Point","coordinates":[-65.40874,-24.79004]}},{"type":"Feature","properties":{"osm_id":"2077402782","code":2722,"fclass":"museum","name":"Museo De La Ciudad","categoryId":"CULTURES","subcategoryId":"MUSEE"},"geometry":{"type":"Point","coordinates":[-61.08771,-27.08559]}},{"type":"Feature","properties":{"osm_id":"2103326149","code":2722,"fclass":"museum","name":"Museo de Ciencias Naturales Vicente Di Martino","categoryId":"CULTURES","subcategoryId":"MUSEE"},"geometry":{"type":"Point","coordinates":[-61.29011,-38.98679]}},{"type":"Feature","properties":{"osm_id":"2103780408","code":2722,"fclass":"museum","name":"Museo Municipal 'Casa de Ameghino'","categoryId":"CULTURES","subcategoryId":"MUSEE"},"geometry":{"type":"Point","coordinates":[-59.11667,-34.56765]}},{"type":"Feature","properties":{"osm_id":"2122906064","code":2722,"fclass":"museum","name":"Museo de la Casa de Castañares","categoryId":"CULTURES","subcategoryId":"MUSEE"},"geometry":{"type":"Point","coordinates":[-65.39587,-24.73178]}},{"type":"Feature","properties":{"osm_id":"2128204544","code":2722,"fclass":"museum","name":"Museo Mineralógico","categoryId":"CULTURES","subcategoryId":"MUSEE"},"geometry":{"type":"Point","coordinates":[-67.40863,-26.06255]}},{"type":"Feature","properties":{"osm_id":"2136276615","code":2722,"fclass":"museum","name":"Casona del Patriarca","categoryId":"CULTURES","subcategoryId":"MUSEE"},"geometry":{"type":"Point","coordinates":[-57.98345,-31.61479]}},{"type":"Feature","properties":{"osm_id":"2138844238","code":2722,"fclass":"museum","name":"Museo Histórico - Quinta Jovita","categoryId":"CULTURES","subcategoryId":"MUSEE"},"geometry":{"type":"Point","coordinates":[-59.0185,-34.09455]}},{"type":"Feature","properties":{"osm_id":"2143516992","code":2722,"fclass":"museum","name":"Museo Arqueológico Rodolfo Bravo","categoryId":"CULTURES","subcategoryId":"MUSEE"},"geometry":{"type":"Point","coordinates":[-65.97782,-26.07458]}},{"type":"Feature","properties":{"osm_id":"2143540788","code":2722,"fclass":"museum","name":"Museo del Vino","categoryId":"CULTURES","subcategoryId":"MUSEE"},"geometry":{"type":"Point","coordinates":[-65.97592,-26.07594]}},{"type":"Feature","properties":{"osm_id":"2143676974","code":2722,"fclass":"museum","name":"Museo Arqueológico Municipal","categoryId":"CULTURES","subcategoryId":"MUSEE"},"geometry":{"type":"Point","coordinates":[-65.34974,-23.20436]}},{"type":"Feature","properties":{"osm_id":"2144835417","code":2722,"fclass":"museum","name":"Quinta El Ombú","categoryId":"CULTURES","subcategoryId":"MUSEE"},"geometry":{"type":"Point","coordinates":[-58.55899,-34.43662]}},{"type":"Feature","properties":{"osm_id":"2145361950","code":2722,"fclass":"museum","name":"Museo Enrique Urcola","categoryId":"CULTURES","subcategoryId":"MUSEE"},"geometry":{"type":"Point","coordinates":[-61.54786,-34.85392]}},{"type":"Feature","properties":{"osm_id":"2157691065","code":2722,"fclass":"museum","name":"Museo Regional","categoryId":"CULTURES","subcategoryId":"MUSEE"},"geometry":{"type":"Point","coordinates":[-67.52503,-46.44231]}},{"type":"Feature","properties":{"osm_id":"2165440204","code":2722,"fclass":"museum","name":"Reconquista","categoryId":"CULTURES","subcategoryId":"MUSEE"},"geometry":{"type":"Point","coordinates":[-59.65008,-29.1448]}},{"type":"Feature","properties":{"osm_id":"2187264604","code":2722,"fclass":"museum","name":"Museo El Carmen","categoryId":"CULTURES","subcategoryId":"MUSEE"},"geometry":{"type":"Point","coordinates":[-66.17084,-25.63292]}},{"type":"Feature","properties":{"osm_id":"2187566652","code":2722,"fclass":"museum","name":"Museo Municipal","categoryId":"CULTURES","subcategoryId":"MUSEE"},"geometry":{"type":"Point","coordinates":[-71.51842,-42.06524]}},{"type":"Feature","properties":{"osm_id":"2205018784","code":2722,"fclass":"museum","name":"Museo de la Psicología Experimental en Argentina 'Dr. Horacio G. Piñero'","categoryId":"CULTURES","subcategoryId":"MUSEE"},"geometry":{"type":"Point","coordinates":[-58.40873,-34.61973]}},{"type":"Feature","properties":{"osm_id":"2281168443","code":2722,"fclass":"museum","name":"Secretaría de Gestión Ambiental - Área de Desarrollo Sustentable","categoryId":"CULTURES","subcategoryId":"MUSEE"},"geometry":{"type":"Point","coordinates":[-65.30062,-24.18667]}},{"type":"Feature","properties":{"osm_id":"2282421846","code":2733,"fclass":"archaeological","name":"Cerro Paleta del Pintor","categoryId":"CULTURES","subcategoryId":"SITE ARCHEOLOGIQUE"},"geometry":{"type":"Point","coordinates":[-65.3997,-23.62676]}},{"type":"Feature","properties":{"osm_id":"2286933417","code":2722,"fclass":"museum","name":"Museo Rumi Huasi","categoryId":"CULTURES","subcategoryId":"MUSEE"},"geometry":{"type":"Point","coordinates":[-64.64341,-30.78326]}},{"type":"Feature","properties":{"osm_id":"2302454084","code":2722,"fclass":"museum","name":"Museo Paleontológico","categoryId":"CULTURES","subcategoryId":"MUSEE"},"geometry":{"type":"Point","coordinates":[-59.66168,-33.675]}},{"type":"Feature","properties":{"osm_id":"2322319054","code":2722,"fclass":"museum","name":"Museo Alguacil Mayor Capitán Don Gaspar Miguel Ruiz de Rojas","categoryId":"CULTURES","subcategoryId":"MUSEE"},"geometry":{"type":"Point","coordinates":[-68.84511,-32.92599]}},{"type":"Feature","properties":{"osm_id":"2322319057","code":2722,"fclass":"museum","name":"Museo Farmacéutico","categoryId":"CULTURES","subcategoryId":"MUSEE"},"geometry":{"type":"Point","coordinates":[-68.84561,-32.9244]}},{"type":"Feature","properties":{"osm_id":"2322319059","code":2722,"fclass":"museum","name":"Museo de Veterinaria Doctor Eduardo Murthag","categoryId":"CULTURES","subcategoryId":"MUSEE"},"geometry":{"type":"Point","coordinates":[-68.84824,-32.91797]}},{"type":"Feature","properties":{"osm_id":"2335311016","code":2722,"fclass":"museum","name":"Museo Ferroviario","categoryId":"CULTURES","subcategoryId":"MUSEE"},"geometry":{"type":"Point","coordinates":[-58.95536,-34.15616]}},{"type":"Feature","properties":{"osm_id":"2343925733","code":2722,"fclass":"museum","name":"Museo Arqueológico Paleontológico e Histórico","categoryId":"CULTURES","subcategoryId":"MUSEE"},"geometry":{"type":"Point","coordinates":[-64.36059,-30.42065]}},{"type":"Feature","properties":{"osm_id":"2349901125","code":2722,"fclass":"museum","name":"Museo \"Paseo de los recuerdos\"","categoryId":"CULTURES","subcategoryId":"MUSEE"},"geometry":{"type":"Point","coordinates":[-59.44732,-28.23155]}},{"type":"Feature","properties":{"osm_id":"2353048907","code":2722,"fclass":"museum","name":"Museo Histórico de San Luis","categoryId":"CULTURES","subcategoryId":"MUSEE"},"geometry":{"type":"Point","coordinates":[-66.33727,-33.30419]}},{"type":"Feature","properties":{"osm_id":"2353048910","code":2722,"fclass":"museum","name":"Museo Provincial de San Luis","categoryId":"CULTURES","subcategoryId":"MUSEE"},"geometry":{"type":"Point","coordinates":[-66.33371,-33.30501]}},{"type":"Feature","properties":{"osm_id":"2355596240","code":2722,"fclass":"museum","name":"Museo Quirós (Casa de la Cultura)","categoryId":"CULTURES","subcategoryId":"MUSEE"},"geometry":{"type":"Point","coordinates":[-59.31594,-33.14636]}},{"type":"Feature","properties":{"osm_id":"2360916586","code":2722,"fclass":"museum","name":"Estancia Jesuitica Colonia Caroya","categoryId":"CULTURES","subcategoryId":"MUSEE"},"geometry":{"type":"Point","coordinates":[-64.10608,-30.98814]}},{"type":"Feature","properties":{"osm_id":"2371950208","code":2722,"fclass":"museum","name":"Museo Histórico","categoryId":"CULTURES","subcategoryId":"MUSEE"},"geometry":{"type":"Point","coordinates":[-61.95397,-38.09141]}},{"type":"Feature","properties":{"osm_id":"2377499608","code":2722,"fclass":"museum","name":"Museo de Malvinas","categoryId":"CULTURES","subcategoryId":"MUSEE"},"geometry":{"type":"Point","coordinates":[-59.00534,-27.4678]}},{"type":"Feature","properties":{"osm_id":"2379756509","code":2722,"fclass":"museum","name":"Museo Regional \"Alicia González Castrillón\"","categoryId":"CULTURES","subcategoryId":"MUSEE"},"geometry":{"type":"Point","coordinates":[-59.64566,-30.73766]}},{"type":"Feature","properties":{"osm_id":"2380681138","code":2733,"fclass":"archaeological","name":"Mortero Comechingon","categoryId":"CULTURES","subcategoryId":"SITE ARCHEOLOGIQUE"},"geometry":{"type":"Point","coordinates":[-65.08362,-31.34015]}},{"type":"Feature","properties":{"osm_id":"2405155022","code":2722,"fclass":"museum","name":"Museo Municipal Kakel Huincul","categoryId":"CULTURES","subcategoryId":"MUSEE"},"geometry":{"type":"Point","coordinates":[-57.88475,-36.86364]}},{"type":"Feature","properties":{"osm_id":"2411691908","code":2722,"fclass":"museum","name":"Museo Fundación Recrear","categoryId":"CULTURES","subcategoryId":"MUSEE"},"geometry":{"type":"Point","coordinates":[-65.30152,-24.18614]}},{"type":"Feature","properties":{"osm_id":"2421173130","code":2733,"fclass":"archaeological","name":"Valle de La Luna Rojo","categoryId":"CULTURES","subcategoryId":"SITE ARCHEOLOGIQUE"},"geometry":{"type":"Point","coordinates":[-67.69105,-39.11797]}},{"type":"Feature","properties":{"osm_id":"2429409116","code":2722,"fclass":"museum","name":"Museo de la ciudad de Viale","categoryId":"CULTURES","subcategoryId":"MUSEE"},"geometry":{"type":"Point","coordinates":[-60.01066,-31.87371]}},{"type":"Feature","properties":{"osm_id":"2429677770","code":2722,"fclass":"museum","name":"Museo y Archivo Histórico de Rufino","categoryId":"CULTURES","subcategoryId":"MUSEE"},"geometry":{"type":"Point","coordinates":[-62.7135,-34.26332]}},{"type":"Feature","properties":{"osm_id":"2433823965","code":2722,"fclass":"museum","name":"Salon de Exposición \"Malvinas en la memoria\"","categoryId":"CULTURES","subcategoryId":"MUSEE"},"geometry":{"type":"Point","coordinates":[-67.69036,-53.79336]}},{"type":"Feature","properties":{"osm_id":"2433864834","code":2722,"fclass":"museum","name":"Museo Fueguino de Arte","categoryId":"CULTURES","subcategoryId":"MUSEE"},"geometry":{"type":"Point","coordinates":[-67.69708,-53.78289]}},{"type":"Feature","properties":{"osm_id":"2437687494","code":2722,"fclass":"museum","name":"Museo Monseñor Fagnano","categoryId":"CULTURES","subcategoryId":"MUSEE"},"geometry":{"type":"Point","coordinates":[-67.79826,-53.7254]}},{"type":"Feature","properties":{"osm_id":"2451241564","code":2722,"fclass":"museum","name":"Palacio Municipal del Pilar","categoryId":"CULTURES","subcategoryId":"MUSEE"},"geometry":{"type":"Point","coordinates":[-58.91308,-34.45883]}},{"type":"Feature","properties":{"osm_id":"2456806396","code":2733,"fclass":"archaeological","name":null,"categoryId":"CULTURES","subcategoryId":"SITE ARCHEOLOGIQUE"},"geometry":{"type":"Point","coordinates":[-67.4071,-26.60561]}},{"type":"Feature","properties":{"osm_id":"2456806402","code":2733,"fclass":"archaeological","name":null,"categoryId":"CULTURES","subcategoryId":"SITE ARCHEOLOGIQUE"},"geometry":{"type":"Point","coordinates":[-67.79645,-26.75406]}},{"type":"Feature","properties":{"osm_id":"2468902334","code":2722,"fclass":"museum","name":"Museo del Hombre","categoryId":"CULTURES","subcategoryId":"MUSEE"},"geometry":{"type":"Point","coordinates":[-67.40703,-26.05896]}},{"type":"Feature","properties":{"osm_id":"2499968553","code":2722,"fclass":"museum","name":"Museo del Periodismo Bonaerense","categoryId":"CULTURES","subcategoryId":"MUSEE"},"geometry":{"type":"Point","coordinates":[-59.0984,-34.29426]}},{"type":"Feature","properties":{"osm_id":"2503486118","code":2722,"fclass":"museum","name":"Museo Histórico","categoryId":"CULTURES","subcategoryId":"MUSEE"},"geometry":{"type":"Point","coordinates":[-59.27839,-35.00657]}},{"type":"Feature","properties":{"osm_id":"2503486119","code":2722,"fclass":"museum","name":"Museo Municipal de Paleontología y Ciencias Naturales","categoryId":"CULTURES","subcategoryId":"MUSEE"},"geometry":{"type":"Point","coordinates":[-59.27441,-35.00381]}},{"type":"Feature","properties":{"osm_id":"2505313400","code":2722,"fclass":"museum","name":"Casa Museo y Sitio Histórico Luis Geraldi","categoryId":"CULTURES","subcategoryId":"MUSEE"},"geometry":{"type":"Point","coordinates":[-59.01256,-27.42477]}},{"type":"Feature","properties":{"osm_id":"2507561717","code":2722,"fclass":"museum","name":"Museo Folkrórico","categoryId":"CULTURES","subcategoryId":"MUSEE"},"geometry":{"type":"Point","coordinates":[-66.85969,-29.41232]}},{"type":"Feature","properties":{"osm_id":"2507561718","code":2722,"fclass":"museum","name":"Museo Inca Huasi","categoryId":"CULTURES","subcategoryId":"MUSEE"},"geometry":{"type":"Point","coordinates":[-66.85777,-29.41004]}},{"type":"Feature","properties":{"osm_id":"2507561719","code":2722,"fclass":"museum","name":"Museo Sor Leonor de Santa María Ocampo","categoryId":"CULTURES","subcategoryId":"MUSEE"},"geometry":{"type":"Point","coordinates":[-66.85318,-29.4116]}},{"type":"Feature","properties":{"osm_id":"2507561720","code":2722,"fclass":"museum","name":"Museo de Arte Sacro","categoryId":"CULTURES","subcategoryId":"MUSEE"},"geometry":{"type":"Point","coordinates":[-66.85922,-29.41267]}},{"type":"Feature","properties":{"osm_id":"2507561721","code":2722,"fclass":"museum","name":"Museo de Bellas Artes","categoryId":"CULTURES","subcategoryId":"MUSEE"},"geometry":{"type":"Point","coordinates":[-66.85171,-29.41233]}},{"type":"Feature","properties":{"osm_id":"2507561722","code":2722,"fclass":"museum","name":"Museo de la Ciudad","categoryId":"CULTURES","subcategoryId":"MUSEE"},"geometry":{"type":"Point","coordinates":[-66.8517,-29.41185]}},{"type":"Feature","properties":{"osm_id":"2516457080","code":2722,"fclass":"museum","name":"Museo Histórico","categoryId":"CULTURES","subcategoryId":"MUSEE"},"geometry":{"type":"Point","coordinates":[-57.51807,-35.08004]}},{"type":"Feature","properties":{"osm_id":"2517820818","code":2722,"fclass":"museum","name":"Museo Histórico Regional Juan Pablo Duffard","categoryId":"CULTURES","subcategoryId":"MUSEE"},"geometry":{"type":"Point","coordinates":[-58.16475,-26.18246]}},{"type":"Feature","properties":{"osm_id":"2522809048","code":2722,"fclass":"museum","name":"Museo municipal de los alemanes del Volga \"Ariel Chiérico\"","categoryId":"CULTURES","subcategoryId":"MUSEE"},"geometry":{"type":"Point","coordinates":[-60.17839,-36.88143]}},{"type":"Feature","properties":{"osm_id":"2524659152","code":2722,"fclass":"museum","name":"Museo Antropologico","categoryId":"CULTURES","subcategoryId":"MUSEE"},"geometry":{"type":"Point","coordinates":[-65.498,-43.28658]}},{"type":"Feature","properties":{"osm_id":"2524662176","code":2722,"fclass":"museum","name":"Primera Casa de Gaiman","categoryId":"CULTURES","subcategoryId":"MUSEE"},"geometry":{"type":"Point","coordinates":[-65.49968,-43.29078]}},{"type":"Feature","properties":{"osm_id":"2545401485","code":2722,"fclass":"museum","name":"Guardia del Juncal","categoryId":"CULTURES","subcategoryId":"MUSEE"},"geometry":{"type":"Point","coordinates":[-58.6549,-35.22711]}},{"type":"Feature","properties":{"osm_id":"2554246451","code":2722,"fclass":"museum","name":"Museo Municipal Guardia del Monte","categoryId":"CULTURES","subcategoryId":"MUSEE"},"geometry":{"type":"Point","coordinates":[-58.80148,-35.44441]}},{"type":"Feature","properties":{"osm_id":"2557858598","code":2722,"fclass":"museum","name":"Museo Histórico Regional","categoryId":"CULTURES","subcategoryId":"MUSEE"},"geometry":{"type":"Point","coordinates":[-65.49214,-43.28876]}},{"type":"Feature","properties":{"osm_id":"2560386499","code":2722,"fclass":"museum","name":"Casa Museo Rancho Los Estribos","categoryId":"CULTURES","subcategoryId":"MUSEE"},"geometry":{"type":"Point","coordinates":[-58.83252,-34.68519]}},{"type":"Feature","properties":{"osm_id":"2560876773","code":2722,"fclass":"museum","name":"Samay Huasi","categoryId":"CULTURES","subcategoryId":"MUSEE"},"geometry":{"type":"Point","coordinates":[-67.47951,-29.17397]}},{"type":"Feature","properties":{"osm_id":"2563045193","code":2722,"fclass":"museum","name":"Museo de Arte Sacro Amalia Sosa Palacio de Carol","categoryId":"CULTURES","subcategoryId":"MUSEE"},"geometry":{"type":"Point","coordinates":[-59.10071,-34.29547]}},{"type":"Feature","properties":{"osm_id":"2579020296","code":2722,"fclass":"museum","name":"Casa de la Cultura Villa Rosa","categoryId":"CULTURES","subcategoryId":"MUSEE"},"geometry":{"type":"Point","coordinates":[-58.86909,-34.42185]}},{"type":"Feature","properties":{"osm_id":"2583099840","code":2722,"fclass":"museum","name":"Museo Acatushún","categoryId":"CULTURES","subcategoryId":"MUSEE"},"geometry":{"type":"Point","coordinates":[-67.33168,-54.87409]}},{"type":"Feature","properties":{"osm_id":"2588709389","code":2722,"fclass":"museum","name":"Museo del Pilar","categoryId":"CULTURES","subcategoryId":"MUSEE"},"geometry":{"type":"Point","coordinates":[-58.91887,-34.45598]}},{"type":"Feature","properties":{"osm_id":"2588709399","code":2722,"fclass":"museum","name":"Museo Parroquial del Pilar","categoryId":"CULTURES","subcategoryId":"MUSEE"},"geometry":{"type":"Point","coordinates":[-58.9137,-34.45999]}},{"type":"Feature","properties":{"osm_id":"2595625973","code":2722,"fclass":"museum","name":"Museo Histórico General San Martín","categoryId":"CULTURES","subcategoryId":"MUSEE"},"geometry":{"type":"Point","coordinates":[-68.83643,-32.88162]}},{"type":"Feature","properties":{"osm_id":"2596950765","code":2722,"fclass":"museum","name":"Estacion del Este","categoryId":"CULTURES","subcategoryId":"MUSEE"},"geometry":{"type":"Point","coordinates":[-57.63451,-30.2495]}},{"type":"Feature","properties":{"osm_id":"2606882094","code":2722,"fclass":"museum","name":"Museo Georáfico Albert Einstein","categoryId":"CULTURES","subcategoryId":"MUSEE"},"geometry":{"type":"Point","coordinates":[-68.70699,-31.56365]}},{"type":"Feature","properties":{"osm_id":"2611448516","code":2722,"fclass":"museum","name":"Museo Regional Cerrito","categoryId":"CULTURES","subcategoryId":"MUSEE"},"geometry":{"type":"Point","coordinates":[-60.07534,-31.57884]}},{"type":"Feature","properties":{"osm_id":"2614123617","code":2733,"fclass":"archaeological","name":"Huellas de Dinosaurios","categoryId":"CULTURES","subcategoryId":"SITE ARCHEOLOGIQUE"},"geometry":{"type":"Point","coordinates":[-68.82477,-39.27213]}},{"type":"Feature","properties":{"osm_id":"2624171214","code":2722,"fclass":"museum","name":"Museo Perito Moreno","categoryId":"CULTURES","subcategoryId":"MUSEE"},"geometry":{"type":"Point","coordinates":[-71.3095,-41.13325]}},{"type":"Feature","properties":{"osm_id":"2626330853","code":2722,"fclass":"museum","name":"Posta Los Nogales","categoryId":"CULTURES","subcategoryId":"MUSEE"},"geometry":{"type":"Point","coordinates":[-65.0255,-33.16003]}},{"type":"Feature","properties":{"osm_id":"2627098735","code":2722,"fclass":"museum","name":"Museo de Arte Eduardo Minnicelli","categoryId":"CULTURES","subcategoryId":"MUSEE"},"geometry":{"type":"Point","coordinates":[-69.21753,-51.62404]}},{"type":"Feature","properties":{"osm_id":"2635608070","code":2722,"fclass":"museum","name":"Museo Histórico de Guaminí","categoryId":"CULTURES","subcategoryId":"MUSEE"},"geometry":{"type":"Point","coordinates":[-62.42273,-37.00893]}},{"type":"Feature","properties":{"osm_id":"2656571455","code":2722,"fclass":"museum","name":"La Casa de los Abuelos","categoryId":"CULTURES","subcategoryId":"MUSEE"},"geometry":{"type":"Point","coordinates":[-55.05478,-26.92897]}},{"type":"Feature","properties":{"osm_id":"2679067373","code":2722,"fclass":"museum","name":"Museo Cablecarril","categoryId":"CULTURES","subcategoryId":"MUSEE"},"geometry":{"type":"Point","coordinates":[-67.49141,-29.18161]}},{"type":"Feature","properties":{"osm_id":"2684706079","code":2722,"fclass":"museum","name":"Museo de Arte y Diseño","categoryId":"CULTURES","subcategoryId":"MUSEE"},"geometry":{"type":"Point","coordinates":[-55.11008,-27.4859]}},{"type":"Feature","properties":{"osm_id":"2702117440","code":2722,"fclass":"museum","name":"Museo de Interpretación Ferroviaria Base Vagues","categoryId":"CULTURES","subcategoryId":"MUSEE"},"geometry":{"type":"Point","coordinates":[-59.44464,-34.29935]}},{"type":"Feature","properties":{"osm_id":"2711065679","code":2722,"fclass":"museum","name":"[Ex] Casa de la Cultura","categoryId":"CULTURES","subcategoryId":"MUSEE"},"geometry":{"type":"Point","coordinates":[-61.34866,-37.98441]}},{"type":"Feature","properties":{"osm_id":"2720147742","code":2722,"fclass":"museum","name":"Museo Argentino del Títere","categoryId":"CULTURES","subcategoryId":"MUSEE"},"geometry":{"type":"Point","coordinates":[-58.3774,-34.61864]}},{"type":"Feature","properties":{"osm_id":"2725929129","code":2722,"fclass":"museum","name":"Museo Lolma","categoryId":"CULTURES","subcategoryId":"MUSEE"},"geometry":{"type":"Point","coordinates":[-65.0371,-32.31978]}},{"type":"Feature","properties":{"osm_id":"2733530621","code":2722,"fclass":"museum","name":"Museo FariluK","categoryId":"CULTURES","subcategoryId":"MUSEE"},"geometry":{"type":"Point","coordinates":[-55.33118,-27.61233]}},{"type":"Feature","properties":{"osm_id":"2734408325","code":2722,"fclass":"museum","name":"Museo de la Emigración Gallega en la Argentina","categoryId":"CULTURES","subcategoryId":"MUSEE"},"geometry":{"type":"Point","coordinates":[-58.37589,-34.61917]}},{"type":"Feature","properties":{"osm_id":"2757598853","code":2722,"fclass":"museum","name":"Centro de Interpretación Ambiental","categoryId":"CULTURES","subcategoryId":"MUSEE"},"geometry":{"type":"Point","coordinates":[-69.19627,-51.62472]}},{"type":"Feature","properties":{"osm_id":"2773119811","code":2722,"fclass":"museum","name":"Museo 'Amigos del Centenario de Santa Lucía'","categoryId":"CULTURES","subcategoryId":"MUSEE"},"geometry":{"type":"Point","coordinates":[-59.87373,-33.88154]}},{"type":"Feature","properties":{"osm_id":"2773162198","code":2722,"fclass":"museum","name":"Centro de Interpretación de Flora y Fauna","categoryId":"CULTURES","subcategoryId":"MUSEE"},"geometry":{"type":"Point","coordinates":[-59.81048,-33.59711]}},{"type":"Feature","properties":{"osm_id":"2777070176","code":2722,"fclass":"museum","name":"San Ignacio de Loyola","categoryId":"CULTURES","subcategoryId":"MUSEE"},"geometry":{"type":"Point","coordinates":[-55.77794,-27.76756]}},{"type":"Feature","properties":{"osm_id":"2789187403","code":2722,"fclass":"museum","name":"Museo Histórico Municipal La Campana","categoryId":"CULTURES","subcategoryId":"MUSEE"},"geometry":{"type":"Point","coordinates":[-58.49272,-34.81244]}},{"type":"Feature","properties":{"osm_id":"2790452050","code":2722,"fclass":"museum","name":"Museo de Arte de General Alvear","categoryId":"CULTURES","subcategoryId":"MUSEE"},"geometry":{"type":"Point","coordinates":[-67.65402,-35.00039]}},{"type":"Feature","properties":{"osm_id":"2805295655","code":2722,"fclass":"museum","name":"Museo Histórico Municipal Hércules J. Rabagliati","categoryId":"CULTURES","subcategoryId":"MUSEE"},"geometry":{"type":"Point","coordinates":[-60.00285,-33.48476]}},{"type":"Feature","properties":{"osm_id":"2826936577","code":2722,"fclass":"museum","name":"Museo 'Basilio M. Donato'","categoryId":"CULTURES","subcategoryId":"MUSEE"},"geometry":{"type":"Point","coordinates":[-61.56284,-30.94459]}},{"type":"Feature","properties":{"osm_id":"2830289812","code":2722,"fclass":"museum","name":"Museo Provincial de Bellas Artes “Timoteo Navarro”","categoryId":"CULTURES","subcategoryId":"MUSEE"},"geometry":{"type":"Point","coordinates":[-65.20475,-26.83159]}},{"type":"Feature","properties":{"osm_id":"2830289813","code":2722,"fclass":"museum","name":"Museo de Antropología","categoryId":"CULTURES","subcategoryId":"MUSEE"},"geometry":{"type":"Point","coordinates":[-65.20374,-26.82754]}},{"type":"Feature","properties":{"osm_id":"2909244683","code":2722,"fclass":"museum","name":"Museo de Calchaquí","categoryId":"CULTURES","subcategoryId":"MUSEE"},"geometry":{"type":"Point","coordinates":[-60.2882,-29.88427]}},{"type":"Feature","properties":{"osm_id":"2918119344","code":2722,"fclass":"museum","name":"Reserva Arqueológica Los Menhires","categoryId":"CULTURES","subcategoryId":"MUSEE"},"geometry":{"type":"Point","coordinates":[-65.7099,-26.93994]}},{"type":"Feature","properties":{"osm_id":"2933180916","code":2722,"fclass":"museum","name":"Museo Comunal","categoryId":"CULTURES","subcategoryId":"MUSEE"},"geometry":{"type":"Point","coordinates":[-60.36437,-30.22601]}},{"type":"Feature","properties":{"osm_id":"2935585489","code":2722,"fclass":"museum","name":"Cayetano Daneri","categoryId":"CULTURES","subcategoryId":"MUSEE"},"geometry":{"type":"Point","coordinates":[-61.29417,-32.73765]}},{"type":"Feature","properties":{"osm_id":"2946176287","code":2722,"fclass":"museum","name":"Museo Comunal - Punto Digital","categoryId":"CULTURES","subcategoryId":"MUSEE"},"geometry":{"type":"Point","coordinates":[-60.74538,-31.18621]}},{"type":"Feature","properties":{"osm_id":"2971346571","code":2733,"fclass":"archaeological","name":"Cueva de las Manos","categoryId":"CULTURES","subcategoryId":"SITE ARCHEOLOGIQUE"},"geometry":{"type":"Point","coordinates":[-71.77369,-46.72326]}},{"type":"Feature","properties":{"osm_id":"2973669758","code":2722,"fclass":"museum","name":"Museo 'Manuel de Falla'","categoryId":"CULTURES","subcategoryId":"MUSEE"},"geometry":{"type":"Point","coordinates":[-64.44625,-31.65142]}},{"type":"Feature","properties":{"osm_id":"2973669759","code":2722,"fclass":"museum","name":"Museo de Arte Gabriel Dubois","categoryId":"CULTURES","subcategoryId":"MUSEE"},"geometry":{"type":"Point","coordinates":[-64.45089,-31.65176]}},{"type":"Feature","properties":{"osm_id":"2979071194","code":2722,"fclass":"museum","name":"Museo historico y acuario","categoryId":"CULTURES","subcategoryId":"MUSEE"},"geometry":{"type":"Point","coordinates":[-57.90122,-31.00162]}},{"type":"Feature","properties":{"osm_id":"2985130012","code":2722,"fclass":"museum","name":"Casa de la Historia y la Cultura del Bicentenario","categoryId":"CULTURES","subcategoryId":"MUSEE"},"geometry":{"type":"Point","coordinates":[-59.03511,-27.4206]}},{"type":"Feature","properties":{"osm_id":"2987041899","code":2722,"fclass":"museum","name":"Museo Manuel A. Moreira","categoryId":"CULTURES","subcategoryId":"MUSEE"},"geometry":{"type":"Point","coordinates":[-63.38732,-34.12967]}},{"type":"Feature","properties":{"osm_id":"3000062426","code":2722,"fclass":"museum","name":"Casa de Bialet Masse","categoryId":"CULTURES","subcategoryId":"MUSEE"},"geometry":{"type":"Point","coordinates":[-64.46277,-31.30027]}},{"type":"Feature","properties":{"osm_id":"3012895253","code":2722,"fclass":"museum","name":"Museo Spilimbergo","categoryId":"CULTURES","subcategoryId":"MUSEE"},"geometry":{"type":"Point","coordinates":[-64.31523,-31.23147]}},{"type":"Feature","properties":{"osm_id":"3028968770","code":2722,"fclass":"museum","name":"Vagon 'El Guia'","categoryId":"CULTURES","subcategoryId":"MUSEE"},"geometry":{"type":"Point","coordinates":[-62.90098,-37.70159]}},{"type":"Feature","properties":{"osm_id":"3034811522","code":2722,"fclass":"museum","name":"Casa de la Cultura","categoryId":"CULTURES","subcategoryId":"MUSEE"},"geometry":{"type":"Point","coordinates":[-59.04232,-28.508]}},{"type":"Feature","properties":{"osm_id":"3034813524","code":2722,"fclass":"museum","name":"Sociedad Italiana","categoryId":"CULTURES","subcategoryId":"MUSEE"},"geometry":{"type":"Point","coordinates":[-59.04463,-28.50918]}},{"type":"Feature","properties":{"osm_id":"3050653896","code":2733,"fclass":"archaeological","name":"Octavio Lavigne","categoryId":"CULTURES","subcategoryId":"SITE ARCHEOLOGIQUE"},"geometry":{"type":"Point","coordinates":[-62.79307,-37.55457]}},{"type":"Feature","properties":{"osm_id":"3052417160","code":2722,"fclass":"museum","name":"Museo Histórico Regional","categoryId":"CULTURES","subcategoryId":"MUSEE"},"geometry":{"type":"Point","coordinates":[-58.61449,-27.2924]}},{"type":"Feature","properties":{"osm_id":"3058198904","code":2733,"fclass":"archaeological","name":"Inca cueva","categoryId":"CULTURES","subcategoryId":"SITE ARCHEOLOGIQUE"},"geometry":{"type":"Point","coordinates":[-65.4622,-23.0019]}},{"type":"Feature","properties":{"osm_id":"3070463318","code":2722,"fclass":"museum","name":"Azotea Lapalma","categoryId":"CULTURES","subcategoryId":"MUSEE"},"geometry":{"type":"Point","coordinates":[-58.52609,-33.00388]}},{"type":"Feature","properties":{"osm_id":"3105563711","code":2722,"fclass":"museum","name":"Museo de los Pioneros","categoryId":"CULTURES","subcategoryId":"MUSEE"},"geometry":{"type":"Point","coordinates":[-69.22597,-51.61538]}},{"type":"Feature","properties":{"osm_id":"3110468009","code":2722,"fclass":"museum","name":"Espacio Cultural Museo de las Mujeres","categoryId":"CULTURES","subcategoryId":"MUSEE"},"geometry":{"type":"Point","coordinates":[-64.18509,-31.41481]}},{"type":"Feature","properties":{"osm_id":"3131892350","code":2722,"fclass":"museum","name":"Meseo Arqueológico Leopoldo Aban","categoryId":"CULTURES","subcategoryId":"MUSEE"},"geometry":{"type":"Point","coordinates":[-65.69751,-22.72156]}},{"type":"Feature","properties":{"osm_id":"3142931285","code":2722,"fclass":"museum","name":"Museo Soto Avendaño","categoryId":"CULTURES","subcategoryId":"MUSEE"},"geometry":{"type":"Point","coordinates":[-65.39366,-23.57728]}},{"type":"Feature","properties":{"osm_id":"3145462020","code":2722,"fclass":"museum","name":"Museo Arqueológico","categoryId":"CULTURES","subcategoryId":"MUSEE"},"geometry":{"type":"Point","coordinates":[-65.34914,-23.20462]}},{"type":"Feature","properties":{"osm_id":"3167052065","code":2722,"fclass":"museum","name":"Casa Natal Mario Enrique Flores","categoryId":"CULTURES","subcategoryId":"MUSEE"},"geometry":{"type":"Point","coordinates":[-64.12041,-30.39518]}},{"type":"Feature","properties":{"osm_id":"3167109533","code":2722,"fclass":"museum","name":"Museo Regional","categoryId":"CULTURES","subcategoryId":"MUSEE"},"geometry":{"type":"Point","coordinates":[-64.4938,-30.21512]}},{"type":"Feature","properties":{"osm_id":"3202808367","code":2733,"fclass":"archaeological","name":"Parque Histórico Punta Cuevas","categoryId":"CULTURES","subcategoryId":"SITE ARCHEOLOGIQUE"},"geometry":{"type":"Point","coordinates":[-65.00138,-42.78031]}},{"type":"Feature","properties":{"osm_id":"3202808419","code":2722,"fclass":"museum","name":"Museo del Desembarco","categoryId":"CULTURES","subcategoryId":"MUSEE"},"geometry":{"type":"Point","coordinates":[-65.00124,-42.78102]}},{"type":"Feature","properties":{"osm_id":"3208115002","code":2722,"fclass":"museum","name":"Museo Casa Copetti","categoryId":"CULTURES","subcategoryId":"MUSEE"},"geometry":{"type":"Point","coordinates":[-64.04305,-31.02712]}},{"type":"Feature","properties":{"osm_id":"3211703950","code":2722,"fclass":"museum","name":"Aquavida","categoryId":"CULTURES","subcategoryId":"MUSEE"},"geometry":{"type":"Point","coordinates":[-65.04711,-43.32194]}},{"type":"Feature","properties":{"osm_id":"3230363390","code":2722,"fclass":"museum","name":"Museo Don Roberto","categoryId":"CULTURES","subcategoryId":"MUSEE"},"geometry":{"type":"Point","coordinates":[-62.30926,-31.40645]}},{"type":"Feature","properties":{"osm_id":"3238136367","code":2733,"fclass":"archaeological","name":"Ruinas Inca (Tambo de Tambillos, sector I)","categoryId":"CULTURES","subcategoryId":"SITE ARCHEOLOGIQUE"},"geometry":{"type":"Point","coordinates":[-69.39127,-32.38413]}},{"type":"Feature","properties":{"osm_id":"3253799043","code":2722,"fclass":"museum","name":"Museo Parque Provincial Ischigualasto","categoryId":"CULTURES","subcategoryId":"MUSEE"},"geometry":{"type":"Point","coordinates":[-67.84326,-30.16386]}},{"type":"Feature","properties":{"osm_id":"3262476127","code":2722,"fclass":"museum","name":"Museo Municipal Mony Gundín","categoryId":"CULTURES","subcategoryId":"MUSEE"},"geometry":{"type":"Point","coordinates":[-65.76615,-39.30728]}},{"type":"Feature","properties":{"osm_id":"3268707472","code":2722,"fclass":"museum","name":"Sala de Interpretación Paleontológica Florentino Ameghino","categoryId":"CULTURES","subcategoryId":"MUSEE"},"geometry":{"type":"Point","coordinates":[-61.55414,-38.99964]}},{"type":"Feature","properties":{"osm_id":"3269923005","code":2722,"fclass":"museum","name":"Museo Historico","categoryId":"CULTURES","subcategoryId":"MUSEE"},"geometry":{"type":"Point","coordinates":[-64.0193,-33.62859]}},{"type":"Feature","properties":{"osm_id":"3286705693","code":2733,"fclass":"archaeological","name":"Capilla de la Virgen de Loreto","categoryId":"CULTURES","subcategoryId":"SITE ARCHEOLOGIQUE"},"geometry":{"type":"Point","coordinates":[-55.51718,-27.33544]}},{"type":"Feature","properties":{"osm_id":"3286705694","code":2733,"fclass":"archaeological","name":"Iglesia","categoryId":"CULTURES","subcategoryId":"SITE ARCHEOLOGIQUE"},"geometry":{"type":"Point","coordinates":[-55.51762,-27.33304]}},{"type":"Feature","properties":{"osm_id":"3286705695","code":2733,"fclass":"archaeological","name":"Letrinas","categoryId":"CULTURES","subcategoryId":"SITE ARCHEOLOGIQUE"},"geometry":{"type":"Point","coordinates":[-55.51811,-27.33208]}},{"type":"Feature","properties":{"osm_id":"3286705706","code":2733,"fclass":"archaeological","name":"Cementerio","categoryId":"CULTURES","subcategoryId":"SITE ARCHEOLOGIQUE"},"geometry":{"type":"Point","coordinates":[-55.51754,-27.33334]}},{"type":"Feature","properties":{"osm_id":"3286841262","code":2733,"fclass":"archaeological","name":"Iglesia","categoryId":"CULTURES","subcategoryId":"SITE ARCHEOLOGIQUE"},"geometry":{"type":"Point","coordinates":[-55.53185,-27.25498]}},{"type":"Feature","properties":{"osm_id":"3286869796","code":2733,"fclass":"archaeological","name":"Viviendas","categoryId":"CULTURES","subcategoryId":"SITE ARCHEOLOGIQUE"},"geometry":{"type":"Point","coordinates":[-55.53176,-27.25352]}},{"type":"Feature","properties":{"osm_id":"3286869797","code":2733,"fclass":"archaeological","name":"Reloj de Sol","categoryId":"CULTURES","subcategoryId":"SITE ARCHEOLOGIQUE"},"geometry":{"type":"Point","coordinates":[-55.53178,-27.25383]}},{"type":"Feature","properties":{"osm_id":"3286869798","code":2733,"fclass":"archaeological","name":"Cementerio","categoryId":"CULTURES","subcategoryId":"SITE ARCHEOLOGIQUE"},"geometry":{"type":"Point","coordinates":[-55.53213,-27.25508]}},{"type":"Feature","properties":{"osm_id":"3286869799","code":2733,"fclass":"archaeological","name":"Colegio","categoryId":"CULTURES","subcategoryId":"SITE ARCHEOLOGIQUE"},"geometry":{"type":"Point","coordinates":[-55.53137,-27.25559]}},{"type":"Feature","properties":{"osm_id":"3286869800","code":2733,"fclass":"archaeological","name":"Residencia","categoryId":"CULTURES","subcategoryId":"SITE ARCHEOLOGIQUE"},"geometry":{"type":"Point","coordinates":[-55.53059,-27.25568]}},{"type":"Feature","properties":{"osm_id":"3286869801","code":2733,"fclass":"archaeological","name":"Patio del Colegio","categoryId":"CULTURES","subcategoryId":"SITE ARCHEOLOGIQUE"},"geometry":{"type":"Point","coordinates":[-55.53141,-27.25527]}},{"type":"Feature","properties":{"osm_id":"3286869802","code":2733,"fclass":"archaeological","name":"Talleres","categoryId":"CULTURES","subcategoryId":"SITE ARCHEOLOGIQUE"},"geometry":{"type":"Point","coordinates":[-55.53057,-27.2554]}},{"type":"Feature","properties":{"osm_id":"3286869803","code":2733,"fclass":"archaeological","name":"Huerta","categoryId":"CULTURES","subcategoryId":"SITE ARCHEOLOGIQUE"},"geometry":{"type":"Point","coordinates":[-55.5316,-27.25575]}},{"type":"Feature","properties":{"osm_id":"3286869804","code":2733,"fclass":"archaeological","name":"Carcel","categoryId":"CULTURES","subcategoryId":"SITE ARCHEOLOGIQUE"},"geometry":{"type":"Point","coordinates":[-55.52998,-27.25466]}},{"type":"Feature","properties":{"osm_id":"3286869805","code":2733,"fclass":"archaeological","name":"Tambo","categoryId":"CULTURES","subcategoryId":"SITE ARCHEOLOGIQUE"},"geometry":{"type":"Point","coordinates":[-55.53015,-27.25342]}},{"type":"Feature","properties":{"osm_id":"3286888119","code":2733,"fclass":"archaeological","name":"Capilla","categoryId":"CULTURES","subcategoryId":"SITE ARCHEOLOGIQUE"},"geometry":{"type":"Point","coordinates":[-55.53173,-27.25372]}},{"type":"Feature","properties":{"osm_id":"3286903157","code":2733,"fclass":"archaeological","name":"Tumba p. Antonio Ruiz de Montoya","categoryId":"CULTURES","subcategoryId":"SITE ARCHEOLOGIQUE"},"geometry":{"type":"Point","coordinates":[-55.51758,-27.3332]}},{"type":"Feature","properties":{"osm_id":"3295384561","code":2733,"fclass":"archaeological","name":"Huerta","categoryId":"CULTURES","subcategoryId":"SITE ARCHEOLOGIQUE"},"geometry":{"type":"Point","coordinates":[-55.34467,-27.88908]}},{"type":"Feature","properties":{"osm_id":"3295384562","code":2733,"fclass":"archaeological","name":"Viviendas","categoryId":"CULTURES","subcategoryId":"SITE ARCHEOLOGIQUE"},"geometry":{"type":"Point","coordinates":[-55.34434,-27.88822]}},{"type":"Feature","properties":{"osm_id":"3295384563","code":2733,"fclass":"archaeological","name":"Talleres","categoryId":"CULTURES","subcategoryId":"SITE ARCHEOLOGIQUE"},"geometry":{"type":"Point","coordinates":[-55.34361,-27.88785]}},{"type":"Feature","properties":{"osm_id":"3295384564","code":2733,"fclass":"archaeological","name":"Colegio","categoryId":"CULTURES","subcategoryId":"SITE ARCHEOLOGIQUE"},"geometry":{"type":"Point","coordinates":[-55.34451,-27.88797]}},{"type":"Feature","properties":{"osm_id":"3295384565","code":2733,"fclass":"archaeological","name":"Viviendas","categoryId":"CULTURES","subcategoryId":"SITE ARCHEOLOGIQUE"},"geometry":{"type":"Point","coordinates":[-55.34566,-27.88807]}},{"type":"Feature","properties":{"osm_id":"3295384566","code":2733,"fclass":"archaeological","name":"Templo Original","categoryId":"CULTURES","subcategoryId":"SITE ARCHEOLOGIQUE"},"geometry":{"type":"Point","coordinates":[-55.34574,-27.88781]}},{"type":"Feature","properties":{"osm_id":"3295384567","code":2733,"fclass":"archaeological","name":"Patio de la Residencia","categoryId":"CULTURES","subcategoryId":"SITE ARCHEOLOGIQUE"},"geometry":{"type":"Point","coordinates":[-55.34486,-27.88785]}},{"type":"Feature","properties":{"osm_id":"3295384568","code":2733,"fclass":"archaeological","name":"Iglesia","categoryId":"CULTURES","subcategoryId":"SITE ARCHEOLOGIQUE"},"geometry":{"type":"Point","coordinates":[-55.34386,-27.88761]}},{"type":"Feature","properties":{"osm_id":"3295384569","code":2733,"fclass":"archaeological","name":"Viviendas","categoryId":"CULTURES","subcategoryId":"SITE ARCHEOLOGIQUE"},"geometry":{"type":"Point","coordinates":[-55.3458,-27.88737]}},{"type":"Feature","properties":{"osm_id":"3295384570","code":2733,"fclass":"archaeological","name":"Viviendas","categoryId":"CULTURES","subcategoryId":"SITE ARCHEOLOGIQUE"},"geometry":{"type":"Point","coordinates":[-55.34571,-27.88716]}},{"type":"Feature","properties":{"osm_id":"3295386784","code":2733,"fclass":"archaeological","name":"Cementerio","categoryId":"CULTURES","subcategoryId":"SITE ARCHEOLOGIQUE"},"geometry":{"type":"Point","coordinates":[-55.34367,-27.88738]}},{"type":"Feature","properties":{"osm_id":"3295396975","code":2733,"fclass":"archaeological","name":"Patio de los Talleres","categoryId":"CULTURES","subcategoryId":"SITE ARCHEOLOGIQUE"},"geometry":{"type":"Point","coordinates":[-55.3436,-27.88802]}},{"type":"Feature","properties":{"osm_id":"3314315715","code":2722,"fclass":"museum","name":"Museo Iriarte","categoryId":"CULTURES","subcategoryId":"MUSEE"},"geometry":{"type":"Point","coordinates":[-61.92241,-34.42433]}},{"type":"Feature","properties":{"osm_id":"3317921864","code":2722,"fclass":"museum","name":"Antiguo Penal","categoryId":"CULTURES","subcategoryId":"MUSEE"},"geometry":{"type":"Point","coordinates":[-58.25375,-34.18733]}},{"type":"Feature","properties":{"osm_id":"3317924160","code":2722,"fclass":"museum","name":"Casa de Rubén Dario","categoryId":"CULTURES","subcategoryId":"MUSEE"},"geometry":{"type":"Point","coordinates":[-58.25236,-34.18766]}},{"type":"Feature","properties":{"osm_id":"3328512467","code":2722,"fclass":"museum","name":"Museo Piedra Cruz Sur","categoryId":"CULTURES","subcategoryId":"MUSEE"},"geometry":{"type":"Point","coordinates":[-65.00684,-31.72259]}},{"type":"Feature","properties":{"osm_id":"3330275910","code":2722,"fclass":"museum","name":"Museo del Arte y la Memoria","categoryId":"CULTURES","subcategoryId":"MUSEE"},"geometry":{"type":"Point","coordinates":[-57.95043,-34.91759]}},{"type":"Feature","properties":{"osm_id":"3337678595","code":2722,"fclass":"museum","name":"Glaciarium","categoryId":"CULTURES","subcategoryId":"MUSEE"},"geometry":{"type":"Point","coordinates":[-72.33983,-50.3366]}},{"type":"Feature","properties":{"osm_id":"3344425749","code":2722,"fclass":"museum","name":"Museo Jesuítico","categoryId":"CULTURES","subcategoryId":"MUSEE"},"geometry":{"type":"Point","coordinates":[-65.71722,-26.85966]}},{"type":"Feature","properties":{"osm_id":"3348794094","code":2722,"fclass":"museum","name":"Museo Histórico Municipal","categoryId":"CULTURES","subcategoryId":"MUSEE"},"geometry":{"type":"Point","coordinates":[-61.49058,-31.25311]}},{"type":"Feature","properties":{"osm_id":"3352661533","code":2722,"fclass":"museum","name":"Museo Municipal Raíces","categoryId":"CULTURES","subcategoryId":"MUSEE"},"geometry":{"type":"Point","coordinates":[-55.02419,-26.8054]}},{"type":"Feature","properties":{"osm_id":"3358747684","code":2733,"fclass":"archaeological","name":"Sitio arqueológico de La Arboleda","categoryId":"CULTURES","subcategoryId":"SITE ARCHEOLOGIQUE"},"geometry":{"type":"Point","coordinates":[-69.11119,-33.37426]}},{"type":"Feature","properties":{"osm_id":"3359685213","code":2733,"fclass":"archaeological","name":"Sitio arqueológico Alto Anchayuyo","categoryId":"CULTURES","subcategoryId":"SITE ARCHEOLOGIQUE"},"geometry":{"type":"Point","coordinates":[-69.10558,-33.37434]}},{"type":"Feature","properties":{"osm_id":"3361872387","code":2722,"fclass":"museum","name":"Museo de la Ciudad Carlos Anadon","categoryId":"CULTURES","subcategoryId":"MUSEE"},"geometry":{"type":"Point","coordinates":[-60.15486,-32.62017]}},{"type":"Feature","properties":{"osm_id":"3371227619","code":2722,"fclass":"museum","name":"Estancia \"Santa Romana\"","categoryId":"CULTURES","subcategoryId":"MUSEE"},"geometry":{"type":"Point","coordinates":[-65.24302,-33.77906]}},{"type":"Feature","properties":{"osm_id":"3373286987","code":2722,"fclass":"museum","name":"Museo de la Educación","categoryId":"CULTURES","subcategoryId":"MUSEE"},"geometry":{"type":"Point","coordinates":[-60.53307,-31.72291]}},{"type":"Feature","properties":{"osm_id":"3378941525","code":2722,"fclass":"museum","name":"Museo Del Artesano","categoryId":"CULTURES","subcategoryId":"MUSEE"},"geometry":{"type":"Point","coordinates":[-64.4635,-31.23869]}},{"type":"Feature","properties":{"osm_id":"3379605897","code":2722,"fclass":"museum","name":"Casa de Manuel Mujica Laínez","categoryId":"CULTURES","subcategoryId":"MUSEE"},"geometry":{"type":"Point","coordinates":[-64.48283,-30.96281]}},{"type":"Feature","properties":{"osm_id":"3379605899","code":2722,"fclass":"museum","name":"Museo de Motos Y Bicicletas","categoryId":"CULTURES","subcategoryId":"MUSEE"},"geometry":{"type":"Point","coordinates":[-64.49329,-30.94923]}},{"type":"Feature","properties":{"osm_id":"3380580133","code":2722,"fclass":"museum","name":"Museo Hippie","categoryId":"CULTURES","subcategoryId":"MUSEE"},"geometry":{"type":"Point","coordinates":[-64.64288,-30.7727]}},{"type":"Feature","properties":{"osm_id":"3384278714","code":2722,"fclass":"museum","name":"Museo Municipal Capitán Juan de Zevallos","categoryId":"CULTURES","subcategoryId":"MUSEE"},"geometry":{"type":"Point","coordinates":[-64.48546,-31.11661]}},{"type":"Feature","properties":{"osm_id":"3417311440","code":2722,"fclass":"museum","name":"Museo del Mate","categoryId":"CULTURES","subcategoryId":"MUSEE"},"geometry":{"type":"Point","coordinates":[-61.79978,-38.12885]}},{"type":"Feature","properties":{"osm_id":"3419819742","code":2722,"fclass":"museum","name":"Museo Octavio Pinto","categoryId":"CULTURES","subcategoryId":"MUSEE"},"geometry":{"type":"Point","coordinates":[-64.06894,-30.70439]}},{"type":"Feature","properties":{"osm_id":"3444725428","code":2722,"fclass":"museum","name":"Museo Casa sobre el Arroyo","categoryId":"CULTURES","subcategoryId":"MUSEE"},"geometry":{"type":"Point","coordinates":[-57.57371,-38.00873]}},{"type":"Feature","properties":{"osm_id":"3453167004","code":2722,"fclass":"museum","name":"Arte Hobby","categoryId":"CULTURES","subcategoryId":"MUSEE"},"geometry":{"type":"Point","coordinates":[-55.02302,-26.81647]}},{"type":"Feature","properties":{"osm_id":"3471330379","code":2733,"fclass":"archaeological","name":null,"categoryId":"CULTURES","subcategoryId":"SITE ARCHEOLOGIQUE"},"geometry":{"type":"Point","coordinates":[-64.4786,-31.34099]}},{"type":"Feature","properties":{"osm_id":"3479190759","code":2733,"fclass":"archaeological","name":"Excavación en la calle","categoryId":"CULTURES","subcategoryId":"SITE ARCHEOLOGIQUE"},"geometry":{"type":"Point","coordinates":[-59.92865,-30.58199]}},{"type":"Feature","properties":{"osm_id":"3497294736","code":2722,"fclass":"museum","name":"Museo Provincial de Bellas Artes Emilio Pettoruti","categoryId":"CULTURES","subcategoryId":"MUSEE"},"geometry":{"type":"Point","coordinates":[-57.94756,-34.91379]}},{"type":"Feature","properties":{"osm_id":"3520950445","code":2722,"fclass":"museum","name":"Fuerte \"General Lavalle\"","categoryId":"CULTURES","subcategoryId":"MUSEE"},"geometry":{"type":"Point","coordinates":[-61.87963,-34.76524]}},{"type":"Feature","properties":{"osm_id":"3531142443","code":2722,"fclass":"museum","name":"Museo Luis Benedetti","categoryId":"CULTURES","subcategoryId":"MUSEE"},"geometry":{"type":"Point","coordinates":[-69.17713,-30.05323]}},{"type":"Feature","properties":{"osm_id":"3560001938","code":2733,"fclass":"archaeological","name":"Piedra fundacional \"Itapúa\"","categoryId":"CULTURES","subcategoryId":"SITE ARCHEOLOGIQUE"},"geometry":{"type":"Point","coordinates":[-55.8878,-27.36097]}},{"type":"Feature","properties":{"osm_id":"3580647604","code":2722,"fclass":"museum","name":"Museo de Campo Santo","categoryId":"CULTURES","subcategoryId":"MUSEE"},"geometry":{"type":"Point","coordinates":[-65.10548,-24.68287]}},{"type":"Feature","properties":{"osm_id":"3591107415","code":2722,"fclass":"museum","name":"Museo Histórico Regional 'Dr. Dalmacio Velez Sarsfield'","categoryId":"CULTURES","subcategoryId":"MUSEE"},"geometry":{"type":"Point","coordinates":[-64.57386,-32.17452]}},{"type":"Feature","properties":{"osm_id":"3591164987","code":2722,"fclass":"museum","name":"Museo Casa del Pueblo","categoryId":"CULTURES","subcategoryId":"MUSEE"},"geometry":{"type":"Point","coordinates":[-61.84455,-33.39909]}},{"type":"Feature","properties":{"osm_id":"3591462736","code":2722,"fclass":"museum","name":"Museo Arqueológico Eric Boman","categoryId":"CULTURES","subcategoryId":"MUSEE"},"geometry":{"type":"Point","coordinates":[-66.04762,-26.69539]}},{"type":"Feature","properties":{"osm_id":"3594535312","code":2722,"fclass":"museum","name":"Archivo y Museo Gráfico.","categoryId":"CULTURES","subcategoryId":"MUSEE"},"geometry":{"type":"Point","coordinates":[-62.11078,-31.42283]}},{"type":"Feature","properties":{"osm_id":"3605707157","code":2733,"fclass":"archaeological","name":"Morteros aborigenes","categoryId":"CULTURES","subcategoryId":"SITE ARCHEOLOGIQUE"},"geometry":{"type":"Point","coordinates":[-67.41266,-29.85925]}},{"type":"Feature","properties":{"osm_id":"3620545577","code":2722,"fclass":"museum","name":"Solar de la Casa de San Martín","categoryId":"CULTURES","subcategoryId":"MUSEE"},"geometry":{"type":"Point","coordinates":[-68.83183,-32.88265]}},{"type":"Feature","properties":{"osm_id":"3631904963","code":2733,"fclass":"archaeological","name":"Petroglifos Laguna Colorada","categoryId":"CULTURES","subcategoryId":"SITE ARCHEOLOGIQUE"},"geometry":{"type":"Point","coordinates":[-65.51749,-22.18185]}},{"type":"Feature","properties":{"osm_id":"3631904964","code":2733,"fclass":"archaeological","name":"Petroglifos Laguna Colorada","categoryId":"CULTURES","subcategoryId":"SITE ARCHEOLOGIQUE"},"geometry":{"type":"Point","coordinates":[-65.51713,-22.18197]}},{"type":"Feature","properties":{"osm_id":"3631904965","code":2733,"fclass":"archaeological","name":"Petroglifos Laguna Colorada","categoryId":"CULTURES","subcategoryId":"SITE ARCHEOLOGIQUE"},"geometry":{"type":"Point","coordinates":[-65.51836,-22.18333]}},{"type":"Feature","properties":{"osm_id":"3634890435","code":2722,"fclass":"museum","name":"Centro Histórico Cultural Sanmartiniano","categoryId":"CULTURES","subcategoryId":"MUSEE"},"geometry":{"type":"Point","coordinates":[-68.52646,-31.53543]}},{"type":"Feature","properties":{"osm_id":"3641685691","code":2722,"fclass":"museum","name":"Museo Profesor Miguel Ángel Fernández","categoryId":"CULTURES","subcategoryId":"MUSEE"},"geometry":{"type":"Point","coordinates":[-58.44013,-34.57183]}},{"type":"Feature","properties":{"osm_id":"3643587358","code":2722,"fclass":"museum","name":"Museo Gardeliano Lisandro Segovia","categoryId":"CULTURES","subcategoryId":"MUSEE"},"geometry":{"type":"Point","coordinates":[-62.99197,-40.8106]}},{"type":"Feature","properties":{"osm_id":"3647758212","code":2722,"fclass":"museum","name":"Museo Regional Carcarañá","categoryId":"CULTURES","subcategoryId":"MUSEE"},"geometry":{"type":"Point","coordinates":[-61.15076,-32.85957]}},{"type":"Feature","properties":{"osm_id":"3690067263","code":2722,"fclass":"museum","name":"Museo de Ciencias Naturales e Historia Antonio Ruiz de Montoya","categoryId":"CULTURES","subcategoryId":"MUSEE"},"geometry":{"type":"Point","coordinates":[-55.88512,-27.36931]}},{"type":"Feature","properties":{"osm_id":"3715271325","code":2722,"fclass":"museum","name":"Museo del Bandoneón Mariani","categoryId":"CULTURES","subcategoryId":"MUSEE"},"geometry":{"type":"Point","coordinates":[-58.83183,-34.64053]}},{"type":"Feature","properties":{"osm_id":"3727884778","code":2722,"fclass":"museum","name":"Museo Històrico Regional de la Colonia de San José","categoryId":"CULTURES","subcategoryId":"MUSEE"},"geometry":{"type":"Point","coordinates":[-58.22014,-32.21256]}},{"type":"Feature","properties":{"osm_id":"3735299552","code":2722,"fclass":"museum","name":"Museo","categoryId":"CULTURES","subcategoryId":"MUSEE"},"geometry":{"type":"Point","coordinates":[-62.97946,-35.48637]}},{"type":"Feature","properties":{"osm_id":"3738001697","code":2722,"fclass":"museum","name":"Julio Pagano","categoryId":"CULTURES","subcategoryId":"MUSEE"},"geometry":{"type":"Point","coordinates":[-59.64513,-29.14413]}},{"type":"Feature","properties":{"osm_id":"3738375017","code":2722,"fclass":"museum","name":"Museo Rivolta","categoryId":"CULTURES","subcategoryId":"MUSEE"},"geometry":{"type":"Point","coordinates":[-64.31834,-31.22713]}},{"type":"Feature","properties":{"osm_id":"3743595125","code":2722,"fclass":"museum","name":"Raúl Malatesta","categoryId":"CULTURES","subcategoryId":"MUSEE"},"geometry":{"type":"Point","coordinates":[-60.6214,-33.02317]}},{"type":"Feature","properties":{"osm_id":"3744779625","code":2722,"fclass":"museum","name":"Museo Comunal - Asociación Española","categoryId":"CULTURES","subcategoryId":"MUSEE"},"geometry":{"type":"Point","coordinates":[-61.12517,-33.54181]}},{"type":"Feature","properties":{"osm_id":"3745540565","code":2722,"fclass":"museum","name":"Museo de Ciencias Naturales","categoryId":"CULTURES","subcategoryId":"MUSEE"},"geometry":{"type":"Point","coordinates":[-57.93546,-34.90899]}},{"type":"Feature","properties":{"osm_id":"3749935871","code":2722,"fclass":"museum","name":"Casa Natal del Cura Brochero","categoryId":"CULTURES","subcategoryId":"MUSEE"},"geometry":{"type":"Point","coordinates":[-63.39799,-31.15575]}},{"type":"Feature","properties":{"osm_id":"3814381153","code":2722,"fclass":"museum","name":"Museo Histórico 'Rosa Giussani de Piva'","categoryId":"CULTURES","subcategoryId":"MUSEE"},"geometry":{"type":"Point","coordinates":[-60.59186,-30.78883]}},{"type":"Feature","properties":{"osm_id":"3818040880","code":2722,"fclass":"museum","name":"Museo Histórico Altube","categoryId":"CULTURES","subcategoryId":"MUSEE"},"geometry":{"type":"Point","coordinates":[-58.75026,-34.52214]}},{"type":"Feature","properties":{"osm_id":"3822840528","code":2722,"fclass":"museum","name":"Museo Histórico Esquel","categoryId":"CULTURES","subcategoryId":"MUSEE"},"geometry":{"type":"Point","coordinates":[-71.32304,-42.91729]}},{"type":"Feature","properties":{"osm_id":"3824544930","code":2722,"fclass":"museum","name":"Museo de la Ciudad","categoryId":"CULTURES","subcategoryId":"MUSEE"},"geometry":{"type":"Point","coordinates":[-61.15163,-32.85795]}},{"type":"Feature","properties":{"osm_id":"3825610282","code":2722,"fclass":"museum","name":"Monumento Histórico Nacional","categoryId":"CULTURES","subcategoryId":"MUSEE"},"geometry":{"type":"Point","coordinates":[-61.14174,-31.60944]}},{"type":"Feature","properties":{"osm_id":"3855861996","code":2722,"fclass":"museum","name":"Museo Casa de Los Oribe","categoryId":"CULTURES","subcategoryId":"MUSEE"},"geometry":{"type":"Point","coordinates":[-64.99417,-33.1709]}},{"type":"Feature","properties":{"osm_id":"3856428169","code":2722,"fclass":"museum","name":"Museo Municipal Marull","categoryId":"CULTURES","subcategoryId":"MUSEE"},"geometry":{"type":"Point","coordinates":[-62.82315,-30.99306]}},{"type":"Feature","properties":{"osm_id":"3863406958","code":2722,"fclass":"museum","name":"Museo Histórico - Centenario","categoryId":"CULTURES","subcategoryId":"MUSEE"},"geometry":{"type":"Point","coordinates":[-61.59906,-32.05522]}},{"type":"Feature","properties":{"osm_id":"3879131345","code":2722,"fclass":"museum","name":"Museo de Historia Regional","categoryId":"CULTURES","subcategoryId":"MUSEE"},"geometry":{"type":"Point","coordinates":[-58.56309,-34.88998]}},{"type":"Feature","properties":{"osm_id":"3884715176","code":2733,"fclass":"archaeological","name":"Ruinas Jesuíticas de Nuestra Señora de Loreto","categoryId":"CULTURES","subcategoryId":"SITE ARCHEOLOGIQUE"},"geometry":{"type":"Point","coordinates":[-55.51732,-27.33298]}},{"type":"Feature","properties":{"osm_id":"3884715177","code":2733,"fclass":"archaeological","name":"Ruinas Jesuíticas de San Ignacio Miní","categoryId":"CULTURES","subcategoryId":"SITE ARCHEOLOGIQUE"},"geometry":{"type":"Point","coordinates":[-55.53181,-27.25458]}},{"type":"Feature","properties":{"osm_id":"3884715178","code":2733,"fclass":"archaeological","name":"Misión Jesuítica de Santa Ana","categoryId":"CULTURES","subcategoryId":"SITE ARCHEOLOGIQUE"},"geometry":{"type":"Point","coordinates":[-55.58074,-27.3906]}},{"type":"Feature","properties":{"osm_id":"3884780385","code":2733,"fclass":"archaeological","name":"Ruinas Jesuíticas de Nuestra Señora de los Tres Reyes de Yapeyú","categoryId":"CULTURES","subcategoryId":"SITE ARCHEOLOGIQUE"},"geometry":{"type":"Point","coordinates":[-56.8173,-29.47111]}},{"type":"Feature","properties":{"osm_id":"3884780387","code":2733,"fclass":"archaeological","name":"Ruinas Jesuíticas de San Francisco Javier","categoryId":"CULTURES","subcategoryId":"SITE ARCHEOLOGIQUE"},"geometry":{"type":"Point","coordinates":[-55.14323,-27.86659]}},{"type":"Feature","properties":{"osm_id":"3885096847","code":2733,"fclass":"archaeological","name":"Ruinas Jesuíticas de Santo Tomé","categoryId":"CULTURES","subcategoryId":"SITE ARCHEOLOGIQUE"},"geometry":{"type":"Point","coordinates":[-56.03507,-28.55012]}},{"type":"Feature","properties":{"osm_id":"3885156865","code":2733,"fclass":"archaeological","name":"Ruinas Jesuíticas de los Santos Apóstoles San Pedro y San Pablo","categoryId":"CULTURES","subcategoryId":"SITE ARCHEOLOGIQUE"},"geometry":{"type":"Point","coordinates":[-55.7507,-27.91028]}},{"type":"Feature","properties":{"osm_id":"3885156866","code":2733,"fclass":"archaeological","name":"Ruinas Jesuíticas de Nuestra Señora de la Inmaculada Concepción del Ibitiracuá","categoryId":"CULTURES","subcategoryId":"SITE ARCHEOLOGIQUE"},"geometry":{"type":"Point","coordinates":[-55.52033,-27.98061]}},{"type":"Feature","properties":{"osm_id":"3885156867","code":2733,"fclass":"archaeological","name":"Ruinas Jesuíticas de San José","categoryId":"CULTURES","subcategoryId":"SITE ARCHEOLOGIQUE"},"geometry":{"type":"Point","coordinates":[-55.77957,-27.77032]}},{"type":"Feature","properties":{"osm_id":"3885156868","code":2733,"fclass":"archaeological","name":"Ruinas Jesuíticas de los Santos Mártires del Japón","categoryId":"CULTURES","subcategoryId":"SITE ARCHEOLOGIQUE"},"geometry":{"type":"Point","coordinates":[-55.37867,-27.42276]}},{"type":"Feature","properties":{"osm_id":"3885370857","code":2733,"fclass":"archaeological","name":"Ruinas Jesuíticas de San Carlos","categoryId":"CULTURES","subcategoryId":"SITE ARCHEOLOGIQUE"},"geometry":{"type":"Point","coordinates":[-55.89986,-27.74368]}},{"type":"Feature","properties":{"osm_id":"3885370858","code":2733,"fclass":"archaeological","name":"Ruinas Jesuíticas de Corpus Christi","categoryId":"CULTURES","subcategoryId":"SITE ARCHEOLOGIQUE"},"geometry":{"type":"Point","coordinates":[-55.4985,-27.1263]}},{"type":"Feature","properties":{"osm_id":"3885370860","code":2733,"fclass":"archaeological","name":"Ruinas Jesuíticas de Nuestra Señora de la Candelaria","categoryId":"CULTURES","subcategoryId":"SITE ARCHEOLOGIQUE"},"geometry":{"type":"Point","coordinates":[-55.75497,-27.45384]}},{"type":"Feature","properties":{"osm_id":"3885415659","code":2733,"fclass":"archaeological","name":"Ruinas Jesuíticas de la Asunción de la Cruz de Mbororé","categoryId":"CULTURES","subcategoryId":"SITE ARCHEOLOGIQUE"},"geometry":{"type":"Point","coordinates":[-56.63825,-29.17846]}},{"type":"Feature","properties":{"osm_id":"3925465413","code":2722,"fclass":"museum","name":"Casa Natal de Domingo Faustino Sarmiento","categoryId":"CULTURES","subcategoryId":"MUSEE"},"geometry":{"type":"Point","coordinates":[-68.52886,-31.53479]}},{"type":"Feature","properties":{"osm_id":"3950224644","code":2722,"fclass":"museum","name":"Museo Casa Natal de Eva Perón","categoryId":"CULTURES","subcategoryId":"MUSEE"},"geometry":{"type":"Point","coordinates":[-61.03777,-34.99773]}},{"type":"Feature","properties":{"osm_id":"3950224645","code":2722,"fclass":"museum","name":"Museo de Arte e Historia","categoryId":"CULTURES","subcategoryId":"MUSEE"},"geometry":{"type":"Point","coordinates":[-61.03749,-34.99925]}},{"type":"Feature","properties":{"osm_id":"3969501341","code":2722,"fclass":"museum","name":"El Rincón de Risatti","categoryId":"CULTURES","subcategoryId":"MUSEE"},"geometry":{"type":"Point","coordinates":[-63.3874,-34.12403]}},{"type":"Feature","properties":{"osm_id":"3992426115","code":2722,"fclass":"museum","name":"Estación de ferrocarril","categoryId":"CULTURES","subcategoryId":"MUSEE"},"geometry":{"type":"Point","coordinates":[-61.90287,-32.26568]}},{"type":"Feature","properties":{"osm_id":"3995791238","code":2722,"fclass":"museum","name":"Museo Histórico y Archivo de Arrecifes","categoryId":"CULTURES","subcategoryId":"MUSEE"},"geometry":{"type":"Point","coordinates":[-60.10797,-34.06477]}},{"type":"Feature","properties":{"osm_id":"4002995831","code":2722,"fclass":"museum","name":"Museo de Instrumentos Musicales Dr. Emilio Azzarini","categoryId":"CULTURES","subcategoryId":"MUSEE"},"geometry":{"type":"Point","coordinates":[-57.95367,-34.91135]}},{"type":"Feature","properties":{"osm_id":"4034041174","code":2722,"fclass":"museum","name":"Museo Vehiculos de Epoca","categoryId":"CULTURES","subcategoryId":"MUSEE"},"geometry":{"type":"Point","coordinates":[-59.12919,-37.33104]}},{"type":"Feature","properties":{"osm_id":"4057298704","code":2722,"fclass":"museum","name":"Casa de las botellas","categoryId":"CULTURES","subcategoryId":"MUSEE"},"geometry":{"type":"Point","coordinates":[-54.55412,-25.62461]}},{"type":"Feature","properties":{"osm_id":"4058379328","code":2722,"fclass":"museum","name":"Museo Histórico de Angaco","categoryId":"CULTURES","subcategoryId":"MUSEE"},"geometry":{"type":"Point","coordinates":[-68.38509,-31.40705]}},{"type":"Feature","properties":{"osm_id":"4063427562","code":2733,"fclass":"archaeological","name":"Cerro de los Indios","categoryId":"CULTURES","subcategoryId":"SITE ARCHEOLOGIQUE"},"geometry":{"type":"Point","coordinates":[-71.71842,-47.59634]}},{"type":"Feature","properties":{"osm_id":"4079321498","code":2722,"fclass":"museum","name":"Molino Nant Fach","categoryId":"CULTURES","subcategoryId":"MUSEE"},"geometry":{"type":"Point","coordinates":[-71.56349,-43.20292]}},{"type":"Feature","properties":{"osm_id":"4093323591","code":2722,"fclass":"museum","name":"Museo Imágenes de la selva","categoryId":"CULTURES","subcategoryId":"MUSEE"},"geometry":{"type":"Point","coordinates":[-54.54787,-25.62536]}},{"type":"Feature","properties":{"osm_id":"4093445007","code":2722,"fclass":"museum","name":"Museo Histórico","categoryId":"CULTURES","subcategoryId":"MUSEE"},"geometry":{"type":"Point","coordinates":[-61.45913,-33.66422]}},{"type":"Feature","properties":{"osm_id":"4095834597","code":2722,"fclass":"museum","name":"Museo Municipal","categoryId":"CULTURES","subcategoryId":"MUSEE"},"geometry":{"type":"Point","coordinates":[-64.59594,-33.62227]}},{"type":"Feature","properties":{"osm_id":"4095957377","code":2722,"fclass":"museum","name":"Centro Cultural Haroldo Conti","categoryId":"CULTURES","subcategoryId":"MUSEE"},"geometry":{"type":"Point","coordinates":[-58.57523,-34.4053]}},{"type":"Feature","properties":{"osm_id":"4096486147","code":2722,"fclass":"museum","name":"Museo Regional Morteros","categoryId":"CULTURES","subcategoryId":"MUSEE"},"geometry":{"type":"Point","coordinates":[-61.99643,-30.71227]}},{"type":"Feature","properties":{"osm_id":"4097513858","code":2722,"fclass":"museum","name":"Museo Cinco Saltos","categoryId":"CULTURES","subcategoryId":"MUSEE"},"geometry":{"type":"Point","coordinates":[-68.06488,-38.82681]}},{"type":"Feature","properties":{"osm_id":"4097805024","code":2722,"fclass":"museum","name":"Museo Lorenzo Bodernman","categoryId":"CULTURES","subcategoryId":"MUSEE"},"geometry":{"type":"Point","coordinates":[-61.08155,-31.54753]}},{"type":"Feature","properties":{"osm_id":"4102531231","code":2722,"fclass":"museum","name":"Archivo Grafico y Museo Histórico","categoryId":"CULTURES","subcategoryId":"MUSEE"},"geometry":{"type":"Point","coordinates":[-62.08436,-31.43124]}},{"type":"Feature","properties":{"osm_id":"4103057406","code":2722,"fclass":"museum","name":"Monumento Histórico","categoryId":"CULTURES","subcategoryId":"MUSEE"},"geometry":{"type":"Point","coordinates":[-59.6426,-29.14339]}},{"type":"Feature","properties":{"osm_id":"4106717432","code":2722,"fclass":"museum","name":"Museo y Kiosko","categoryId":"CULTURES","subcategoryId":"MUSEE"},"geometry":{"type":"Point","coordinates":[-65.8907,-24.49095]}},{"type":"Feature","properties":{"osm_id":"4126990470","code":2722,"fclass":"museum","name":"Museo de Pico Truncado","categoryId":"CULTURES","subcategoryId":"MUSEE"},"geometry":{"type":"Point","coordinates":[-67.94984,-46.79555]}},{"type":"Feature","properties":{"osm_id":"4177131240","code":2722,"fclass":"museum","name":"Museo Ana Frank","categoryId":"CULTURES","subcategoryId":"MUSEE"},"geometry":{"type":"Point","coordinates":[-58.47071,-34.56294]}},{"type":"Feature","properties":{"osm_id":"4184630936","code":2722,"fclass":"museum","name":"Espacio Cultural Universitario (ECU)","categoryId":"CULTURES","subcategoryId":"MUSEE"},"geometry":{"type":"Point","coordinates":[-60.63672,-32.9462]}},{"type":"Feature","properties":{"osm_id":"4195440390","code":2722,"fclass":"museum","name":"Centro de interpretación Molinos","categoryId":"CULTURES","subcategoryId":"MUSEE"},"geometry":{"type":"Point","coordinates":[-66.2926,-25.43762]}},{"type":"Feature","properties":{"osm_id":"4198719092","code":2733,"fclass":"archaeological","name":"Ruinas Jesuíticas de los Santos Mártires del Japón","categoryId":"CULTURES","subcategoryId":"SITE ARCHEOLOGIQUE"},"geometry":{"type":"Point","coordinates":[-55.41665,-27.80239]}},{"type":"Feature","properties":{"osm_id":"4209411289","code":2722,"fclass":"museum","name":"Museo del Vino de la Ciudad","categoryId":"CULTURES","subcategoryId":"MUSEE"},"geometry":{"type":"Point","coordinates":[-68.83845,-32.89002]}},{"type":"Feature","properties":{"osm_id":"4213185426","code":2722,"fclass":"museum","name":"Pinacoteca Sanmartiniana \"Fidel Roig Matóns\"","categoryId":"CULTURES","subcategoryId":"MUSEE"},"geometry":{"type":"Point","coordinates":[-68.84306,-32.89841]}},{"type":"Feature","properties":{"osm_id":"4216085249","code":2722,"fclass":"museum","name":"Museo Tuyú Mapu","categoryId":"CULTURES","subcategoryId":"MUSEE"},"geometry":{"type":"Point","coordinates":[-57.13431,-37.00884]}},{"type":"Feature","properties":{"osm_id":"4233066251","code":2722,"fclass":"museum","name":"Museo Universitario de Arte (MUA) - Espacio Luis Quesada","categoryId":"CULTURES","subcategoryId":"MUSEE"},"geometry":{"type":"Point","coordinates":[-68.87713,-32.88109]}},{"type":"Feature","properties":{"osm_id":"4235795773","code":2722,"fclass":"museum","name":"Centro Cultural Islas Malvinas","categoryId":"CULTURES","subcategoryId":"MUSEE"},"geometry":{"type":"Point","coordinates":[-57.96196,-34.92675]}},{"type":"Feature","properties":{"osm_id":"4235795774","code":2722,"fclass":"museum","name":"Museo Almafuerte","categoryId":"CULTURES","subcategoryId":"MUSEE"},"geometry":{"type":"Point","coordinates":[-57.93295,-34.92455]}},{"type":"Feature","properties":{"osm_id":"4235795775","code":2722,"fclass":"museum","name":"Museo Municipal de Arte (MUMART)","categoryId":"CULTURES","subcategoryId":"MUSEE"},"geometry":{"type":"Point","coordinates":[-57.94934,-34.91374]}},{"type":"Feature","properties":{"osm_id":"4235795776","code":2722,"fclass":"museum","name":"Museo de Arte Contemporaneo Latinoamericano (MACLA)","categoryId":"CULTURES","subcategoryId":"MUSEE"},"geometry":{"type":"Point","coordinates":[-57.94979,-34.91416]}},{"type":"Feature","properties":{"osm_id":"4235795777","code":2722,"fclass":"museum","name":"Museo y Archivo Dardo Rocha","categoryId":"CULTURES","subcategoryId":"MUSEE"},"geometry":{"type":"Point","coordinates":[-57.95638,-34.9208]}},{"type":"Feature","properties":{"osm_id":"4241284371","code":2733,"fclass":"archaeological","name":"Huellas de Dinosaurios","categoryId":"CULTURES","subcategoryId":"SITE ARCHEOLOGIQUE"},"geometry":{"type":"Point","coordinates":[-68.82127,-39.27276]}},{"type":"Feature","properties":{"osm_id":"4242177671","code":2722,"fclass":"museum","name":"Museo del Pasado Cuyano","categoryId":"CULTURES","subcategoryId":"MUSEE"},"geometry":{"type":"Point","coordinates":[-68.84717,-32.89178]}},{"type":"Feature","properties":{"osm_id":"4249703493","code":2722,"fclass":"museum","name":"Museo Historico Municipal","categoryId":"CULTURES","subcategoryId":"MUSEE"},"geometry":{"type":"Point","coordinates":[-59.59745,-26.13635]}},{"type":"Feature","properties":{"osm_id":"4268203746","code":2722,"fclass":"museum","name":"Huellas del Pasado","categoryId":"CULTURES","subcategoryId":"MUSEE"},"geometry":{"type":"Point","coordinates":[-54.7485,-26.57173]}},{"type":"Feature","properties":{"osm_id":"4281063011","code":2722,"fclass":"museum","name":"Casa de la Historia y la Cultura del Bicentenario","categoryId":"CULTURES","subcategoryId":"MUSEE"},"geometry":{"type":"Point","coordinates":[-54.89597,-27.09719]}},{"type":"Feature","properties":{"osm_id":"4282523692","code":2722,"fclass":"museum","name":"Museo José Juan Podestá","categoryId":"CULTURES","subcategoryId":"MUSEE"},"geometry":{"type":"Point","coordinates":[-57.95572,-34.9156]}},{"type":"Feature","properties":{"osm_id":"4285627988","code":2722,"fclass":"museum","name":"Complejo Cultural y Museo J. Pasiquini López","categoryId":"CULTURES","subcategoryId":"MUSEE"},"geometry":{"type":"Point","coordinates":[-65.27191,-24.18209]}},{"type":"Feature","properties":{"osm_id":"4293917798","code":2722,"fclass":"museum","name":"Museo Judío de Buenos Aires","categoryId":"CULTURES","subcategoryId":"MUSEE"},"geometry":{"type":"Point","coordinates":[-58.38371,-34.59959]}},{"type":"Feature","properties":{"osm_id":"4298642802","code":2722,"fclass":"museum","name":"Museo y Centro Cultural Ucraniano","categoryId":"CULTURES","subcategoryId":"MUSEE"},"geometry":{"type":"Point","coordinates":[-55.7482,-27.91313]}},{"type":"Feature","properties":{"osm_id":"4298885902","code":2722,"fclass":"museum","name":"El solar de Tantera","categoryId":"CULTURES","subcategoryId":"MUSEE"},"geometry":{"type":"Point","coordinates":[-55.76811,-27.92774]}},{"type":"Feature","properties":{"osm_id":"4301542654","code":2722,"fclass":"museum","name":"Cabildo Histórico de Jujuy","categoryId":"CULTURES","subcategoryId":"MUSEE"},"geometry":{"type":"Point","coordinates":[-65.29961,-24.18505]}},{"type":"Feature","properties":{"osm_id":"4304701488","code":2722,"fclass":"museum","name":"Museo Ferroviario de Mercedes","categoryId":"CULTURES","subcategoryId":"MUSEE"},"geometry":{"type":"Point","coordinates":[-59.42673,-34.64482]}},{"type":"Feature","properties":{"osm_id":"4331469821","code":2722,"fclass":"museum","name":"Museo de Colón","categoryId":"CULTURES","subcategoryId":"MUSEE"},"geometry":{"type":"Point","coordinates":[-61.09414,-33.88781]}},{"type":"Feature","properties":{"osm_id":"4333838092","code":2722,"fclass":"museum","name":"Sitio arqueológico Los Teros","categoryId":"CULTURES","subcategoryId":"MUSEE"},"geometry":{"type":"Point","coordinates":[-66.17239,-25.11729]}},{"type":"Feature","properties":{"osm_id":"4344502560","code":2722,"fclass":"museum","name":"Museo de Esculturas Humberto Gomez Lollo","categoryId":"CULTURES","subcategoryId":"MUSEE"},"geometry":{"type":"Point","coordinates":[-58.9768,-27.44677]}},{"type":"Feature","properties":{"osm_id":"4350343289","code":2722,"fclass":"museum","name":"Museo Histórico Municipal Brig. Gral. Don Juan Manuel de Rosas","categoryId":"CULTURES","subcategoryId":"MUSEE"},"geometry":{"type":"Point","coordinates":[-58.65805,-34.85197]}},{"type":"Feature","properties":{"osm_id":"4357738874","code":2733,"fclass":"archaeological","name":"Obrador dique Los Laureles","categoryId":"CULTURES","subcategoryId":"SITE ARCHEOLOGIQUE"},"geometry":{"type":"Point","coordinates":[-64.46413,-30.94117]}},{"type":"Feature","properties":{"osm_id":"4363762183","code":2722,"fclass":"museum","name":"Museo Municipal","categoryId":"CULTURES","subcategoryId":"MUSEE"},"geometry":{"type":"Point","coordinates":[-64.46462,-31.29919]}},{"type":"Feature","properties":{"osm_id":"4368425191","code":2722,"fclass":"museum","name":"Museo de Ciencias Naturales Pachamama","categoryId":"CULTURES","subcategoryId":"MUSEE"},"geometry":{"type":"Point","coordinates":[-57.5103,-37.84023]}},{"type":"Feature","properties":{"osm_id":"4370100882","code":2722,"fclass":"museum","name":"Museo de Ciencias Naturales","categoryId":"CULTURES","subcategoryId":"MUSEE"},"geometry":{"type":"Point","coordinates":[-60.52885,-31.72712]}},{"type":"Feature","properties":{"osm_id":"4372894268","code":2722,"fclass":"museum","name":"Museo Histórico Regional","categoryId":"CULTURES","subcategoryId":"MUSEE"},"geometry":{"type":"Point","coordinates":[-60.40501,-30.36051]}},{"type":"Feature","properties":{"osm_id":"4374868232","code":2722,"fclass":"museum","name":"Los Sanavirones","categoryId":"CULTURES","subcategoryId":"MUSEE"},"geometry":{"type":"Point","coordinates":[-62.34015,-30.95861]}},{"type":"Feature","properties":{"osm_id":"4378823593","code":2722,"fclass":"museum","name":"Museo histórico","categoryId":"CULTURES","subcategoryId":"MUSEE"},"geometry":{"type":"Point","coordinates":[-59.35402,-28.49011]}},{"type":"Feature","properties":{"osm_id":"4380828489","code":2722,"fclass":"museum","name":"Museo de Tres Cruces","categoryId":"CULTURES","subcategoryId":"MUSEE"},"geometry":{"type":"Point","coordinates":[-65.58892,-22.91876]}},{"type":"Feature","properties":{"osm_id":"4383715227","code":2722,"fclass":"museum","name":"La Pastera Museo del Che Guevara","categoryId":"CULTURES","subcategoryId":"MUSEE"},"geometry":{"type":"Point","coordinates":[-71.3487,-40.15279]}},{"type":"Feature","properties":{"osm_id":"4416516739","code":2733,"fclass":"archaeological","name":null,"categoryId":"CULTURES","subcategoryId":"SITE ARCHEOLOGIQUE"},"geometry":{"type":"Point","coordinates":[-64.25995,-31.37049]}},{"type":"Feature","properties":{"osm_id":"4419135284","code":2722,"fclass":"museum","name":"Museo de la historia social de Merlo","categoryId":"CULTURES","subcategoryId":"MUSEE"},"geometry":{"type":"Point","coordinates":[-58.72291,-34.67181]}},{"type":"Feature","properties":{"osm_id":"4421931287","code":2722,"fclass":"museum","name":"Museo Histórico Municipal","categoryId":"CULTURES","subcategoryId":"MUSEE"},"geometry":{"type":"Point","coordinates":[-58.25647,-37.86013]}},{"type":"Feature","properties":{"osm_id":"4425059906","code":2722,"fclass":"museum","name":"Gauffin","categoryId":"CULTURES","subcategoryId":"MUSEE"},"geometry":{"type":"Point","coordinates":[-64.97383,-25.49841]}},{"type":"Feature","properties":{"osm_id":"4429597089","code":2722,"fclass":"museum","name":"Museo 'Ellio Nazareno Quattrocchi'","categoryId":"CULTURES","subcategoryId":"MUSEE"},"geometry":{"type":"Point","coordinates":[-64.88355,-40.80415]}},{"type":"Feature","properties":{"osm_id":"4436812790","code":2722,"fclass":"museum","name":"Museo de Junín de los Andes","categoryId":"CULTURES","subcategoryId":"MUSEE"},"geometry":{"type":"Point","coordinates":[-71.07122,-39.95303]}},{"type":"Feature","properties":{"osm_id":"4448611029","code":2722,"fclass":"museum","name":"Museo de Bellas Artes Lucas Braulio Areco","categoryId":"CULTURES","subcategoryId":"MUSEE"},"geometry":{"type":"Point","coordinates":[-55.89167,-27.36763]}},{"type":"Feature","properties":{"osm_id":"4455356796","code":2722,"fclass":"museum","name":"Museo Nacional del Hombre","categoryId":"CULTURES","subcategoryId":"MUSEE"},"geometry":{"type":"Point","coordinates":[-58.44639,-34.56642]}},{"type":"Feature","properties":{"osm_id":"4463333691","code":2722,"fclass":"museum","name":"Pajcha Museo de Arte Etnico Americano","categoryId":"CULTURES","subcategoryId":"MUSEE"},"geometry":{"type":"Point","coordinates":[-65.41289,-24.77957]}},{"type":"Feature","properties":{"osm_id":"4477473301","code":2733,"fclass":"archaeological","name":"Estrellas Diaguitas","categoryId":"CULTURES","subcategoryId":"SITE ARCHEOLOGIQUE"},"geometry":{"type":"Point","coordinates":[-68.22421,-28.74439]}},{"type":"Feature","properties":{"osm_id":"4516412371","code":2722,"fclass":"museum","name":"Museo Anconetani del Acordeón","categoryId":"CULTURES","subcategoryId":"MUSEE"},"geometry":{"type":"Point","coordinates":[-58.45147,-34.58656]}},{"type":"Feature","properties":{"osm_id":"4522439091","code":2722,"fclass":"museum","name":"Centro de Interpretación Histórica","categoryId":"CULTURES","subcategoryId":"MUSEE"},"geometry":{"type":"Point","coordinates":[-72.26519,-50.33121]}},{"type":"Feature","properties":{"osm_id":"4523427889","code":2722,"fclass":"museum","name":"Capilla vieja","categoryId":"CULTURES","subcategoryId":"MUSEE"},"geometry":{"type":"Point","coordinates":[-64.53892,-32.06539]}},{"type":"Feature","properties":{"osm_id":"4571077090","code":2722,"fclass":"museum","name":"Museo de la Ciudad","categoryId":"CULTURES","subcategoryId":"MUSEE"},"geometry":{"type":"Point","coordinates":[-61.34865,-37.98382]}},{"type":"Feature","properties":{"osm_id":"4578449601","code":2722,"fclass":"museum","name":"Museo Patria Chica","categoryId":"CULTURES","subcategoryId":"MUSEE"},"geometry":{"type":"Point","coordinates":[-64.24623,-35.03746]}},{"type":"Feature","properties":{"osm_id":"4597378151","code":2722,"fclass":"museum","name":"Museo Brocheriano","categoryId":"CULTURES","subcategoryId":"MUSEE"},"geometry":{"type":"Point","coordinates":[-65.01882,-31.70588]}},{"type":"Feature","properties":{"osm_id":"4602966889","code":2722,"fclass":"museum","name":"Museo de Gobernador Echagüe","categoryId":"CULTURES","subcategoryId":"MUSEE"},"geometry":{"type":"Point","coordinates":[-59.27764,-32.39471]}},{"type":"Feature","properties":{"osm_id":"4619155089","code":2722,"fclass":"museum","name":"Museo Conventillo 'Marjan Grum'","categoryId":"CULTURES","subcategoryId":"MUSEE"},"geometry":{"type":"Point","coordinates":[-58.36365,-34.63944]}},{"type":"Feature","properties":{"osm_id":"4644402989","code":2722,"fclass":"museum","name":"Cementerio_ Los Pedraza","categoryId":"CULTURES","subcategoryId":"MUSEE"},"geometry":{"type":"Point","coordinates":[-65.49103,-28.50039]}},{"type":"Feature","properties":{"osm_id":"4661339851","code":2722,"fclass":"museum","name":"Museo Interactivo de Ciencias","categoryId":"CULTURES","subcategoryId":"MUSEE"},"geometry":{"type":"Point","coordinates":[-58.01655,-31.39725]}},{"type":"Feature","properties":{"osm_id":"4661392052","code":2722,"fclass":"museum","name":"Museo Ferroviario","categoryId":"CULTURES","subcategoryId":"MUSEE"},"geometry":{"type":"Point","coordinates":[-56.69564,-36.58869]}},{"type":"Feature","properties":{"osm_id":"4672107215","code":2722,"fclass":"museum","name":"Museo Abolengo","categoryId":"CULTURES","subcategoryId":"MUSEE"},"geometry":{"type":"Point","coordinates":[-55.31978,-27.6018]}},{"type":"Feature","properties":{"osm_id":"4680947394","code":2722,"fclass":"museum","name":"Museo folklórico","categoryId":"CULTURES","subcategoryId":"MUSEE"},"geometry":{"type":"Point","coordinates":[-65.20567,-26.83073]}},{"type":"Feature","properties":{"osm_id":"4680948094","code":2722,"fclass":"museum","name":"Museo Casa de los Padilla","categoryId":"CULTURES","subcategoryId":"MUSEE"},"geometry":{"type":"Point","coordinates":[-65.20461,-26.83043]}},{"type":"Feature","properties":{"osm_id":"4684308489","code":2722,"fclass":"museum","name":"Museo casa de los Patricios Tucumanos","categoryId":"CULTURES","subcategoryId":"MUSEE"},"geometry":{"type":"Point","coordinates":[-65.19971,-26.83058]}},{"type":"Feature","properties":{"osm_id":"4684460992","code":2722,"fclass":"museum","name":"Museo Ferroviario","categoryId":"CULTURES","subcategoryId":"MUSEE"},"geometry":{"type":"Point","coordinates":[-58.16547,-26.17812]}},{"type":"Feature","properties":{"osm_id":"4685534626","code":2722,"fclass":"museum","name":"Museo Ángel Gallardo","categoryId":"CULTURES","subcategoryId":"MUSEE"},"geometry":{"type":"Point","coordinates":[-60.6493,-32.94224]}},{"type":"Feature","properties":{"osm_id":"4685534627","code":2722,"fclass":"museum","name":"Museo del Paraná y las Islas","categoryId":"CULTURES","subcategoryId":"MUSEE"},"geometry":{"type":"Point","coordinates":[-60.6262,-32.94956]}},{"type":"Feature","properties":{"osm_id":"4685534628","code":2722,"fclass":"museum","name":"Museo Ferroviario Regional de la Asociación Amigos del Riel","categoryId":"CULTURES","subcategoryId":"MUSEE"},"geometry":{"type":"Point","coordinates":[-60.63615,-32.96923]}},{"type":"Feature","properties":{"osm_id":"4685534630","code":2722,"fclass":"museum","name":"Museo Barnes de Arte Sacro","categoryId":"CULTURES","subcategoryId":"MUSEE"},"geometry":{"type":"Point","coordinates":[-60.63532,-32.95287]}},{"type":"Feature","properties":{"osm_id":"4685534631","code":2722,"fclass":"museum","name":"Museo Urbano Arte a la Vista","categoryId":"CULTURES","subcategoryId":"MUSEE"},"geometry":{"type":"Point","coordinates":[-60.65781,-32.93076]}},{"type":"Feature","properties":{"osm_id":"4685534632","code":2722,"fclass":"museum","name":"Museo Experimental de Ciencias","categoryId":"CULTURES","subcategoryId":"MUSEE"},"geometry":{"type":"Point","coordinates":[-60.62351,-32.95969]}},{"type":"Feature","properties":{"osm_id":"4685534633","code":2722,"fclass":"museum","name":"Museo Diario La Capital","categoryId":"CULTURES","subcategoryId":"MUSEE"},"geometry":{"type":"Point","coordinates":[-60.63793,-32.94598]}},{"type":"Feature","properties":{"osm_id":"4685534634","code":2722,"fclass":"museum","name":"Museo del Puerto","categoryId":"CULTURES","subcategoryId":"MUSEE"},"geometry":{"type":"Point","coordinates":[-60.62698,-32.95182]}},{"type":"Feature","properties":{"osm_id":"4686850790","code":2722,"fclass":"museum","name":"Museo Iramain","categoryId":"CULTURES","subcategoryId":"MUSEE"},"geometry":{"type":"Point","coordinates":[-65.20039,-26.83226]}},{"type":"Feature","properties":{"osm_id":"4686866389","code":2722,"fclass":"museum","name":"Museo Regional Manuel Molina","categoryId":"CULTURES","subcategoryId":"MUSEE"},"geometry":{"type":"Point","coordinates":[-69.22925,-51.61511]}},{"type":"Feature","properties":{"osm_id":"4686866989","code":2722,"fclass":"museum","name":"Casa del Brigadier General Estanislao López","categoryId":"CULTURES","subcategoryId":"MUSEE"},"geometry":{"type":"Point","coordinates":[-60.71212,-31.65649]}},{"type":"Feature","properties":{"osm_id":"4696115690","code":2722,"fclass":"museum","name":"Museo del Faro","categoryId":"CULTURES","subcategoryId":"MUSEE"},"geometry":{"type":"Point","coordinates":[-68.35603,-52.33312]}},{"type":"Feature","properties":{"osm_id":"4733166121","code":2722,"fclass":"museum","name":"Museo Arqueológico Municipal","categoryId":"CULTURES","subcategoryId":"MUSEE"},"geometry":{"type":"Point","coordinates":[-67.56523,-28.06469]}},{"type":"Feature","properties":{"osm_id":"4762260830","code":2722,"fclass":"museum","name":"Museo Judío de Entre Ríos","categoryId":"CULTURES","subcategoryId":"MUSEE"},"geometry":{"type":"Point","coordinates":[-58.01951,-31.39987]}},{"type":"Feature","properties":{"osm_id":"4777223621","code":2722,"fclass":"museum","name":"Museo Bergallo","categoryId":"CULTURES","subcategoryId":"MUSEE"},"geometry":{"type":"Point","coordinates":[-60.33406,-31.41491]}},{"type":"Feature","properties":{"osm_id":"4779275374","code":2722,"fclass":"museum","name":null,"categoryId":"CULTURES","subcategoryId":"MUSEE"},"geometry":{"type":"Point","coordinates":[-56.69288,-36.55749]}},{"type":"Feature","properties":{"osm_id":"4781484727","code":2722,"fclass":"museum","name":"El Charrua","categoryId":"CULTURES","subcategoryId":"MUSEE"},"geometry":{"type":"Point","coordinates":[-70.91298,-39.227]}},{"type":"Feature","properties":{"osm_id":"4815901847","code":2722,"fclass":"museum","name":"Museo Moises Bertoni","categoryId":"CULTURES","subcategoryId":"MUSEE"},"geometry":{"type":"Point","coordinates":[-54.5843,-25.65967]}},{"type":"Feature","properties":{"osm_id":"4818775726","code":2722,"fclass":"museum","name":"Museo Popular de Iruya","categoryId":"CULTURES","subcategoryId":"MUSEE"},"geometry":{"type":"Point","coordinates":[-65.21661,-22.79214]}},{"type":"Feature","properties":{"osm_id":"4820985171","code":2722,"fclass":"museum","name":"Museo de Prehistoria y Arqueología","categoryId":"CULTURES","subcategoryId":"MUSEE"},"geometry":{"type":"Point","coordinates":[-65.20173,-26.82583]}},{"type":"Feature","properties":{"osm_id":"4827840896","code":2722,"fclass":"museum","name":"AWAWA","categoryId":"CULTURES","subcategoryId":"MUSEE"},"geometry":{"type":"Point","coordinates":[-65.21803,-22.79213]}},{"type":"Feature","properties":{"osm_id":"4895492822","code":2722,"fclass":"museum","name":"Museo Palacio Dionisi","categoryId":"CULTURES","subcategoryId":"MUSEE"},"geometry":{"type":"Point","coordinates":[-64.18491,-31.42934]}},{"type":"Feature","properties":{"osm_id":"4929481924","code":2722,"fclass":"museum","name":"Museo histórico provincial Marqués de Sombremonte","categoryId":"CULTURES","subcategoryId":"MUSEE"},"geometry":{"type":"Point","coordinates":[-64.18131,-31.4169]}},{"type":"Feature","properties":{"osm_id":"4932178235","code":2722,"fclass":"museum","name":"Museo Histórico y Arqueológico Andrés Guacurarí","categoryId":"CULTURES","subcategoryId":"MUSEE"},"geometry":{"type":"Point","coordinates":[-55.88828,-27.36812]}},{"type":"Feature","properties":{"osm_id":"4932221293","code":2722,"fclass":"museum","name":"Museo Histórico de la Policía de Misiones","categoryId":"CULTURES","subcategoryId":"MUSEE"},"geometry":{"type":"Point","coordinates":[-55.8941,-27.3731]}},{"type":"Feature","properties":{"osm_id":"4934282022","code":2722,"fclass":"museum","name":"Museo de la Memoria","categoryId":"CULTURES","subcategoryId":"MUSEE"},"geometry":{"type":"Point","coordinates":[-64.18489,-31.41632]}},{"type":"Feature","properties":{"osm_id":"4957396179","code":2722,"fclass":"museum","name":"Museo de Historia Regional Aníbal Cambas","categoryId":"CULTURES","subcategoryId":"MUSEE"},"geometry":{"type":"Point","coordinates":[-55.89372,-27.35554]}},{"type":"Feature","properties":{"osm_id":"4972511221","code":2722,"fclass":"museum","name":"Museo de Pedro Ignacio de Castro Barros","categoryId":"CULTURES","subcategoryId":"MUSEE"},"geometry":{"type":"Point","coordinates":[-66.97402,-28.89729]}},{"type":"Feature","properties":{"osm_id":"4991259297","code":2733,"fclass":"archaeological","name":"Lorohuasi","categoryId":"CULTURES","subcategoryId":"SITE ARCHEOLOGIQUE"},"geometry":{"type":"Point","coordinates":[-67.01886,-28.26248]}},{"type":"Feature","properties":{"osm_id":"4999048753","code":2722,"fclass":"museum","name":"Museo Nacional Casa del Acuerdo","categoryId":"CULTURES","subcategoryId":"MUSEE"},"geometry":{"type":"Point","coordinates":[-60.2164,-33.3299]}},{"type":"Feature","properties":{"osm_id":"5006097559","code":2722,"fclass":"museum","name":"Museo Histórico y Etnográfico Ivy Marä Ey","categoryId":"CULTURES","subcategoryId":"MUSEE"},"geometry":{"type":"Point","coordinates":[-57.98042,-30.76214]}},{"type":"Feature","properties":{"osm_id":"5039598922","code":2722,"fclass":"museum","name":"Museo de Ciencas Naturales","categoryId":"CULTURES","subcategoryId":"MUSEE"},"geometry":{"type":"Point","coordinates":[-68.53786,-31.53065]}},{"type":"Feature","properties":{"osm_id":"5065089023","code":2722,"fclass":"museum","name":"Museo del Automovil","categoryId":"CULTURES","subcategoryId":"MUSEE"},"geometry":{"type":"Point","coordinates":[-68.78748,-32.97277]}},{"type":"Feature","properties":{"osm_id":"5066996369","code":2722,"fclass":"museum","name":"Casa de la Historia y la Cultura del Bicentenario","categoryId":"CULTURES","subcategoryId":"MUSEE"},"geometry":{"type":"Point","coordinates":[-59.10724,-37.30659]}},{"type":"Feature","properties":{"osm_id":"5108578400","code":2722,"fclass":"museum","name":"Museo Histórico Municipal 'Dr. Rodolfo Doval Fermi'","categoryId":"CULTURES","subcategoryId":"MUSEE"},"geometry":{"type":"Point","coordinates":[-61.83124,-31.76922]}},{"type":"Feature","properties":{"osm_id":"5116272885","code":2722,"fclass":"museum","name":"Museo del Campo y la Vida Rural Correntina","categoryId":"CULTURES","subcategoryId":"MUSEE"},"geometry":{"type":"Point","coordinates":[-57.87709,-28.39031]}},{"type":"Feature","properties":{"osm_id":"5119989021","code":2722,"fclass":"museum","name":"Espacio para la Memoria Monte Pelloni","categoryId":"CULTURES","subcategoryId":"MUSEE"},"geometry":{"type":"Point","coordinates":[-60.16008,-36.91182]}},{"type":"Feature","properties":{"osm_id":"5125005148","code":2722,"fclass":"museum","name":"Museo del Chamamé de Mburucuyá","categoryId":"CULTURES","subcategoryId":"MUSEE"},"geometry":{"type":"Point","coordinates":[-58.22915,-28.03443]}},{"type":"Feature","properties":{"osm_id":"5129132363","code":2722,"fclass":"museum","name":"Museo Arqueologico Comechingon","categoryId":"CULTURES","subcategoryId":"MUSEE"},"geometry":{"type":"Point","coordinates":[-64.97244,-31.75757]}},{"type":"Feature","properties":{"osm_id":"5129132364","code":2722,"fclass":"museum","name":"Museo del Cactus","categoryId":"CULTURES","subcategoryId":"MUSEE"},"geometry":{"type":"Point","coordinates":[-64.97236,-31.75755]}},{"type":"Feature","properties":{"osm_id":"5171996580","code":2722,"fclass":"museum","name":"Museo y Biblioteca Provincial Presidente 'Juan Domingo Perón'","categoryId":"CULTURES","subcategoryId":"MUSEE"},"geometry":{"type":"Point","coordinates":[-59.09711,-35.19032]}},{"type":"Feature","properties":{"osm_id":"5176917366","code":2722,"fclass":"museum","name":"Museo Arqueológico","categoryId":"CULTURES","subcategoryId":"MUSEE"},"geometry":{"type":"Point","coordinates":[-69.42014,-31.33432]}},{"type":"Feature","properties":{"osm_id":"5180493234","code":2722,"fclass":"museum","name":"Juan Rivilli","categoryId":"CULTURES","subcategoryId":"MUSEE"},"geometry":{"type":"Point","coordinates":[-64.33282,-31.35375]}},{"type":"Feature","properties":{"osm_id":"5196930345","code":2722,"fclass":"museum","name":"Museo Ferroviario Roberto Galian","categoryId":"CULTURES","subcategoryId":"MUSEE"},"geometry":{"type":"Point","coordinates":[-69.22515,-51.61238]}},{"type":"Feature","properties":{"osm_id":"5206813776","code":2722,"fclass":"museum","name":"Museo Histórico Privado La Roca","categoryId":"CULTURES","subcategoryId":"MUSEE"},"geometry":{"type":"Point","coordinates":[-69.58493,-35.46695]}},{"type":"Feature","properties":{"osm_id":"5213142895","code":2722,"fclass":"museum","name":"Museo de Güemes","categoryId":"CULTURES","subcategoryId":"MUSEE"},"geometry":{"type":"Point","coordinates":[-65.4128,-24.78834]}},{"type":"Feature","properties":{"osm_id":"5265070658","code":2722,"fclass":"museum","name":"Museo historico","categoryId":"CULTURES","subcategoryId":"MUSEE"},"geometry":{"type":"Point","coordinates":[-59.64539,-29.1553]}},{"type":"Feature","properties":{"osm_id":"5265070661","code":2722,"fclass":"museum","name":"Museo de historia natural","categoryId":"CULTURES","subcategoryId":"MUSEE"},"geometry":{"type":"Point","coordinates":[-59.65057,-29.14463]}},{"type":"Feature","properties":{"osm_id":"5273570921","code":2722,"fclass":"museum","name":"Archivo Museo Histórico Municipal 'Don Roberto T. Barili'","categoryId":"CULTURES","subcategoryId":"MUSEE"},"geometry":{"type":"Point","coordinates":[-57.55251,-38.02076]}},{"type":"Feature","properties":{"osm_id":"5282239310","code":2722,"fclass":"museum","name":"Museo del Ladrillo","categoryId":"CULTURES","subcategoryId":"MUSEE"},"geometry":{"type":"Point","coordinates":[-57.9972,-34.89234]}},{"type":"Feature","properties":{"osm_id":"5304552618","code":2722,"fclass":"museum","name":"Museo de la Inmigración","categoryId":"CULTURES","subcategoryId":"MUSEE"},"geometry":{"type":"Point","coordinates":[-58.36792,-34.5929]}},{"type":"Feature","properties":{"osm_id":"5325692449","code":2722,"fclass":"museum","name":"Museo Historico","categoryId":"CULTURES","subcategoryId":"MUSEE"},"geometry":{"type":"Point","coordinates":[-60.52057,-35.32229]}},{"type":"Feature","properties":{"osm_id":"5332240941","code":2722,"fclass":"museum","name":"Museo de Wanda","categoryId":"CULTURES","subcategoryId":"MUSEE"},"geometry":{"type":"Point","coordinates":[-54.56034,-25.97192]}},{"type":"Feature","properties":{"osm_id":"5359665321","code":2722,"fclass":"museum","name":"Museo Ovni","categoryId":"CULTURES","subcategoryId":"MUSEE"},"geometry":{"type":"Point","coordinates":[-60.14553,-32.62348]}},{"type":"Feature","properties":{"osm_id":"5380558916","code":2722,"fclass":"museum","name":"Museo de Arte Contemporáneo Beato Angélico","categoryId":"CULTURES","subcategoryId":"MUSEE"},"geometry":{"type":"Point","coordinates":[-57.96153,-34.92147]}},{"type":"Feature","properties":{"osm_id":"5381157221","code":2722,"fclass":"museum","name":"Castillo del Parque Luro","categoryId":"CULTURES","subcategoryId":"MUSEE"},"geometry":{"type":"Point","coordinates":[-64.26177,-36.91335]}},{"type":"Feature","properties":{"osm_id":"5405468712","code":2722,"fclass":"museum","name":"Museo Municipal El Almacén de Pepa","categoryId":"CULTURES","subcategoryId":"MUSEE"},"geometry":{"type":"Point","coordinates":[-63.59002,-35.24429]}},{"type":"Feature","properties":{"osm_id":"5405921752","code":2722,"fclass":"museum","name":"Museo Fotográfico Simik","categoryId":"CULTURES","subcategoryId":"MUSEE"},"geometry":{"type":"Point","coordinates":[-58.45372,-34.58433]}},{"type":"Feature","properties":{"osm_id":"5408920421","code":2722,"fclass":"museum","name":"Museo Atelier Antonio Ortiz Echagüe","categoryId":"CULTURES","subcategoryId":"MUSEE"},"geometry":{"type":"Point","coordinates":[-65.34577,-36.61159]}},{"type":"Feature","properties":{"osm_id":"5434503078","code":2722,"fclass":"museum","name":"Museo Arcor","categoryId":"CULTURES","subcategoryId":"MUSEE"},"geometry":{"type":"Point","coordinates":[-63.04252,-31.42164]}},{"type":"Feature","properties":{"osm_id":"5452184660","code":2722,"fclass":"museum","name":"Museo Arqueológico Argentino Ambato","categoryId":"CULTURES","subcategoryId":"MUSEE"},"geometry":{"type":"Point","coordinates":[-64.4689,-31.09001]}},{"type":"Feature","properties":{"osm_id":"5452358819","code":2722,"fclass":"museum","name":"Museo de la Mujer","categoryId":"CULTURES","subcategoryId":"MUSEE"},"geometry":{"type":"Point","coordinates":[-58.38535,-34.60688]}},{"type":"Feature","properties":{"osm_id":"5465605034","code":2722,"fclass":"museum","name":"Fundación Ramseyer Dayer","categoryId":"CULTURES","subcategoryId":"MUSEE"},"geometry":{"type":"Point","coordinates":[-60.93256,-31.44742]}},{"type":"Feature","properties":{"osm_id":"5465662411","code":2722,"fclass":"museum","name":"Museo de Ciencias Naturales del San José","categoryId":"CULTURES","subcategoryId":"MUSEE"},"geometry":{"type":"Point","coordinates":[-60.93786,-31.44624]}},{"type":"Feature","properties":{"osm_id":"5469971511","code":2733,"fclass":"archaeological","name":"Morteros Diaguitas","categoryId":"CULTURES","subcategoryId":"SITE ARCHEOLOGIQUE"},"geometry":{"type":"Point","coordinates":[-67.66207,-29.16129]}},{"type":"Feature","properties":{"osm_id":"5469971513","code":2733,"fclass":"archaeological","name":"Nogales Jesuitas","categoryId":"CULTURES","subcategoryId":"SITE ARCHEOLOGIQUE"},"geometry":{"type":"Point","coordinates":[-67.66113,-29.16115]}},{"type":"Feature","properties":{"osm_id":"5473210449","code":2722,"fclass":"museum","name":"Museo Estancia Fitz Roy Mad Madsen","categoryId":"CULTURES","subcategoryId":"MUSEE"},"geometry":{"type":"Point","coordinates":[-72.88947,-49.31291]}},{"type":"Feature","properties":{"osm_id":"5483304222","code":2722,"fclass":"museum","name":"Ernesto 'Finito' Gehrmann","categoryId":"CULTURES","subcategoryId":"MUSEE"},"geometry":{"type":"Point","coordinates":[-55.89684,-27.39465]}},{"type":"Feature","properties":{"osm_id":"5485074329","code":2722,"fclass":"museum","name":"Museo Minerológico","categoryId":"CULTURES","subcategoryId":"MUSEE"},"geometry":{"type":"Point","coordinates":[-66.08824,-32.80881]}},{"type":"Feature","properties":{"osm_id":"5486882005","code":2722,"fclass":"museum","name":"Museo Casa Arias Rengel","categoryId":"CULTURES","subcategoryId":"MUSEE"},"geometry":{"type":"Point","coordinates":[-65.41254,-24.79003]}},{"type":"Feature","properties":{"osm_id":"5487419290","code":2722,"fclass":"museum","name":"Museo Malvinas Siempre Argentinas","categoryId":"CULTURES","subcategoryId":"MUSEE"},"geometry":{"type":"Point","coordinates":[-58.42349,-34.78087]}},{"type":"Feature","properties":{"osm_id":"5490051787","code":2722,"fclass":"museum","name":"Explanada de entrada","categoryId":"CULTURES","subcategoryId":"MUSEE"},"geometry":{"type":"Point","coordinates":[-60.16204,-31.21071]}},{"type":"Feature","properties":{"osm_id":"5490051788","code":2722,"fclass":"museum","name":"Museo de Sitio","categoryId":"CULTURES","subcategoryId":"MUSEE"},"geometry":{"type":"Point","coordinates":[-60.16081,-31.20918]}},{"type":"Feature","properties":{"osm_id":"5490051789","code":2722,"fclass":"museum","name":"Casa de González de Ataide","categoryId":"CULTURES","subcategoryId":"MUSEE"},"geometry":{"type":"Point","coordinates":[-60.1559,-31.21265]}},{"type":"Feature","properties":{"osm_id":"5490051790","code":2722,"fclass":"museum","name":"Iglesia y convento de San Francisco","categoryId":"CULTURES","subcategoryId":"MUSEE"},"geometry":{"type":"Point","coordinates":[-60.15474,-31.21297]}},{"type":"Feature","properties":{"osm_id":"5490051791","code":2722,"fclass":"museum","name":"Casa ambientada de Vera Muxica","categoryId":"CULTURES","subcategoryId":"MUSEE"},"geometry":{"type":"Point","coordinates":[-60.15857,-31.21307]}},{"type":"Feature","properties":{"osm_id":"5492517259","code":2722,"fclass":"museum","name":"Museo Juan Bautista Ambrosetti","categoryId":"CULTURES","subcategoryId":"MUSEE"},"geometry":{"type":"Point","coordinates":[-59.313,-33.14351]}},{"type":"Feature","properties":{"osm_id":"5497701633","code":2722,"fclass":"museum","name":"Museo Municipal","categoryId":"CULTURES","subcategoryId":"MUSEE"},"geometry":{"type":"Point","coordinates":[-62.06802,-31.01306]}},{"type":"Feature","properties":{"osm_id":"5501925426","code":2722,"fclass":"museum","name":"Museo de Sumampa","categoryId":"CULTURES","subcategoryId":"MUSEE"},"geometry":{"type":"Point","coordinates":[-63.47179,-29.38326]}},{"type":"Feature","properties":{"osm_id":"5503855495","code":2722,"fclass":"museum","name":"Museo de la Cuidad","categoryId":"CULTURES","subcategoryId":"MUSEE"},"geometry":{"type":"Point","coordinates":[-61.33753,-32.36388]}},{"type":"Feature","properties":{"osm_id":"5512230782","code":2722,"fclass":"museum","name":"Museo de Salto Grande","categoryId":"CULTURES","subcategoryId":"MUSEE"},"geometry":{"type":"Point","coordinates":[-57.96785,-31.25976]}},{"type":"Feature","properties":{"osm_id":"5516388672","code":2722,"fclass":"museum","name":"Museo Ricardo Pedroni","categoryId":"CULTURES","subcategoryId":"MUSEE"},"geometry":{"type":"Point","coordinates":[-64.33237,-31.35033]}},{"type":"Feature","properties":{"osm_id":"5523765168","code":2722,"fclass":"museum","name":"Museo Regional Puerto Bemberg","categoryId":"CULTURES","subcategoryId":"MUSEE"},"geometry":{"type":"Point","coordinates":[-54.57965,-25.92053]}},{"type":"Feature","properties":{"osm_id":"5525626093","code":2722,"fclass":"museum","name":"Museo de Arte Cañadense","categoryId":"CULTURES","subcategoryId":"MUSEE"},"geometry":{"type":"Point","coordinates":[-61.39614,-32.82284]}},{"type":"Feature","properties":{"osm_id":"5526611494","code":2722,"fclass":"museum","name":"Fuerte San Carlos","categoryId":"CULTURES","subcategoryId":"MUSEE"},"geometry":{"type":"Point","coordinates":[-69.04147,-33.77158]}},{"type":"Feature","properties":{"osm_id":"5531701712","code":2722,"fclass":"museum","name":"Museo Sanmartiniano","categoryId":"CULTURES","subcategoryId":"MUSEE"},"geometry":{"type":"Point","coordinates":[-60.73363,-32.74588]}},{"type":"Feature","properties":{"osm_id":"5554504295","code":2722,"fclass":"museum","name":"Museo Mundial del Tango","categoryId":"CULTURES","subcategoryId":"MUSEE"},"geometry":{"type":"Point","coordinates":[-58.37841,-34.6083]}},{"type":"Feature","properties":{"osm_id":"5555506755","code":2722,"fclass":"museum","name":"Museo Histórico Municipal de Monte Hermoso","categoryId":"CULTURES","subcategoryId":"MUSEE"},"geometry":{"type":"Point","coordinates":[-61.28936,-38.98539]}},{"type":"Feature","properties":{"osm_id":"5562180210","code":2722,"fclass":"museum","name":"Museo Policial","categoryId":"CULTURES","subcategoryId":"MUSEE"},"geometry":{"type":"Point","coordinates":[-58.83995,-27.46223]}},{"type":"Feature","properties":{"osm_id":"5591178521","code":2722,"fclass":"museum","name":"Museo del Carnaval","categoryId":"CULTURES","subcategoryId":"MUSEE"},"geometry":{"type":"Point","coordinates":[-65.57699,-24.98476]}},{"type":"Feature","properties":{"osm_id":"5597514903","code":2722,"fclass":"museum","name":"Museo Municipal \"Luis Salvador Fiandrino\"","categoryId":"CULTURES","subcategoryId":"MUSEE"},"geometry":{"type":"Point","coordinates":[-64.56196,-35.59138]}},{"type":"Feature","properties":{"osm_id":"5609458953","code":2722,"fclass":"museum","name":"Casa del Bicentenario","categoryId":"CULTURES","subcategoryId":"MUSEE"},"geometry":{"type":"Point","coordinates":[-55.32313,-27.60491]}},{"type":"Feature","properties":{"osm_id":"5615969490","code":2722,"fclass":"museum","name":"Museo Municipal Néstor Tellería","categoryId":"CULTURES","subcategoryId":"MUSEE"},"geometry":{"type":"Point","coordinates":[-64.28652,-35.38525]}},{"type":"Feature","properties":{"osm_id":"5617633121","code":2722,"fclass":"museum","name":"Casa del Poeta Agüero","categoryId":"CULTURES","subcategoryId":"MUSEE"},"geometry":{"type":"Point","coordinates":[-65.01545,-32.34578]}},{"type":"Feature","properties":{"osm_id":"5617667887","code":2722,"fclass":"museum","name":"Museo Criollo de los Corrales","categoryId":"CULTURES","subcategoryId":"MUSEE"},"geometry":{"type":"Point","coordinates":[-58.49958,-34.66263]}},{"type":"Feature","properties":{"osm_id":"5620295956","code":2722,"fclass":"museum","name":"El Tupí","categoryId":"CULTURES","subcategoryId":"MUSEE"},"geometry":{"type":"Point","coordinates":[-54.5961,-26.0182]}},{"type":"Feature","properties":{"osm_id":"5627824255","code":2722,"fclass":"museum","name":"Museo histórico del médico rural “Doctor René Favaloro”","categoryId":"CULTURES","subcategoryId":"MUSEE"},"geometry":{"type":"Point","coordinates":[-63.43142,-38.08467]}},{"type":"Feature","properties":{"osm_id":"5631101328","code":2722,"fclass":"museum","name":"El Tordillo","categoryId":"CULTURES","subcategoryId":"MUSEE"},"geometry":{"type":"Point","coordinates":[-64.50115,-35.14746]}},{"type":"Feature","properties":{"osm_id":"5633957322","code":2722,"fclass":"museum","name":"Museo Etnográfico Juan Bautista Ambrosetti","categoryId":"CULTURES","subcategoryId":"MUSEE"},"geometry":{"type":"Point","coordinates":[-58.37102,-34.61133]}},{"type":"Feature","properties":{"osm_id":"5635922356","code":2722,"fclass":"museum","name":"Casa de Zapata Gollan","categoryId":"CULTURES","subcategoryId":"MUSEE"},"geometry":{"type":"Point","coordinates":[-60.16103,-31.21295]}},{"type":"Feature","properties":{"osm_id":"5636400816","code":2722,"fclass":"museum","name":"Museo y Archivo de Trenel","categoryId":"CULTURES","subcategoryId":"MUSEE"},"geometry":{"type":"Point","coordinates":[-64.13382,-35.69883]}},{"type":"Feature","properties":{"osm_id":"5646739998","code":2722,"fclass":"museum","name":"Museo del Hincha","categoryId":"CULTURES","subcategoryId":"MUSEE"},"geometry":{"type":"Point","coordinates":[-64.46443,-31.29837]}},{"type":"Feature","properties":{"osm_id":"5652602844","code":2722,"fclass":"museum","name":"Museo de Antigüedades del Pueblo","categoryId":"CULTURES","subcategoryId":"MUSEE"},"geometry":{"type":"Point","coordinates":[-57.28037,-27.76967]}},{"type":"Feature","properties":{"osm_id":"5652602846","code":2722,"fclass":"museum","name":"Museo Sacro (Ex Iglesio Loreto)","categoryId":"CULTURES","subcategoryId":"MUSEE"},"geometry":{"type":"Point","coordinates":[-57.28017,-27.77084]}},{"type":"Feature","properties":{"osm_id":"5654699527","code":2722,"fclass":"museum","name":"Centro Cultural \"Adolfo Mors\"","categoryId":"CULTURES","subcategoryId":"MUSEE"},"geometry":{"type":"Point","coordinates":[-58.84375,-27.46494]}},{"type":"Feature","properties":{"osm_id":"5657433749","code":2722,"fclass":"museum","name":"Museo Histórico","categoryId":"CULTURES","subcategoryId":"MUSEE"},"geometry":{"type":"Point","coordinates":[-58.62311,-28.25579]}},{"type":"Feature","properties":{"osm_id":"5658988606","code":2722,"fclass":"museum","name":"Museo General Pirán","categoryId":"CULTURES","subcategoryId":"MUSEE"},"geometry":{"type":"Point","coordinates":[-57.77674,-37.27785]}},{"type":"Feature","properties":{"osm_id":"5686381411","code":2722,"fclass":"museum","name":"Museo Juan Manuel Fangio","categoryId":"CULTURES","subcategoryId":"MUSEE"},"geometry":{"type":"Point","coordinates":[-58.22168,-37.81836]}},{"type":"Feature","properties":{"osm_id":"5706888822","code":2722,"fclass":"museum","name":"Museo de Arte Contemporáneo Raúl Lozza","categoryId":"CULTURES","subcategoryId":"MUSEE"},"geometry":{"type":"Point","coordinates":[-60.2817,-35.03135]}},{"type":"Feature","properties":{"osm_id":"5721009562","code":2722,"fclass":"museum","name":"Museo de Artistas Argentinos Benito Quinquela Martín","categoryId":"CULTURES","subcategoryId":"MUSEE"},"geometry":{"type":"Point","coordinates":[-58.36137,-34.63898]}},{"type":"Feature","properties":{"osm_id":"5739889124","code":2722,"fclass":"museum","name":"Museo Cultural Sanvalentino","categoryId":"CULTURES","subcategoryId":"MUSEE"},"geometry":{"type":"Point","coordinates":[-58.42252,-35.02476]}},{"type":"Feature","properties":{"osm_id":"5742593422","code":2722,"fclass":"museum","name":"Museo Historico Rural","categoryId":"CULTURES","subcategoryId":"MUSEE"},"geometry":{"type":"Point","coordinates":[-60.86529,-35.0327]}},{"type":"Feature","properties":{"osm_id":"5742593429","code":2722,"fclass":"museum","name":"Cosas del Siglo Pasado","categoryId":"CULTURES","subcategoryId":"MUSEE"},"geometry":{"type":"Point","coordinates":[-60.92127,-35.13954]}},{"type":"Feature","properties":{"osm_id":"5742593431","code":2722,"fclass":"museum","name":"Museo del Indio","categoryId":"CULTURES","subcategoryId":"MUSEE"},"geometry":{"type":"Point","coordinates":[-60.99837,-35.16391]}},{"type":"Feature","properties":{"osm_id":"5750255823","code":2722,"fclass":"museum","name":"Museo de Piedras Preciosas","categoryId":"CULTURES","subcategoryId":"MUSEE"},"geometry":{"type":"Point","coordinates":[-64.48661,-31.11855]}},{"type":"Feature","properties":{"osm_id":"5760522576","code":2722,"fclass":"museum","name":"Museo Histórico Carmen de Areco","categoryId":"CULTURES","subcategoryId":"MUSEE"},"geometry":{"type":"Point","coordinates":[-59.82413,-34.3768]}},{"type":"Feature","properties":{"osm_id":"5766340654","code":2722,"fclass":"museum","name":"Sitio arqueológico de Hualco","categoryId":"CULTURES","subcategoryId":"MUSEE"},"geometry":{"type":"Point","coordinates":[-67.11931,-28.488]}},{"type":"Feature","properties":{"osm_id":"5777591616","code":2733,"fclass":"archaeological","name":"Aldea","categoryId":"CULTURES","subcategoryId":"SITE ARCHEOLOGIQUE"},"geometry":{"type":"Point","coordinates":[-69.17876,-30.04752]}},{"type":"Feature","properties":{"osm_id":"5785488332","code":2722,"fclass":"museum","name":"El Triunfo","categoryId":"CULTURES","subcategoryId":"MUSEE"},"geometry":{"type":"Point","coordinates":[-61.51607,-35.08727]}},{"type":"Feature","properties":{"osm_id":"5788204274","code":2722,"fclass":"museum","name":"Museo Archivo Histórico Hugo H. Diez","categoryId":"CULTURES","subcategoryId":"MUSEE"},"geometry":{"type":"Point","coordinates":[-60.80063,-37.5436]}},{"type":"Feature","properties":{"osm_id":"5797124260","code":2722,"fclass":"museum","name":"Museo Inti Huasi","categoryId":"CULTURES","subcategoryId":"MUSEE"},"geometry":{"type":"Point","coordinates":[-65.96225,-32.83528]}},{"type":"Feature","properties":{"osm_id":"5834939114","code":2722,"fclass":"museum","name":"Museo Histórico del Tuyú","categoryId":"CULTURES","subcategoryId":"MUSEE"},"geometry":{"type":"Point","coordinates":[-57.13555,-37.0052]}},{"type":"Feature","properties":{"osm_id":"5835181927","code":2722,"fclass":"museum","name":"Casa Museo Laten K Aike “Donde Viven Las Piedras”","categoryId":"CULTURES","subcategoryId":"MUSEE"},"geometry":{"type":"Point","coordinates":[-57.13297,-36.98932]}},{"type":"Feature","properties":{"osm_id":"5846994974","code":2722,"fclass":"museum","name":"Museo Histórico Regional General Villegas","categoryId":"CULTURES","subcategoryId":"MUSEE"},"geometry":{"type":"Point","coordinates":[-63.02206,-35.03097]}},{"type":"Feature","properties":{"osm_id":"5846994975","code":2722,"fclass":"museum","name":"Museo de Bellas Artes Carlos Alonso","categoryId":"CULTURES","subcategoryId":"MUSEE"},"geometry":{"type":"Point","coordinates":[-63.01375,-35.03348]}},{"type":"Feature","properties":{"osm_id":"5850559341","code":2722,"fclass":"museum","name":"Museo Penitenciario Argentino 'Antonio Ballvé'","categoryId":"CULTURES","subcategoryId":"MUSEE"},"geometry":{"type":"Point","coordinates":[-58.37099,-34.62092]}},{"type":"Feature","properties":{"osm_id":"5850576502","code":2722,"fclass":"museum","name":"Museo del agua y de la historia sanitaria","categoryId":"CULTURES","subcategoryId":"MUSEE"},"geometry":{"type":"Point","coordinates":[-58.3946,-34.60048]}},{"type":"Feature","properties":{"osm_id":"5852946241","code":2722,"fclass":"museum","name":"Museo Nacional de Arte Oriental","categoryId":"CULTURES","subcategoryId":"MUSEE"},"geometry":{"type":"Point","coordinates":[-58.37435,-34.59969]}},{"type":"Feature","properties":{"osm_id":"5871885324","code":2722,"fclass":"museum","name":"Museo Histórico Nicanor Olivera","categoryId":"CULTURES","subcategoryId":"MUSEE"},"geometry":{"type":"Point","coordinates":[-59.20435,-38.27977]}},{"type":"Feature","properties":{"osm_id":"5872595871","code":2722,"fclass":"museum","name":"Museo Histórico Alfredo Román Almada","categoryId":"CULTURES","subcategoryId":"MUSEE"},"geometry":{"type":"Point","coordinates":[-59.10344,-36.01834]}},{"type":"Feature","properties":{"osm_id":"5872595872","code":2722,"fclass":"museum","name":"Museo de Ciencias Naturales","categoryId":"CULTURES","subcategoryId":"MUSEE"},"geometry":{"type":"Point","coordinates":[-59.10361,-36.01848]}},{"type":"Feature","properties":{"osm_id":"5873056986","code":2722,"fclass":"museum","name":"Museo Municipal de Artes Visuales \"Hugo Musser\"","categoryId":"CULTURES","subcategoryId":"MUSEE"},"geometry":{"type":"Point","coordinates":[-58.01788,-31.39712]}},{"type":"Feature","properties":{"osm_id":"5877140202","code":2722,"fclass":"museum","name":"Museo Histórico y de Ciencias Naturales Pago de los Lobos","categoryId":"CULTURES","subcategoryId":"MUSEE"},"geometry":{"type":"Point","coordinates":[-59.09013,-35.17572]}},{"type":"Feature","properties":{"osm_id":"5912861012","code":2722,"fclass":"museum","name":"Museo y Archivo Histórico","categoryId":"CULTURES","subcategoryId":"MUSEE"},"geometry":{"type":"Point","coordinates":[-56.67611,-36.72948]}},{"type":"Feature","properties":{"osm_id":"5918620608","code":2733,"fclass":"archaeological","name":"Ciudad Arqueologica de Mishma","categoryId":"CULTURES","subcategoryId":"SITE ARCHEOLOGIQUE"},"geometry":{"type":"Point","coordinates":[-67.68818,-27.58574]}},{"type":"Feature","properties":{"osm_id":"5923398287","code":2722,"fclass":"museum","name":"Todo lo Nuestro","categoryId":"CULTURES","subcategoryId":"MUSEE"},"geometry":{"type":"Point","coordinates":[-66.17767,-25.12649]}},{"type":"Feature","properties":{"osm_id":"5926930912","code":2722,"fclass":"museum","name":"Museo Antropológico","categoryId":"CULTURES","subcategoryId":"MUSEE"},"geometry":{"type":"Point","coordinates":[-56.68691,-27.58437]}},{"type":"Feature","properties":{"osm_id":"5926930913","code":2722,"fclass":"museum","name":"Del Campo","categoryId":"CULTURES","subcategoryId":"MUSEE"},"geometry":{"type":"Point","coordinates":[-56.68805,-27.58478]}},{"type":"Feature","properties":{"osm_id":"5939146158","code":2722,"fclass":"museum","name":"Museo de los minerales","categoryId":"CULTURES","subcategoryId":"MUSEE"},"geometry":{"type":"Point","coordinates":[-64.77187,-31.89279]}},{"type":"Feature","properties":{"osm_id":"5960497869","code":2722,"fclass":"museum","name":"Museo Natural de Ciencias Naturales","categoryId":"CULTURES","subcategoryId":"MUSEE"},"geometry":{"type":"Point","coordinates":[-59.42859,-34.65073]}},{"type":"Feature","properties":{"osm_id":"5960497871","code":2722,"fclass":"museum","name":"Museo Histórico Municipal","categoryId":"CULTURES","subcategoryId":"MUSEE"},"geometry":{"type":"Point","coordinates":[-59.43051,-34.65622]}},{"type":"Feature","properties":{"osm_id":"5967821702","code":2722,"fclass":"museum","name":"Museo Folklórico","categoryId":"CULTURES","subcategoryId":"MUSEE"},"geometry":{"type":"Point","coordinates":[-67.15132,-27.71302]}},{"type":"Feature","properties":{"osm_id":"5969057302","code":2722,"fclass":"museum","name":"Museo de la Historia del Traje","categoryId":"CULTURES","subcategoryId":"MUSEE"},"geometry":{"type":"Point","coordinates":[-58.37792,-34.61633]}},{"type":"Feature","properties":{"osm_id":"5973415021","code":2722,"fclass":"museum","name":"Museo Histórico de la Prefectura Naval Argentina","categoryId":"CULTURES","subcategoryId":"MUSEE"},"geometry":{"type":"Point","coordinates":[-58.58755,-34.42086]}},{"type":"Feature","properties":{"osm_id":"5981895609","code":2722,"fclass":"museum","name":"Museo Casa de Batato Barea","categoryId":"CULTURES","subcategoryId":"MUSEE"},"geometry":{"type":"Point","coordinates":[-58.40856,-34.60108]}},{"type":"Feature","properties":{"osm_id":"5981911163","code":2722,"fclass":"museum","name":"Museo de Marcapasos y Precursores de la Medicina Moderna","categoryId":"CULTURES","subcategoryId":"MUSEE"},"geometry":{"type":"Point","coordinates":[-58.40542,-34.6167]}},{"type":"Feature","properties":{"osm_id":"5981927165","code":2722,"fclass":"museum","name":"Museo del Colegio de La Salle de Ciencias Naturales y del Hombre","categoryId":"CULTURES","subcategoryId":"MUSEE"},"geometry":{"type":"Point","coordinates":[-58.39439,-34.60151]}},{"type":"Feature","properties":{"osm_id":"5981929851","code":2722,"fclass":"museum","name":"Museo del Audífono","categoryId":"CULTURES","subcategoryId":"MUSEE"},"geometry":{"type":"Point","coordinates":[-58.39007,-34.60657]}},{"type":"Feature","properties":{"osm_id":"5981974142","code":2722,"fclass":"museum","name":"Museo del Senado de la Nación","categoryId":"CULTURES","subcategoryId":"MUSEE"},"geometry":{"type":"Point","coordinates":[-58.39064,-34.61037]}},{"type":"Feature","properties":{"osm_id":"5981990519","code":2722,"fclass":"museum","name":"Museo Forense","categoryId":"CULTURES","subcategoryId":"MUSEE"},"geometry":{"type":"Point","coordinates":[-58.39732,-34.6004]}},{"type":"Feature","properties":{"osm_id":"5982028439","code":2722,"fclass":"museum","name":"Museo Histórico de la Honorable Cámara de Diputados","categoryId":"CULTURES","subcategoryId":"MUSEE"},"geometry":{"type":"Point","coordinates":[-58.39589,-34.60806]}},{"type":"Feature","properties":{"osm_id":"5982044685","code":2722,"fclass":"museum","name":"Museo Parlamentario","categoryId":"CULTURES","subcategoryId":"MUSEE"},"geometry":{"type":"Point","coordinates":[-58.39069,-34.61035]}},{"type":"Feature","properties":{"osm_id":"5982121313","code":2722,"fclass":"museum","name":"Museo Municipal Hermanos Emiliozzi","categoryId":"CULTURES","subcategoryId":"MUSEE"},"geometry":{"type":"Point","coordinates":[-60.31621,-36.89462]}},{"type":"Feature","properties":{"osm_id":"5982121314","code":2722,"fclass":"museum","name":"Museo de Ciencias","categoryId":"CULTURES","subcategoryId":"MUSEE"},"geometry":{"type":"Point","coordinates":[-60.29601,-36.89765]}},{"type":"Feature","properties":{"osm_id":"5982121315","code":2722,"fclass":"museum","name":"Museo Dámaso Arce","categoryId":"CULTURES","subcategoryId":"MUSEE"},"geometry":{"type":"Point","coordinates":[-60.32199,-36.89426]}},{"type":"Feature","properties":{"osm_id":"5987682281","code":2722,"fclass":"museum","name":"Museo de Ciencias Naturales del Colegio San José","categoryId":"CULTURES","subcategoryId":"MUSEE"},"geometry":{"type":"Point","coordinates":[-58.40092,-34.608]}},{"type":"Feature","properties":{"osm_id":"5987887400","code":2722,"fclass":"museum","name":"El Templo del Fútbol","categoryId":"CULTURES","subcategoryId":"MUSEE"},"geometry":{"type":"Point","coordinates":[-58.47333,-34.60594]}},{"type":"Feature","properties":{"osm_id":"5988013429","code":2722,"fclass":"museum","name":"Museo archivo tecno educativo Lorenzo Raggio","categoryId":"CULTURES","subcategoryId":"MUSEE"},"geometry":{"type":"Point","coordinates":[-58.46615,-34.53595]}},{"type":"Feature","properties":{"osm_id":"5990913474","code":2722,"fclass":"museum","name":"Museo de la Fotografía 'Humberto F. Zappa'","categoryId":"CULTURES","subcategoryId":"MUSEE"},"geometry":{"type":"Point","coordinates":[-58.369,-34.61307]}},{"type":"Feature","properties":{"osm_id":"5991452317","code":2722,"fclass":"museum","name":"Museo de Maquetas","categoryId":"CULTURES","subcategoryId":"MUSEE"},"geometry":{"type":"Point","coordinates":[-58.44412,-34.5415]}},{"type":"Feature","properties":{"osm_id":"6011595654","code":2722,"fclass":"museum","name":"Museo de Mineralogía 'Dra. Elmira Inés Mórtola'","categoryId":"CULTURES","subcategoryId":"MUSEE"},"geometry":{"type":"Point","coordinates":[-58.44216,-34.54181]}},{"type":"Feature","properties":{"osm_id":"6016526276","code":2722,"fclass":"museum","name":"Museo El Porvenir","categoryId":"CULTURES","subcategoryId":"MUSEE"},"geometry":{"type":"Point","coordinates":[-58.40468,-32.1745]}},{"type":"Feature","properties":{"osm_id":"6035710188","code":2733,"fclass":"archaeological","name":"Ruinas Inca (Tambillitos)","categoryId":"CULTURES","subcategoryId":"SITE ARCHEOLOGIQUE"},"geometry":{"type":"Point","coordinates":[-69.58331,-32.75055]}},{"type":"Feature","properties":{"osm_id":"6039877025","code":2733,"fclass":"archaeological","name":"Ruinas Inca (Tambo de Ranchillos)","categoryId":"CULTURES","subcategoryId":"SITE ARCHEOLOGIQUE"},"geometry":{"type":"Point","coordinates":[-69.46856,-32.60617]}},{"type":"Feature","properties":{"osm_id":"6042890423","code":2722,"fclass":"museum","name":"Don Francisco Soto y Calvo","categoryId":"CULTURES","subcategoryId":"MUSEE"},"geometry":{"type":"Point","coordinates":[-60.06919,-33.50341]}},{"type":"Feature","properties":{"osm_id":"6044078220","code":2722,"fclass":"museum","name":"Museo del Golf Roberto De Vicenzo","categoryId":"CULTURES","subcategoryId":"MUSEE"},"geometry":{"type":"Point","coordinates":[-58.21482,-34.78354]}},{"type":"Feature","properties":{"osm_id":"6049539349","code":2722,"fclass":"museum","name":"Museo Barrio de Flores","categoryId":"CULTURES","subcategoryId":"MUSEE"},"geometry":{"type":"Point","coordinates":[-58.45583,-34.62793]}},{"type":"Feature","properties":{"osm_id":"6053624952","code":2733,"fclass":"archaeological","name":"Ruinas Inca (Tambo de Tambillos, sector II)","categoryId":"CULTURES","subcategoryId":"SITE ARCHEOLOGIQUE"},"geometry":{"type":"Point","coordinates":[-69.39043,-32.38272]}},{"type":"Feature","properties":{"osm_id":"6053624953","code":2733,"fclass":"archaeological","name":"Ruinas Inca (Tambo de Tambillos, sector III)","categoryId":"CULTURES","subcategoryId":"SITE ARCHEOLOGIQUE"},"geometry":{"type":"Point","coordinates":[-69.38865,-32.38483]}},{"type":"Feature","properties":{"osm_id":"6056281449","code":2733,"fclass":"archaeological","name":"Huellas de un campamento Inca (Cienaga Yalguaraz)","categoryId":"CULTURES","subcategoryId":"SITE ARCHEOLOGIQUE"},"geometry":{"type":"Point","coordinates":[-69.36625,-32.09891]}},{"type":"Feature","properties":{"osm_id":"6064300972","code":2722,"fclass":"museum","name":"Museo del Chocolate","categoryId":"CULTURES","subcategoryId":"MUSEE"},"geometry":{"type":"Point","coordinates":[-71.32338,-41.13211]}},{"type":"Feature","properties":{"osm_id":"6067567365","code":2722,"fclass":"museum","name":"Museo Bolsa de Comercio","categoryId":"CULTURES","subcategoryId":"MUSEE"},"geometry":{"type":"Point","coordinates":[-60.64251,-32.94524]}},{"type":"Feature","properties":{"osm_id":"6067567480","code":2722,"fclass":"museum","name":"Museo de la Salud","categoryId":"CULTURES","subcategoryId":"MUSEE"},"geometry":{"type":"Point","coordinates":[-60.63445,-32.94866]}},{"type":"Feature","properties":{"osm_id":"6100996652","code":2722,"fclass":"museum","name":"Museo Histórico Militar Fortín Chacabuco","categoryId":"CULTURES","subcategoryId":"MUSEE"},"geometry":{"type":"Point","coordinates":[-67.43489,-45.77338]}},{"type":"Feature","properties":{"osm_id":"6100996653","code":2722,"fclass":"museum","name":"Museo Regional Patagónico “Profesor Antonio Garcés”","categoryId":"CULTURES","subcategoryId":"MUSEE"},"geometry":{"type":"Point","coordinates":[-67.49036,-45.86229]}},{"type":"Feature","properties":{"osm_id":"6106765059","code":2722,"fclass":"museum","name":"Museo archeologico de Tastil","categoryId":"CULTURES","subcategoryId":"MUSEE"},"geometry":{"type":"Point","coordinates":[-65.95259,-24.45085]}},{"type":"Feature","properties":{"osm_id":"6112922309","code":2722,"fclass":"museum","name":"Museo Sanmartiniano de Tucumán","categoryId":"CULTURES","subcategoryId":"MUSEE"},"geometry":{"type":"Point","coordinates":[-64.94468,-26.71594]}},{"type":"Feature","properties":{"osm_id":"6117406522","code":2722,"fclass":"museum","name":"Museo Municipal de Artes Plásticas Faustino Jorge Bonadeo","categoryId":"CULTURES","subcategoryId":"MUSEE"},"geometry":{"type":"Point","coordinates":[-59.09333,-36.77829]}},{"type":"Feature","properties":{"osm_id":"6131104067","code":2722,"fclass":"museum","name":"Museo Histórico del Regimiento Granaderos a Caballo 'General San Martín'","categoryId":"CULTURES","subcategoryId":"MUSEE"},"geometry":{"type":"Point","coordinates":[-58.43503,-34.57205]}},{"type":"Feature","properties":{"osm_id":"6136960295","code":2722,"fclass":"museum","name":"Museo Histórico Teniente de Gobernador Manuel Cabral de Melo y Alpoín","categoryId":"CULTURES","subcategoryId":"MUSEE"},"geometry":{"type":"Point","coordinates":[-58.83736,-27.46646]}},{"type":"Feature","properties":{"osm_id":"6142191800","code":2722,"fclass":"museum","name":"Museo de Ciencias Naturales \"Amado Bonpland\"","categoryId":"CULTURES","subcategoryId":"MUSEE"},"geometry":{"type":"Point","coordinates":[-58.84887,-27.46556]}},{"type":"Feature","properties":{"osm_id":"6152698687","code":2722,"fclass":"museum","name":"Museo Leleque","categoryId":"CULTURES","subcategoryId":"MUSEE"},"geometry":{"type":"Point","coordinates":[-71.09025,-42.39751]}},{"type":"Feature","properties":{"osm_id":"6157194106","code":2722,"fclass":"museum","name":"Camin Cosquin Museo","categoryId":"CULTURES","subcategoryId":"MUSEE"},"geometry":{"type":"Point","coordinates":[-64.46212,-31.21944]}},{"type":"Feature","properties":{"osm_id":"6160235679","code":2722,"fclass":"museum","name":"Museo de Informática","categoryId":"CULTURES","subcategoryId":"MUSEE"},"geometry":{"type":"Point","coordinates":[-58.37748,-34.59644]}},{"type":"Feature","properties":{"osm_id":"6196637796","code":2722,"fclass":"museum","name":"Museo Histórico Municipal","categoryId":"CULTURES","subcategoryId":"MUSEE"},"geometry":{"type":"Point","coordinates":[-57.0865,-29.71815]}},{"type":"Feature","properties":{"osm_id":"6208595825","code":2722,"fclass":"museum","name":"Museo de Saladillo","categoryId":"CULTURES","subcategoryId":"MUSEE"},"geometry":{"type":"Point","coordinates":[-59.77932,-35.63772]}},{"type":"Feature","properties":{"osm_id":"6221070466","code":2722,"fclass":"museum","name":"Museo Rincón de Historia","categoryId":"CULTURES","subcategoryId":"MUSEE"},"geometry":{"type":"Point","coordinates":[-60.24963,-34.293]}},{"type":"Feature","properties":{"osm_id":"6221070467","code":2722,"fclass":"museum","name":"Museo Del Tango Roberto Firpo","categoryId":"CULTURES","subcategoryId":"MUSEE"},"geometry":{"type":"Point","coordinates":[-60.25189,-34.28955]}},{"type":"Feature","properties":{"osm_id":"6238256342","code":2722,"fclass":"museum","name":"Museo y Centro de Cultura","categoryId":"CULTURES","subcategoryId":"MUSEE"},"geometry":{"type":"Point","coordinates":[-60.02693,-36.35547]}},{"type":"Feature","properties":{"osm_id":"6252690482","code":2722,"fclass":"museum","name":"Museo Andés Rodriguez","categoryId":"CULTURES","subcategoryId":"MUSEE"},"geometry":{"type":"Point","coordinates":[-65.79693,-33.50409]}},{"type":"Feature","properties":{"osm_id":"6279560925","code":2722,"fclass":"museum","name":"Museo Alicia Zanona","categoryId":"CULTURES","subcategoryId":"MUSEE"},"geometry":{"type":"Point","coordinates":[-64.45348,-40.10466]}},{"type":"Feature","properties":{"osm_id":"6285769443","code":2722,"fclass":"museum","name":"Casa Museo Miguel Nadasdy","categoryId":"CULTURES","subcategoryId":"MUSEE"},"geometry":{"type":"Point","coordinates":[-55.53684,-27.25652]}},{"type":"Feature","properties":{"osm_id":"6286345286","code":2722,"fclass":"museum","name":"Museo Casa de los pioneros Mario Hernández","categoryId":"CULTURES","subcategoryId":"MUSEE"},"geometry":{"type":"Point","coordinates":[-68.51216,-50.01932]}},{"type":"Feature","properties":{"osm_id":"6304450285","code":2722,"fclass":"museum","name":"Museo Regional Rada Tilly","categoryId":"CULTURES","subcategoryId":"MUSEE"},"geometry":{"type":"Point","coordinates":[-67.55879,-45.93426]}},{"type":"Feature","properties":{"osm_id":"6305084464","code":2722,"fclass":"museum","name":"Museo y Archivo Brandsen","categoryId":"CULTURES","subcategoryId":"MUSEE"},"geometry":{"type":"Point","coordinates":[-58.23468,-35.16737]}},{"type":"Feature","properties":{"osm_id":"6316882813","code":2722,"fclass":"museum","name":"Museo de Municiones","categoryId":"CULTURES","subcategoryId":"MUSEE"},"geometry":{"type":"Point","coordinates":[-65.0023,-31.74321]}},{"type":"Feature","properties":{"osm_id":"6341403246","code":2722,"fclass":"museum","name":"Los Rostros de la Pampa","categoryId":"CULTURES","subcategoryId":"MUSEE"},"geometry":{"type":"Point","coordinates":[-59.43316,-34.12379]}},{"type":"Feature","properties":{"osm_id":"6370376754","code":2733,"fclass":"archaeological","name":"Batalla de Cepeda de 1859","categoryId":"CULTURES","subcategoryId":"SITE ARCHEOLOGIQUE"},"geometry":{"type":"Point","coordinates":[-60.54281,-33.69632]}},{"type":"Feature","properties":{"osm_id":"6379773579","code":2722,"fclass":"museum","name":"Museo Paleontológico y Petrolero de Astra","categoryId":"CULTURES","subcategoryId":"MUSEE"},"geometry":{"type":"Point","coordinates":[-67.50261,-45.738]}},{"type":"Feature","properties":{"osm_id":"6405262597","code":2733,"fclass":"archaeological","name":null,"categoryId":"CULTURES","subcategoryId":"SITE ARCHEOLOGIQUE"},"geometry":{"type":"Point","coordinates":[-70.15635,-39.31128]}},{"type":"Feature","properties":{"osm_id":"6407852785","code":2722,"fclass":"museum","name":"Desvío las Leñas","categoryId":"CULTURES","subcategoryId":"MUSEE"},"geometry":{"type":"Point","coordinates":[-69.98328,-32.82121]}},{"type":"Feature","properties":{"osm_id":"6415277632","code":2722,"fclass":"museum","name":"Museo Interactivo de Matemática","categoryId":"CULTURES","subcategoryId":"MUSEE"},"geometry":{"type":"Point","coordinates":[-58.43961,-34.54454]}},{"type":"Feature","properties":{"osm_id":"6415303438","code":2722,"fclass":"museum","name":"Museo de los Patricios de Buenos Ayres","categoryId":"CULTURES","subcategoryId":"MUSEE"},"geometry":{"type":"Point","coordinates":[-58.42657,-34.5764]}},{"type":"Feature","properties":{"osm_id":"6415305571","code":2722,"fclass":"museum","name":"Museo del Automóvil Club Argentino","categoryId":"CULTURES","subcategoryId":"MUSEE"},"geometry":{"type":"Point","coordinates":[-58.40016,-34.58294]}},{"type":"Feature","properties":{"osm_id":"6415310064","code":2722,"fclass":"museum","name":"Museo y Archivo Histórico de la Facultad de Derecho de la Universidad De Buenos Aires","categoryId":"CULTURES","subcategoryId":"MUSEE"},"geometry":{"type":"Point","coordinates":[-58.39153,-34.5826]}},{"type":"Feature","properties":{"osm_id":"6415312616","code":2722,"fclass":"museum","name":"Claustros históricos Basílica del Pilar","categoryId":"CULTURES","subcategoryId":"MUSEE"},"geometry":{"type":"Point","coordinates":[-58.39201,-34.58666]}},{"type":"Feature","properties":{"osm_id":"6415316628","code":2722,"fclass":"museum","name":"Museo Notario 'Roberto Mario Arata'","categoryId":"CULTURES","subcategoryId":"MUSEE"},"geometry":{"type":"Point","coordinates":[-58.39031,-34.58958]}},{"type":"Feature","properties":{"osm_id":"6415318221","code":2722,"fclass":"museum","name":"Museo 'Padre Coll'","categoryId":"CULTURES","subcategoryId":"MUSEE"},"geometry":{"type":"Point","coordinates":[-58.39695,-34.59415]}},{"type":"Feature","properties":{"osm_id":"6415320311","code":2722,"fclass":"museum","name":"Museo Xul Solar","categoryId":"CULTURES","subcategoryId":"MUSEE"},"geometry":{"type":"Point","coordinates":[-58.40788,-34.59452]}},{"type":"Feature","properties":{"osm_id":"6416664478","code":2722,"fclass":"museum","name":"Museo Regina Pacini de Alvear","categoryId":"CULTURES","subcategoryId":"MUSEE"},"geometry":{"type":"Point","coordinates":[-58.38503,-34.59549]}},{"type":"Feature","properties":{"osm_id":"6417033140","code":2722,"fclass":"museum","name":"Museo de Odontología","categoryId":"CULTURES","subcategoryId":"MUSEE"},"geometry":{"type":"Point","coordinates":[-58.39727,-34.59785]}},{"type":"Feature","properties":{"osm_id":"6417035816","code":2722,"fclass":"museum","name":"Museo de la Historia de la Cirugía","categoryId":"CULTURES","subcategoryId":"MUSEE"},"geometry":{"type":"Point","coordinates":[-58.3984,-34.59818]}},{"type":"Feature","properties":{"osm_id":"6417047450","code":2722,"fclass":"museum","name":"Museo Kosice","categoryId":"CULTURES","subcategoryId":"MUSEE"},"geometry":{"type":"Point","coordinates":[-58.43075,-34.60101]}},{"type":"Feature","properties":{"osm_id":"6417104233","code":2722,"fclass":"museum","name":"Museo le los Niños Abasto","categoryId":"CULTURES","subcategoryId":"MUSEE"},"geometry":{"type":"Point","coordinates":[-58.41088,-34.60379]}},{"type":"Feature","properties":{"osm_id":"6417122475","code":2722,"fclass":"museum","name":"Casa Histórica 'Isaac Fernández Blanco'","categoryId":"CULTURES","subcategoryId":"MUSEE"},"geometry":{"type":"Point","coordinates":[-58.38651,-34.61007]}},{"type":"Feature","properties":{"osm_id":"6417248982","code":2722,"fclass":"museum","name":"Museo de Minerales","categoryId":"CULTURES","subcategoryId":"MUSEE"},"geometry":{"type":"Point","coordinates":[-58.37571,-34.61084]}},{"type":"Feature","properties":{"osm_id":"6419585725","code":2722,"fclass":"museum","name":"Museo Sacro de San Miguel","categoryId":"CULTURES","subcategoryId":"MUSEE"},"geometry":{"type":"Point","coordinates":[-57.58831,-27.99831]}},{"type":"Feature","properties":{"osm_id":"6424391125","code":2722,"fclass":"museum","name":"Museo Itinerante de Arte Contemporáneo del Mercosur","categoryId":"CULTURES","subcategoryId":"MUSEE"},"geometry":{"type":"Point","coordinates":[-58.4012,-34.63617]}},{"type":"Feature","properties":{"osm_id":"6426834502","code":2722,"fclass":"museum","name":"Museo Memorias de San Juan Evangelista","categoryId":"CULTURES","subcategoryId":"MUSEE"},"geometry":{"type":"Point","coordinates":[-58.3595,-34.63666]}},{"type":"Feature","properties":{"osm_id":"6427014587","code":2722,"fclass":"museum","name":"Museo Ana P. Boleas","categoryId":"CULTURES","subcategoryId":"MUSEE"},"geometry":{"type":"Point","coordinates":[-59.44668,-31.34109]}},{"type":"Feature","properties":{"osm_id":"6431920279","code":2722,"fclass":"museum","name":"Museo de Ciencias Naturales de Especialidad Zoológica Médica","categoryId":"CULTURES","subcategoryId":"MUSEE"},"geometry":{"type":"Point","coordinates":[-58.39011,-34.64131]}},{"type":"Feature","properties":{"osm_id":"6431927985","code":2722,"fclass":"museum","name":"Museo de la Balanza","categoryId":"CULTURES","subcategoryId":"MUSEE"},"geometry":{"type":"Point","coordinates":[-58.37716,-34.648]}},{"type":"Feature","properties":{"osm_id":"6431935018","code":2722,"fclass":"museum","name":"Museo Etnográfico de las Obras Misionales Pontificias","categoryId":"CULTURES","subcategoryId":"MUSEE"},"geometry":{"type":"Point","coordinates":[-58.42051,-34.60155]}},{"type":"Feature","properties":{"osm_id":"6431941095","code":2722,"fclass":"museum","name":"Museo de la anestesia y biblioteca histórica de la AAARBA","categoryId":"CULTURES","subcategoryId":"MUSEE"},"geometry":{"type":"Point","coordinates":[-58.44818,-34.62291]}},{"type":"Feature","properties":{"osm_id":"6432865538","code":2722,"fclass":"museum","name":"Museo de la Casa de Moneda","categoryId":"CULTURES","subcategoryId":"MUSEE"},"geometry":{"type":"Point","coordinates":[-58.37241,-34.58391]}},{"type":"Feature","properties":{"osm_id":"6433365398","code":2722,"fclass":"museum","name":"Museo Nacional del Grabado","categoryId":"CULTURES","subcategoryId":"MUSEE"},"geometry":{"type":"Point","coordinates":[-58.39453,-34.59758]}},{"type":"Feature","properties":{"osm_id":"6433376874","code":2722,"fclass":"museum","name":"Museo del antiguo recinto del Congreso Nacional","categoryId":"CULTURES","subcategoryId":"MUSEE"},"geometry":{"type":"Point","coordinates":[-58.3709,-34.60943]}},{"type":"Feature","properties":{"osm_id":"6433381287","code":2722,"fclass":"museum","name":"Museo General Belgrano","categoryId":"CULTURES","subcategoryId":"MUSEE"},"geometry":{"type":"Point","coordinates":[-58.49442,-34.63331]}},{"type":"Feature","properties":{"osm_id":"6436916774","code":2722,"fclass":"museum","name":"Museo Histórico de Cera","categoryId":"CULTURES","subcategoryId":"MUSEE"},"geometry":{"type":"Point","coordinates":[-58.36258,-34.63839]}},{"type":"Feature","properties":{"osm_id":"6436966180","code":2722,"fclass":"museum","name":"Museo de Patología","categoryId":"CULTURES","subcategoryId":"MUSEE"},"geometry":{"type":"Point","coordinates":[-58.39907,-34.59756]}},{"type":"Feature","properties":{"osm_id":"6437016365","code":2722,"fclass":"museum","name":"Museo Houssay de Historia de la Ciencia y la Tecnología","categoryId":"CULTURES","subcategoryId":"MUSEE"},"geometry":{"type":"Point","coordinates":[-58.39824,-34.5982]}},{"type":"Feature","properties":{"osm_id":"6437028761","code":2722,"fclass":"museum","name":"Museo Casa Taller 'Celia Chevalier'","categoryId":"CULTURES","subcategoryId":"MUSEE"},"geometry":{"type":"Point","coordinates":[-58.36605,-34.63929]}},{"type":"Feature","properties":{"osm_id":"6437125104","code":2722,"fclass":"museum","name":"Museo de las Escuelas","categoryId":"CULTURES","subcategoryId":"MUSEE"},"geometry":{"type":"Point","coordinates":[-58.36781,-34.62316]}},{"type":"Feature","properties":{"osm_id":"6437146001","code":2722,"fclass":"museum","name":"Museo Policial","categoryId":"CULTURES","subcategoryId":"MUSEE"},"geometry":{"type":"Point","coordinates":[-58.37367,-34.60384]}},{"type":"Feature","properties":{"osm_id":"6437152007","code":2722,"fclass":"museum","name":"Museo de Farmacobotánica","categoryId":"CULTURES","subcategoryId":"MUSEE"},"geometry":{"type":"Point","coordinates":[-58.39762,-34.59783]}},{"type":"Feature","properties":{"osm_id":"6438743519","code":2722,"fclass":"museum","name":"Museo Tecnológico 'Ing. Eduardo Latzina'","categoryId":"CULTURES","subcategoryId":"MUSEE"},"geometry":{"type":"Point","coordinates":[-58.36869,-34.61501]}},{"type":"Feature","properties":{"osm_id":"6438830285","code":2722,"fclass":"museum","name":"Museo Geográfico 'Dr. Juan B. Terán' y Museo de Ciencias Naturales 'Ángel Gallardo'","categoryId":"CULTURES","subcategoryId":"MUSEE"},"geometry":{"type":"Point","coordinates":[-58.40105,-34.63492]}},{"type":"Feature","properties":{"osm_id":"6438879617","code":2722,"fclass":"museum","name":"Instituto Nacional de Estudios De Teatro","categoryId":"CULTURES","subcategoryId":"MUSEE"},"geometry":{"type":"Point","coordinates":[-58.38393,-34.59897]}},{"type":"Feature","properties":{"osm_id":"6438930117","code":2722,"fclass":"museum","name":"Museo Sadaic 'Vicente López y Planes'","categoryId":"CULTURES","subcategoryId":"MUSEE"},"geometry":{"type":"Point","coordinates":[-58.38861,-34.60285]}},{"type":"Feature","properties":{"osm_id":"6439080334","code":2722,"fclass":"museum","name":"Escuela Museo de Bellas Artes 'General Urquiza'","categoryId":"CULTURES","subcategoryId":"MUSEE"},"geometry":{"type":"Point","coordinates":[-58.4625,-34.62758]}},{"type":"Feature","properties":{"osm_id":"6439099721","code":2722,"fclass":"museum","name":"Museo Histórico y Numismático del Banco de la Nación Argentina","categoryId":"CULTURES","subcategoryId":"MUSEE"},"geometry":{"type":"Point","coordinates":[-58.37118,-34.60672]}},{"type":"Feature","properties":{"osm_id":"6439722697","code":2722,"fclass":"museum","name":"Museo Histórico de la ARCA","categoryId":"CULTURES","subcategoryId":"MUSEE"},"geometry":{"type":"Point","coordinates":[-58.37164,-34.60904]}},{"type":"Feature","properties":{"osm_id":"6439743718","code":2722,"fclass":"museum","name":"Museo de la Facultad de Odontología","categoryId":"CULTURES","subcategoryId":"MUSEE"},"geometry":{"type":"Point","coordinates":[-58.39821,-34.59738]}},{"type":"Feature","properties":{"osm_id":"6439749320","code":2722,"fclass":"museum","name":"Museo Notarial Argentino","categoryId":"CULTURES","subcategoryId":"MUSEE"},"geometry":{"type":"Point","coordinates":[-58.39163,-34.59125]}},{"type":"Feature","properties":{"osm_id":"6439751574","code":2722,"fclass":"museum","name":"Museo Manoblanca","categoryId":"CULTURES","subcategoryId":"MUSEE"},"geometry":{"type":"Point","coordinates":[-58.42377,-34.65101]}},{"type":"Feature","properties":{"osm_id":"6439756188","code":2722,"fclass":"museum","name":"Archivo y Museo del Banco de la Provincia de Buenos Aires","categoryId":"CULTURES","subcategoryId":"MUSEE"},"geometry":{"type":"Point","coordinates":[-58.37208,-34.60426]}},{"type":"Feature","properties":{"osm_id":"6439758501","code":2722,"fclass":"museum","name":"Museo Histórico de la Gendarmería Nacional","categoryId":"CULTURES","subcategoryId":"MUSEE"},"geometry":{"type":"Point","coordinates":[-58.375,-34.58099]}},{"type":"Feature","properties":{"osm_id":"6439760480","code":2722,"fclass":"museum","name":"Museo Participativo de Ciencias","categoryId":"CULTURES","subcategoryId":"MUSEE"},"geometry":{"type":"Point","coordinates":[-58.39185,-34.58635]}},{"type":"Feature","properties":{"osm_id":"6439763537","code":2722,"fclass":"museum","name":"Museo de Ciencia y Técnica","categoryId":"CULTURES","subcategoryId":"MUSEE"},"geometry":{"type":"Point","coordinates":[-58.39629,-34.58854]}},{"type":"Feature","properties":{"osm_id":"6439769968","code":2722,"fclass":"museum","name":"Museo de la Deuda Externa","categoryId":"CULTURES","subcategoryId":"MUSEE"},"geometry":{"type":"Point","coordinates":[-58.39849,-34.60028]}},{"type":"Feature","properties":{"osm_id":"6439772343","code":2722,"fclass":"museum","name":"Museo Iser","categoryId":"CULTURES","subcategoryId":"MUSEE"},"geometry":{"type":"Point","coordinates":[-58.37304,-34.58926]}},{"type":"Feature","properties":{"osm_id":"6439773115","code":2722,"fclass":"museum","name":"Museo Histórico Vecinal de Flores","categoryId":"CULTURES","subcategoryId":"MUSEE"},"geometry":{"type":"Point","coordinates":[-58.47082,-34.62776]}},{"type":"Feature","properties":{"osm_id":"6444261165","code":2722,"fclass":"museum","name":"Museo Franciscano","categoryId":"CULTURES","subcategoryId":"MUSEE"},"geometry":{"type":"Point","coordinates":[-58.37173,-34.61021]}},{"type":"Feature","properties":{"osm_id":"6463393957","code":2722,"fclass":"museum","name":"Museo Histórico y Regional 'Gabriel Campomar Cervera'","categoryId":"CULTURES","subcategoryId":"MUSEE"},"geometry":{"type":"Point","coordinates":[-62.95897,-36.75244]}},{"type":"Feature","properties":{"osm_id":"6465987287","code":2722,"fclass":"museum","name":"Museo Piedras del Mundo","categoryId":"CULTURES","subcategoryId":"MUSEE"},"geometry":{"type":"Point","coordinates":[-67.52514,-30.5764]}},{"type":"Feature","properties":{"osm_id":"6476766087","code":2722,"fclass":"museum","name":"Museo Genaro Pérez","categoryId":"CULTURES","subcategoryId":"MUSEE"},"geometry":{"type":"Point","coordinates":[-64.18671,-31.41478]}},{"type":"Feature","properties":{"osm_id":"6504985375","code":2722,"fclass":"museum","name":"Museo Automóvilístico","categoryId":"CULTURES","subcategoryId":"MUSEE"},"geometry":{"type":"Point","coordinates":[-64.91991,-27.51117]}},{"type":"Feature","properties":{"osm_id":"6510197545","code":2722,"fclass":"museum","name":"Museo Maracó","categoryId":"CULTURES","subcategoryId":"MUSEE"},"geometry":{"type":"Point","coordinates":[-63.75658,-35.66346]}},{"type":"Feature","properties":{"osm_id":"6514939765","code":2722,"fclass":"museum","name":"Museo Internacional para la Democracia","categoryId":"CULTURES","subcategoryId":"MUSEE"},"geometry":{"type":"Point","coordinates":[-60.63809,-32.94525]}},{"type":"Feature","properties":{"osm_id":"6635734687","code":2722,"fclass":"museum","name":"Museo integral de la Reserva de Biosfera de Laguna Blanca","categoryId":"CULTURES","subcategoryId":"MUSEE"},"geometry":{"type":"Point","coordinates":[-66.95006,-26.58583]}},{"type":"Feature","properties":{"osm_id":"6683166707","code":2722,"fclass":"museum","name":"Museo de la estación","categoryId":"CULTURES","subcategoryId":"MUSEE"},"geometry":{"type":"Point","coordinates":[-58.50362,-31.62928]}},{"type":"Feature","properties":{"osm_id":"6689909191","code":2722,"fclass":"museum","name":"Museo Aeronáutico Militar","categoryId":"CULTURES","subcategoryId":"MUSEE"},"geometry":{"type":"Point","coordinates":[-60.81652,-32.93148]}},{"type":"Feature","properties":{"osm_id":"6701996014","code":2733,"fclass":"archaeological","name":"Pucará de Rinconada","categoryId":"CULTURES","subcategoryId":"SITE ARCHEOLOGIQUE"},"geometry":{"type":"Point","coordinates":[-66.1151,-22.56984]}},{"type":"Feature","properties":{"osm_id":"6707691188","code":2722,"fclass":"museum","name":"Centro de interpretación de los Esteros del Iberá","categoryId":"CULTURES","subcategoryId":"MUSEE"},"geometry":{"type":"Point","coordinates":[-57.88838,-28.39258]}},{"type":"Feature","properties":{"osm_id":"6750485136","code":2722,"fclass":"museum","name":"Casa Museo de la Ciudad","categoryId":"CULTURES","subcategoryId":"MUSEE"},"geometry":{"type":"Point","coordinates":[-65.20924,-26.82221]}},{"type":"Feature","properties":{"osm_id":"6778413841","code":2722,"fclass":"museum","name":"Museo Rosenda Quiroga","categoryId":"CULTURES","subcategoryId":"MUSEE"},"geometry":{"type":"Point","coordinates":[-66.12122,-32.59878]}},{"type":"Feature","properties":{"osm_id":"6778413850","code":2722,"fclass":"museum","name":null,"categoryId":"CULTURES","subcategoryId":"MUSEE"},"geometry":{"type":"Point","coordinates":[-66.12719,-32.60087]}},{"type":"Feature","properties":{"osm_id":"6781179091","code":2722,"fclass":"museum","name":"Casa Museo Henry Viegas","categoryId":"CULTURES","subcategoryId":"MUSEE"},"geometry":{"type":"Point","coordinates":[-66.1287,-32.61615]}},{"type":"Feature","properties":{"osm_id":"6781670563","code":2722,"fclass":"museum","name":"Deodora Roca","categoryId":"CULTURES","subcategoryId":"MUSEE"},"geometry":{"type":"Point","coordinates":[-64.38707,-30.77725]}},{"type":"Feature","properties":{"osm_id":"6784046346","code":2722,"fclass":"museum","name":"Museo De La Poesía","categoryId":"CULTURES","subcategoryId":"MUSEE"},"geometry":{"type":"Point","coordinates":[-66.08579,-32.80541]}},{"type":"Feature","properties":{"osm_id":"6848974708","code":2722,"fclass":"museum","name":"Museo de Arte Contemporáneo - UNL","categoryId":"CULTURES","subcategoryId":"MUSEE"},"geometry":{"type":"Point","coordinates":[-60.69183,-31.63786]}},{"type":"Feature","properties":{"osm_id":"6919173631","code":2722,"fclass":"museum","name":"Museo Casa de Horacio Quiroga","categoryId":"CULTURES","subcategoryId":"MUSEE"},"geometry":{"type":"Point","coordinates":[-55.55212,-27.265]}},{"type":"Feature","properties":{"osm_id":"6938521894","code":2722,"fclass":"museum","name":"Museo de Artes Plásticas Pompeo Boggio","categoryId":"CULTURES","subcategoryId":"MUSEE"},"geometry":{"type":"Point","coordinates":[-60.02256,-34.89129]}},{"type":"Feature","properties":{"osm_id":"7004112188","code":2722,"fclass":"museum","name":"Mumpa paleontológico","categoryId":"CULTURES","subcategoryId":"MUSEE"},"geometry":{"type":"Point","coordinates":[-61.01885,-34.66337]}},{"type":"Feature","properties":{"osm_id":"7014933185","code":2722,"fclass":"museum","name":null,"categoryId":"CULTURES","subcategoryId":"MUSEE"},"geometry":{"type":"Point","coordinates":[-60.84157,-26.80486]}},{"type":"Feature","properties":{"osm_id":"7022160491","code":2722,"fclass":"museum","name":"Museo Indígena","categoryId":"CULTURES","subcategoryId":"MUSEE"},"geometry":{"type":"Point","coordinates":[-65.45492,-22.09863]}},{"type":"Feature","properties":{"osm_id":"7045760920","code":2733,"fclass":"archaeological","name":"Ex Reflejos Disco","categoryId":"CULTURES","subcategoryId":"SITE ARCHEOLOGIQUE"},"geometry":{"type":"Point","coordinates":[-67.24062,-39.06872]}},{"type":"Feature","properties":{"osm_id":"7058043936","code":2722,"fclass":"museum","name":null,"categoryId":"CULTURES","subcategoryId":"MUSEE"},"geometry":{"type":"Point","coordinates":[-72.96055,-49.21927]}},{"type":"Feature","properties":{"osm_id":"7064587534","code":2733,"fclass":"archaeological","name":"Punta Querandi","categoryId":"CULTURES","subcategoryId":"SITE ARCHEOLOGIQUE"},"geometry":{"type":"Point","coordinates":[-58.7052,-34.37235]}},{"type":"Feature","properties":{"osm_id":"7083125495","code":2722,"fclass":"museum","name":"Museo Doctor Roberto Habenicht","categoryId":"CULTURES","subcategoryId":"MUSEE"},"geometry":{"type":"Point","coordinates":[-60.45371,-32.06559]}},{"type":"Feature","properties":{"osm_id":"7089429086","code":2722,"fclass":"museum","name":"Museo municipal de Artes Visuales Sor Josefa Díaz y Clucellas","categoryId":"CULTURES","subcategoryId":"MUSEE"},"geometry":{"type":"Point","coordinates":[-60.70808,-31.65171]}},{"type":"Feature","properties":{"osm_id":"7092258685","code":2722,"fclass":"museum","name":"Cubo Blanco Móvil","categoryId":"CULTURES","subcategoryId":"MUSEE"},"geometry":{"type":"Point","coordinates":[-67.02699,-27.65312]}},{"type":"Feature","properties":{"osm_id":"7096015985","code":2722,"fclass":"museum","name":"Museo de Arte Sacro San Francisco Solano","categoryId":"CULTURES","subcategoryId":"MUSEE"},"geometry":{"type":"Point","coordinates":[-64.26052,-27.78651]}},{"type":"Feature","properties":{"osm_id":"7112193592","code":2722,"fclass":"museum","name":"Museo de Prehistoria","categoryId":"CULTURES","subcategoryId":"MUSEE"},"geometry":{"type":"Point","coordinates":[-54.68946,-26.41041]}},{"type":"Feature","properties":{"osm_id":"7114589787","code":2722,"fclass":"museum","name":"Museo Pajcha Arte Etnico Americano","categoryId":"CULTURES","subcategoryId":"MUSEE"},"geometry":{"type":"Point","coordinates":[-65.41283,-24.77932]}},{"type":"Feature","properties":{"osm_id":"7137550286","code":2722,"fclass":"museum","name":"Museo Regional Los Tamariscos","categoryId":"CULTURES","subcategoryId":"MUSEE"},"geometry":{"type":"Point","coordinates":[-70.02612,-45.03298]}},{"type":"Feature","properties":{"osm_id":"7170307085","code":2722,"fclass":"museum","name":"Logia Masónica “Hijos del Trabajo”","categoryId":"CULTURES","subcategoryId":"MUSEE"},"geometry":{"type":"Point","coordinates":[-58.37713,-34.65175]}},{"type":"Feature","properties":{"osm_id":"7201131786","code":2722,"fclass":"museum","name":"Minka - La Casa de Japón","categoryId":"CULTURES","subcategoryId":"MUSEE"},"geometry":{"type":"Point","coordinates":[-58.5747,-34.49586]}},{"type":"Feature","properties":{"osm_id":"7202086885","code":2722,"fclass":"museum","name":"Complejo Museográfico y Cultural","categoryId":"CULTURES","subcategoryId":"MUSEE"},"geometry":{"type":"Point","coordinates":[-59.44631,-34.44398]}},{"type":"Feature","properties":{"osm_id":"7218672189","code":2722,"fclass":"museum","name":"Museo Ferroviario","categoryId":"CULTURES","subcategoryId":"MUSEE"},"geometry":{"type":"Point","coordinates":[-58.51947,-33.01792]}},{"type":"Feature","properties":{"osm_id":"7234359540","code":2722,"fclass":"museum","name":"Museo Regional Santos Vega","categoryId":"CULTURES","subcategoryId":"MUSEE"},"geometry":{"type":"Point","coordinates":[-56.94987,-36.40186]}},{"type":"Feature","properties":{"osm_id":"7292824842","code":2722,"fclass":"museum","name":"Casa de San Martín","categoryId":"CULTURES","subcategoryId":"MUSEE"},"geometry":{"type":"Point","coordinates":[-68.83043,-32.88271]}},{"type":"Feature","properties":{"osm_id":"7392363477","code":2733,"fclass":"archaeological","name":"Cueva La Candelaria","categoryId":"CULTURES","subcategoryId":"SITE ARCHEOLOGIQUE"},"geometry":{"type":"Point","coordinates":[-65.4475,-28.68994]}},{"type":"Feature","properties":{"osm_id":"7392492908","code":2733,"fclass":"archaeological","name":"Campo de las Piedras","categoryId":"CULTURES","subcategoryId":"SITE ARCHEOLOGIQUE"},"geometry":{"type":"Point","coordinates":[-65.33937,-28.82964]}},{"type":"Feature","properties":{"osm_id":"7392543833","code":2733,"fclass":"archaeological","name":"Cuevas de Oyola","categoryId":"CULTURES","subcategoryId":"SITE ARCHEOLOGIQUE"},"geometry":{"type":"Point","coordinates":[-65.4125,-28.48228]}},{"type":"Feature","properties":{"osm_id":"7393861948","code":2733,"fclass":"archaeological","name":null,"categoryId":"CULTURES","subcategoryId":"SITE ARCHEOLOGIQUE"},"geometry":{"type":"Point","coordinates":[-65.4769,-29.11033]}},{"type":"Feature","properties":{"osm_id":"7409187850","code":2722,"fclass":"museum","name":"Museo Regional de Joaquín V. González","categoryId":"CULTURES","subcategoryId":"MUSEE"},"geometry":{"type":"Point","coordinates":[-64.11963,-25.1201]}},{"type":"Feature","properties":{"osm_id":"7425322767","code":2733,"fclass":"archaeological","name":"Pinturas Rupestres","categoryId":"CULTURES","subcategoryId":"SITE ARCHEOLOGIQUE"},"geometry":{"type":"Point","coordinates":[-66.36303,-25.28997]}},{"type":"Feature","properties":{"osm_id":"7499361944","code":2722,"fclass":"museum","name":"Museo Histórico Municipal","categoryId":"CULTURES","subcategoryId":"MUSEE"},"geometry":{"type":"Point","coordinates":[-64.94757,-40.72844]}},{"type":"Feature","properties":{"osm_id":"7520666512","code":2722,"fclass":"museum","name":"3005 Moto Cafe","categoryId":"CULTURES","subcategoryId":"MUSEE"},"geometry":{"type":"Point","coordinates":[-67.90288,-54.73398]}},{"type":"Feature","properties":{"osm_id":"7554662687","code":2722,"fclass":"museum","name":"Museo Beatle","categoryId":"CULTURES","subcategoryId":"MUSEE"},"geometry":{"type":"Point","coordinates":[-58.38999,-34.60535]}},{"type":"Feature","properties":{"osm_id":"7561191664","code":2722,"fclass":"museum","name":null,"categoryId":"CULTURES","subcategoryId":"MUSEE"},"geometry":{"type":"Point","coordinates":[-63.69065,-36.85383]}},{"type":"Feature","properties":{"osm_id":"7657520574","code":2722,"fclass":"museum","name":"Museo Magda-Frank","categoryId":"CULTURES","subcategoryId":"MUSEE"},"geometry":{"type":"Point","coordinates":[-58.48698,-34.54488]}},{"type":"Feature","properties":{"osm_id":"7674547012","code":2722,"fclass":"museum","name":"Museo del Cine Pablo Ducrós Hicken","categoryId":"CULTURES","subcategoryId":"MUSEE"},"geometry":{"type":"Point","coordinates":[-58.35715,-34.62963]}},{"type":"Feature","properties":{"osm_id":"7679177379","code":2722,"fclass":"museum","name":"Ramón Trinidad Pozzi","categoryId":"CULTURES","subcategoryId":"MUSEE"},"geometry":{"type":"Point","coordinates":[-57.91461,-30.79468]}},{"type":"Feature","properties":{"osm_id":"7704856859","code":2733,"fclass":"archaeological","name":"Volcán Blanco (borde del cráter)","categoryId":"CULTURES","subcategoryId":"SITE ARCHEOLOGIQUE"},"geometry":{"type":"Point","coordinates":[-67.84928,-24.52263]}},{"type":"Feature","properties":{"osm_id":"7704856860","code":2733,"fclass":"archaeological","name":"Volcán Blanco (cima)","categoryId":"CULTURES","subcategoryId":"SITE ARCHEOLOGIQUE"},"geometry":{"type":"Point","coordinates":[-67.84587,-24.52577]}},{"type":"Feature","properties":{"osm_id":"7711686156","code":2722,"fclass":"museum","name":"Museo de la Chatarra","categoryId":"CULTURES","subcategoryId":"MUSEE"},"geometry":{"type":"Point","coordinates":[-64.4775,-31.04264]}},{"type":"Feature","properties":{"osm_id":"7732561349","code":2722,"fclass":"museum","name":"Casa de la cultura y la historia de las varillas","categoryId":"CULTURES","subcategoryId":"MUSEE"},"geometry":{"type":"Point","coordinates":[-62.71999,-31.87342]}},{"type":"Feature","properties":{"osm_id":"7786112965","code":2722,"fclass":"museum","name":"Museo Dr. Genaro Giacobini","categoryId":"CULTURES","subcategoryId":"MUSEE"},"geometry":{"type":"Point","coordinates":[-58.4071,-34.63723]}},{"type":"Feature","properties":{"osm_id":"7801960015","code":2722,"fclass":"museum","name":"Museo Histórico Municipal","categoryId":"CULTURES","subcategoryId":"MUSEE"},"geometry":{"type":"Point","coordinates":[-60.12194,-31.95863]}},{"type":"Feature","properties":{"osm_id":"7805251753","code":2722,"fclass":"museum","name":"Museo del Pueblo","categoryId":"CULTURES","subcategoryId":"MUSEE"},"geometry":{"type":"Point","coordinates":[-59.10598,-25.7321]}},{"type":"Feature","properties":{"osm_id":"7814458815","code":2722,"fclass":"museum","name":"Archivo y Museo Histórico Gral. Julio de Vedia","categoryId":"CULTURES","subcategoryId":"MUSEE"},"geometry":{"type":"Point","coordinates":[-60.88827,-35.44072]}},{"type":"Feature","properties":{"osm_id":"7818396585","code":2733,"fclass":"archaeological","name":"Ojo de Agua","categoryId":"CULTURES","subcategoryId":"SITE ARCHEOLOGIQUE"},"geometry":{"type":"Point","coordinates":[-65.79568,-24.36503]}},{"type":"Feature","properties":{"osm_id":"7819310601","code":2733,"fclass":"archaeological","name":null,"categoryId":"CULTURES","subcategoryId":"SITE ARCHEOLOGIQUE"},"geometry":{"type":"Point","coordinates":[-65.8082,-24.39849]}},{"type":"Feature","properties":{"osm_id":"7820957316","code":2722,"fclass":"museum","name":"Museo Histórico Provincial 'Eugenio Tello'","categoryId":"CULTURES","subcategoryId":"MUSEE"},"geometry":{"type":"Point","coordinates":[-62.9952,-40.80703]}},{"type":"Feature","properties":{"osm_id":"7824246089","code":2722,"fclass":"museum","name":"Agua Ecos de Vida","categoryId":"CULTURES","subcategoryId":"MUSEE"},"geometry":{"type":"Point","coordinates":[-64.49708,-31.4293]}},{"type":"Feature","properties":{"osm_id":"7847325324","code":2722,"fclass":"museum","name":null,"categoryId":"CULTURES","subcategoryId":"MUSEE"},"geometry":{"type":"Point","coordinates":[-61.35941,-33.24453]}},{"type":"Feature","properties":{"osm_id":"7888554712","code":2722,"fclass":"museum","name":"Museo Municipal de Artes Plásticas \"Juan Bautista Tapia\"","categoryId":"CULTURES","subcategoryId":"MUSEE"},"geometry":{"type":"Point","coordinates":[-59.47495,-34.24233]}},{"type":"Feature","properties":{"osm_id":"7895352428","code":2722,"fclass":"museum","name":"Museo Cartref Taid","categoryId":"CULTURES","subcategoryId":"MUSEE"},"geometry":{"type":"Point","coordinates":[-71.46014,-43.07695]}},{"type":"Feature","properties":{"osm_id":"7902808347","code":2722,"fclass":"museum","name":"La Legal","categoryId":"CULTURES","subcategoryId":"MUSEE"},"geometry":{"type":"Point","coordinates":[-71.42971,-42.44501]}},{"type":"Feature","properties":{"osm_id":"7911155546","code":2722,"fclass":"museum","name":"Museo de Ciencias Antropológicas y Naturales “Duncan y Emilio Wagner”","categoryId":"CULTURES","subcategoryId":"MUSEE"},"geometry":{"type":"Point","coordinates":[-64.26012,-27.78706]}},{"type":"Feature","properties":{"osm_id":"7911181067","code":2722,"fclass":"museum","name":"Museo Histórico “Dr. Orestes Di Lullo”","categoryId":"CULTURES","subcategoryId":"MUSEE"},"geometry":{"type":"Point","coordinates":[-64.26021,-27.78712]}},{"type":"Feature","properties":{"osm_id":"7911187882","code":2722,"fclass":"museum","name":"Museo de Bellas Artes “Ramón Gómez Cornet”","categoryId":"CULTURES","subcategoryId":"MUSEE"},"geometry":{"type":"Point","coordinates":[-64.26005,-27.78701]}},{"type":"Feature","properties":{"osm_id":"7921694039","code":2722,"fclass":"museum","name":"Museo Gauchesco Curuzú","categoryId":"CULTURES","subcategoryId":"MUSEE"},"geometry":{"type":"Point","coordinates":[-59.2694,-29.14131]}},{"type":"Feature","properties":{"osm_id":"7924317446","code":2722,"fclass":"museum","name":"Museo Ferroviario","categoryId":"CULTURES","subcategoryId":"MUSEE"},"geometry":{"type":"Point","coordinates":[-61.79457,-38.13876]}},{"type":"Feature","properties":{"osm_id":"7926848846","code":2722,"fclass":"museum","name":"Museo Santiago Graffigna","categoryId":"CULTURES","subcategoryId":"MUSEE"},"geometry":{"type":"Point","coordinates":[-68.54726,-31.51779]}},{"type":"Feature","properties":{"osm_id":"7952342660","code":2722,"fclass":"museum","name":"Museo Histórico Regional Emma Nozzi","categoryId":"CULTURES","subcategoryId":"MUSEE"},"geometry":{"type":"Point","coordinates":[-62.98551,-40.80347]}},{"type":"Feature","properties":{"osm_id":"8288151681","code":2722,"fclass":"museum","name":"Museo Municipal Alba Posse","categoryId":"CULTURES","subcategoryId":"MUSEE"},"geometry":{"type":"Point","coordinates":[-64.41941,-32.18078]}},{"type":"Feature","properties":{"osm_id":"8340468694","code":2722,"fclass":"museum","name":"Museo Municipal de Nogoyá","categoryId":"CULTURES","subcategoryId":"MUSEE"},"geometry":{"type":"Point","coordinates":[-59.78595,-32.39516]}},{"type":"Feature","properties":{"osm_id":"8416685417","code":2722,"fclass":"museum","name":"Casa Museo Lucas Bridges","categoryId":"CULTURES","subcategoryId":"MUSEE"},"geometry":{"type":"Point","coordinates":[-71.98403,-47.18577]}},{"type":"Feature","properties":{"osm_id":"8435617718","code":2722,"fclass":"museum","name":null,"categoryId":"CULTURES","subcategoryId":"MUSEE"},"geometry":{"type":"Point","coordinates":[-57.39194,-35.13445]}},{"type":"Feature","properties":{"osm_id":"8436002584","code":2722,"fclass":"museum","name":"Casa Museo Arturo Illia","categoryId":"CULTURES","subcategoryId":"MUSEE"},"geometry":{"type":"Point","coordinates":[-64.8056,-30.72322]}},{"type":"Feature","properties":{"osm_id":"8454936794","code":2722,"fclass":"museum","name":"Museo Histórico de Frías","categoryId":"CULTURES","subcategoryId":"MUSEE"},"geometry":{"type":"Point","coordinates":[-65.13303,-28.63807]}},{"type":"Feature","properties":{"osm_id":"8458725182","code":2722,"fclass":"museum","name":"Museo Regional de Antropología Juan Martinet","categoryId":"CULTURES","subcategoryId":"MUSEE"},"geometry":{"type":"Point","coordinates":[-58.98345,-27.46464]}},{"type":"Feature","properties":{"osm_id":"8514405071","code":2722,"fclass":"museum","name":"Museo Regional Claromecó Anibal Paz","categoryId":"CULTURES","subcategoryId":"MUSEE"},"geometry":{"type":"Point","coordinates":[-60.074,-38.8579]}},{"type":"Feature","properties":{"osm_id":"8547207617","code":2722,"fclass":"museum","name":"Museo de Ciencias Naturales Guillermo Goméz Cadret","categoryId":"CULTURES","subcategoryId":"MUSEE"},"geometry":{"type":"Point","coordinates":[-58.22005,-32.20921]}},{"type":"Feature","properties":{"osm_id":"8819359439","code":2722,"fclass":"museum","name":"Museo y Parque Estereoscópico El Histórico","categoryId":"CULTURES","subcategoryId":"MUSEE"},"geometry":{"type":"Point","coordinates":[-62.27378,-38.72471]}},{"type":"Feature","properties":{"osm_id":"8849547446","code":2722,"fclass":"museum","name":"Museo de Máquinas","categoryId":"CULTURES","subcategoryId":"MUSEE"},"geometry":{"type":"Point","coordinates":[-65.02487,-32.21912]}},{"type":"Feature","properties":{"osm_id":"8905935784","code":2722,"fclass":"museum","name":"Casa museo Buffo","categoryId":"CULTURES","subcategoryId":"MUSEE"},"geometry":{"type":"Point","coordinates":[-64.36419,-31.19308]}},{"type":"Feature","properties":{"osm_id":"8927282913","code":2722,"fclass":"museum","name":null,"categoryId":"CULTURES","subcategoryId":"MUSEE"},"geometry":{"type":"Point","coordinates":[-58.42132,-32.25847]}},{"type":"Feature","properties":{"osm_id":"8948893580","code":2722,"fclass":"museum","name":"Museo de Automovilismo","categoryId":"CULTURES","subcategoryId":"MUSEE"},"geometry":{"type":"Point","coordinates":[-60.26633,-38.38318]}},{"type":"Feature","properties":{"osm_id":"9009903609","code":2722,"fclass":"museum","name":"Museo Ferrovirio la Perla del Provincial","categoryId":"CULTURES","subcategoryId":"MUSEE"},"geometry":{"type":"Point","coordinates":[-59.10308,-35.48379]}},{"type":"Feature","properties":{"osm_id":"9009903610","code":2722,"fclass":"museum","name":"Museo Tradicionalista Mario Badiola","categoryId":"CULTURES","subcategoryId":"MUSEE"},"geometry":{"type":"Point","coordinates":[-59.10167,-35.48518]}},{"type":"Feature","properties":{"osm_id":"9035442770","code":2722,"fclass":"museum","name":"Museo de los Carruajes","categoryId":"CULTURES","subcategoryId":"MUSEE"},"geometry":{"type":"Point","coordinates":[-62.73289,-35.96487]}},{"type":"Feature","properties":{"osm_id":"9066937278","code":2722,"fclass":"museum","name":"Museo de la Colonia y la Avicultura","categoryId":"CULTURES","subcategoryId":"MUSEE"},"geometry":{"type":"Point","coordinates":[-58.43301,-32.44476]}},{"type":"Feature","properties":{"osm_id":"9067124282","code":2722,"fclass":"museum","name":"Museo del recuerdo \"Cecil González\"","categoryId":"CULTURES","subcategoryId":"MUSEE"},"geometry":{"type":"Point","coordinates":[-60.15881,-31.20011]}},{"type":"Feature","properties":{"osm_id":"9077297946","code":2722,"fclass":"museum","name":"Museo del Juguete","categoryId":"CULTURES","subcategoryId":"MUSEE"},"geometry":{"type":"Point","coordinates":[-58.55573,-34.50118]}},{"type":"Feature","properties":{"osm_id":"9077297947","code":2722,"fclass":"museum","name":"Museo de arte contemporáneo","categoryId":"CULTURES","subcategoryId":"MUSEE"},"geometry":{"type":"Point","coordinates":[-58.52056,-34.45881]}},{"type":"Feature","properties":{"osm_id":"9077297949","code":2722,"fclass":"museum","name":"Museo Alfaro","categoryId":"CULTURES","subcategoryId":"MUSEE"},"geometry":{"type":"Point","coordinates":[-58.51057,-34.4674]}},{"type":"Feature","properties":{"osm_id":"9078303913","code":2722,"fclass":"museum","name":"Museo Lumiton de Cine - Usina Audiovisual","categoryId":"CULTURES","subcategoryId":"MUSEE"},"geometry":{"type":"Point","coordinates":[-58.5161,-34.52796]}},{"type":"Feature","properties":{"osm_id":"9102082058","code":2722,"fclass":"museum","name":"Museo del Automóvil Don Iris","categoryId":"CULTURES","subcategoryId":"MUSEE"},"geometry":{"type":"Point","coordinates":[-63.22542,-32.41841]}},{"type":"Feature","properties":{"osm_id":"9103741645","code":2733,"fclass":"archaeological","name":"La Dora","categoryId":"CULTURES","subcategoryId":"SITE ARCHEOLOGIQUE"},"geometry":{"type":"Point","coordinates":[-58.07084,-34.8617]}},{"type":"Feature","properties":{"osm_id":"9108312176","code":2722,"fclass":"museum","name":"Museo de Anatomía Veterinaria Doctor Víctor Manuel Arroyo","categoryId":"CULTURES","subcategoryId":"MUSEE"},"geometry":{"type":"Point","coordinates":[-57.92869,-34.91123]}},{"type":"Feature","properties":{"osm_id":"9113593339","code":2722,"fclass":"museum","name":"Hilando Recuerdos","categoryId":"CULTURES","subcategoryId":"MUSEE"},"geometry":{"type":"Point","coordinates":[-60.58818,-31.99181]}},{"type":"Feature","properties":{"osm_id":"9133930759","code":2722,"fclass":"museum","name":"La Trochita","categoryId":"CULTURES","subcategoryId":"MUSEE"},"geometry":{"type":"Point","coordinates":[-69.54758,-41.32928]}},{"type":"Feature","properties":{"osm_id":"9273353776","code":2722,"fclass":"museum","name":"Museo Regional Histórico 24 de Agosto","categoryId":"CULTURES","subcategoryId":"MUSEE"},"geometry":{"type":"Point","coordinates":[-59.83626,-31.51238]}},{"type":"Feature","properties":{"osm_id":"9287039619","code":2722,"fclass":"museum","name":null,"categoryId":"CULTURES","subcategoryId":"MUSEE"},"geometry":{"type":"Point","coordinates":[-59.39342,-30.69195]}},{"type":"Feature","properties":{"osm_id":"9335372870","code":2722,"fclass":"museum","name":"Museo de Ángel Vicente Peñaloza \"El Chacho\"","categoryId":"CULTURES","subcategoryId":"MUSEE"},"geometry":{"type":"Point","coordinates":[-66.2461,-30.64047]}},{"type":"Feature","properties":{"osm_id":"9396900227","code":2722,"fclass":"museum","name":"Granero 66","categoryId":"CULTURES","subcategoryId":"MUSEE"},"geometry":{"type":"Point","coordinates":[-59.1118,-37.36969]}},{"type":"Feature","properties":{"osm_id":"9402412922","code":2722,"fclass":"museum","name":"Museo Regional Municipal Doctora Elsa Mosconi","categoryId":"CULTURES","subcategoryId":"MUSEE"},"geometry":{"type":"Point","coordinates":[-63.04728,-31.66531]}},{"type":"Feature","properties":{"osm_id":"9420677994","code":2722,"fclass":"museum","name":"Museo Del Mate","categoryId":"CULTURES","subcategoryId":"MUSEE"},"geometry":{"type":"Point","coordinates":[-60.53057,-31.73102]}},{"type":"Feature","properties":{"osm_id":"9420677996","code":2722,"fclass":"museum","name":"Museo de La Ciudad","categoryId":"CULTURES","subcategoryId":"MUSEE"},"geometry":{"type":"Point","coordinates":[-60.53035,-31.72958]}},{"type":"Feature","properties":{"osm_id":"9420677997","code":2722,"fclass":"museum","name":"Museo Histórico Martiniano Leguizamón","categoryId":"CULTURES","subcategoryId":"MUSEE"},"geometry":{"type":"Point","coordinates":[-60.52999,-31.72845]}},{"type":"Feature","properties":{"osm_id":"9425703561","code":2722,"fclass":"museum","name":"Museo Histórico Juan Szychowski","categoryId":"CULTURES","subcategoryId":"MUSEE"},"geometry":{"type":"Point","coordinates":[-55.77393,-27.99804]}},{"type":"Feature","properties":{"osm_id":"9452889568","code":2722,"fclass":"museum","name":"Museo del Carruaje El Tacú","categoryId":"CULTURES","subcategoryId":"MUSEE"},"geometry":{"type":"Point","coordinates":[-64.52307,-31.89727]}},{"type":"Feature","properties":{"osm_id":"9522279492","code":2722,"fclass":"museum","name":"Muestra de Artefactos Arqueológicos","categoryId":"CULTURES","subcategoryId":"MUSEE"},"geometry":{"type":"Point","coordinates":[-71.145,-41.07674]}},{"type":"Feature","properties":{"osm_id":"9522284058","code":2722,"fclass":"museum","name":null,"categoryId":"CULTURES","subcategoryId":"MUSEE"},"geometry":{"type":"Point","coordinates":[-71.51047,-41.09603]}},{"type":"Feature","properties":{"osm_id":"9571008624","code":2722,"fclass":"museum","name":"Museo Cayetano Silva","categoryId":"CULTURES","subcategoryId":"MUSEE"},"geometry":{"type":"Point","coordinates":[-61.96788,-33.74769]}},{"type":"Feature","properties":{"osm_id":"9624101929","code":2722,"fclass":"museum","name":"Museo Saujil","categoryId":"CULTURES","subcategoryId":"MUSEE"},"geometry":{"type":"Point","coordinates":[-67.62145,-27.56591]}},{"type":"Feature","properties":{"osm_id":"9669904937","code":2722,"fclass":"museum","name":"Museo Estanislao Baños","categoryId":"CULTURES","subcategoryId":"MUSEE"},"geometry":{"type":"Point","coordinates":[-64.53784,-32.06582]}},{"type":"Feature","properties":{"osm_id":"9741572187","code":2722,"fclass":"museum","name":"Museo Ferroviario","categoryId":"CULTURES","subcategoryId":"MUSEE"},"geometry":{"type":"Point","coordinates":[-63.24614,-32.41127]}},{"type":"Feature","properties":{"osm_id":"9755842223","code":2722,"fclass":"museum","name":"Musep de la Infantería de Marina","categoryId":"CULTURES","subcategoryId":"MUSEE"},"geometry":{"type":"Point","coordinates":[-61.95786,-38.94035]}},{"type":"Feature","properties":{"osm_id":"9802659981","code":2722,"fclass":"museum","name":"Museo del Cuchillo \"Héroes\"","categoryId":"CULTURES","subcategoryId":"MUSEE"},"geometry":{"type":"Point","coordinates":[-61.79981,-38.12874]}},{"type":"Feature","properties":{"osm_id":"9842778579","code":2722,"fclass":"museum","name":"Museo Regional","categoryId":"CULTURES","subcategoryId":"MUSEE"},"geometry":{"type":"Point","coordinates":[-63.59697,-30.38161]}},{"type":"Feature","properties":{"osm_id":"9892156917","code":2722,"fclass":"museum","name":"Museo Renzo Herrera","categoryId":"CULTURES","subcategoryId":"MUSEE"},"geometry":{"type":"Point","coordinates":[-69.46419,-31.64679]}},{"type":"Feature","properties":{"osm_id":"9953027884","code":2733,"fclass":"archaeological","name":"El Zanjón de Granados (historic ruins)","categoryId":"CULTURES","subcategoryId":"SITE ARCHEOLOGIQUE"},"geometry":{"type":"Point","coordinates":[-58.3718,-34.61669]}},{"type":"Feature","properties":{"osm_id":"9999891063","code":2722,"fclass":"museum","name":"Museo de Piedra","categoryId":"CULTURES","subcategoryId":"MUSEE"},"geometry":{"type":"Point","coordinates":[-64.27569,-31.03932]}},{"type":"Feature","properties":{"osm_id":"10008944377","code":2722,"fclass":"museum","name":"Museo Provincial de Bellas Artes \"Dr. Juan R. Vidal\"","categoryId":"CULTURES","subcategoryId":"MUSEE"},"geometry":{"type":"Point","coordinates":[-58.83656,-27.46458]}},{"type":"Feature","properties":{"osm_id":"10009145725","code":2722,"fclass":"museum","name":"Museo de Artesanías Tradicionales","categoryId":"CULTURES","subcategoryId":"MUSEE"},"geometry":{"type":"Point","coordinates":[-58.83872,-27.46276]}},{"type":"Feature","properties":{"osm_id":"10009200044","code":2722,"fclass":"museum","name":"Museo de Sitio y Archivo Digital \"Casa Molina\"","categoryId":"CULTURES","subcategoryId":"MUSEE"},"geometry":{"type":"Point","coordinates":[-58.83853,-27.4651]}},{"type":"Feature","properties":{"osm_id":"10018066572","code":2722,"fclass":"museum","name":"Museo Arqueológico y Antropológico \"Ex Casa Martínez\"","categoryId":"CULTURES","subcategoryId":"MUSEE"},"geometry":{"type":"Point","coordinates":[-58.83799,-27.46278]}},{"type":"Feature","properties":{"osm_id":"10018096840","code":2722,"fclass":"museum","name":"Museo Histórico de Vías Navegables","categoryId":"CULTURES","subcategoryId":"MUSEE"},"geometry":{"type":"Point","coordinates":[-58.83219,-27.46097]}},{"type":"Feature","properties":{"osm_id":"10018103019","code":2722,"fclass":"museum","name":"Centro de Imaginería Guaraní","categoryId":"CULTURES","subcategoryId":"MUSEE"},"geometry":{"type":"Point","coordinates":[-58.75091,-27.41049]}},{"type":"Feature","properties":{"osm_id":"10018208578","code":2722,"fclass":"museum","name":"Casa Ñandereco - Centro de Interpretación del Chamamé y el Carnaval","categoryId":"CULTURES","subcategoryId":"MUSEE"},"geometry":{"type":"Point","coordinates":[-58.83584,-27.46422]}},{"type":"Feature","properties":{"osm_id":"10079018181","code":2722,"fclass":"museum","name":"Espacio para La Memoria La Perla","categoryId":"CULTURES","subcategoryId":"MUSEE"},"geometry":{"type":"Point","coordinates":[-64.34276,-31.43309]}},{"type":"Feature","properties":{"osm_id":"10132406017","code":2722,"fclass":"museum","name":"Fundación Augusto y León Ferrari","categoryId":"CULTURES","subcategoryId":"MUSEE"},"geometry":{"type":"Point","coordinates":[-58.39901,-34.61889]}},{"type":"Feature","properties":{"osm_id":"10143428849","code":2722,"fclass":"museum","name":"Casa del Mate","categoryId":"CULTURES","subcategoryId":"MUSEE"},"geometry":{"type":"Point","coordinates":[-54.35196,-27.37747]}},{"type":"Feature","properties":{"osm_id":"10153661284","code":2722,"fclass":"museum","name":"Museo a Cielo Abierto \"Die Erste Maschinen\"","categoryId":"CULTURES","subcategoryId":"MUSEE"},"geometry":{"type":"Point","coordinates":[-61.88014,-37.55969]}},{"type":"Feature","properties":{"osm_id":"10259560262","code":2722,"fclass":"museum","name":"Museo de Arte Sacro y Antigüedades Correntinas","categoryId":"CULTURES","subcategoryId":"MUSEE"},"geometry":{"type":"Point","coordinates":[-58.71157,-28.57149]}},{"type":"Feature","properties":{"osm_id":"10600548359","code":2733,"fclass":"archaeological","name":"Morteros Comechingones","categoryId":"CULTURES","subcategoryId":"SITE ARCHEOLOGIQUE"},"geometry":{"type":"Point","coordinates":[-64.41809,-31.71921]}},{"type":"Feature","properties":{"osm_id":"10604724736","code":2722,"fclass":"museum","name":"Almacén Museo La Blanqueada","categoryId":"CULTURES","subcategoryId":"MUSEE"},"geometry":{"type":"Point","coordinates":[-58.79359,-34.66134]}},{"type":"Feature","properties":{"osm_id":"10657833354","code":2722,"fclass":"museum","name":"Museo Histórico \"Gral. Manuel Belgrano\"","categoryId":"CULTURES","subcategoryId":"MUSEE"},"geometry":{"type":"Point","coordinates":[-57.88754,-28.39277]}},{"type":"Feature","properties":{"osm_id":"10694220565","code":2722,"fclass":"museum","name":"Museo Vial de la Provincia del Neuquén","categoryId":"CULTURES","subcategoryId":"MUSEE"},"geometry":{"type":"Point","coordinates":[-70.06756,-38.90364]}},{"type":"Feature","properties":{"osm_id":"10702140061","code":2722,"fclass":"museum","name":"Museo Ferroviario","categoryId":"CULTURES","subcategoryId":"MUSEE"},"geometry":{"type":"Point","coordinates":[-65.73845,-39.20431]}},{"type":"Feature","properties":{"osm_id":"10708195270","code":2722,"fclass":"museum","name":"Museo Malvinas Argentinas","categoryId":"CULTURES","subcategoryId":"MUSEE"},"geometry":{"type":"Point","coordinates":[-59.36025,-37.28298]}},{"type":"Feature","properties":{"osm_id":"10720991605","code":2722,"fclass":"museum","name":"Museo de Arte Escenográfico \"Botica del Ángel\"","categoryId":"CULTURES","subcategoryId":"MUSEE"},"geometry":{"type":"Point","coordinates":[-58.38759,-34.61493]}},{"type":"Feature","properties":{"osm_id":"10729798067","code":2722,"fclass":"museum","name":"Museo del Cine, Radio y Televisión Roberto Di Chiara","categoryId":"CULTURES","subcategoryId":"MUSEE"},"geometry":{"type":"Point","coordinates":[-58.2755,-34.78208]}},{"type":"Feature","properties":{"osm_id":"10761349977","code":2722,"fclass":"museum","name":"Museo del Subte Centenera","categoryId":"CULTURES","subcategoryId":"MUSEE"},"geometry":{"type":"Point","coordinates":[-58.44,-34.62854]}},{"type":"Feature","properties":{"osm_id":"10796040778","code":2722,"fclass":"museum","name":"Parque del Fuerte","categoryId":"CULTURES","subcategoryId":"MUSEE"},"geometry":{"type":"Point","coordinates":[-60.80814,-32.4421]}},{"type":"Feature","properties":{"osm_id":"10845278416","code":2733,"fclass":"archaeological","name":"Capela do Aferidor","categoryId":"CULTURES","subcategoryId":"SITE ARCHEOLOGIQUE"},"geometry":{"type":"Point","coordinates":[-56.76007,-29.44692]}},{"type":"Feature","properties":{"osm_id":"10887744535","code":2722,"fclass":"museum","name":"Comunidad Kami chingan Isqon Killa~Nueve Lunas","categoryId":"CULTURES","subcategoryId":"MUSEE"},"geometry":{"type":"Point","coordinates":[-64.53738,-30.90655]}},{"type":"Feature","properties":{"osm_id":"10906856662","code":2722,"fclass":"museum","name":"Museo Gregorio Álvarez","categoryId":"CULTURES","subcategoryId":"MUSEE"},"geometry":{"type":"Point","coordinates":[-68.0623,-38.95574]}},{"type":"Feature","properties":{"osm_id":"10906856663","code":2722,"fclass":"museum","name":"Espacio de la Energía","categoryId":"CULTURES","subcategoryId":"MUSEE"},"geometry":{"type":"Point","coordinates":[-68.06141,-38.9555]}},{"type":"Feature","properties":{"osm_id":"10971497230","code":2722,"fclass":"museum","name":"Sociedad rural Gualeguaychú","categoryId":"CULTURES","subcategoryId":"MUSEE"},"geometry":{"type":"Point","coordinates":[-58.60535,-33.01417]}},{"type":"Feature","properties":{"osm_id":"10983163864","code":2733,"fclass":"archaeological","name":"Pinturas Repestres De Yavi","categoryId":"CULTURES","subcategoryId":"SITE ARCHEOLOGIQUE"},"geometry":{"type":"Point","coordinates":[-65.46581,-22.1282]}},{"type":"Feature","properties":{"osm_id":"11035173115","code":2722,"fclass":"museum","name":"Museo Don Julio","categoryId":"CULTURES","subcategoryId":"MUSEE"},"geometry":{"type":"Point","coordinates":[-68.52881,-31.53168]}},{"type":"Feature","properties":{"osm_id":"11049576711","code":2722,"fclass":"museum","name":"Museo Don Andrés Vaccarezza, El Molino","categoryId":"CULTURES","subcategoryId":"MUSEE"},"geometry":{"type":"Point","coordinates":[-60.27912,-35.03134]}},{"type":"Feature","properties":{"osm_id":"11052846905","code":2722,"fclass":"museum","name":"MEC Muso en los Cerros","categoryId":"CULTURES","subcategoryId":"MUSEE"},"geometry":{"type":"Point","coordinates":[-65.42913,-23.57958]}},{"type":"Feature","properties":{"osm_id":"11080088455","code":2722,"fclass":"museum","name":"Museo Etnográfico y Colonial Juan de Garay","categoryId":"CULTURES","subcategoryId":"MUSEE"},"geometry":{"type":"Point","coordinates":[-60.70869,-31.65861]}},{"type":"Feature","properties":{"osm_id":"11087161791","code":2722,"fclass":"museum","name":"Museo Ameghino","categoryId":"CULTURES","subcategoryId":"MUSEE"},"geometry":{"type":"Point","coordinates":[-61.11725,-36.22774]}},{"type":"Feature","properties":{"osm_id":"11147219841","code":2722,"fclass":"museum","name":"Museo Municipal Chelforo","categoryId":"CULTURES","subcategoryId":"MUSEE"},"geometry":{"type":"Point","coordinates":[-58.09954,-36.94877]}},{"type":"Feature","properties":{"osm_id":"11158242422","code":2722,"fclass":"museum","name":"Museo Historico","categoryId":"CULTURES","subcategoryId":"MUSEE"},"geometry":{"type":"Point","coordinates":[-57.79331,-36.64057]}},{"type":"Feature","properties":{"osm_id":"11159912974","code":2722,"fclass":"museum","name":"Museo de las Maquinarias","categoryId":"CULTURES","subcategoryId":"MUSEE"},"geometry":{"type":"Point","coordinates":[-59.44095,-34.12475]}},{"type":"Feature","properties":{"osm_id":"11161362833","code":2722,"fclass":"museum","name":"Museo Histórico del Centenario","categoryId":"CULTURES","subcategoryId":"MUSEE"},"geometry":{"type":"Point","coordinates":[-60.30475,-32.02342]}},{"type":"Feature","properties":{"osm_id":"11161385578","code":2722,"fclass":"museum","name":"Museo de la Maquinaria Agrícola Antigua","categoryId":"CULTURES","subcategoryId":"MUSEE"},"geometry":{"type":"Point","coordinates":[-60.30488,-32.0197]}},{"type":"Feature","properties":{"osm_id":"11167592027","code":2722,"fclass":"museum","name":"Museo Provincial de Bellas Artes Doctor Pedro Martínez","categoryId":"CULTURES","subcategoryId":"MUSEE"},"geometry":{"type":"Point","coordinates":[-60.52999,-31.72751]}},{"type":"Feature","properties":{"osm_id":"11226275809","code":2722,"fclass":"museum","name":"Centro de Interpretación del Olivo","categoryId":"CULTURES","subcategoryId":"MUSEE"},"geometry":{"type":"Point","coordinates":[-66.79093,-28.5854]}},{"type":"Feature","properties":{"osm_id":"11228207012","code":2722,"fclass":"museum","name":"Museo Arqueologico Andalgalá","categoryId":"CULTURES","subcategoryId":"MUSEE"},"geometry":{"type":"Point","coordinates":[-66.31572,-27.58358]}},{"type":"Feature","properties":{"osm_id":"11228243572","code":2722,"fclass":"museum","name":"Museo Histórico de la Ciudad","categoryId":"CULTURES","subcategoryId":"MUSEE"},"geometry":{"type":"Point","coordinates":[-64.8591,-27.50131]}},{"type":"Feature","properties":{"osm_id":"11234670956","code":2722,"fclass":"museum","name":"Museo de la Familia Perón","categoryId":"CULTURES","subcategoryId":"MUSEE"},"geometry":{"type":"Point","coordinates":[-65.70895,-44.79811]}},{"type":"Feature","properties":{"osm_id":"11239854350","code":2722,"fclass":"museum","name":"Parador La Leona","categoryId":"CULTURES","subcategoryId":"MUSEE"},"geometry":{"type":"Point","coordinates":[-72.0531,-49.80909]}},{"type":"Feature","properties":{"osm_id":"11242196801","code":2722,"fclass":"museum","name":"Museo De Arqueología Carlos Gradin","categoryId":"CULTURES","subcategoryId":"MUSEE"},"geometry":{"type":"Point","coordinates":[-70.92463,-46.59281]}},{"type":"Feature","properties":{"osm_id":"11250062202","code":2722,"fclass":"museum","name":"Museo El Antigal","categoryId":"CULTURES","subcategoryId":"MUSEE"},"geometry":{"type":"Point","coordinates":[-60.93767,-31.4671]}},{"type":"Feature","properties":{"osm_id":"11250159327","code":2722,"fclass":"museum","name":"Museo de Cera","categoryId":"CULTURES","subcategoryId":"MUSEE"},"geometry":{"type":"Point","coordinates":[-68.56247,-34.8833]}},{"type":"Feature","properties":{"osm_id":"11261605398","code":2722,"fclass":"museum","name":"Museo La Herreria","categoryId":"CULTURES","subcategoryId":"MUSEE"},"geometry":{"type":"Point","coordinates":[-70.24724,-48.75297]}},{"type":"Feature","properties":{"osm_id":"11284645754","code":2722,"fclass":"museum","name":"Museo Regional","categoryId":"CULTURES","subcategoryId":"MUSEE"},"geometry":{"type":"Point","coordinates":[-66.3206,-24.21385]}},{"type":"Feature","properties":{"osm_id":"11299962809","code":2722,"fclass":"museum","name":"Museo Timón Cruz","categoryId":"CULTURES","subcategoryId":"MUSEE"},"geometry":{"type":"Point","coordinates":[-66.15856,-22.19237]}},{"type":"Feature","properties":{"osm_id":"11351152843","code":2722,"fclass":"museum","name":"Museo Kurteff","categoryId":"CULTURES","subcategoryId":"MUSEE"},"geometry":{"type":"Point","coordinates":[-64.98038,-32.34988]}},{"type":"Feature","properties":{"osm_id":"11351162202","code":2722,"fclass":"museum","name":"Museo Palmira Scrosoppi","categoryId":"CULTURES","subcategoryId":"MUSEE"},"geometry":{"type":"Point","coordinates":[-65.0011,-32.34735]}},{"type":"Feature","properties":{"osm_id":"11351168703","code":2722,"fclass":"museum","name":"Museo Regional Lolma","categoryId":"CULTURES","subcategoryId":"MUSEE"},"geometry":{"type":"Point","coordinates":[-65.03699,-32.3255]}},{"type":"Feature","properties":{"osm_id":"11352054592","code":2722,"fclass":"museum","name":"Espacio Abierto","categoryId":"CULTURES","subcategoryId":"MUSEE"},"geometry":{"type":"Point","coordinates":[-64.41779,-31.80309]}},{"type":"Feature","properties":{"osm_id":"11374176446","code":2722,"fclass":"museum","name":"Museo Inti Quilla","categoryId":"CULTURES","subcategoryId":"MUSEE"},"geometry":{"type":"Point","coordinates":[-66.13424,-26.951]}},{"type":"Feature","properties":{"osm_id":"11375386452","code":2722,"fclass":"museum","name":"Museo Gentilini","categoryId":"CULTURES","subcategoryId":"MUSEE"},"geometry":{"type":"Point","coordinates":[-55.71621,-27.79225]}},{"type":"Feature","properties":{"osm_id":"11394221141","code":2722,"fclass":"museum","name":"jorge nertor aguila","categoryId":"CULTURES","subcategoryId":"MUSEE"},"geometry":{"type":"Point","coordinates":[-69.84484,-39.33766]}},{"type":"Feature","properties":{"osm_id":"11415893818","code":2722,"fclass":"museum","name":"Mario Seri","categoryId":"CULTURES","subcategoryId":"MUSEE"},"geometry":{"type":"Point","coordinates":[-61.27317,-27.33189]}},{"type":"Feature","properties":{"osm_id":"11423023235","code":2722,"fclass":"museum","name":null,"categoryId":"CULTURES","subcategoryId":"MUSEE"},"geometry":{"type":"Point","coordinates":[-63.2451,-32.41186]}},{"type":"Feature","properties":{"osm_id":"11423785742","code":2722,"fclass":"museum","name":"Edificio de Administración de Ferrocarriles","categoryId":"CULTURES","subcategoryId":"MUSEE"},"geometry":{"type":"Point","coordinates":[-63.24722,-32.4114]}},{"type":"Feature","properties":{"osm_id":"11492750018","code":2733,"fclass":"archaeological","name":"Morteros del Chavascate","categoryId":"CULTURES","subcategoryId":"SITE ARCHEOLOGIQUE"},"geometry":{"type":"Point","coordinates":[-64.31836,-31.07453]}},{"type":"Feature","properties":{"osm_id":"11531187169","code":2722,"fclass":"museum","name":"Museo y archivo historico","categoryId":"CULTURES","subcategoryId":"MUSEE"},"geometry":{"type":"Point","coordinates":[-60.67425,-36.41396]}},{"type":"Feature","properties":{"osm_id":"11562007653","code":2722,"fclass":"museum","name":"Museo Tinku Wasi Ruka Xaum","categoryId":"CULTURES","subcategoryId":"MUSEE"},"geometry":{"type":"Point","coordinates":[-64.32142,-31.23049]}},{"type":"Feature","properties":{"osm_id":"11576530004","code":2722,"fclass":"museum","name":"Antigua Estación del Ferrocarril Provincial de Santa Fe (FFCC Belgrano)","categoryId":"CULTURES","subcategoryId":"MUSEE"},"geometry":{"type":"Point","coordinates":[-63.25008,-32.39983]}},{"type":"Feature","properties":{"osm_id":"11585348680","code":2722,"fclass":"museum","name":"Centro de Interpretación Cueva de las Manos","categoryId":"CULTURES","subcategoryId":"MUSEE"},"geometry":{"type":"Point","coordinates":[-70.65748,-47.15615]}},{"type":"Feature","properties":{"osm_id":"11593674656","code":2722,"fclass":"museum","name":"Museo Regional Trevelin Molino Andes","categoryId":"CULTURES","subcategoryId":"MUSEE"},"geometry":{"type":"Point","coordinates":[-71.45897,-43.07968]}},{"type":"Feature","properties":{"osm_id":"11608533269","code":2722,"fclass":"museum","name":"Centro Tombo","categoryId":"CULTURES","subcategoryId":"MUSEE"},"geometry":{"type":"Point","coordinates":[-65.24409,-44.04513]}},{"type":"Feature","properties":{"osm_id":"11612173407","code":2722,"fclass":"museum","name":"Museo del Inmigrante Bowen","categoryId":"CULTURES","subcategoryId":"MUSEE"},"geometry":{"type":"Point","coordinates":[-67.50974,-35.00241]}},{"type":"Feature","properties":{"osm_id":"11638055469","code":2722,"fclass":"museum","name":"Museo de Alpa Corral","categoryId":"CULTURES","subcategoryId":"MUSEE"},"geometry":{"type":"Point","coordinates":[-64.72171,-32.69425]}},{"type":"Feature","properties":{"osm_id":"11639411092","code":2722,"fclass":"museum","name":"Museo Municipal \"Cacique Corocorto\"","categoryId":"CULTURES","subcategoryId":"MUSEE"},"geometry":{"type":"Point","coordinates":[-67.55145,-33.46141]}},{"type":"Feature","properties":{"osm_id":"11646333060","code":2722,"fclass":"museum","name":"Museo de Sitio ana  Maria Bizet","categoryId":"CULTURES","subcategoryId":"MUSEE"},"geometry":{"type":"Point","coordinates":[-68.69525,-38.42956]}},{"type":"Feature","properties":{"osm_id":"11661420477","code":2722,"fclass":"museum","name":"Museo Atahualpa Yupanqui","categoryId":"CULTURES","subcategoryId":"MUSEE"},"geometry":{"type":"Point","coordinates":[-63.93487,-30.08583]}},{"type":"Feature","properties":{"osm_id":"11711180555","code":2722,"fclass":"museum","name":"Sanaviron","categoryId":"CULTURES","subcategoryId":"MUSEE"},"geometry":{"type":"Point","coordinates":[-63.94634,-30.35474]}},{"type":"Feature","properties":{"osm_id":"11742040769","code":2722,"fclass":"museum","name":"Planetario","categoryId":"CULTURES","subcategoryId":"MUSEE"},"geometry":{"type":"Point","coordinates":[-70.63317,-47.13201]}},{"type":"Feature","properties":{"osm_id":"11772308573","code":2722,"fclass":"museum","name":"Museo","categoryId":"CULTURES","subcategoryId":"MUSEE"},"geometry":{"type":"Point","coordinates":[-64.46013,-30.99493]}},{"type":"Feature","properties":{"osm_id":"11783404933","code":2722,"fclass":"museum","name":"Museo de Malvinas","categoryId":"CULTURES","subcategoryId":"MUSEE"},"geometry":{"type":"Point","coordinates":[-62.71426,-34.27074]}},{"type":"Feature","properties":{"osm_id":"11789223409","code":2722,"fclass":"museum","name":"Casa Museo Parodi","categoryId":"CULTURES","subcategoryId":"MUSEE"},"geometry":{"type":"Point","coordinates":[-58.57833,-34.61238]}},{"type":"Feature","properties":{"osm_id":"11836038171","code":2722,"fclass":"museum","name":"Museo y Archivo Histórico Santa Elena","categoryId":"CULTURES","subcategoryId":"MUSEE"},"geometry":{"type":"Point","coordinates":[-59.78949,-30.94606]}},{"type":"Feature","properties":{"osm_id":"11848235797","code":2722,"fclass":"museum","name":"Museo de la Fiesta Nacional del Poncho","categoryId":"CULTURES","subcategoryId":"MUSEE"},"geometry":{"type":"Point","coordinates":[-65.75603,-28.44804]}},{"type":"Feature","properties":{"osm_id":"11876997155","code":2722,"fclass":"museum","name":"Museo y Biblioteca del Banco Ciudad","categoryId":"CULTURES","subcategoryId":"MUSEE"},"geometry":{"type":"Point","coordinates":[-58.41607,-34.62329]}},{"type":"Feature","properties":{"osm_id":"11984484381","code":2722,"fclass":"museum","name":"Casa Museo Jorge Reclade","categoryId":"CULTURES","subcategoryId":"MUSEE"},"geometry":{"type":"Point","coordinates":[-65.00395,-31.72132]}},{"type":"Feature","properties":{"osm_id":"11997906578","code":2722,"fclass":"museum","name":null,"categoryId":"CULTURES","subcategoryId":"MUSEE"},"geometry":{"type":"Point","coordinates":[-60.16042,-36.93884]}},{"type":"Feature","properties":{"osm_id":"12010246369","code":2722,"fclass":"museum","name":"Museo Borges","categoryId":"CULTURES","subcategoryId":"MUSEE"},"geometry":{"type":"Point","coordinates":[-58.40297,-34.59124]}},{"type":"Feature","properties":{"osm_id":"12014027689","code":2722,"fclass":"museum","name":"Museo Histórico de Ciudad Jardín Erich Zeyen","categoryId":"CULTURES","subcategoryId":"MUSEE"},"geometry":{"type":"Point","coordinates":[-58.59451,-34.59788]}},{"type":"Feature","properties":{"osm_id":"12034994095","code":2722,"fclass":"museum","name":"Mirador de Altube","categoryId":"CULTURES","subcategoryId":"MUSEE"},"geometry":{"type":"Point","coordinates":[-58.78293,-34.54745]}},{"type":"Feature","properties":{"osm_id":"12041649713","code":2722,"fclass":"museum","name":"Museo Barrio de Flores","categoryId":"CULTURES","subcategoryId":"MUSEE"},"geometry":{"type":"Point","coordinates":[-58.45946,-34.62914]}},{"type":"Feature","properties":{"osm_id":"12055619193","code":2722,"fclass":"museum","name":"Museo de Ciencias Naturales Punta Hermengo","categoryId":"CULTURES","subcategoryId":"MUSEE"},"geometry":{"type":"Point","coordinates":[-57.85852,-38.29083]}},{"type":"Feature","properties":{"osm_id":"12057831669","code":2722,"fclass":"museum","name":"Jardín Botánico y museo de ciencias naturales","categoryId":"CULTURES","subcategoryId":"MUSEE"},"geometry":{"type":"Point","coordinates":[-55.10107,-27.4744]}},{"type":"Feature","properties":{"osm_id":"12061978069","code":2722,"fclass":"museum","name":"Casa de la memoria","categoryId":"CULTURES","subcategoryId":"MUSEE"},"geometry":{"type":"Point","coordinates":[-64.34052,-33.13193]}},{"type":"Feature","properties":{"osm_id":"12064958973","code":2722,"fclass":"museum","name":"Museo Arqueológico","categoryId":"CULTURES","subcategoryId":"MUSEE"},"geometry":{"type":"Point","coordinates":[-63.93248,-30.09891]}},{"type":"Feature","properties":{"osm_id":"12065608585","code":2722,"fclass":"museum","name":"Museo Juan Tardivo","categoryId":"CULTURES","subcategoryId":"MUSEE"},"geometry":{"type":"Point","coordinates":[-64.41379,-31.80415]}},{"type":"Feature","properties":{"osm_id":"12077226751","code":2722,"fclass":"museum","name":"Museo Etnografico e Histórico Pari Aike","categoryId":"CULTURES","subcategoryId":"MUSEE"},"geometry":{"type":"Point","coordinates":[-70.92457,-46.5925]}},{"type":"Feature","properties":{"osm_id":"12086235483","code":2722,"fclass":"museum","name":"Museo de Mineralogía","categoryId":"CULTURES","subcategoryId":"MUSEE"},"geometry":{"type":"Point","coordinates":[-68.41574,-43.88237]}},{"type":"Feature","properties":{"osm_id":"12086496666","code":2722,"fclass":"museum","name":"Museo de la Zamba \"Paisajes de Catamarca\"","categoryId":"CULTURES","subcategoryId":"MUSEE"},"geometry":{"type":"Point","coordinates":[-65.63511,-28.47269]}},{"type":"Feature","properties":{"osm_id":"12093788789","code":2733,"fclass":"archaeological","name":"Pinturas rupestres","categoryId":"CULTURES","subcategoryId":"SITE ARCHEOLOGIQUE"},"geometry":{"type":"Point","coordinates":[-71.31091,-40.61892]}},{"type":"Feature","properties":{"osm_id":"12106366072","code":2722,"fclass":"museum","name":"Casa de la cultura","categoryId":"CULTURES","subcategoryId":"MUSEE"},"geometry":{"type":"Point","coordinates":[-65.03213,-32.03133]}},{"type":"Feature","properties":{"osm_id":"12119325894","code":2722,"fclass":"museum","name":"Vieja estación Sarmiento","categoryId":"CULTURES","subcategoryId":"MUSEE"},"geometry":{"type":"Point","coordinates":[-69.06489,-45.59422]}},{"type":"Feature","properties":{"osm_id":"12120184016","code":2722,"fclass":"museum","name":"Museo Educación","categoryId":"CULTURES","subcategoryId":"MUSEE"},"geometry":{"type":"Point","coordinates":[-58.98781,-27.4505]}},{"type":"Feature","properties":{"osm_id":"12140975235","code":2722,"fclass":"museum","name":"Museo municipal de veteranos de la guerra de Malvinas","categoryId":"CULTURES","subcategoryId":"MUSEE"},"geometry":{"type":"Point","coordinates":[-67.69553,-34.97714]}},{"type":"Feature","properties":{"osm_id":"12195856369","code":2722,"fclass":"museum","name":"Museo Gabriel Campomar Cervera","categoryId":"CULTURES","subcategoryId":"MUSEE"},"geometry":{"type":"Point","coordinates":[-62.95449,-36.75098]}},{"type":"Feature","properties":{"osm_id":"12207352253","code":2722,"fclass":"museum","name":null,"categoryId":"CULTURES","subcategoryId":"MUSEE"},"geometry":{"type":"Point","coordinates":[-64.84439,-32.89276]}},{"type":"Feature","properties":{"osm_id":"12207512217","code":2733,"fclass":"archaeological","name":"morteros","categoryId":"CULTURES","subcategoryId":"SITE ARCHEOLOGIQUE"},"geometry":{"type":"Point","coordinates":[-64.86457,-32.88992]}},{"type":"Feature","properties":{"osm_id":"12219043401","code":2722,"fclass":"museum","name":"Museo de Anatomía JJ Naón UBA","categoryId":"CULTURES","subcategoryId":"MUSEE"},"geometry":{"type":"Point","coordinates":[-58.39868,-34.59728]}},{"type":"Feature","properties":{"osm_id":"12230750384","code":2722,"fclass":"museum","name":"Club de Astronomía ing Felix Aguilar","categoryId":"CULTURES","subcategoryId":"MUSEE"},"geometry":{"type":"Point","coordinates":[-58.4866,-34.52469]}},{"type":"Feature","properties":{"osm_id":"12233676313","code":2722,"fclass":"museum","name":"Museo Regional Municipal","categoryId":"CULTURES","subcategoryId":"MUSEE"},"geometry":{"type":"Point","coordinates":[-59.53039,-32.38353]}},{"type":"Feature","properties":{"osm_id":"12244121149","code":2722,"fclass":"museum","name":"Museo Historico Provincial Agustín Gnecco","categoryId":"CULTURES","subcategoryId":"MUSEE"},"geometry":{"type":"Point","coordinates":[-68.51343,-31.53701]}},{"type":"Feature","properties":{"osm_id":"12255076303","code":2733,"fclass":"archaeological","name":"Enterratorio Eltuwe","categoryId":"CULTURES","subcategoryId":"SITE ARCHEOLOGIQUE"},"geometry":{"type":"Point","coordinates":[-62.9691,-40.81086]}},{"type":"Feature","properties":{"osm_id":"12285940941","code":2722,"fclass":"museum","name":"Casa Caravati - Museo de la Ciudad","categoryId":"CULTURES","subcategoryId":"MUSEE"},"geometry":{"type":"Point","coordinates":[-65.77797,-28.47418]}},{"type":"Feature","properties":{"osm_id":"12307123467","code":2722,"fclass":"museum","name":"Museo Historico Brinkmann","categoryId":"CULTURES","subcategoryId":"MUSEE"},"geometry":{"type":"Point","coordinates":[-62.03814,-30.86103]}},{"type":"Feature","properties":{"osm_id":"12334917967","code":2722,"fclass":"museum","name":"Museo","categoryId":"CULTURES","subcategoryId":"MUSEE"},"geometry":{"type":"Point","coordinates":[-62.81379,-31.32301]}},{"type":"Feature","properties":{"osm_id":"12342813124","code":2722,"fclass":"museum","name":"Museo Arqueológico","categoryId":"CULTURES","subcategoryId":"MUSEE"},"geometry":{"type":"Point","coordinates":[-67.45888,-28.57712]}},{"type":"Feature","properties":{"osm_id":"12374968637","code":2722,"fclass":"museum","name":"Museo","categoryId":"CULTURES","subcategoryId":"MUSEE"},"geometry":{"type":"Point","coordinates":[-67.62582,-28.55462]}},{"type":"Feature","properties":{"osm_id":"12379467630","code":2722,"fclass":"museum","name":"Museo Casa El Rosedal","categoryId":"CULTURES","subcategoryId":"MUSEE"},"geometry":{"type":"Point","coordinates":[-65.353,-27.26225]}},{"type":"Feature","properties":{"osm_id":"12394887163","code":2722,"fclass":"museum","name":"Museo Fotográfico","categoryId":"CULTURES","subcategoryId":"MUSEE"},"geometry":{"type":"Point","coordinates":[-62.67604,-30.9148]}},{"type":"Feature","properties":{"osm_id":"12396234827","code":2722,"fclass":"museum","name":"Ciencias Naturales","categoryId":"CULTURES","subcategoryId":"MUSEE"},"geometry":{"type":"Point","coordinates":[-62.67537,-30.91354]}},{"type":"Feature","properties":{"osm_id":"12398856045","code":2722,"fclass":"museum","name":"Museo H. D. Gatica","categoryId":"CULTURES","subcategoryId":"MUSEE"},"geometry":{"type":"Point","coordinates":[-66.09075,-31.89293]}},{"type":"Feature","properties":{"osm_id":"12407562686","code":2722,"fclass":"museum","name":"Buenos Aires Museo","categoryId":"CULTURES","subcategoryId":"MUSEE"},"geometry":{"type":"Point","coordinates":[-58.37218,-34.60987]}},{"type":"Feature","properties":{"osm_id":"12436368711","code":2722,"fclass":"museum","name":"Museo del Campo","categoryId":"CULTURES","subcategoryId":"MUSEE"},"geometry":{"type":"Point","coordinates":[-67.71627,-49.31317]}},{"type":"Feature","properties":{"osm_id":"12466068873","code":2722,"fclass":"museum","name":"Sala de Interpretación Maiá-Kú","categoryId":"CULTURES","subcategoryId":"MUSEE"},"geometry":{"type":"Point","coordinates":[-68.56162,-54.83751]}},{"type":"Feature","properties":{"osm_id":"12466882714","code":2722,"fclass":"museum","name":"Museo de Historia Natural","categoryId":"CULTURES","subcategoryId":"MUSEE"},"geometry":{"type":"Point","coordinates":[-71.35037,-40.15839]}},{"type":"Feature","properties":{"osm_id":"12476183701","code":2722,"fclass":"museum","name":"Raíces Fueguinas Museo Resto-Bar","categoryId":"CULTURES","subcategoryId":"MUSEE"},"geometry":{"type":"Point","coordinates":[-67.19442,-54.50516]}},{"type":"Feature","properties":{"osm_id":"12486872647","code":2722,"fclass":"museum","name":"Museo Interactivo de Ciencias Naturales","categoryId":"CULTURES","subcategoryId":"MUSEE"},"geometry":{"type":"Point","coordinates":[-58.6987,-34.66607]}},{"type":"Feature","properties":{"osm_id":"12500805035","code":2722,"fclass":"museum","name":"Museo de Pueblos Históricos, Correntino y Policial","categoryId":"CULTURES","subcategoryId":"MUSEE"},"geometry":{"type":"Point","coordinates":[-57.88638,-28.39198]}},{"type":"Feature","properties":{"osm_id":"12500928200","code":2722,"fclass":"museum","name":"Museo Histórico de Yapeyú","categoryId":"CULTURES","subcategoryId":"MUSEE"},"geometry":{"type":"Point","coordinates":[-56.81739,-29.47095]}},{"type":"Feature","properties":{"osm_id":"12500929305","code":2722,"fclass":"museum","name":"Centro de Interpretación Jesuítico-Guaraní \"Padre Guillermo Furlong\"","categoryId":"CULTURES","subcategoryId":"MUSEE"},"geometry":{"type":"Point","coordinates":[-56.81457,-29.47194]}},{"type":"Feature","properties":{"osm_id":"12514008070","code":2722,"fclass":"museum","name":"Escuela Museo Gobernación de los Andes","categoryId":"CULTURES","subcategoryId":"MUSEE"},"geometry":{"type":"Point","coordinates":[-69.41952,-31.45994]}},{"type":"Feature","properties":{"osm_id":"12535179441","code":2722,"fclass":"museum","name":"Casa Coleman","categoryId":"CULTURES","subcategoryId":"MUSEE"},"geometry":{"type":"Point","coordinates":[-62.26034,-38.7143]}},{"type":"Feature","properties":{"osm_id":"12546409421","code":2722,"fclass":"museum","name":"Museo \"Tarragó Ros\"","categoryId":"CULTURES","subcategoryId":"MUSEE"},"geometry":{"type":"Point","coordinates":[-58.06558,-29.78725]}},{"type":"Feature","properties":{"osm_id":"12552972636","code":2722,"fclass":"museum","name":"Centro de Interpretación Pueblo Perdido","categoryId":"CULTURES","subcategoryId":"MUSEE"},"geometry":{"type":"Point","coordinates":[-65.83154,-28.46618]}},{"type":"Feature","properties":{"osm_id":"12593249216","code":2722,"fclass":"museum","name":"Museo Arquelógico Cadillal (MAC)","categoryId":"CULTURES","subcategoryId":"MUSEE"},"geometry":{"type":"Point","coordinates":[-65.20059,-26.62281]}},{"type":"Feature","properties":{"osm_id":"12599420381","code":2722,"fclass":"museum","name":"Museo de Piedras","categoryId":"CULTURES","subcategoryId":"MUSEE"},"geometry":{"type":"Point","coordinates":[-64.48092,-32.19353]}},{"type":"Feature","properties":{"osm_id":"12599552101","code":2722,"fclass":"museum","name":"Centro de interpretación el Camino de Brochero","categoryId":"CULTURES","subcategoryId":"MUSEE"},"geometry":{"type":"Point","coordinates":[-64.18445,-31.4167]}},{"type":"Feature","properties":{"osm_id":"12610344399","code":2722,"fclass":"museum","name":"Museo de la Ciudad","categoryId":"CULTURES","subcategoryId":"MUSEE"},"geometry":{"type":"Point","coordinates":[-65.18945,-31.94729]}},{"type":"Feature","properties":{"osm_id":"12610848211","code":2722,"fclass":"museum","name":"Casa de Los Gobernadores","categoryId":"CULTURES","subcategoryId":"MUSEE"},"geometry":{"type":"Point","coordinates":[-65.36446,-32.77082]}},{"type":"Feature","properties":{"osm_id":"12618691544","code":2722,"fclass":"museum","name":"Museo de los Pioneros","categoryId":"CULTURES","subcategoryId":"MUSEE"},"geometry":{"type":"Point","coordinates":[-67.71934,-49.30808]}},{"type":"Feature","properties":{"osm_id":"12619080885","code":2722,"fclass":"museum","name":"Museo Facón Grande","categoryId":"CULTURES","subcategoryId":"MUSEE"},"geometry":{"type":"Point","coordinates":[-67.1395,-47.18306]}},{"type":"Feature","properties":{"osm_id":"12623566824","code":2722,"fclass":"museum","name":"Museo Comunal Koluel Kayke","categoryId":"CULTURES","subcategoryId":"MUSEE"},"geometry":{"type":"Point","coordinates":[-68.22394,-46.71402]}},{"type":"Feature","properties":{"osm_id":"12628534602","code":2722,"fclass":"museum","name":"El Hogar Misionero del Che","categoryId":"CULTURES","subcategoryId":"MUSEE"},"geometry":{"type":"Point","coordinates":[-54.78094,-26.61485]}},{"type":"Feature","properties":{"osm_id":"12650624371","code":2722,"fclass":"museum","name":"Museo Estación Fulton","categoryId":"CULTURES","subcategoryId":"MUSEE"},"geometry":{"type":"Point","coordinates":[-58.80852,-37.41614]}},{"type":"Feature","properties":{"osm_id":"12653702749","code":2722,"fclass":"museum","name":"Museo Histórico de Cultura y Tradición","categoryId":"CULTURES","subcategoryId":"MUSEE"},"geometry":{"type":"Point","coordinates":[-61.31622,-38.04376]}},{"type":"Feature","properties":{"osm_id":"12653928647","code":2722,"fclass":"museum","name":"Museo Malvinas","categoryId":"CULTURES","subcategoryId":"MUSEE"},"geometry":{"type":"Point","coordinates":[-61.31608,-38.04368]}},{"type":"Feature","properties":{"osm_id":"12659364371","code":2733,"fclass":"archaeological","name":"Aulas","categoryId":"CULTURES","subcategoryId":"SITE ARCHEOLOGIQUE"},"geometry":{"type":"Point","coordinates":[-55.53092,-27.25538]}},{"type":"Feature","properties":{"osm_id":"12749091768","code":2722,"fclass":"museum","name":"Museo Los Pioneros","categoryId":"CULTURES","subcategoryId":"MUSEE"},"geometry":{"type":"Point","coordinates":[-61.48688,-30.8373]}},{"type":"Feature","properties":{"osm_id":"12758459191","code":2722,"fclass":"museum","name":"Museo Provincial del Deporte","categoryId":"CULTURES","subcategoryId":"MUSEE"},"geometry":{"type":"Point","coordinates":[-64.24727,-31.36857]}},{"type":"Feature","properties":{"osm_id":"12801117300","code":2722,"fclass":"museum","name":"Museo Campo Cañuelas","categoryId":"CULTURES","subcategoryId":"MUSEE"},"geometry":{"type":"Point","coordinates":[-58.75845,-35.01619]}},{"type":"Feature","properties":{"osm_id":"12851906944","code":2722,"fclass":"museum","name":"Centro de Expresiones Contemporáneas","categoryId":"CULTURES","subcategoryId":"MUSEE"},"geometry":{"type":"Point","coordinates":[-60.63325,-32.94202]}},{"type":"Feature","properties":{"osm_id":"12871177622","code":2722,"fclass":"museum","name":"Museo del Pueblo Peregrino","categoryId":"CULTURES","subcategoryId":"MUSEE"},"geometry":{"type":"Point","coordinates":[-58.55747,-27.50765]}},{"type":"Feature","properties":{"osm_id":"12992127948","code":2733,"fclass":"archaeological","name":"Parque arqueológico estrella de Vinchina","categoryId":"CULTURES","subcategoryId":"SITE ARCHEOLOGIQUE"},"geometry":{"type":"Point","coordinates":[-68.22342,-28.74555]}},{"type":"Feature","properties":{"osm_id":"13012429431","code":2722,"fclass":"museum","name":"Museo Malvinas","categoryId":"CULTURES","subcategoryId":"MUSEE"},"geometry":{"type":"Point","coordinates":[-65.85302,-33.20294]}},{"type":"Feature","properties":{"osm_id":"13012436615","code":2733,"fclass":"archaeological","name":"Grabados rupestres \"Sitio Saladillo\"","categoryId":"CULTURES","subcategoryId":"SITE ARCHEOLOGIQUE"},"geometry":{"type":"Point","coordinates":[-65.85331,-33.19865]}},{"type":"Feature","properties":{"osm_id":"13039212325","code":2722,"fclass":"museum","name":"Museo de Sitio \"Almacen de Ramos Generales\" y \"Batalla de Caá Guazú\"","categoryId":"CULTURES","subcategoryId":"MUSEE"},"geometry":{"type":"Point","coordinates":[-58.57026,-28.95375]}},{"type":"Feature","properties":{"osm_id":"13057312725","code":2722,"fclass":"museum","name":"museo 1923","categoryId":"CULTURES","subcategoryId":"MUSEE"},"geometry":{"type":"Point","coordinates":[-65.0397,-43.31308]}},{"type":"Feature","properties":{"osm_id":"13062507792","code":2722,"fclass":"museum","name":"Hualinchay","categoryId":"CULTURES","subcategoryId":"MUSEE"},"geometry":{"type":"Point","coordinates":[-65.49593,-26.23464]}},{"type":"Feature","properties":{"osm_id":"13069883401","code":2722,"fclass":"museum","name":"Roma antiguedades","categoryId":"CULTURES","subcategoryId":"MUSEE"},"geometry":{"type":"Point","coordinates":[-64.5026,-31.40956]}},{"type":"Feature","properties":{"osm_id":"13071275640","code":2722,"fclass":"museum","name":"Museo El Taller","categoryId":"CULTURES","subcategoryId":"MUSEE"},"geometry":{"type":"Point","coordinates":[-65.43896,-36.21436]}},{"type":"Feature","properties":{"osm_id":"13073044967","code":2722,"fclass":"museum","name":"Museo Molina de Piedra","categoryId":"CULTURES","subcategoryId":"MUSEE"},"geometry":{"type":"Point","coordinates":[-65.40634,-24.69181]}},{"type":"Feature","properties":{"osm_id":"13073044975","code":2722,"fclass":"museum","name":"Museo de la Gesta Gümesiana y Gaucha","categoryId":"CULTURES","subcategoryId":"MUSEE"},"geometry":{"type":"Point","coordinates":[-65.50207,-24.73183]}},{"type":"Feature","properties":{"osm_id":"13078335754","code":2722,"fclass":"museum","name":"Museo Arqueológico a Cielo Abierto Ibatín","categoryId":"CULTURES","subcategoryId":"MUSEE"},"geometry":{"type":"Point","coordinates":[-65.58344,-27.22152]}},{"type":"Feature","properties":{"osm_id":"13109514210","code":2733,"fclass":"archaeological","name":"Mortero","categoryId":"CULTURES","subcategoryId":"SITE ARCHEOLOGIQUE"},"geometry":{"type":"Point","coordinates":[-66.05429,-26.60216]}},{"type":"Feature","properties":{"osm_id":"13115404223","code":2733,"fclass":"archaeological","name":"Piedra Pintada","categoryId":"CULTURES","subcategoryId":"SITE ARCHEOLOGIQUE"},"geometry":{"type":"Point","coordinates":[-65.56233,-26.27691]}},{"type":"Feature","properties":{"osm_id":"13152843754","code":2722,"fclass":"museum","name":null,"categoryId":"CULTURES","subcategoryId":"MUSEE"},"geometry":{"type":"Point","coordinates":[-58.39129,-34.5942]}},{"type":"Feature","properties":{"osm_id":"13155084788","code":2722,"fclass":"museum","name":"Museo Histórico de Olivera Donato Macagno","categoryId":"CULTURES","subcategoryId":"MUSEE"},"geometry":{"type":"Point","coordinates":[-59.2532,-34.6258]}},{"type":"Feature","properties":{"osm_id":"13155333956","code":2722,"fclass":"museum","name":"Museo de la Yerba","categoryId":"CULTURES","subcategoryId":"MUSEE"},"geometry":{"type":"Point","coordinates":[-55.41058,-27.13694]}},{"type":"Feature","properties":{"osm_id":"13203093576","code":2733,"fclass":"archaeological","name":"Morteros de \"Vieja Usina\"","categoryId":"CULTURES","subcategoryId":"SITE ARCHEOLOGIQUE"},"geometry":{"type":"Point","coordinates":[-64.55546,-32.05971]}},{"type":"Feature","properties":{"osm_id":"13203093577","code":2733,"fclass":"archaeological","name":"Morteros de \"El Remanso\"","categoryId":"CULTURES","subcategoryId":"SITE ARCHEOLOGIQUE"},"geometry":{"type":"Point","coordinates":[-64.54202,-32.07334]}},{"type":"Feature","properties":{"osm_id":"13205213370","code":2733,"fclass":"archaeological","name":"Pinturas Rupestres","categoryId":"CULTURES","subcategoryId":"SITE ARCHEOLOGIQUE"},"geometry":{"type":"Point","coordinates":[-71.20384,-40.49806]}},{"type":"Feature","properties":{"osm_id":"13223820751","code":2722,"fclass":"museum","name":"Memorial de Facundo Quiroga y Los Caudillos","categoryId":"CULTURES","subcategoryId":"MUSEE"},"geometry":{"type":"Point","coordinates":[-66.86498,-29.42826]}},{"type":"Feature","properties":{"osm_id":"13232593017","code":2722,"fclass":"museum","name":"Museo de Ciencias Naturales","categoryId":"CULTURES","subcategoryId":"MUSEE"},"geometry":{"type":"Point","coordinates":[-69.38299,-33.6029]}},{"type":"Feature","properties":{"osm_id":"13236905161","code":2722,"fclass":"museum","name":"Museo","categoryId":"CULTURES","subcategoryId":"MUSEE"},"geometry":{"type":"Point","coordinates":[-65.50541,-36.26569]}},{"type":"Feature","properties":{"osm_id":"13256976658","code":2722,"fclass":"museum","name":"Museo Alemanes del Volga","categoryId":"CULTURES","subcategoryId":"MUSEE"},"geometry":{"type":"Point","coordinates":[-60.00458,-31.60993]}},{"type":"Feature","properties":{"osm_id":"13278763000","code":2722,"fclass":"museum","name":"Museo Historico","categoryId":"CULTURES","subcategoryId":"MUSEE"},"geometry":{"type":"Point","coordinates":[-60.94842,-26.60295]}},{"type":"Feature","properties":{"osm_id":"13375201594","code":2722,"fclass":"museum","name":"Paleorama","categoryId":"CULTURES","subcategoryId":"MUSEE"},"geometry":{"type":"Point","coordinates":[-58.64493,-34.50203]}}]}