{"type":"FeatureCollection","name":"temperature_juin","crs":{"type":"name","properties":{"name":"urn:ogc:def:crs:OGC:1.3:CRS84"}},"features":[{"type":"Feature","properties":{"fid":1,"class_id":3},"geometry":{"type":"Polygon","coordinates":[[[-66.25,-21.79167],[-66.25,-21.91667],[-66.20833,-21.91667],[-66.20833,-21.875],[-66.16667,-21.875],[-66.16667,-21.79167],[-66.25,-21.79167]]]}},{"type":"Feature","properties":{"fid":2,"class_id":3},"geometry":{"type":"Polygon","coordinates":[[[-66.29167,-21.95833],[-66.29167,-22.04167],[-66.25,-22.04167],[-66.25,-21.95833],[-66.29167,-21.95833]]]}},{"type":"Feature","properties":{"fid":3,"class_id":4},"geometry":{"type":"Polygon","coordinates":[[[-65,-22.25],[-65,-22.29167],[-64.95833,-22.29167],[-64.95833,-22.25],[-65,-22.25]]]}},{"type":"Feature","properties":{"fid":4,"class_id":5},"geometry":{"type":"Polygon","coordinates":[[[-64.58333,-22.25],[-64.58333,-22.33333],[-64.625,-22.33333],[-64.625,-22.41667],[-64.58333,-22.41667],[-64.58333,-22.45833],[-64.54167,-22.45833],[-64.54167,-22.25],[-64.58333,-22.25]]]}},{"type":"Feature","properties":{"fid":5,"class_id":2},"geometry":{"type":"Polygon","coordinates":[[[-65.04167,-22.41667],[-65.04167,-22.45833],[-65,-22.45833],[-65,-22.41667],[-65.04167,-22.41667]]]}},{"type":"Feature","properties":{"fid":6,"class_id":5},"geometry":{"type":"Polygon","coordinates":[[[-64.54167,-22.45833],[-64.54167,-22.5],[-64.5,-22.5],[-64.5,-22.45833],[-64.54167,-22.45833]]]}},{"type":"Feature","properties":{"fid":7,"class_id":2},"geometry":{"type":"Polygon","coordinates":[[[-65.08333,-22.5],[-65.08333,-22.58333],[-65.04167,-22.58333],[-65.04167,-22.5],[-65.08333,-22.5]]]}},{"type":"Feature","properties":{"fid":8,"class_id":4},"geometry":{"type":"Polygon","coordinates":[[[-65.125,-22.75],[-65.125,-22.79167],[-65.08333,-22.79167],[-65.08333,-22.75],[-65.125,-22.75]]]}},{"type":"Feature","properties":{"fid":9,"class_id":3},"geometry":{"type":"Polygon","coordinates":[[[-65.04167,-22.08333],[-65.04167,-22.20833],[-65.08333,-22.20833],[-65.08333,-22.29167],[-65.125,-22.29167],[-65.125,-22.25],[-65.16667,-22.25],[-65.16667,-22.375],[-65.08333,-22.375],[-65.08333,-22.45833],[-65.125,-22.45833],[-65.125,-22.54167],[-65.29167,-22.54167],[-65.29167,-22.58333],[-65.25,-22.58333],[-65.25,-22.625],[-65.20833,-22.625],[-65.20833,-22.70833],[-65.25,-22.70833],[-65.25,-22.875],[-65.20833,-22.875],[-65.20833,-22.79167],[-65.125,-22.79167],[-65.125,-22.75],[-65.08333,-22.75],[-65.08333,-22.79167],[-64.95833,-22.79167],[-64.95833,-22.70833],[-65,-22.70833],[-65,-22.625],[-64.91667,-22.625],[-64.91667,-22.58333],[-64.95833,-22.58333],[-64.95833,-22.5],[-64.875,-22.5],[-64.875,-22.45833],[-64.91667,-22.45833],[-64.91667,-22.41667],[-64.875,-22.41667],[-64.875,-22.33333],[-64.83333,-22.33333],[-64.83333,-22.29167],[-64.79167,-22.29167],[-64.79167,-22.25],[-64.83333,-22.25],[-64.83333,-22.20833],[-64.875,-22.20833],[-64.875,-22.25],[-64.95833,-22.25],[-64.95833,-22.16667],[-64.91667,-22.16667],[-64.91667,-22.125],[-64.95833,-22.125],[-64.95833,-22.08333],[-65.04167,-22.08333]],[[-65,-22.25],[-64.95833,-22.25],[-64.95833,-22.29167],[-65,-22.29167],[-65,-22.25]],[[-65.04167,-22.41667],[-65,-22.41667],[-65,-22.45833],[-65.04167,-22.45833],[-65.04167,-22.41667]],[[-65.08333,-22.5],[-65.04167,-22.5],[-65.04167,-22.58333],[-65.08333,-22.58333],[-65.08333,-22.5]]]}},{"type":"Feature","properties":{"fid":10,"class_id":3},"geometry":{"type":"Polygon","coordinates":[[[-65.95833,-22.83333],[-65.95833,-22.91667],[-65.91667,-22.91667],[-65.91667,-22.83333],[-65.95833,-22.83333]]]}},{"type":"Feature","properties":{"fid":11,"class_id":3},"geometry":{"type":"Polygon","coordinates":[[[-65.95833,-21.91667],[-65.95833,-21.95833],[-66,-21.95833],[-66,-22.04167],[-65.91667,-22.04167],[-65.91667,-22.08333],[-65.875,-22.08333],[-65.875,-22.125],[-65.79167,-22.125],[-65.79167,-22.16667],[-65.70833,-22.16667],[-65.70833,-22.25],[-65.75,-22.25],[-65.75,-22.33333],[-65.79167,-22.33333],[-65.79167,-22.66667],[-65.83333,-22.66667],[-65.83333,-22.875],[-65.875,-22.875],[-65.875,-22.91667],[-65.91667,-22.91667],[-65.91667,-22.95833],[-65.875,-22.95833],[-65.875,-23],[-65.83333,-23],[-65.83333,-22.95833],[-65.79167,-22.95833],[-65.79167,-22.91667],[-65.75,-22.91667],[-65.75,-22.83333],[-65.70833,-22.83333],[-65.70833,-22.79167],[-65.66667,-22.79167],[-65.66667,-22.70833],[-65.625,-22.70833],[-65.625,-22.5],[-65.58333,-22.5],[-65.58333,-22.45833],[-65.54167,-22.45833],[-65.54167,-22.375],[-65.45833,-22.375],[-65.45833,-22.33333],[-65.41667,-22.33333],[-65.41667,-22.29167],[-65.375,-22.29167],[-65.375,-22.25],[-65.33333,-22.25],[-65.33333,-22.16667],[-65.29167,-22.16667],[-65.29167,-22.08333],[-65.625,-22.08333],[-65.625,-22.125],[-65.75,-22.125],[-65.75,-22.08333],[-65.83333,-22.08333],[-65.83333,-22],[-65.875,-22],[-65.875,-21.95833],[-65.91667,-21.95833],[-65.91667,-21.91667],[-65.95833,-21.91667]]]}},{"type":"Feature","properties":{"fid":12,"class_id":3},"geometry":{"type":"Polygon","coordinates":[[[-66.04167,-23],[-66.04167,-23.16667],[-66,-23.16667],[-66,-23.20833],[-65.95833,-23.20833],[-65.95833,-23.04167],[-65.91667,-23.04167],[-65.91667,-23],[-66.04167,-23]]]}},{"type":"Feature","properties":{"fid":13,"class_id":3},"geometry":{"type":"Polygon","coordinates":[[[-65.58333,-23.25],[-65.58333,-23.29167],[-65.54167,-23.29167],[-65.54167,-23.25],[-65.58333,-23.25]]]}},{"type":"Feature","properties":{"fid":14,"class_id":3},"geometry":{"type":"Polygon","coordinates":[[[-65.25,-24],[-65.25,-24.04167],[-65.16667,-24.04167],[-65.16667,-24],[-65.25,-24]]]}},{"type":"Feature","properties":{"fid":15,"class_id":3},"geometry":{"type":"Polygon","coordinates":[[[-65.375,-24.04167],[-65.375,-24.125],[-65.33333,-24.125],[-65.33333,-24.04167],[-65.375,-24.04167]]]}},{"type":"Feature","properties":{"fid":16,"class_id":3},"geometry":{"type":"Polygon","coordinates":[[[-65.08333,-24.16667],[-65.08333,-24.20833],[-65.04167,-24.20833],[-65.04167,-24.16667],[-65.08333,-24.16667]]]}},{"type":"Feature","properties":{"fid":17,"class_id":3},"geometry":{"type":"Polygon","coordinates":[[[-64.5,-24.08333],[-64.5,-24.16667],[-64.54167,-24.16667],[-64.54167,-24.20833],[-64.5,-24.20833],[-64.5,-24.25],[-64.45833,-24.25],[-64.45833,-24.08333],[-64.5,-24.08333]]]}},{"type":"Feature","properties":{"fid":18,"class_id":1},"geometry":{"type":"Polygon","coordinates":[[[-66.75,-24.29167],[-66.75,-24.33333],[-66.70833,-24.33333],[-66.70833,-24.29167],[-66.75,-24.29167]]]}},{"type":"Feature","properties":{"fid":19,"class_id":3},"geometry":{"type":"Polygon","coordinates":[[[-64.41667,-24.33333],[-64.41667,-24.375],[-64.375,-24.375],[-64.375,-24.33333],[-64.41667,-24.33333]]]}},{"type":"Feature","properties":{"fid":20,"class_id":3},"geometry":{"type":"Polygon","coordinates":[[[-64.45833,-24.41667],[-64.45833,-24.45833],[-64.41667,-24.45833],[-64.41667,-24.41667],[-64.45833,-24.41667]]]}},{"type":"Feature","properties":{"fid":21,"class_id":3},"geometry":{"type":"Polygon","coordinates":[[[-64.54167,-24.45833],[-64.54167,-24.54167],[-64.5,-24.54167],[-64.5,-24.45833],[-64.54167,-24.45833]]]}},{"type":"Feature","properties":{"fid":22,"class_id":1},"geometry":{"type":"Polygon","coordinates":[[[-68.54167,-24.70833],[-68.54167,-24.75],[-68.5,-24.75],[-68.5,-24.70833],[-68.54167,-24.70833]]]}},{"type":"Feature","properties":{"fid":23,"class_id":3},"geometry":{"type":"Polygon","coordinates":[[[-64.79167,-24.70833],[-64.79167,-24.75],[-64.75,-24.75],[-64.75,-24.70833],[-64.79167,-24.70833]]]}},{"type":"Feature","properties":{"fid":24,"class_id":1},"geometry":{"type":"Polygon","coordinates":[[[-66.41667,-24.75],[-66.41667,-24.79167],[-66.375,-24.79167],[-66.375,-24.75],[-66.41667,-24.75]]]}},{"type":"Feature","properties":{"fid":25,"class_id":2},"geometry":{"type":"Polygon","coordinates":[[[-65.79167,-24.875],[-65.79167,-24.91667],[-65.75,-24.91667],[-65.75,-24.875],[-65.79167,-24.875]]]}},{"type":"Feature","properties":{"fid":26,"class_id":1},"geometry":{"type":"Polygon","coordinates":[[[-66.41667,-24.91667],[-66.41667,-24.95833],[-66.375,-24.95833],[-66.375,-25],[-66.33333,-25],[-66.33333,-24.91667],[-66.41667,-24.91667]]]}},{"type":"Feature","properties":{"fid":27,"class_id":1},"geometry":{"type":"Polygon","coordinates":[[[-66.625,-25.08333],[-66.625,-25.16667],[-66.58333,-25.16667],[-66.58333,-25.08333],[-66.625,-25.08333]]]}},{"type":"Feature","properties":{"fid":28,"class_id":2},"geometry":{"type":"Polygon","coordinates":[[[-65.875,-24.79167],[-65.875,-24.83333],[-65.91667,-24.83333],[-65.91667,-24.875],[-65.95833,-24.875],[-65.95833,-25.08333],[-65.91667,-25.08333],[-65.91667,-25.20833],[-65.875,-25.20833],[-65.875,-25.16667],[-65.79167,-25.16667],[-65.79167,-25],[-65.83333,-25],[-65.83333,-24.79167],[-65.875,-24.79167]]]}},{"type":"Feature","properties":{"fid":29,"class_id":3},"geometry":{"type":"Polygon","coordinates":[[[-65.29167,-25.08333],[-65.29167,-25.20833],[-65.25,-25.20833],[-65.25,-25.08333],[-65.29167,-25.08333]]]}},{"type":"Feature","properties":{"fid":30,"class_id":3},"geometry":{"type":"Polygon","coordinates":[[[-67.5,-25.25],[-67.5,-25.29167],[-67.45833,-25.29167],[-67.45833,-25.25],[-67.5,-25.25]]]}},{"type":"Feature","properties":{"fid":31,"class_id":2},"geometry":{"type":"Polygon","coordinates":[[[-66.04167,-25.29167],[-66.04167,-25.41667],[-65.95833,-25.41667],[-65.95833,-25.29167],[-66.04167,-25.29167]]]}},{"type":"Feature","properties":{"fid":32,"class_id":3},"geometry":{"type":"Polygon","coordinates":[[[-67.5,-25.375],[-67.5,-25.41667],[-67.45833,-25.41667],[-67.45833,-25.375],[-67.5,-25.375]]]}},{"type":"Feature","properties":{"fid":33,"class_id":3},"geometry":{"type":"Polygon","coordinates":[[[-67.54167,-25.41667],[-67.54167,-25.45833],[-67.5,-25.45833],[-67.5,-25.41667],[-67.54167,-25.41667]]]}},{"type":"Feature","properties":{"fid":34,"class_id":5},"geometry":{"type":"Polygon","coordinates":[[[-54.125,-25.5],[-54.125,-25.54167],[-54.08333,-25.54167],[-54.08333,-25.5],[-54.125,-25.5]]]}},{"type":"Feature","properties":{"fid":35,"class_id":1},"geometry":{"type":"Polygon","coordinates":[[[-67.95833,-25.54167],[-67.95833,-25.58333],[-67.91667,-25.58333],[-67.91667,-25.625],[-67.875,-25.625],[-67.875,-25.58333],[-67.83333,-25.58333],[-67.83333,-25.54167],[-67.95833,-25.54167]]]}},{"type":"Feature","properties":{"fid":36,"class_id":3},"geometry":{"type":"Polygon","coordinates":[[[-65.29167,-25.75],[-65.29167,-25.79167],[-65.33333,-25.79167],[-65.33333,-25.875],[-65.29167,-25.875],[-65.29167,-25.83333],[-65.25,-25.83333],[-65.25,-25.75],[-65.29167,-25.75]]]}},{"type":"Feature","properties":{"fid":37,"class_id":3},"geometry":{"type":"Polygon","coordinates":[[[-68.08333,-25.83333],[-68.08333,-25.875],[-68.04167,-25.875],[-68.04167,-25.83333],[-68.08333,-25.83333]]]}},{"type":"Feature","properties":{"fid":38,"class_id":3},"geometry":{"type":"Polygon","coordinates":[[[-65.41667,-25.83333],[-65.41667,-25.875],[-65.375,-25.875],[-65.375,-25.83333],[-65.41667,-25.83333]]]}},{"type":"Feature","properties":{"fid":39,"class_id":1},"geometry":{"type":"Polygon","coordinates":[[[-66.95833,-25.91667],[-66.95833,-26],[-66.875,-26],[-66.875,-25.95833],[-66.91667,-25.95833],[-66.91667,-25.91667],[-66.95833,-25.91667]]]}},{"type":"Feature","properties":{"fid":40,"class_id":3},"geometry":{"type":"Polygon","coordinates":[[[-64.91667,-25.95833],[-64.91667,-26.20833],[-64.875,-26.20833],[-64.875,-26.125],[-64.83333,-26.125],[-64.83333,-26],[-64.875,-26],[-64.875,-25.95833],[-64.91667,-25.95833]]]}},{"type":"Feature","properties":{"fid":41,"class_id":2},"geometry":{"type":"Polygon","coordinates":[[[-65.70833,-26.08333],[-65.70833,-26.125],[-65.75,-26.125],[-65.75,-26.16667],[-65.70833,-26.16667],[-65.70833,-26.20833],[-65.66667,-26.20833],[-65.66667,-26.08333],[-65.70833,-26.08333]]]}},{"type":"Feature","properties":{"fid":42,"class_id":1},"geometry":{"type":"Polygon","coordinates":[[[-68.41667,-26.16667],[-68.41667,-26.20833],[-68.375,-26.20833],[-68.375,-26.16667],[-68.41667,-26.16667]]]}},{"type":"Feature","properties":{"fid":43,"class_id":3},"geometry":{"type":"Polygon","coordinates":[[[-64.95833,-26.20833],[-64.95833,-26.25],[-64.91667,-26.25],[-64.91667,-26.20833],[-64.95833,-26.20833]]]}},{"type":"Feature","properties":{"fid":44,"class_id":3},"geometry":{"type":"Polygon","coordinates":[[[-67.58333,-25.45833],[-67.58333,-25.5],[-67.625,-25.5],[-67.625,-25.54167],[-67.66667,-25.54167],[-67.66667,-25.625],[-67.70833,-25.625],[-67.70833,-25.66667],[-67.75,-25.66667],[-67.75,-25.70833],[-67.79167,-25.70833],[-67.79167,-25.75],[-67.83333,-25.75],[-67.83333,-25.79167],[-67.875,-25.79167],[-67.875,-25.83333],[-67.91667,-25.83333],[-67.91667,-25.95833],[-67.95833,-25.95833],[-67.95833,-26.04167],[-68,-26.04167],[-68,-26.16667],[-68.04167,-26.16667],[-68.04167,-26.25],[-68.08333,-26.25],[-68.08333,-26.375],[-68.04167,-26.375],[-68.04167,-26.33333],[-67.95833,-26.33333],[-67.95833,-26.125],[-67.91667,-26.125],[-67.91667,-26],[-67.875,-26],[-67.875,-25.91667],[-67.79167,-25.91667],[-67.79167,-25.875],[-67.75,-25.875],[-67.75,-25.83333],[-67.70833,-25.83333],[-67.70833,-25.75],[-67.66667,-25.75],[-67.66667,-25.70833],[-67.625,-25.70833],[-67.625,-25.625],[-67.58333,-25.625],[-67.58333,-25.54167],[-67.54167,-25.54167],[-67.54167,-25.45833],[-67.58333,-25.45833]]]}},{"type":"Feature","properties":{"fid":45,"class_id":3},"geometry":{"type":"Polygon","coordinates":[[[-65.08333,-26.25],[-65.08333,-26.375],[-65,-26.375],[-65,-26.25],[-65.08333,-26.25]]]}},{"type":"Feature","properties":{"fid":46,"class_id":3},"geometry":{"type":"Polygon","coordinates":[[[-67.66667,-26.29167],[-67.66667,-26.375],[-67.625,-26.375],[-67.625,-26.29167],[-67.66667,-26.29167]]]}},{"type":"Feature","properties":{"fid":47,"class_id":4},"geometry":{"type":"Polygon","coordinates":[[[-66.125,-25.66667],[-66.125,-25.70833],[-66.04167,-25.70833],[-66.04167,-25.75],[-66,-25.75],[-66,-26.125],[-65.95833,-26.125],[-65.95833,-26.41667],[-65.91667,-26.41667],[-65.91667,-26.375],[-65.875,-26.375],[-65.875,-26.33333],[-65.83333,-26.33333],[-65.83333,-26.04167],[-65.79167,-26.04167],[-65.79167,-26],[-65.75,-26],[-65.75,-25.95833],[-65.83333,-25.95833],[-65.83333,-25.875],[-65.875,-25.875],[-65.875,-25.83333],[-65.91667,-25.83333],[-65.91667,-25.79167],[-65.95833,-25.79167],[-65.95833,-25.70833],[-66,-25.70833],[-66,-25.66667],[-66.125,-25.66667]]]}},{"type":"Feature","properties":{"fid":48,"class_id":3},"geometry":{"type":"Polygon","coordinates":[[[-64.875,-26.375],[-64.875,-26.41667],[-64.83333,-26.41667],[-64.83333,-26.375],[-64.875,-26.375]]]}},{"type":"Feature","properties":{"fid":49,"class_id":1},"geometry":{"type":"Polygon","coordinates":[[[-67.04167,-26.33333],[-67.04167,-26.375],[-67.08333,-26.375],[-67.08333,-26.45833],[-67.04167,-26.45833],[-67.04167,-26.41667],[-67,-26.41667],[-67,-26.33333],[-67.04167,-26.33333]]]}},{"type":"Feature","properties":{"fid":50,"class_id":3},"geometry":{"type":"Polygon","coordinates":[[[-67.70833,-26.375],[-67.70833,-26.5],[-67.66667,-26.5],[-67.66667,-26.375],[-67.70833,-26.375]]]}},{"type":"Feature","properties":{"fid":51,"class_id":1},"geometry":{"type":"Polygon","coordinates":[[[-68.58333,-26.45833],[-68.58333,-26.54167],[-68.5,-26.54167],[-68.5,-26.45833],[-68.58333,-26.45833]]]}},{"type":"Feature","properties":{"fid":52,"class_id":1},"geometry":{"type":"Polygon","coordinates":[[[-67.08333,-26.5],[-67.08333,-26.58333],[-67.04167,-26.58333],[-67.04167,-26.5],[-67.08333,-26.5]]]}},{"type":"Feature","properties":{"fid":53,"class_id":3},"geometry":{"type":"Polygon","coordinates":[[[-67.41667,-26.08333],[-67.41667,-26.125],[-67.45833,-26.125],[-67.45833,-26.20833],[-67.54167,-26.20833],[-67.54167,-26.33333],[-67.58333,-26.33333],[-67.58333,-26.375],[-67.625,-26.375],[-67.625,-26.41667],[-67.58333,-26.41667],[-67.58333,-26.45833],[-67.625,-26.45833],[-67.625,-26.58333],[-67.54167,-26.58333],[-67.54167,-26.625],[-67.41667,-26.625],[-67.41667,-26.58333],[-67.33333,-26.58333],[-67.33333,-26.54167],[-67.29167,-26.54167],[-67.29167,-26.5],[-67.33333,-26.5],[-67.33333,-26.45833],[-67.29167,-26.45833],[-67.29167,-26.29167],[-67.33333,-26.29167],[-67.33333,-26.16667],[-67.375,-26.16667],[-67.375,-26.08333],[-67.41667,-26.08333]]]}},{"type":"Feature","properties":{"fid":54,"class_id":1},"geometry":{"type":"Polygon","coordinates":[[[-68.375,-26.58333],[-68.375,-26.66667],[-68.33333,-26.66667],[-68.33333,-26.58333],[-68.375,-26.58333]]]}},{"type":"Feature","properties":{"fid":55,"class_id":1},"geometry":{"type":"Polygon","coordinates":[[[-68.33333,-26.79167],[-68.33333,-26.83333],[-68.29167,-26.83333],[-68.29167,-26.79167],[-68.33333,-26.79167]]]}},{"type":"Feature","properties":{"fid":56,"class_id":2},"geometry":{"type":"Polygon","coordinates":[[[-66.25,-26.79167],[-66.25,-26.875],[-66.16667,-26.875],[-66.16667,-26.83333],[-66.20833,-26.83333],[-66.20833,-26.79167],[-66.25,-26.79167]]]}},{"type":"Feature","properties":{"fid":57,"class_id":1},"geometry":{"type":"Polygon","coordinates":[[[-68.29167,-27],[-68.29167,-27.04167],[-68.25,-27.04167],[-68.25,-27],[-68.29167,-27]]]}},{"type":"Feature","properties":{"fid":58,"class_id":1},"geometry":{"type":"Polygon","coordinates":[[[-68.33333,-27.04167],[-68.33333,-27.08333],[-68.29167,-27.08333],[-68.29167,-27.04167],[-68.33333,-27.04167]]]}},{"type":"Feature","properties":{"fid":59,"class_id":1},"geometry":{"type":"Polygon","coordinates":[[[-68.79167,-27.08333],[-68.79167,-27.16667],[-68.75,-27.16667],[-68.75,-27.125],[-68.66667,-27.125],[-68.66667,-27.08333],[-68.79167,-27.08333]]]}},{"type":"Feature","properties":{"fid":60,"class_id":1},"geometry":{"type":"Polygon","coordinates":[[[-68.66667,-27.125],[-68.66667,-27.16667],[-68.625,-27.16667],[-68.625,-27.125],[-68.66667,-27.125]]]}},{"type":"Feature","properties":{"fid":61,"class_id":1},"geometry":{"type":"Polygon","coordinates":[[[-68.41667,-27.04167],[-68.41667,-27.08333],[-68.45833,-27.08333],[-68.45833,-27.125],[-68.58333,-27.125],[-68.58333,-27.16667],[-68.625,-27.16667],[-68.625,-27.29167],[-68.58333,-27.29167],[-68.58333,-27.33333],[-68.5,-27.33333],[-68.5,-27.29167],[-68.45833,-27.29167],[-68.45833,-27.20833],[-68.41667,-27.20833],[-68.41667,-27.125],[-68.375,-27.125],[-68.375,-27.04167],[-68.41667,-27.04167]]]}},{"type":"Feature","properties":{"fid":62,"class_id":1},"geometry":{"type":"Polygon","coordinates":[[[-68.83333,-27.29167],[-68.83333,-27.33333],[-68.79167,-27.33333],[-68.79167,-27.29167],[-68.83333,-27.29167]]]}},{"type":"Feature","properties":{"fid":63,"class_id":4},"geometry":{"type":"Polygon","coordinates":[[[-54.04167,-25.625],[-54.04167,-25.66667],[-54.125,-25.66667],[-54.125,-25.70833],[-54.20833,-25.70833],[-54.20833,-25.75],[-54.25,-25.75],[-54.25,-25.83333],[-54.20833,-25.83333],[-54.20833,-26],[-54.29167,-26],[-54.29167,-26.04167],[-54.33333,-26.04167],[-54.33333,-26.08333],[-54.29167,-26.08333],[-54.29167,-26.125],[-54.33333,-26.125],[-54.33333,-26.16667],[-54.25,-26.16667],[-54.25,-26.20833],[-54.33333,-26.20833],[-54.33333,-26.25],[-54.375,-26.25],[-54.375,-26.29167],[-54.29167,-26.29167],[-54.29167,-26.375],[-54.33333,-26.375],[-54.33333,-26.41667],[-54.41667,-26.41667],[-54.41667,-26.45833],[-54.33333,-26.45833],[-54.33333,-26.5],[-54.375,-26.5],[-54.375,-26.58333],[-54.41667,-26.58333],[-54.41667,-26.625],[-54.45833,-26.625],[-54.45833,-26.58333],[-54.54167,-26.58333],[-54.54167,-26.79167],[-54.5,-26.79167],[-54.5,-26.83333],[-54.54167,-26.83333],[-54.54167,-26.91667],[-54.58333,-26.91667],[-54.58333,-26.95833],[-54.70833,-26.95833],[-54.70833,-27],[-54.83333,-27],[-54.83333,-27.125],[-54.75,-27.125],[-54.75,-27.25],[-54.70833,-27.25],[-54.70833,-27.20833],[-54.66667,-27.20833],[-54.66667,-27.33333],[-54.625,-27.33333],[-54.625,-27.375],[-54.58333,-27.375],[-54.58333,-27.29167],[-54.625,-27.29167],[-54.625,-27.16667],[-54.58333,-27.16667],[-54.58333,-27.25],[-54.54167,-27.25],[-54.54167,-27.375],[-54.45833,-27.375],[-54.45833,-27.33333],[-54.41667,-27.33333],[-54.41667,-27.29167],[-54.375,-27.29167],[-54.375,-27.375],[-54.33333,-27.375],[-54.33333,-27.33333],[-54.29167,-27.33333],[-54.29167,-27.375],[-54.25,-27.375],[-54.25,-27.33333],[-54.20833,-27.33333],[-54.20833,-27.25],[-54.16667,-27.25],[-54.16667,-27.29167],[-54.04167,-27.29167],[-54.04167,-27.25],[-54,-27.25],[-54,-27.20833],[-53.95833,-27.20833],[-53.95833,-27.16667],[-53.875,-27.16667],[-53.875,-27.125],[-53.83333,-27.125],[-53.83333,-27.08333],[-53.75,-27.08333],[-53.75,-26.95833],[-53.66667,-26.95833],[-53.66667,-26.83333],[-53.70833,-26.83333],[-53.70833,-26.79167],[-53.75,-26.79167],[-53.75,-26.70833],[-53.70833,-26.70833],[-53.70833,-26.66667],[-53.75,-26.66667],[-53.75,-26.54167],[-53.70833,-26.54167],[-53.70833,-26.33333],[-53.66667,-26.33333],[-53.66667,-26.29167],[-53.625,-26.29167],[-53.625,-26.25],[-53.66667,-26.25],[-53.66667,-26.16667],[-53.70833,-26.16667],[-53.70833,-26.125],[-53.75,-26.125],[-53.75,-26.08333],[-53.70833,-26.08333],[-53.70833,-26.04167],[-53.79167,-26.04167],[-53.79167,-26],[-53.83333,-26],[-53.83333,-25.75],[-53.875,-25.75],[-53.875,-25.70833],[-53.83333,-25.70833],[-53.83333,-25.66667],[-53.875,-25.66667],[-53.875,-25.625],[-54.04167,-25.625]]]}},{"type":"Feature","properties":{"fid":64,"class_id":5},"geometry":{"type":"Polygon","coordinates":[[[-54.25,-27.33333],[-54.25,-27.375],[-54.20833,-27.375],[-54.20833,-27.33333],[-54.25,-27.33333]]]}},{"type":"Feature","properties":{"fid":65,"class_id":4},"geometry":{"type":"Polygon","coordinates":[[[-54.66667,-27.375],[-54.66667,-27.41667],[-54.625,-27.41667],[-54.625,-27.375],[-54.66667,-27.375]]]}},{"type":"Feature","properties":{"fid":66,"class_id":2},"geometry":{"type":"Polygon","coordinates":[[[-65.75,-26.25],[-65.75,-26.41667],[-65.79167,-26.41667],[-65.79167,-26.70833],[-65.875,-26.70833],[-65.875,-26.75],[-65.91667,-26.75],[-65.91667,-26.79167],[-65.95833,-26.79167],[-65.95833,-26.875],[-66,-26.875],[-66,-27],[-66.08333,-27],[-66.08333,-27.08333],[-66.125,-27.08333],[-66.125,-27.125],[-66.16667,-27.125],[-66.16667,-27.20833],[-66.20833,-27.20833],[-66.20833,-27.25],[-66.25,-27.25],[-66.25,-27.29167],[-66.33333,-27.29167],[-66.33333,-27.33333],[-66.45833,-27.33333],[-66.45833,-27.375],[-66.25,-27.375],[-66.25,-27.41667],[-66.20833,-27.41667],[-66.20833,-27.45833],[-66.125,-27.45833],[-66.125,-27.41667],[-66.08333,-27.41667],[-66.08333,-27.33333],[-66.04167,-27.33333],[-66.04167,-27.29167],[-66,-27.29167],[-66,-27.20833],[-65.95833,-27.20833],[-65.95833,-27.16667],[-65.91667,-27.16667],[-65.91667,-27.125],[-65.875,-27.125],[-65.875,-27],[-65.83333,-27],[-65.83333,-26.95833],[-65.79167,-26.95833],[-65.79167,-26.79167],[-65.75,-26.79167],[-65.75,-26.75],[-65.70833,-26.75],[-65.70833,-26.79167],[-65.66667,-26.79167],[-65.66667,-26.45833],[-65.70833,-26.45833],[-65.70833,-26.41667],[-65.66667,-26.41667],[-65.66667,-26.375],[-65.70833,-26.375],[-65.70833,-26.25],[-65.75,-26.25]]]}},{"type":"Feature","properties":{"fid":67,"class_id":2},"geometry":{"type":"Polygon","coordinates":[[[-69,-27.41667],[-69,-27.45833],[-68.95833,-27.45833],[-68.95833,-27.41667],[-69,-27.41667]]]}},{"type":"Feature","properties":{"fid":68,"class_id":1},"geometry":{"type":"Polygon","coordinates":[[[-68.5,-27.41667],[-68.5,-27.5],[-68.45833,-27.5],[-68.45833,-27.41667],[-68.5,-27.41667]]]}},{"type":"Feature","properties":{"fid":69,"class_id":1},"geometry":{"type":"Polygon","coordinates":[[[-68.95833,-27.54167],[-68.95833,-27.58333],[-68.91667,-27.58333],[-68.91667,-27.54167],[-68.95833,-27.54167]]]}},{"type":"Feature","properties":{"fid":70,"class_id":3},"geometry":{"type":"Polygon","coordinates":[[[-67.375,-27.58333],[-67.375,-27.625],[-67.33333,-27.625],[-67.33333,-27.58333],[-67.375,-27.58333]]]}},{"type":"Feature","properties":{"fid":71,"class_id":2},"geometry":{"type":"Polygon","coordinates":[[[-67.375,-27.625],[-67.375,-27.66667],[-67.33333,-27.66667],[-67.33333,-27.625],[-67.375,-27.625]]]}},{"type":"Feature","properties":{"fid":72,"class_id":3},"geometry":{"type":"Polygon","coordinates":[[[-68.16667,-27.75],[-68.16667,-27.79167],[-68.125,-27.79167],[-68.125,-27.875],[-68.08333,-27.875],[-68.08333,-27.83333],[-68.04167,-27.83333],[-68.04167,-27.79167],[-68.08333,-27.79167],[-68.08333,-27.75],[-68.16667,-27.75]]]}},{"type":"Feature","properties":{"fid":73,"class_id":2},"geometry":{"type":"Polygon","coordinates":[[[-68,-27.75],[-68,-27.79167],[-68.04167,-27.79167],[-68.04167,-27.83333],[-68.08333,-27.83333],[-68.08333,-27.875],[-68,-27.875],[-68,-27.91667],[-67.95833,-27.91667],[-67.95833,-27.875],[-67.91667,-27.875],[-67.91667,-27.83333],[-67.875,-27.83333],[-67.875,-27.79167],[-67.91667,-27.79167],[-67.91667,-27.75],[-68,-27.75]]]}},{"type":"Feature","properties":{"fid":74,"class_id":1},"geometry":{"type":"Polygon","coordinates":[[[-68.875,-27.66667],[-68.875,-27.70833],[-68.91667,-27.70833],[-68.91667,-27.75],[-69,-27.75],[-69,-27.79167],[-68.95833,-27.79167],[-68.95833,-27.875],[-69,-27.875],[-69,-27.95833],[-68.95833,-27.95833],[-68.95833,-28],[-69,-28],[-69,-28.04167],[-69.04167,-28.04167],[-69.04167,-28.125],[-68.95833,-28.125],[-68.95833,-28.08333],[-68.91667,-28.08333],[-68.91667,-28.04167],[-68.83333,-28.04167],[-68.83333,-28.08333],[-68.70833,-28.08333],[-68.70833,-28.04167],[-68.66667,-28.04167],[-68.66667,-28],[-68.625,-28],[-68.625,-27.95833],[-68.66667,-27.95833],[-68.66667,-27.875],[-68.625,-27.875],[-68.625,-27.79167],[-68.70833,-27.79167],[-68.70833,-27.75],[-68.75,-27.75],[-68.75,-27.70833],[-68.79167,-27.70833],[-68.79167,-27.66667],[-68.875,-27.66667]]]}},{"type":"Feature","properties":{"fid":75,"class_id":1},"geometry":{"type":"Polygon","coordinates":[[[-69.04167,-28.29167],[-69.04167,-28.33333],[-69,-28.33333],[-69,-28.29167],[-69.04167,-28.29167]]]}},{"type":"Feature","properties":{"fid":76,"class_id":1},"geometry":{"type":"Polygon","coordinates":[[[-69.58333,-28.33333],[-69.58333,-28.375],[-69.54167,-28.375],[-69.54167,-28.33333],[-69.58333,-28.33333]]]}},{"type":"Feature","properties":{"fid":77,"class_id":1},"geometry":{"type":"Polygon","coordinates":[[[-69.66667,-28.375],[-69.66667,-28.41667],[-69.625,-28.41667],[-69.625,-28.45833],[-69.66667,-28.45833],[-69.66667,-28.54167],[-69.625,-28.54167],[-69.625,-28.5],[-69.58333,-28.5],[-69.58333,-28.375],[-69.66667,-28.375]]]}},{"type":"Feature","properties":{"fid":78,"class_id":2},"geometry":{"type":"Polygon","coordinates":[[[-66.08333,-27.91667],[-66.08333,-28.125],[-66.04167,-28.125],[-66.04167,-28.16667],[-66.08333,-28.16667],[-66.08333,-28.45833],[-66.125,-28.45833],[-66.125,-28.54167],[-66.08333,-28.54167],[-66.08333,-28.5],[-66.04167,-28.5],[-66.04167,-28.54167],[-66,-28.54167],[-66,-28.41667],[-65.95833,-28.41667],[-65.95833,-28.375],[-66,-28.375],[-66,-28.25],[-65.95833,-28.25],[-65.95833,-28.125],[-66,-28.125],[-66,-28.04167],[-66.04167,-28.04167],[-66.04167,-27.91667],[-66.08333,-27.91667]]]}},{"type":"Feature","properties":{"fid":79,"class_id":1},"geometry":{"type":"Polygon","coordinates":[[[-69.70833,-28.58333],[-69.70833,-28.625],[-69.66667,-28.625],[-69.66667,-28.58333],[-69.70833,-28.58333]]]}},{"type":"Feature","properties":{"fid":80,"class_id":1},"geometry":{"type":"Polygon","coordinates":[[[-69.58333,-28.58333],[-69.58333,-28.625],[-69.54167,-28.625],[-69.54167,-28.58333],[-69.58333,-28.58333]]]}},{"type":"Feature","properties":{"fid":81,"class_id":1},"geometry":{"type":"Polygon","coordinates":[[[-69.41667,-28.70833],[-69.41667,-28.75],[-69.375,-28.75],[-69.375,-28.70833],[-69.41667,-28.70833]]]}},{"type":"Feature","properties":{"fid":82,"class_id":1},"geometry":{"type":"Polygon","coordinates":[[[-69.66667,-28.75],[-69.66667,-28.79167],[-69.625,-28.79167],[-69.625,-28.75],[-69.66667,-28.75]]]}},{"type":"Feature","properties":{"fid":83,"class_id":3},"geometry":{"type":"Polygon","coordinates":[[[-66.66667,-28.75],[-66.66667,-28.83333],[-66.625,-28.83333],[-66.625,-28.75],[-66.66667,-28.75]]]}},{"type":"Feature","properties":{"fid":84,"class_id":5},"geometry":{"type":"Polygon","coordinates":[[[-63.95833,-22],[-63.95833,-22.08333],[-64,-22.08333],[-64,-22.20833],[-64.04167,-22.20833],[-64.04167,-22.25],[-64.08333,-22.25],[-64.08333,-22.375],[-64.125,-22.375],[-64.125,-22.41667],[-64.16667,-22.41667],[-64.16667,-22.5],[-64.20833,-22.5],[-64.20833,-22.54167],[-64.25,-22.54167],[-64.25,-22.79167],[-64.29167,-22.79167],[-64.29167,-22.875],[-64.33333,-22.875],[-64.33333,-22.75],[-64.375,-22.75],[-64.375,-22.66667],[-64.41667,-22.66667],[-64.41667,-22.54167],[-64.45833,-22.54167],[-64.45833,-22.625],[-64.5,-22.625],[-64.5,-22.70833],[-64.58333,-22.70833],[-64.58333,-22.75],[-64.625,-22.75],[-64.625,-22.79167],[-64.58333,-22.79167],[-64.58333,-22.83333],[-64.54167,-22.83333],[-64.54167,-22.95833],[-64.5,-22.95833],[-64.5,-23.08333],[-64.58333,-23.08333],[-64.58333,-23.125],[-64.5,-23.125],[-64.5,-23.25],[-64.54167,-23.25],[-64.54167,-23.41667],[-64.5,-23.41667],[-64.5,-23.54167],[-64.54167,-23.54167],[-64.54167,-23.625],[-64.58333,-23.625],[-64.58333,-23.70833],[-64.625,-23.70833],[-64.625,-23.75],[-64.75,-23.75],[-64.75,-23.83333],[-64.79167,-23.83333],[-64.79167,-23.875],[-64.70833,-23.875],[-64.70833,-23.91667],[-64.625,-23.91667],[-64.625,-23.875],[-64.58333,-23.875],[-64.58333,-23.83333],[-64.54167,-23.83333],[-64.54167,-23.79167],[-64.5,-23.79167],[-64.5,-23.75],[-64.45833,-23.75],[-64.45833,-23.83333],[-64.29167,-23.83333],[-64.29167,-23.875],[-64.25,-23.875],[-64.25,-23.91667],[-64.20833,-23.91667],[-64.20833,-23.95833],[-64.16667,-23.95833],[-64.16667,-24],[-64.125,-24],[-64.125,-24.45833],[-64.16667,-24.45833],[-64.16667,-24.625],[-64.125,-24.625],[-64.125,-24.66667],[-64.08333,-24.66667],[-64.08333,-24.75],[-64.04167,-24.75],[-64.04167,-24.875],[-64,-24.875],[-64,-25],[-63.95833,-25],[-63.95833,-25.04167],[-63.875,-25.04167],[-63.875,-25.08333],[-63.83333,-25.08333],[-63.83333,-25.16667],[-63.75,-25.16667],[-63.75,-25.20833],[-63.70833,-25.20833],[-63.70833,-25.29167],[-63.66667,-25.29167],[-63.66667,-25.33333],[-63.75,-25.33333],[-63.75,-25.5],[-63.70833,-25.5],[-63.70833,-25.54167],[-63.66667,-25.54167],[-63.66667,-25.58333],[-63.625,-25.58333],[-63.625,-25.625],[-63.58333,-25.625],[-63.58333,-25.75],[-63.54167,-25.75],[-63.54167,-26],[-63.5,-26],[-63.5,-26.20833],[-63.45833,-26.20833],[-63.45833,-26.25],[-63.41667,-26.25],[-63.41667,-26.375],[-63.375,-26.375],[-63.375,-26.54167],[-63.33333,-26.54167],[-63.33333,-26.58333],[-63.29167,-26.58333],[-63.29167,-26.625],[-63.25,-26.625],[-63.25,-26.66667],[-63.20833,-26.66667],[-63.20833,-26.70833],[-63.16667,-26.70833],[-63.16667,-26.75],[-63.125,-26.75],[-63.125,-26.79167],[-63.08333,-26.79167],[-63.08333,-26.83333],[-63.04167,-26.83333],[-63.04167,-26.875],[-63,-26.875],[-63,-26.91667],[-62.95833,-26.91667],[-62.95833,-26.95833],[-62.91667,-26.95833],[-62.91667,-27],[-62.79167,-27],[-62.79167,-27.04167],[-62.66667,-27.04167],[-62.66667,-26.95833],[-62.625,-26.95833],[-62.625,-27],[-62.58333,-27],[-62.58333,-27.04167],[-62.375,-27.04167],[-62.375,-27],[-62.33333,-27],[-62.33333,-27.04167],[-62.25,-27.04167],[-62.25,-27],[-62.125,-27],[-62.125,-26.95833],[-62.08333,-26.95833],[-62.08333,-26.91667],[-62.04167,-26.91667],[-62.04167,-26.95833],[-62,-26.95833],[-62,-27],[-61.95833,-27],[-61.95833,-27.08333],[-61.875,-27.08333],[-61.875,-26.95833],[-61.66667,-26.95833],[-61.66667,-27],[-61.625,-27],[-61.625,-27.04167],[-61.58333,-27.04167],[-61.58333,-27.08333],[-61.45833,-27.08333],[-61.45833,-27.04167],[-61.29167,-27.04167],[-61.29167,-27],[-61.20833,-27],[-61.20833,-27.04167],[-61,-27.04167],[-61,-27],[-60.875,-27],[-60.875,-27.04167],[-60.70833,-27.04167],[-60.70833,-27.08333],[-60.625,-27.08333],[-60.625,-27.125],[-60.45833,-27.125],[-60.45833,-27.16667],[-60.375,-27.16667],[-60.375,-27.20833],[-60.33333,-27.20833],[-60.33333,-27.25],[-60.25,-27.25],[-60.25,-27.29167],[-60.125,-27.29167],[-60.125,-27.33333],[-60.08333,-27.33333],[-60.08333,-27.375],[-59.95833,-27.375],[-59.95833,-27.41667],[-59.875,-27.41667],[-59.875,-27.45833],[-59.83333,-27.45833],[-59.83333,-27.54167],[-59.79167,-27.54167],[-59.79167,-27.58333],[-59.75,-27.58333],[-59.75,-27.625],[-59.70833,-27.625],[-59.70833,-27.66667],[-59.625,-27.66667],[-59.625,-27.70833],[-59.58333,-27.70833],[-59.58333,-27.79167],[-59.54167,-27.79167],[-59.54167,-27.875],[-59.5,-27.875],[-59.5,-27.91667],[-59.41667,-27.91667],[-59.41667,-27.95833],[-59.375,-27.95833],[-59.375,-28.08333],[-59.33333,-28.08333],[-59.33333,-28.20833],[-59.29167,-28.20833],[-59.29167,-28.54167],[-59.25,-28.54167],[-59.25,-28.625],[-59.16667,-28.625],[-59.16667,-28.83333],[-59.125,-28.83333],[-59.125,-28.75],[-59.08333,-28.75],[-59.08333,-28.70833],[-59.04167,-28.70833],[-59.04167,-28.66667],[-58.91667,-28.66667],[-58.91667,-28.70833],[-58.875,-28.70833],[-58.875,-28.66667],[-58.79167,-28.66667],[-58.79167,-28.625],[-58.70833,-28.625],[-58.70833,-28.58333],[-58.58333,-28.58333],[-58.58333,-28.625],[-58.45833,-28.625],[-58.45833,-28.58333],[-58.375,-28.58333],[-58.375,-28.625],[-58.33333,-28.625],[-58.33333,-28.66667],[-58.29167,-28.66667],[-58.29167,-28.625],[-58.20833,-28.625],[-58.20833,-28.58333],[-58.125,-28.58333],[-58.125,-28.54167],[-58.04167,-28.54167],[-58.04167,-28.58333],[-58.08333,-28.58333],[-58.08333,-28.625],[-58.04167,-28.625],[-58.04167,-28.66667],[-57.875,-28.66667],[-57.875,-28.70833],[-57.83333,-28.70833],[-57.83333,-28.66667],[-57.70833,-28.66667],[-57.70833,-28.625],[-57.66667,-28.625],[-57.66667,-28.66667],[-57.41667,-28.66667],[-57.41667,-28.625],[-57.25,-28.625],[-57.25,-28.66667],[-57.20833,-28.66667],[-57.20833,-28.70833],[-56.95833,-28.70833],[-56.95833,-28.75],[-56.83333,-28.75],[-56.83333,-28.79167],[-56.79167,-28.79167],[-56.79167,-28.83333],[-56.70833,-28.83333],[-56.70833,-28.875],[-56.45833,-28.875],[-56.45833,-28.95833],[-56.33333,-28.95833],[-56.33333,-28.91667],[-56.29167,-28.91667],[-56.29167,-28.79167],[-56.16667,-28.79167],[-56.16667,-28.70833],[-56.125,-28.70833],[-56.125,-28.66667],[-56.08333,-28.66667],[-56.08333,-28.625],[-56,-28.625],[-56,-28.54167],[-56.04167,-28.54167],[-56.04167,-28.5],[-55.875,-28.5],[-55.875,-28.41667],[-55.91667,-28.41667],[-55.91667,-28.375],[-55.66667,-28.375],[-55.66667,-28.33333],[-55.70833,-28.33333],[-55.70833,-28.29167],[-55.79167,-28.29167],[-55.79167,-28.25],[-55.75,-28.25],[-55.75,-28.20833],[-55.66667,-28.20833],[-55.66667,-28.16667],[-55.625,-28.16667],[-55.625,-28.125],[-55.58333,-28.125],[-55.58333,-28.16667],[-55.54167,-28.16667],[-55.54167,-28.125],[-55.5,-28.125],[-55.5,-28.08333],[-55.41667,-28.08333],[-55.41667,-28.04167],[-55.375,-28.04167],[-55.375,-27.95833],[-55.33333,-27.95833],[-55.33333,-27.91667],[-55.25,-27.91667],[-55.25,-27.875],[-55.125,-27.875],[-55.125,-27.83333],[-55.04167,-27.83333],[-55.04167,-27.79167],[-55,-27.79167],[-55,-27.75],[-54.95833,-27.75],[-54.95833,-27.79167],[-54.91667,-27.79167],[-54.91667,-27.625],[-54.83333,-27.625],[-54.83333,-27.54167],[-54.79167,-27.54167],[-54.79167,-27.58333],[-54.75,-27.58333],[-54.75,-27.54167],[-54.70833,-27.54167],[-54.70833,-27.58333],[-54.66667,-27.58333],[-54.66667,-27.54167],[-54.625,-27.54167],[-54.625,-27.5],[-54.58333,-27.5],[-54.58333,-27.45833],[-54.54167,-27.45833],[-54.54167,-27.5],[-54.45833,-27.5],[-54.45833,-27.41667],[-54.375,-27.41667],[-54.375,-27.45833],[-54.33333,-27.45833],[-54.33333,-27.41667],[-54.29167,-27.41667],[-54.29167,-27.45833],[-54.25,-27.45833],[-54.25,-27.375],[-54.29167,-27.375],[-54.29167,-27.33333],[-54.33333,-27.33333],[-54.33333,-27.375],[-54.375,-27.375],[-54.375,-27.29167],[-54.41667,-27.29167],[-54.41667,-27.33333],[-54.45833,-27.33333],[-54.45833,-27.375],[-54.54167,-27.375],[-54.54167,-27.25],[-54.58333,-27.25],[-54.58333,-27.16667],[-54.625,-27.16667],[-54.625,-27.29167],[-54.58333,-27.29167],[-54.58333,-27.375],[-54.625,-27.375],[-54.625,-27.33333],[-54.66667,-27.33333],[-54.66667,-27.20833],[-54.70833,-27.20833],[-54.70833,-27.25],[-54.75,-27.25],[-54.75,-27.125],[-54.83333,-27.125],[-54.83333,-27],[-54.70833,-27],[-54.70833,-26.95833],[-54.58333,-26.95833],[-54.58333,-26.91667],[-54.54167,-26.91667],[-54.54167,-26.83333],[-54.5,-26.83333],[-54.5,-26.79167],[-54.54167,-26.79167],[-54.54167,-26.58333],[-54.45833,-26.58333],[-54.45833,-26.625],[-54.41667,-26.625],[-54.41667,-26.58333],[-54.375,-26.58333],[-54.375,-26.5],[-54.33333,-26.5],[-54.33333,-26.45833],[-54.41667,-26.45833],[-54.41667,-26.41667],[-54.33333,-26.41667],[-54.33333,-26.375],[-54.29167,-26.375],[-54.29167,-26.29167],[-54.375,-26.29167],[-54.375,-26.25],[-54.33333,-26.25],[-54.33333,-26.20833],[-54.25,-26.20833],[-54.25,-26.16667],[-54.33333,-26.16667],[-54.33333,-26.125],[-54.29167,-26.125],[-54.29167,-26.08333],[-54.33333,-26.08333],[-54.33333,-26.04167],[-54.29167,-26.04167],[-54.29167,-26],[-54.20833,-26],[-54.20833,-25.83333],[-54.25,-25.83333],[-54.25,-25.75],[-54.20833,-25.75],[-54.20833,-25.70833],[-54.125,-25.70833],[-54.125,-25.66667],[-54.04167,-25.66667],[-54.04167,-25.625],[-53.95833,-25.625],[-53.95833,-25.58333],[-54.08333,-25.58333],[-54.08333,-25.625],[-54.125,-25.625],[-54.125,-25.54167],[-54.20833,-25.54167],[-54.20833,-25.58333],[-54.33333,-25.58333],[-54.33333,-25.625],[-54.41667,-25.625],[-54.41667,-25.70833],[-54.45833,-25.70833],[-54.45833,-25.625],[-54.54167,-25.625],[-54.54167,-25.58333],[-54.58333,-25.58333],[-54.58333,-25.66667],[-54.66667,-25.66667],[-54.66667,-25.70833],[-54.625,-25.70833],[-54.625,-25.79167],[-54.58333,-25.79167],[-54.58333,-25.875],[-54.625,-25.875],[-54.625,-26],[-54.66667,-26],[-54.66667,-26.08333],[-54.625,-26.08333],[-54.625,-26.125],[-54.66667,-26.125],[-54.66667,-26.16667],[-54.625,-26.16667],[-54.625,-26.25],[-54.66667,-26.25],[-54.66667,-26.375],[-54.70833,-26.375],[-54.70833,-26.45833],[-54.75,-26.45833],[-54.75,-26.5],[-54.79167,-26.5],[-54.79167,-26.66667],[-54.95833,-26.66667],[-54.95833,-26.79167],[-55.08333,-26.79167],[-55.08333,-26.83333],[-55.125,-26.83333],[-55.125,-26.875],[-55.16667,-26.875],[-55.16667,-26.91667],[-55.125,-26.91667],[-55.125,-26.95833],[-55.41667,-26.95833],[-55.41667,-27],[-55.45833,-27],[-55.45833,-27.125],[-55.5,-27.125],[-55.5,-27.08333],[-55.58333,-27.08333],[-55.58333,-27.125],[-55.54167,-27.125],[-55.54167,-27.16667],[-55.625,-27.16667],[-55.625,-27.20833],[-55.58333,-27.20833],[-55.58333,-27.33333],[-55.625,-27.33333],[-55.625,-27.375],[-55.70833,-27.375],[-55.70833,-27.45833],[-55.79167,-27.45833],[-55.79167,-27.41667],[-55.83333,-27.41667],[-55.83333,-27.375],[-55.875,-27.375],[-55.875,-27.33333],[-55.95833,-27.33333],[-55.95833,-27.375],[-56,-27.375],[-56,-27.33333],[-56.04167,-27.33333],[-56.04167,-27.29167],[-56.08333,-27.29167],[-56.08333,-27.33333],[-56.16667,-27.33333],[-56.16667,-27.375],[-56.25,-27.375],[-56.25,-27.41667],[-56.29167,-27.41667],[-56.29167,-27.5],[-56.33333,-27.5],[-56.33333,-27.58333],[-56.375,-27.58333],[-56.375,-27.625],[-56.41667,-27.625],[-56.41667,-27.58333],[-56.5,-27.58333],[-56.5,-27.5],[-56.54167,-27.5],[-56.54167,-27.45833],[-56.58333,-27.45833],[-56.58333,-27.41667],[-56.625,-27.41667],[-56.625,-27.45833],[-56.70833,-27.45833],[-56.70833,-27.5],[-56.79167,-27.5],[-56.79167,-27.45833],[-56.875,-27.45833],[-56.875,-27.41667],[-56.95833,-27.41667],[-56.95833,-27.45833],[-57.04167,-27.45833],[-57.04167,-27.5],[-57.16667,-27.5],[-57.16667,-27.45833],[-57.29167,-27.45833],[-57.29167,-27.41667],[-57.41667,-27.41667],[-57.41667,-27.45833],[-57.54167,-27.45833],[-57.54167,-27.375],[-57.58333,-27.375],[-57.58333,-27.41667],[-57.625,-27.41667],[-57.625,-27.375],[-57.66667,-27.375],[-57.66667,-27.33333],[-57.79167,-27.33333],[-57.79167,-27.29167],[-57.875,-27.29167],[-57.875,-27.25],[-57.95833,-27.25],[-57.95833,-27.29167],[-58,-27.29167],[-58,-27.25],[-58.08333,-27.25],[-58.08333,-27.29167],[-58.16667,-27.29167],[-58.16667,-27.25],[-58.29167,-27.25],[-58.29167,-27.29167],[-58.45833,-27.29167],[-58.45833,-27.25],[-58.5,-27.25],[-58.5,-27.29167],[-58.58333,-27.29167],[-58.58333,-27.20833],[-58.66667,-27.20833],[-58.66667,-27.125],[-58.54167,-27.125],[-58.54167,-27.04167],[-58.5,-27.04167],[-58.5,-27],[-58.45833,-27],[-58.45833,-26.95833],[-58.5,-26.95833],[-58.5,-26.91667],[-58.375,-26.91667],[-58.375,-26.875],[-58.33333,-26.875],[-58.33333,-26.79167],[-58.29167,-26.79167],[-58.29167,-26.75],[-58.25,-26.75],[-58.25,-26.66667],[-58.20833,-26.66667],[-58.20833,-26.5],[-58.25,-26.5],[-58.25,-26.45833],[-58.20833,-26.45833],[-58.20833,-26.375],[-58.16667,-26.375],[-58.16667,-26.25],[-58.125,-26.25],[-58.125,-26.20833],[-58.16667,-26.20833],[-58.16667,-26.16667],[-58.125,-26.16667],[-58.125,-26.125],[-58.04167,-26.125],[-58.04167,-26.08333],[-57.95833,-26.08333],[-57.95833,-26.04167],[-57.91667,-26.04167],[-57.91667,-26],[-57.875,-26],[-57.875,-25.91667],[-57.83333,-25.91667],[-57.83333,-25.83333],[-57.79167,-25.83333],[-57.79167,-25.79167],[-57.83333,-25.79167],[-57.83333,-25.75],[-57.75,-25.75],[-57.75,-25.625],[-57.70833,-25.625],[-57.70833,-25.66667],[-57.66667,-25.66667],[-57.66667,-25.625],[-57.625,-25.625],[-57.625,-25.58333],[-57.58333,-25.58333],[-57.58333,-25.41667],[-57.625,-25.41667],[-57.625,-25.375],[-57.66667,-25.375],[-57.66667,-25.33333],[-57.70833,-25.33333],[-57.70833,-25.25],[-57.75,-25.25],[-57.75,-25.16667],[-57.83333,-25.16667],[-57.83333,-25.08333],[-58,-25.08333],[-58,-25.04167],[-58.08333,-25.04167],[-58.08333,-25],[-58.16667,-25],[-58.16667,-24.95833],[-58.20833,-24.95833],[-58.20833,-24.91667],[-58.25,-24.91667],[-58.25,-24.95833],[-58.29167,-24.95833],[-58.29167,-25],[-58.33333,-25],[-58.33333,-24.95833],[-58.41667,-24.95833],[-58.41667,-24.875],[-58.5,-24.875],[-58.5,-24.83333],[-58.66667,-24.83333],[-58.66667,-24.79167],[-58.79167,-24.79167],[-58.79167,-24.75],[-58.875,-24.75],[-58.875,-24.70833],[-58.91667,-24.70833],[-58.91667,-24.66667],[-59.04167,-24.66667],[-59.04167,-24.625],[-59.125,-24.625],[-59.125,-24.58333],[-59.20833,-24.58333],[-59.20833,-24.54167],[-59.25,-24.54167],[-59.25,-24.5],[-59.33333,-24.5],[-59.33333,-24.45833],[-59.375,-24.45833],[-59.375,-24.41667],[-59.41667,-24.41667],[-59.41667,-24.375],[-59.45833,-24.375],[-59.45833,-24.33333],[-59.5,-24.33333],[-59.5,-24.29167],[-59.58333,-24.29167],[-59.58333,-24.25],[-59.66667,-24.25],[-59.66667,-24.20833],[-59.70833,-24.20833],[-59.70833,-24.16667],[-59.79167,-24.16667],[-59.79167,-24.125],[-59.875,-24.125],[-59.875,-24.08333],[-59.95833,-24.08333],[-59.95833,-24.04167],[-60.04167,-24.04167],[-60.04167,-24],[-60.08333,-24],[-60.08333,-24.04167],[-60.375,-24.04167],[-60.375,-24],[-60.41667,-24],[-60.41667,-23.95833],[-60.58333,-23.95833],[-60.58333,-23.91667],[-60.70833,-23.91667],[-60.70833,-23.875],[-60.875,-23.875],[-60.875,-23.83333],[-60.91667,-23.83333],[-60.91667,-23.79167],[-61,-23.79167],[-61,-23.75],[-61.04167,-23.75],[-61.04167,-23.70833],[-61.08333,-23.70833],[-61.08333,-23.58333],[-61.16667,-23.58333],[-61.16667,-23.54167],[-61.25,-23.54167],[-61.25,-23.5],[-61.29167,-23.5],[-61.29167,-23.45833],[-61.41667,-23.45833],[-61.41667,-23.41667],[-61.5,-23.41667],[-61.5,-23.33333],[-61.58333,-23.33333],[-61.58333,-23.29167],[-61.66667,-23.29167],[-61.66667,-23.25],[-61.75,-23.25],[-61.75,-23.16667],[-61.83333,-23.16667],[-61.83333,-23.08333],[-61.91667,-23.08333],[-61.91667,-23.04167],[-62,-23.04167],[-62,-22.91667],[-62.04167,-22.91667],[-62.04167,-22.83333],[-62.125,-22.83333],[-62.125,-22.75],[-62.16667,-22.75],[-62.16667,-22.66667],[-62.20833,-22.66667],[-62.20833,-22.625],[-62.25,-22.625],[-62.25,-22.5],[-62.33333,-22.5],[-62.33333,-22.45833],[-62.41667,-22.45833],[-62.41667,-22.41667],[-62.45833,-22.41667],[-62.45833,-22.375],[-62.54167,-22.375],[-62.54167,-22.33333],[-62.58333,-22.33333],[-62.58333,-22.29167],[-62.625,-22.29167],[-62.625,-22.25],[-62.66667,-22.25],[-62.66667,-22.20833],[-62.70833,-22.20833],[-62.70833,-22.16667],[-62.79167,-22.16667],[-62.79167,-22.125],[-62.83333,-22.125],[-62.83333,-22.08333],[-62.79167,-22.08333],[-62.79167,-22],[-63.66667,-22],[-63.66667,-22.04167],[-63.70833,-22.04167],[-63.70833,-22],[-63.95833,-22]],[[-58.625,-27.29167],[-58.58333,-27.29167],[-58.58333,-27.33333],[-58.625,-27.33333],[-58.625,-27.29167]],[[-54.66667,-27.375],[-54.625,-27.375],[-54.625,-27.41667],[-54.66667,-27.41667],[-54.66667,-27.375]],[[-56.875,-27.58333],[-56.83333,-27.58333],[-56.83333,-27.625],[-56.875,-27.625],[-56.875,-27.58333]],[[-55.08333,-27.75],[-55.04167,-27.75],[-55.04167,-27.79167],[-55.08333,-27.79167],[-55.08333,-27.75]]]}},{"type":"Feature","properties":{"fid":85,"class_id":1},"geometry":{"type":"Polygon","coordinates":[[[-67.875,-28.91667],[-67.875,-29.125],[-67.79167,-29.125],[-67.79167,-28.91667],[-67.875,-28.91667]]]}},{"type":"Feature","properties":{"fid":86,"class_id":3},"geometry":{"type":"Polygon","coordinates":[[[-65.58333,-28.20833],[-65.58333,-28.45833],[-65.625,-28.45833],[-65.625,-28.58333],[-65.66667,-28.58333],[-65.66667,-28.70833],[-65.70833,-28.70833],[-65.70833,-28.875],[-65.66667,-28.875],[-65.66667,-28.95833],[-65.625,-28.95833],[-65.625,-29.08333],[-65.58333,-29.08333],[-65.58333,-29.16667],[-65.54167,-29.16667],[-65.54167,-28.83333],[-65.58333,-28.83333],[-65.58333,-28.79167],[-65.54167,-28.79167],[-65.54167,-28.625],[-65.5,-28.625],[-65.5,-28.5],[-65.45833,-28.5],[-65.45833,-28.375],[-65.41667,-28.375],[-65.41667,-28.29167],[-65.45833,-28.29167],[-65.45833,-28.25],[-65.54167,-28.25],[-65.54167,-28.20833],[-65.58333,-28.20833]]]}},{"type":"Feature","properties":{"fid":87,"class_id":2},"geometry":{"type":"Polygon","coordinates":[[[-67.04167,-28.58333],[-67.04167,-28.625],[-67.08333,-28.625],[-67.08333,-28.66667],[-67.125,-28.66667],[-67.125,-28.70833],[-67.20833,-28.70833],[-67.20833,-28.75],[-67.25,-28.75],[-67.25,-29.16667],[-67.20833,-29.16667],[-67.20833,-29.08333],[-67.125,-29.08333],[-67.125,-29.04167],[-67.08333,-29.04167],[-67.08333,-28.91667],[-67.04167,-28.91667],[-67.04167,-28.66667],[-67,-28.66667],[-67,-28.58333],[-67.04167,-28.58333]]]}},{"type":"Feature","properties":{"fid":88,"class_id":1},"geometry":{"type":"Polygon","coordinates":[[[-69.79167,-29],[-69.79167,-29.125],[-69.83333,-29.125],[-69.83333,-29.16667],[-69.75,-29.16667],[-69.75,-29],[-69.79167,-29]]]}},{"type":"Feature","properties":{"fid":89,"class_id":1},"geometry":{"type":"Polygon","coordinates":[[[-69.5,-29.20833],[-69.5,-29.25],[-69.45833,-29.25],[-69.45833,-29.20833],[-69.5,-29.20833]]]}},{"type":"Feature","properties":{"fid":90,"class_id":2},"geometry":{"type":"Polygon","coordinates":[[[-67.20833,-29.25],[-67.20833,-29.29167],[-67.16667,-29.29167],[-67.16667,-29.25],[-67.20833,-29.25]]]}},{"type":"Feature","properties":{"fid":91,"class_id":1},"geometry":{"type":"Polygon","coordinates":[[[-70,-29.29167],[-70,-29.33333],[-69.95833,-29.33333],[-69.95833,-29.29167],[-70,-29.29167]]]}},{"type":"Feature","properties":{"fid":92,"class_id":2},"geometry":{"type":"Polygon","coordinates":[[[-67.875,-29.29167],[-67.875,-29.33333],[-67.83333,-29.33333],[-67.83333,-29.29167],[-67.875,-29.29167]]]}},{"type":"Feature","properties":{"fid":93,"class_id":1},"geometry":{"type":"Polygon","coordinates":[[[-69.83333,-29.20833],[-69.83333,-29.375],[-69.75,-29.375],[-69.75,-29.20833],[-69.83333,-29.20833]]]}},{"type":"Feature","properties":{"fid":94,"class_id":1},"geometry":{"type":"Polygon","coordinates":[[[-70,-29.375],[-70,-29.41667],[-69.95833,-29.41667],[-69.95833,-29.375],[-70,-29.375]]]}},{"type":"Feature","properties":{"fid":95,"class_id":1},"geometry":{"type":"Polygon","coordinates":[[[-69.95833,-29.45833],[-69.95833,-29.58333],[-69.91667,-29.58333],[-69.91667,-29.45833],[-69.95833,-29.45833]]]}},{"type":"Feature","properties":{"fid":96,"class_id":3},"geometry":{"type":"Polygon","coordinates":[[[-69.20833,-29.54167],[-69.20833,-29.58333],[-69.16667,-29.58333],[-69.16667,-29.54167],[-69.20833,-29.54167]]]}},{"type":"Feature","properties":{"fid":97,"class_id":2},"geometry":{"type":"Polygon","coordinates":[[[-67.75,-29.41667],[-67.75,-29.45833],[-67.70833,-29.45833],[-67.70833,-29.58333],[-67.66667,-29.58333],[-67.66667,-29.66667],[-67.58333,-29.66667],[-67.58333,-29.58333],[-67.625,-29.58333],[-67.625,-29.54167],[-67.66667,-29.54167],[-67.66667,-29.41667],[-67.75,-29.41667]]]}},{"type":"Feature","properties":{"fid":98,"class_id":1},"geometry":{"type":"Polygon","coordinates":[[[-69.79167,-29.41667],[-69.79167,-29.45833],[-69.75,-29.45833],[-69.75,-29.5],[-69.875,-29.5],[-69.875,-29.58333],[-69.91667,-29.58333],[-69.91667,-29.625],[-69.95833,-29.625],[-69.95833,-29.66667],[-69.91667,-29.66667],[-69.91667,-29.70833],[-69.875,-29.70833],[-69.875,-29.75],[-69.79167,-29.75],[-69.79167,-29.70833],[-69.83333,-29.70833],[-69.83333,-29.66667],[-69.79167,-29.66667],[-69.79167,-29.625],[-69.83333,-29.625],[-69.83333,-29.58333],[-69.75,-29.58333],[-69.75,-29.54167],[-69.70833,-29.54167],[-69.70833,-29.58333],[-69.66667,-29.58333],[-69.66667,-29.5],[-69.70833,-29.5],[-69.70833,-29.41667],[-69.79167,-29.41667]]]}},{"type":"Feature","properties":{"fid":99,"class_id":1},"geometry":{"type":"Polygon","coordinates":[[[-69.70833,-29.66667],[-69.70833,-29.75],[-69.66667,-29.75],[-69.66667,-29.66667],[-69.70833,-29.66667]]]}},{"type":"Feature","properties":{"fid":100,"class_id":1},"geometry":{"type":"Polygon","coordinates":[[[-69.91667,-29.75],[-69.91667,-29.83333],[-69.875,-29.83333],[-69.875,-29.75],[-69.91667,-29.75]]]}},{"type":"Feature","properties":{"fid":101,"class_id":2},"geometry":{"type":"Polygon","coordinates":[[[-68.70833,-29.79167],[-68.70833,-29.83333],[-68.66667,-29.83333],[-68.66667,-29.79167],[-68.70833,-29.79167]]]}},{"type":"Feature","properties":{"fid":102,"class_id":2},"geometry":{"type":"Polygon","coordinates":[[[-68.625,-29.79167],[-68.625,-29.83333],[-68.58333,-29.83333],[-68.58333,-29.79167],[-68.625,-29.79167]]]}},{"type":"Feature","properties":{"fid":103,"class_id":2},"geometry":{"type":"Polygon","coordinates":[[[-67.54167,-29.70833],[-67.54167,-29.83333],[-67.5,-29.83333],[-67.5,-29.875],[-67.45833,-29.875],[-67.45833,-29.79167],[-67.5,-29.79167],[-67.5,-29.70833],[-67.54167,-29.70833]]]}},{"type":"Feature","properties":{"fid":104,"class_id":2},"geometry":{"type":"Polygon","coordinates":[[[-68.66667,-29.83333],[-68.66667,-29.875],[-68.625,-29.875],[-68.625,-29.83333],[-68.66667,-29.83333]]]}},{"type":"Feature","properties":{"fid":105,"class_id":2},"geometry":{"type":"Polygon","coordinates":[[[-69.83333,-30.04167],[-69.83333,-30.08333],[-69.79167,-30.08333],[-69.79167,-30.04167],[-69.83333,-30.04167]]]}},{"type":"Feature","properties":{"fid":106,"class_id":1},"geometry":{"type":"Polygon","coordinates":[[[-70.16667,-30.33333],[-70.16667,-30.375],[-70.125,-30.375],[-70.125,-30.33333],[-70.16667,-30.33333]]]}},{"type":"Feature","properties":{"fid":107,"class_id":2},"geometry":{"type":"Polygon","coordinates":[[[-69.91667,-30.375],[-69.91667,-30.45833],[-69.875,-30.45833],[-69.875,-30.375],[-69.91667,-30.375]]]}},{"type":"Feature","properties":{"fid":108,"class_id":1},"geometry":{"type":"Polygon","coordinates":[[[-70.125,-30.375],[-70.125,-30.45833],[-70.16667,-30.45833],[-70.16667,-30.5],[-70.08333,-30.5],[-70.08333,-30.45833],[-70,-30.45833],[-70,-30.5],[-69.95833,-30.5],[-69.95833,-30.45833],[-69.91667,-30.45833],[-69.91667,-30.375],[-70,-30.375],[-70,-30.41667],[-70.04167,-30.41667],[-70.04167,-30.375],[-70.125,-30.375]]]}},{"type":"Feature","properties":{"fid":109,"class_id":1},"geometry":{"type":"Polygon","coordinates":[[[-70.20833,-30.54167],[-70.20833,-30.58333],[-70.16667,-30.58333],[-70.16667,-30.54167],[-70.20833,-30.54167]]]}},{"type":"Feature","properties":{"fid":110,"class_id":1},"geometry":{"type":"Polygon","coordinates":[[[-69.54167,-29.41667],[-69.54167,-29.5],[-69.5,-29.5],[-69.5,-29.625],[-69.54167,-29.625],[-69.54167,-29.70833],[-69.58333,-29.70833],[-69.58333,-29.79167],[-69.625,-29.79167],[-69.625,-29.875],[-69.66667,-29.875],[-69.66667,-29.91667],[-69.70833,-29.91667],[-69.70833,-30],[-69.75,-30],[-69.75,-30.04167],[-69.79167,-30.04167],[-69.79167,-29.83333],[-69.875,-29.83333],[-69.875,-29.91667],[-69.91667,-29.91667],[-69.91667,-30.04167],[-69.95833,-30.04167],[-69.95833,-30.125],[-69.79167,-30.125],[-69.79167,-30.16667],[-69.83333,-30.16667],[-69.83333,-30.20833],[-69.875,-30.20833],[-69.875,-30.29167],[-69.91667,-30.29167],[-69.91667,-30.375],[-69.875,-30.375],[-69.875,-30.45833],[-69.91667,-30.45833],[-69.91667,-30.5],[-69.875,-30.5],[-69.875,-30.58333],[-69.83333,-30.58333],[-69.83333,-30.66667],[-69.79167,-30.66667],[-69.79167,-30.70833],[-69.70833,-30.70833],[-69.70833,-30.66667],[-69.66667,-30.66667],[-69.66667,-30.58333],[-69.625,-30.58333],[-69.625,-30.5],[-69.58333,-30.5],[-69.58333,-30.45833],[-69.625,-30.45833],[-69.625,-30.41667],[-69.66667,-30.41667],[-69.66667,-30.375],[-69.70833,-30.375],[-69.70833,-30.33333],[-69.66667,-30.33333],[-69.66667,-30.29167],[-69.625,-30.29167],[-69.625,-30.25],[-69.66667,-30.25],[-69.66667,-30.20833],[-69.70833,-30.20833],[-69.70833,-30.16667],[-69.58333,-30.16667],[-69.58333,-30.125],[-69.625,-30.125],[-69.625,-30.08333],[-69.58333,-30.08333],[-69.58333,-30.04167],[-69.625,-30.04167],[-69.625,-30],[-69.54167,-30],[-69.54167,-29.83333],[-69.5,-29.83333],[-69.5,-29.79167],[-69.45833,-29.79167],[-69.45833,-29.75],[-69.41667,-29.75],[-69.41667,-29.70833],[-69.375,-29.70833],[-69.375,-29.58333],[-69.41667,-29.58333],[-69.41667,-29.5],[-69.45833,-29.5],[-69.45833,-29.45833],[-69.5,-29.45833],[-69.5,-29.41667],[-69.54167,-29.41667]],[[-69.83333,-30.04167],[-69.79167,-30.04167],[-69.79167,-30.08333],[-69.83333,-30.08333],[-69.83333,-30.04167]]]}},{"type":"Feature","properties":{"fid":111,"class_id":1},"geometry":{"type":"Polygon","coordinates":[[[-70.08333,-30.54167],[-70.08333,-30.70833],[-70,-30.70833],[-70,-30.75],[-69.95833,-30.75],[-69.95833,-30.70833],[-69.91667,-30.70833],[-69.91667,-30.66667],[-70,-30.66667],[-70,-30.58333],[-69.95833,-30.58333],[-69.95833,-30.54167],[-70.08333,-30.54167]]]}},{"type":"Feature","properties":{"fid":112,"class_id":1},"geometry":{"type":"Polygon","coordinates":[[[-70.25,-30.625],[-70.25,-30.75],[-70.20833,-30.75],[-70.20833,-30.625],[-70.25,-30.625]]]}},{"type":"Feature","properties":{"fid":113,"class_id":1},"geometry":{"type":"Polygon","coordinates":[[[-69.91667,-30.70833],[-69.91667,-30.75],[-69.875,-30.75],[-69.875,-30.70833],[-69.91667,-30.70833]]]}},{"type":"Feature","properties":{"fid":114,"class_id":1},"geometry":{"type":"Polygon","coordinates":[[[-70.16667,-30.75],[-70.16667,-30.79167],[-70.08333,-30.79167],[-70.08333,-30.75],[-70.16667,-30.75]]]}},{"type":"Feature","properties":{"fid":115,"class_id":1},"geometry":{"type":"Polygon","coordinates":[[[-69.875,-30.75],[-69.875,-30.79167],[-69.83333,-30.79167],[-69.83333,-30.75],[-69.875,-30.75]]]}},{"type":"Feature","properties":{"fid":116,"class_id":2},"geometry":{"type":"Polygon","coordinates":[[[-68.83333,-30.75],[-68.83333,-30.83333],[-68.79167,-30.83333],[-68.79167,-30.75],[-68.83333,-30.75]]]}},{"type":"Feature","properties":{"fid":117,"class_id":1},"geometry":{"type":"Polygon","coordinates":[[[-70.20833,-30.79167],[-70.20833,-30.83333],[-70.16667,-30.83333],[-70.16667,-30.79167],[-70.20833,-30.79167]]]}},{"type":"Feature","properties":{"fid":118,"class_id":1},"geometry":{"type":"Polygon","coordinates":[[[-70.29167,-30.75],[-70.29167,-30.875],[-70.25,-30.875],[-70.25,-30.75],[-70.29167,-30.75]]]}},{"type":"Feature","properties":{"fid":119,"class_id":1},"geometry":{"type":"Polygon","coordinates":[[[-70.16667,-30.83333],[-70.16667,-30.875],[-70.125,-30.875],[-70.125,-30.83333],[-70.16667,-30.83333]]]}},{"type":"Feature","properties":{"fid":120,"class_id":2},"geometry":{"type":"Polygon","coordinates":[[[-68.79167,-30.83333],[-68.79167,-30.95833],[-68.75,-30.95833],[-68.75,-30.83333],[-68.79167,-30.83333]]]}},{"type":"Feature","properties":{"fid":121,"class_id":1},"geometry":{"type":"Polygon","coordinates":[[[-70.20833,-30.875],[-70.20833,-31],[-70.08333,-31],[-70.08333,-30.95833],[-70.16667,-30.95833],[-70.16667,-30.875],[-70.20833,-30.875]]]}},{"type":"Feature","properties":{"fid":122,"class_id":2},"geometry":{"type":"Polygon","coordinates":[[[-67.54167,-30.95833],[-67.54167,-31],[-67.5,-31],[-67.5,-31.08333],[-67.45833,-31.08333],[-67.45833,-31.16667],[-67.41667,-31.16667],[-67.41667,-31.04167],[-67.45833,-31.04167],[-67.45833,-31],[-67.41667,-31],[-67.41667,-30.95833],[-67.54167,-30.95833]]]}},{"type":"Feature","properties":{"fid":123,"class_id":3},"geometry":{"type":"Polygon","coordinates":[[[-66.5,-30.33333],[-66.5,-30.625],[-66.45833,-30.625],[-66.45833,-30.66667],[-66.5,-30.66667],[-66.5,-30.70833],[-66.54167,-30.70833],[-66.54167,-30.625],[-66.58333,-30.625],[-66.58333,-30.58333],[-66.625,-30.58333],[-66.625,-30.66667],[-66.66667,-30.66667],[-66.66667,-30.79167],[-66.625,-30.79167],[-66.625,-30.83333],[-66.66667,-30.83333],[-66.66667,-30.875],[-66.75,-30.875],[-66.75,-31.20833],[-66.66667,-31.20833],[-66.66667,-31.25],[-66.58333,-31.25],[-66.58333,-31.16667],[-66.54167,-31.16667],[-66.54167,-31.20833],[-66.5,-31.20833],[-66.5,-31.16667],[-66.41667,-31.16667],[-66.41667,-31.08333],[-66.375,-31.08333],[-66.375,-31],[-66.41667,-31],[-66.41667,-30.79167],[-66.5,-30.79167],[-66.5,-30.75],[-66.45833,-30.75],[-66.45833,-30.70833],[-66.41667,-30.70833],[-66.41667,-30.66667],[-66.375,-30.66667],[-66.375,-30.75],[-66.29167,-30.75],[-66.29167,-30.54167],[-66.33333,-30.54167],[-66.33333,-30.5],[-66.375,-30.5],[-66.375,-30.41667],[-66.41667,-30.41667],[-66.41667,-30.375],[-66.45833,-30.375],[-66.45833,-30.33333],[-66.5,-30.33333]]]}},{"type":"Feature","properties":{"fid":124,"class_id":1},"geometry":{"type":"Polygon","coordinates":[[[-70.45833,-31.25],[-70.45833,-31.29167],[-70.41667,-31.29167],[-70.41667,-31.25],[-70.45833,-31.25]]]}},{"type":"Feature","properties":{"fid":125,"class_id":1},"geometry":{"type":"Polygon","coordinates":[[[-70.54167,-31.33333],[-70.54167,-31.5],[-70.41667,-31.5],[-70.41667,-31.45833],[-70.5,-31.45833],[-70.5,-31.41667],[-70.45833,-31.41667],[-70.45833,-31.375],[-70.5,-31.375],[-70.5,-31.33333],[-70.54167,-31.33333]]]}},{"type":"Feature","properties":{"fid":126,"class_id":2},"geometry":{"type":"Polygon","coordinates":[[[-70.58333,-31.45833],[-70.58333,-31.5],[-70.54167,-31.5],[-70.54167,-31.45833],[-70.58333,-31.45833]]]}},{"type":"Feature","properties":{"fid":127,"class_id":2},"geometry":{"type":"Polygon","coordinates":[[[-68,-31.125],[-68,-31.25],[-68.04167,-31.25],[-68.04167,-31.41667],[-68.08333,-31.41667],[-68.08333,-31.54167],[-67.95833,-31.54167],[-67.95833,-31.5],[-67.91667,-31.5],[-67.91667,-31.41667],[-67.875,-31.41667],[-67.875,-31.375],[-67.83333,-31.375],[-67.83333,-31.125],[-68,-31.125]]]}},{"type":"Feature","properties":{"fid":128,"class_id":1},"geometry":{"type":"Polygon","coordinates":[[[-69.16667,-31.66667],[-69.16667,-31.75],[-69.125,-31.75],[-69.125,-31.66667],[-69.16667,-31.66667]]]}},{"type":"Feature","properties":{"fid":129,"class_id":1},"geometry":{"type":"Polygon","coordinates":[[[-69.875,-30.95833],[-69.875,-31.04167],[-69.95833,-31.04167],[-69.95833,-31.125],[-70,-31.125],[-70,-31.08333],[-70.08333,-31.08333],[-70.08333,-31.125],[-70.125,-31.125],[-70.125,-31.16667],[-70.16667,-31.16667],[-70.16667,-31.08333],[-70.20833,-31.08333],[-70.20833,-31],[-70.29167,-31],[-70.29167,-31.08333],[-70.25,-31.08333],[-70.25,-31.125],[-70.33333,-31.125],[-70.33333,-31.20833],[-70.29167,-31.20833],[-70.29167,-31.29167],[-70.25,-31.29167],[-70.25,-31.33333],[-70.375,-31.33333],[-70.375,-31.375],[-70.33333,-31.375],[-70.33333,-31.41667],[-70.25,-31.41667],[-70.25,-31.5],[-70.16667,-31.5],[-70.16667,-31.45833],[-70.08333,-31.45833],[-70.08333,-31.58333],[-70.04167,-31.58333],[-70.04167,-31.66667],[-69.95833,-31.66667],[-69.95833,-31.83333],[-69.91667,-31.83333],[-69.91667,-31.875],[-69.875,-31.875],[-69.875,-31.83333],[-69.83333,-31.83333],[-69.83333,-31.75],[-69.79167,-31.75],[-69.79167,-31.54167],[-69.83333,-31.54167],[-69.83333,-31.45833],[-69.875,-31.45833],[-69.875,-31.375],[-69.91667,-31.375],[-69.91667,-31.33333],[-70,-31.33333],[-70,-31.29167],[-69.79167,-31.29167],[-69.79167,-31],[-69.83333,-31],[-69.83333,-30.95833],[-69.875,-30.95833]]]}},{"type":"Feature","properties":{"fid":130,"class_id":1},"geometry":{"type":"Polygon","coordinates":[[[-69.125,-31.875],[-69.125,-31.95833],[-69.08333,-31.95833],[-69.08333,-31.875],[-69.125,-31.875]]]}},{"type":"Feature","properties":{"fid":131,"class_id":2},"geometry":{"type":"Polygon","coordinates":[[[-70.16667,-32.29167],[-70.16667,-32.33333],[-70.125,-32.33333],[-70.125,-32.29167],[-70.16667,-32.29167]]]}},{"type":"Feature","properties":{"fid":132,"class_id":3},"geometry":{"type":"Polygon","coordinates":[[[-63.95833,-32.29167],[-63.95833,-32.33333],[-63.91667,-32.33333],[-63.91667,-32.29167],[-63.95833,-32.29167]]]}},{"type":"Feature","properties":{"fid":133,"class_id":2},"geometry":{"type":"Polygon","coordinates":[[[-64.83333,-31.375],[-64.83333,-31.41667],[-64.875,-31.41667],[-64.875,-31.45833],[-64.91667,-31.45833],[-64.91667,-31.66667],[-64.875,-31.66667],[-64.875,-31.875],[-64.91667,-31.875],[-64.91667,-31.91667],[-64.95833,-31.91667],[-64.95833,-32.33333],[-64.91667,-32.33333],[-64.91667,-32.41667],[-64.95833,-32.41667],[-64.95833,-32.45833],[-64.91667,-32.45833],[-64.91667,-32.54167],[-64.875,-32.54167],[-64.875,-32.5],[-64.83333,-32.5],[-64.83333,-32.45833],[-64.875,-32.45833],[-64.875,-32.25],[-64.91667,-32.25],[-64.91667,-32.20833],[-64.875,-32.20833],[-64.875,-31.95833],[-64.83333,-31.95833],[-64.83333,-31.875],[-64.79167,-31.875],[-64.79167,-31.79167],[-64.75,-31.79167],[-64.75,-31.75],[-64.70833,-31.75],[-64.70833,-31.70833],[-64.75,-31.70833],[-64.75,-31.5],[-64.79167,-31.5],[-64.79167,-31.375],[-64.83333,-31.375]]]}},{"type":"Feature","properties":{"fid":134,"class_id":3},"geometry":{"type":"Polygon","coordinates":[[[-67.04167,-32.54167],[-67.04167,-32.625],[-67,-32.625],[-67,-32.54167],[-67.04167,-32.54167]]]}},{"type":"Feature","properties":{"fid":135,"class_id":2},"geometry":{"type":"Polygon","coordinates":[[[-64.91667,-32.58333],[-64.91667,-32.625],[-64.875,-32.625],[-64.875,-32.58333],[-64.91667,-32.58333]]]}},{"type":"Feature","properties":{"fid":136,"class_id":2},"geometry":{"type":"Polygon","coordinates":[[[-69.95833,-32.79167],[-69.95833,-32.83333],[-69.875,-32.83333],[-69.875,-32.79167],[-69.95833,-32.79167]]]}},{"type":"Feature","properties":{"fid":137,"class_id":2},"geometry":{"type":"Polygon","coordinates":[[[-69.5,-32.83333],[-69.5,-32.875],[-69.45833,-32.875],[-69.45833,-32.83333],[-69.5,-32.83333]]]}},{"type":"Feature","properties":{"fid":138,"class_id":2},"geometry":{"type":"Polygon","coordinates":[[[-66.20833,-32.83333],[-66.20833,-32.875],[-66.16667,-32.875],[-66.16667,-32.83333],[-66.20833,-32.83333]]]}},{"type":"Feature","properties":{"fid":139,"class_id":3},"geometry":{"type":"Polygon","coordinates":[[[-66.91667,-32.875],[-66.91667,-32.95833],[-66.83333,-32.95833],[-66.83333,-32.91667],[-66.875,-32.91667],[-66.875,-32.875],[-66.91667,-32.875]]]}},{"type":"Feature","properties":{"fid":140,"class_id":2},"geometry":{"type":"Polygon","coordinates":[[[-69.16667,-33],[-69.16667,-33.04167],[-69.125,-33.04167],[-69.125,-33],[-69.16667,-33]]]}},{"type":"Feature","properties":{"fid":141,"class_id":2},"geometry":{"type":"Polygon","coordinates":[[[-66.20833,-33],[-66.20833,-33.08333],[-66.16667,-33.08333],[-66.16667,-33],[-66.20833,-33]]]}},{"type":"Feature","properties":{"fid":142,"class_id":2},"geometry":{"type":"Polygon","coordinates":[[[-69.83333,-33.08333],[-69.83333,-33.125],[-69.79167,-33.125],[-69.79167,-33.08333],[-69.83333,-33.08333]]]}},{"type":"Feature","properties":{"fid":143,"class_id":2},"geometry":{"type":"Polygon","coordinates":[[[-69.75,-33.625],[-69.75,-33.66667],[-69.66667,-33.66667],[-69.66667,-33.625],[-69.75,-33.625]]]}},{"type":"Feature","properties":{"fid":144,"class_id":1},"geometry":{"type":"Polygon","coordinates":[[[-69.45833,-34.125],[-69.45833,-34.16667],[-69.375,-34.16667],[-69.375,-34.125],[-69.45833,-34.125]]]}},{"type":"Feature","properties":{"fid":145,"class_id":1},"geometry":{"type":"Polygon","coordinates":[[[-70,-34.375],[-70,-34.41667],[-69.95833,-34.41667],[-69.95833,-34.375],[-70,-34.375]]]}},{"type":"Feature","properties":{"fid":146,"class_id":2},"geometry":{"type":"Polygon","coordinates":[[[-70,-34.41667],[-70,-34.45833],[-69.95833,-34.45833],[-69.95833,-34.41667],[-70,-34.41667]]]}},{"type":"Feature","properties":{"fid":147,"class_id":1},"geometry":{"type":"Polygon","coordinates":[[[-70.54167,-31.58333],[-70.54167,-31.625],[-70.5,-31.625],[-70.5,-31.70833],[-70.45833,-31.70833],[-70.45833,-31.83333],[-70.41667,-31.83333],[-70.41667,-31.875],[-70.25,-31.875],[-70.25,-31.91667],[-70.20833,-31.91667],[-70.20833,-32],[-70.25,-32],[-70.25,-32.04167],[-70.33333,-32.04167],[-70.33333,-32.125],[-70.29167,-32.125],[-70.29167,-32.25],[-70.33333,-32.25],[-70.33333,-32.29167],[-70.25,-32.29167],[-70.25,-32.33333],[-70.20833,-32.33333],[-70.20833,-32.375],[-70.25,-32.375],[-70.25,-32.41667],[-70.20833,-32.41667],[-70.20833,-32.45833],[-70.125,-32.45833],[-70.125,-32.58333],[-70.16667,-32.58333],[-70.16667,-32.66667],[-70.125,-32.66667],[-70.125,-32.79167],[-70.08333,-32.79167],[-70.08333,-32.83333],[-70.04167,-32.83333],[-70.04167,-32.875],[-70,-32.875],[-70,-32.95833],[-70.04167,-32.95833],[-70.04167,-33.04167],[-70.08333,-33.04167],[-70.08333,-33.125],[-70.04167,-33.125],[-70.04167,-33.16667],[-70.08333,-33.16667],[-70.08333,-33.20833],[-70.04167,-33.20833],[-70.04167,-33.29167],[-69.79167,-33.29167],[-69.79167,-33.33333],[-69.75,-33.33333],[-69.75,-33.375],[-69.79167,-33.375],[-69.79167,-33.45833],[-69.83333,-33.45833],[-69.83333,-33.54167],[-69.875,-33.54167],[-69.875,-33.70833],[-69.83333,-33.70833],[-69.83333,-33.75],[-69.875,-33.75],[-69.875,-33.79167],[-69.91667,-33.79167],[-69.91667,-33.83333],[-69.875,-33.83333],[-69.875,-33.95833],[-69.83333,-33.95833],[-69.83333,-34.08333],[-69.875,-34.08333],[-69.875,-34.16667],[-69.79167,-34.16667],[-69.79167,-34.25],[-69.91667,-34.25],[-69.91667,-34.29167],[-69.95833,-34.29167],[-69.95833,-34.25],[-70,-34.25],[-70,-34.29167],[-70.04167,-34.29167],[-70.04167,-34.33333],[-69.79167,-34.33333],[-69.79167,-34.375],[-69.75,-34.375],[-69.75,-34.29167],[-69.70833,-34.29167],[-69.70833,-34.41667],[-69.66667,-34.41667],[-69.66667,-34.375],[-69.625,-34.375],[-69.625,-34.5],[-69.58333,-34.5],[-69.58333,-34.54167],[-69.5,-34.54167],[-69.5,-34.29167],[-69.54167,-34.29167],[-69.54167,-34.25],[-69.5,-34.25],[-69.5,-34.20833],[-69.54167,-34.20833],[-69.54167,-34.16667],[-69.5,-34.16667],[-69.5,-34.125],[-69.45833,-34.125],[-69.45833,-34.04167],[-69.41667,-34.04167],[-69.41667,-33.95833],[-69.375,-33.95833],[-69.375,-33.91667],[-69.54167,-33.91667],[-69.54167,-34.04167],[-69.58333,-34.04167],[-69.58333,-34],[-69.70833,-34],[-69.70833,-33.91667],[-69.75,-33.91667],[-69.75,-33.875],[-69.83333,-33.875],[-69.83333,-33.83333],[-69.70833,-33.83333],[-69.70833,-33.79167],[-69.66667,-33.79167],[-69.66667,-33.66667],[-69.625,-33.66667],[-69.625,-33.83333],[-69.5,-33.83333],[-69.5,-33.79167],[-69.45833,-33.79167],[-69.45833,-33.83333],[-69.41667,-33.83333],[-69.41667,-33.66667],[-69.45833,-33.66667],[-69.45833,-33.625],[-69.54167,-33.625],[-69.54167,-33.58333],[-69.5,-33.58333],[-69.5,-33.45833],[-69.54167,-33.45833],[-69.54167,-33.375],[-69.58333,-33.375],[-69.58333,-33.33333],[-69.54167,-33.33333],[-69.54167,-33.29167],[-69.58333,-33.29167],[-69.58333,-33.25],[-69.5,-33.25],[-69.5,-33.20833],[-69.45833,-33.20833],[-69.45833,-33.16667],[-69.41667,-33.16667],[-69.41667,-33.08333],[-69.375,-33.08333],[-69.375,-32.875],[-69.41667,-32.875],[-69.41667,-32.75],[-69.45833,-32.75],[-69.45833,-32.70833],[-69.5,-32.70833],[-69.5,-32.75],[-69.54167,-32.75],[-69.54167,-32.79167],[-69.5,-32.79167],[-69.5,-32.83333],[-69.58333,-32.83333],[-69.58333,-32.79167],[-69.625,-32.79167],[-69.625,-32.83333],[-69.66667,-32.83333],[-69.66667,-32.875],[-69.75,-32.875],[-69.75,-33.08333],[-69.79167,-33.08333],[-69.79167,-32.95833],[-69.83333,-32.95833],[-69.83333,-32.91667],[-69.79167,-32.91667],[-69.79167,-32.875],[-69.875,-32.875],[-69.875,-32.83333],[-69.79167,-32.83333],[-69.79167,-32.79167],[-69.66667,-32.79167],[-69.66667,-32.75],[-69.625,-32.75],[-69.625,-32.66667],[-69.66667,-32.66667],[-69.66667,-32.625],[-69.58333,-32.625],[-69.58333,-32.54167],[-69.54167,-32.54167],[-69.54167,-32.5],[-69.5,-32.5],[-69.5,-32.45833],[-69.58333,-32.45833],[-69.58333,-32.33333],[-69.54167,-32.33333],[-69.54167,-32.16667],[-69.5,-32.16667],[-69.5,-32.125],[-69.54167,-32.125],[-69.54167,-32.08333],[-69.625,-32.08333],[-69.625,-32.125],[-69.66667,-32.125],[-69.66667,-32.20833],[-69.70833,-32.20833],[-69.70833,-32.29167],[-69.79167,-32.29167],[-69.79167,-32.33333],[-69.83333,-32.33333],[-69.83333,-32.41667],[-69.875,-32.41667],[-69.875,-32.375],[-69.95833,-32.375],[-69.95833,-32.41667],[-70.04167,-32.41667],[-70.04167,-32.29167],[-70.125,-32.29167],[-70.125,-32.25],[-70.16667,-32.25],[-70.16667,-32.16667],[-70.125,-32.16667],[-70.125,-32.20833],[-70,-32.20833],[-70,-32.33333],[-69.91667,-32.33333],[-69.91667,-32.29167],[-69.875,-32.29167],[-69.875,-32.08333],[-69.91667,-32.08333],[-69.91667,-31.95833],[-69.95833,-31.95833],[-69.95833,-31.91667],[-70,-31.91667],[-70,-31.875],[-70.08333,-31.875],[-70.08333,-31.75],[-70.16667,-31.75],[-70.16667,-31.70833],[-70.20833,-31.70833],[-70.20833,-31.58333],[-70.29167,-31.58333],[-70.29167,-31.70833],[-70.25,-31.70833],[-70.25,-31.79167],[-70.33333,-31.79167],[-70.33333,-31.58333],[-70.54167,-31.58333]],[[-70.125,-31.95833],[-70.08333,-31.95833],[-70.08333,-32],[-70.125,-32],[-70.125,-31.95833]],[[-70.16667,-32.29167],[-70.125,-32.29167],[-70.125,-32.33333],[-70.16667,-32.33333],[-70.16667,-32.29167]],[[-70.04167,-32.625],[-70,-32.625],[-70,-32.66667],[-70.04167,-32.66667],[-70.04167,-32.625]],[[-69.95833,-32.79167],[-69.875,-32.79167],[-69.875,-32.83333],[-69.95833,-32.83333],[-69.95833,-32.79167]],[[-69.5,-32.83333],[-69.45833,-32.83333],[-69.45833,-32.875],[-69.5,-32.875],[-69.5,-32.83333]],[[-69.83333,-33.08333],[-69.79167,-33.08333],[-69.79167,-33.125],[-69.83333,-33.125],[-69.83333,-33.08333]],[[-69.75,-33.625],[-69.66667,-33.625],[-69.66667,-33.66667],[-69.75,-33.66667],[-69.75,-33.625]]]}},{"type":"Feature","properties":{"fid":148,"class_id":1},"geometry":{"type":"Polygon","coordinates":[[[-70.16667,-34.54167],[-70.16667,-34.58333],[-70.125,-34.58333],[-70.125,-34.54167],[-70.16667,-34.54167]]]}},{"type":"Feature","properties":{"fid":149,"class_id":1},"geometry":{"type":"Polygon","coordinates":[[[-70.20833,-34.58333],[-70.20833,-34.66667],[-70.25,-34.66667],[-70.25,-34.70833],[-70.20833,-34.70833],[-70.20833,-34.75],[-70.16667,-34.75],[-70.16667,-34.58333],[-70.20833,-34.58333]]]}},{"type":"Feature","properties":{"fid":150,"class_id":2},"geometry":{"type":"Polygon","coordinates":[[[-70.25,-34.70833],[-70.25,-34.75],[-70.20833,-34.75],[-70.20833,-34.70833],[-70.25,-34.70833]]]}},{"type":"Feature","properties":{"fid":151,"class_id":1},"geometry":{"type":"Polygon","coordinates":[[[-70.04167,-34.41667],[-70.04167,-34.45833],[-70.08333,-34.45833],[-70.08333,-34.5],[-70.125,-34.5],[-70.125,-34.54167],[-70.08333,-34.54167],[-70.08333,-34.625],[-70.04167,-34.625],[-70.04167,-34.66667],[-70,-34.66667],[-70,-34.70833],[-70.04167,-34.70833],[-70.04167,-34.75],[-70,-34.75],[-70,-34.79167],[-69.91667,-34.79167],[-69.91667,-34.75],[-69.875,-34.75],[-69.875,-34.83333],[-69.83333,-34.83333],[-69.83333,-34.79167],[-69.79167,-34.79167],[-69.79167,-34.75],[-69.75,-34.75],[-69.75,-34.70833],[-69.79167,-34.70833],[-69.79167,-34.625],[-69.83333,-34.625],[-69.83333,-34.58333],[-69.875,-34.58333],[-69.875,-34.54167],[-69.83333,-34.54167],[-69.83333,-34.5],[-69.875,-34.5],[-69.875,-34.45833],[-69.83333,-34.45833],[-69.83333,-34.41667],[-69.95833,-34.41667],[-69.95833,-34.45833],[-70,-34.45833],[-70,-34.41667],[-70.04167,-34.41667]]]}},{"type":"Feature","properties":{"fid":152,"class_id":1},"geometry":{"type":"Polygon","coordinates":[[[-70.33333,-34.91667],[-70.33333,-35],[-70.29167,-35],[-70.29167,-34.95833],[-70.25,-34.95833],[-70.25,-34.91667],[-70.33333,-34.91667]]]}},{"type":"Feature","properties":{"fid":153,"class_id":1},"geometry":{"type":"Polygon","coordinates":[[[-70.375,-35],[-70.375,-35.04167],[-70.33333,-35.04167],[-70.33333,-35],[-70.375,-35]]]}},{"type":"Feature","properties":{"fid":154,"class_id":1},"geometry":{"type":"Polygon","coordinates":[[[-70.29167,-34.75],[-70.29167,-34.79167],[-70.25,-34.79167],[-70.25,-34.83333],[-70.29167,-34.83333],[-70.29167,-34.875],[-70.125,-34.875],[-70.125,-34.91667],[-70.08333,-34.91667],[-70.08333,-34.95833],[-70.20833,-34.95833],[-70.20833,-35],[-70.125,-35],[-70.125,-35.04167],[-70.08333,-35.04167],[-70.08333,-35.08333],[-70.04167,-35.08333],[-70.04167,-35.125],[-70,-35.125],[-70,-35.08333],[-69.91667,-35.08333],[-69.91667,-35],[-69.95833,-35],[-69.95833,-34.875],[-70.08333,-34.875],[-70.08333,-34.79167],[-70.20833,-34.79167],[-70.20833,-34.75],[-70.29167,-34.75]]]}},{"type":"Feature","properties":{"fid":155,"class_id":1},"geometry":{"type":"Polygon","coordinates":[[[-70.16667,-35.125],[-70.16667,-35.16667],[-70.125,-35.16667],[-70.125,-35.125],[-70.16667,-35.125]]]}},{"type":"Feature","properties":{"fid":156,"class_id":1},"geometry":{"type":"Polygon","coordinates":[[[-70.58333,-35.20833],[-70.58333,-35.29167],[-70.54167,-35.29167],[-70.54167,-35.20833],[-70.58333,-35.20833]]]}},{"type":"Feature","properties":{"fid":157,"class_id":4},"geometry":{"type":"Polygon","coordinates":[[[-57.25,-35.25],[-57.25,-35.29167],[-57.20833,-35.29167],[-57.20833,-35.25],[-57.25,-35.25]]]}},{"type":"Feature","properties":{"fid":158,"class_id":1},"geometry":{"type":"Polygon","coordinates":[[[-70.04167,-35.25],[-70.04167,-35.33333],[-70.08333,-35.33333],[-70.08333,-35.375],[-70.125,-35.375],[-70.125,-35.41667],[-70.08333,-35.41667],[-70.08333,-35.45833],[-70,-35.45833],[-70,-35.375],[-69.95833,-35.375],[-69.95833,-35.33333],[-69.91667,-35.33333],[-69.91667,-35.25],[-70.04167,-35.25]]]}},{"type":"Feature","properties":{"fid":159,"class_id":4},"geometry":{"type":"Polygon","coordinates":[[[-64.91667,-22.125],[-64.91667,-22.16667],[-64.95833,-22.16667],[-64.95833,-22.25],[-64.875,-22.25],[-64.875,-22.20833],[-64.83333,-22.20833],[-64.83333,-22.25],[-64.79167,-22.25],[-64.79167,-22.29167],[-64.83333,-22.29167],[-64.83333,-22.33333],[-64.875,-22.33333],[-64.875,-22.41667],[-64.91667,-22.41667],[-64.91667,-22.45833],[-64.875,-22.45833],[-64.875,-22.5],[-64.95833,-22.5],[-64.95833,-22.58333],[-64.91667,-22.58333],[-64.91667,-22.625],[-65,-22.625],[-65,-22.70833],[-64.95833,-22.70833],[-64.95833,-22.79167],[-65.08333,-22.79167],[-65.08333,-22.83333],[-65.04167,-22.83333],[-65.04167,-22.875],[-64.91667,-22.875],[-64.91667,-22.95833],[-64.875,-22.95833],[-64.875,-23.125],[-64.83333,-23.125],[-64.83333,-23.25],[-64.875,-23.25],[-64.875,-23.29167],[-64.83333,-23.29167],[-64.83333,-23.375],[-64.875,-23.375],[-64.875,-23.45833],[-64.79167,-23.45833],[-64.79167,-23.58333],[-64.83333,-23.58333],[-64.83333,-23.625],[-64.875,-23.625],[-64.875,-23.66667],[-64.91667,-23.66667],[-64.91667,-23.45833],[-65,-23.45833],[-65,-23.54167],[-65.08333,-23.54167],[-65.08333,-23.625],[-65.125,-23.625],[-65.125,-23.70833],[-65.16667,-23.70833],[-65.16667,-23.79167],[-65.20833,-23.79167],[-65.20833,-23.875],[-65.29167,-23.875],[-65.29167,-23.95833],[-65.375,-23.95833],[-65.375,-24.04167],[-65.41667,-24.04167],[-65.41667,-24.16667],[-65.45833,-24.16667],[-65.45833,-24.20833],[-65.41667,-24.20833],[-65.41667,-24.33333],[-65.375,-24.33333],[-65.375,-24.375],[-65.41667,-24.375],[-65.41667,-24.41667],[-65.375,-24.41667],[-65.375,-24.54167],[-65.41667,-24.54167],[-65.41667,-24.58333],[-65.45833,-24.58333],[-65.45833,-24.625],[-65.5,-24.625],[-65.5,-24.75],[-65.58333,-24.75],[-65.58333,-24.79167],[-65.625,-24.79167],[-65.625,-24.875],[-65.66667,-24.875],[-65.66667,-24.95833],[-65.70833,-24.95833],[-65.70833,-25.04167],[-65.66667,-25.04167],[-65.66667,-25.08333],[-65.625,-25.08333],[-65.625,-25.16667],[-65.54167,-25.16667],[-65.54167,-25.20833],[-65.58333,-25.20833],[-65.58333,-25.25],[-65.625,-25.25],[-65.625,-25.33333],[-65.66667,-25.33333],[-65.66667,-25.45833],[-65.70833,-25.45833],[-65.70833,-25.5],[-65.66667,-25.5],[-65.66667,-25.54167],[-65.625,-25.54167],[-65.625,-25.58333],[-65.66667,-25.58333],[-65.66667,-25.625],[-65.70833,-25.625],[-65.70833,-25.70833],[-65.75,-25.70833],[-65.75,-25.95833],[-65.66667,-25.95833],[-65.66667,-25.66667],[-65.625,-25.66667],[-65.625,-25.70833],[-65.54167,-25.70833],[-65.54167,-25.66667],[-65.45833,-25.66667],[-65.45833,-25.58333],[-65.41667,-25.58333],[-65.41667,-25.54167],[-65.375,-25.54167],[-65.375,-25.5],[-65.29167,-25.5],[-65.29167,-25.54167],[-65.25,-25.54167],[-65.25,-25.58333],[-65.20833,-25.58333],[-65.20833,-25.5],[-65.25,-25.5],[-65.25,-25.375],[-65.20833,-25.375],[-65.20833,-25.33333],[-65.16667,-25.33333],[-65.16667,-25.25],[-65.125,-25.25],[-65.125,-25.66667],[-65.16667,-25.66667],[-65.16667,-25.625],[-65.25,-25.625],[-65.25,-25.66667],[-65.41667,-25.66667],[-65.41667,-25.70833],[-65.375,-25.70833],[-65.375,-25.75],[-65.45833,-25.75],[-65.45833,-25.79167],[-65.5,-25.79167],[-65.5,-25.91667],[-65.54167,-25.91667],[-65.54167,-26],[-65.58333,-26],[-65.58333,-26.5],[-65.54167,-26.5],[-65.54167,-26.54167],[-65.58333,-26.54167],[-65.58333,-26.58333],[-65.5,-26.58333],[-65.5,-26.54167],[-65.41667,-26.54167],[-65.41667,-26.58333],[-65.45833,-26.58333],[-65.45833,-26.70833],[-65.54167,-26.70833],[-65.54167,-26.75],[-65.5,-26.75],[-65.5,-26.79167],[-65.54167,-26.79167],[-65.54167,-26.91667],[-65.58333,-26.91667],[-65.58333,-26.95833],[-65.625,-26.95833],[-65.625,-27],[-65.66667,-27],[-65.66667,-27.04167],[-65.70833,-27.04167],[-65.70833,-27.125],[-65.75,-27.125],[-65.75,-27.08333],[-65.79167,-27.08333],[-65.79167,-27.125],[-65.83333,-27.125],[-65.83333,-27.16667],[-65.875,-27.16667],[-65.875,-27.25],[-65.91667,-27.25],[-65.91667,-27.375],[-65.95833,-27.375],[-65.95833,-27.41667],[-65.875,-27.41667],[-65.875,-27.5],[-65.83333,-27.5],[-65.83333,-27.54167],[-65.91667,-27.54167],[-65.91667,-27.58333],[-65.875,-27.58333],[-65.875,-27.66667],[-65.83333,-27.66667],[-65.83333,-27.79167],[-65.79167,-27.79167],[-65.79167,-27.75],[-65.70833,-27.75],[-65.70833,-27.79167],[-65.75,-27.79167],[-65.75,-27.91667],[-65.70833,-27.91667],[-65.70833,-27.83333],[-65.66667,-27.83333],[-65.66667,-27.95833],[-65.70833,-27.95833],[-65.70833,-28],[-65.75,-28],[-65.75,-28.04167],[-65.70833,-28.04167],[-65.70833,-28.25],[-65.75,-28.25],[-65.75,-28.125],[-65.79167,-28.125],[-65.79167,-27.95833],[-65.83333,-27.95833],[-65.83333,-27.83333],[-65.875,-27.83333],[-65.875,-28.04167],[-65.83333,-28.04167],[-65.83333,-28.25],[-65.79167,-28.25],[-65.79167,-28.29167],[-65.83333,-28.29167],[-65.83333,-28.41667],[-65.875,-28.41667],[-65.875,-28.5],[-65.91667,-28.5],[-65.91667,-28.58333],[-65.95833,-28.58333],[-65.95833,-28.625],[-66,-28.625],[-66,-28.66667],[-66.125,-28.66667],[-66.125,-28.70833],[-66.16667,-28.70833],[-66.16667,-28.75],[-66.20833,-28.75],[-66.20833,-28.79167],[-66.29167,-28.79167],[-66.29167,-28.83333],[-66.45833,-28.83333],[-66.45833,-28.91667],[-66.5,-28.91667],[-66.5,-28.95833],[-66.54167,-28.95833],[-66.54167,-28.83333],[-66.5,-28.83333],[-66.5,-28.79167],[-66.45833,-28.79167],[-66.45833,-28.75],[-66.375,-28.75],[-66.375,-28.66667],[-66.33333,-28.66667],[-66.33333,-28.625],[-66.29167,-28.625],[-66.29167,-28.54167],[-66.25,-28.54167],[-66.25,-28.41667],[-66.20833,-28.41667],[-66.20833,-28.29167],[-66.16667,-28.29167],[-66.16667,-27.95833],[-66.125,-27.95833],[-66.125,-27.70833],[-66.16667,-27.70833],[-66.16667,-27.625],[-66.25,-27.625],[-66.25,-27.58333],[-66.29167,-27.58333],[-66.29167,-27.5],[-66.41667,-27.5],[-66.41667,-27.54167],[-66.58333,-27.54167],[-66.58333,-27.625],[-66.70833,-27.625],[-66.70833,-27.70833],[-66.75,-27.70833],[-66.75,-27.66667],[-66.79167,-27.66667],[-66.79167,-27.625],[-66.95833,-27.625],[-66.95833,-27.66667],[-67,-27.66667],[-67,-27.625],[-67.04167,-27.625],[-67.04167,-27.66667],[-67.125,-27.66667],[-67.125,-27.70833],[-67.16667,-27.70833],[-67.16667,-27.75],[-67.20833,-27.75],[-67.20833,-28.08333],[-67.16667,-28.08333],[-67.16667,-28.20833],[-67.20833,-28.20833],[-67.20833,-28.25],[-67.25,-28.25],[-67.25,-28.29167],[-67.33333,-28.29167],[-67.33333,-28.33333],[-67.29167,-28.33333],[-67.29167,-28.375],[-67.125,-28.375],[-67.125,-28.45833],[-67.08333,-28.45833],[-67.08333,-28.375],[-66.95833,-28.375],[-66.95833,-28.45833],[-66.91667,-28.45833],[-66.91667,-28.54167],[-66.875,-28.54167],[-66.875,-28.625],[-66.83333,-28.625],[-66.83333,-28.66667],[-66.79167,-28.66667],[-66.79167,-28.79167],[-66.75,-28.79167],[-66.75,-28.875],[-66.66667,-28.875],[-66.66667,-28.91667],[-66.70833,-28.91667],[-66.70833,-29],[-66.75,-29],[-66.75,-29.16667],[-66.79167,-29.16667],[-66.79167,-29.20833],[-66.83333,-29.20833],[-66.83333,-29.29167],[-66.875,-29.29167],[-66.875,-29.375],[-66.91667,-29.375],[-66.91667,-29.5],[-66.95833,-29.5],[-66.95833,-29.625],[-67,-29.625],[-67,-29.66667],[-66.95833,-29.66667],[-66.95833,-29.70833],[-67,-29.70833],[-67,-29.79167],[-66.95833,-29.79167],[-66.95833,-29.875],[-67.04167,-29.875],[-67.04167,-29.83333],[-67.08333,-29.83333],[-67.08333,-29.91667],[-67.125,-29.91667],[-67.125,-29.79167],[-67.16667,-29.79167],[-67.16667,-29.66667],[-67.20833,-29.66667],[-67.20833,-29.625],[-67.25,-29.625],[-67.25,-29.58333],[-67.20833,-29.58333],[-67.20833,-29.54167],[-67.25,-29.54167],[-67.25,-29.5],[-67.33333,-29.5],[-67.33333,-29.54167],[-67.375,-29.54167],[-67.375,-29.58333],[-67.33333,-29.58333],[-67.33333,-29.625],[-67.41667,-29.625],[-67.41667,-29.66667],[-67.375,-29.66667],[-67.375,-29.70833],[-67.33333,-29.70833],[-67.33333,-29.75],[-67.29167,-29.75],[-67.29167,-29.875],[-67.25,-29.875],[-67.25,-30],[-67.20833,-30],[-67.20833,-30.125],[-67.16667,-30.125],[-67.16667,-30.20833],[-67.125,-30.20833],[-67.125,-30.54167],[-67.16667,-30.54167],[-67.16667,-30.625],[-67.20833,-30.625],[-67.20833,-30.66667],[-67.25,-30.66667],[-67.25,-30.75],[-67.29167,-30.75],[-67.29167,-31],[-67.25,-31],[-67.25,-31.125],[-67.29167,-31.125],[-67.29167,-31.33333],[-67.33333,-31.33333],[-67.33333,-31.45833],[-67.45833,-31.45833],[-67.45833,-31.5],[-67.5,-31.5],[-67.5,-31.54167],[-67.54167,-31.54167],[-67.54167,-31.75],[-67.58333,-31.75],[-67.58333,-31.95833],[-67.625,-31.95833],[-67.625,-32.125],[-67.66667,-32.125],[-67.66667,-32.20833],[-67.625,-32.20833],[-67.625,-32.375],[-67.58333,-32.375],[-67.58333,-32.5],[-67.54167,-32.5],[-67.54167,-32.66667],[-67.5,-32.66667],[-67.5,-32.75],[-67.45833,-32.75],[-67.45833,-32.79167],[-67.41667,-32.79167],[-67.41667,-32.875],[-67.375,-32.875],[-67.375,-32.91667],[-67.33333,-32.91667],[-67.33333,-32.95833],[-67.29167,-32.95833],[-67.29167,-33.04167],[-67.25,-33.04167],[-67.25,-33.08333],[-67.20833,-33.08333],[-67.20833,-33.125],[-67.16667,-33.125],[-67.16667,-33.16667],[-66.79167,-33.16667],[-66.79167,-33.41667],[-66.75,-33.41667],[-66.75,-33.54167],[-66.70833,-33.54167],[-66.70833,-33.625],[-66.58333,-33.625],[-66.58333,-33.58333],[-66.5,-33.58333],[-66.5,-33.54167],[-66.41667,-33.54167],[-66.41667,-33.45833],[-66.375,-33.45833],[-66.375,-33.375],[-66.33333,-33.375],[-66.33333,-33.25],[-66.29167,-33.25],[-66.29167,-32.875],[-66.25,-32.875],[-66.25,-32.75],[-66.20833,-32.75],[-66.20833,-32.70833],[-66.16667,-32.70833],[-66.16667,-32.66667],[-66.08333,-32.66667],[-66.08333,-32.625],[-66.04167,-32.625],[-66.04167,-32.58333],[-66,-32.58333],[-66,-32.45833],[-65.95833,-32.45833],[-65.95833,-32.41667],[-65.875,-32.41667],[-65.875,-32.375],[-65.75,-32.375],[-65.75,-32.5],[-65.54167,-32.5],[-65.54167,-32.625],[-65.45833,-32.625],[-65.45833,-32.66667],[-65.375,-32.66667],[-65.375,-32.75],[-65.29167,-32.75],[-65.29167,-32.70833],[-65.20833,-32.70833],[-65.20833,-32.66667],[-65.16667,-32.66667],[-65.16667,-32.625],[-65.125,-32.625],[-65.125,-32.5],[-65.08333,-32.5],[-65.08333,-32.41667],[-65.04167,-32.41667],[-65.04167,-31.875],[-65.125,-31.875],[-65.125,-31.79167],[-65.16667,-31.79167],[-65.16667,-31.75],[-65.20833,-31.75],[-65.20833,-31.70833],[-65.25,-31.70833],[-65.25,-31.625],[-65.29167,-31.625],[-65.29167,-31.58333],[-65.33333,-31.58333],[-65.33333,-31.54167],[-65.375,-31.54167],[-65.375,-31.375],[-65.41667,-31.375],[-65.41667,-31.08333],[-65.33333,-31.08333],[-65.33333,-30.875],[-65.29167,-30.875],[-65.29167,-31],[-65.25,-31],[-65.25,-31.08333],[-65.20833,-31.08333],[-65.20833,-31.125],[-65.16667,-31.125],[-65.16667,-31.16667],[-65.125,-31.16667],[-65.125,-31.20833],[-65.08333,-31.20833],[-65.08333,-31.16667],[-65.04167,-31.16667],[-65.04167,-31.08333],[-65,-31.08333],[-65,-31],[-64.95833,-31],[-64.95833,-30.95833],[-64.91667,-30.95833],[-64.91667,-30.875],[-64.83333,-30.875],[-64.83333,-30.91667],[-64.79167,-30.91667],[-64.79167,-30.875],[-64.66667,-30.875],[-64.66667,-30.91667],[-64.625,-30.91667],[-64.625,-30.75],[-64.58333,-30.75],[-64.58333,-30.625],[-64.54167,-30.625],[-64.54167,-30.58333],[-64.5,-30.58333],[-64.5,-30.5],[-64.33333,-30.5],[-64.33333,-30.45833],[-64.29167,-30.45833],[-64.29167,-30.375],[-64.25,-30.375],[-64.25,-30.20833],[-64.20833,-30.20833],[-64.20833,-30],[-64.08333,-30],[-64.08333,-30.08333],[-64.16667,-30.08333],[-64.16667,-30.125],[-64.08333,-30.125],[-64.08333,-30.20833],[-64.125,-30.20833],[-64.125,-30.33333],[-64.16667,-30.33333],[-64.16667,-30.54167],[-64.20833,-30.54167],[-64.20833,-30.58333],[-64.16667,-30.58333],[-64.16667,-30.70833],[-64.125,-30.70833],[-64.125,-30.75],[-64.08333,-30.75],[-64.08333,-30.95833],[-64.125,-30.95833],[-64.125,-31.08333],[-64.16667,-31.08333],[-64.16667,-31.16667],[-64.20833,-31.16667],[-64.20833,-31.20833],[-64.25,-31.20833],[-64.25,-31.25],[-64.33333,-31.25],[-64.33333,-31.29167],[-64.375,-31.29167],[-64.375,-31.45833],[-64.41667,-31.45833],[-64.41667,-31.58333],[-64.45833,-31.58333],[-64.45833,-31.875],[-64.41667,-31.875],[-64.41667,-31.95833],[-64.375,-31.95833],[-64.375,-32],[-64.33333,-32],[-64.33333,-32.04167],[-64.375,-32.04167],[-64.375,-32.125],[-64.41667,-32.125],[-64.41667,-32.16667],[-64.5,-32.16667],[-64.5,-32.08333],[-64.54167,-32.08333],[-64.54167,-32.16667],[-64.58333,-32.16667],[-64.58333,-32.25],[-64.54167,-32.25],[-64.54167,-32.29167],[-64.45833,-32.29167],[-64.45833,-32.25],[-64.33333,-32.25],[-64.33333,-32.29167],[-64.25,-32.29167],[-64.25,-32.25],[-64.125,-32.25],[-64.125,-32.20833],[-64.08333,-32.20833],[-64.08333,-32.16667],[-64.04167,-32.16667],[-64.04167,-32.25],[-64,-32.25],[-64,-32.29167],[-64.04167,-32.29167],[-64.04167,-32.33333],[-64,-32.33333],[-64,-32.375],[-63.95833,-32.375],[-63.95833,-32.5],[-63.91667,-32.5],[-63.91667,-32.58333],[-63.875,-32.58333],[-63.875,-32.625],[-63.70833,-32.625],[-63.70833,-32.75],[-63.58333,-32.75],[-63.58333,-32.70833],[-63.54167,-32.70833],[-63.54167,-32.66667],[-63.45833,-32.66667],[-63.45833,-32.625],[-63.375,-32.625],[-63.375,-32.58333],[-63.08333,-32.58333],[-63.08333,-32.625],[-63,-32.625],[-63,-32.58333],[-62.79167,-32.58333],[-62.79167,-32.66667],[-62.66667,-32.66667],[-62.66667,-32.70833],[-62.58333,-32.70833],[-62.58333,-32.75],[-62.54167,-32.75],[-62.54167,-32.79167],[-62.5,-32.79167],[-62.5,-32.83333],[-62.45833,-32.83333],[-62.45833,-32.875],[-62.375,-32.875],[-62.375,-32.95833],[-62.16667,-32.95833],[-62.16667,-33],[-61.91667,-33],[-61.91667,-33.04167],[-61.875,-33.04167],[-61.875,-33.08333],[-61.79167,-33.08333],[-61.79167,-33.125],[-61.66667,-33.125],[-61.66667,-33.16667],[-61.58333,-33.16667],[-61.58333,-33.125],[-61.41667,-33.125],[-61.41667,-33.16667],[-61.25,-33.16667],[-61.25,-33.20833],[-61.20833,-33.20833],[-61.20833,-33.29167],[-61.04167,-33.29167],[-61.04167,-33.33333],[-60.95833,-33.33333],[-60.95833,-33.375],[-60.91667,-33.375],[-60.91667,-33.41667],[-60.79167,-33.41667],[-60.79167,-33.45833],[-60.70833,-33.45833],[-60.70833,-33.5],[-60.625,-33.5],[-60.625,-33.54167],[-60.54167,-33.54167],[-60.54167,-33.58333],[-60.5,-33.58333],[-60.5,-33.66667],[-60.375,-33.66667],[-60.375,-33.75],[-60.33333,-33.75],[-60.33333,-33.79167],[-60.29167,-33.79167],[-60.29167,-33.875],[-60.25,-33.875],[-60.25,-33.95833],[-60.29167,-33.95833],[-60.29167,-34.04167],[-60.25,-34.04167],[-60.25,-34.20833],[-60.29167,-34.20833],[-60.29167,-34.25],[-60.33333,-34.25],[-60.33333,-34.33333],[-60.29167,-34.33333],[-60.29167,-34.54167],[-60.33333,-34.54167],[-60.33333,-34.83333],[-60.29167,-34.83333],[-60.29167,-35.08333],[-60.25,-35.08333],[-60.25,-35.125],[-60.20833,-35.125],[-60.20833,-35.16667],[-60.16667,-35.16667],[-60.16667,-35.20833],[-60.125,-35.20833],[-60.125,-35.29167],[-60.08333,-35.29167],[-60.08333,-35.33333],[-60,-35.33333],[-60,-35.375],[-59.95833,-35.375],[-59.95833,-35.41667],[-59.91667,-35.41667],[-59.91667,-35.45833],[-59.875,-35.45833],[-59.875,-35.5],[-59.70833,-35.5],[-59.70833,-35.54167],[-59,-35.54167],[-59,-35.5],[-58.91667,-35.5],[-58.91667,-35.45833],[-58.875,-35.45833],[-58.875,-35.5],[-58.79167,-35.5],[-58.79167,-35.45833],[-58.75,-35.45833],[-58.75,-35.41667],[-58.70833,-35.41667],[-58.70833,-35.375],[-58.58333,-35.375],[-58.58333,-35.33333],[-58.5,-35.33333],[-58.5,-35.29167],[-58.375,-35.29167],[-58.375,-35.25],[-58.20833,-35.25],[-58.20833,-35.20833],[-58.16667,-35.20833],[-58.16667,-35.16667],[-58.08333,-35.16667],[-58.08333,-35.125],[-58.04167,-35.125],[-58.04167,-35.08333],[-58,-35.08333],[-58,-35.04167],[-57.79167,-35.04167],[-57.79167,-35.08333],[-57.70833,-35.08333],[-57.70833,-35.125],[-57.58333,-35.125],[-57.58333,-35.16667],[-57.45833,-35.16667],[-57.45833,-35.20833],[-57.33333,-35.20833],[-57.33333,-35.25],[-57.29167,-35.25],[-57.29167,-35.16667],[-57.375,-35.16667],[-57.375,-35.125],[-57.41667,-35.125],[-57.41667,-35.08333],[-57.45833,-35.08333],[-57.45833,-35.04167],[-57.5,-35.04167],[-57.5,-35],[-57.625,-35],[-57.625,-34.95833],[-57.66667,-34.95833],[-57.66667,-34.91667],[-57.79167,-34.91667],[-57.79167,-34.875],[-57.83333,-34.875],[-57.83333,-34.83333],[-57.95833,-34.83333],[-57.95833,-34.79167],[-58.08333,-34.79167],[-58.08333,-34.75],[-58.20833,-34.75],[-58.20833,-34.70833],[-58.25,-34.70833],[-58.25,-34.66667],[-58.33333,-34.66667],[-58.33333,-34.58333],[-58.41667,-34.58333],[-58.41667,-34.54167],[-58.45833,-34.54167],[-58.45833,-34.5],[-58.5,-34.5],[-58.5,-34.375],[-58.45833,-34.375],[-58.45833,-34.33333],[-58.5,-34.33333],[-58.5,-34.29167],[-58.45833,-34.29167],[-58.45833,-34.25],[-58.41667,-34.25],[-58.41667,-34.20833],[-58.375,-34.20833],[-58.375,-33.95833],[-58.41667,-33.95833],[-58.41667,-33.70833],[-58.45833,-33.70833],[-58.45833,-33.79167],[-58.5,-33.79167],[-58.5,-33.75],[-58.54167,-33.75],[-58.54167,-33.625],[-58.5,-33.625],[-58.5,-33.41667],[-58.45833,-33.41667],[-58.45833,-33.375],[-58.41667,-33.375],[-58.41667,-33.16667],[-58.375,-33.16667],[-58.375,-33.08333],[-58.33333,-33.08333],[-58.33333,-33.125],[-58.25,-33.125],[-58.25,-33.08333],[-58.16667,-33.08333],[-58.16667,-33.04167],[-58.08333,-33.04167],[-58.08333,-33],[-58.125,-33],[-58.125,-32.75],[-58.16667,-32.75],[-58.16667,-32.5],[-58.20833,-32.5],[-58.20833,-32.41667],[-58.16667,-32.41667],[-58.16667,-32.33333],[-58.125,-32.33333],[-58.125,-32.29167],[-58.08333,-32.29167],[-58.08333,-32.25],[-58.125,-32.25],[-58.125,-32.20833],[-58.16667,-32.20833],[-58.16667,-32.08333],[-58.125,-32.08333],[-58.125,-32],[-58.16667,-32],[-58.16667,-31.91667],[-58.20833,-31.91667],[-58.20833,-31.83333],[-58.08333,-31.83333],[-58.08333,-31.79167],[-58.04167,-31.79167],[-58.04167,-31.70833],[-58,-31.70833],[-58,-31.5],[-58.08333,-31.5],[-58.08333,-31.41667],[-58,-31.41667],[-58,-31.33333],[-57.95833,-31.33333],[-57.95833,-31.29167],[-57.91667,-31.29167],[-57.91667,-31.08333],[-57.875,-31.08333],[-57.875,-30.95833],[-57.91667,-30.95833],[-57.91667,-30.91667],[-57.83333,-30.91667],[-57.83333,-30.875],[-57.79167,-30.875],[-57.79167,-30.70833],[-57.83333,-30.70833],[-57.83333,-30.625],[-57.875,-30.625],[-57.875,-30.45833],[-57.79167,-30.45833],[-57.79167,-30.41667],[-57.70833,-30.41667],[-57.70833,-30.375],[-57.66667,-30.375],[-57.66667,-30.33333],[-57.625,-30.33333],[-57.625,-30.20833],[-57.66667,-30.20833],[-57.66667,-30.16667],[-57.5,-30.16667],[-57.5,-30.125],[-57.45833,-30.125],[-57.45833,-30.08333],[-57.41667,-30.08333],[-57.41667,-30.04167],[-57.375,-30.04167],[-57.375,-30],[-57.33333,-30],[-57.33333,-29.875],[-57.29167,-29.875],[-57.29167,-29.79167],[-57.125,-29.79167],[-57.125,-29.75],[-57.08333,-29.75],[-57.08333,-29.70833],[-57.04167,-29.70833],[-57.04167,-29.66667],[-57,-29.66667],[-57,-29.625],[-56.95833,-29.625],[-56.95833,-29.58333],[-56.91667,-29.58333],[-56.91667,-29.54167],[-56.875,-29.54167],[-56.875,-29.5],[-56.79167,-29.5],[-56.79167,-29.375],[-56.70833,-29.375],[-56.70833,-29.33333],[-56.66667,-29.33333],[-56.66667,-29.20833],[-56.625,-29.20833],[-56.625,-29.16667],[-56.58333,-29.16667],[-56.58333,-29.125],[-56.54167,-29.125],[-56.54167,-29.08333],[-56.41667,-29.08333],[-56.41667,-28.95833],[-56.45833,-28.95833],[-56.45833,-28.875],[-56.70833,-28.875],[-56.70833,-28.83333],[-56.79167,-28.83333],[-56.79167,-28.79167],[-56.83333,-28.79167],[-56.83333,-28.75],[-56.95833,-28.75],[-56.95833,-28.70833],[-57.20833,-28.70833],[-57.20833,-28.66667],[-57.25,-28.66667],[-57.25,-28.625],[-57.41667,-28.625],[-57.41667,-28.66667],[-57.66667,-28.66667],[-57.66667,-28.625],[-57.70833,-28.625],[-57.70833,-28.66667],[-57.83333,-28.66667],[-57.83333,-28.70833],[-57.875,-28.70833],[-57.875,-28.66667],[-58.04167,-28.66667],[-58.04167,-28.625],[-58.08333,-28.625],[-58.08333,-28.58333],[-58.04167,-28.58333],[-58.04167,-28.54167],[-58.125,-28.54167],[-58.125,-28.58333],[-58.20833,-28.58333],[-58.20833,-28.625],[-58.29167,-28.625],[-58.29167,-28.66667],[-58.33333,-28.66667],[-58.33333,-28.625],[-58.375,-28.625],[-58.375,-28.58333],[-58.45833,-28.58333],[-58.45833,-28.625],[-58.58333,-28.625],[-58.58333,-28.58333],[-58.70833,-28.58333],[-58.70833,-28.625],[-58.79167,-28.625],[-58.79167,-28.66667],[-58.875,-28.66667],[-58.875,-28.70833],[-58.91667,-28.70833],[-58.91667,-28.66667],[-59.04167,-28.66667],[-59.04167,-28.70833],[-59.08333,-28.70833],[-59.08333,-28.75],[-59.125,-28.75],[-59.125,-28.83333],[-59.16667,-28.83333],[-59.16667,-28.625],[-59.25,-28.625],[-59.25,-28.54167],[-59.29167,-28.54167],[-59.29167,-28.20833],[-59.33333,-28.20833],[-59.33333,-28.08333],[-59.375,-28.08333],[-59.375,-27.95833],[-59.41667,-27.95833],[-59.41667,-27.91667],[-59.5,-27.91667],[-59.5,-27.875],[-59.54167,-27.875],[-59.54167,-27.79167],[-59.58333,-27.79167],[-59.58333,-27.70833],[-59.625,-27.70833],[-59.625,-27.66667],[-59.70833,-27.66667],[-59.70833,-27.625],[-59.75,-27.625],[-59.75,-27.58333],[-59.79167,-27.58333],[-59.79167,-27.54167],[-59.83333,-27.54167],[-59.83333,-27.45833],[-59.875,-27.45833],[-59.875,-27.41667],[-59.95833,-27.41667],[-59.95833,-27.375],[-60.08333,-27.375],[-60.08333,-27.33333],[-60.125,-27.33333],[-60.125,-27.29167],[-60.25,-27.29167],[-60.25,-27.25],[-60.33333,-27.25],[-60.33333,-27.20833],[-60.375,-27.20833],[-60.375,-27.16667],[-60.45833,-27.16667],[-60.45833,-27.125],[-60.625,-27.125],[-60.625,-27.08333],[-60.70833,-27.08333],[-60.70833,-27.04167],[-60.875,-27.04167],[-60.875,-27],[-61,-27],[-61,-27.04167],[-61.20833,-27.04167],[-61.20833,-27],[-61.29167,-27],[-61.29167,-27.04167],[-61.45833,-27.04167],[-61.45833,-27.08333],[-61.58333,-27.08333],[-61.58333,-27.04167],[-61.625,-27.04167],[-61.625,-27],[-61.66667,-27],[-61.66667,-26.95833],[-61.875,-26.95833],[-61.875,-27.08333],[-61.95833,-27.08333],[-61.95833,-27],[-62,-27],[-62,-26.95833],[-62.04167,-26.95833],[-62.04167,-26.91667],[-62.08333,-26.91667],[-62.08333,-26.95833],[-62.125,-26.95833],[-62.125,-27],[-62.25,-27],[-62.25,-27.04167],[-62.33333,-27.04167],[-62.33333,-27],[-62.375,-27],[-62.375,-27.04167],[-62.58333,-27.04167],[-62.58333,-27],[-62.625,-27],[-62.625,-26.95833],[-62.66667,-26.95833],[-62.66667,-27.04167],[-62.79167,-27.04167],[-62.79167,-27],[-62.91667,-27],[-62.91667,-26.95833],[-62.95833,-26.95833],[-62.95833,-26.91667],[-63,-26.91667],[-63,-26.875],[-63.04167,-26.875],[-63.04167,-26.83333],[-63.08333,-26.83333],[-63.08333,-26.79167],[-63.125,-26.79167],[-63.125,-26.75],[-63.16667,-26.75],[-63.16667,-26.70833],[-63.20833,-26.70833],[-63.20833,-26.66667],[-63.25,-26.66667],[-63.25,-26.625],[-63.29167,-26.625],[-63.29167,-26.58333],[-63.33333,-26.58333],[-63.33333,-26.54167],[-63.375,-26.54167],[-63.375,-26.375],[-63.41667,-26.375],[-63.41667,-26.25],[-63.45833,-26.25],[-63.45833,-26.20833],[-63.5,-26.20833],[-63.5,-26],[-63.54167,-26],[-63.54167,-25.75],[-63.58333,-25.75],[-63.58333,-25.625],[-63.625,-25.625],[-63.625,-25.58333],[-63.66667,-25.58333],[-63.66667,-25.54167],[-63.70833,-25.54167],[-63.70833,-25.5],[-63.75,-25.5],[-63.75,-25.33333],[-63.66667,-25.33333],[-63.66667,-25.29167],[-63.70833,-25.29167],[-63.70833,-25.20833],[-63.75,-25.20833],[-63.75,-25.16667],[-63.83333,-25.16667],[-63.83333,-25.08333],[-63.875,-25.08333],[-63.875,-25.04167],[-63.95833,-25.04167],[-63.95833,-25],[-64,-25],[-64,-24.875],[-64.04167,-24.875],[-64.04167,-24.75],[-64.08333,-24.75],[-64.08333,-24.66667],[-64.125,-24.66667],[-64.125,-24.625],[-64.16667,-24.625],[-64.16667,-24.45833],[-64.125,-24.45833],[-64.125,-24],[-64.16667,-24],[-64.16667,-23.95833],[-64.20833,-23.95833],[-64.20833,-23.91667],[-64.25,-23.91667],[-64.25,-23.875],[-64.29167,-23.875],[-64.29167,-23.83333],[-64.45833,-23.83333],[-64.45833,-23.75],[-64.5,-23.75],[-64.5,-23.79167],[-64.54167,-23.79167],[-64.54167,-23.83333],[-64.58333,-23.83333],[-64.58333,-23.875],[-64.625,-23.875],[-64.625,-23.91667],[-64.70833,-23.91667],[-64.70833,-23.875],[-64.79167,-23.875],[-64.79167,-23.83333],[-64.75,-23.83333],[-64.75,-23.75],[-64.625,-23.75],[-64.625,-23.70833],[-64.58333,-23.70833],[-64.58333,-23.625],[-64.54167,-23.625],[-64.54167,-23.54167],[-64.5,-23.54167],[-64.5,-23.41667],[-64.54167,-23.41667],[-64.54167,-23.25],[-64.5,-23.25],[-64.5,-23.125],[-64.58333,-23.125],[-64.58333,-23.08333],[-64.5,-23.08333],[-64.5,-22.95833],[-64.54167,-22.95833],[-64.54167,-22.83333],[-64.58333,-22.83333],[-64.58333,-22.79167],[-64.625,-22.79167],[-64.625,-22.75],[-64.58333,-22.75],[-64.58333,-22.70833],[-64.5,-22.70833],[-64.5,-22.625],[-64.45833,-22.625],[-64.45833,-22.5],[-64.54167,-22.5],[-64.54167,-22.45833],[-64.58333,-22.45833],[-64.58333,-22.41667],[-64.625,-22.41667],[-64.625,-22.33333],[-64.58333,-22.33333],[-64.58333,-22.20833],[-64.75,-22.20833],[-64.75,-22.16667],[-64.83333,-22.16667],[-64.83333,-22.125],[-64.91667,-22.125]],[[-65.25,-24],[-65.16667,-24],[-65.16667,-24.04167],[-65.25,-24.04167],[-65.25,-24]],[[-65.375,-24.04167],[-65.33333,-24.04167],[-65.33333,-24.125],[-65.375,-24.125],[-65.375,-24.04167]],[[-64.5,-24.08333],[-64.45833,-24.08333],[-64.45833,-24.25],[-64.5,-24.25],[-64.5,-24.20833],[-64.54167,-24.20833],[-64.54167,-24.16667],[-64.5,-24.16667],[-64.5,-24.08333]],[[-65.08333,-24.16667],[-65.04167,-24.16667],[-65.04167,-24.20833],[-65.08333,-24.20833],[-65.08333,-24.16667]],[[-64.41667,-24.33333],[-64.375,-24.33333],[-64.375,-24.375],[-64.41667,-24.375],[-64.41667,-24.33333]],[[-64.45833,-24.41667],[-64.41667,-24.41667],[-64.41667,-24.45833],[-64.45833,-24.45833],[-64.45833,-24.41667]],[[-64.54167,-24.45833],[-64.5,-24.45833],[-64.5,-24.54167],[-64.54167,-24.54167],[-64.54167,-24.45833]],[[-64.79167,-24.70833],[-64.75,-24.70833],[-64.75,-24.75],[-64.79167,-24.75],[-64.79167,-24.70833]],[[-65.29167,-25.08333],[-65.25,-25.08333],[-65.25,-25.20833],[-65.29167,-25.20833],[-65.29167,-25.08333]],[[-65.29167,-25.75],[-65.25,-25.75],[-65.25,-25.83333],[-65.29167,-25.83333],[-65.29167,-25.875],[-65.33333,-25.875],[-65.33333,-25.79167],[-65.29167,-25.79167],[-65.29167,-25.75]],[[-65.41667,-25.83333],[-65.375,-25.83333],[-65.375,-25.875],[-65.41667,-25.875],[-65.41667,-25.83333]],[[-64.91667,-25.95833],[-64.875,-25.95833],[-64.875,-26],[-64.83333,-26],[-64.83333,-26.125],[-64.875,-26.125],[-64.875,-26.20833],[-64.91667,-26.20833],[-64.91667,-25.95833]],[[-64.95833,-26.20833],[-64.91667,-26.20833],[-64.91667,-26.25],[-64.95833,-26.25],[-64.95833,-26.20833]],[[-65.08333,-26.25],[-65,-26.25],[-65,-26.375],[-65.08333,-26.375],[-65.08333,-26.25]],[[-64.875,-26.375],[-64.83333,-26.375],[-64.83333,-26.41667],[-64.875,-26.41667],[-64.875,-26.375]],[[-65.58333,-28.20833],[-65.54167,-28.20833],[-65.54167,-28.25],[-65.45833,-28.25],[-65.45833,-28.29167],[-65.41667,-28.29167],[-65.41667,-28.375],[-65.45833,-28.375],[-65.45833,-28.5],[-65.5,-28.5],[-65.5,-28.625],[-65.54167,-28.625],[-65.54167,-28.79167],[-65.58333,-28.79167],[-65.58333,-28.83333],[-65.54167,-28.83333],[-65.54167,-29.16667],[-65.58333,-29.16667],[-65.58333,-29.08333],[-65.625,-29.08333],[-65.625,-28.95833],[-65.66667,-28.95833],[-65.66667,-28.875],[-65.70833,-28.875],[-65.70833,-28.70833],[-65.66667,-28.70833],[-65.66667,-28.58333],[-65.625,-28.58333],[-65.625,-28.45833],[-65.58333,-28.45833],[-65.58333,-28.20833]],[[-66.66667,-28.75],[-66.625,-28.75],[-66.625,-28.83333],[-66.66667,-28.83333],[-66.66667,-28.75]],[[-66.5,-30.33333],[-66.45833,-30.33333],[-66.45833,-30.375],[-66.41667,-30.375],[-66.41667,-30.41667],[-66.375,-30.41667],[-66.375,-30.5],[-66.33333,-30.5],[-66.33333,-30.54167],[-66.29167,-30.54167],[-66.29167,-30.75],[-66.375,-30.75],[-66.375,-30.66667],[-66.41667,-30.66667],[-66.41667,-30.70833],[-66.45833,-30.70833],[-66.45833,-30.75],[-66.5,-30.75],[-66.5,-30.79167],[-66.41667,-30.79167],[-66.41667,-31],[-66.375,-31],[-66.375,-31.08333],[-66.41667,-31.08333],[-66.41667,-31.16667],[-66.5,-31.16667],[-66.5,-31.20833],[-66.54167,-31.20833],[-66.54167,-31.16667],[-66.58333,-31.16667],[-66.58333,-31.25],[-66.66667,-31.25],[-66.66667,-31.20833],[-66.75,-31.20833],[-66.75,-30.875],[-66.66667,-30.875],[-66.66667,-30.83333],[-66.625,-30.83333],[-66.625,-30.79167],[-66.66667,-30.79167],[-66.66667,-30.66667],[-66.625,-30.66667],[-66.625,-30.58333],[-66.58333,-30.58333],[-66.58333,-30.625],[-66.54167,-30.625],[-66.54167,-30.70833],[-66.5,-30.70833],[-66.5,-30.66667],[-66.45833,-30.66667],[-66.45833,-30.625],[-66.5,-30.625],[-66.5,-30.33333]],[[-63.95833,-32.29167],[-63.91667,-32.29167],[-63.91667,-32.33333],[-63.95833,-32.33333],[-63.95833,-32.29167]],[[-67.04167,-32.54167],[-67,-32.54167],[-67,-32.625],[-67.04167,-32.625],[-67.04167,-32.54167]],[[-66.91667,-32.875],[-66.875,-32.875],[-66.875,-32.91667],[-66.83333,-32.91667],[-66.83333,-32.95833],[-66.91667,-32.95833],[-66.91667,-32.875]]]}},{"type":"Feature","properties":{"fid":160,"class_id":1},"geometry":{"type":"Polygon","coordinates":[[[-70.25,-36.04167],[-70.25,-36.08333],[-70.16667,-36.08333],[-70.16667,-36.04167],[-70.25,-36.04167]]]}},{"type":"Feature","properties":{"fid":161,"class_id":1},"geometry":{"type":"Polygon","coordinates":[[[-70.20833,-36.125],[-70.20833,-36.20833],[-70.125,-36.20833],[-70.125,-36.16667],[-70.16667,-36.16667],[-70.16667,-36.125],[-70.20833,-36.125]]]}},{"type":"Feature","properties":{"fid":162,"class_id":1},"geometry":{"type":"Polygon","coordinates":[[[-70.125,-36.25],[-70.125,-36.29167],[-70.08333,-36.29167],[-70.08333,-36.25],[-70.125,-36.25]]]}},{"type":"Feature","properties":{"fid":163,"class_id":1},"geometry":{"type":"Polygon","coordinates":[[[-70.08333,-36.29167],[-70.08333,-36.33333],[-70.04167,-36.33333],[-70.04167,-36.29167],[-70.08333,-36.29167]]]}},{"type":"Feature","properties":{"fid":164,"class_id":1},"geometry":{"type":"Polygon","coordinates":[[[-69.16667,-36.375],[-69.16667,-36.41667],[-69.125,-36.41667],[-69.125,-36.375],[-69.16667,-36.375]]]}},{"type":"Feature","properties":{"fid":165,"class_id":1},"geometry":{"type":"Polygon","coordinates":[[[-69.25,-36.375],[-69.25,-36.45833],[-69.20833,-36.45833],[-69.20833,-36.375],[-69.25,-36.375]]]}},{"type":"Feature","properties":{"fid":166,"class_id":1},"geometry":{"type":"Polygon","coordinates":[[[-70.33333,-36.625],[-70.33333,-36.66667],[-70.29167,-36.66667],[-70.29167,-36.625],[-70.33333,-36.625]]]}},{"type":"Feature","properties":{"fid":167,"class_id":1},"geometry":{"type":"Polygon","coordinates":[[[-70.45833,-36.54167],[-70.45833,-36.58333],[-70.5,-36.58333],[-70.5,-36.66667],[-70.45833,-36.66667],[-70.45833,-36.70833],[-70.375,-36.70833],[-70.375,-36.625],[-70.33333,-36.625],[-70.33333,-36.58333],[-70.41667,-36.58333],[-70.41667,-36.54167],[-70.45833,-36.54167]]]}},{"type":"Feature","properties":{"fid":168,"class_id":2},"geometry":{"type":"Polygon","coordinates":[[[-71.20833,-36.95833],[-71.20833,-37],[-71.16667,-37],[-71.16667,-36.95833],[-71.20833,-36.95833]]]}},{"type":"Feature","properties":{"fid":169,"class_id":1},"geometry":{"type":"Polygon","coordinates":[[[-70.08333,-37.125],[-70.08333,-37.16667],[-70,-37.16667],[-70,-37.125],[-70.08333,-37.125]]]}},{"type":"Feature","properties":{"fid":170,"class_id":2},"geometry":{"type":"Polygon","coordinates":[[[-68.58333,-37.25],[-68.58333,-37.29167],[-68.54167,-37.29167],[-68.54167,-37.25],[-68.58333,-37.25]]]}},{"type":"Feature","properties":{"fid":171,"class_id":3},"geometry":{"type":"Polygon","coordinates":[[[-70.33333,-37.54167],[-70.33333,-37.58333],[-70.29167,-37.58333],[-70.29167,-37.54167],[-70.33333,-37.54167]]]}},{"type":"Feature","properties":{"fid":172,"class_id":2},"geometry":{"type":"Polygon","coordinates":[[[-70.08333,-37.625],[-70.08333,-37.66667],[-70.04167,-37.66667],[-70.04167,-37.625],[-70.08333,-37.625]]]}},{"type":"Feature","properties":{"fid":173,"class_id":3},"geometry":{"type":"Polygon","coordinates":[[[-70.25,-37.70833],[-70.25,-37.75],[-70.20833,-37.75],[-70.20833,-37.70833],[-70.25,-37.70833]]]}},{"type":"Feature","properties":{"fid":174,"class_id":2},"geometry":{"type":"Polygon","coordinates":[[[-70,-37.70833],[-70,-37.79167],[-69.91667,-37.79167],[-69.91667,-37.75],[-69.95833,-37.75],[-69.95833,-37.70833],[-70,-37.70833]]]}},{"type":"Feature","properties":{"fid":175,"class_id":2},"geometry":{"type":"Polygon","coordinates":[[[-69.25,-37.41667],[-69.25,-37.5],[-69.29167,-37.5],[-69.29167,-37.54167],[-69.08333,-37.54167],[-69.08333,-37.58333],[-69.125,-37.58333],[-69.125,-37.66667],[-69.16667,-37.66667],[-69.16667,-37.70833],[-69.125,-37.70833],[-69.125,-37.79167],[-69.04167,-37.79167],[-69.04167,-37.83333],[-69,-37.83333],[-69,-37.875],[-68.95833,-37.875],[-68.95833,-37.83333],[-68.875,-37.83333],[-68.875,-37.875],[-68.75,-37.875],[-68.75,-37.83333],[-68.70833,-37.83333],[-68.70833,-37.79167],[-68.66667,-37.79167],[-68.66667,-37.66667],[-68.70833,-37.66667],[-68.70833,-37.625],[-68.75,-37.625],[-68.75,-37.58333],[-68.83333,-37.58333],[-68.83333,-37.54167],[-69,-37.54167],[-69,-37.5],[-69.04167,-37.5],[-69.04167,-37.45833],[-69.20833,-37.45833],[-69.20833,-37.41667],[-69.25,-37.41667]]]}},{"type":"Feature","properties":{"fid":176,"class_id":2},"geometry":{"type":"Polygon","coordinates":[[[-69.83333,-38.41667],[-69.83333,-38.45833],[-69.70833,-38.45833],[-69.70833,-38.41667],[-69.83333,-38.41667]]]}},{"type":"Feature","properties":{"fid":177,"class_id":2},"geometry":{"type":"Polygon","coordinates":[[[-69.54167,-38.54167],[-69.54167,-38.58333],[-69.5,-38.58333],[-69.5,-38.54167],[-69.54167,-38.54167]]]}},{"type":"Feature","properties":{"fid":178,"class_id":2},"geometry":{"type":"Polygon","coordinates":[[[-68.875,-38.70833],[-68.875,-38.79167],[-68.91667,-38.79167],[-68.91667,-38.875],[-68.83333,-38.875],[-68.83333,-38.83333],[-68.79167,-38.83333],[-68.79167,-38.70833],[-68.875,-38.70833]]]}},{"type":"Feature","properties":{"fid":179,"class_id":3},"geometry":{"type":"Polygon","coordinates":[[[-62.16667,-39.29167],[-62.16667,-39.33333],[-62.125,-39.33333],[-62.125,-39.375],[-62.04167,-39.375],[-62.04167,-39.33333],[-62.08333,-39.33333],[-62.08333,-39.29167],[-62.16667,-39.29167]]]}},{"type":"Feature","properties":{"fid":180,"class_id":3},"geometry":{"type":"Polygon","coordinates":[[[-68.20833,-39.58333],[-68.20833,-39.625],[-68.33333,-39.625],[-68.33333,-39.66667],[-68.16667,-39.66667],[-68.16667,-39.625],[-68.125,-39.625],[-68.125,-39.58333],[-68.20833,-39.58333]]]}},{"type":"Feature","properties":{"fid":181,"class_id":3},"geometry":{"type":"Polygon","coordinates":[[[-70.04167,-40.04167],[-70.04167,-40.08333],[-70,-40.08333],[-70,-40.04167],[-70.04167,-40.04167]]]}},{"type":"Feature","properties":{"fid":182,"class_id":3},"geometry":{"type":"Polygon","coordinates":[[[-70,-40.08333],[-70,-40.125],[-69.95833,-40.125],[-69.95833,-40.08333],[-70,-40.08333]]]}},{"type":"Feature","properties":{"fid":183,"class_id":3},"geometry":{"type":"Polygon","coordinates":[[[-67.5,-40.54167],[-67.5,-40.58333],[-67.41667,-40.58333],[-67.41667,-40.54167],[-67.5,-40.54167]]]}},{"type":"Feature","properties":{"fid":184,"class_id":2},"geometry":{"type":"Polygon","coordinates":[[[-67,-40.75],[-67,-40.79167],[-66.95833,-40.79167],[-66.95833,-40.75],[-67,-40.75]]]}},{"type":"Feature","properties":{"fid":185,"class_id":2},"geometry":{"type":"Polygon","coordinates":[[[-66.66667,-40.875],[-66.66667,-40.91667],[-66.625,-40.91667],[-66.625,-40.875],[-66.66667,-40.875]]]}},{"type":"Feature","properties":{"fid":186,"class_id":3},"geometry":{"type":"Polygon","coordinates":[[[-71.54167,-42.04167],[-71.54167,-42.08333],[-71.5,-42.08333],[-71.5,-42.04167],[-71.54167,-42.04167]]]}},{"type":"Feature","properties":{"fid":187,"class_id":3},"geometry":{"type":"Polygon","coordinates":[[[-71.66667,-42.08333],[-71.66667,-42.125],[-71.625,-42.125],[-71.625,-42.08333],[-71.66667,-42.08333]]]}},{"type":"Feature","properties":{"fid":188,"class_id":3},"geometry":{"type":"Polygon","coordinates":[[[-71.66667,-42.16667],[-71.66667,-42.20833],[-71.625,-42.20833],[-71.625,-42.16667],[-71.66667,-42.16667]]]}},{"type":"Feature","properties":{"fid":189,"class_id":3},"geometry":{"type":"Polygon","coordinates":[[[-71.70833,-42.20833],[-71.70833,-42.25],[-71.66667,-42.25],[-71.66667,-42.20833],[-71.70833,-42.20833]]]}},{"type":"Feature","properties":{"fid":190,"class_id":3},"geometry":{"type":"Polygon","coordinates":[[[-67.91667,-43.79167],[-67.91667,-43.83333],[-67.875,-43.83333],[-67.875,-43.79167],[-67.91667,-43.79167]]]}},{"type":"Feature","properties":{"fid":191,"class_id":2},"geometry":{"type":"Polygon","coordinates":[[[-67.29167,-43.54167],[-67.29167,-43.58333],[-67.375,-43.58333],[-67.375,-43.625],[-67.29167,-43.625],[-67.29167,-43.66667],[-67.25,-43.66667],[-67.25,-43.70833],[-67.20833,-43.70833],[-67.20833,-43.79167],[-67.125,-43.79167],[-67.125,-43.83333],[-67.08333,-43.83333],[-67.08333,-43.875],[-67,-43.875],[-67,-43.91667],[-66.91667,-43.91667],[-66.91667,-43.875],[-66.83333,-43.875],[-66.83333,-43.83333],[-66.75,-43.83333],[-66.75,-43.79167],[-66.625,-43.79167],[-66.625,-43.75],[-66.70833,-43.75],[-66.70833,-43.70833],[-66.79167,-43.70833],[-66.79167,-43.625],[-66.91667,-43.625],[-66.91667,-43.58333],[-67,-43.58333],[-67,-43.54167],[-67.04167,-43.54167],[-67.04167,-43.58333],[-67.125,-43.58333],[-67.125,-43.625],[-67.20833,-43.625],[-67.20833,-43.58333],[-67.25,-43.58333],[-67.25,-43.54167],[-67.29167,-43.54167]]]}},{"type":"Feature","properties":{"fid":192,"class_id":3},"geometry":{"type":"Polygon","coordinates":[[[-68.16667,-43.70833],[-68.16667,-43.75],[-68.20833,-43.75],[-68.20833,-43.79167],[-68.25,-43.79167],[-68.25,-43.83333],[-68.33333,-43.83333],[-68.33333,-43.875],[-68.20833,-43.875],[-68.20833,-43.83333],[-68.16667,-43.83333],[-68.16667,-43.875],[-68,-43.875],[-68,-43.91667],[-67.95833,-43.91667],[-67.95833,-43.875],[-67.91667,-43.875],[-67.91667,-43.83333],[-68.04167,-43.83333],[-68.04167,-43.79167],[-68.125,-43.79167],[-68.125,-43.70833],[-68.16667,-43.70833]]]}},{"type":"Feature","properties":{"fid":193,"class_id":3},"geometry":{"type":"Polygon","coordinates":[[[-65.33333,-44.5],[-65.33333,-44.54167],[-65.29167,-44.54167],[-65.29167,-44.5],[-65.33333,-44.5]]]}},{"type":"Feature","properties":{"fid":194,"class_id":3},"geometry":{"type":"Polygon","coordinates":[[[-67.29167,-44.54167],[-67.29167,-44.625],[-67.16667,-44.625],[-67.16667,-44.58333],[-67.25,-44.58333],[-67.25,-44.54167],[-67.29167,-44.54167]]]}},{"type":"Feature","properties":{"fid":195,"class_id":3},"geometry":{"type":"Polygon","coordinates":[[[-67.33333,-44.625],[-67.33333,-44.66667],[-67.29167,-44.66667],[-67.29167,-44.625],[-67.33333,-44.625]]]}},{"type":"Feature","properties":{"fid":196,"class_id":3},"geometry":{"type":"Polygon","coordinates":[[[-67.45833,-45],[-67.45833,-45.04167],[-67.41667,-45.04167],[-67.41667,-45],[-67.45833,-45]]]}},{"type":"Feature","properties":{"fid":197,"class_id":3},"geometry":{"type":"Polygon","coordinates":[[[-67.5,-45.04167],[-67.5,-45.125],[-67.45833,-45.125],[-67.45833,-45.04167],[-67.5,-45.04167]]]}},{"type":"Feature","properties":{"fid":198,"class_id":2},"geometry":{"type":"Polygon","coordinates":[[[-68.25,-46.125],[-68.25,-46.16667],[-68.20833,-46.16667],[-68.20833,-46.125],[-68.25,-46.125]]]}},{"type":"Feature","properties":{"fid":199,"class_id":2},"geometry":{"type":"Polygon","coordinates":[[[-68.625,-46.41667],[-68.625,-46.45833],[-68.58333,-46.45833],[-68.58333,-46.41667],[-68.625,-46.41667]]]}},{"type":"Feature","properties":{"fid":200,"class_id":2},"geometry":{"type":"Polygon","coordinates":[[[-67.5,-46.70833],[-67.5,-46.75],[-67.45833,-46.75],[-67.45833,-46.70833],[-67.5,-46.70833]]]}},{"type":"Feature","properties":{"fid":201,"class_id":1},"geometry":{"type":"Polygon","coordinates":[[[-71.75,-46.91667],[-71.75,-47.08333],[-71.625,-47.08333],[-71.625,-47.04167],[-71.58333,-47.04167],[-71.58333,-47],[-71.66667,-47],[-71.66667,-46.95833],[-71.70833,-46.95833],[-71.70833,-46.91667],[-71.75,-46.91667]]]}},{"type":"Feature","properties":{"fid":202,"class_id":3},"geometry":{"type":"Polygon","coordinates":[[[-67.04167,-46.83333],[-67.04167,-46.875],[-67,-46.875],[-67,-46.91667],[-66.95833,-46.91667],[-66.95833,-46.95833],[-66.91667,-46.95833],[-66.91667,-47.04167],[-66.875,-47.04167],[-66.875,-47.08333],[-66.66667,-47.08333],[-66.66667,-47.125],[-66.625,-47.125],[-66.625,-47.08333],[-66.54167,-47.08333],[-66.54167,-47.04167],[-66.75,-47.04167],[-66.75,-47],[-66.83333,-47],[-66.83333,-46.95833],[-66.875,-46.95833],[-66.875,-46.91667],[-66.91667,-46.91667],[-66.91667,-46.875],[-66.95833,-46.875],[-66.95833,-46.83333],[-67.04167,-46.83333]]]}},{"type":"Feature","properties":{"fid":203,"class_id":3},"geometry":{"type":"Polygon","coordinates":[[[-68.91667,-47.04167],[-68.91667,-47.125],[-68.83333,-47.125],[-68.83333,-47.08333],[-68.79167,-47.08333],[-68.79167,-47.04167],[-68.91667,-47.04167]]]}},{"type":"Feature","properties":{"fid":204,"class_id":3},"geometry":{"type":"Polygon","coordinates":[[[-66.25,-47.08333],[-66.25,-47.125],[-66.20833,-47.125],[-66.20833,-47.08333],[-66.25,-47.08333]]]}},{"type":"Feature","properties":{"fid":205,"class_id":3},"geometry":{"type":"Polygon","coordinates":[[[-66.45833,-47.125],[-66.45833,-47.20833],[-66.375,-47.20833],[-66.375,-47.16667],[-66.33333,-47.16667],[-66.33333,-47.125],[-66.45833,-47.125]]]}},{"type":"Feature","properties":{"fid":206,"class_id":3},"geometry":{"type":"Polygon","coordinates":[[[-67.91667,-47.20833],[-67.91667,-47.25],[-67.875,-47.25],[-67.875,-47.20833],[-67.91667,-47.20833]]]}},{"type":"Feature","properties":{"fid":207,"class_id":2},"geometry":{"type":"Polygon","coordinates":[[[-68.5,-47.29167],[-68.5,-47.33333],[-68.45833,-47.33333],[-68.45833,-47.29167],[-68.5,-47.29167]]]}},{"type":"Feature","properties":{"fid":208,"class_id":3},"geometry":{"type":"Polygon","coordinates":[[[-66.16667,-47.08333],[-66.16667,-47.125],[-66.04167,-47.125],[-66.04167,-47.16667],[-66.08333,-47.16667],[-66.08333,-47.20833],[-65.95833,-47.20833],[-65.95833,-47.25],[-65.875,-47.25],[-65.875,-47.29167],[-65.79167,-47.29167],[-65.79167,-47.33333],[-65.75,-47.33333],[-65.75,-47.375],[-65.70833,-47.375],[-65.70833,-47.29167],[-65.75,-47.29167],[-65.75,-47.16667],[-65.83333,-47.16667],[-65.83333,-47.125],[-65.875,-47.125],[-65.875,-47.08333],[-66.16667,-47.08333]]]}},{"type":"Feature","properties":{"fid":209,"class_id":3},"geometry":{"type":"Polygon","coordinates":[[[-65.125,-22.79167],[-65.125,-22.95833],[-65.08333,-22.95833],[-65.08333,-23],[-65.04167,-23],[-65.04167,-22.95833],[-64.95833,-22.95833],[-64.95833,-23],[-65,-23],[-65,-23.04167],[-65.04167,-23.04167],[-65.04167,-23.08333],[-65,-23.08333],[-65,-23.25],[-64.95833,-23.25],[-64.95833,-23.33333],[-65.125,-23.33333],[-65.125,-23.375],[-65.08333,-23.375],[-65.08333,-23.45833],[-65.125,-23.45833],[-65.125,-23.41667],[-65.20833,-23.41667],[-65.20833,-23.54167],[-65.25,-23.54167],[-65.25,-23.70833],[-65.29167,-23.70833],[-65.29167,-23.75],[-65.33333,-23.75],[-65.33333,-23.79167],[-65.375,-23.79167],[-65.375,-23.83333],[-65.41667,-23.83333],[-65.41667,-23.66667],[-65.375,-23.66667],[-65.375,-23.625],[-65.33333,-23.625],[-65.33333,-23.5],[-65.29167,-23.5],[-65.29167,-23.29167],[-65.25,-23.29167],[-65.25,-23.125],[-65.29167,-23.125],[-65.29167,-22.95833],[-65.33333,-22.95833],[-65.33333,-22.91667],[-65.375,-22.91667],[-65.375,-23],[-65.41667,-23],[-65.41667,-23.29167],[-65.5,-23.29167],[-65.5,-23.33333],[-65.45833,-23.33333],[-65.45833,-23.375],[-65.41667,-23.375],[-65.41667,-23.45833],[-65.45833,-23.45833],[-65.45833,-23.625],[-65.58333,-23.625],[-65.58333,-23.75],[-65.54167,-23.75],[-65.54167,-24],[-65.58333,-24],[-65.58333,-24.04167],[-65.54167,-24.04167],[-65.54167,-24.125],[-65.58333,-24.125],[-65.58333,-24.20833],[-65.54167,-24.20833],[-65.54167,-24.45833],[-65.58333,-24.45833],[-65.58333,-24.5],[-65.625,-24.5],[-65.625,-24.58333],[-65.66667,-24.58333],[-65.66667,-24.70833],[-65.70833,-24.70833],[-65.70833,-24.625],[-65.79167,-24.625],[-65.79167,-24.54167],[-65.75,-24.54167],[-65.75,-24.5],[-65.79167,-24.5],[-65.79167,-24.375],[-65.83333,-24.375],[-65.83333,-24.41667],[-65.875,-24.41667],[-65.875,-24.45833],[-65.91667,-24.45833],[-65.91667,-24.41667],[-66,-24.41667],[-66,-24.45833],[-65.95833,-24.45833],[-65.95833,-24.5],[-65.91667,-24.5],[-65.91667,-24.58333],[-65.875,-24.58333],[-65.875,-24.70833],[-65.79167,-24.70833],[-65.79167,-24.75],[-65.95833,-24.75],[-65.95833,-24.66667],[-66.04167,-24.66667],[-66.04167,-24.70833],[-66,-24.70833],[-66,-24.75],[-66.04167,-24.75],[-66.04167,-24.79167],[-66.08333,-24.79167],[-66.08333,-24.83333],[-66.125,-24.83333],[-66.125,-24.79167],[-66.16667,-24.79167],[-66.16667,-24.625],[-66.20833,-24.625],[-66.20833,-24.91667],[-66.25,-24.91667],[-66.25,-24.95833],[-66.20833,-24.95833],[-66.20833,-25],[-66.25,-25],[-66.25,-25.08333],[-66.29167,-25.08333],[-66.29167,-25.125],[-66.25,-25.125],[-66.25,-25.16667],[-66.29167,-25.16667],[-66.29167,-25.20833],[-66.33333,-25.20833],[-66.33333,-25.16667],[-66.375,-25.16667],[-66.375,-25.25],[-66.41667,-25.25],[-66.41667,-25.16667],[-66.45833,-25.16667],[-66.45833,-25.25],[-66.5,-25.25],[-66.5,-25.375],[-66.45833,-25.375],[-66.45833,-25.54167],[-66.54167,-25.54167],[-66.54167,-25.66667],[-66.5,-25.66667],[-66.5,-25.70833],[-66.45833,-25.70833],[-66.45833,-25.79167],[-66.41667,-25.79167],[-66.41667,-25.91667],[-66.375,-25.91667],[-66.375,-25.95833],[-66.33333,-25.95833],[-66.33333,-26.04167],[-66.29167,-26.04167],[-66.29167,-26],[-66.25,-26],[-66.25,-25.95833],[-66.20833,-25.95833],[-66.20833,-25.83333],[-66.16667,-25.83333],[-66.16667,-25.91667],[-66.125,-25.91667],[-66.125,-25.95833],[-66.08333,-25.95833],[-66.08333,-26.04167],[-66.125,-26.04167],[-66.125,-26.08333],[-66.08333,-26.08333],[-66.08333,-26.125],[-66.04167,-26.125],[-66.04167,-26.29167],[-66.08333,-26.29167],[-66.08333,-26.45833],[-66.125,-26.45833],[-66.125,-26.58333],[-66.16667,-26.58333],[-66.16667,-26.66667],[-66.20833,-26.66667],[-66.20833,-26.58333],[-66.25,-26.58333],[-66.25,-26.41667],[-66.29167,-26.41667],[-66.29167,-26.54167],[-66.375,-26.54167],[-66.375,-26.58333],[-66.41667,-26.58333],[-66.41667,-26.625],[-66.45833,-26.625],[-66.45833,-26.70833],[-66.5,-26.70833],[-66.5,-26.79167],[-66.54167,-26.79167],[-66.54167,-26.83333],[-66.58333,-26.83333],[-66.58333,-26.875],[-66.54167,-26.875],[-66.54167,-26.95833],[-66.58333,-26.95833],[-66.58333,-27.04167],[-66.625,-27.04167],[-66.625,-26.91667],[-66.70833,-26.91667],[-66.70833,-26.875],[-66.75,-26.875],[-66.75,-26.91667],[-66.79167,-26.91667],[-66.79167,-26.95833],[-66.83333,-26.95833],[-66.83333,-27],[-66.875,-27],[-66.875,-26.91667],[-66.91667,-26.91667],[-66.91667,-26.875],[-66.95833,-26.875],[-66.95833,-27],[-67,-27],[-67,-27.04167],[-67.04167,-27.04167],[-67.04167,-27.16667],[-67.08333,-27.16667],[-67.08333,-27.20833],[-67.125,-27.20833],[-67.125,-27.25],[-67.16667,-27.25],[-67.16667,-27.33333],[-67.125,-27.33333],[-67.125,-27.41667],[-67.16667,-27.41667],[-67.16667,-27.5],[-67.20833,-27.5],[-67.20833,-27.54167],[-67.29167,-27.54167],[-67.29167,-27.625],[-67.33333,-27.625],[-67.33333,-27.66667],[-67.375,-27.66667],[-67.375,-27.625],[-67.41667,-27.625],[-67.41667,-27.66667],[-67.45833,-27.66667],[-67.45833,-27.54167],[-67.41667,-27.54167],[-67.41667,-27.41667],[-67.375,-27.41667],[-67.375,-27.33333],[-67.41667,-27.33333],[-67.41667,-27.25],[-67.33333,-27.25],[-67.33333,-27.20833],[-67.375,-27.20833],[-67.375,-27.16667],[-67.54167,-27.16667],[-67.54167,-27.125],[-67.58333,-27.125],[-67.58333,-27.08333],[-67.625,-27.08333],[-67.625,-27],[-67.66667,-27],[-67.66667,-26.95833],[-67.75,-26.95833],[-67.75,-26.91667],[-67.83333,-26.91667],[-67.83333,-26.95833],[-67.875,-26.95833],[-67.875,-27],[-67.91667,-27],[-67.91667,-27.125],[-67.875,-27.125],[-67.875,-27.16667],[-67.91667,-27.16667],[-67.91667,-27.33333],[-67.95833,-27.33333],[-67.95833,-27.5],[-67.91667,-27.5],[-67.91667,-27.625],[-67.95833,-27.625],[-67.95833,-27.66667],[-68,-27.66667],[-68,-27.70833],[-68.04167,-27.70833],[-68.04167,-27.79167],[-68,-27.79167],[-68,-27.75],[-67.91667,-27.75],[-67.91667,-27.79167],[-67.875,-27.79167],[-67.875,-27.83333],[-67.91667,-27.83333],[-67.91667,-27.875],[-67.95833,-27.875],[-67.95833,-27.91667],[-68,-27.91667],[-68,-27.875],[-68.08333,-27.875],[-68.08333,-27.95833],[-68.04167,-27.95833],[-68.04167,-28.08333],[-68,-28.08333],[-68,-28.04167],[-67.95833,-28.04167],[-67.95833,-28],[-67.875,-28],[-67.875,-28.04167],[-67.83333,-28.04167],[-67.83333,-28.125],[-67.79167,-28.125],[-67.79167,-28.16667],[-67.83333,-28.16667],[-67.83333,-28.29167],[-67.79167,-28.29167],[-67.79167,-28.66667],[-67.83333,-28.66667],[-67.83333,-28.70833],[-67.79167,-28.70833],[-67.79167,-28.79167],[-67.75,-28.79167],[-67.75,-28.83333],[-67.70833,-28.83333],[-67.70833,-28.875],[-67.66667,-28.875],[-67.66667,-28.91667],[-67.625,-28.91667],[-67.625,-29.04167],[-67.66667,-29.04167],[-67.66667,-29.08333],[-67.70833,-29.08333],[-67.70833,-29.16667],[-67.75,-29.16667],[-67.75,-29.25],[-67.70833,-29.25],[-67.70833,-29.29167],[-67.79167,-29.29167],[-67.79167,-29.20833],[-67.83333,-29.20833],[-67.83333,-29.25],[-67.91667,-29.25],[-67.91667,-29.16667],[-67.95833,-29.16667],[-67.95833,-28.625],[-67.91667,-28.625],[-67.91667,-28.375],[-67.875,-28.375],[-67.875,-28.33333],[-67.91667,-28.33333],[-67.91667,-28.25],[-67.95833,-28.25],[-67.95833,-28.20833],[-68.04167,-28.20833],[-68.04167,-28.25],[-68.08333,-28.25],[-68.08333,-28.33333],[-68.125,-28.33333],[-68.125,-28.41667],[-68.20833,-28.41667],[-68.20833,-28.29167],[-68.16667,-28.29167],[-68.16667,-28.25],[-68.20833,-28.25],[-68.20833,-28.20833],[-68.29167,-28.20833],[-68.29167,-28.25],[-68.375,-28.25],[-68.375,-28.29167],[-68.41667,-28.29167],[-68.41667,-28.375],[-68.54167,-28.375],[-68.54167,-28.29167],[-68.58333,-28.29167],[-68.58333,-28.41667],[-68.625,-28.41667],[-68.625,-28.45833],[-68.58333,-28.45833],[-68.58333,-28.5],[-68.66667,-28.5],[-68.66667,-28.54167],[-68.75,-28.54167],[-68.75,-28.66667],[-68.79167,-28.66667],[-68.79167,-28.75],[-68.75,-28.75],[-68.75,-28.79167],[-68.66667,-28.79167],[-68.66667,-28.83333],[-68.625,-28.83333],[-68.625,-28.875],[-68.5,-28.875],[-68.5,-29],[-68.45833,-29],[-68.45833,-29.04167],[-68.54167,-29.04167],[-68.54167,-29.08333],[-68.58333,-29.08333],[-68.58333,-29.125],[-68.70833,-29.125],[-68.70833,-29],[-68.75,-29],[-68.75,-28.95833],[-68.79167,-28.95833],[-68.79167,-29.16667],[-68.83333,-29.16667],[-68.83333,-29.25],[-68.875,-29.25],[-68.875,-29.45833],[-68.83333,-29.45833],[-68.83333,-29.5],[-68.79167,-29.5],[-68.79167,-29.54167],[-68.83333,-29.54167],[-68.83333,-29.58333],[-68.79167,-29.58333],[-68.79167,-29.66667],[-68.75,-29.66667],[-68.75,-29.70833],[-68.66667,-29.70833],[-68.66667,-29.75],[-68.79167,-29.75],[-68.79167,-29.79167],[-68.75,-29.79167],[-68.75,-29.83333],[-68.79167,-29.83333],[-68.79167,-29.95833],[-68.83333,-29.95833],[-68.83333,-30.04167],[-68.875,-30.04167],[-68.875,-30.125],[-68.91667,-30.125],[-68.91667,-30.16667],[-69,-30.16667],[-69,-30.04167],[-69.04167,-30.04167],[-69.04167,-29.95833],[-69.08333,-29.95833],[-69.08333,-29.79167],[-69.125,-29.79167],[-69.125,-29.66667],[-69.16667,-29.66667],[-69.16667,-29.83333],[-69.20833,-29.83333],[-69.20833,-29.91667],[-69.29167,-29.91667],[-69.29167,-30],[-69.33333,-30],[-69.33333,-30.45833],[-69.29167,-30.45833],[-69.29167,-30.54167],[-69.25,-30.54167],[-69.25,-30.5],[-69.20833,-30.5],[-69.20833,-30.45833],[-69.125,-30.45833],[-69.125,-30.41667],[-69.08333,-30.41667],[-69.08333,-30.33333],[-69,-30.33333],[-69,-30.29167],[-68.875,-30.29167],[-68.875,-30.54167],[-68.91667,-30.54167],[-68.91667,-30.58333],[-68.875,-30.58333],[-68.875,-30.625],[-68.91667,-30.625],[-68.91667,-30.66667],[-69,-30.66667],[-69,-31.04167],[-68.91667,-31.04167],[-68.91667,-31],[-68.875,-31],[-68.875,-31.04167],[-68.83333,-31.04167],[-68.83333,-31.33333],[-68.875,-31.33333],[-68.875,-31.375],[-68.83333,-31.375],[-68.83333,-31.41667],[-68.95833,-31.41667],[-68.95833,-31.29167],[-69.04167,-31.29167],[-69.04167,-31.20833],[-69.08333,-31.20833],[-69.08333,-31.25],[-69.16667,-31.25],[-69.16667,-31.20833],[-69.29167,-31.20833],[-69.29167,-31.16667],[-69.33333,-31.16667],[-69.33333,-31.20833],[-69.41667,-31.20833],[-69.41667,-31],[-69.54167,-31],[-69.54167,-30.91667],[-69.58333,-30.91667],[-69.58333,-31.125],[-69.54167,-31.125],[-69.54167,-31.20833],[-69.58333,-31.20833],[-69.58333,-31.29167],[-69.54167,-31.29167],[-69.54167,-31.33333],[-69.58333,-31.33333],[-69.58333,-31.41667],[-69.54167,-31.41667],[-69.54167,-31.66667],[-69.58333,-31.66667],[-69.58333,-31.79167],[-69.54167,-31.79167],[-69.54167,-31.75],[-69.41667,-31.75],[-69.41667,-31.54167],[-69.375,-31.54167],[-69.375,-31.29167],[-69.125,-31.29167],[-69.125,-31.375],[-69.04167,-31.375],[-69.04167,-31.45833],[-69.08333,-31.45833],[-69.08333,-31.5],[-69.04167,-31.5],[-69.04167,-31.58333],[-68.875,-31.58333],[-68.875,-31.70833],[-68.83333,-31.70833],[-68.83333,-31.75],[-68.875,-31.75],[-68.875,-32],[-68.91667,-32],[-68.91667,-32.04167],[-68.95833,-32.04167],[-68.95833,-32.29167],[-68.91667,-32.29167],[-68.91667,-32.375],[-68.95833,-32.375],[-68.95833,-32.5],[-69,-32.5],[-69,-32.75],[-68.95833,-32.75],[-68.95833,-32.83333],[-69,-32.83333],[-69,-32.95833],[-69.04167,-32.95833],[-69.04167,-33],[-69.125,-33],[-69.125,-32.95833],[-69.16667,-32.95833],[-69.16667,-32.91667],[-69.25,-32.91667],[-69.25,-33],[-69.20833,-33],[-69.20833,-33.08333],[-69.16667,-33.08333],[-69.16667,-33.16667],[-69.125,-33.16667],[-69.125,-33.20833],[-69.25,-33.20833],[-69.25,-33.25],[-69.29167,-33.25],[-69.29167,-33.33333],[-69.33333,-33.33333],[-69.33333,-33.375],[-69.375,-33.375],[-69.375,-33.625],[-69.33333,-33.625],[-69.33333,-33.70833],[-69.29167,-33.70833],[-69.29167,-33.75],[-69.33333,-33.75],[-69.33333,-33.79167],[-69.29167,-33.79167],[-69.29167,-33.83333],[-69.25,-33.83333],[-69.25,-34],[-69.20833,-34],[-69.20833,-34.08333],[-68.95833,-34.08333],[-68.95833,-34],[-68.91667,-34],[-68.91667,-33.95833],[-68.875,-33.95833],[-68.875,-33.875],[-68.83333,-33.875],[-68.83333,-33.83333],[-68.79167,-33.83333],[-68.79167,-33.79167],[-68.66667,-33.79167],[-68.66667,-33.95833],[-68.625,-33.95833],[-68.625,-34],[-68.58333,-34],[-68.58333,-34.04167],[-68.70833,-34.04167],[-68.70833,-34.16667],[-68.66667,-34.16667],[-68.66667,-34.20833],[-68.70833,-34.20833],[-68.70833,-34.375],[-68.75,-34.375],[-68.75,-34.45833],[-68.70833,-34.45833],[-68.70833,-34.54167],[-68.75,-34.54167],[-68.75,-34.58333],[-68.70833,-34.58333],[-68.70833,-34.70833],[-68.625,-34.70833],[-68.625,-34.75],[-68.58333,-34.75],[-68.58333,-34.91667],[-68.5,-34.91667],[-68.5,-34.875],[-68.41667,-34.875],[-68.41667,-35.08333],[-68.375,-35.08333],[-68.375,-35.25],[-68.33333,-35.25],[-68.33333,-35.41667],[-68.29167,-35.41667],[-68.29167,-35.45833],[-68.25,-35.45833],[-68.25,-35.5],[-68.20833,-35.5],[-68.20833,-35.54167],[-68.16667,-35.54167],[-68.16667,-35.875],[-68.20833,-35.875],[-68.20833,-35.95833],[-68.25,-35.95833],[-68.25,-36.08333],[-68.20833,-36.08333],[-68.20833,-36.125],[-68.25,-36.125],[-68.25,-36.29167],[-68.29167,-36.29167],[-68.29167,-36.33333],[-68.33333,-36.33333],[-68.33333,-36.45833],[-68.29167,-36.45833],[-68.29167,-36.54167],[-68.375,-36.54167],[-68.375,-36.5],[-68.41667,-36.5],[-68.41667,-36.54167],[-68.5,-36.54167],[-68.5,-36.625],[-68.54167,-36.625],[-68.54167,-36.66667],[-68.5,-36.66667],[-68.5,-36.70833],[-68.45833,-36.70833],[-68.45833,-36.75],[-68.41667,-36.75],[-68.41667,-36.875],[-68.45833,-36.875],[-68.45833,-37],[-68.5,-37],[-68.5,-37.08333],[-68.58333,-37.08333],[-68.58333,-37.125],[-68.66667,-37.125],[-68.66667,-37.16667],[-68.75,-37.16667],[-68.75,-37.20833],[-68.91667,-37.20833],[-68.91667,-37.16667],[-69,-37.16667],[-69,-37.125],[-69.04167,-37.125],[-69.04167,-37.08333],[-69.125,-37.08333],[-69.125,-37.04167],[-69.16667,-37.04167],[-69.16667,-37],[-69.375,-37],[-69.375,-36.95833],[-69.45833,-36.95833],[-69.45833,-37],[-69.5,-37],[-69.5,-37.08333],[-69.54167,-37.08333],[-69.54167,-37.04167],[-69.58333,-37.04167],[-69.58333,-37],[-69.66667,-37],[-69.66667,-37.04167],[-69.75,-37.04167],[-69.75,-36.75],[-69.70833,-36.75],[-69.70833,-36.66667],[-69.66667,-36.66667],[-69.66667,-36.625],[-69.75,-36.625],[-69.75,-36.70833],[-69.79167,-36.70833],[-69.79167,-36.75],[-69.91667,-36.75],[-69.91667,-36.83333],[-69.875,-36.83333],[-69.875,-36.875],[-69.83333,-36.875],[-69.83333,-37],[-69.875,-37],[-69.875,-37.08333],[-69.83333,-37.08333],[-69.83333,-37.125],[-69.75,-37.125],[-69.75,-37.20833],[-69.70833,-37.20833],[-69.70833,-37.25],[-69.79167,-37.25],[-69.79167,-37.29167],[-69.83333,-37.29167],[-69.83333,-37.33333],[-69.70833,-37.33333],[-69.70833,-37.375],[-69.625,-37.375],[-69.625,-37.41667],[-69.58333,-37.41667],[-69.58333,-37.375],[-69.54167,-37.375],[-69.54167,-37.33333],[-69.5,-37.33333],[-69.5,-37.29167],[-69.45833,-37.29167],[-69.45833,-37.25],[-69.25,-37.25],[-69.25,-37.29167],[-69.375,-37.29167],[-69.375,-37.33333],[-69.33333,-37.33333],[-69.33333,-37.375],[-69.45833,-37.375],[-69.45833,-37.41667],[-69.5,-37.41667],[-69.5,-37.5],[-69.54167,-37.5],[-69.54167,-37.54167],[-69.66667,-37.54167],[-69.66667,-37.58333],[-69.70833,-37.58333],[-69.70833,-37.66667],[-69.66667,-37.66667],[-69.66667,-37.70833],[-69.625,-37.70833],[-69.625,-37.75],[-69.58333,-37.75],[-69.58333,-37.79167],[-69.54167,-37.79167],[-69.54167,-37.83333],[-69.5,-37.83333],[-69.5,-37.95833],[-69.45833,-37.95833],[-69.45833,-38.04167],[-69.41667,-38.04167],[-69.41667,-38.125],[-69.375,-38.125],[-69.375,-38.20833],[-69.33333,-38.20833],[-69.33333,-38.29167],[-69.375,-38.29167],[-69.375,-38.375],[-69.41667,-38.375],[-69.41667,-38.45833],[-69.45833,-38.45833],[-69.45833,-38.41667],[-69.58333,-38.41667],[-69.58333,-38.375],[-69.54167,-38.375],[-69.54167,-38.33333],[-69.625,-38.33333],[-69.625,-38.25],[-69.66667,-38.25],[-69.66667,-38.08333],[-69.70833,-38.08333],[-69.70833,-38.04167],[-69.66667,-38.04167],[-69.66667,-38],[-69.70833,-38],[-69.70833,-37.95833],[-69.75,-37.95833],[-69.75,-37.83333],[-69.79167,-37.83333],[-69.79167,-37.625],[-69.83333,-37.625],[-69.83333,-37.58333],[-69.875,-37.58333],[-69.875,-37.625],[-69.91667,-37.625],[-69.91667,-37.54167],[-69.875,-37.54167],[-69.875,-37.45833],[-69.95833,-37.45833],[-69.95833,-37.54167],[-70.04167,-37.54167],[-70.04167,-37.45833],[-70.08333,-37.45833],[-70.08333,-37.41667],[-70.125,-37.41667],[-70.125,-37.45833],[-70.16667,-37.45833],[-70.16667,-37.41667],[-70.20833,-37.41667],[-70.20833,-37.375],[-70.25,-37.375],[-70.25,-37.29167],[-70.29167,-37.29167],[-70.29167,-37.25],[-70.33333,-37.25],[-70.33333,-37.20833],[-70.41667,-37.20833],[-70.41667,-37.25],[-70.375,-37.25],[-70.375,-37.29167],[-70.33333,-37.29167],[-70.33333,-37.33333],[-70.375,-37.33333],[-70.375,-37.375],[-70.41667,-37.375],[-70.41667,-37.33333],[-70.5,-37.33333],[-70.5,-37.375],[-70.45833,-37.375],[-70.45833,-37.41667],[-70.41667,-37.41667],[-70.41667,-37.45833],[-70.29167,-37.45833],[-70.29167,-37.54167],[-70.16667,-37.54167],[-70.16667,-37.5],[-70.125,-37.5],[-70.125,-37.54167],[-70.08333,-37.54167],[-70.08333,-37.625],[-70.16667,-37.625],[-70.16667,-37.75],[-70.125,-37.75],[-70.125,-37.83333],[-70.08333,-37.83333],[-70.08333,-37.875],[-70.04167,-37.875],[-70.04167,-37.91667],[-69.95833,-37.91667],[-69.95833,-38.16667],[-70,-38.16667],[-70,-38.25],[-70.04167,-38.25],[-70.04167,-38.20833],[-70.08333,-38.20833],[-70.08333,-38.125],[-70.04167,-38.125],[-70.04167,-38.04167],[-70.08333,-38.04167],[-70.08333,-38],[-70.125,-38],[-70.125,-38.04167],[-70.16667,-38.04167],[-70.16667,-38.08333],[-70.20833,-38.08333],[-70.20833,-38.125],[-70.29167,-38.125],[-70.29167,-38.16667],[-70.20833,-38.16667],[-70.20833,-38.20833],[-70.16667,-38.20833],[-70.16667,-38.25],[-70.125,-38.25],[-70.125,-38.29167],[-70.08333,-38.29167],[-70.08333,-38.375],[-70.125,-38.375],[-70.125,-38.41667],[-70.16667,-38.41667],[-70.16667,-38.5],[-70.25,-38.5],[-70.25,-38.45833],[-70.33333,-38.45833],[-70.33333,-38.5],[-70.45833,-38.5],[-70.45833,-38.45833],[-70.5,-38.45833],[-70.5,-38.33333],[-70.54167,-38.33333],[-70.54167,-38.5],[-70.5,-38.5],[-70.5,-38.54167],[-70.375,-38.54167],[-70.375,-38.58333],[-70.20833,-38.58333],[-70.20833,-38.54167],[-70.125,-38.54167],[-70.125,-38.5],[-70.04167,-38.5],[-70.04167,-38.45833],[-70,-38.45833],[-70,-38.5],[-69.95833,-38.5],[-69.95833,-38.54167],[-69.91667,-38.54167],[-69.91667,-38.625],[-70.04167,-38.625],[-70.04167,-38.75],[-69.91667,-38.75],[-69.91667,-38.70833],[-69.83333,-38.70833],[-69.83333,-38.75],[-69.79167,-38.75],[-69.79167,-38.79167],[-69.75,-38.79167],[-69.75,-38.875],[-69.66667,-38.875],[-69.66667,-38.79167],[-69.625,-38.79167],[-69.625,-38.83333],[-69.5,-38.83333],[-69.5,-38.79167],[-69.375,-38.79167],[-69.375,-38.83333],[-69.41667,-38.83333],[-69.41667,-38.91667],[-69.375,-38.91667],[-69.375,-38.95833],[-69.33333,-38.95833],[-69.33333,-39],[-69.25,-39],[-69.25,-39.04167],[-69.29167,-39.04167],[-69.29167,-39.08333],[-69.33333,-39.08333],[-69.33333,-39.125],[-69.375,-39.125],[-69.375,-39.16667],[-69.33333,-39.16667],[-69.33333,-39.20833],[-69.29167,-39.20833],[-69.29167,-39.16667],[-68.95833,-39.16667],[-68.95833,-39.20833],[-68.91667,-39.20833],[-68.91667,-39.25],[-69.04167,-39.25],[-69.04167,-39.29167],[-69.125,-39.29167],[-69.125,-39.33333],[-69.20833,-39.33333],[-69.20833,-39.29167],[-69.375,-39.29167],[-69.375,-39.375],[-69.45833,-39.375],[-69.45833,-39.29167],[-69.41667,-39.29167],[-69.41667,-39.25],[-69.5,-39.25],[-69.5,-39.20833],[-69.66667,-39.20833],[-69.66667,-39.25],[-69.79167,-39.25],[-69.79167,-39.29167],[-69.91667,-39.29167],[-69.91667,-39.375],[-69.875,-39.375],[-69.875,-39.41667],[-69.83333,-39.41667],[-69.83333,-39.45833],[-69.875,-39.45833],[-69.875,-39.5],[-69.66667,-39.5],[-69.66667,-39.54167],[-69.70833,-39.54167],[-69.70833,-39.58333],[-69.75,-39.58333],[-69.75,-39.625],[-69.79167,-39.625],[-69.79167,-39.58333],[-69.83333,-39.58333],[-69.83333,-39.625],[-69.875,-39.625],[-69.875,-39.70833],[-69.75,-39.70833],[-69.75,-39.75],[-69.91667,-39.75],[-69.91667,-39.79167],[-70.08333,-39.79167],[-70.08333,-39.83333],[-70.04167,-39.83333],[-70.04167,-39.91667],[-70.08333,-39.91667],[-70.08333,-39.95833],[-70,-39.95833],[-70,-40.04167],[-69.95833,-40.04167],[-69.95833,-40],[-69.91667,-40],[-69.91667,-39.95833],[-69.83333,-39.95833],[-69.83333,-39.91667],[-69.70833,-39.91667],[-69.70833,-39.875],[-69.625,-39.875],[-69.625,-39.91667],[-69.54167,-39.91667],[-69.54167,-39.875],[-69.5,-39.875],[-69.5,-39.91667],[-69.45833,-39.91667],[-69.45833,-39.875],[-69.41667,-39.875],[-69.41667,-39.79167],[-69.33333,-39.79167],[-69.33333,-39.83333],[-69.25,-39.83333],[-69.25,-39.79167],[-69.29167,-39.79167],[-69.29167,-39.75],[-69.25,-39.75],[-69.25,-39.70833],[-69.16667,-39.70833],[-69.16667,-39.66667],[-69,-39.66667],[-69,-39.70833],[-68.75,-39.70833],[-68.75,-39.625],[-68.70833,-39.625],[-68.70833,-39.58333],[-68.66667,-39.58333],[-68.66667,-39.54167],[-68.625,-39.54167],[-68.625,-39.375],[-68.58333,-39.375],[-68.58333,-39.33333],[-68.54167,-39.33333],[-68.54167,-39.29167],[-68.41667,-39.29167],[-68.41667,-39.25],[-68.25,-39.25],[-68.25,-39.20833],[-68.20833,-39.20833],[-68.20833,-39.16667],[-68.16667,-39.16667],[-68.16667,-39.29167],[-68.125,-39.29167],[-68.125,-39.33333],[-68.04167,-39.33333],[-68.04167,-39.375],[-68,-39.375],[-68,-39.41667],[-68.04167,-39.41667],[-68.04167,-39.45833],[-68.08333,-39.45833],[-68.08333,-39.54167],[-68.125,-39.54167],[-68.125,-39.58333],[-68.04167,-39.58333],[-68.04167,-39.625],[-68.08333,-39.625],[-68.08333,-39.66667],[-68,-39.66667],[-68,-39.70833],[-68.125,-39.70833],[-68.125,-39.75],[-68.08333,-39.75],[-68.08333,-39.79167],[-68.04167,-39.79167],[-68.04167,-39.83333],[-67.95833,-39.83333],[-67.95833,-39.875],[-67.79167,-39.875],[-67.79167,-39.91667],[-67.75,-39.91667],[-67.75,-40],[-67.79167,-40],[-67.79167,-40.04167],[-67.75,-40.04167],[-67.75,-40.08333],[-67.66667,-40.08333],[-67.66667,-40.16667],[-67.625,-40.16667],[-67.625,-40.20833],[-67.58333,-40.20833],[-67.58333,-40.25],[-67.5,-40.25],[-67.5,-40.33333],[-67.45833,-40.33333],[-67.45833,-40.375],[-67.41667,-40.375],[-67.41667,-40.5],[-67.375,-40.5],[-67.375,-40.58333],[-67.33333,-40.58333],[-67.33333,-40.54167],[-67.29167,-40.54167],[-67.29167,-40.58333],[-67.20833,-40.58333],[-67.20833,-40.625],[-67.16667,-40.625],[-67.16667,-40.66667],[-67.125,-40.66667],[-67.125,-40.79167],[-67,-40.79167],[-67,-40.875],[-66.91667,-40.875],[-66.91667,-40.83333],[-66.70833,-40.83333],[-66.70833,-40.875],[-66.75,-40.875],[-66.75,-40.91667],[-66.66667,-40.91667],[-66.66667,-40.95833],[-66.41667,-40.95833],[-66.41667,-41.04167],[-66.33333,-41.04167],[-66.33333,-41.08333],[-66.29167,-41.08333],[-66.29167,-41.25],[-66.125,-41.25],[-66.125,-41.33333],[-66.08333,-41.33333],[-66.08333,-41.375],[-66.125,-41.375],[-66.125,-41.41667],[-66.20833,-41.41667],[-66.20833,-41.45833],[-66.125,-41.45833],[-66.125,-41.625],[-66.16667,-41.625],[-66.16667,-41.58333],[-66.20833,-41.58333],[-66.20833,-41.625],[-66.25,-41.625],[-66.25,-41.66667],[-66.125,-41.66667],[-66.125,-41.70833],[-66.04167,-41.70833],[-66.04167,-41.75],[-66,-41.75],[-66,-41.79167],[-66.08333,-41.79167],[-66.08333,-41.83333],[-66.20833,-41.83333],[-66.20833,-41.91667],[-66.25,-41.91667],[-66.25,-41.95833],[-66.125,-41.95833],[-66.125,-42],[-66.16667,-42],[-66.16667,-42.125],[-66.20833,-42.125],[-66.20833,-42.25],[-66.375,-42.25],[-66.375,-42.33333],[-66.41667,-42.33333],[-66.41667,-42.375],[-66.375,-42.375],[-66.375,-42.45833],[-66.33333,-42.45833],[-66.33333,-42.5],[-66.66667,-42.5],[-66.66667,-42.45833],[-66.79167,-42.45833],[-66.79167,-42.41667],[-66.95833,-42.41667],[-66.95833,-42.45833],[-66.91667,-42.45833],[-66.91667,-42.54167],[-66.95833,-42.54167],[-66.95833,-42.58333],[-67.125,-42.58333],[-67.125,-42.625],[-67.16667,-42.625],[-67.16667,-42.66667],[-67.20833,-42.66667],[-67.20833,-42.70833],[-67.33333,-42.70833],[-67.33333,-42.75],[-67.29167,-42.75],[-67.29167,-42.79167],[-67.33333,-42.79167],[-67.33333,-42.83333],[-67.41667,-42.83333],[-67.41667,-42.875],[-67.45833,-42.875],[-67.45833,-42.91667],[-67.5,-42.91667],[-67.5,-43],[-67.54167,-43],[-67.54167,-42.95833],[-67.58333,-42.95833],[-67.58333,-43.04167],[-67.70833,-43.04167],[-67.70833,-43.08333],[-67.66667,-43.08333],[-67.66667,-43.16667],[-67.70833,-43.16667],[-67.70833,-43.20833],[-67.83333,-43.20833],[-67.83333,-43.16667],[-67.875,-43.16667],[-67.875,-43.125],[-68,-43.125],[-68,-43.25],[-67.875,-43.25],[-67.875,-43.375],[-67.95833,-43.375],[-67.95833,-43.33333],[-68.125,-43.33333],[-68.125,-43.375],[-68.08333,-43.375],[-68.08333,-43.41667],[-68.04167,-43.41667],[-68.04167,-43.5],[-67.95833,-43.5],[-67.95833,-43.45833],[-67.83333,-43.45833],[-67.83333,-43.41667],[-67.41667,-43.41667],[-67.41667,-43.45833],[-67.5,-43.45833],[-67.5,-43.5],[-67.45833,-43.5],[-67.45833,-43.54167],[-67.375,-43.54167],[-67.375,-43.58333],[-67.625,-43.58333],[-67.625,-43.625],[-67.58333,-43.625],[-67.58333,-43.66667],[-67.66667,-43.66667],[-67.66667,-43.70833],[-67.70833,-43.70833],[-67.70833,-43.75],[-67.75,-43.75],[-67.75,-43.79167],[-67.79167,-43.79167],[-67.79167,-43.875],[-67.625,-43.875],[-67.625,-43.95833],[-67.58333,-43.95833],[-67.58333,-44.04167],[-67.54167,-44.04167],[-67.54167,-44.08333],[-67.58333,-44.08333],[-67.58333,-44.125],[-67.54167,-44.125],[-67.54167,-44.16667],[-67.45833,-44.16667],[-67.45833,-44.20833],[-67.41667,-44.20833],[-67.41667,-44.25],[-67.54167,-44.25],[-67.54167,-44.29167],[-67.625,-44.29167],[-67.625,-44.33333],[-67.66667,-44.33333],[-67.66667,-44.375],[-67.58333,-44.375],[-67.58333,-44.41667],[-67.54167,-44.41667],[-67.54167,-44.45833],[-67.33333,-44.45833],[-67.33333,-44.33333],[-67.29167,-44.33333],[-67.29167,-44.25],[-67.25,-44.25],[-67.25,-44.20833],[-67.20833,-44.20833],[-67.20833,-44.25],[-67.16667,-44.25],[-67.16667,-44.20833],[-67.125,-44.20833],[-67.125,-44.16667],[-67,-44.16667],[-67,-44.125],[-66.875,-44.125],[-66.875,-44.08333],[-66.83333,-44.08333],[-66.83333,-44.16667],[-66.875,-44.16667],[-66.875,-44.25],[-66.91667,-44.25],[-66.91667,-44.33333],[-66.95833,-44.33333],[-66.95833,-44.41667],[-67,-44.41667],[-67,-44.54167],[-67.04167,-44.54167],[-67.04167,-44.58333],[-67.08333,-44.58333],[-67.08333,-44.70833],[-67.125,-44.70833],[-67.125,-44.75],[-67.16667,-44.75],[-67.16667,-44.79167],[-67.20833,-44.79167],[-67.20833,-44.83333],[-67.29167,-44.83333],[-67.29167,-44.875],[-67.375,-44.875],[-67.375,-44.95833],[-67.41667,-44.95833],[-67.41667,-45],[-67.33333,-45],[-67.33333,-44.95833],[-67.25,-44.95833],[-67.25,-44.91667],[-67.20833,-44.91667],[-67.20833,-44.875],[-67.125,-44.875],[-67.125,-44.83333],[-67.08333,-44.83333],[-67.08333,-44.79167],[-67.04167,-44.79167],[-67.04167,-44.75],[-67,-44.75],[-67,-44.70833],[-66.91667,-44.70833],[-66.91667,-44.58333],[-66.875,-44.58333],[-66.875,-44.54167],[-66.83333,-44.54167],[-66.83333,-44.5],[-66.79167,-44.5],[-66.79167,-44.41667],[-66.75,-44.41667],[-66.75,-44.45833],[-66.70833,-44.45833],[-66.70833,-44.375],[-66.75,-44.375],[-66.75,-44.33333],[-66.70833,-44.33333],[-66.70833,-44.29167],[-66.66667,-44.29167],[-66.66667,-44.25],[-66.625,-44.25],[-66.625,-44.20833],[-66.375,-44.20833],[-66.375,-44.16667],[-66.29167,-44.16667],[-66.29167,-44.125],[-66.25,-44.125],[-66.25,-44.08333],[-66.16667,-44.08333],[-66.16667,-44.125],[-66.125,-44.125],[-66.125,-44.25],[-66.16667,-44.25],[-66.16667,-44.29167],[-66.125,-44.29167],[-66.125,-44.33333],[-66.08333,-44.33333],[-66.08333,-44.41667],[-66.125,-44.41667],[-66.125,-44.375],[-66.16667,-44.375],[-66.16667,-44.5],[-66.20833,-44.5],[-66.20833,-44.54167],[-66.125,-44.54167],[-66.125,-44.5],[-66.08333,-44.5],[-66.08333,-44.54167],[-66.04167,-44.54167],[-66.04167,-44.58333],[-66.125,-44.58333],[-66.125,-44.70833],[-66.33333,-44.70833],[-66.33333,-44.75],[-66.54167,-44.75],[-66.54167,-44.79167],[-66.625,-44.79167],[-66.625,-44.83333],[-66.66667,-44.83333],[-66.66667,-44.875],[-66.75,-44.875],[-66.75,-44.91667],[-66.83333,-44.91667],[-66.83333,-44.95833],[-66.875,-44.95833],[-66.875,-45],[-66.95833,-45],[-66.95833,-45.04167],[-67,-45.04167],[-67,-45.125],[-67.04167,-45.125],[-67.04167,-45.16667],[-67.08333,-45.16667],[-67.08333,-45.20833],[-67.125,-45.20833],[-67.125,-45.29167],[-67.20833,-45.29167],[-67.20833,-45.33333],[-67.25,-45.33333],[-67.25,-45.375],[-67.29167,-45.375],[-67.29167,-45.41667],[-67.33333,-45.41667],[-67.33333,-45.45833],[-67.29167,-45.45833],[-67.29167,-45.5],[-67.375,-45.5],[-67.375,-45.58333],[-67.41667,-45.58333],[-67.41667,-45.625],[-67.45833,-45.625],[-67.45833,-45.66667],[-67.58333,-45.66667],[-67.58333,-45.70833],[-67.625,-45.70833],[-67.625,-45.75],[-67.66667,-45.75],[-67.66667,-45.83333],[-67.70833,-45.83333],[-67.70833,-45.875],[-67.79167,-45.875],[-67.79167,-45.95833],[-67.75,-45.95833],[-67.75,-46],[-67.83333,-46],[-67.83333,-46.08333],[-67.875,-46.08333],[-67.875,-46.04167],[-68.125,-46.04167],[-68.125,-46.08333],[-68.25,-46.08333],[-68.25,-46.125],[-68.375,-46.125],[-68.375,-46.16667],[-68.41667,-46.16667],[-68.41667,-46.20833],[-68.54167,-46.20833],[-68.54167,-46.25],[-68.5,-46.25],[-68.5,-46.29167],[-68.66667,-46.29167],[-68.66667,-46.33333],[-68.75,-46.33333],[-68.75,-46.375],[-68.66667,-46.375],[-68.66667,-46.41667],[-68.70833,-46.41667],[-68.70833,-46.45833],[-68.79167,-46.45833],[-68.79167,-46.41667],[-68.95833,-46.41667],[-68.95833,-46.45833],[-69.20833,-46.45833],[-69.20833,-46.41667],[-69.29167,-46.41667],[-69.29167,-46.45833],[-69.45833,-46.45833],[-69.45833,-46.5],[-69.54167,-46.5],[-69.54167,-46.54167],[-69.66667,-46.54167],[-69.66667,-46.58333],[-69.75,-46.58333],[-69.75,-46.54167],[-69.79167,-46.54167],[-69.79167,-46.5],[-70.08333,-46.5],[-70.08333,-46.58333],[-70.04167,-46.58333],[-70.04167,-46.66667],[-70,-46.66667],[-70,-46.79167],[-69.83333,-46.79167],[-69.83333,-46.875],[-69.70833,-46.875],[-69.70833,-46.91667],[-69.66667,-46.91667],[-69.66667,-46.875],[-69.54167,-46.875],[-69.54167,-46.91667],[-69.45833,-46.91667],[-69.45833,-46.83333],[-69.125,-46.83333],[-69.125,-46.875],[-69.04167,-46.875],[-69.04167,-46.91667],[-69,-46.91667],[-69,-46.95833],[-69.16667,-46.95833],[-69.16667,-47],[-69,-47],[-69,-47.04167],[-68.91667,-47.04167],[-68.91667,-47],[-68.70833,-47],[-68.70833,-47.08333],[-68.625,-47.08333],[-68.625,-47.125],[-68.58333,-47.125],[-68.58333,-47.16667],[-68.79167,-47.16667],[-68.79167,-47.20833],[-68.75,-47.20833],[-68.75,-47.29167],[-68.625,-47.29167],[-68.625,-47.33333],[-68.54167,-47.33333],[-68.54167,-47.41667],[-68.45833,-47.41667],[-68.45833,-47.375],[-68.375,-47.375],[-68.375,-47.33333],[-68.33333,-47.33333],[-68.33333,-47.29167],[-68.20833,-47.29167],[-68.20833,-47.25],[-68.29167,-47.25],[-68.29167,-47.16667],[-68.25,-47.16667],[-68.25,-47.08333],[-68.16667,-47.08333],[-68.16667,-47.125],[-68.08333,-47.125],[-68.08333,-47.16667],[-68.04167,-47.16667],[-68.04167,-47.125],[-67.41667,-47.125],[-67.41667,-47.16667],[-67.33333,-47.16667],[-67.33333,-47.20833],[-67.20833,-47.20833],[-67.20833,-47.16667],[-67.29167,-47.16667],[-67.29167,-47.125],[-67.33333,-47.125],[-67.33333,-47.08333],[-67.375,-47.08333],[-67.375,-47.04167],[-67.41667,-47.04167],[-67.41667,-47],[-67.45833,-47],[-67.45833,-47.04167],[-67.75,-47.04167],[-67.75,-47],[-67.79167,-47],[-67.79167,-47.04167],[-67.83333,-47.04167],[-67.83333,-47],[-67.91667,-47],[-67.91667,-46.91667],[-67.875,-46.91667],[-67.875,-46.875],[-67.95833,-46.875],[-67.95833,-46.83333],[-68.04167,-46.83333],[-68.04167,-46.79167],[-67.91667,-46.79167],[-67.91667,-46.75],[-68,-46.75],[-68,-46.70833],[-68.04167,-46.70833],[-68.04167,-46.625],[-68.125,-46.625],[-68.125,-46.58333],[-68.25,-46.58333],[-68.25,-46.54167],[-68.41667,-46.54167],[-68.41667,-46.5],[-68.29167,-46.5],[-68.29167,-46.45833],[-68.04167,-46.45833],[-68.04167,-46.41667],[-67.75,-46.41667],[-67.75,-46.54167],[-67.70833,-46.54167],[-67.70833,-46.58333],[-67.66667,-46.58333],[-67.66667,-46.625],[-67.54167,-46.625],[-67.54167,-46.66667],[-67.58333,-46.66667],[-67.58333,-46.70833],[-67.54167,-46.70833],[-67.54167,-46.75],[-67.5,-46.75],[-67.5,-46.79167],[-67.41667,-46.79167],[-67.41667,-46.75],[-67.25,-46.75],[-67.25,-46.79167],[-67.16667,-46.79167],[-67.16667,-46.83333],[-67.04167,-46.83333],[-67.04167,-46.79167],[-67.08333,-46.79167],[-67.08333,-46.75],[-67.125,-46.75],[-67.125,-46.70833],[-67.16667,-46.70833],[-67.16667,-46.66667],[-67.25,-46.66667],[-67.25,-46.625],[-67.375,-46.625],[-67.375,-46.58333],[-67.41667,-46.58333],[-67.41667,-46.54167],[-67.45833,-46.54167],[-67.45833,-46.5],[-67.5,-46.5],[-67.5,-46.41667],[-67.54167,-46.41667],[-67.54167,-46.375],[-67.58333,-46.375],[-67.58333,-46.25],[-67.625,-46.25],[-67.625,-46.04167],[-67.58333,-46.04167],[-67.58333,-45.95833],[-67.54167,-45.95833],[-67.54167,-45.91667],[-67.5,-45.91667],[-67.5,-45.875],[-67.45833,-45.875],[-67.45833,-45.83333],[-67.41667,-45.83333],[-67.41667,-45.79167],[-67.375,-45.79167],[-67.375,-45.625],[-67.33333,-45.625],[-67.33333,-45.58333],[-67.29167,-45.58333],[-67.29167,-45.54167],[-67.20833,-45.54167],[-67.20833,-45.5],[-67.16667,-45.5],[-67.16667,-45.41667],[-67.125,-45.41667],[-67.125,-45.375],[-67.08333,-45.375],[-67.08333,-45.33333],[-67.04167,-45.33333],[-67.04167,-45.29167],[-66.95833,-45.29167],[-66.95833,-45.25],[-66.79167,-45.25],[-66.79167,-45.20833],[-66.54167,-45.20833],[-66.54167,-45.16667],[-66.58333,-45.16667],[-66.58333,-45.125],[-66.54167,-45.125],[-66.54167,-45.08333],[-66.41667,-45.08333],[-66.41667,-45.04167],[-66.20833,-45.04167],[-66.20833,-45],[-66,-45],[-66,-45.04167],[-65.875,-45.04167],[-65.875,-45],[-65.79167,-45],[-65.79167,-45.04167],[-65.625,-45.04167],[-65.625,-44.95833],[-65.54167,-44.95833],[-65.54167,-44.91667],[-65.625,-44.91667],[-65.625,-44.875],[-65.70833,-44.875],[-65.70833,-44.70833],[-65.66667,-44.70833],[-65.66667,-44.66667],[-65.58333,-44.66667],[-65.58333,-44.625],[-65.5,-44.625],[-65.5,-44.58333],[-65.375,-44.58333],[-65.375,-44.5],[-65.33333,-44.5],[-65.33333,-44.45833],[-65.29167,-44.45833],[-65.29167,-44.41667],[-65.25,-44.41667],[-65.25,-44.375],[-65.20833,-44.375],[-65.20833,-44.33333],[-65.25,-44.33333],[-65.25,-44.29167],[-65.29167,-44.29167],[-65.29167,-44.125],[-65.25,-44.125],[-65.25,-44.08333],[-65.20833,-44.08333],[-65.20833,-44.04167],[-65.25,-44.04167],[-65.25,-43.95833],[-65.29167,-43.95833],[-65.29167,-43.875],[-65.33333,-43.875],[-65.33333,-43.625],[-65.29167,-43.625],[-65.29167,-43.58333],[-65.25,-43.58333],[-65.25,-43.54167],[-65.16667,-43.54167],[-65.16667,-43.45833],[-65.08333,-43.45833],[-65.08333,-43.41667],[-65.04167,-43.41667],[-65.04167,-43.29167],[-65,-43.29167],[-65,-43.25],[-64.91667,-43.25],[-64.91667,-43.20833],[-64.83333,-43.20833],[-64.83333,-43.16667],[-64.75,-43.16667],[-64.75,-43.125],[-64.58333,-43.125],[-64.58333,-43.08333],[-64.45833,-43.08333],[-64.45833,-43.04167],[-64.375,-43.04167],[-64.375,-43],[-64.29167,-43],[-64.29167,-42.95833],[-64.5,-42.95833],[-64.5,-42.91667],[-64.70833,-42.91667],[-64.70833,-42.875],[-64.79167,-42.875],[-64.79167,-42.83333],[-64.91667,-42.83333],[-64.91667,-42.79167],[-65.04167,-42.79167],[-65.04167,-42.70833],[-65,-42.70833],[-65,-42.66667],[-64.95833,-42.66667],[-64.95833,-42.625],[-64.83333,-42.625],[-64.83333,-42.58333],[-64.79167,-42.58333],[-64.79167,-42.54167],[-64.70833,-42.54167],[-64.70833,-42.5],[-64.375,-42.5],[-64.375,-42.54167],[-64.29167,-42.54167],[-64.29167,-42.58333],[-64.25,-42.58333],[-64.25,-42.625],[-64.20833,-42.625],[-64.20833,-42.66667],[-64.25,-42.66667],[-64.25,-42.79167],[-64.20833,-42.79167],[-64.20833,-42.83333],[-64.16667,-42.83333],[-64.16667,-42.875],[-64,-42.875],[-64,-42.83333],[-63.79167,-42.83333],[-63.79167,-42.79167],[-63.66667,-42.79167],[-63.66667,-42.75],[-63.625,-42.75],[-63.625,-42.625],[-63.58333,-42.625],[-63.58333,-42.5],[-63.625,-42.5],[-63.625,-42.375],[-63.58333,-42.375],[-63.58333,-42.33333],[-63.625,-42.33333],[-63.625,-42.25],[-63.66667,-42.25],[-63.66667,-42.20833],[-63.70833,-42.20833],[-63.70833,-42.125],[-63.75,-42.125],[-63.75,-42.08333],[-63.91667,-42.08333],[-63.91667,-42.125],[-64,-42.125],[-64,-42.16667],[-64.125,-42.16667],[-64.125,-42.20833],[-64.33333,-42.20833],[-64.33333,-42.25],[-64.08333,-42.25],[-64.08333,-42.29167],[-64.04167,-42.29167],[-64.04167,-42.375],[-64.08333,-42.375],[-64.08333,-42.41667],[-64.41667,-42.41667],[-64.41667,-42.45833],[-64.45833,-42.45833],[-64.45833,-42.41667],[-64.625,-42.41667],[-64.625,-42.375],[-64.58333,-42.375],[-64.58333,-42.33333],[-64.54167,-42.33333],[-64.54167,-42.29167],[-64.5,-42.29167],[-64.5,-42.25],[-64.625,-42.25],[-64.625,-42.20833],[-64.875,-42.20833],[-64.875,-42.16667],[-64.95833,-42.16667],[-64.95833,-42.125],[-65,-42.125],[-65,-42.08333],[-65.04167,-42.08333],[-65.04167,-42.04167],[-65.08333,-42.04167],[-65.08333,-41.91667],[-65.04167,-41.91667],[-65.04167,-41.83333],[-65,-41.83333],[-65,-41.75],[-65.04167,-41.75],[-65.04167,-41.625],[-65,-41.625],[-65,-41.45833],[-65.04167,-41.45833],[-65.04167,-41.41667],[-65.08333,-41.41667],[-65.08333,-41.33333],[-65.125,-41.33333],[-65.125,-41.16667],[-65.16667,-41.16667],[-65.16667,-40.91667],[-65.125,-40.91667],[-65.125,-40.83333],[-65.08333,-40.83333],[-65.08333,-40.79167],[-65.04167,-40.79167],[-65.04167,-40.75],[-64.91667,-40.75],[-64.91667,-40.70833],[-64.79167,-40.70833],[-64.79167,-40.75],[-64.75,-40.75],[-64.75,-40.79167],[-64.91667,-40.79167],[-64.91667,-40.83333],[-64.58333,-40.83333],[-64.58333,-40.875],[-64.45833,-40.875],[-64.45833,-40.91667],[-64.375,-40.91667],[-64.375,-40.95833],[-64.25,-40.95833],[-64.25,-41],[-64.125,-41],[-64.125,-41.04167],[-64,-41.04167],[-64,-41.08333],[-63.91667,-41.08333],[-63.91667,-41.125],[-63.83333,-41.125],[-63.83333,-41.16667],[-63.08333,-41.16667],[-63.08333,-41.125],[-62.95833,-41.125],[-62.95833,-41.08333],[-62.83333,-41.08333],[-62.83333,-41.04167],[-62.66667,-41.04167],[-62.66667,-41],[-62.58333,-41],[-62.58333,-40.95833],[-62.5,-40.95833],[-62.5,-40.91667],[-62.375,-40.91667],[-62.375,-40.875],[-62.29167,-40.875],[-62.29167,-40.79167],[-62.25,-40.79167],[-62.25,-40.66667],[-62.16667,-40.66667],[-62.16667,-40.58333],[-62.20833,-40.58333],[-62.20833,-40.54167],[-62.25,-40.54167],[-62.25,-40.58333],[-62.29167,-40.58333],[-62.29167,-40.54167],[-62.33333,-40.54167],[-62.33333,-40.5],[-62.375,-40.5],[-62.375,-40.45833],[-62.41667,-40.45833],[-62.41667,-40.41667],[-62.45833,-40.41667],[-62.45833,-40.33333],[-62.5,-40.33333],[-62.5,-40.29167],[-62.45833,-40.29167],[-62.45833,-40.25],[-62.375,-40.25],[-62.375,-40.20833],[-62.33333,-40.20833],[-62.33333,-39.875],[-62.25,-39.875],[-62.25,-39.83333],[-62.125,-39.83333],[-62.125,-39.70833],[-62.08333,-39.70833],[-62.08333,-39.66667],[-62.125,-39.66667],[-62.125,-39.625],[-62.08333,-39.625],[-62.08333,-39.5],[-62.04167,-39.5],[-62.04167,-39.45833],[-62.08333,-39.45833],[-62.08333,-39.41667],[-62.16667,-39.41667],[-62.16667,-39.375],[-62.20833,-39.375],[-62.20833,-39.33333],[-62.25,-39.33333],[-62.25,-39.25],[-62.29167,-39.25],[-62.29167,-39.20833],[-62.33333,-39.20833],[-62.33333,-39.04167],[-62.29167,-39.04167],[-62.29167,-39],[-62.33333,-39],[-62.33333,-38.75],[-62.29167,-38.75],[-62.29167,-38.79167],[-62.16667,-38.79167],[-62.16667,-38.83333],[-62.125,-38.83333],[-62.125,-38.91667],[-62.04167,-38.91667],[-62.04167,-38.95833],[-61.83333,-38.95833],[-61.83333,-39],[-61.75,-39],[-61.75,-38.95833],[-61.66667,-38.95833],[-61.66667,-39],[-60.83333,-39],[-60.83333,-38.95833],[-60.58333,-38.95833],[-60.58333,-38.91667],[-60.29167,-38.91667],[-60.29167,-38.875],[-60,-38.875],[-60,-38.83333],[-59.75,-38.83333],[-59.75,-38.79167],[-59.54167,-38.79167],[-59.54167,-38.75],[-59.29167,-38.75],[-59.29167,-38.70833],[-59.08333,-38.70833],[-59.08333,-38.66667],[-58.91667,-38.66667],[-58.91667,-38.625],[-58.79167,-38.625],[-58.79167,-38.58333],[-58.625,-38.58333],[-58.625,-38.54167],[-58.45833,-38.54167],[-58.45833,-38.5],[-58.33333,-38.5],[-58.33333,-38.45833],[-58.20833,-38.45833],[-58.20833,-38.41667],[-58.08333,-38.41667],[-58.08333,-38.375],[-58,-38.375],[-58,-38.33333],[-57.91667,-38.33333],[-57.91667,-38.29167],[-57.83333,-38.29167],[-57.83333,-38.25],[-57.75,-38.25],[-57.75,-38.20833],[-57.66667,-38.20833],[-57.66667,-38.16667],[-57.625,-38.16667],[-57.625,-38.125],[-57.54167,-38.125],[-57.54167,-37.875],[-57.5,-37.875],[-57.5,-37.83333],[-57.45833,-37.83333],[-57.45833,-37.75],[-57.41667,-37.75],[-57.41667,-37.70833],[-57.33333,-37.70833],[-57.33333,-37.66667],[-57.29167,-37.66667],[-57.29167,-37.625],[-57.25,-37.625],[-57.25,-37.58333],[-57.20833,-37.58333],[-57.20833,-37.54167],[-57.16667,-37.54167],[-57.16667,-37.5],[-57.125,-37.5],[-57.125,-37.45833],[-57.08333,-37.45833],[-57.08333,-37.41667],[-57.04167,-37.41667],[-57.04167,-37.33333],[-57,-37.33333],[-57,-37.29167],[-56.95833,-37.29167],[-56.95833,-37.20833],[-56.91667,-37.20833],[-56.91667,-37.16667],[-56.875,-37.16667],[-56.875,-37.125],[-56.83333,-37.125],[-56.83333,-37.04167],[-56.79167,-37.04167],[-56.79167,-37],[-56.75,-37],[-56.75,-36.95833],[-56.70833,-36.95833],[-56.70833,-36.91667],[-56.66667,-36.91667],[-56.66667,-36.58333],[-56.70833,-36.58333],[-56.70833,-36.33333],[-56.75,-36.33333],[-56.75,-36.29167],[-56.79167,-36.29167],[-56.79167,-36.33333],[-57.04167,-36.33333],[-57.04167,-36.29167],[-57.125,-36.29167],[-57.125,-36.25],[-57.16667,-36.25],[-57.16667,-36.20833],[-57.20833,-36.20833],[-57.20833,-36.16667],[-57.25,-36.16667],[-57.25,-36.125],[-57.29167,-36.125],[-57.29167,-36.08333],[-57.33333,-36.08333],[-57.33333,-36],[-57.375,-36],[-57.375,-35.75],[-57.33333,-35.75],[-57.33333,-35.66667],[-57.29167,-35.66667],[-57.29167,-35.625],[-57.25,-35.625],[-57.25,-35.58333],[-57.20833,-35.58333],[-57.20833,-35.54167],[-57.16667,-35.54167],[-57.16667,-35.5],[-57.125,-35.5],[-57.125,-35.375],[-57.16667,-35.375],[-57.16667,-35.33333],[-57.20833,-35.33333],[-57.20833,-35.29167],[-57.25,-35.29167],[-57.25,-35.25],[-57.33333,-35.25],[-57.33333,-35.20833],[-57.45833,-35.20833],[-57.45833,-35.16667],[-57.58333,-35.16667],[-57.58333,-35.125],[-57.70833,-35.125],[-57.70833,-35.08333],[-57.79167,-35.08333],[-57.79167,-35.04167],[-58,-35.04167],[-58,-35.08333],[-58.04167,-35.08333],[-58.04167,-35.125],[-58.08333,-35.125],[-58.08333,-35.16667],[-58.16667,-35.16667],[-58.16667,-35.20833],[-58.20833,-35.20833],[-58.20833,-35.25],[-58.375,-35.25],[-58.375,-35.29167],[-58.5,-35.29167],[-58.5,-35.33333],[-58.58333,-35.33333],[-58.58333,-35.375],[-58.70833,-35.375],[-58.70833,-35.41667],[-58.75,-35.41667],[-58.75,-35.45833],[-58.79167,-35.45833],[-58.79167,-35.5],[-58.875,-35.5],[-58.875,-35.45833],[-58.91667,-35.45833],[-58.91667,-35.5],[-59,-35.5],[-59,-35.54167],[-59.70833,-35.54167],[-59.70833,-35.5],[-59.875,-35.5],[-59.875,-35.45833],[-59.91667,-35.45833],[-59.91667,-35.41667],[-59.95833,-35.41667],[-59.95833,-35.375],[-60,-35.375],[-60,-35.33333],[-60.08333,-35.33333],[-60.08333,-35.29167],[-60.125,-35.29167],[-60.125,-35.20833],[-60.16667,-35.20833],[-60.16667,-35.16667],[-60.20833,-35.16667],[-60.20833,-35.125],[-60.25,-35.125],[-60.25,-35.08333],[-60.29167,-35.08333],[-60.29167,-34.83333],[-60.33333,-34.83333],[-60.33333,-34.54167],[-60.29167,-34.54167],[-60.29167,-34.33333],[-60.33333,-34.33333],[-60.33333,-34.25],[-60.29167,-34.25],[-60.29167,-34.20833],[-60.25,-34.20833],[-60.25,-34.04167],[-60.29167,-34.04167],[-60.29167,-33.95833],[-60.25,-33.95833],[-60.25,-33.875],[-60.29167,-33.875],[-60.29167,-33.79167],[-60.33333,-33.79167],[-60.33333,-33.75],[-60.375,-33.75],[-60.375,-33.66667],[-60.5,-33.66667],[-60.5,-33.58333],[-60.54167,-33.58333],[-60.54167,-33.54167],[-60.625,-33.54167],[-60.625,-33.5],[-60.70833,-33.5],[-60.70833,-33.45833],[-60.79167,-33.45833],[-60.79167,-33.41667],[-60.91667,-33.41667],[-60.91667,-33.375],[-60.95833,-33.375],[-60.95833,-33.33333],[-61.04167,-33.33333],[-61.04167,-33.29167],[-61.20833,-33.29167],[-61.20833,-33.20833],[-61.25,-33.20833],[-61.25,-33.16667],[-61.41667,-33.16667],[-61.41667,-33.125],[-61.58333,-33.125],[-61.58333,-33.16667],[-61.66667,-33.16667],[-61.66667,-33.125],[-61.79167,-33.125],[-61.79167,-33.08333],[-61.875,-33.08333],[-61.875,-33.04167],[-61.91667,-33.04167],[-61.91667,-33],[-62.16667,-33],[-62.16667,-32.95833],[-62.375,-32.95833],[-62.375,-32.875],[-62.45833,-32.875],[-62.45833,-32.83333],[-62.5,-32.83333],[-62.5,-32.79167],[-62.54167,-32.79167],[-62.54167,-32.75],[-62.58333,-32.75],[-62.58333,-32.70833],[-62.66667,-32.70833],[-62.66667,-32.66667],[-62.79167,-32.66667],[-62.79167,-32.58333],[-63,-32.58333],[-63,-32.625],[-63.08333,-32.625],[-63.08333,-32.58333],[-63.375,-32.58333],[-63.375,-32.625],[-63.45833,-32.625],[-63.45833,-32.66667],[-63.54167,-32.66667],[-63.54167,-32.70833],[-63.58333,-32.70833],[-63.58333,-32.75],[-63.70833,-32.75],[-63.70833,-32.625],[-63.875,-32.625],[-63.875,-32.58333],[-63.91667,-32.58333],[-63.91667,-32.5],[-63.95833,-32.5],[-63.95833,-32.375],[-64,-32.375],[-64,-32.33333],[-64.04167,-32.33333],[-64.04167,-32.29167],[-64,-32.29167],[-64,-32.25],[-64.04167,-32.25],[-64.04167,-32.16667],[-64.08333,-32.16667],[-64.08333,-32.20833],[-64.125,-32.20833],[-64.125,-32.25],[-64.25,-32.25],[-64.25,-32.29167],[-64.33333,-32.29167],[-64.33333,-32.25],[-64.45833,-32.25],[-64.45833,-32.29167],[-64.54167,-32.29167],[-64.54167,-32.25],[-64.58333,-32.25],[-64.58333,-32.16667],[-64.54167,-32.16667],[-64.54167,-32.08333],[-64.5,-32.08333],[-64.5,-32.16667],[-64.41667,-32.16667],[-64.41667,-32.125],[-64.375,-32.125],[-64.375,-32.04167],[-64.33333,-32.04167],[-64.33333,-32],[-64.375,-32],[-64.375,-31.95833],[-64.41667,-31.95833],[-64.41667,-31.875],[-64.45833,-31.875],[-64.45833,-31.58333],[-64.41667,-31.58333],[-64.41667,-31.45833],[-64.375,-31.45833],[-64.375,-31.29167],[-64.33333,-31.29167],[-64.33333,-31.25],[-64.25,-31.25],[-64.25,-31.20833],[-64.20833,-31.20833],[-64.20833,-31.16667],[-64.16667,-31.16667],[-64.16667,-31.08333],[-64.125,-31.08333],[-64.125,-30.95833],[-64.08333,-30.95833],[-64.08333,-30.75],[-64.125,-30.75],[-64.125,-30.70833],[-64.16667,-30.70833],[-64.16667,-30.58333],[-64.20833,-30.58333],[-64.20833,-30.54167],[-64.16667,-30.54167],[-64.16667,-30.33333],[-64.125,-30.33333],[-64.125,-30.20833],[-64.08333,-30.20833],[-64.08333,-30.125],[-64.16667,-30.125],[-64.16667,-30.08333],[-64.08333,-30.08333],[-64.08333,-30],[-64.20833,-30],[-64.20833,-30.20833],[-64.25,-30.20833],[-64.25,-30.375],[-64.29167,-30.375],[-64.29167,-30.45833],[-64.33333,-30.45833],[-64.33333,-30.5],[-64.5,-30.5],[-64.5,-30.58333],[-64.54167,-30.58333],[-64.54167,-30.625],[-64.58333,-30.625],[-64.58333,-30.75],[-64.625,-30.75],[-64.625,-30.91667],[-64.66667,-30.91667],[-64.66667,-30.875],[-64.79167,-30.875],[-64.79167,-30.91667],[-64.83333,-30.91667],[-64.83333,-30.875],[-64.91667,-30.875],[-64.91667,-30.95833],[-64.95833,-30.95833],[-64.95833,-31],[-65,-31],[-65,-31.08333],[-65.04167,-31.08333],[-65.04167,-31.16667],[-65.08333,-31.16667],[-65.08333,-31.20833],[-65.125,-31.20833],[-65.125,-31.16667],[-65.16667,-31.16667],[-65.16667,-31.125],[-65.20833,-31.125],[-65.20833,-31.08333],[-65.25,-31.08333],[-65.25,-31],[-65.29167,-31],[-65.29167,-30.875],[-65.33333,-30.875],[-65.33333,-31.08333],[-65.41667,-31.08333],[-65.41667,-31.375],[-65.375,-31.375],[-65.375,-31.54167],[-65.33333,-31.54167],[-65.33333,-31.58333],[-65.29167,-31.58333],[-65.29167,-31.625],[-65.25,-31.625],[-65.25,-31.70833],[-65.20833,-31.70833],[-65.20833,-31.75],[-65.16667,-31.75],[-65.16667,-31.79167],[-65.125,-31.79167],[-65.125,-31.875],[-65.04167,-31.875],[-65.04167,-32.41667],[-65.08333,-32.41667],[-65.08333,-32.5],[-65.125,-32.5],[-65.125,-32.625],[-65.16667,-32.625],[-65.16667,-32.66667],[-65.20833,-32.66667],[-65.20833,-32.70833],[-65.29167,-32.70833],[-65.29167,-32.75],[-65.375,-32.75],[-65.375,-32.66667],[-65.45833,-32.66667],[-65.45833,-32.625],[-65.54167,-32.625],[-65.54167,-32.5],[-65.75,-32.5],[-65.75,-32.375],[-65.875,-32.375],[-65.875,-32.41667],[-65.95833,-32.41667],[-65.95833,-32.45833],[-66,-32.45833],[-66,-32.58333],[-66.04167,-32.58333],[-66.04167,-32.625],[-66.08333,-32.625],[-66.08333,-32.66667],[-66.16667,-32.66667],[-66.16667,-32.70833],[-66.20833,-32.70833],[-66.20833,-32.75],[-66.25,-32.75],[-66.25,-32.875],[-66.29167,-32.875],[-66.29167,-33.25],[-66.33333,-33.25],[-66.33333,-33.375],[-66.375,-33.375],[-66.375,-33.45833],[-66.41667,-33.45833],[-66.41667,-33.54167],[-66.5,-33.54167],[-66.5,-33.58333],[-66.58333,-33.58333],[-66.58333,-33.625],[-66.70833,-33.625],[-66.70833,-33.54167],[-66.75,-33.54167],[-66.75,-33.41667],[-66.79167,-33.41667],[-66.79167,-33.16667],[-67.16667,-33.16667],[-67.16667,-33.125],[-67.20833,-33.125],[-67.20833,-33.08333],[-67.25,-33.08333],[-67.25,-33.04167],[-67.29167,-33.04167],[-67.29167,-32.95833],[-67.33333,-32.95833],[-67.33333,-32.91667],[-67.375,-32.91667],[-67.375,-32.875],[-67.41667,-32.875],[-67.41667,-32.79167],[-67.45833,-32.79167],[-67.45833,-32.75],[-67.5,-32.75],[-67.5,-32.66667],[-67.54167,-32.66667],[-67.54167,-32.5],[-67.58333,-32.5],[-67.58333,-32.375],[-67.625,-32.375],[-67.625,-32.20833],[-67.66667,-32.20833],[-67.66667,-32.125],[-67.625,-32.125],[-67.625,-31.95833],[-67.58333,-31.95833],[-67.58333,-31.75],[-67.54167,-31.75],[-67.54167,-31.54167],[-67.5,-31.54167],[-67.5,-31.5],[-67.45833,-31.5],[-67.45833,-31.45833],[-67.33333,-31.45833],[-67.33333,-31.33333],[-67.29167,-31.33333],[-67.29167,-31.125],[-67.25,-31.125],[-67.25,-31],[-67.29167,-31],[-67.29167,-30.75],[-67.25,-30.75],[-67.25,-30.66667],[-67.20833,-30.66667],[-67.20833,-30.625],[-67.16667,-30.625],[-67.16667,-30.54167],[-67.125,-30.54167],[-67.125,-30.20833],[-67.16667,-30.20833],[-67.16667,-30.125],[-67.20833,-30.125],[-67.20833,-30],[-67.25,-30],[-67.25,-29.875],[-67.29167,-29.875],[-67.29167,-29.75],[-67.33333,-29.75],[-67.33333,-29.70833],[-67.375,-29.70833],[-67.375,-29.66667],[-67.41667,-29.66667],[-67.41667,-29.625],[-67.33333,-29.625],[-67.33333,-29.58333],[-67.375,-29.58333],[-67.375,-29.54167],[-67.33333,-29.54167],[-67.33333,-29.5],[-67.25,-29.5],[-67.25,-29.54167],[-67.20833,-29.54167],[-67.20833,-29.58333],[-67.25,-29.58333],[-67.25,-29.625],[-67.20833,-29.625],[-67.20833,-29.66667],[-67.16667,-29.66667],[-67.16667,-29.79167],[-67.125,-29.79167],[-67.125,-29.91667],[-67.08333,-29.91667],[-67.08333,-29.83333],[-67.04167,-29.83333],[-67.04167,-29.875],[-66.95833,-29.875],[-66.95833,-29.79167],[-67,-29.79167],[-67,-29.70833],[-66.95833,-29.70833],[-66.95833,-29.66667],[-67,-29.66667],[-67,-29.625],[-66.95833,-29.625],[-66.95833,-29.5],[-66.91667,-29.5],[-66.91667,-29.375],[-66.875,-29.375],[-66.875,-29.29167],[-66.83333,-29.29167],[-66.83333,-29.20833],[-66.79167,-29.20833],[-66.79167,-29.16667],[-66.75,-29.16667],[-66.75,-29],[-66.70833,-29],[-66.70833,-28.91667],[-66.66667,-28.91667],[-66.66667,-28.875],[-66.75,-28.875],[-66.75,-28.79167],[-66.79167,-28.79167],[-66.79167,-28.66667],[-66.83333,-28.66667],[-66.83333,-28.625],[-66.875,-28.625],[-66.875,-28.54167],[-66.91667,-28.54167],[-66.91667,-28.45833],[-66.95833,-28.45833],[-66.95833,-28.375],[-67.08333,-28.375],[-67.08333,-28.45833],[-67.125,-28.45833],[-67.125,-28.375],[-67.29167,-28.375],[-67.29167,-28.33333],[-67.33333,-28.33333],[-67.33333,-28.29167],[-67.25,-28.29167],[-67.25,-28.25],[-67.20833,-28.25],[-67.20833,-28.20833],[-67.16667,-28.20833],[-67.16667,-28.08333],[-67.20833,-28.08333],[-67.20833,-27.75],[-67.16667,-27.75],[-67.16667,-27.70833],[-67.125,-27.70833],[-67.125,-27.66667],[-67.04167,-27.66667],[-67.04167,-27.625],[-67,-27.625],[-67,-27.66667],[-66.95833,-27.66667],[-66.95833,-27.625],[-66.79167,-27.625],[-66.79167,-27.66667],[-66.75,-27.66667],[-66.75,-27.70833],[-66.70833,-27.70833],[-66.70833,-27.625],[-66.58333,-27.625],[-66.58333,-27.54167],[-66.41667,-27.54167],[-66.41667,-27.5],[-66.29167,-27.5],[-66.29167,-27.58333],[-66.25,-27.58333],[-66.25,-27.625],[-66.16667,-27.625],[-66.16667,-27.70833],[-66.125,-27.70833],[-66.125,-27.95833],[-66.16667,-27.95833],[-66.16667,-28.29167],[-66.20833,-28.29167],[-66.20833,-28.41667],[-66.25,-28.41667],[-66.25,-28.54167],[-66.29167,-28.54167],[-66.29167,-28.625],[-66.33333,-28.625],[-66.33333,-28.66667],[-66.375,-28.66667],[-66.375,-28.75],[-66.45833,-28.75],[-66.45833,-28.79167],[-66.5,-28.79167],[-66.5,-28.83333],[-66.54167,-28.83333],[-66.54167,-28.95833],[-66.5,-28.95833],[-66.5,-28.91667],[-66.45833,-28.91667],[-66.45833,-28.83333],[-66.29167,-28.83333],[-66.29167,-28.79167],[-66.20833,-28.79167],[-66.20833,-28.75],[-66.16667,-28.75],[-66.16667,-28.70833],[-66.125,-28.70833],[-66.125,-28.66667],[-66,-28.66667],[-66,-28.625],[-65.95833,-28.625],[-65.95833,-28.58333],[-65.91667,-28.58333],[-65.91667,-28.5],[-65.875,-28.5],[-65.875,-28.41667],[-65.83333,-28.41667],[-65.83333,-28.29167],[-65.79167,-28.29167],[-65.79167,-28.25],[-65.83333,-28.25],[-65.83333,-28.04167],[-65.875,-28.04167],[-65.875,-27.83333],[-65.83333,-27.83333],[-65.83333,-27.95833],[-65.79167,-27.95833],[-65.79167,-28.125],[-65.75,-28.125],[-65.75,-28.25],[-65.70833,-28.25],[-65.70833,-28.04167],[-65.75,-28.04167],[-65.75,-28],[-65.70833,-28],[-65.70833,-27.95833],[-65.66667,-27.95833],[-65.66667,-27.83333],[-65.70833,-27.83333],[-65.70833,-27.91667],[-65.75,-27.91667],[-65.75,-27.79167],[-65.70833,-27.79167],[-65.70833,-27.75],[-65.79167,-27.75],[-65.79167,-27.79167],[-65.83333,-27.79167],[-65.83333,-27.66667],[-65.875,-27.66667],[-65.875,-27.58333],[-65.91667,-27.58333],[-65.91667,-27.54167],[-65.83333,-27.54167],[-65.83333,-27.5],[-65.875,-27.5],[-65.875,-27.41667],[-65.95833,-27.41667],[-65.95833,-27.375],[-65.91667,-27.375],[-65.91667,-27.25],[-65.875,-27.25],[-65.875,-27.16667],[-65.83333,-27.16667],[-65.83333,-27.125],[-65.79167,-27.125],[-65.79167,-27.08333],[-65.75,-27.08333],[-65.75,-27.125],[-65.70833,-27.125],[-65.70833,-27.04167],[-65.66667,-27.04167],[-65.66667,-27],[-65.625,-27],[-65.625,-26.95833],[-65.58333,-26.95833],[-65.58333,-26.91667],[-65.54167,-26.91667],[-65.54167,-26.79167],[-65.5,-26.79167],[-65.5,-26.75],[-65.54167,-26.75],[-65.54167,-26.70833],[-65.45833,-26.70833],[-65.45833,-26.58333],[-65.41667,-26.58333],[-65.41667,-26.54167],[-65.5,-26.54167],[-65.5,-26.58333],[-65.58333,-26.58333],[-65.58333,-26.54167],[-65.54167,-26.54167],[-65.54167,-26.5],[-65.58333,-26.5],[-65.58333,-26],[-65.54167,-26],[-65.54167,-25.91667],[-65.5,-25.91667],[-65.5,-25.79167],[-65.45833,-25.79167],[-65.45833,-25.75],[-65.375,-25.75],[-65.375,-25.70833],[-65.41667,-25.70833],[-65.41667,-25.66667],[-65.25,-25.66667],[-65.25,-25.625],[-65.16667,-25.625],[-65.16667,-25.66667],[-65.125,-25.66667],[-65.125,-25.25],[-65.16667,-25.25],[-65.16667,-25.33333],[-65.20833,-25.33333],[-65.20833,-25.375],[-65.25,-25.375],[-65.25,-25.5],[-65.20833,-25.5],[-65.20833,-25.58333],[-65.25,-25.58333],[-65.25,-25.54167],[-65.29167,-25.54167],[-65.29167,-25.5],[-65.375,-25.5],[-65.375,-25.54167],[-65.41667,-25.54167],[-65.41667,-25.58333],[-65.45833,-25.58333],[-65.45833,-25.66667],[-65.54167,-25.66667],[-65.54167,-25.70833],[-65.625,-25.70833],[-65.625,-25.66667],[-65.66667,-25.66667],[-65.66667,-25.95833],[-65.75,-25.95833],[-65.75,-25.70833],[-65.70833,-25.70833],[-65.70833,-25.625],[-65.66667,-25.625],[-65.66667,-25.58333],[-65.625,-25.58333],[-65.625,-25.54167],[-65.66667,-25.54167],[-65.66667,-25.5],[-65.70833,-25.5],[-65.70833,-25.45833],[-65.66667,-25.45833],[-65.66667,-25.33333],[-65.625,-25.33333],[-65.625,-25.25],[-65.58333,-25.25],[-65.58333,-25.20833],[-65.54167,-25.20833],[-65.54167,-25.16667],[-65.625,-25.16667],[-65.625,-25.08333],[-65.66667,-25.08333],[-65.66667,-25.04167],[-65.70833,-25.04167],[-65.70833,-24.95833],[-65.66667,-24.95833],[-65.66667,-24.875],[-65.625,-24.875],[-65.625,-24.79167],[-65.58333,-24.79167],[-65.58333,-24.75],[-65.5,-24.75],[-65.5,-24.625],[-65.45833,-24.625],[-65.45833,-24.58333],[-65.41667,-24.58333],[-65.41667,-24.54167],[-65.375,-24.54167],[-65.375,-24.41667],[-65.41667,-24.41667],[-65.41667,-24.375],[-65.375,-24.375],[-65.375,-24.33333],[-65.41667,-24.33333],[-65.41667,-24.20833],[-65.45833,-24.20833],[-65.45833,-24.16667],[-65.41667,-24.16667],[-65.41667,-24.04167],[-65.375,-24.04167],[-65.375,-23.95833],[-65.29167,-23.95833],[-65.29167,-23.875],[-65.20833,-23.875],[-65.20833,-23.79167],[-65.16667,-23.79167],[-65.16667,-23.70833],[-65.125,-23.70833],[-65.125,-23.625],[-65.08333,-23.625],[-65.08333,-23.54167],[-65,-23.54167],[-65,-23.45833],[-64.91667,-23.45833],[-64.91667,-23.66667],[-64.875,-23.66667],[-64.875,-23.625],[-64.83333,-23.625],[-64.83333,-23.58333],[-64.79167,-23.58333],[-64.79167,-23.45833],[-64.875,-23.45833],[-64.875,-23.375],[-64.83333,-23.375],[-64.83333,-23.29167],[-64.875,-23.29167],[-64.875,-23.25],[-64.83333,-23.25],[-64.83333,-23.125],[-64.875,-23.125],[-64.875,-22.95833],[-64.91667,-22.95833],[-64.91667,-22.875],[-65.04167,-22.875],[-65.04167,-22.83333],[-65.08333,-22.83333],[-65.08333,-22.79167],[-65.125,-22.79167]],[[-65.875,-24.79167],[-65.83333,-24.79167],[-65.83333,-25],[-65.79167,-25],[-65.79167,-25.16667],[-65.875,-25.16667],[-65.875,-25.20833],[-65.91667,-25.20833],[-65.91667,-25.08333],[-65.95833,-25.08333],[-65.95833,-24.875],[-65.91667,-24.875],[-65.91667,-24.83333],[-65.875,-24.83333],[-65.875,-24.79167]],[[-65.79167,-24.875],[-65.75,-24.875],[-65.75,-24.91667],[-65.79167,-24.91667],[-65.79167,-24.875]],[[-66.04167,-25.29167],[-65.95833,-25.29167],[-65.95833,-25.41667],[-66.04167,-25.41667],[-66.04167,-25.29167]],[[-66.125,-25.66667],[-66,-25.66667],[-66,-25.70833],[-65.95833,-25.70833],[-65.95833,-25.79167],[-65.91667,-25.79167],[-65.91667,-25.83333],[-65.875,-25.83333],[-65.875,-25.875],[-65.83333,-25.875],[-65.83333,-25.95833],[-65.75,-25.95833],[-65.75,-26],[-65.79167,-26],[-65.79167,-26.04167],[-65.83333,-26.04167],[-65.83333,-26.33333],[-65.875,-26.33333],[-65.875,-26.375],[-65.91667,-26.375],[-65.91667,-26.41667],[-65.95833,-26.41667],[-65.95833,-26.125],[-66,-26.125],[-66,-25.75],[-66.04167,-25.75],[-66.04167,-25.70833],[-66.125,-25.70833],[-66.125,-25.66667]],[[-65.70833,-26.08333],[-65.66667,-26.08333],[-65.66667,-26.20833],[-65.70833,-26.20833],[-65.70833,-26.16667],[-65.75,-26.16667],[-65.75,-26.125],[-65.70833,-26.125],[-65.70833,-26.08333]],[[-65.75,-26.25],[-65.70833,-26.25],[-65.70833,-26.375],[-65.66667,-26.375],[-65.66667,-26.41667],[-65.70833,-26.41667],[-65.70833,-26.45833],[-65.66667,-26.45833],[-65.66667,-26.79167],[-65.70833,-26.79167],[-65.70833,-26.75],[-65.75,-26.75],[-65.75,-26.79167],[-65.79167,-26.79167],[-65.79167,-26.95833],[-65.83333,-26.95833],[-65.83333,-27],[-65.875,-27],[-65.875,-27.125],[-65.91667,-27.125],[-65.91667,-27.16667],[-65.95833,-27.16667],[-65.95833,-27.20833],[-66,-27.20833],[-66,-27.29167],[-66.04167,-27.29167],[-66.04167,-27.33333],[-66.08333,-27.33333],[-66.08333,-27.41667],[-66.125,-27.41667],[-66.125,-27.45833],[-66.20833,-27.45833],[-66.20833,-27.41667],[-66.25,-27.41667],[-66.25,-27.375],[-66.45833,-27.375],[-66.45833,-27.33333],[-66.33333,-27.33333],[-66.33333,-27.29167],[-66.25,-27.29167],[-66.25,-27.25],[-66.20833,-27.25],[-66.20833,-27.20833],[-66.16667,-27.20833],[-66.16667,-27.125],[-66.125,-27.125],[-66.125,-27.08333],[-66.08333,-27.08333],[-66.08333,-27],[-66,-27],[-66,-26.875],[-65.95833,-26.875],[-65.95833,-26.79167],[-65.91667,-26.79167],[-65.91667,-26.75],[-65.875,-26.75],[-65.875,-26.70833],[-65.79167,-26.70833],[-65.79167,-26.41667],[-65.75,-26.41667],[-65.75,-26.25]],[[-66.25,-26.79167],[-66.20833,-26.79167],[-66.20833,-26.83333],[-66.16667,-26.83333],[-66.16667,-26.875],[-66.25,-26.875],[-66.25,-26.79167]],[[-66.08333,-27.91667],[-66.04167,-27.91667],[-66.04167,-28.04167],[-66,-28.04167],[-66,-28.125],[-65.95833,-28.125],[-65.95833,-28.25],[-66,-28.25],[-66,-28.375],[-65.95833,-28.375],[-65.95833,-28.41667],[-66,-28.41667],[-66,-28.54167],[-66.04167,-28.54167],[-66.04167,-28.5],[-66.08333,-28.5],[-66.08333,-28.54167],[-66.125,-28.54167],[-66.125,-28.45833],[-66.08333,-28.45833],[-66.08333,-28.16667],[-66.04167,-28.16667],[-66.04167,-28.125],[-66.08333,-28.125],[-66.08333,-27.91667]],[[-67.04167,-28.58333],[-67,-28.58333],[-67,-28.66667],[-67.04167,-28.66667],[-67.04167,-28.91667],[-67.08333,-28.91667],[-67.08333,-29.04167],[-67.125,-29.04167],[-67.125,-29.08333],[-67.20833,-29.08333],[-67.20833,-29.16667],[-67.25,-29.16667],[-67.25,-28.75],[-67.20833,-28.75],[-67.20833,-28.70833],[-67.125,-28.70833],[-67.125,-28.66667],[-67.08333,-28.66667],[-67.08333,-28.625],[-67.04167,-28.625],[-67.04167,-28.58333]],[[-67.20833,-29.25],[-67.16667,-29.25],[-67.16667,-29.29167],[-67.20833,-29.29167],[-67.20833,-29.25]],[[-67.875,-29.29167],[-67.83333,-29.29167],[-67.83333,-29.33333],[-67.875,-29.33333],[-67.875,-29.29167]],[[-67.75,-29.41667],[-67.66667,-29.41667],[-67.66667,-29.54167],[-67.625,-29.54167],[-67.625,-29.58333],[-67.58333,-29.58333],[-67.58333,-29.66667],[-67.66667,-29.66667],[-67.66667,-29.58333],[-67.70833,-29.58333],[-67.70833,-29.45833],[-67.75,-29.45833],[-67.75,-29.41667]],[[-67.54167,-29.70833],[-67.5,-29.70833],[-67.5,-29.79167],[-67.45833,-29.79167],[-67.45833,-29.875],[-67.5,-29.875],[-67.5,-29.83333],[-67.54167,-29.83333],[-67.54167,-29.70833]],[[-68.70833,-29.79167],[-68.66667,-29.79167],[-68.66667,-29.83333],[-68.70833,-29.83333],[-68.70833,-29.79167]],[[-68.625,-29.79167],[-68.58333,-29.79167],[-68.58333,-29.83333],[-68.625,-29.83333],[-68.625,-29.79167]],[[-68.66667,-29.83333],[-68.625,-29.83333],[-68.625,-29.875],[-68.66667,-29.875],[-68.66667,-29.83333]],[[-68.83333,-30.75],[-68.79167,-30.75],[-68.79167,-30.83333],[-68.83333,-30.83333],[-68.83333,-30.75]],[[-68.79167,-30.83333],[-68.75,-30.83333],[-68.75,-30.95833],[-68.79167,-30.95833],[-68.79167,-30.83333]],[[-67.54167,-30.95833],[-67.41667,-30.95833],[-67.41667,-31],[-67.45833,-31],[-67.45833,-31.04167],[-67.41667,-31.04167],[-67.41667,-31.16667],[-67.45833,-31.16667],[-67.45833,-31.08333],[-67.5,-31.08333],[-67.5,-31],[-67.54167,-31],[-67.54167,-30.95833]],[[-68,-31.125],[-67.83333,-31.125],[-67.83333,-31.375],[-67.875,-31.375],[-67.875,-31.41667],[-67.91667,-31.41667],[-67.91667,-31.5],[-67.95833,-31.5],[-67.95833,-31.54167],[-68.08333,-31.54167],[-68.08333,-31.41667],[-68.04167,-31.41667],[-68.04167,-31.25],[-68,-31.25],[-68,-31.125]],[[-64.83333,-31.375],[-64.79167,-31.375],[-64.79167,-31.5],[-64.75,-31.5],[-64.75,-31.70833],[-64.70833,-31.70833],[-64.70833,-31.75],[-64.75,-31.75],[-64.75,-31.79167],[-64.79167,-31.79167],[-64.79167,-31.875],[-64.83333,-31.875],[-64.83333,-31.95833],[-64.875,-31.95833],[-64.875,-32.20833],[-64.91667,-32.20833],[-64.91667,-32.25],[-64.875,-32.25],[-64.875,-32.45833],[-64.83333,-32.45833],[-64.83333,-32.5],[-64.875,-32.5],[-64.875,-32.54167],[-64.91667,-32.54167],[-64.91667,-32.45833],[-64.95833,-32.45833],[-64.95833,-32.41667],[-64.91667,-32.41667],[-64.91667,-32.33333],[-64.95833,-32.33333],[-64.95833,-31.91667],[-64.91667,-31.91667],[-64.91667,-31.875],[-64.875,-31.875],[-64.875,-31.66667],[-64.91667,-31.66667],[-64.91667,-31.45833],[-64.875,-31.45833],[-64.875,-31.41667],[-64.83333,-31.41667],[-64.83333,-31.375]],[[-64.91667,-32.58333],[-64.875,-32.58333],[-64.875,-32.625],[-64.91667,-32.625],[-64.91667,-32.58333]],[[-66.20833,-32.83333],[-66.16667,-32.83333],[-66.16667,-32.875],[-66.20833,-32.875],[-66.20833,-32.83333]],[[-69.16667,-33],[-69.125,-33],[-69.125,-33.04167],[-69.16667,-33.04167],[-69.16667,-33]],[[-66.20833,-33],[-66.16667,-33],[-66.16667,-33.08333],[-66.20833,-33.08333],[-66.20833,-33]],[[-68.58333,-37.25],[-68.54167,-37.25],[-68.54167,-37.29167],[-68.58333,-37.29167],[-68.58333,-37.25]],[[-69.25,-37.41667],[-69.20833,-37.41667],[-69.20833,-37.45833],[-69.04167,-37.45833],[-69.04167,-37.5],[-69,-37.5],[-69,-37.54167],[-68.83333,-37.54167],[-68.83333,-37.58333],[-68.75,-37.58333],[-68.75,-37.625],[-68.70833,-37.625],[-68.70833,-37.66667],[-68.66667,-37.66667],[-68.66667,-37.79167],[-68.70833,-37.79167],[-68.70833,-37.83333],[-68.75,-37.83333],[-68.75,-37.875],[-68.875,-37.875],[-68.875,-37.83333],[-68.95833,-37.83333],[-68.95833,-37.875],[-69,-37.875],[-69,-37.83333],[-69.04167,-37.83333],[-69.04167,-37.79167],[-69.125,-37.79167],[-69.125,-37.70833],[-69.16667,-37.70833],[-69.16667,-37.66667],[-69.125,-37.66667],[-69.125,-37.58333],[-69.08333,-37.58333],[-69.08333,-37.54167],[-69.29167,-37.54167],[-69.29167,-37.5],[-69.25,-37.5],[-69.25,-37.41667]],[[-70.08333,-37.625],[-70.04167,-37.625],[-70.04167,-37.66667],[-70.08333,-37.66667],[-70.08333,-37.625]],[[-70,-37.70833],[-69.95833,-37.70833],[-69.95833,-37.75],[-69.91667,-37.75],[-69.91667,-37.79167],[-70,-37.79167],[-70,-37.70833]],[[-69.83333,-38.41667],[-69.70833,-38.41667],[-69.70833,-38.45833],[-69.83333,-38.45833],[-69.83333,-38.41667]],[[-69.54167,-38.54167],[-69.5,-38.54167],[-69.5,-38.58333],[-69.54167,-38.58333],[-69.54167,-38.54167]],[[-68.875,-38.70833],[-68.79167,-38.70833],[-68.79167,-38.83333],[-68.83333,-38.83333],[-68.83333,-38.875],[-68.91667,-38.875],[-68.91667,-38.79167],[-68.875,-38.79167],[-68.875,-38.70833]],[[-62.375,-38.70833],[-62.33333,-38.70833],[-62.33333,-38.75],[-62.375,-38.75],[-62.375,-38.70833]],[[-62.5,-38.75],[-62.375,-38.75],[-62.375,-38.79167],[-62.5,-38.79167],[-62.5,-38.75]],[[-67,-40.75],[-66.95833,-40.75],[-66.95833,-40.79167],[-67,-40.79167],[-67,-40.75]],[[-66.66667,-40.875],[-66.625,-40.875],[-66.625,-40.91667],[-66.66667,-40.91667],[-66.66667,-40.875]],[[-67.29167,-43.54167],[-67.25,-43.54167],[-67.25,-43.58333],[-67.20833,-43.58333],[-67.20833,-43.625],[-67.125,-43.625],[-67.125,-43.58333],[-67.04167,-43.58333],[-67.04167,-43.54167],[-67,-43.54167],[-67,-43.58333],[-66.91667,-43.58333],[-66.91667,-43.625],[-66.79167,-43.625],[-66.79167,-43.70833],[-66.70833,-43.70833],[-66.70833,-43.75],[-66.625,-43.75],[-66.625,-43.79167],[-66.75,-43.79167],[-66.75,-43.83333],[-66.83333,-43.83333],[-66.83333,-43.875],[-66.91667,-43.875],[-66.91667,-43.91667],[-67,-43.91667],[-67,-43.875],[-67.08333,-43.875],[-67.08333,-43.83333],[-67.125,-43.83333],[-67.125,-43.79167],[-67.20833,-43.79167],[-67.20833,-43.70833],[-67.25,-43.70833],[-67.25,-43.66667],[-67.29167,-43.66667],[-67.29167,-43.625],[-67.375,-43.625],[-67.375,-43.58333],[-67.29167,-43.58333],[-67.29167,-43.54167]],[[-68.25,-46.125],[-68.20833,-46.125],[-68.20833,-46.16667],[-68.25,-46.16667],[-68.25,-46.125]],[[-68.625,-46.41667],[-68.58333,-46.41667],[-68.58333,-46.45833],[-68.625,-46.45833],[-68.625,-46.41667]],[[-67.5,-46.70833],[-67.45833,-46.70833],[-67.45833,-46.75],[-67.5,-46.75],[-67.5,-46.70833]],[[-68.5,-47.29167],[-68.45833,-47.29167],[-68.45833,-47.33333],[-68.5,-47.33333],[-68.5,-47.29167]]]}},{"type":"Feature","properties":{"fid":210,"class_id":3},"geometry":{"type":"Polygon","coordinates":[[[-67.70833,-47.375],[-67.70833,-47.41667],[-67.66667,-47.41667],[-67.66667,-47.375],[-67.70833,-47.375]]]}},{"type":"Feature","properties":{"fid":211,"class_id":3},"geometry":{"type":"Polygon","coordinates":[[[-68,-47.41667],[-68,-47.45833],[-67.95833,-47.45833],[-67.95833,-47.41667],[-68,-47.41667]]]}},{"type":"Feature","properties":{"fid":212,"class_id":3},"geometry":{"type":"Polygon","coordinates":[[[-67.95833,-47.45833],[-67.95833,-47.5],[-67.91667,-47.5],[-67.91667,-47.45833],[-67.95833,-47.45833]]]}},{"type":"Feature","properties":{"fid":213,"class_id":1},"geometry":{"type":"Polygon","coordinates":[[[-72.33333,-47.54167],[-72.33333,-47.625],[-72.29167,-47.625],[-72.29167,-47.54167],[-72.33333,-47.54167]]]}},{"type":"Feature","properties":{"fid":214,"class_id":1},"geometry":{"type":"Polygon","coordinates":[[[-72.375,-47.625],[-72.375,-47.66667],[-72.33333,-47.66667],[-72.33333,-47.625],[-72.375,-47.625]]]}},{"type":"Feature","properties":{"fid":215,"class_id":1},"geometry":{"type":"Polygon","coordinates":[[[-72.29167,-47.66667],[-72.29167,-47.70833],[-72.20833,-47.70833],[-72.20833,-47.66667],[-72.29167,-47.66667]]]}},{"type":"Feature","properties":{"fid":216,"class_id":2},"geometry":{"type":"Polygon","coordinates":[[[-68.04167,-47.75],[-68.04167,-47.79167],[-67.95833,-47.79167],[-67.95833,-47.75],[-68.04167,-47.75]]]}},{"type":"Feature","properties":{"fid":217,"class_id":1},"geometry":{"type":"Polygon","coordinates":[[[-71.875,-47.66667],[-71.875,-47.79167],[-71.83333,-47.79167],[-71.83333,-47.83333],[-71.75,-47.83333],[-71.75,-47.75],[-71.79167,-47.75],[-71.79167,-47.66667],[-71.875,-47.66667]]]}},{"type":"Feature","properties":{"fid":218,"class_id":3},"geometry":{"type":"Polygon","coordinates":[[[-67.91667,-47.5],[-67.91667,-47.66667],[-68,-47.66667],[-68,-47.625],[-68.04167,-47.625],[-68.04167,-47.58333],[-68.16667,-47.58333],[-68.16667,-47.54167],[-68.25,-47.54167],[-68.25,-47.625],[-68.16667,-47.625],[-68.16667,-47.66667],[-68.125,-47.66667],[-68.125,-47.70833],[-68.16667,-47.70833],[-68.16667,-47.75],[-68.125,-47.75],[-68.125,-47.79167],[-68.08333,-47.79167],[-68.08333,-47.83333],[-68.125,-47.83333],[-68.125,-47.875],[-68.04167,-47.875],[-68.04167,-47.83333],[-67.91667,-47.83333],[-67.91667,-47.79167],[-67.875,-47.79167],[-67.875,-47.75],[-67.83333,-47.75],[-67.83333,-47.70833],[-67.875,-47.70833],[-67.875,-47.66667],[-67.79167,-47.66667],[-67.79167,-47.625],[-67.75,-47.625],[-67.75,-47.5],[-67.91667,-47.5]],[[-68.04167,-47.75],[-67.95833,-47.75],[-67.95833,-47.79167],[-68.04167,-47.79167],[-68.04167,-47.75]]]}},{"type":"Feature","properties":{"fid":219,"class_id":2},"geometry":{"type":"Polygon","coordinates":[[[-65.95833,-48.08333],[-65.95833,-48.125],[-65.91667,-48.125],[-65.91667,-48.08333],[-65.95833,-48.08333]]]}},{"type":"Feature","properties":{"fid":220,"class_id":2},"geometry":{"type":"Polygon","coordinates":[[[-66.375,-48.33333],[-66.375,-48.375],[-66.33333,-48.375],[-66.33333,-48.33333],[-66.375,-48.33333]]]}},{"type":"Feature","properties":{"fid":221,"class_id":1},"geometry":{"type":"Polygon","coordinates":[[[-73.08333,-49.125],[-73.08333,-49.16667],[-73.04167,-49.16667],[-73.04167,-49.125],[-73.08333,-49.125]]]}},{"type":"Feature","properties":{"fid":222,"class_id":2},"geometry":{"type":"Polygon","coordinates":[[[-73.375,-49.20833],[-73.375,-49.25],[-73.33333,-49.25],[-73.33333,-49.20833],[-73.375,-49.20833]]]}},{"type":"Feature","properties":{"fid":223,"class_id":1},"geometry":{"type":"Polygon","coordinates":[[[-73.5,-49.20833],[-73.5,-49.29167],[-73.41667,-49.29167],[-73.41667,-49.375],[-73.375,-49.375],[-73.375,-49.33333],[-73.33333,-49.33333],[-73.33333,-49.29167],[-73.29167,-49.29167],[-73.29167,-49.25],[-73.375,-49.25],[-73.375,-49.20833],[-73.5,-49.20833]]]}},{"type":"Feature","properties":{"fid":224,"class_id":1},"geometry":{"type":"Polygon","coordinates":[[[-73.125,-49.29167],[-73.125,-49.375],[-73.08333,-49.375],[-73.08333,-49.29167],[-73.125,-49.29167]]]}},{"type":"Feature","properties":{"fid":225,"class_id":1},"geometry":{"type":"Polygon","coordinates":[[[-73.45833,-49.375],[-73.45833,-49.45833],[-73.41667,-49.45833],[-73.41667,-49.375],[-73.45833,-49.375]]]}},{"type":"Feature","properties":{"fid":226,"class_id":1},"geometry":{"type":"Polygon","coordinates":[[[-73.54167,-49.5],[-73.54167,-49.54167],[-73.5,-49.54167],[-73.5,-49.5],[-73.54167,-49.5]]]}},{"type":"Feature","properties":{"fid":227,"class_id":1},"geometry":{"type":"Polygon","coordinates":[[[-73.16667,-49.625],[-73.16667,-49.66667],[-73.125,-49.66667],[-73.125,-49.625],[-73.16667,-49.625]]]}},{"type":"Feature","properties":{"fid":228,"class_id":1},"geometry":{"type":"Polygon","coordinates":[[[-73.5,-49.66667],[-73.5,-49.70833],[-73.45833,-49.70833],[-73.45833,-49.66667],[-73.5,-49.66667]]]}},{"type":"Feature","properties":{"fid":229,"class_id":1},"geometry":{"type":"Polygon","coordinates":[[[-73.04167,-49.79167],[-73.04167,-49.875],[-73,-49.875],[-73,-49.79167],[-73.04167,-49.79167]]]}},{"type":"Feature","properties":{"fid":230,"class_id":1},"geometry":{"type":"Polygon","coordinates":[[[-72.95833,-49.875],[-72.95833,-49.91667],[-72.91667,-49.91667],[-72.91667,-49.875],[-72.95833,-49.875]]]}},{"type":"Feature","properties":{"fid":231,"class_id":1},"geometry":{"type":"Polygon","coordinates":[[[-73.45833,-49.75],[-73.45833,-49.79167],[-73.5,-49.79167],[-73.5,-49.91667],[-73.54167,-49.91667],[-73.54167,-50],[-73.58333,-50],[-73.58333,-50.04167],[-73.5,-50.04167],[-73.5,-50.125],[-73.45833,-50.125],[-73.45833,-50.08333],[-73.41667,-50.08333],[-73.41667,-49.91667],[-73.45833,-49.91667],[-73.45833,-49.83333],[-73.41667,-49.83333],[-73.41667,-49.75],[-73.45833,-49.75]]]}},{"type":"Feature","properties":{"fid":232,"class_id":1},"geometry":{"type":"Polygon","coordinates":[[[-73.54167,-50.125],[-73.54167,-50.25],[-73.58333,-50.25],[-73.58333,-50.29167],[-73.5,-50.29167],[-73.5,-50.33333],[-73.45833,-50.33333],[-73.45833,-50.25],[-73.41667,-50.25],[-73.41667,-50.20833],[-73.33333,-50.20833],[-73.33333,-50.16667],[-73.5,-50.16667],[-73.5,-50.125],[-73.54167,-50.125]]]}},{"type":"Feature","properties":{"fid":233,"class_id":1},"geometry":{"type":"Polygon","coordinates":[[[-73.16667,-50.54167],[-73.16667,-50.58333],[-73.125,-50.58333],[-73.125,-50.54167],[-73.16667,-50.54167]]]}},{"type":"Feature","properties":{"fid":234,"class_id":1},"geometry":{"type":"Polygon","coordinates":[[[-73.41667,-50.45833],[-73.41667,-50.5],[-73.375,-50.5],[-73.375,-50.54167],[-73.33333,-50.54167],[-73.33333,-50.58333],[-73.29167,-50.58333],[-73.29167,-50.66667],[-73.125,-50.66667],[-73.125,-50.625],[-73.20833,-50.625],[-73.20833,-50.58333],[-73.25,-50.58333],[-73.25,-50.54167],[-73.29167,-50.54167],[-73.29167,-50.5],[-73.33333,-50.5],[-73.33333,-50.45833],[-73.41667,-50.45833]]]}},{"type":"Feature","properties":{"fid":235,"class_id":1},"geometry":{"type":"Polygon","coordinates":[[[-72.20833,-50.625],[-72.20833,-50.66667],[-72.16667,-50.66667],[-72.16667,-50.625],[-72.20833,-50.625]]]}},{"type":"Feature","properties":{"fid":236,"class_id":1},"geometry":{"type":"Polygon","coordinates":[[[-73.25,-50.70833],[-73.25,-50.75],[-73.16667,-50.75],[-73.16667,-50.70833],[-73.25,-50.70833]]]}},{"type":"Feature","properties":{"fid":237,"class_id":1},"geometry":{"type":"Polygon","coordinates":[[[-72.29167,-50.75],[-72.29167,-50.79167],[-72.25,-50.79167],[-72.25,-50.75],[-72.29167,-50.75]]]}},{"type":"Feature","properties":{"fid":238,"class_id":2},"geometry":{"type":"Polygon","coordinates":[[[-61.25,-51],[-61.25,-51.04167],[-61.20833,-51.04167],[-61.20833,-51],[-61.25,-51]]]}},{"type":"Feature","properties":{"fid":239,"class_id":2},"geometry":{"type":"Polygon","coordinates":[[[-61.125,-51.04167],[-61.125,-51.08333],[-61.08333,-51.08333],[-61.08333,-51.04167],[-61.125,-51.04167]]]}},{"type":"Feature","properties":{"fid":240,"class_id":2},"geometry":{"type":"Polygon","coordinates":[[[-60.41667,-51.125],[-60.41667,-51.16667],[-60.375,-51.16667],[-60.375,-51.125],[-60.41667,-51.125]]]}},{"type":"Feature","properties":{"fid":241,"class_id":2},"geometry":{"type":"Polygon","coordinates":[[[-60.625,-51.25],[-60.625,-51.29167],[-60.54167,-51.29167],[-60.54167,-51.25],[-60.625,-51.25]]]}},{"type":"Feature","properties":{"fid":242,"class_id":2},"geometry":{"type":"Polygon","coordinates":[[[-60.33333,-51.25],[-60.33333,-51.29167],[-60.29167,-51.29167],[-60.29167,-51.25],[-60.33333,-51.25]]]}},{"type":"Feature","properties":{"fid":243,"class_id":2},"geometry":{"type":"Polygon","coordinates":[[[-59.83333,-51.25],[-59.83333,-51.29167],[-59.70833,-51.29167],[-59.70833,-51.25],[-59.83333,-51.25]]]}},{"type":"Feature","properties":{"fid":244,"class_id":2},"geometry":{"type":"Polygon","coordinates":[[[-58.95833,-51.25],[-58.95833,-51.29167],[-58.91667,-51.29167],[-58.91667,-51.25],[-58.95833,-51.25]]]}},{"type":"Feature","properties":{"fid":245,"class_id":2},"geometry":{"type":"Polygon","coordinates":[[[-59.66667,-51.25],[-59.66667,-51.29167],[-59.625,-51.29167],[-59.625,-51.33333],[-59.45833,-51.33333],[-59.45833,-51.29167],[-59.58333,-51.29167],[-59.58333,-51.25],[-59.66667,-51.25]]]}},{"type":"Feature","properties":{"fid":246,"class_id":2},"geometry":{"type":"Polygon","coordinates":[[[-60.125,-51.29167],[-60.125,-51.375],[-60.08333,-51.375],[-60.08333,-51.29167],[-60.125,-51.29167]]]}},{"type":"Feature","properties":{"fid":247,"class_id":2},"geometry":{"type":"Polygon","coordinates":[[[-60.04167,-51.29167],[-60.04167,-51.33333],[-59.95833,-51.33333],[-59.95833,-51.375],[-59.91667,-51.375],[-59.91667,-51.29167],[-60.04167,-51.29167]]]}},{"type":"Feature","properties":{"fid":248,"class_id":2},"geometry":{"type":"Polygon","coordinates":[[[-60.70833,-51.33333],[-60.70833,-51.375],[-60.66667,-51.375],[-60.66667,-51.33333],[-60.70833,-51.33333]]]}},{"type":"Feature","properties":{"fid":249,"class_id":2},"geometry":{"type":"Polygon","coordinates":[[[-59.79167,-51.33333],[-59.79167,-51.375],[-59.75,-51.375],[-59.75,-51.41667],[-59.70833,-51.41667],[-59.70833,-51.375],[-59.625,-51.375],[-59.625,-51.33333],[-59.79167,-51.33333]]]}},{"type":"Feature","properties":{"fid":250,"class_id":2},"geometry":{"type":"Polygon","coordinates":[[[-60.25,-51.29167],[-60.25,-51.375],[-60.29167,-51.375],[-60.29167,-51.41667],[-60.125,-51.41667],[-60.125,-51.375],[-60.20833,-51.375],[-60.20833,-51.29167],[-60.25,-51.29167]]]}},{"type":"Feature","properties":{"fid":251,"class_id":2},"geometry":{"type":"Polygon","coordinates":[[[-59.83333,-51.375],[-59.83333,-51.41667],[-59.79167,-51.41667],[-59.79167,-51.375],[-59.83333,-51.375]]]}},{"type":"Feature","properties":{"fid":252,"class_id":2},"geometry":{"type":"Polygon","coordinates":[[[-60.70833,-51.625],[-60.70833,-51.66667],[-60.66667,-51.66667],[-60.66667,-51.625],[-60.70833,-51.625]]]}},{"type":"Feature","properties":{"fid":253,"class_id":2},"geometry":{"type":"Polygon","coordinates":[[[-61.16667,-51.79167],[-61.16667,-51.83333],[-61.08333,-51.83333],[-61.08333,-51.79167],[-61.16667,-51.79167]]]}},{"type":"Feature","properties":{"fid":254,"class_id":2},"geometry":{"type":"Polygon","coordinates":[[[-58.20833,-51.83333],[-58.20833,-51.875],[-58.16667,-51.875],[-58.16667,-51.83333],[-58.20833,-51.83333]]]}},{"type":"Feature","properties":{"fid":255,"class_id":2},"geometry":{"type":"Polygon","coordinates":[[[-61.25,-51.79167],[-61.25,-51.83333],[-61.29167,-51.83333],[-61.29167,-51.875],[-61.20833,-51.875],[-61.20833,-51.91667],[-61.16667,-51.91667],[-61.16667,-51.83333],[-61.20833,-51.83333],[-61.20833,-51.79167],[-61.25,-51.79167]]]}},{"type":"Feature","properties":{"fid":256,"class_id":2},"geometry":{"type":"Polygon","coordinates":[[[-61.04167,-51.79167],[-61.04167,-51.83333],[-61.08333,-51.83333],[-61.08333,-51.875],[-61.125,-51.875],[-61.125,-51.91667],[-61.08333,-51.91667],[-61.08333,-51.95833],[-61,-51.95833],[-61,-52],[-60.95833,-52],[-60.95833,-51.95833],[-60.875,-51.95833],[-60.875,-51.91667],[-60.91667,-51.91667],[-60.91667,-51.875],[-60.875,-51.875],[-60.875,-51.83333],[-60.91667,-51.83333],[-60.91667,-51.79167],[-61.04167,-51.79167]],[[-61.04167,-51.83333],[-61,-51.83333],[-61,-51.875],[-61.04167,-51.875],[-61.04167,-51.83333]]]}},{"type":"Feature","properties":{"fid":257,"class_id":2},"geometry":{"type":"Polygon","coordinates":[[[-59.70833,-51.95833],[-59.70833,-52.04167],[-59.66667,-52.04167],[-59.66667,-51.95833],[-59.70833,-51.95833]]]}},{"type":"Feature","properties":{"fid":258,"class_id":2},"geometry":{"type":"Polygon","coordinates":[[[-58.5,-51.95833],[-58.5,-52],[-58.54167,-52],[-58.54167,-52.04167],[-58.5,-52.04167],[-58.5,-52.08333],[-58.45833,-52.08333],[-58.45833,-51.95833],[-58.5,-51.95833]]]}},{"type":"Feature","properties":{"fid":259,"class_id":2},"geometry":{"type":"Polygon","coordinates":[[[-59.75,-52.04167],[-59.75,-52.08333],[-59.70833,-52.08333],[-59.70833,-52.04167],[-59.75,-52.04167]]]}},{"type":"Feature","properties":{"fid":260,"class_id":2},"geometry":{"type":"Polygon","coordinates":[[[-59.08333,-52.125],[-59.08333,-52.16667],[-59.04167,-52.16667],[-59.04167,-52.125],[-59.08333,-52.125]]]}},{"type":"Feature","properties":{"fid":261,"class_id":2},"geometry":{"type":"Polygon","coordinates":[[[-58.625,-52.125],[-58.625,-52.16667],[-58.58333,-52.16667],[-58.58333,-52.125],[-58.625,-52.125]]]}},{"type":"Feature","properties":{"fid":262,"class_id":2},"geometry":{"type":"Polygon","coordinates":[[[-58.875,-52.16667],[-58.875,-52.20833],[-58.83333,-52.20833],[-58.83333,-52.16667],[-58.875,-52.16667]]]}},{"type":"Feature","properties":{"fid":263,"class_id":2},"geometry":{"type":"Polygon","coordinates":[[[-60.625,-51.33333],[-60.625,-51.41667],[-60.58333,-51.41667],[-60.58333,-51.5],[-60.54167,-51.5],[-60.54167,-51.45833],[-60.41667,-51.45833],[-60.41667,-51.5],[-60.5,-51.5],[-60.5,-51.54167],[-60.41667,-51.54167],[-60.41667,-51.58333],[-60.29167,-51.58333],[-60.29167,-51.625],[-60.20833,-51.625],[-60.20833,-51.66667],[-60.41667,-51.66667],[-60.41667,-51.70833],[-60.58333,-51.70833],[-60.58333,-51.66667],[-60.66667,-51.66667],[-60.66667,-51.70833],[-60.625,-51.70833],[-60.625,-51.75],[-60.58333,-51.75],[-60.58333,-51.79167],[-60.54167,-51.79167],[-60.54167,-51.75],[-60.5,-51.75],[-60.5,-51.79167],[-60.45833,-51.79167],[-60.45833,-51.91667],[-60.58333,-51.91667],[-60.58333,-51.95833],[-60.5,-51.95833],[-60.5,-52],[-60.54167,-52],[-60.54167,-52.04167],[-60.58333,-52.04167],[-60.58333,-52],[-60.625,-52],[-60.625,-51.95833],[-60.83333,-51.95833],[-60.83333,-52],[-60.75,-52],[-60.75,-52.04167],[-60.875,-52.04167],[-60.875,-52.08333],[-60.91667,-52.08333],[-60.91667,-52.04167],[-61,-52.04167],[-61,-52],[-61.04167,-52],[-61.04167,-52.08333],[-60.95833,-52.08333],[-60.95833,-52.125],[-60.875,-52.125],[-60.875,-52.16667],[-60.66667,-52.16667],[-60.66667,-52.25],[-60.58333,-52.25],[-60.58333,-52.20833],[-60.5,-52.20833],[-60.5,-52.16667],[-60.33333,-52.16667],[-60.33333,-52.125],[-60.29167,-52.125],[-60.29167,-52],[-60.08333,-52],[-60.08333,-51.95833],[-60,-51.95833],[-60,-52],[-59.91667,-52],[-59.91667,-51.95833],[-59.83333,-51.95833],[-59.83333,-51.875],[-59.79167,-51.875],[-59.79167,-51.83333],[-59.70833,-51.83333],[-59.70833,-51.79167],[-59.66667,-51.79167],[-59.66667,-51.75],[-59.625,-51.75],[-59.625,-51.70833],[-59.58333,-51.70833],[-59.58333,-51.625],[-59.375,-51.625],[-59.375,-51.5],[-59.29167,-51.5],[-59.29167,-51.41667],[-59.25,-51.41667],[-59.25,-51.375],[-59.375,-51.375],[-59.375,-51.33333],[-59.41667,-51.33333],[-59.41667,-51.375],[-59.45833,-51.375],[-59.45833,-51.41667],[-59.41667,-51.41667],[-59.41667,-51.45833],[-59.5,-51.45833],[-59.5,-51.5],[-59.54167,-51.5],[-59.54167,-51.41667],[-59.58333,-51.41667],[-59.58333,-51.45833],[-59.83333,-51.45833],[-59.83333,-51.41667],[-59.875,-51.41667],[-59.875,-51.375],[-59.91667,-51.375],[-59.91667,-51.41667],[-60,-51.41667],[-60,-51.375],[-60.04167,-51.375],[-60.04167,-51.41667],[-60.08333,-51.41667],[-60.08333,-51.45833],[-60.04167,-51.45833],[-60.04167,-51.5],[-60.29167,-51.5],[-60.29167,-51.45833],[-60.375,-51.45833],[-60.375,-51.41667],[-60.45833,-51.41667],[-60.45833,-51.375],[-60.58333,-51.375],[-60.58333,-51.33333],[-60.625,-51.33333]],[[-60.16667,-51.66667],[-60.08333,-51.66667],[-60.08333,-51.70833],[-60.16667,-51.70833],[-60.16667,-51.66667]],[[-60.375,-51.70833],[-60.16667,-51.70833],[-60.16667,-51.75],[-60.20833,-51.75],[-60.20833,-51.79167],[-60.25,-51.79167],[-60.25,-51.75],[-60.33333,-51.75],[-60.33333,-51.79167],[-60.29167,-51.79167],[-60.29167,-51.83333],[-60.33333,-51.83333],[-60.33333,-51.875],[-60.375,-51.875],[-60.375,-51.70833]],[[-60.45833,-51.75],[-60.41667,-51.75],[-60.41667,-51.79167],[-60.45833,-51.79167],[-60.45833,-51.75]],[[-60.45833,-51.91667],[-60.41667,-51.91667],[-60.41667,-51.95833],[-60.45833,-51.95833],[-60.45833,-51.91667]],[[-60.375,-51.91667],[-60.29167,-51.91667],[-60.29167,-51.95833],[-60.375,-51.95833],[-60.375,-51.91667]],[[-60.70833,-52],[-60.66667,-52],[-60.66667,-52.04167],[-60.70833,-52.04167],[-60.70833,-52]],[[-60.375,-52.08333],[-60.33333,-52.08333],[-60.33333,-52.125],[-60.375,-52.125],[-60.375,-52.08333]],[[-60.58333,-52.125],[-60.54167,-52.125],[-60.54167,-52.16667],[-60.58333,-52.16667],[-60.58333,-52.125]]]}},{"type":"Feature","properties":{"fid":264,"class_id":2},"geometry":{"type":"Polygon","coordinates":[[[-59.75,-52.16667],[-59.75,-52.25],[-59.70833,-52.25],[-59.70833,-52.20833],[-59.66667,-52.20833],[-59.66667,-52.16667],[-59.75,-52.16667]]]}},{"type":"Feature","properties":{"fid":265,"class_id":2},"geometry":{"type":"Polygon","coordinates":[[[-60.5,-52.20833],[-60.5,-52.25],[-60.45833,-52.25],[-60.45833,-52.20833],[-60.5,-52.20833]]]}},{"type":"Feature","properties":{"fid":266,"class_id":2},"geometry":{"type":"Polygon","coordinates":[[[-59,-52.20833],[-59,-52.25],[-58.95833,-52.25],[-58.95833,-52.20833],[-59,-52.20833]]]}},{"type":"Feature","properties":{"fid":267,"class_id":2},"geometry":{"type":"Polygon","coordinates":[[[-58.91667,-52.20833],[-58.91667,-52.25],[-58.875,-52.25],[-58.875,-52.20833],[-58.91667,-52.20833]]]}},{"type":"Feature","properties":{"fid":268,"class_id":2},"geometry":{"type":"Polygon","coordinates":[[[-58.91667,-51.29167],[-58.91667,-51.33333],[-58.875,-51.33333],[-58.875,-51.375],[-59,-51.375],[-59,-51.41667],[-59.125,-51.41667],[-59.125,-51.45833],[-59.08333,-51.45833],[-59.08333,-51.5],[-59.125,-51.5],[-59.125,-51.54167],[-59.16667,-51.54167],[-59.16667,-51.58333],[-59.125,-51.58333],[-59.125,-51.625],[-59.04167,-51.625],[-59.04167,-51.66667],[-59,-51.66667],[-59,-51.83333],[-59.04167,-51.83333],[-59.04167,-51.70833],[-59.16667,-51.70833],[-59.16667,-51.75],[-59.20833,-51.75],[-59.20833,-51.70833],[-59.25,-51.70833],[-59.25,-51.75],[-59.29167,-51.75],[-59.29167,-51.79167],[-59.375,-51.79167],[-59.375,-51.83333],[-59.5,-51.83333],[-59.5,-51.875],[-59.54167,-51.875],[-59.54167,-51.91667],[-59.625,-51.91667],[-59.625,-52.04167],[-59.58333,-52.04167],[-59.58333,-52.08333],[-59.625,-52.08333],[-59.625,-52.125],[-59.66667,-52.125],[-59.66667,-52.16667],[-59.625,-52.16667],[-59.625,-52.20833],[-59.58333,-52.20833],[-59.58333,-52.25],[-59.5,-52.25],[-59.5,-52.29167],[-59.41667,-52.29167],[-59.41667,-52.33333],[-59.375,-52.33333],[-59.375,-52.29167],[-59.33333,-52.29167],[-59.33333,-52.25],[-59.375,-52.25],[-59.375,-52.20833],[-59.41667,-52.20833],[-59.41667,-52.16667],[-59.45833,-52.16667],[-59.45833,-52.125],[-59.375,-52.125],[-59.375,-52.16667],[-59.25,-52.16667],[-59.25,-52.20833],[-59.125,-52.20833],[-59.125,-52.25],[-59.04167,-52.25],[-59.04167,-52.20833],[-59.08333,-52.20833],[-59.08333,-52.16667],[-59.16667,-52.16667],[-59.16667,-52.125],[-59.08333,-52.125],[-59.08333,-52.08333],[-59.125,-52.08333],[-59.125,-52.04167],[-59,-52.04167],[-59,-52.08333],[-58.875,-52.08333],[-58.875,-52.04167],[-58.75,-52.04167],[-58.75,-52.08333],[-58.70833,-52.08333],[-58.70833,-52.125],[-58.66667,-52.125],[-58.66667,-52.04167],[-58.625,-52.04167],[-58.625,-51.95833],[-58.83333,-51.95833],[-58.83333,-51.91667],[-58.91667,-51.91667],[-58.91667,-51.875],[-58.875,-51.875],[-58.875,-51.83333],[-58.83333,-51.83333],[-58.83333,-51.875],[-58.79167,-51.875],[-58.79167,-51.91667],[-58.75,-51.91667],[-58.75,-51.875],[-58.66667,-51.875],[-58.66667,-51.91667],[-58.58333,-51.91667],[-58.58333,-51.875],[-58.45833,-51.875],[-58.45833,-51.91667],[-58.375,-51.91667],[-58.375,-51.875],[-58.29167,-51.875],[-58.29167,-51.83333],[-58.20833,-51.83333],[-58.20833,-51.75],[-57.95833,-51.75],[-57.95833,-51.70833],[-57.91667,-51.70833],[-57.91667,-51.66667],[-57.79167,-51.66667],[-57.79167,-51.70833],[-57.75,-51.70833],[-57.75,-51.66667],[-57.70833,-51.66667],[-57.70833,-51.625],[-57.875,-51.625],[-57.875,-51.58333],[-58.125,-51.58333],[-58.125,-51.54167],[-58.04167,-51.54167],[-58.04167,-51.5],[-58,-51.5],[-58,-51.54167],[-57.79167,-51.54167],[-57.79167,-51.5],[-57.83333,-51.5],[-57.83333,-51.45833],[-57.875,-51.45833],[-57.875,-51.375],[-58.29167,-51.375],[-58.29167,-51.45833],[-58.375,-51.45833],[-58.375,-51.41667],[-58.33333,-51.41667],[-58.33333,-51.375],[-58.375,-51.375],[-58.375,-51.33333],[-58.45833,-51.33333],[-58.45833,-51.29167],[-58.58333,-51.29167],[-58.58333,-51.33333],[-58.79167,-51.33333],[-58.79167,-51.29167],[-58.91667,-51.29167]],[[-59,-51.41667],[-58.95833,-51.41667],[-58.95833,-51.45833],[-59,-51.45833],[-59,-51.41667]],[[-58.5,-51.41667],[-58.45833,-51.41667],[-58.45833,-51.45833],[-58.5,-51.45833],[-58.5,-51.41667]],[[-58.41667,-51.45833],[-58.375,-51.45833],[-58.375,-51.5],[-58.25,-51.5],[-58.25,-51.54167],[-58.41667,-51.54167],[-58.41667,-51.45833]],[[-58.875,-51.5],[-58.83333,-51.5],[-58.83333,-51.54167],[-58.875,-51.54167],[-58.875,-51.5]],[[-59.08333,-51.54167],[-59.04167,-51.54167],[-59.04167,-51.58333],[-59.08333,-51.58333],[-59.08333,-51.54167]],[[-58.20833,-51.58333],[-58.16667,-51.58333],[-58.16667,-51.625],[-58.20833,-51.625],[-58.20833,-51.58333]],[[-59.5,-51.875],[-59.45833,-51.875],[-59.45833,-51.91667],[-59.5,-51.91667],[-59.5,-51.875]],[[-59.20833,-52],[-59.125,-52],[-59.125,-52.04167],[-59.16667,-52.04167],[-59.16667,-52.08333],[-59.20833,-52.08333],[-59.20833,-52]]]}},{"type":"Feature","properties":{"fid":269,"class_id":2},"geometry":{"type":"Polygon","coordinates":[[[-59.75,-52.29167],[-59.75,-52.33333],[-59.70833,-52.33333],[-59.70833,-52.29167],[-59.75,-52.29167]]]}},{"type":"Feature","properties":{"fid":270,"class_id":2},"geometry":{"type":"Polygon","coordinates":[[[-66.16667,-21.79167],[-66.16667,-21.875],[-66.20833,-21.875],[-66.20833,-21.91667],[-66.25,-21.91667],[-66.25,-22.04167],[-66.29167,-22.04167],[-66.29167,-22.08333],[-66.33333,-22.08333],[-66.33333,-22.125],[-66.41667,-22.125],[-66.41667,-22.16667],[-66.58333,-22.16667],[-66.58333,-22.20833],[-66.70833,-22.20833],[-66.70833,-22.25],[-66.75,-22.25],[-66.75,-22.375],[-66.79167,-22.375],[-66.79167,-22.45833],[-66.875,-22.45833],[-66.875,-22.5],[-66.95833,-22.5],[-66.95833,-22.54167],[-67.04167,-22.54167],[-67.04167,-22.58333],[-67,-22.58333],[-67,-22.66667],[-67.08333,-22.66667],[-67.08333,-22.70833],[-67.125,-22.70833],[-67.125,-22.75],[-67.16667,-22.75],[-67.16667,-22.83333],[-67.125,-22.83333],[-67.125,-22.875],[-67.08333,-22.875],[-67.08333,-22.91667],[-67.04167,-22.91667],[-67.04167,-22.95833],[-67,-22.95833],[-67,-23.08333],[-67.04167,-23.08333],[-67.04167,-23.20833],[-67.08333,-23.20833],[-67.08333,-23.375],[-67.125,-23.375],[-67.125,-23.5],[-67.16667,-23.5],[-67.16667,-23.625],[-67.20833,-23.625],[-67.20833,-23.75],[-67.25,-23.75],[-67.25,-23.875],[-67.29167,-23.875],[-67.29167,-24],[-67.33333,-24],[-67.33333,-24.04167],[-67.375,-24.04167],[-67.375,-24.08333],[-67.5,-24.08333],[-67.5,-24.125],[-67.625,-24.125],[-67.625,-24.16667],[-67.70833,-24.16667],[-67.70833,-24.20833],[-67.83333,-24.20833],[-67.83333,-24.25],[-67.91667,-24.25],[-67.91667,-24.29167],[-68.04167,-24.29167],[-68.04167,-24.33333],[-68.125,-24.33333],[-68.125,-24.375],[-68.25,-24.375],[-68.25,-24.41667],[-68.29167,-24.41667],[-68.29167,-24.5],[-68.41667,-24.5],[-68.41667,-24.625],[-68.5,-24.625],[-68.5,-24.75],[-68.54167,-24.75],[-68.54167,-24.875],[-68.5,-24.875],[-68.5,-24.91667],[-68.41667,-24.91667],[-68.41667,-25.04167],[-68.375,-25.04167],[-68.375,-25.08333],[-68.33333,-25.08333],[-68.33333,-25.125],[-68.45833,-25.125],[-68.45833,-25.16667],[-68.5,-25.16667],[-68.5,-25.25],[-68.54167,-25.25],[-68.54167,-25.41667],[-68.58333,-25.41667],[-68.58333,-25.5],[-68.54167,-25.5],[-68.54167,-25.66667],[-68.5,-25.66667],[-68.5,-25.70833],[-68.45833,-25.70833],[-68.45833,-25.91667],[-68.41667,-25.91667],[-68.41667,-26.125],[-68.375,-26.125],[-68.375,-26.20833],[-68.45833,-26.20833],[-68.45833,-26.25],[-68.54167,-26.25],[-68.54167,-26.29167],[-68.58333,-26.29167],[-68.58333,-26.45833],[-68.5,-26.45833],[-68.5,-26.54167],[-68.54167,-26.54167],[-68.54167,-26.58333],[-68.5,-26.58333],[-68.5,-26.625],[-68.45833,-26.625],[-68.45833,-26.70833],[-68.41667,-26.70833],[-68.41667,-26.75],[-68.375,-26.75],[-68.375,-26.79167],[-68.29167,-26.79167],[-68.29167,-26.83333],[-68.33333,-26.83333],[-68.33333,-26.875],[-68.29167,-26.875],[-68.29167,-26.95833],[-68.33333,-26.95833],[-68.33333,-27],[-68.25,-27],[-68.25,-27.04167],[-68.29167,-27.04167],[-68.29167,-27.08333],[-68.33333,-27.08333],[-68.33333,-27.04167],[-68.375,-27.04167],[-68.375,-27.125],[-68.41667,-27.125],[-68.41667,-27.20833],[-68.45833,-27.20833],[-68.45833,-27.29167],[-68.5,-27.29167],[-68.5,-27.33333],[-68.58333,-27.33333],[-68.58333,-27.29167],[-68.625,-27.29167],[-68.625,-27.16667],[-68.66667,-27.16667],[-68.66667,-27.125],[-68.75,-27.125],[-68.75,-27.16667],[-68.875,-27.16667],[-68.875,-27.29167],[-68.79167,-27.29167],[-68.79167,-27.33333],[-68.875,-27.33333],[-68.875,-27.41667],[-68.91667,-27.41667],[-68.91667,-27.45833],[-68.95833,-27.45833],[-68.95833,-27.54167],[-68.91667,-27.54167],[-68.91667,-27.58333],[-69.04167,-27.58333],[-69.04167,-27.70833],[-69.08333,-27.70833],[-69.08333,-27.83333],[-69.125,-27.83333],[-69.125,-27.91667],[-69.16667,-27.91667],[-69.16667,-27.95833],[-69.25,-27.95833],[-69.25,-28.04167],[-69.29167,-28.04167],[-69.29167,-28.125],[-69.33333,-28.125],[-69.33333,-28.16667],[-69.375,-28.16667],[-69.375,-28.20833],[-69.45833,-28.20833],[-69.45833,-28.25],[-69.5,-28.25],[-69.5,-28.33333],[-69.54167,-28.33333],[-69.54167,-28.375],[-69.58333,-28.375],[-69.58333,-28.5],[-69.625,-28.5],[-69.625,-28.54167],[-69.66667,-28.54167],[-69.66667,-28.625],[-69.70833,-28.625],[-69.70833,-28.66667],[-69.75,-28.66667],[-69.75,-28.70833],[-69.70833,-28.70833],[-69.70833,-28.83333],[-69.75,-28.83333],[-69.75,-29.16667],[-69.83333,-29.16667],[-69.83333,-29.125],[-69.875,-29.125],[-69.875,-29.16667],[-69.91667,-29.16667],[-69.91667,-29.20833],[-69.95833,-29.20833],[-69.95833,-29.33333],[-70,-29.33333],[-70,-29.375],[-69.95833,-29.375],[-69.95833,-29.45833],[-69.91667,-29.45833],[-69.91667,-29.58333],[-69.875,-29.58333],[-69.875,-29.5],[-69.75,-29.5],[-69.75,-29.45833],[-69.79167,-29.45833],[-69.79167,-29.41667],[-69.70833,-29.41667],[-69.70833,-29.5],[-69.66667,-29.5],[-69.66667,-29.58333],[-69.70833,-29.58333],[-69.70833,-29.54167],[-69.75,-29.54167],[-69.75,-29.58333],[-69.83333,-29.58333],[-69.83333,-29.625],[-69.79167,-29.625],[-69.79167,-29.66667],[-69.83333,-29.66667],[-69.83333,-29.70833],[-69.79167,-29.70833],[-69.79167,-29.75],[-69.875,-29.75],[-69.875,-29.83333],[-69.79167,-29.83333],[-69.79167,-30.04167],[-69.75,-30.04167],[-69.75,-30],[-69.70833,-30],[-69.70833,-29.91667],[-69.66667,-29.91667],[-69.66667,-29.875],[-69.625,-29.875],[-69.625,-29.79167],[-69.58333,-29.79167],[-69.58333,-29.70833],[-69.54167,-29.70833],[-69.54167,-29.625],[-69.5,-29.625],[-69.5,-29.5],[-69.54167,-29.5],[-69.54167,-29.41667],[-69.5,-29.41667],[-69.5,-29.45833],[-69.45833,-29.45833],[-69.45833,-29.5],[-69.41667,-29.5],[-69.41667,-29.58333],[-69.375,-29.58333],[-69.375,-29.70833],[-69.41667,-29.70833],[-69.41667,-29.75],[-69.45833,-29.75],[-69.45833,-29.79167],[-69.5,-29.79167],[-69.5,-29.83333],[-69.54167,-29.83333],[-69.54167,-30],[-69.625,-30],[-69.625,-30.04167],[-69.58333,-30.04167],[-69.58333,-30.08333],[-69.625,-30.08333],[-69.625,-30.125],[-69.58333,-30.125],[-69.58333,-30.16667],[-69.70833,-30.16667],[-69.70833,-30.20833],[-69.66667,-30.20833],[-69.66667,-30.25],[-69.625,-30.25],[-69.625,-30.29167],[-69.66667,-30.29167],[-69.66667,-30.33333],[-69.70833,-30.33333],[-69.70833,-30.375],[-69.66667,-30.375],[-69.66667,-30.41667],[-69.625,-30.41667],[-69.625,-30.45833],[-69.58333,-30.45833],[-69.58333,-30.5],[-69.625,-30.5],[-69.625,-30.58333],[-69.66667,-30.58333],[-69.66667,-30.66667],[-69.70833,-30.66667],[-69.70833,-30.70833],[-69.79167,-30.70833],[-69.79167,-30.66667],[-69.83333,-30.66667],[-69.83333,-30.58333],[-69.875,-30.58333],[-69.875,-30.5],[-69.91667,-30.5],[-69.91667,-30.45833],[-69.95833,-30.45833],[-69.95833,-30.5],[-70,-30.5],[-70,-30.45833],[-70.08333,-30.45833],[-70.08333,-30.5],[-70.16667,-30.5],[-70.16667,-30.58333],[-70.20833,-30.58333],[-70.20833,-30.75],[-70.25,-30.75],[-70.25,-30.875],[-70.29167,-30.875],[-70.29167,-30.91667],[-70.33333,-30.91667],[-70.33333,-30.95833],[-70.29167,-30.95833],[-70.29167,-31],[-70.20833,-31],[-70.20833,-31.08333],[-70.16667,-31.08333],[-70.16667,-31.16667],[-70.125,-31.16667],[-70.125,-31.125],[-70.08333,-31.125],[-70.08333,-31.08333],[-70,-31.08333],[-70,-31.125],[-69.95833,-31.125],[-69.95833,-31.04167],[-69.875,-31.04167],[-69.875,-30.95833],[-69.83333,-30.95833],[-69.83333,-31],[-69.79167,-31],[-69.79167,-31.29167],[-70,-31.29167],[-70,-31.33333],[-69.91667,-31.33333],[-69.91667,-31.375],[-69.875,-31.375],[-69.875,-31.45833],[-69.83333,-31.45833],[-69.83333,-31.54167],[-69.79167,-31.54167],[-69.79167,-31.75],[-69.83333,-31.75],[-69.83333,-31.83333],[-69.875,-31.83333],[-69.875,-31.875],[-69.91667,-31.875],[-69.91667,-31.83333],[-69.95833,-31.83333],[-69.95833,-31.66667],[-70.04167,-31.66667],[-70.04167,-31.58333],[-70.08333,-31.58333],[-70.08333,-31.45833],[-70.16667,-31.45833],[-70.16667,-31.5],[-70.25,-31.5],[-70.25,-31.41667],[-70.33333,-31.41667],[-70.33333,-31.375],[-70.375,-31.375],[-70.375,-31.33333],[-70.25,-31.33333],[-70.25,-31.29167],[-70.29167,-31.29167],[-70.29167,-31.20833],[-70.33333,-31.20833],[-70.33333,-31.125],[-70.25,-31.125],[-70.25,-31.08333],[-70.29167,-31.08333],[-70.29167,-31.04167],[-70.33333,-31.04167],[-70.33333,-31.08333],[-70.375,-31.08333],[-70.375,-31.16667],[-70.41667,-31.16667],[-70.41667,-31.08333],[-70.45833,-31.08333],[-70.45833,-31.125],[-70.5,-31.125],[-70.5,-31.16667],[-70.54167,-31.16667],[-70.54167,-31.20833],[-70.5,-31.20833],[-70.5,-31.25],[-70.54167,-31.25],[-70.54167,-31.33333],[-70.5,-31.33333],[-70.5,-31.375],[-70.45833,-31.375],[-70.45833,-31.41667],[-70.5,-31.41667],[-70.5,-31.45833],[-70.41667,-31.45833],[-70.41667,-31.5],[-70.54167,-31.5],[-70.54167,-31.58333],[-70.33333,-31.58333],[-70.33333,-31.79167],[-70.25,-31.79167],[-70.25,-31.70833],[-70.29167,-31.70833],[-70.29167,-31.58333],[-70.20833,-31.58333],[-70.20833,-31.70833],[-70.16667,-31.70833],[-70.16667,-31.75],[-70.08333,-31.75],[-70.08333,-31.875],[-70,-31.875],[-70,-31.91667],[-69.95833,-31.91667],[-69.95833,-31.95833],[-69.91667,-31.95833],[-69.91667,-32.08333],[-69.875,-32.08333],[-69.875,-32.29167],[-69.91667,-32.29167],[-69.91667,-32.33333],[-70,-32.33333],[-70,-32.20833],[-70.125,-32.20833],[-70.125,-32.16667],[-70.16667,-32.16667],[-70.16667,-32.25],[-70.125,-32.25],[-70.125,-32.29167],[-70.04167,-32.29167],[-70.04167,-32.41667],[-69.95833,-32.41667],[-69.95833,-32.375],[-69.875,-32.375],[-69.875,-32.41667],[-69.83333,-32.41667],[-69.83333,-32.33333],[-69.79167,-32.33333],[-69.79167,-32.29167],[-69.70833,-32.29167],[-69.70833,-32.20833],[-69.66667,-32.20833],[-69.66667,-32.125],[-69.625,-32.125],[-69.625,-32.08333],[-69.54167,-32.08333],[-69.54167,-32.125],[-69.5,-32.125],[-69.5,-32.16667],[-69.54167,-32.16667],[-69.54167,-32.33333],[-69.58333,-32.33333],[-69.58333,-32.45833],[-69.5,-32.45833],[-69.5,-32.5],[-69.54167,-32.5],[-69.54167,-32.54167],[-69.58333,-32.54167],[-69.58333,-32.625],[-69.66667,-32.625],[-69.66667,-32.66667],[-69.625,-32.66667],[-69.625,-32.75],[-69.66667,-32.75],[-69.66667,-32.79167],[-69.79167,-32.79167],[-69.79167,-32.83333],[-69.875,-32.83333],[-69.875,-32.875],[-69.79167,-32.875],[-69.79167,-32.91667],[-69.83333,-32.91667],[-69.83333,-32.95833],[-69.79167,-32.95833],[-69.79167,-33.08333],[-69.75,-33.08333],[-69.75,-32.875],[-69.66667,-32.875],[-69.66667,-32.83333],[-69.625,-32.83333],[-69.625,-32.79167],[-69.58333,-32.79167],[-69.58333,-32.83333],[-69.5,-32.83333],[-69.5,-32.79167],[-69.54167,-32.79167],[-69.54167,-32.75],[-69.5,-32.75],[-69.5,-32.70833],[-69.45833,-32.70833],[-69.45833,-32.75],[-69.41667,-32.75],[-69.41667,-32.875],[-69.375,-32.875],[-69.375,-33.08333],[-69.41667,-33.08333],[-69.41667,-33.16667],[-69.45833,-33.16667],[-69.45833,-33.20833],[-69.5,-33.20833],[-69.5,-33.25],[-69.58333,-33.25],[-69.58333,-33.29167],[-69.54167,-33.29167],[-69.54167,-33.33333],[-69.58333,-33.33333],[-69.58333,-33.375],[-69.54167,-33.375],[-69.54167,-33.45833],[-69.5,-33.45833],[-69.5,-33.58333],[-69.54167,-33.58333],[-69.54167,-33.625],[-69.45833,-33.625],[-69.45833,-33.66667],[-69.41667,-33.66667],[-69.41667,-33.83333],[-69.45833,-33.83333],[-69.45833,-33.79167],[-69.5,-33.79167],[-69.5,-33.83333],[-69.625,-33.83333],[-69.625,-33.66667],[-69.66667,-33.66667],[-69.66667,-33.79167],[-69.70833,-33.79167],[-69.70833,-33.83333],[-69.83333,-33.83333],[-69.83333,-33.875],[-69.75,-33.875],[-69.75,-33.91667],[-69.70833,-33.91667],[-69.70833,-34],[-69.58333,-34],[-69.58333,-34.04167],[-69.54167,-34.04167],[-69.54167,-33.91667],[-69.375,-33.91667],[-69.375,-33.95833],[-69.41667,-33.95833],[-69.41667,-34.04167],[-69.45833,-34.04167],[-69.45833,-34.125],[-69.5,-34.125],[-69.5,-34.16667],[-69.54167,-34.16667],[-69.54167,-34.20833],[-69.5,-34.20833],[-69.5,-34.25],[-69.54167,-34.25],[-69.54167,-34.29167],[-69.5,-34.29167],[-69.5,-34.54167],[-69.58333,-34.54167],[-69.58333,-34.5],[-69.625,-34.5],[-69.625,-34.375],[-69.66667,-34.375],[-69.66667,-34.41667],[-69.70833,-34.41667],[-69.70833,-34.29167],[-69.75,-34.29167],[-69.75,-34.375],[-69.79167,-34.375],[-69.79167,-34.33333],[-70,-34.33333],[-70,-34.375],[-69.95833,-34.375],[-69.95833,-34.41667],[-69.83333,-34.41667],[-69.83333,-34.45833],[-69.875,-34.45833],[-69.875,-34.5],[-69.83333,-34.5],[-69.83333,-34.54167],[-69.875,-34.54167],[-69.875,-34.58333],[-69.83333,-34.58333],[-69.83333,-34.625],[-69.79167,-34.625],[-69.79167,-34.70833],[-69.75,-34.70833],[-69.75,-34.75],[-69.79167,-34.75],[-69.79167,-34.79167],[-69.83333,-34.79167],[-69.83333,-34.83333],[-69.875,-34.83333],[-69.875,-34.75],[-69.91667,-34.75],[-69.91667,-34.79167],[-70,-34.79167],[-70,-34.75],[-70.04167,-34.75],[-70.04167,-34.70833],[-70,-34.70833],[-70,-34.66667],[-70.04167,-34.66667],[-70.04167,-34.625],[-70.08333,-34.625],[-70.08333,-34.54167],[-70.125,-34.54167],[-70.125,-34.58333],[-70.16667,-34.58333],[-70.16667,-34.75],[-70.20833,-34.75],[-70.20833,-34.79167],[-70.08333,-34.79167],[-70.08333,-34.875],[-69.95833,-34.875],[-69.95833,-35],[-69.91667,-35],[-69.91667,-35.08333],[-70,-35.08333],[-70,-35.125],[-70.04167,-35.125],[-70.04167,-35.08333],[-70.08333,-35.08333],[-70.08333,-35.04167],[-70.125,-35.04167],[-70.125,-35],[-70.20833,-35],[-70.20833,-34.95833],[-70.08333,-34.95833],[-70.08333,-34.91667],[-70.125,-34.91667],[-70.125,-34.875],[-70.29167,-34.875],[-70.29167,-34.91667],[-70.25,-34.91667],[-70.25,-34.95833],[-70.29167,-34.95833],[-70.29167,-35],[-70.33333,-35],[-70.33333,-35.04167],[-70.375,-35.04167],[-70.375,-35.16667],[-70.41667,-35.16667],[-70.41667,-35.20833],[-70.54167,-35.20833],[-70.54167,-35.29167],[-70.5,-35.29167],[-70.5,-35.33333],[-70.41667,-35.33333],[-70.41667,-35.375],[-70.45833,-35.375],[-70.45833,-35.41667],[-70.41667,-35.41667],[-70.41667,-35.5],[-70.375,-35.5],[-70.375,-35.54167],[-70.41667,-35.54167],[-70.41667,-35.58333],[-70.375,-35.58333],[-70.375,-35.625],[-70.41667,-35.625],[-70.41667,-35.70833],[-70.375,-35.70833],[-70.375,-35.79167],[-70.33333,-35.79167],[-70.33333,-35.83333],[-70.375,-35.83333],[-70.375,-35.875],[-70.41667,-35.875],[-70.41667,-35.91667],[-70.375,-35.91667],[-70.375,-35.95833],[-70.41667,-35.95833],[-70.41667,-36],[-70.375,-36],[-70.375,-36.04167],[-70.41667,-36.04167],[-70.41667,-36.16667],[-70.54167,-36.16667],[-70.54167,-36.125],[-70.58333,-36.125],[-70.58333,-36.20833],[-70.625,-36.20833],[-70.625,-36.25],[-70.70833,-36.25],[-70.70833,-36.375],[-70.66667,-36.375],[-70.66667,-36.41667],[-70.875,-36.41667],[-70.875,-36.45833],[-70.91667,-36.45833],[-70.91667,-36.5],[-71,-36.5],[-71,-36.45833],[-71.04167,-36.45833],[-71.04167,-36.66667],[-71,-36.66667],[-71,-36.70833],[-71.08333,-36.70833],[-71.08333,-36.66667],[-71.125,-36.66667],[-71.125,-36.83333],[-71.16667,-36.83333],[-71.16667,-36.875],[-71.125,-36.875],[-71.125,-36.91667],[-71.08333,-36.91667],[-71.08333,-36.95833],[-71.125,-36.95833],[-71.125,-37],[-71.16667,-37],[-71.16667,-37.04167],[-71.125,-37.04167],[-71.125,-37.20833],[-71.16667,-37.20833],[-71.16667,-37.29167],[-71.20833,-37.29167],[-71.20833,-37.33333],[-71.16667,-37.33333],[-71.16667,-37.41667],[-71.125,-37.41667],[-71.125,-37.625],[-71.20833,-37.625],[-71.20833,-37.70833],[-71.16667,-37.70833],[-71.16667,-37.875],[-71.125,-37.875],[-71.125,-37.95833],[-71.08333,-37.95833],[-71.08333,-38],[-71.04167,-38],[-71.04167,-38.08333],[-71,-38.08333],[-71,-38.125],[-71.04167,-38.125],[-71.04167,-38.16667],[-71,-38.16667],[-71,-38.45833],[-70.91667,-38.45833],[-70.91667,-38.5],[-70.875,-38.5],[-70.875,-38.54167],[-70.83333,-38.54167],[-70.83333,-38.625],[-70.875,-38.625],[-70.875,-38.66667],[-70.91667,-38.66667],[-70.91667,-38.75],[-71.125,-38.75],[-71.125,-38.79167],[-71.16667,-38.79167],[-71.16667,-38.83333],[-71.20833,-38.83333],[-71.20833,-38.79167],[-71.25,-38.79167],[-71.25,-38.83333],[-71.29167,-38.83333],[-71.29167,-38.875],[-71.375,-38.875],[-71.375,-38.91667],[-71.41667,-38.91667],[-71.41667,-38.95833],[-71.45833,-38.95833],[-71.45833,-39],[-71.41667,-39],[-71.41667,-39.20833],[-71.375,-39.20833],[-71.375,-39.33333],[-71.41667,-39.33333],[-71.41667,-39.375],[-71.45833,-39.375],[-71.45833,-39.5],[-71.54167,-39.5],[-71.54167,-39.54167],[-71.45833,-39.54167],[-71.45833,-39.625],[-71.625,-39.625],[-71.625,-39.58333],[-71.70833,-39.58333],[-71.70833,-39.66667],[-71.66667,-39.66667],[-71.66667,-39.70833],[-71.70833,-39.70833],[-71.70833,-39.75],[-71.66667,-39.75],[-71.66667,-39.83333],[-71.625,-39.83333],[-71.625,-39.875],[-71.58333,-39.875],[-71.58333,-39.91667],[-71.625,-39.91667],[-71.625,-39.95833],[-71.66667,-39.95833],[-71.66667,-40.125],[-71.70833,-40.125],[-71.70833,-40.08333],[-71.83333,-40.08333],[-71.83333,-40.16667],[-71.79167,-40.16667],[-71.79167,-40.20833],[-71.83333,-40.20833],[-71.83333,-40.25],[-71.79167,-40.25],[-71.79167,-40.29167],[-71.66667,-40.29167],[-71.66667,-40.375],[-71.70833,-40.375],[-71.70833,-40.41667],[-71.83333,-40.41667],[-71.83333,-40.54167],[-71.875,-40.54167],[-71.875,-40.58333],[-71.83333,-40.58333],[-71.83333,-40.625],[-71.875,-40.625],[-71.875,-40.66667],[-71.91667,-40.66667],[-71.91667,-40.70833],[-71.95833,-40.70833],[-71.95833,-40.79167],[-71.91667,-40.79167],[-71.91667,-40.875],[-71.875,-40.875],[-71.875,-40.95833],[-71.91667,-40.95833],[-71.91667,-41],[-71.875,-41],[-71.875,-41.04167],[-71.83333,-41.04167],[-71.83333,-41.16667],[-71.875,-41.16667],[-71.875,-41.25],[-71.91667,-41.25],[-71.91667,-41.29167],[-71.875,-41.29167],[-71.875,-41.33333],[-71.91667,-41.33333],[-71.91667,-41.375],[-71.875,-41.375],[-71.875,-41.41667],[-71.83333,-41.41667],[-71.83333,-41.58333],[-71.875,-41.58333],[-71.875,-41.66667],[-71.83333,-41.66667],[-71.83333,-41.70833],[-71.79167,-41.70833],[-71.79167,-41.79167],[-71.75,-41.79167],[-71.75,-41.83333],[-71.79167,-41.83333],[-71.79167,-42],[-71.75,-42],[-71.75,-42.08333],[-71.70833,-42.08333],[-71.70833,-42.125],[-71.79167,-42.125],[-71.79167,-42.16667],[-71.95833,-42.16667],[-71.95833,-42.125],[-72.125,-42.125],[-72.125,-42.16667],[-72.16667,-42.16667],[-72.16667,-42.29167],[-72.125,-42.29167],[-72.125,-42.375],[-72.04167,-42.375],[-72.04167,-42.45833],[-72,-42.45833],[-72,-42.5],[-72.04167,-42.5],[-72.04167,-42.58333],[-72.125,-42.58333],[-72.125,-42.625],[-72.08333,-42.625],[-72.08333,-42.66667],[-72.16667,-42.66667],[-72.16667,-42.70833],[-72.125,-42.70833],[-72.125,-42.79167],[-72.16667,-42.79167],[-72.16667,-42.83333],[-72.125,-42.83333],[-72.125,-42.95833],[-72.04167,-42.95833],[-72.04167,-43],[-72,-43],[-72,-43.04167],[-71.91667,-43.04167],[-71.91667,-43.125],[-71.83333,-43.125],[-71.83333,-43.16667],[-71.75,-43.16667],[-71.75,-43.29167],[-71.79167,-43.29167],[-71.79167,-43.33333],[-71.875,-43.33333],[-71.875,-43.375],[-71.91667,-43.375],[-71.91667,-43.45833],[-71.83333,-43.45833],[-71.83333,-43.5],[-71.875,-43.5],[-71.875,-43.54167],[-71.75,-43.54167],[-71.75,-43.58333],[-71.70833,-43.58333],[-71.70833,-43.625],[-71.58333,-43.625],[-71.58333,-43.70833],[-71.70833,-43.70833],[-71.70833,-43.75],[-71.75,-43.75],[-71.75,-43.875],[-71.70833,-43.875],[-71.70833,-43.91667],[-71.66667,-43.91667],[-71.66667,-44],[-71.70833,-44],[-71.70833,-44.04167],[-71.75,-44.04167],[-71.75,-44.125],[-71.83333,-44.125],[-71.83333,-44.16667],[-71.79167,-44.16667],[-71.79167,-44.33333],[-71.83333,-44.33333],[-71.83333,-44.375],[-71.79167,-44.375],[-71.79167,-44.41667],[-71.75,-44.41667],[-71.75,-44.375],[-71.70833,-44.375],[-71.70833,-44.41667],[-71.5,-44.41667],[-71.5,-44.375],[-71.375,-44.375],[-71.375,-44.41667],[-71.20833,-44.41667],[-71.20833,-44.45833],[-71.125,-44.45833],[-71.125,-44.54167],[-71.08333,-44.54167],[-71.08333,-44.58333],[-71.20833,-44.58333],[-71.20833,-44.625],[-71.25,-44.625],[-71.25,-44.66667],[-71.20833,-44.66667],[-71.20833,-44.75],[-71.25,-44.75],[-71.25,-44.79167],[-71.41667,-44.79167],[-71.41667,-44.75],[-71.58333,-44.75],[-71.58333,-44.79167],[-71.66667,-44.79167],[-71.66667,-44.75],[-71.83333,-44.75],[-71.83333,-44.79167],[-72,-44.79167],[-72,-44.75],[-72.08333,-44.75],[-72.08333,-44.79167],[-72.04167,-44.79167],[-72.04167,-44.91667],[-71.91667,-44.91667],[-71.91667,-44.95833],[-71.875,-44.95833],[-71.875,-44.91667],[-71.75,-44.91667],[-71.75,-44.95833],[-71.54167,-44.95833],[-71.54167,-45.04167],[-71.5,-45.04167],[-71.5,-45.125],[-71.45833,-45.125],[-71.45833,-45.16667],[-71.41667,-45.16667],[-71.41667,-45.20833],[-71.33333,-45.20833],[-71.33333,-45.33333],[-71.41667,-45.33333],[-71.41667,-45.375],[-71.54167,-45.375],[-71.54167,-45.45833],[-71.45833,-45.45833],[-71.45833,-45.5],[-71.54167,-45.5],[-71.54167,-45.54167],[-71.625,-45.54167],[-71.625,-45.5],[-71.70833,-45.5],[-71.70833,-45.54167],[-71.75,-45.54167],[-71.75,-45.625],[-71.79167,-45.625],[-71.79167,-45.75],[-71.75,-45.75],[-71.75,-45.83333],[-71.70833,-45.83333],[-71.70833,-45.875],[-71.66667,-45.875],[-71.66667,-45.91667],[-71.625,-45.91667],[-71.625,-46],[-71.66667,-46],[-71.66667,-46.04167],[-71.70833,-46.04167],[-71.70833,-46.08333],[-71.75,-46.08333],[-71.75,-46.125],[-71.91667,-46.125],[-71.91667,-46.16667],[-71.875,-46.16667],[-71.875,-46.20833],[-71.75,-46.20833],[-71.75,-46.25],[-71.70833,-46.25],[-71.70833,-46.29167],[-71.75,-46.29167],[-71.75,-46.41667],[-71.70833,-46.41667],[-71.70833,-46.5],[-71.66667,-46.5],[-71.66667,-46.70833],[-71.75,-46.70833],[-71.75,-46.75],[-71.79167,-46.75],[-71.79167,-46.79167],[-71.95833,-46.79167],[-71.95833,-46.83333],[-71.91667,-46.83333],[-71.91667,-46.875],[-71.95833,-46.875],[-71.95833,-46.95833],[-71.91667,-46.95833],[-71.91667,-47],[-71.875,-47],[-71.875,-47.04167],[-71.91667,-47.04167],[-71.91667,-47.08333],[-71.875,-47.08333],[-71.875,-47.20833],[-72,-47.20833],[-72,-47.29167],[-72.04167,-47.29167],[-72.04167,-47.33333],[-72.125,-47.33333],[-72.125,-47.375],[-72.16667,-47.375],[-72.16667,-47.41667],[-72.29167,-47.41667],[-72.29167,-47.45833],[-72.33333,-47.45833],[-72.33333,-47.5],[-72.29167,-47.5],[-72.29167,-47.625],[-72.33333,-47.625],[-72.33333,-47.66667],[-72.41667,-47.66667],[-72.41667,-47.70833],[-72.45833,-47.70833],[-72.45833,-47.75],[-72.5,-47.75],[-72.5,-47.79167],[-72.45833,-47.79167],[-72.45833,-47.875],[-72.5,-47.875],[-72.5,-47.91667],[-72.54167,-47.91667],[-72.54167,-47.95833],[-72.41667,-47.95833],[-72.41667,-48.04167],[-72.45833,-48.04167],[-72.45833,-48.08333],[-72.33333,-48.08333],[-72.33333,-48.125],[-72.29167,-48.125],[-72.29167,-48.20833],[-72.33333,-48.20833],[-72.33333,-48.25],[-72.29167,-48.25],[-72.29167,-48.29167],[-72.25,-48.29167],[-72.25,-48.375],[-72.33333,-48.375],[-72.33333,-48.33333],[-72.375,-48.33333],[-72.375,-48.5],[-72.58333,-48.5],[-72.58333,-48.54167],[-72.54167,-48.54167],[-72.54167,-48.83333],[-72.625,-48.83333],[-72.625,-48.875],[-72.70833,-48.875],[-72.70833,-48.91667],[-72.75,-48.91667],[-72.75,-48.95833],[-72.95833,-48.95833],[-72.95833,-49],[-73,-49],[-73,-49.08333],[-73.04167,-49.08333],[-73.04167,-49.16667],[-73.125,-49.16667],[-73.125,-49.25],[-73.29167,-49.25],[-73.29167,-49.29167],[-73.33333,-49.29167],[-73.33333,-49.33333],[-73.375,-49.33333],[-73.375,-49.375],[-73.41667,-49.375],[-73.41667,-49.45833],[-73.45833,-49.45833],[-73.45833,-49.5],[-73.5,-49.5],[-73.5,-49.54167],[-73.54167,-49.54167],[-73.54167,-49.58333],[-73.45833,-49.58333],[-73.45833,-49.75],[-73.41667,-49.75],[-73.41667,-49.83333],[-73.45833,-49.83333],[-73.45833,-49.91667],[-73.41667,-49.91667],[-73.41667,-50.08333],[-73.45833,-50.08333],[-73.45833,-50.125],[-73.5,-50.125],[-73.5,-50.16667],[-73.33333,-50.16667],[-73.33333,-50.20833],[-73.41667,-50.20833],[-73.41667,-50.25],[-73.45833,-50.25],[-73.45833,-50.41667],[-73.41667,-50.41667],[-73.41667,-50.45833],[-73.33333,-50.45833],[-73.33333,-50.5],[-73.29167,-50.5],[-73.29167,-50.54167],[-73.25,-50.54167],[-73.25,-50.58333],[-73.20833,-50.58333],[-73.20833,-50.625],[-73.125,-50.625],[-73.125,-50.66667],[-73.16667,-50.66667],[-73.16667,-50.75],[-73.29167,-50.75],[-73.29167,-50.79167],[-73.25,-50.79167],[-73.25,-50.83333],[-73.20833,-50.83333],[-73.20833,-50.79167],[-73.04167,-50.79167],[-73.04167,-50.75],[-72.95833,-50.75],[-72.95833,-50.70833],[-72.91667,-50.70833],[-72.91667,-50.66667],[-72.79167,-50.66667],[-72.79167,-50.625],[-72.66667,-50.625],[-72.66667,-50.66667],[-72.54167,-50.66667],[-72.54167,-50.625],[-72.5,-50.625],[-72.5,-50.58333],[-72.45833,-50.58333],[-72.45833,-50.625],[-72.33333,-50.625],[-72.33333,-50.66667],[-72.29167,-50.66667],[-72.29167,-50.70833],[-72.33333,-50.70833],[-72.33333,-50.79167],[-72.29167,-50.79167],[-72.29167,-50.83333],[-72.25,-50.83333],[-72.25,-51.04167],[-72.375,-51.04167],[-72.375,-51.08333],[-72.41667,-51.08333],[-72.41667,-51.125],[-72.375,-51.125],[-72.375,-51.16667],[-72.33333,-51.16667],[-72.33333,-51.20833],[-72.29167,-51.20833],[-72.29167,-51.25],[-72.25,-51.25],[-72.25,-51.29167],[-72.33333,-51.29167],[-72.33333,-51.54167],[-72.375,-51.54167],[-72.375,-51.5],[-72.41667,-51.5],[-72.41667,-51.58333],[-72.33333,-51.58333],[-72.33333,-51.625],[-72.29167,-51.625],[-72.29167,-51.70833],[-72.16667,-51.70833],[-72.16667,-51.75],[-72.125,-51.75],[-72.125,-51.79167],[-72.04167,-51.79167],[-72.04167,-51.83333],[-71.95833,-51.83333],[-71.95833,-51.91667],[-72,-51.91667],[-72,-51.95833],[-71.95833,-51.95833],[-71.95833,-52],[-69.91667,-52],[-69.91667,-52.04167],[-69.79167,-52.04167],[-69.79167,-52.08333],[-69.66667,-52.08333],[-69.66667,-52.125],[-69.5,-52.125],[-69.5,-52.16667],[-69.08333,-52.16667],[-69.08333,-52.20833],[-68.91667,-52.20833],[-68.91667,-52.25],[-68.83333,-52.25],[-68.83333,-52.29167],[-68.58333,-52.29167],[-68.58333,-52.33333],[-68.41667,-52.33333],[-68.41667,-52.375],[-68.375,-52.375],[-68.375,-52.29167],[-68.41667,-52.29167],[-68.41667,-52.25],[-68.45833,-52.25],[-68.45833,-52.20833],[-68.5,-52.20833],[-68.5,-52.16667],[-68.54167,-52.16667],[-68.54167,-52.125],[-68.58333,-52.125],[-68.58333,-52.08333],[-68.625,-52.08333],[-68.625,-52.04167],[-68.66667,-52.04167],[-68.66667,-52],[-68.70833,-52],[-68.70833,-51.95833],[-68.75,-51.95833],[-68.75,-51.91667],[-68.79167,-51.91667],[-68.79167,-51.83333],[-68.83333,-51.83333],[-68.83333,-51.79167],[-68.875,-51.79167],[-68.875,-51.70833],[-68.91667,-51.70833],[-68.91667,-51.66667],[-68.95833,-51.66667],[-68.95833,-51.625],[-69.25,-51.625],[-69.25,-51.58333],[-69.04167,-51.58333],[-69.04167,-51.54167],[-69,-51.54167],[-69,-51.58333],[-68.95833,-51.58333],[-68.95833,-51.5],[-69,-51.5],[-69,-51.375],[-69.04167,-51.375],[-69.04167,-51.29167],[-69.08333,-51.29167],[-69.08333,-51.16667],[-69.125,-51.16667],[-69.125,-51.04167],[-69.16667,-51.04167],[-69.16667,-50.95833],[-69.20833,-50.95833],[-69.20833,-50.91667],[-69.125,-50.91667],[-69.125,-50.625],[-69.08333,-50.625],[-69.08333,-50.54167],[-69.04167,-50.54167],[-69.04167,-50.5],[-69,-50.5],[-69,-50.41667],[-68.95833,-50.41667],[-68.95833,-50.375],[-68.875,-50.375],[-68.875,-50.33333],[-68.83333,-50.33333],[-68.83333,-50.29167],[-68.66667,-50.29167],[-68.66667,-50.25],[-68.54167,-50.25],[-68.54167,-50.20833],[-68.41667,-50.20833],[-68.41667,-50.16667],[-68.375,-50.16667],[-68.375,-50.125],[-68.125,-50.125],[-68.125,-50.08333],[-68.04167,-50.08333],[-68.04167,-50.04167],[-67.95833,-50.04167],[-67.95833,-50],[-67.875,-50],[-67.875,-49.95833],[-67.83333,-49.95833],[-67.83333,-49.91667],[-67.79167,-49.91667],[-67.79167,-49.83333],[-67.75,-49.83333],[-67.75,-49.79167],[-67.70833,-49.79167],[-67.70833,-49.5],[-67.66667,-49.5],[-67.66667,-49.375],[-67.625,-49.375],[-67.625,-49.25],[-67.66667,-49.25],[-67.66667,-49.20833],[-67.625,-49.20833],[-67.625,-49.125],[-67.58333,-49.125],[-67.58333,-49.04167],[-67.54167,-49.04167],[-67.54167,-49],[-67.5,-49],[-67.5,-48.95833],[-67.45833,-48.95833],[-67.45833,-48.91667],[-67.375,-48.91667],[-67.375,-48.875],[-67.25,-48.875],[-67.25,-48.83333],[-67.20833,-48.83333],[-67.20833,-48.79167],[-67.16667,-48.79167],[-67.16667,-48.70833],[-67.125,-48.70833],[-67.125,-48.66667],[-67.04167,-48.66667],[-67.04167,-48.625],[-66.91667,-48.625],[-66.91667,-48.58333],[-66.875,-48.58333],[-66.875,-48.54167],[-66.83333,-48.54167],[-66.83333,-48.5],[-66.75,-48.5],[-66.75,-48.45833],[-66.66667,-48.45833],[-66.66667,-48.41667],[-66.45833,-48.41667],[-66.45833,-48.33333],[-66.375,-48.33333],[-66.375,-48.29167],[-66.33333,-48.29167],[-66.33333,-48.25],[-66.25,-48.25],[-66.25,-48.20833],[-66.16667,-48.20833],[-66.16667,-48.16667],[-66.125,-48.16667],[-66.125,-48.125],[-66,-48.125],[-66,-48.08333],[-65.95833,-48.08333],[-65.95833,-47.95833],[-65.91667,-47.95833],[-65.91667,-47.91667],[-65.875,-47.91667],[-65.875,-47.95833],[-65.79167,-47.95833],[-65.79167,-47.91667],[-65.83333,-47.91667],[-65.83333,-47.875],[-65.875,-47.875],[-65.875,-47.75],[-65.83333,-47.75],[-65.83333,-47.66667],[-65.79167,-47.66667],[-65.79167,-47.58333],[-65.75,-47.58333],[-65.75,-47.41667],[-65.70833,-47.41667],[-65.70833,-47.375],[-65.75,-47.375],[-65.75,-47.33333],[-65.79167,-47.33333],[-65.79167,-47.29167],[-65.875,-47.29167],[-65.875,-47.25],[-65.95833,-47.25],[-65.95833,-47.20833],[-66.08333,-47.20833],[-66.08333,-47.16667],[-66.04167,-47.16667],[-66.04167,-47.125],[-66.16667,-47.125],[-66.16667,-47.08333],[-66.20833,-47.08333],[-66.20833,-47.125],[-66.25,-47.125],[-66.25,-47.08333],[-66.375,-47.08333],[-66.375,-47.04167],[-66.54167,-47.04167],[-66.54167,-47.08333],[-66.625,-47.08333],[-66.625,-47.125],[-66.66667,-47.125],[-66.66667,-47.08333],[-66.875,-47.08333],[-66.875,-47.04167],[-66.91667,-47.04167],[-66.91667,-46.95833],[-66.95833,-46.95833],[-66.95833,-46.91667],[-67,-46.91667],[-67,-46.875],[-67.04167,-46.875],[-67.04167,-46.83333],[-67.16667,-46.83333],[-67.16667,-46.79167],[-67.25,-46.79167],[-67.25,-46.75],[-67.41667,-46.75],[-67.41667,-46.79167],[-67.5,-46.79167],[-67.5,-46.75],[-67.54167,-46.75],[-67.54167,-46.70833],[-67.58333,-46.70833],[-67.58333,-46.66667],[-67.54167,-46.66667],[-67.54167,-46.625],[-67.66667,-46.625],[-67.66667,-46.58333],[-67.70833,-46.58333],[-67.70833,-46.54167],[-67.75,-46.54167],[-67.75,-46.41667],[-68.04167,-46.41667],[-68.04167,-46.45833],[-68.29167,-46.45833],[-68.29167,-46.5],[-68.41667,-46.5],[-68.41667,-46.54167],[-68.25,-46.54167],[-68.25,-46.58333],[-68.125,-46.58333],[-68.125,-46.625],[-68.04167,-46.625],[-68.04167,-46.70833],[-68,-46.70833],[-68,-46.75],[-67.91667,-46.75],[-67.91667,-46.79167],[-68.04167,-46.79167],[-68.04167,-46.83333],[-67.95833,-46.83333],[-67.95833,-46.875],[-67.875,-46.875],[-67.875,-46.91667],[-67.91667,-46.91667],[-67.91667,-47],[-67.83333,-47],[-67.83333,-47.04167],[-67.79167,-47.04167],[-67.79167,-47],[-67.75,-47],[-67.75,-47.04167],[-67.45833,-47.04167],[-67.45833,-47],[-67.41667,-47],[-67.41667,-47.04167],[-67.375,-47.04167],[-67.375,-47.08333],[-67.33333,-47.08333],[-67.33333,-47.125],[-67.29167,-47.125],[-67.29167,-47.16667],[-67.20833,-47.16667],[-67.20833,-47.20833],[-67.33333,-47.20833],[-67.33333,-47.16667],[-67.41667,-47.16667],[-67.41667,-47.125],[-68.04167,-47.125],[-68.04167,-47.16667],[-68.08333,-47.16667],[-68.08333,-47.125],[-68.16667,-47.125],[-68.16667,-47.08333],[-68.25,-47.08333],[-68.25,-47.16667],[-68.29167,-47.16667],[-68.29167,-47.25],[-68.20833,-47.25],[-68.20833,-47.29167],[-68.33333,-47.29167],[-68.33333,-47.33333],[-68.375,-47.33333],[-68.375,-47.375],[-68.45833,-47.375],[-68.45833,-47.41667],[-68.54167,-47.41667],[-68.54167,-47.33333],[-68.625,-47.33333],[-68.625,-47.29167],[-68.75,-47.29167],[-68.75,-47.20833],[-68.79167,-47.20833],[-68.79167,-47.16667],[-68.58333,-47.16667],[-68.58333,-47.125],[-68.625,-47.125],[-68.625,-47.08333],[-68.70833,-47.08333],[-68.70833,-47],[-68.91667,-47],[-68.91667,-47.04167],[-69,-47.04167],[-69,-47],[-69.16667,-47],[-69.16667,-46.95833],[-69,-46.95833],[-69,-46.91667],[-69.04167,-46.91667],[-69.04167,-46.875],[-69.125,-46.875],[-69.125,-46.83333],[-69.45833,-46.83333],[-69.45833,-46.91667],[-69.54167,-46.91667],[-69.54167,-46.875],[-69.66667,-46.875],[-69.66667,-46.91667],[-69.70833,-46.91667],[-69.70833,-46.875],[-69.83333,-46.875],[-69.83333,-46.79167],[-70,-46.79167],[-70,-46.66667],[-70.04167,-46.66667],[-70.04167,-46.58333],[-70.08333,-46.58333],[-70.08333,-46.5],[-69.79167,-46.5],[-69.79167,-46.54167],[-69.75,-46.54167],[-69.75,-46.58333],[-69.66667,-46.58333],[-69.66667,-46.54167],[-69.54167,-46.54167],[-69.54167,-46.5],[-69.45833,-46.5],[-69.45833,-46.45833],[-69.29167,-46.45833],[-69.29167,-46.41667],[-69.20833,-46.41667],[-69.20833,-46.45833],[-68.95833,-46.45833],[-68.95833,-46.41667],[-68.79167,-46.41667],[-68.79167,-46.45833],[-68.70833,-46.45833],[-68.70833,-46.41667],[-68.66667,-46.41667],[-68.66667,-46.375],[-68.75,-46.375],[-68.75,-46.33333],[-68.66667,-46.33333],[-68.66667,-46.29167],[-68.5,-46.29167],[-68.5,-46.25],[-68.54167,-46.25],[-68.54167,-46.20833],[-68.41667,-46.20833],[-68.41667,-46.16667],[-68.375,-46.16667],[-68.375,-46.125],[-68.25,-46.125],[-68.25,-46.08333],[-68.125,-46.08333],[-68.125,-46.04167],[-67.875,-46.04167],[-67.875,-46.08333],[-67.83333,-46.08333],[-67.83333,-46],[-67.75,-46],[-67.75,-45.95833],[-67.79167,-45.95833],[-67.79167,-45.875],[-67.70833,-45.875],[-67.70833,-45.83333],[-67.66667,-45.83333],[-67.66667,-45.75],[-67.625,-45.75],[-67.625,-45.70833],[-67.58333,-45.70833],[-67.58333,-45.66667],[-67.45833,-45.66667],[-67.45833,-45.625],[-67.41667,-45.625],[-67.41667,-45.58333],[-67.375,-45.58333],[-67.375,-45.5],[-67.29167,-45.5],[-67.29167,-45.45833],[-67.33333,-45.45833],[-67.33333,-45.41667],[-67.29167,-45.41667],[-67.29167,-45.375],[-67.25,-45.375],[-67.25,-45.33333],[-67.20833,-45.33333],[-67.20833,-45.29167],[-67.125,-45.29167],[-67.125,-45.20833],[-67.08333,-45.20833],[-67.08333,-45.16667],[-67.04167,-45.16667],[-67.04167,-45.125],[-67,-45.125],[-67,-45.04167],[-66.95833,-45.04167],[-66.95833,-45],[-66.875,-45],[-66.875,-44.95833],[-66.83333,-44.95833],[-66.83333,-44.91667],[-66.75,-44.91667],[-66.75,-44.875],[-66.66667,-44.875],[-66.66667,-44.83333],[-66.625,-44.83333],[-66.625,-44.79167],[-66.54167,-44.79167],[-66.54167,-44.75],[-66.33333,-44.75],[-66.33333,-44.70833],[-66.125,-44.70833],[-66.125,-44.58333],[-66.04167,-44.58333],[-66.04167,-44.54167],[-66.08333,-44.54167],[-66.08333,-44.5],[-66.125,-44.5],[-66.125,-44.54167],[-66.20833,-44.54167],[-66.20833,-44.5],[-66.16667,-44.5],[-66.16667,-44.375],[-66.125,-44.375],[-66.125,-44.41667],[-66.08333,-44.41667],[-66.08333,-44.33333],[-66.125,-44.33333],[-66.125,-44.29167],[-66.16667,-44.29167],[-66.16667,-44.25],[-66.125,-44.25],[-66.125,-44.125],[-66.16667,-44.125],[-66.16667,-44.08333],[-66.25,-44.08333],[-66.25,-44.125],[-66.29167,-44.125],[-66.29167,-44.16667],[-66.375,-44.16667],[-66.375,-44.20833],[-66.625,-44.20833],[-66.625,-44.25],[-66.66667,-44.25],[-66.66667,-44.29167],[-66.70833,-44.29167],[-66.70833,-44.33333],[-66.75,-44.33333],[-66.75,-44.375],[-66.70833,-44.375],[-66.70833,-44.45833],[-66.75,-44.45833],[-66.75,-44.41667],[-66.79167,-44.41667],[-66.79167,-44.5],[-66.83333,-44.5],[-66.83333,-44.54167],[-66.875,-44.54167],[-66.875,-44.58333],[-66.91667,-44.58333],[-66.91667,-44.70833],[-67,-44.70833],[-67,-44.75],[-67.04167,-44.75],[-67.04167,-44.79167],[-67.08333,-44.79167],[-67.08333,-44.83333],[-67.125,-44.83333],[-67.125,-44.875],[-67.20833,-44.875],[-67.20833,-44.91667],[-67.25,-44.91667],[-67.25,-44.95833],[-67.33333,-44.95833],[-67.33333,-45],[-67.41667,-45],[-67.41667,-44.95833],[-67.375,-44.95833],[-67.375,-44.875],[-67.29167,-44.875],[-67.29167,-44.83333],[-67.20833,-44.83333],[-67.20833,-44.79167],[-67.16667,-44.79167],[-67.16667,-44.75],[-67.125,-44.75],[-67.125,-44.70833],[-67.08333,-44.70833],[-67.08333,-44.58333],[-67.04167,-44.58333],[-67.04167,-44.54167],[-67,-44.54167],[-67,-44.41667],[-66.95833,-44.41667],[-66.95833,-44.33333],[-66.91667,-44.33333],[-66.91667,-44.25],[-66.875,-44.25],[-66.875,-44.16667],[-66.83333,-44.16667],[-66.83333,-44.08333],[-66.875,-44.08333],[-66.875,-44.125],[-67,-44.125],[-67,-44.16667],[-67.125,-44.16667],[-67.125,-44.20833],[-67.16667,-44.20833],[-67.16667,-44.25],[-67.20833,-44.25],[-67.20833,-44.20833],[-67.25,-44.20833],[-67.25,-44.25],[-67.29167,-44.25],[-67.29167,-44.33333],[-67.33333,-44.33333],[-67.33333,-44.45833],[-67.54167,-44.45833],[-67.54167,-44.41667],[-67.58333,-44.41667],[-67.58333,-44.375],[-67.66667,-44.375],[-67.66667,-44.33333],[-67.625,-44.33333],[-67.625,-44.29167],[-67.54167,-44.29167],[-67.54167,-44.25],[-67.41667,-44.25],[-67.41667,-44.20833],[-67.45833,-44.20833],[-67.45833,-44.16667],[-67.54167,-44.16667],[-67.54167,-44.125],[-67.58333,-44.125],[-67.58333,-44.08333],[-67.54167,-44.08333],[-67.54167,-44.04167],[-67.58333,-44.04167],[-67.58333,-43.95833],[-67.625,-43.95833],[-67.625,-43.875],[-67.79167,-43.875],[-67.79167,-43.79167],[-67.75,-43.79167],[-67.75,-43.75],[-67.70833,-43.75],[-67.70833,-43.70833],[-67.66667,-43.70833],[-67.66667,-43.66667],[-67.58333,-43.66667],[-67.58333,-43.625],[-67.625,-43.625],[-67.625,-43.58333],[-67.375,-43.58333],[-67.375,-43.54167],[-67.45833,-43.54167],[-67.45833,-43.5],[-67.5,-43.5],[-67.5,-43.45833],[-67.41667,-43.45833],[-67.41667,-43.41667],[-67.83333,-43.41667],[-67.83333,-43.45833],[-67.95833,-43.45833],[-67.95833,-43.5],[-68.04167,-43.5],[-68.04167,-43.41667],[-68.08333,-43.41667],[-68.08333,-43.375],[-68.125,-43.375],[-68.125,-43.33333],[-67.95833,-43.33333],[-67.95833,-43.375],[-67.875,-43.375],[-67.875,-43.25],[-68,-43.25],[-68,-43.125],[-67.875,-43.125],[-67.875,-43.16667],[-67.83333,-43.16667],[-67.83333,-43.20833],[-67.70833,-43.20833],[-67.70833,-43.16667],[-67.66667,-43.16667],[-67.66667,-43.08333],[-67.70833,-43.08333],[-67.70833,-43.04167],[-67.58333,-43.04167],[-67.58333,-42.95833],[-67.54167,-42.95833],[-67.54167,-43],[-67.5,-43],[-67.5,-42.91667],[-67.45833,-42.91667],[-67.45833,-42.875],[-67.41667,-42.875],[-67.41667,-42.83333],[-67.33333,-42.83333],[-67.33333,-42.79167],[-67.29167,-42.79167],[-67.29167,-42.75],[-67.33333,-42.75],[-67.33333,-42.70833],[-67.20833,-42.70833],[-67.20833,-42.66667],[-67.16667,-42.66667],[-67.16667,-42.625],[-67.125,-42.625],[-67.125,-42.58333],[-66.95833,-42.58333],[-66.95833,-42.54167],[-66.91667,-42.54167],[-66.91667,-42.45833],[-66.95833,-42.45833],[-66.95833,-42.41667],[-66.79167,-42.41667],[-66.79167,-42.45833],[-66.66667,-42.45833],[-66.66667,-42.5],[-66.33333,-42.5],[-66.33333,-42.45833],[-66.375,-42.45833],[-66.375,-42.375],[-66.41667,-42.375],[-66.41667,-42.33333],[-66.375,-42.33333],[-66.375,-42.25],[-66.20833,-42.25],[-66.20833,-42.125],[-66.16667,-42.125],[-66.16667,-42],[-66.125,-42],[-66.125,-41.95833],[-66.25,-41.95833],[-66.25,-41.91667],[-66.20833,-41.91667],[-66.20833,-41.83333],[-66.08333,-41.83333],[-66.08333,-41.79167],[-66,-41.79167],[-66,-41.75],[-66.04167,-41.75],[-66.04167,-41.70833],[-66.125,-41.70833],[-66.125,-41.66667],[-66.25,-41.66667],[-66.25,-41.625],[-66.20833,-41.625],[-66.20833,-41.58333],[-66.16667,-41.58333],[-66.16667,-41.625],[-66.125,-41.625],[-66.125,-41.45833],[-66.20833,-41.45833],[-66.20833,-41.41667],[-66.125,-41.41667],[-66.125,-41.375],[-66.08333,-41.375],[-66.08333,-41.33333],[-66.125,-41.33333],[-66.125,-41.25],[-66.29167,-41.25],[-66.29167,-41.08333],[-66.33333,-41.08333],[-66.33333,-41.04167],[-66.41667,-41.04167],[-66.41667,-40.95833],[-66.66667,-40.95833],[-66.66667,-40.91667],[-66.75,-40.91667],[-66.75,-40.875],[-66.70833,-40.875],[-66.70833,-40.83333],[-66.91667,-40.83333],[-66.91667,-40.875],[-67,-40.875],[-67,-40.79167],[-67.125,-40.79167],[-67.125,-40.66667],[-67.16667,-40.66667],[-67.16667,-40.625],[-67.20833,-40.625],[-67.20833,-40.58333],[-67.29167,-40.58333],[-67.29167,-40.54167],[-67.33333,-40.54167],[-67.33333,-40.58333],[-67.375,-40.58333],[-67.375,-40.5],[-67.41667,-40.5],[-67.41667,-40.375],[-67.45833,-40.375],[-67.45833,-40.33333],[-67.5,-40.33333],[-67.5,-40.25],[-67.58333,-40.25],[-67.58333,-40.20833],[-67.625,-40.20833],[-67.625,-40.16667],[-67.66667,-40.16667],[-67.66667,-40.08333],[-67.75,-40.08333],[-67.75,-40.04167],[-67.79167,-40.04167],[-67.79167,-40],[-67.75,-40],[-67.75,-39.91667],[-67.79167,-39.91667],[-67.79167,-39.875],[-67.95833,-39.875],[-67.95833,-39.83333],[-68.04167,-39.83333],[-68.04167,-39.79167],[-68.08333,-39.79167],[-68.08333,-39.75],[-68.125,-39.75],[-68.125,-39.70833],[-68,-39.70833],[-68,-39.66667],[-68.08333,-39.66667],[-68.08333,-39.625],[-68.04167,-39.625],[-68.04167,-39.58333],[-68.125,-39.58333],[-68.125,-39.54167],[-68.08333,-39.54167],[-68.08333,-39.45833],[-68.04167,-39.45833],[-68.04167,-39.41667],[-68,-39.41667],[-68,-39.375],[-68.04167,-39.375],[-68.04167,-39.33333],[-68.125,-39.33333],[-68.125,-39.29167],[-68.16667,-39.29167],[-68.16667,-39.16667],[-68.20833,-39.16667],[-68.20833,-39.20833],[-68.25,-39.20833],[-68.25,-39.25],[-68.41667,-39.25],[-68.41667,-39.29167],[-68.54167,-39.29167],[-68.54167,-39.33333],[-68.58333,-39.33333],[-68.58333,-39.375],[-68.625,-39.375],[-68.625,-39.54167],[-68.66667,-39.54167],[-68.66667,-39.58333],[-68.70833,-39.58333],[-68.70833,-39.625],[-68.75,-39.625],[-68.75,-39.70833],[-69,-39.70833],[-69,-39.66667],[-69.16667,-39.66667],[-69.16667,-39.70833],[-69.25,-39.70833],[-69.25,-39.75],[-69.29167,-39.75],[-69.29167,-39.79167],[-69.25,-39.79167],[-69.25,-39.83333],[-69.33333,-39.83333],[-69.33333,-39.79167],[-69.41667,-39.79167],[-69.41667,-39.875],[-69.45833,-39.875],[-69.45833,-39.91667],[-69.5,-39.91667],[-69.5,-39.875],[-69.54167,-39.875],[-69.54167,-39.91667],[-69.625,-39.91667],[-69.625,-39.875],[-69.70833,-39.875],[-69.70833,-39.91667],[-69.83333,-39.91667],[-69.83333,-39.95833],[-69.91667,-39.95833],[-69.91667,-40],[-69.95833,-40],[-69.95833,-40.04167],[-70,-40.04167],[-70,-39.95833],[-70.08333,-39.95833],[-70.08333,-39.91667],[-70.04167,-39.91667],[-70.04167,-39.83333],[-70.08333,-39.83333],[-70.08333,-39.79167],[-69.91667,-39.79167],[-69.91667,-39.75],[-69.75,-39.75],[-69.75,-39.70833],[-69.875,-39.70833],[-69.875,-39.625],[-69.83333,-39.625],[-69.83333,-39.58333],[-69.79167,-39.58333],[-69.79167,-39.625],[-69.75,-39.625],[-69.75,-39.58333],[-69.70833,-39.58333],[-69.70833,-39.54167],[-69.66667,-39.54167],[-69.66667,-39.5],[-69.875,-39.5],[-69.875,-39.45833],[-69.83333,-39.45833],[-69.83333,-39.41667],[-69.875,-39.41667],[-69.875,-39.375],[-69.91667,-39.375],[-69.91667,-39.29167],[-69.79167,-39.29167],[-69.79167,-39.25],[-69.66667,-39.25],[-69.66667,-39.20833],[-69.5,-39.20833],[-69.5,-39.25],[-69.41667,-39.25],[-69.41667,-39.29167],[-69.45833,-39.29167],[-69.45833,-39.375],[-69.375,-39.375],[-69.375,-39.29167],[-69.20833,-39.29167],[-69.20833,-39.33333],[-69.125,-39.33333],[-69.125,-39.29167],[-69.04167,-39.29167],[-69.04167,-39.25],[-68.91667,-39.25],[-68.91667,-39.20833],[-68.95833,-39.20833],[-68.95833,-39.16667],[-69.29167,-39.16667],[-69.29167,-39.20833],[-69.33333,-39.20833],[-69.33333,-39.16667],[-69.375,-39.16667],[-69.375,-39.125],[-69.33333,-39.125],[-69.33333,-39.08333],[-69.29167,-39.08333],[-69.29167,-39.04167],[-69.25,-39.04167],[-69.25,-39],[-69.33333,-39],[-69.33333,-38.95833],[-69.375,-38.95833],[-69.375,-38.91667],[-69.41667,-38.91667],[-69.41667,-38.83333],[-69.375,-38.83333],[-69.375,-38.79167],[-69.5,-38.79167],[-69.5,-38.83333],[-69.625,-38.83333],[-69.625,-38.79167],[-69.66667,-38.79167],[-69.66667,-38.875],[-69.75,-38.875],[-69.75,-38.79167],[-69.79167,-38.79167],[-69.79167,-38.75],[-69.83333,-38.75],[-69.83333,-38.70833],[-69.91667,-38.70833],[-69.91667,-38.75],[-70.04167,-38.75],[-70.04167,-38.625],[-69.91667,-38.625],[-69.91667,-38.54167],[-69.95833,-38.54167],[-69.95833,-38.5],[-70,-38.5],[-70,-38.45833],[-70.04167,-38.45833],[-70.04167,-38.5],[-70.125,-38.5],[-70.125,-38.54167],[-70.20833,-38.54167],[-70.20833,-38.58333],[-70.375,-38.58333],[-70.375,-38.54167],[-70.5,-38.54167],[-70.5,-38.5],[-70.54167,-38.5],[-70.54167,-38.33333],[-70.5,-38.33333],[-70.5,-38.45833],[-70.45833,-38.45833],[-70.45833,-38.5],[-70.33333,-38.5],[-70.33333,-38.45833],[-70.25,-38.45833],[-70.25,-38.5],[-70.16667,-38.5],[-70.16667,-38.41667],[-70.125,-38.41667],[-70.125,-38.375],[-70.08333,-38.375],[-70.08333,-38.29167],[-70.125,-38.29167],[-70.125,-38.25],[-70.16667,-38.25],[-70.16667,-38.20833],[-70.20833,-38.20833],[-70.20833,-38.16667],[-70.29167,-38.16667],[-70.29167,-38.125],[-70.20833,-38.125],[-70.20833,-38.08333],[-70.16667,-38.08333],[-70.16667,-38.04167],[-70.125,-38.04167],[-70.125,-38],[-70.08333,-38],[-70.08333,-38.04167],[-70.04167,-38.04167],[-70.04167,-38.125],[-70.08333,-38.125],[-70.08333,-38.20833],[-70.04167,-38.20833],[-70.04167,-38.25],[-70,-38.25],[-70,-38.16667],[-69.95833,-38.16667],[-69.95833,-37.91667],[-70.04167,-37.91667],[-70.04167,-37.875],[-70.08333,-37.875],[-70.08333,-37.83333],[-70.125,-37.83333],[-70.125,-37.75],[-70.16667,-37.75],[-70.16667,-37.625],[-70.08333,-37.625],[-70.08333,-37.54167],[-70.125,-37.54167],[-70.125,-37.5],[-70.16667,-37.5],[-70.16667,-37.54167],[-70.29167,-37.54167],[-70.29167,-37.45833],[-70.41667,-37.45833],[-70.41667,-37.41667],[-70.45833,-37.41667],[-70.45833,-37.375],[-70.5,-37.375],[-70.5,-37.33333],[-70.41667,-37.33333],[-70.41667,-37.375],[-70.375,-37.375],[-70.375,-37.33333],[-70.33333,-37.33333],[-70.33333,-37.29167],[-70.375,-37.29167],[-70.375,-37.25],[-70.41667,-37.25],[-70.41667,-37.20833],[-70.33333,-37.20833],[-70.33333,-37.25],[-70.29167,-37.25],[-70.29167,-37.29167],[-70.25,-37.29167],[-70.25,-37.375],[-70.20833,-37.375],[-70.20833,-37.41667],[-70.16667,-37.41667],[-70.16667,-37.45833],[-70.125,-37.45833],[-70.125,-37.41667],[-70.08333,-37.41667],[-70.08333,-37.45833],[-70.04167,-37.45833],[-70.04167,-37.54167],[-69.95833,-37.54167],[-69.95833,-37.45833],[-69.875,-37.45833],[-69.875,-37.54167],[-69.91667,-37.54167],[-69.91667,-37.625],[-69.875,-37.625],[-69.875,-37.58333],[-69.83333,-37.58333],[-69.83333,-37.625],[-69.79167,-37.625],[-69.79167,-37.83333],[-69.75,-37.83333],[-69.75,-37.95833],[-69.70833,-37.95833],[-69.70833,-38],[-69.66667,-38],[-69.66667,-38.04167],[-69.70833,-38.04167],[-69.70833,-38.08333],[-69.66667,-38.08333],[-69.66667,-38.25],[-69.625,-38.25],[-69.625,-38.33333],[-69.54167,-38.33333],[-69.54167,-38.375],[-69.58333,-38.375],[-69.58333,-38.41667],[-69.45833,-38.41667],[-69.45833,-38.45833],[-69.41667,-38.45833],[-69.41667,-38.375],[-69.375,-38.375],[-69.375,-38.29167],[-69.33333,-38.29167],[-69.33333,-38.20833],[-69.375,-38.20833],[-69.375,-38.125],[-69.41667,-38.125],[-69.41667,-38.04167],[-69.45833,-38.04167],[-69.45833,-37.95833],[-69.5,-37.95833],[-69.5,-37.83333],[-69.54167,-37.83333],[-69.54167,-37.79167],[-69.58333,-37.79167],[-69.58333,-37.75],[-69.625,-37.75],[-69.625,-37.70833],[-69.66667,-37.70833],[-69.66667,-37.66667],[-69.70833,-37.66667],[-69.70833,-37.58333],[-69.66667,-37.58333],[-69.66667,-37.54167],[-69.54167,-37.54167],[-69.54167,-37.5],[-69.5,-37.5],[-69.5,-37.41667],[-69.45833,-37.41667],[-69.45833,-37.375],[-69.33333,-37.375],[-69.33333,-37.33333],[-69.375,-37.33333],[-69.375,-37.29167],[-69.25,-37.29167],[-69.25,-37.25],[-69.45833,-37.25],[-69.45833,-37.29167],[-69.5,-37.29167],[-69.5,-37.33333],[-69.54167,-37.33333],[-69.54167,-37.375],[-69.58333,-37.375],[-69.58333,-37.41667],[-69.625,-37.41667],[-69.625,-37.375],[-69.70833,-37.375],[-69.70833,-37.33333],[-69.83333,-37.33333],[-69.83333,-37.29167],[-69.79167,-37.29167],[-69.79167,-37.25],[-69.70833,-37.25],[-69.70833,-37.20833],[-69.75,-37.20833],[-69.75,-37.125],[-69.83333,-37.125],[-69.83333,-37.08333],[-69.875,-37.08333],[-69.875,-37],[-69.83333,-37],[-69.83333,-36.875],[-69.875,-36.875],[-69.875,-36.83333],[-69.91667,-36.83333],[-69.91667,-36.75],[-69.79167,-36.75],[-69.79167,-36.70833],[-69.75,-36.70833],[-69.75,-36.625],[-69.66667,-36.625],[-69.66667,-36.66667],[-69.70833,-36.66667],[-69.70833,-36.75],[-69.75,-36.75],[-69.75,-37.04167],[-69.66667,-37.04167],[-69.66667,-37],[-69.58333,-37],[-69.58333,-37.04167],[-69.54167,-37.04167],[-69.54167,-37.08333],[-69.5,-37.08333],[-69.5,-37],[-69.45833,-37],[-69.45833,-36.95833],[-69.375,-36.95833],[-69.375,-37],[-69.16667,-37],[-69.16667,-37.04167],[-69.125,-37.04167],[-69.125,-37.08333],[-69.04167,-37.08333],[-69.04167,-37.125],[-69,-37.125],[-69,-37.16667],[-68.91667,-37.16667],[-68.91667,-37.20833],[-68.75,-37.20833],[-68.75,-37.16667],[-68.66667,-37.16667],[-68.66667,-37.125],[-68.58333,-37.125],[-68.58333,-37.08333],[-68.5,-37.08333],[-68.5,-37],[-68.45833,-37],[-68.45833,-36.875],[-68.41667,-36.875],[-68.41667,-36.75],[-68.45833,-36.75],[-68.45833,-36.70833],[-68.5,-36.70833],[-68.5,-36.66667],[-68.54167,-36.66667],[-68.54167,-36.625],[-68.5,-36.625],[-68.5,-36.54167],[-68.41667,-36.54167],[-68.41667,-36.5],[-68.375,-36.5],[-68.375,-36.54167],[-68.29167,-36.54167],[-68.29167,-36.45833],[-68.33333,-36.45833],[-68.33333,-36.33333],[-68.29167,-36.33333],[-68.29167,-36.29167],[-68.25,-36.29167],[-68.25,-36.125],[-68.20833,-36.125],[-68.20833,-36.08333],[-68.25,-36.08333],[-68.25,-35.95833],[-68.20833,-35.95833],[-68.20833,-35.875],[-68.16667,-35.875],[-68.16667,-35.54167],[-68.20833,-35.54167],[-68.20833,-35.5],[-68.25,-35.5],[-68.25,-35.45833],[-68.29167,-35.45833],[-68.29167,-35.41667],[-68.33333,-35.41667],[-68.33333,-35.25],[-68.375,-35.25],[-68.375,-35.08333],[-68.41667,-35.08333],[-68.41667,-34.875],[-68.5,-34.875],[-68.5,-34.91667],[-68.58333,-34.91667],[-68.58333,-34.75],[-68.625,-34.75],[-68.625,-34.70833],[-68.70833,-34.70833],[-68.70833,-34.58333],[-68.75,-34.58333],[-68.75,-34.54167],[-68.70833,-34.54167],[-68.70833,-34.45833],[-68.75,-34.45833],[-68.75,-34.375],[-68.70833,-34.375],[-68.70833,-34.20833],[-68.66667,-34.20833],[-68.66667,-34.16667],[-68.70833,-34.16667],[-68.70833,-34.04167],[-68.58333,-34.04167],[-68.58333,-34],[-68.625,-34],[-68.625,-33.95833],[-68.66667,-33.95833],[-68.66667,-33.79167],[-68.79167,-33.79167],[-68.79167,-33.83333],[-68.83333,-33.83333],[-68.83333,-33.875],[-68.875,-33.875],[-68.875,-33.95833],[-68.91667,-33.95833],[-68.91667,-34],[-68.95833,-34],[-68.95833,-34.08333],[-69.20833,-34.08333],[-69.20833,-34],[-69.25,-34],[-69.25,-33.83333],[-69.29167,-33.83333],[-69.29167,-33.79167],[-69.33333,-33.79167],[-69.33333,-33.75],[-69.29167,-33.75],[-69.29167,-33.70833],[-69.33333,-33.70833],[-69.33333,-33.625],[-69.375,-33.625],[-69.375,-33.375],[-69.33333,-33.375],[-69.33333,-33.33333],[-69.29167,-33.33333],[-69.29167,-33.25],[-69.25,-33.25],[-69.25,-33.20833],[-69.125,-33.20833],[-69.125,-33.16667],[-69.16667,-33.16667],[-69.16667,-33.08333],[-69.20833,-33.08333],[-69.20833,-33],[-69.25,-33],[-69.25,-32.91667],[-69.16667,-32.91667],[-69.16667,-32.95833],[-69.125,-32.95833],[-69.125,-33],[-69.04167,-33],[-69.04167,-32.95833],[-69,-32.95833],[-69,-32.83333],[-68.95833,-32.83333],[-68.95833,-32.75],[-69,-32.75],[-69,-32.5],[-68.95833,-32.5],[-68.95833,-32.375],[-68.91667,-32.375],[-68.91667,-32.29167],[-68.95833,-32.29167],[-68.95833,-32.04167],[-68.91667,-32.04167],[-68.91667,-32],[-68.875,-32],[-68.875,-31.75],[-68.83333,-31.75],[-68.83333,-31.70833],[-68.875,-31.70833],[-68.875,-31.58333],[-69.04167,-31.58333],[-69.04167,-31.5],[-69.08333,-31.5],[-69.08333,-31.45833],[-69.04167,-31.45833],[-69.04167,-31.375],[-69.125,-31.375],[-69.125,-31.29167],[-69.375,-31.29167],[-69.375,-31.54167],[-69.41667,-31.54167],[-69.41667,-31.75],[-69.54167,-31.75],[-69.54167,-31.79167],[-69.58333,-31.79167],[-69.58333,-31.66667],[-69.54167,-31.66667],[-69.54167,-31.41667],[-69.58333,-31.41667],[-69.58333,-31.33333],[-69.54167,-31.33333],[-69.54167,-31.29167],[-69.58333,-31.29167],[-69.58333,-31.20833],[-69.54167,-31.20833],[-69.54167,-31.125],[-69.58333,-31.125],[-69.58333,-30.91667],[-69.54167,-30.91667],[-69.54167,-31],[-69.41667,-31],[-69.41667,-31.20833],[-69.33333,-31.20833],[-69.33333,-31.16667],[-69.29167,-31.16667],[-69.29167,-31.20833],[-69.16667,-31.20833],[-69.16667,-31.25],[-69.08333,-31.25],[-69.08333,-31.20833],[-69.04167,-31.20833],[-69.04167,-31.29167],[-68.95833,-31.29167],[-68.95833,-31.41667],[-68.83333,-31.41667],[-68.83333,-31.375],[-68.875,-31.375],[-68.875,-31.33333],[-68.83333,-31.33333],[-68.83333,-31.04167],[-68.875,-31.04167],[-68.875,-31],[-68.91667,-31],[-68.91667,-31.04167],[-69,-31.04167],[-69,-30.66667],[-68.91667,-30.66667],[-68.91667,-30.625],[-68.875,-30.625],[-68.875,-30.58333],[-68.91667,-30.58333],[-68.91667,-30.54167],[-68.875,-30.54167],[-68.875,-30.29167],[-69,-30.29167],[-69,-30.33333],[-69.08333,-30.33333],[-69.08333,-30.41667],[-69.125,-30.41667],[-69.125,-30.45833],[-69.20833,-30.45833],[-69.20833,-30.5],[-69.25,-30.5],[-69.25,-30.54167],[-69.29167,-30.54167],[-69.29167,-30.45833],[-69.33333,-30.45833],[-69.33333,-30],[-69.29167,-30],[-69.29167,-29.91667],[-69.20833,-29.91667],[-69.20833,-29.83333],[-69.16667,-29.83333],[-69.16667,-29.66667],[-69.125,-29.66667],[-69.125,-29.79167],[-69.08333,-29.79167],[-69.08333,-29.95833],[-69.04167,-29.95833],[-69.04167,-30.04167],[-69,-30.04167],[-69,-30.16667],[-68.91667,-30.16667],[-68.91667,-30.125],[-68.875,-30.125],[-68.875,-30.04167],[-68.83333,-30.04167],[-68.83333,-29.95833],[-68.79167,-29.95833],[-68.79167,-29.83333],[-68.75,-29.83333],[-68.75,-29.79167],[-68.79167,-29.79167],[-68.79167,-29.75],[-68.66667,-29.75],[-68.66667,-29.70833],[-68.75,-29.70833],[-68.75,-29.66667],[-68.79167,-29.66667],[-68.79167,-29.58333],[-68.83333,-29.58333],[-68.83333,-29.54167],[-68.79167,-29.54167],[-68.79167,-29.5],[-68.83333,-29.5],[-68.83333,-29.45833],[-68.875,-29.45833],[-68.875,-29.25],[-68.83333,-29.25],[-68.83333,-29.16667],[-68.79167,-29.16667],[-68.79167,-28.95833],[-68.75,-28.95833],[-68.75,-29],[-68.70833,-29],[-68.70833,-29.125],[-68.58333,-29.125],[-68.58333,-29.08333],[-68.54167,-29.08333],[-68.54167,-29.04167],[-68.45833,-29.04167],[-68.45833,-29],[-68.5,-29],[-68.5,-28.875],[-68.625,-28.875],[-68.625,-28.83333],[-68.66667,-28.83333],[-68.66667,-28.79167],[-68.75,-28.79167],[-68.75,-28.75],[-68.79167,-28.75],[-68.79167,-28.66667],[-68.75,-28.66667],[-68.75,-28.54167],[-68.66667,-28.54167],[-68.66667,-28.5],[-68.58333,-28.5],[-68.58333,-28.45833],[-68.625,-28.45833],[-68.625,-28.41667],[-68.58333,-28.41667],[-68.58333,-28.29167],[-68.54167,-28.29167],[-68.54167,-28.375],[-68.41667,-28.375],[-68.41667,-28.29167],[-68.375,-28.29167],[-68.375,-28.25],[-68.29167,-28.25],[-68.29167,-28.20833],[-68.20833,-28.20833],[-68.20833,-28.25],[-68.16667,-28.25],[-68.16667,-28.29167],[-68.20833,-28.29167],[-68.20833,-28.41667],[-68.125,-28.41667],[-68.125,-28.33333],[-68.08333,-28.33333],[-68.08333,-28.25],[-68.04167,-28.25],[-68.04167,-28.20833],[-67.95833,-28.20833],[-67.95833,-28.25],[-67.91667,-28.25],[-67.91667,-28.33333],[-67.875,-28.33333],[-67.875,-28.375],[-67.91667,-28.375],[-67.91667,-28.625],[-67.95833,-28.625],[-67.95833,-29.16667],[-67.91667,-29.16667],[-67.91667,-29.25],[-67.83333,-29.25],[-67.83333,-29.20833],[-67.79167,-29.20833],[-67.79167,-29.29167],[-67.70833,-29.29167],[-67.70833,-29.25],[-67.75,-29.25],[-67.75,-29.16667],[-67.70833,-29.16667],[-67.70833,-29.08333],[-67.66667,-29.08333],[-67.66667,-29.04167],[-67.625,-29.04167],[-67.625,-28.91667],[-67.66667,-28.91667],[-67.66667,-28.875],[-67.70833,-28.875],[-67.70833,-28.83333],[-67.75,-28.83333],[-67.75,-28.79167],[-67.79167,-28.79167],[-67.79167,-28.70833],[-67.83333,-28.70833],[-67.83333,-28.66667],[-67.79167,-28.66667],[-67.79167,-28.29167],[-67.83333,-28.29167],[-67.83333,-28.16667],[-67.79167,-28.16667],[-67.79167,-28.125],[-67.83333,-28.125],[-67.83333,-28.04167],[-67.875,-28.04167],[-67.875,-28],[-67.95833,-28],[-67.95833,-28.04167],[-68,-28.04167],[-68,-28.08333],[-68.04167,-28.08333],[-68.04167,-27.95833],[-68.08333,-27.95833],[-68.08333,-27.875],[-68.125,-27.875],[-68.125,-27.79167],[-68.16667,-27.79167],[-68.16667,-27.75],[-68.08333,-27.75],[-68.08333,-27.79167],[-68.04167,-27.79167],[-68.04167,-27.70833],[-68,-27.70833],[-68,-27.66667],[-67.95833,-27.66667],[-67.95833,-27.625],[-67.91667,-27.625],[-67.91667,-27.5],[-67.95833,-27.5],[-67.95833,-27.33333],[-67.91667,-27.33333],[-67.91667,-27.16667],[-67.875,-27.16667],[-67.875,-27.125],[-67.91667,-27.125],[-67.91667,-27],[-67.875,-27],[-67.875,-26.95833],[-67.83333,-26.95833],[-67.83333,-26.91667],[-67.75,-26.91667],[-67.75,-26.95833],[-67.66667,-26.95833],[-67.66667,-27],[-67.625,-27],[-67.625,-27.08333],[-67.58333,-27.08333],[-67.58333,-27.125],[-67.54167,-27.125],[-67.54167,-27.16667],[-67.375,-27.16667],[-67.375,-27.20833],[-67.33333,-27.20833],[-67.33333,-27.25],[-67.41667,-27.25],[-67.41667,-27.33333],[-67.375,-27.33333],[-67.375,-27.41667],[-67.41667,-27.41667],[-67.41667,-27.54167],[-67.45833,-27.54167],[-67.45833,-27.66667],[-67.41667,-27.66667],[-67.41667,-27.625],[-67.375,-27.625],[-67.375,-27.58333],[-67.33333,-27.58333],[-67.33333,-27.625],[-67.29167,-27.625],[-67.29167,-27.54167],[-67.20833,-27.54167],[-67.20833,-27.5],[-67.16667,-27.5],[-67.16667,-27.41667],[-67.125,-27.41667],[-67.125,-27.33333],[-67.16667,-27.33333],[-67.16667,-27.25],[-67.125,-27.25],[-67.125,-27.20833],[-67.08333,-27.20833],[-67.08333,-27.16667],[-67.04167,-27.16667],[-67.04167,-27.04167],[-67,-27.04167],[-67,-27],[-66.95833,-27],[-66.95833,-26.875],[-66.91667,-26.875],[-66.91667,-26.91667],[-66.875,-26.91667],[-66.875,-27],[-66.83333,-27],[-66.83333,-26.95833],[-66.79167,-26.95833],[-66.79167,-26.91667],[-66.75,-26.91667],[-66.75,-26.875],[-66.70833,-26.875],[-66.70833,-26.91667],[-66.625,-26.91667],[-66.625,-27.04167],[-66.58333,-27.04167],[-66.58333,-26.95833],[-66.54167,-26.95833],[-66.54167,-26.875],[-66.58333,-26.875],[-66.58333,-26.83333],[-66.54167,-26.83333],[-66.54167,-26.79167],[-66.5,-26.79167],[-66.5,-26.70833],[-66.45833,-26.70833],[-66.45833,-26.625],[-66.41667,-26.625],[-66.41667,-26.58333],[-66.375,-26.58333],[-66.375,-26.54167],[-66.29167,-26.54167],[-66.29167,-26.41667],[-66.25,-26.41667],[-66.25,-26.58333],[-66.20833,-26.58333],[-66.20833,-26.66667],[-66.16667,-26.66667],[-66.16667,-26.58333],[-66.125,-26.58333],[-66.125,-26.45833],[-66.08333,-26.45833],[-66.08333,-26.29167],[-66.04167,-26.29167],[-66.04167,-26.125],[-66.08333,-26.125],[-66.08333,-26.08333],[-66.125,-26.08333],[-66.125,-26.04167],[-66.08333,-26.04167],[-66.08333,-25.95833],[-66.125,-25.95833],[-66.125,-25.91667],[-66.16667,-25.91667],[-66.16667,-25.83333],[-66.20833,-25.83333],[-66.20833,-25.95833],[-66.25,-25.95833],[-66.25,-26],[-66.29167,-26],[-66.29167,-26.04167],[-66.33333,-26.04167],[-66.33333,-25.95833],[-66.375,-25.95833],[-66.375,-25.91667],[-66.41667,-25.91667],[-66.41667,-25.79167],[-66.45833,-25.79167],[-66.45833,-25.70833],[-66.5,-25.70833],[-66.5,-25.66667],[-66.54167,-25.66667],[-66.54167,-25.54167],[-66.45833,-25.54167],[-66.45833,-25.375],[-66.5,-25.375],[-66.5,-25.25],[-66.45833,-25.25],[-66.45833,-25.16667],[-66.41667,-25.16667],[-66.41667,-25.25],[-66.375,-25.25],[-66.375,-25.16667],[-66.33333,-25.16667],[-66.33333,-25.20833],[-66.29167,-25.20833],[-66.29167,-25.16667],[-66.25,-25.16667],[-66.25,-25.125],[-66.29167,-25.125],[-66.29167,-25.08333],[-66.25,-25.08333],[-66.25,-25],[-66.20833,-25],[-66.20833,-24.95833],[-66.25,-24.95833],[-66.25,-24.91667],[-66.20833,-24.91667],[-66.20833,-24.625],[-66.16667,-24.625],[-66.16667,-24.79167],[-66.125,-24.79167],[-66.125,-24.83333],[-66.08333,-24.83333],[-66.08333,-24.79167],[-66.04167,-24.79167],[-66.04167,-24.75],[-66,-24.75],[-66,-24.70833],[-66.04167,-24.70833],[-66.04167,-24.66667],[-65.95833,-24.66667],[-65.95833,-24.75],[-65.79167,-24.75],[-65.79167,-24.70833],[-65.875,-24.70833],[-65.875,-24.58333],[-65.91667,-24.58333],[-65.91667,-24.5],[-65.95833,-24.5],[-65.95833,-24.45833],[-66,-24.45833],[-66,-24.41667],[-65.91667,-24.41667],[-65.91667,-24.45833],[-65.875,-24.45833],[-65.875,-24.41667],[-65.83333,-24.41667],[-65.83333,-24.375],[-65.79167,-24.375],[-65.79167,-24.5],[-65.75,-24.5],[-65.75,-24.54167],[-65.79167,-24.54167],[-65.79167,-24.625],[-65.70833,-24.625],[-65.70833,-24.70833],[-65.66667,-24.70833],[-65.66667,-24.58333],[-65.625,-24.58333],[-65.625,-24.5],[-65.58333,-24.5],[-65.58333,-24.45833],[-65.54167,-24.45833],[-65.54167,-24.20833],[-65.58333,-24.20833],[-65.58333,-24.125],[-65.54167,-24.125],[-65.54167,-24.04167],[-65.58333,-24.04167],[-65.58333,-24],[-65.54167,-24],[-65.54167,-23.75],[-65.58333,-23.75],[-65.58333,-23.625],[-65.45833,-23.625],[-65.45833,-23.45833],[-65.41667,-23.45833],[-65.41667,-23.375],[-65.45833,-23.375],[-65.45833,-23.33333],[-65.5,-23.33333],[-65.5,-23.29167],[-65.41667,-23.29167],[-65.41667,-23],[-65.375,-23],[-65.375,-22.91667],[-65.33333,-22.91667],[-65.33333,-22.95833],[-65.29167,-22.95833],[-65.29167,-23.125],[-65.25,-23.125],[-65.25,-23.29167],[-65.29167,-23.29167],[-65.29167,-23.5],[-65.33333,-23.5],[-65.33333,-23.625],[-65.375,-23.625],[-65.375,-23.66667],[-65.41667,-23.66667],[-65.41667,-23.83333],[-65.375,-23.83333],[-65.375,-23.79167],[-65.33333,-23.79167],[-65.33333,-23.75],[-65.29167,-23.75],[-65.29167,-23.70833],[-65.25,-23.70833],[-65.25,-23.54167],[-65.20833,-23.54167],[-65.20833,-23.41667],[-65.125,-23.41667],[-65.125,-23.45833],[-65.08333,-23.45833],[-65.08333,-23.375],[-65.125,-23.375],[-65.125,-23.33333],[-64.95833,-23.33333],[-64.95833,-23.25],[-65,-23.25],[-65,-23.08333],[-65.04167,-23.08333],[-65.04167,-23.04167],[-65,-23.04167],[-65,-23],[-64.95833,-23],[-64.95833,-22.95833],[-65.04167,-22.95833],[-65.04167,-23],[-65.08333,-23],[-65.08333,-22.95833],[-65.125,-22.95833],[-65.125,-22.79167],[-65.20833,-22.79167],[-65.20833,-22.875],[-65.25,-22.875],[-65.25,-22.70833],[-65.20833,-22.70833],[-65.20833,-22.625],[-65.25,-22.625],[-65.25,-22.58333],[-65.29167,-22.58333],[-65.29167,-22.54167],[-65.125,-22.54167],[-65.125,-22.45833],[-65.08333,-22.45833],[-65.08333,-22.375],[-65.16667,-22.375],[-65.16667,-22.25],[-65.125,-22.25],[-65.125,-22.29167],[-65.08333,-22.29167],[-65.08333,-22.20833],[-65.04167,-22.20833],[-65.04167,-22.08333],[-65.29167,-22.08333],[-65.29167,-22.16667],[-65.33333,-22.16667],[-65.33333,-22.25],[-65.375,-22.25],[-65.375,-22.29167],[-65.41667,-22.29167],[-65.41667,-22.33333],[-65.45833,-22.33333],[-65.45833,-22.375],[-65.54167,-22.375],[-65.54167,-22.45833],[-65.58333,-22.45833],[-65.58333,-22.5],[-65.625,-22.5],[-65.625,-22.70833],[-65.66667,-22.70833],[-65.66667,-22.79167],[-65.70833,-22.79167],[-65.70833,-22.83333],[-65.75,-22.83333],[-65.75,-22.91667],[-65.79167,-22.91667],[-65.79167,-22.95833],[-65.83333,-22.95833],[-65.83333,-23],[-65.875,-23],[-65.875,-22.95833],[-65.91667,-22.95833],[-65.91667,-22.91667],[-65.875,-22.91667],[-65.875,-22.875],[-65.83333,-22.875],[-65.83333,-22.66667],[-65.79167,-22.66667],[-65.79167,-22.33333],[-65.75,-22.33333],[-65.75,-22.25],[-65.70833,-22.25],[-65.70833,-22.16667],[-65.79167,-22.16667],[-65.79167,-22.125],[-65.875,-22.125],[-65.875,-22.08333],[-65.91667,-22.08333],[-65.91667,-22.04167],[-66,-22.04167],[-66,-21.95833],[-65.95833,-21.95833],[-65.95833,-21.91667],[-66.04167,-21.91667],[-66.04167,-21.83333],[-66.125,-21.83333],[-66.125,-21.79167],[-66.16667,-21.79167]],[[-65.95833,-22.83333],[-65.91667,-22.83333],[-65.91667,-22.91667],[-65.95833,-22.91667],[-65.95833,-22.83333]],[[-66.04167,-23],[-65.91667,-23],[-65.91667,-23.04167],[-65.95833,-23.04167],[-65.95833,-23.20833],[-66,-23.20833],[-66,-23.16667],[-66.04167,-23.16667],[-66.04167,-23]],[[-65.58333,-23.25],[-65.54167,-23.25],[-65.54167,-23.29167],[-65.58333,-23.29167],[-65.58333,-23.25]],[[-66.75,-24.29167],[-66.70833,-24.29167],[-66.70833,-24.33333],[-66.75,-24.33333],[-66.75,-24.29167]],[[-66.41667,-24.75],[-66.375,-24.75],[-66.375,-24.79167],[-66.41667,-24.79167],[-66.41667,-24.75]],[[-66.41667,-24.91667],[-66.33333,-24.91667],[-66.33333,-25],[-66.375,-25],[-66.375,-24.95833],[-66.41667,-24.95833],[-66.41667,-24.91667]],[[-66.625,-25.08333],[-66.58333,-25.08333],[-66.58333,-25.16667],[-66.625,-25.16667],[-66.625,-25.08333]],[[-67.5,-25.25],[-67.45833,-25.25],[-67.45833,-25.29167],[-67.5,-25.29167],[-67.5,-25.25]],[[-67.5,-25.375],[-67.45833,-25.375],[-67.45833,-25.41667],[-67.5,-25.41667],[-67.5,-25.375]],[[-67.54167,-25.41667],[-67.5,-25.41667],[-67.5,-25.45833],[-67.54167,-25.45833],[-67.54167,-25.41667]],[[-67.58333,-25.45833],[-67.54167,-25.45833],[-67.54167,-25.54167],[-67.58333,-25.54167],[-67.58333,-25.625],[-67.625,-25.625],[-67.625,-25.70833],[-67.66667,-25.70833],[-67.66667,-25.75],[-67.70833,-25.75],[-67.70833,-25.83333],[-67.75,-25.83333],[-67.75,-25.875],[-67.79167,-25.875],[-67.79167,-25.91667],[-67.875,-25.91667],[-67.875,-26],[-67.91667,-26],[-67.91667,-26.125],[-67.95833,-26.125],[-67.95833,-26.33333],[-68.04167,-26.33333],[-68.04167,-26.375],[-68.08333,-26.375],[-68.08333,-26.25],[-68.04167,-26.25],[-68.04167,-26.16667],[-68,-26.16667],[-68,-26.04167],[-67.95833,-26.04167],[-67.95833,-25.95833],[-67.91667,-25.95833],[-67.91667,-25.83333],[-67.875,-25.83333],[-67.875,-25.79167],[-67.83333,-25.79167],[-67.83333,-25.75],[-67.79167,-25.75],[-67.79167,-25.70833],[-67.75,-25.70833],[-67.75,-25.66667],[-67.70833,-25.66667],[-67.70833,-25.625],[-67.66667,-25.625],[-67.66667,-25.54167],[-67.625,-25.54167],[-67.625,-25.5],[-67.58333,-25.5],[-67.58333,-25.45833]],[[-67.95833,-25.54167],[-67.83333,-25.54167],[-67.83333,-25.58333],[-67.875,-25.58333],[-67.875,-25.625],[-67.91667,-25.625],[-67.91667,-25.58333],[-67.95833,-25.58333],[-67.95833,-25.54167]],[[-68.08333,-25.83333],[-68.04167,-25.83333],[-68.04167,-25.875],[-68.08333,-25.875],[-68.08333,-25.83333]],[[-66.95833,-25.91667],[-66.91667,-25.91667],[-66.91667,-25.95833],[-66.875,-25.95833],[-66.875,-26],[-66.95833,-26],[-66.95833,-25.91667]],[[-67.41667,-26.08333],[-67.375,-26.08333],[-67.375,-26.16667],[-67.33333,-26.16667],[-67.33333,-26.29167],[-67.29167,-26.29167],[-67.29167,-26.45833],[-67.33333,-26.45833],[-67.33333,-26.5],[-67.29167,-26.5],[-67.29167,-26.54167],[-67.33333,-26.54167],[-67.33333,-26.58333],[-67.41667,-26.58333],[-67.41667,-26.625],[-67.54167,-26.625],[-67.54167,-26.58333],[-67.625,-26.58333],[-67.625,-26.45833],[-67.58333,-26.45833],[-67.58333,-26.41667],[-67.625,-26.41667],[-67.625,-26.375],[-67.58333,-26.375],[-67.58333,-26.33333],[-67.54167,-26.33333],[-67.54167,-26.20833],[-67.45833,-26.20833],[-67.45833,-26.125],[-67.41667,-26.125],[-67.41667,-26.08333]],[[-67.66667,-26.29167],[-67.625,-26.29167],[-67.625,-26.375],[-67.66667,-26.375],[-67.66667,-26.29167]],[[-67.04167,-26.33333],[-67,-26.33333],[-67,-26.41667],[-67.04167,-26.41667],[-67.04167,-26.45833],[-67.08333,-26.45833],[-67.08333,-26.375],[-67.04167,-26.375],[-67.04167,-26.33333]],[[-67.70833,-26.375],[-67.66667,-26.375],[-67.66667,-26.5],[-67.70833,-26.5],[-67.70833,-26.375]],[[-67.08333,-26.5],[-67.04167,-26.5],[-67.04167,-26.58333],[-67.08333,-26.58333],[-67.08333,-26.5]],[[-68.375,-26.58333],[-68.33333,-26.58333],[-68.33333,-26.66667],[-68.375,-26.66667],[-68.375,-26.58333]],[[-68.5,-27.41667],[-68.45833,-27.41667],[-68.45833,-27.5],[-68.5,-27.5],[-68.5,-27.41667]],[[-68.875,-27.66667],[-68.79167,-27.66667],[-68.79167,-27.70833],[-68.75,-27.70833],[-68.75,-27.75],[-68.70833,-27.75],[-68.70833,-27.79167],[-68.625,-27.79167],[-68.625,-27.875],[-68.66667,-27.875],[-68.66667,-27.95833],[-68.625,-27.95833],[-68.625,-28],[-68.66667,-28],[-68.66667,-28.04167],[-68.70833,-28.04167],[-68.70833,-28.08333],[-68.83333,-28.08333],[-68.83333,-28.04167],[-68.91667,-28.04167],[-68.91667,-28.08333],[-68.95833,-28.08333],[-68.95833,-28.125],[-69.04167,-28.125],[-69.04167,-28.04167],[-69,-28.04167],[-69,-28],[-68.95833,-28],[-68.95833,-27.95833],[-69,-27.95833],[-69,-27.875],[-68.95833,-27.875],[-68.95833,-27.79167],[-69,-27.79167],[-69,-27.75],[-68.91667,-27.75],[-68.91667,-27.70833],[-68.875,-27.70833],[-68.875,-27.66667]],[[-69.04167,-28.29167],[-69,-28.29167],[-69,-28.33333],[-69.04167,-28.33333],[-69.04167,-28.29167]],[[-69.58333,-28.58333],[-69.54167,-28.58333],[-69.54167,-28.625],[-69.58333,-28.625],[-69.58333,-28.58333]],[[-69.41667,-28.70833],[-69.375,-28.70833],[-69.375,-28.75],[-69.41667,-28.75],[-69.41667,-28.70833]],[[-69.66667,-28.75],[-69.625,-28.75],[-69.625,-28.79167],[-69.66667,-28.79167],[-69.66667,-28.75]],[[-67.875,-28.91667],[-67.79167,-28.91667],[-67.79167,-29.125],[-67.875,-29.125],[-67.875,-28.91667]],[[-69.83333,-29.20833],[-69.75,-29.20833],[-69.75,-29.375],[-69.83333,-29.375],[-69.83333,-29.20833]],[[-69.5,-29.20833],[-69.45833,-29.20833],[-69.45833,-29.25],[-69.5,-29.25],[-69.5,-29.20833]],[[-69.20833,-29.54167],[-69.16667,-29.54167],[-69.16667,-29.58333],[-69.20833,-29.58333],[-69.20833,-29.54167]],[[-69.70833,-29.66667],[-69.66667,-29.66667],[-69.66667,-29.75],[-69.70833,-29.75],[-69.70833,-29.66667]],[[-70.08333,-30.54167],[-69.95833,-30.54167],[-69.95833,-30.58333],[-70,-30.58333],[-70,-30.66667],[-69.91667,-30.66667],[-69.91667,-30.70833],[-69.95833,-30.70833],[-69.95833,-30.75],[-70,-30.75],[-70,-30.70833],[-70.08333,-30.70833],[-70.08333,-30.54167]],[[-69.91667,-30.70833],[-69.875,-30.70833],[-69.875,-30.75],[-69.91667,-30.75],[-69.91667,-30.70833]],[[-70.16667,-30.75],[-70.08333,-30.75],[-70.08333,-30.79167],[-70.16667,-30.79167],[-70.16667,-30.75]],[[-69.875,-30.75],[-69.83333,-30.75],[-69.83333,-30.79167],[-69.875,-30.79167],[-69.875,-30.75]],[[-70.20833,-30.79167],[-70.16667,-30.79167],[-70.16667,-30.83333],[-70.20833,-30.83333],[-70.20833,-30.79167]],[[-70.16667,-30.83333],[-70.125,-30.83333],[-70.125,-30.875],[-70.16667,-30.875],[-70.16667,-30.83333]],[[-70.20833,-30.875],[-70.16667,-30.875],[-70.16667,-30.95833],[-70.08333,-30.95833],[-70.08333,-31],[-70.20833,-31],[-70.20833,-30.875]],[[-70.45833,-31.25],[-70.41667,-31.25],[-70.41667,-31.29167],[-70.45833,-31.29167],[-70.45833,-31.25]],[[-69.16667,-31.66667],[-69.125,-31.66667],[-69.125,-31.75],[-69.16667,-31.75],[-69.16667,-31.66667]],[[-69.125,-31.875],[-69.08333,-31.875],[-69.08333,-31.95833],[-69.125,-31.95833],[-69.125,-31.875]],[[-69.45833,-34.125],[-69.375,-34.125],[-69.375,-34.16667],[-69.45833,-34.16667],[-69.45833,-34.125]],[[-70.16667,-35.125],[-70.125,-35.125],[-70.125,-35.16667],[-70.16667,-35.16667],[-70.16667,-35.125]],[[-70.04167,-35.25],[-69.91667,-35.25],[-69.91667,-35.33333],[-69.95833,-35.33333],[-69.95833,-35.375],[-70,-35.375],[-70,-35.45833],[-70.08333,-35.45833],[-70.08333,-35.41667],[-70.125,-35.41667],[-70.125,-35.375],[-70.08333,-35.375],[-70.08333,-35.33333],[-70.04167,-35.33333],[-70.04167,-35.25]],[[-70.25,-36.04167],[-70.16667,-36.04167],[-70.16667,-36.08333],[-70.25,-36.08333],[-70.25,-36.04167]],[[-70.20833,-36.125],[-70.16667,-36.125],[-70.16667,-36.16667],[-70.125,-36.16667],[-70.125,-36.20833],[-70.20833,-36.20833],[-70.20833,-36.125]],[[-70.125,-36.25],[-70.08333,-36.25],[-70.08333,-36.29167],[-70.125,-36.29167],[-70.125,-36.25]],[[-70.08333,-36.29167],[-70.04167,-36.29167],[-70.04167,-36.33333],[-70.08333,-36.33333],[-70.08333,-36.29167]],[[-69.25,-36.375],[-69.20833,-36.375],[-69.20833,-36.45833],[-69.25,-36.45833],[-69.25,-36.375]],[[-69.16667,-36.375],[-69.125,-36.375],[-69.125,-36.41667],[-69.16667,-36.41667],[-69.16667,-36.375]],[[-70.45833,-36.54167],[-70.41667,-36.54167],[-70.41667,-36.58333],[-70.33333,-36.58333],[-70.33333,-36.625],[-70.375,-36.625],[-70.375,-36.70833],[-70.45833,-36.70833],[-70.45833,-36.66667],[-70.5,-36.66667],[-70.5,-36.58333],[-70.45833,-36.58333],[-70.45833,-36.54167]],[[-70.33333,-36.625],[-70.29167,-36.625],[-70.29167,-36.66667],[-70.33333,-36.66667],[-70.33333,-36.625]],[[-70.08333,-37.125],[-70,-37.125],[-70,-37.16667],[-70.08333,-37.16667],[-70.08333,-37.125]],[[-70.33333,-37.54167],[-70.29167,-37.54167],[-70.29167,-37.58333],[-70.33333,-37.58333],[-70.33333,-37.54167]],[[-70.25,-37.70833],[-70.20833,-37.70833],[-70.20833,-37.75],[-70.25,-37.75],[-70.25,-37.70833]],[[-68.20833,-39.58333],[-68.125,-39.58333],[-68.125,-39.625],[-68.16667,-39.625],[-68.16667,-39.66667],[-68.33333,-39.66667],[-68.33333,-39.625],[-68.20833,-39.625],[-68.20833,-39.58333]],[[-70.04167,-40.04167],[-70,-40.04167],[-70,-40.08333],[-70.04167,-40.08333],[-70.04167,-40.04167]],[[-70,-40.08333],[-69.95833,-40.08333],[-69.95833,-40.125],[-70,-40.125],[-70,-40.08333]],[[-67.5,-40.54167],[-67.41667,-40.54167],[-67.41667,-40.58333],[-67.5,-40.58333],[-67.5,-40.54167]],[[-71.54167,-42.04167],[-71.5,-42.04167],[-71.5,-42.08333],[-71.54167,-42.08333],[-71.54167,-42.04167]],[[-71.66667,-42.08333],[-71.625,-42.08333],[-71.625,-42.125],[-71.66667,-42.125],[-71.66667,-42.08333]],[[-71.66667,-42.16667],[-71.625,-42.16667],[-71.625,-42.20833],[-71.66667,-42.20833],[-71.66667,-42.16667]],[[-71.70833,-42.20833],[-71.66667,-42.20833],[-71.66667,-42.25],[-71.70833,-42.25],[-71.70833,-42.20833]],[[-68.16667,-43.70833],[-68.125,-43.70833],[-68.125,-43.79167],[-68.04167,-43.79167],[-68.04167,-43.83333],[-67.91667,-43.83333],[-67.91667,-43.875],[-67.95833,-43.875],[-67.95833,-43.91667],[-68,-43.91667],[-68,-43.875],[-68.16667,-43.875],[-68.16667,-43.83333],[-68.20833,-43.83333],[-68.20833,-43.875],[-68.33333,-43.875],[-68.33333,-43.83333],[-68.25,-43.83333],[-68.25,-43.79167],[-68.20833,-43.79167],[-68.20833,-43.75],[-68.16667,-43.75],[-68.16667,-43.70833]],[[-67.91667,-43.79167],[-67.875,-43.79167],[-67.875,-43.83333],[-67.91667,-43.83333],[-67.91667,-43.79167]],[[-67.29167,-44.54167],[-67.25,-44.54167],[-67.25,-44.58333],[-67.16667,-44.58333],[-67.16667,-44.625],[-67.29167,-44.625],[-67.29167,-44.54167]],[[-67.33333,-44.625],[-67.29167,-44.625],[-67.29167,-44.66667],[-67.33333,-44.66667],[-67.33333,-44.625]],[[-67.45833,-45],[-67.41667,-45],[-67.41667,-45.04167],[-67.45833,-45.04167],[-67.45833,-45]],[[-67.5,-45.04167],[-67.45833,-45.04167],[-67.45833,-45.125],[-67.5,-45.125],[-67.5,-45.04167]],[[-71.75,-46.91667],[-71.70833,-46.91667],[-71.70833,-46.95833],[-71.66667,-46.95833],[-71.66667,-47],[-71.58333,-47],[-71.58333,-47.04167],[-71.625,-47.04167],[-71.625,-47.08333],[-71.75,-47.08333],[-71.75,-46.91667]],[[-68.91667,-47.04167],[-68.79167,-47.04167],[-68.79167,-47.08333],[-68.83333,-47.08333],[-68.83333,-47.125],[-68.91667,-47.125],[-68.91667,-47.04167]],[[-66.45833,-47.125],[-66.33333,-47.125],[-66.33333,-47.16667],[-66.375,-47.16667],[-66.375,-47.20833],[-66.45833,-47.20833],[-66.45833,-47.125]],[[-67.91667,-47.20833],[-67.875,-47.20833],[-67.875,-47.25],[-67.91667,-47.25],[-67.91667,-47.20833]],[[-67.70833,-47.375],[-67.66667,-47.375],[-67.66667,-47.41667],[-67.70833,-47.41667],[-67.70833,-47.375]],[[-68,-47.41667],[-67.95833,-47.41667],[-67.95833,-47.45833],[-68,-47.45833],[-68,-47.41667]],[[-67.95833,-47.45833],[-67.91667,-47.45833],[-67.91667,-47.5],[-67.95833,-47.5],[-67.95833,-47.45833]],[[-67.91667,-47.5],[-67.75,-47.5],[-67.75,-47.625],[-67.79167,-47.625],[-67.79167,-47.66667],[-67.875,-47.66667],[-67.875,-47.70833],[-67.83333,-47.70833],[-67.83333,-47.75],[-67.875,-47.75],[-67.875,-47.79167],[-67.91667,-47.79167],[-67.91667,-47.83333],[-68.04167,-47.83333],[-68.04167,-47.875],[-68.125,-47.875],[-68.125,-47.83333],[-68.08333,-47.83333],[-68.08333,-47.79167],[-68.125,-47.79167],[-68.125,-47.75],[-68.16667,-47.75],[-68.16667,-47.70833],[-68.125,-47.70833],[-68.125,-47.66667],[-68.16667,-47.66667],[-68.16667,-47.625],[-68.25,-47.625],[-68.25,-47.54167],[-68.16667,-47.54167],[-68.16667,-47.58333],[-68.04167,-47.58333],[-68.04167,-47.625],[-68,-47.625],[-68,-47.66667],[-67.91667,-47.66667],[-67.91667,-47.5]],[[-72.29167,-47.66667],[-72.20833,-47.66667],[-72.20833,-47.70833],[-72.29167,-47.70833],[-72.29167,-47.66667]],[[-71.875,-47.66667],[-71.79167,-47.66667],[-71.79167,-47.75],[-71.75,-47.75],[-71.75,-47.83333],[-71.83333,-47.83333],[-71.83333,-47.79167],[-71.875,-47.79167],[-71.875,-47.66667]],[[-66.08333,-47.75],[-66.04167,-47.75],[-66.04167,-47.79167],[-66.08333,-47.79167],[-66.08333,-47.75]],[[-66.16667,-47.79167],[-66.08333,-47.79167],[-66.08333,-47.83333],[-66.16667,-47.83333],[-66.16667,-47.79167]],[[-73.125,-49.25],[-73.04167,-49.25],[-73.04167,-49.29167],[-73.08333,-49.29167],[-73.08333,-49.375],[-73.125,-49.375],[-73.125,-49.25]],[[-67.70833,-49.25],[-67.66667,-49.25],[-67.66667,-49.29167],[-67.70833,-49.29167],[-67.70833,-49.25]],[[-67.79167,-49.33333],[-67.66667,-49.33333],[-67.66667,-49.375],[-67.79167,-49.375],[-67.79167,-49.33333]],[[-67.83333,-49.375],[-67.79167,-49.375],[-67.79167,-49.41667],[-67.83333,-49.41667],[-67.83333,-49.375]],[[-73.16667,-49.625],[-73.125,-49.625],[-73.125,-49.66667],[-73.16667,-49.66667],[-73.16667,-49.625]],[[-73.04167,-49.79167],[-73,-49.79167],[-73,-49.875],[-73.04167,-49.875],[-73.04167,-49.79167]],[[-68.625,-49.83333],[-68.58333,-49.83333],[-68.58333,-49.875],[-68.625,-49.875],[-68.625,-49.83333]],[[-72.95833,-49.875],[-72.91667,-49.875],[-72.91667,-49.91667],[-72.95833,-49.91667],[-72.95833,-49.875]],[[-68.58333,-49.875],[-68.54167,-49.875],[-68.54167,-49.91667],[-68.5,-49.91667],[-68.5,-49.95833],[-68.45833,-49.95833],[-68.45833,-50.04167],[-68.41667,-50.04167],[-68.41667,-50.08333],[-68.375,-50.08333],[-68.375,-50.125],[-68.45833,-50.125],[-68.45833,-50.08333],[-68.5,-50.08333],[-68.5,-50],[-68.54167,-50],[-68.54167,-49.95833],[-68.58333,-49.95833],[-68.58333,-49.875]],[[-68.75,-49.95833],[-68.625,-49.95833],[-68.625,-50],[-68.75,-50],[-68.75,-49.95833]],[[-73.16667,-50.54167],[-73.125,-50.54167],[-73.125,-50.58333],[-73.16667,-50.58333],[-73.16667,-50.54167]],[[-72.20833,-50.625],[-72.16667,-50.625],[-72.16667,-50.66667],[-72.20833,-50.66667],[-72.20833,-50.625]],[[-72.29167,-50.75],[-72.25,-50.75],[-72.25,-50.79167],[-72.29167,-50.79167],[-72.29167,-50.75]],[[-69.29167,-50.95833],[-69.20833,-50.95833],[-69.20833,-51],[-69.29167,-51],[-69.29167,-50.95833]],[[-69.375,-51],[-69.29167,-51],[-69.29167,-51.04167],[-69.375,-51.04167],[-69.375,-51]],[[-69.41667,-51.54167],[-69.29167,-51.54167],[-69.29167,-51.58333],[-69.41667,-51.58333],[-69.41667,-51.54167]],[[-69.54167,-51.58333],[-69.5,-51.58333],[-69.5,-51.625],[-69.54167,-51.625],[-69.54167,-51.58333]]]}},{"type":"Feature","properties":{"fid":271,"class_id":2},"geometry":{"type":"Polygon","coordinates":[[[-59.79167,-52.33333],[-59.79167,-52.375],[-59.75,-52.375],[-59.75,-52.33333],[-59.79167,-52.33333]]]}},{"type":"Feature","properties":{"fid":272,"class_id":2},"geometry":{"type":"Polygon","coordinates":[[[-59.375,-52.33333],[-59.375,-52.375],[-59.33333,-52.375],[-59.33333,-52.33333],[-59.375,-52.33333]]]}},{"type":"Feature","properties":{"fid":273,"class_id":2},"geometry":{"type":"Polygon","coordinates":[[[-59.16667,-52.41667],[-59.16667,-52.45833],[-59.08333,-52.45833],[-59.08333,-52.41667],[-59.16667,-52.41667]]]}},{"type":"Feature","properties":{"fid":274,"class_id":2},"geometry":{"type":"Polygon","coordinates":[[[-59.20833,-52.875],[-59.20833,-52.91667],[-59.16667,-52.91667],[-59.16667,-52.875],[-59.20833,-52.875]]]}},{"type":"Feature","properties":{"fid":275,"class_id":2},"geometry":{"type":"Polygon","coordinates":[[[-38.04167,-54.04167],[-38.04167,-54.08333],[-38,-54.08333],[-38,-54.04167],[-38.04167,-54.04167]]]}},{"type":"Feature","properties":{"fid":276,"class_id":2},"geometry":{"type":"Polygon","coordinates":[[[-37,-54.04167],[-37,-54.08333],[-36.95833,-54.08333],[-36.95833,-54.04167],[-37,-54.04167]]]}},{"type":"Feature","properties":{"fid":277,"class_id":2},"geometry":{"type":"Polygon","coordinates":[[[-37.41667,-54.25],[-37.41667,-54.29167],[-37.375,-54.29167],[-37.375,-54.25],[-37.41667,-54.25]]]}},{"type":"Feature","properties":{"fid":278,"class_id":2},"geometry":{"type":"Polygon","coordinates":[[[-38,-54],[-38,-54.04167],[-37.625,-54.04167],[-37.625,-54.08333],[-37.70833,-54.08333],[-37.70833,-54.16667],[-37.54167,-54.16667],[-37.54167,-54.125],[-37.45833,-54.125],[-37.45833,-54.16667],[-37.41667,-54.16667],[-37.41667,-54.20833],[-37.29167,-54.20833],[-37.29167,-54.25],[-37.125,-54.25],[-37.125,-54.29167],[-37.08333,-54.29167],[-37.08333,-54.33333],[-37.04167,-54.33333],[-37.04167,-54.375],[-36.95833,-54.375],[-36.95833,-54.33333],[-37,-54.33333],[-37,-54.25],[-37.08333,-54.25],[-37.08333,-54.16667],[-37.04167,-54.16667],[-37.04167,-54.20833],[-37,-54.20833],[-37,-54.16667],[-36.91667,-54.16667],[-36.91667,-54.20833],[-36.95833,-54.20833],[-36.95833,-54.25],[-36.83333,-54.25],[-36.83333,-54.29167],[-36.70833,-54.29167],[-36.70833,-54.33333],[-36.58333,-54.33333],[-36.58333,-54.375],[-36.54167,-54.375],[-36.54167,-54.33333],[-36.5,-54.33333],[-36.5,-54.29167],[-36.45833,-54.29167],[-36.45833,-54.25],[-36.58333,-54.25],[-36.58333,-54.29167],[-36.66667,-54.29167],[-36.66667,-54.25],[-36.625,-54.25],[-36.625,-54.20833],[-36.5,-54.20833],[-36.5,-54.16667],[-36.625,-54.16667],[-36.625,-54.125],[-36.79167,-54.125],[-36.79167,-54.16667],[-36.83333,-54.16667],[-36.83333,-54.08333],[-36.95833,-54.08333],[-36.95833,-54.125],[-37,-54.125],[-37,-54.08333],[-37.08333,-54.08333],[-37.08333,-54.125],[-37.16667,-54.125],[-37.16667,-54.08333],[-37.25,-54.08333],[-37.25,-54.04167],[-37.375,-54.04167],[-37.375,-54.08333],[-37.5,-54.08333],[-37.5,-54.04167],[-37.45833,-54.04167],[-37.45833,-54],[-38,-54]],[[-36.70833,-54.16667],[-36.66667,-54.16667],[-36.66667,-54.20833],[-36.70833,-54.20833],[-36.70833,-54.16667]]]}},{"type":"Feature","properties":{"fid":279,"class_id":2},"geometry":{"type":"Polygon","coordinates":[[[-36.875,-54.33333],[-36.875,-54.375],[-36.83333,-54.375],[-36.83333,-54.41667],[-36.79167,-54.41667],[-36.79167,-54.45833],[-36.75,-54.45833],[-36.75,-54.5],[-36.54167,-54.5],[-36.54167,-54.45833],[-36.70833,-54.45833],[-36.70833,-54.41667],[-36.75,-54.41667],[-36.75,-54.375],[-36.79167,-54.375],[-36.79167,-54.33333],[-36.875,-54.33333]]]}},{"type":"Feature","properties":{"fid":280,"class_id":2},"geometry":{"type":"Polygon","coordinates":[[[-37.125,-54.45833],[-37.125,-54.5],[-37.08333,-54.5],[-37.08333,-54.45833],[-37.125,-54.45833]]]}},{"type":"Feature","properties":{"fid":281,"class_id":1},"geometry":{"type":"Polygon","coordinates":[[[-37.08333,-54.16667],[-37.08333,-54.25],[-37,-54.25],[-37,-54.33333],[-36.79167,-54.33333],[-36.79167,-54.375],[-36.75,-54.375],[-36.75,-54.41667],[-36.70833,-54.41667],[-36.70833,-54.45833],[-36.54167,-54.45833],[-36.54167,-54.5],[-36.33333,-54.5],[-36.33333,-54.54167],[-36.20833,-54.54167],[-36.20833,-54.5],[-36.25,-54.5],[-36.25,-54.45833],[-36.41667,-54.45833],[-36.41667,-54.41667],[-36.5,-54.41667],[-36.5,-54.375],[-36.58333,-54.375],[-36.58333,-54.33333],[-36.70833,-54.33333],[-36.70833,-54.29167],[-36.83333,-54.29167],[-36.83333,-54.25],[-36.95833,-54.25],[-36.95833,-54.20833],[-36.91667,-54.20833],[-36.91667,-54.16667],[-37,-54.16667],[-37,-54.20833],[-37.04167,-54.20833],[-37.04167,-54.16667],[-37.08333,-54.16667]]]}},{"type":"Feature","properties":{"fid":282,"class_id":1},"geometry":{"type":"Polygon","coordinates":[[[-36.29167,-54.58333],[-36.29167,-54.66667],[-36.25,-54.66667],[-36.25,-54.75],[-36,-54.75],[-36,-54.70833],[-36.04167,-54.70833],[-36.04167,-54.66667],[-36,-54.66667],[-36,-54.625],[-36.16667,-54.625],[-36.16667,-54.58333],[-36.29167,-54.58333]]]}},{"type":"Feature","properties":{"fid":283,"class_id":2},"geometry":{"type":"Polygon","coordinates":[[[-63.83333,-54.70833],[-63.83333,-54.75],[-63.79167,-54.75],[-63.79167,-54.70833],[-63.83333,-54.70833]]]}},{"type":"Feature","properties":{"fid":284,"class_id":2},"geometry":{"type":"Polygon","coordinates":[[[-36.41667,-54.25],[-36.41667,-54.29167],[-36.375,-54.29167],[-36.375,-54.33333],[-36.5,-54.33333],[-36.5,-54.41667],[-36.41667,-54.41667],[-36.41667,-54.45833],[-36.25,-54.45833],[-36.25,-54.5],[-36.20833,-54.5],[-36.20833,-54.54167],[-36.33333,-54.54167],[-36.33333,-54.5],[-36.5,-54.5],[-36.5,-54.58333],[-36.41667,-54.58333],[-36.41667,-54.625],[-36.375,-54.625],[-36.375,-54.66667],[-36.33333,-54.66667],[-36.33333,-54.75],[-36.25,-54.75],[-36.25,-54.79167],[-36.20833,-54.79167],[-36.20833,-54.83333],[-36.125,-54.83333],[-36.125,-54.875],[-35.95833,-54.875],[-35.95833,-54.83333],[-35.91667,-54.83333],[-35.91667,-54.79167],[-35.79167,-54.79167],[-35.79167,-54.75],[-35.91667,-54.75],[-35.91667,-54.58333],[-36.08333,-54.58333],[-36.08333,-54.5],[-36.04167,-54.5],[-36.04167,-54.45833],[-36.16667,-54.45833],[-36.16667,-54.375],[-36.20833,-54.375],[-36.20833,-54.33333],[-36.25,-54.33333],[-36.25,-54.29167],[-36.29167,-54.29167],[-36.29167,-54.25],[-36.41667,-54.25]],[[-36.375,-54.33333],[-36.33333,-54.33333],[-36.33333,-54.375],[-36.375,-54.375],[-36.375,-54.33333]],[[-36.29167,-54.58333],[-36.16667,-54.58333],[-36.16667,-54.625],[-36,-54.625],[-36,-54.66667],[-36.04167,-54.66667],[-36.04167,-54.70833],[-36,-54.70833],[-36,-54.75],[-36.25,-54.75],[-36.25,-54.66667],[-36.29167,-54.66667],[-36.29167,-54.58333]],[[-36.04167,-54.79167],[-35.95833,-54.79167],[-35.95833,-54.83333],[-36.04167,-54.83333],[-36.04167,-54.79167]]]}},{"type":"Feature","properties":{"fid":285,"class_id":2},"geometry":{"type":"Polygon","coordinates":[[[-64.75,-54.83333],[-64.75,-54.875],[-64.70833,-54.875],[-64.70833,-54.83333],[-64.75,-54.83333]]]}},{"type":"Feature","properties":{"fid":286,"class_id":2},"geometry":{"type":"Polygon","coordinates":[[[-63.95833,-54.70833],[-63.95833,-54.75],[-64.54167,-54.75],[-64.54167,-54.79167],[-64.70833,-54.79167],[-64.70833,-54.83333],[-64.66667,-54.83333],[-64.66667,-54.91667],[-64.58333,-54.91667],[-64.58333,-54.875],[-64.41667,-54.875],[-64.41667,-54.83333],[-64.29167,-54.83333],[-64.29167,-54.79167],[-64.25,-54.79167],[-64.25,-54.83333],[-64.08333,-54.83333],[-64.08333,-54.79167],[-63.83333,-54.79167],[-63.83333,-54.75],[-63.875,-54.75],[-63.875,-54.70833],[-63.95833,-54.70833]]]}},{"type":"Feature","properties":{"fid":287,"class_id":2},"geometry":{"type":"Polygon","coordinates":[[[-68.625,-52.66667],[-68.625,-54.625],[-68.58333,-54.625],[-68.58333,-54.83333],[-68.54167,-54.83333],[-68.54167,-54.875],[-68.5,-54.875],[-68.5,-54.83333],[-68.45833,-54.83333],[-68.45833,-54.875],[-68.41667,-54.875],[-68.41667,-54.83333],[-68.33333,-54.83333],[-68.33333,-54.79167],[-68.20833,-54.79167],[-68.20833,-54.83333],[-68,-54.83333],[-68,-54.875],[-67.54167,-54.875],[-67.54167,-54.91667],[-67.41667,-54.91667],[-67.41667,-54.875],[-67.125,-54.875],[-67.125,-54.91667],[-66.95833,-54.91667],[-66.95833,-54.95833],[-66.75,-54.95833],[-66.75,-55],[-66.66667,-55],[-66.66667,-55.04167],[-66.375,-55.04167],[-66.375,-55],[-66.04167,-55],[-66.04167,-54.95833],[-65.95833,-54.95833],[-65.95833,-54.91667],[-65.70833,-54.91667],[-65.70833,-54.95833],[-65.58333,-54.95833],[-65.58333,-54.91667],[-65.5,-54.91667],[-65.5,-54.875],[-65.41667,-54.875],[-65.41667,-54.95833],[-65.375,-54.95833],[-65.375,-54.91667],[-65.33333,-54.91667],[-65.33333,-54.875],[-65.29167,-54.875],[-65.29167,-54.83333],[-65.25,-54.83333],[-65.25,-54.79167],[-65.20833,-54.79167],[-65.20833,-54.70833],[-65.16667,-54.70833],[-65.16667,-54.66667],[-65.20833,-54.66667],[-65.20833,-54.625],[-65.45833,-54.625],[-65.45833,-54.66667],[-65.83333,-54.66667],[-65.83333,-54.625],[-65.95833,-54.625],[-65.95833,-54.58333],[-66.125,-54.58333],[-66.125,-54.54167],[-66.29167,-54.54167],[-66.29167,-54.5],[-66.45833,-54.5],[-66.45833,-54.45833],[-66.54167,-54.45833],[-66.54167,-54.41667],[-66.58333,-54.41667],[-66.58333,-54.375],[-66.625,-54.375],[-66.625,-54.33333],[-66.70833,-54.33333],[-66.70833,-54.29167],[-66.75,-54.29167],[-66.75,-54.25],[-66.83333,-54.25],[-66.83333,-54.20833],[-66.95833,-54.20833],[-66.95833,-54.16667],[-67.04167,-54.16667],[-67.04167,-54.125],[-67.16667,-54.125],[-67.16667,-54.08333],[-67.29167,-54.08333],[-67.29167,-54.04167],[-67.33333,-54.04167],[-67.33333,-54],[-67.45833,-54],[-67.45833,-53.95833],[-67.5,-53.95833],[-67.5,-53.91667],[-67.58333,-53.91667],[-67.58333,-53.83333],[-67.625,-53.83333],[-67.625,-53.79167],[-67.70833,-53.79167],[-67.70833,-53.75],[-67.79167,-53.75],[-67.79167,-53.70833],[-67.83333,-53.70833],[-67.83333,-53.66667],[-67.91667,-53.66667],[-67.91667,-53.625],[-67.95833,-53.625],[-67.95833,-53.58333],[-68,-53.58333],[-68,-53.54167],[-68.04167,-53.54167],[-68.04167,-53.45833],[-68.08333,-53.45833],[-68.08333,-53.375],[-68.125,-53.375],[-68.125,-53.33333],[-68.16667,-53.33333],[-68.16667,-53.29167],[-68.25,-53.29167],[-68.25,-53.33333],[-68.375,-53.33333],[-68.375,-53.29167],[-68.5,-53.29167],[-68.5,-53.25],[-68.54167,-53.25],[-68.54167,-53.125],[-68.5,-53.125],[-68.5,-53.08333],[-68.41667,-53.08333],[-68.41667,-53.04167],[-68.375,-53.04167],[-68.375,-53],[-68.29167,-53],[-68.29167,-52.91667],[-68.33333,-52.91667],[-68.33333,-52.875],[-68.41667,-52.875],[-68.41667,-52.83333],[-68.45833,-52.83333],[-68.45833,-52.79167],[-68.5,-52.79167],[-68.5,-52.75],[-68.54167,-52.75],[-68.54167,-52.70833],[-68.58333,-52.70833],[-68.58333,-52.66667],[-68.625,-52.66667]]]}}]}