{"type":"FeatureCollection","features":[{"type":"Feature","geometry":{"type":"Polygon","coordinates":[[[-58.34189,-34.6311],[-58.33519,-34.62652],[-58.34685,-34.60236],[-58.36796,-34.59746],[-58.36164,-34.58116],[-58.38142,-34.56834],[-58.3913,-34.57038],[-58.38537,-34.57632],[-58.45956,-34.52778],[-58.5008,-34.54953],[-58.53146,-34.61597],[-58.5292,-34.65475],[-58.46139,-34.70531],[-58.42373,-34.66221],[-58.37405,-34.65719],[-58.34189,-34.6311]]]},"properties":{"fid":1,"OBJECTID":427,"Entidad":0,"Objeto":"Provincia","FNA":"Ciudad Autónoma de Buenos Aires","GNA":"Ciudad Autónoma","NAM":"Ciudad Autónoma de Buenos Aires","SAG":"IGN","FDC":"Geografía","IN1":"02","SHAPE_STAr":0.0202417882723,"SHAPE_STLe":0.743806468471,"argentina_population_2022":3120612}},{"type":"Feature","geometry":{"type":"Polygon","coordinates":[[[-68.25,-37.57478],[-68.28989,-37.55904],[-68.3491,-37.55665],[-68.35495,-37.54723],[-68.40118,-37.55873],[-68.43666,-37.54456],[-68.50491,-37.45409],[-68.56992,-37.45628],[-68.61367,-37.43863],[-68.63409,-37.4475],[-68.69658,-37.44234],[-68.70167,-37.41449],[-68.72164,-37.38894],[-68.76609,-37.36648],[-68.86517,-37.40125],[-68.88468,-37.382],[-68.943,-37.37183],[-68.97713,-37.3793],[-69.02604,-37.36479],[-69.0493,-37.31467],[-69.03829,-37.25564],[-69.06413,-37.22365],[-69.08903,-37.22016],[-69.10371,-37.20511],[-69.13128,-37.20273],[-69.17288,-37.17791],[-69.20771,-37.17136],[-69.21964,-37.17739],[-69.26832,-37.1445],[-69.29918,-37.15507],[-69.33491,-37.15143],[-69.35155,-37.16399],[-69.37767,-37.15956],[-69.39699,-37.1719],[-69.42159,-37.16928],[-69.43007,-37.15949],[-69.46498,-37.17256],[-69.49624,-37.17525],[-69.51092,-37.16689],[-69.52957,-37.17444],[-69.55276,-37.16162],[-69.5761,-37.1631],[-69.58069,-37.15168],[-69.6275,-37.14372],[-69.65334,-37.12272],[-69.71154,-37.10148],[-69.75563,-37.06864],[-69.76459,-37.00029],[-69.77626,-36.99122],[-69.77027,-36.92472],[-69.779,-36.91682],[-69.75208,-36.88617],[-69.75965,-36.87152],[-69.8506,-36.84627],[-69.87357,-36.8114],[-69.92188,-36.79471],[-69.92003,-36.76227],[-69.94393,-36.74492],[-69.94753,-36.72161],[-69.98748,-36.6929],[-70.01216,-36.69553],[-70.02208,-36.66584],[-70.04569,-36.65661],[-70.07592,-36.60662],[-70.12257,-36.57105],[-70.1376,-36.52793],[-70.18269,-36.49108],[-70.20159,-36.45391],[-70.19594,-36.42165],[-70.22535,-36.32712],[-70.26665,-36.32241],[-70.30341,-36.34056],[-70.34392,-36.33333],[-70.37218,-36.28016],[-70.37062,-36.22379],[-70.39499,-36.19433],[-70.39738,-36.11949],[-70.41508,-36.10991],[-70.42099,-36.15593],[-70.44923,-36.17316],[-70.49132,-36.17886],[-70.52848,-36.1442],[-70.57011,-36.13298],[-70.58286,-36.1473],[-70.57091,-36.17555],[-70.63323,-36.21716],[-70.62467,-36.2277],[-70.63211,-36.23901],[-70.66645,-36.24343],[-70.7062,-36.27258],[-70.68546,-36.28376],[-70.68485,-36.30475],[-70.71243,-36.34497],[-70.68181,-36.37266],[-70.67928,-36.38997],[-70.71298,-36.42777],[-70.73942,-36.42981],[-70.73512,-36.41567],[-70.74779,-36.40587],[-70.77318,-36.42883],[-70.7909,-36.42875],[-70.81769,-36.39537],[-70.84917,-36.41867],[-70.86907,-36.41115],[-70.86483,-36.39725],[-70.88377,-36.39624],[-70.89388,-36.47127],[-70.92798,-36.47438],[-70.93375,-36.49146],[-70.95812,-36.50365],[-71.01086,-36.48761],[-71.02166,-36.47259],[-71.03692,-36.47555],[-71.03524,-36.50982],[-71.05071,-36.52355],[-71.04068,-36.55067],[-71.05457,-36.57129],[-71.04721,-36.60668],[-71.05718,-36.61866],[-71.02738,-36.66318],[-71.012,-36.66391],[-71.00921,-36.69124],[-71.06487,-36.71465],[-71.08589,-36.6782],[-71.11325,-36.67945],[-71.1114,-36.7283],[-71.12835,-36.76361],[-71.13194,-36.81467],[-71.15307,-36.82791],[-71.16275,-36.81911],[-71.18001,-36.84142],[-71.16315,-36.86138],[-71.13844,-36.85329],[-71.11912,-36.86918],[-71.14927,-36.90136],[-71.14401,-36.92934],[-71.09562,-36.92534],[-71.08801,-36.93802],[-71.10596,-36.97089],[-71.14846,-36.98082],[-71.18487,-36.9682],[-71.2224,-36.97825],[-71.18817,-36.99638],[-71.1673,-36.99699],[-71.14367,-37.03256],[-71.14177,-37.06954],[-71.12,-37.07414],[-71.12282,-37.09163],[-71.09229,-37.11465],[-71.09573,-37.12615],[-71.1353,-37.14775],[-71.11534,-37.20775],[-71.17042,-37.22539],[-71.15551,-37.23511],[-71.17445,-37.25979],[-71.18336,-37.25884],[-71.18799,-37.27591],[-71.22104,-37.27511],[-71.20778,-37.3383],[-71.18568,-37.35477],[-71.20167,-37.36513],[-71.19733,-37.38386],[-71.15357,-37.40067],[-71.1425,-37.44017],[-71.11818,-37.46894],[-71.13307,-37.52945],[-71.15153,-37.53929],[-71.13254,-37.55306],[-71.12798,-37.58756],[-71.14766,-37.60891],[-71.17776,-37.6142],[-71.20631,-37.64768],[-71.19973,-37.66386],[-71.21111,-37.69746],[-71.18882,-37.71252],[-71.18382,-37.73694],[-71.15637,-37.75689],[-71.16985,-37.78536],[-71.15297,-37.80881],[-71.12644,-37.82073],[-71.1316,-37.83231],[-71.15743,-37.83793],[-71.16622,-37.8542],[-71.18299,-37.85843],[-71.1389,-37.85991],[-71.10792,-37.89105],[-71.11391,-37.95206],[-71.0626,-37.97021],[-71.06765,-37.98946],[-71.05118,-37.99255],[-71.0626,-38.01642],[-71.05038,-38.02885],[-71.05487,-38.04363],[-71.01146,-38.08025],[-70.98799,-38.08775],[-70.98858,-38.11026],[-71.04296,-38.12277],[-70.99665,-38.17099],[-70.99712,-38.20266],[-71.02076,-38.21337],[-71.01789,-38.23869],[-71.03171,-38.24973],[-71.00899,-38.26169],[-71.01041,-38.28271],[-70.99762,-38.29199],[-71.00235,-38.32313],[-70.99703,-38.35551],[-70.98279,-38.36488],[-70.98402,-38.43066],[-70.97727,-38.44286],[-70.95177,-38.45023],[-70.91066,-38.5038],[-70.86674,-38.51365],[-70.84306,-38.53752],[-70.8357,-38.58678],[-70.82641,-38.59135],[-70.83701,-38.61252],[-70.90451,-38.66686],[-70.90052,-38.68967],[-70.88374,-38.70181],[-70.92673,-38.7632],[-70.98119,-38.75992],[-71.00125,-38.77011],[-71.05218,-38.75749],[-71.07005,-38.76972],[-71.09382,-38.75488],[-71.11737,-38.78152],[-71.1338,-38.78076],[-71.14926,-38.79943],[-71.17988,-38.80156],[-71.18532,-38.81487],[-71.21259,-38.81583],[-71.23844,-38.80279],[-71.26855,-38.82818],[-71.26794,-38.85317],[-71.29654,-38.87335],[-71.33583,-38.87619],[-71.37546,-38.90713],[-71.4336,-38.92894],[-71.44151,-38.98103],[-71.41355,-39.00809],[-71.4214,-39.02524],[-71.39601,-39.04563],[-71.41773,-39.06966],[-71.40737,-39.09578],[-71.42119,-39.15107],[-71.40104,-39.16501],[-71.40003,-39.18581],[-71.38107,-39.21133],[-71.39191,-39.2158],[-71.38236,-39.23765],[-71.39254,-39.25025],[-71.37409,-39.28316],[-71.39248,-39.29555],[-71.38564,-39.31815],[-71.40036,-39.3506],[-71.43357,-39.37212],[-71.45702,-39.37057],[-71.44448,-39.40348],[-71.46417,-39.41953],[-71.45024,-39.42626],[-71.44709,-39.45062],[-71.46505,-39.45832],[-71.47294,-39.49327],[-71.5174,-39.50417],[-71.53438,-39.53041],[-71.50399,-39.56038],[-71.47077,-39.55327],[-71.4745,-39.57421],[-71.46112,-39.58286],[-71.50241,-39.6378],[-71.54103,-39.62434],[-71.57664,-39.63625],[-71.61009,-39.6282],[-71.62395,-39.59216],[-71.65606,-39.58748],[-71.67418,-39.56364],[-71.69868,-39.58736],[-71.69488,-39.62454],[-71.71601,-39.63442],[-71.71722,-39.64953],[-71.66948,-39.68301],[-71.67122,-39.6923],[-71.70406,-39.69578],[-71.69372,-39.70725],[-71.71242,-39.72442],[-71.68087,-39.76862],[-71.68362,-39.8019],[-71.66697,-39.80721],[-71.6921,-39.82453],[-71.69154,-39.84142],[-71.67007,-39.86294],[-71.64291,-39.85339],[-71.63319,-39.88196],[-71.61267,-39.87437],[-71.596,-39.89014],[-71.59269,-39.91138],[-71.60276,-39.91668],[-71.59819,-39.92928],[-71.62518,-39.93787],[-71.61424,-39.95622],[-71.61991,-39.97249],[-71.65113,-39.97138],[-71.67495,-40.02595],[-71.68893,-40.03225],[-71.66627,-40.07339],[-71.67357,-40.10372],[-71.69948,-40.11667],[-71.8135,-40.08079],[-71.83113,-40.10574],[-71.8029,-40.11039],[-71.79843,-40.13724],[-71.80953,-40.13748],[-71.80887,-40.15298],[-71.82877,-40.17214],[-71.79984,-40.18593],[-71.82932,-40.20754],[-71.82449,-40.23169],[-71.80745,-40.23308],[-71.7992,-40.25537],[-71.76182,-40.27656],[-71.76091,-40.29901],[-71.74739,-40.30713],[-71.73631,-40.30637],[-71.71676,-40.27898],[-71.68498,-40.29401],[-71.67165,-40.3111],[-71.67369,-40.34366],[-71.65612,-40.34973],[-71.65682,-40.3638],[-71.6931,-40.37373],[-71.69262,-40.40565],[-71.73685,-40.44082],[-71.75896,-40.41643],[-71.77289,-40.42299],[-71.79337,-40.40731],[-71.80846,-40.40659],[-71.82496,-40.4219],[-71.81989,-40.43283],[-71.84153,-40.45192],[-71.84075,-40.48931],[-71.85565,-40.5094],[-71.84277,-40.52533],[-71.85898,-40.53499],[-71.8588,-40.55523],[-71.89042,-40.55605],[-71.856,-40.59242],[-71.82383,-40.57791],[-71.84064,-40.5979],[-71.84395,-40.62794],[-71.86808,-40.6489],[-71.86688,-40.66316],[-71.92043,-40.68892],[-71.96505,-40.72758],[-71.95681,-40.76091],[-71.92136,-40.78576],[-71.93514,-40.82137],[-71.92753,-40.83351],[-71.88012,-40.88103],[-71.85818,-40.87948],[-71.86905,-40.89297],[-71.85644,-40.96002],[-71.8872,-40.96811],[-71.90303,-40.96129],[-71.90849,-40.97225],[-71.90634,-40.98611],[-71.87157,-41.00376],[-71.86108,-41.03102],[-71.78528,-41.0188],[-71.62189,-41.03491],[-71.5506,-41.02319],[-71.45642,-41.04169],[-71.36072,-41.08868],[-71.30621,-41.1001],[-71.24048,-41.09509],[-71.17488,-41.0562],[-71.14165,-41.05598],[-71.1147,-41.00695],[-71.08858,-40.99721],[-71.10245,-40.9908],[-71.06033,-40.98082],[-71.03638,-40.95587],[-71.04297,-40.948],[-71.03205,-40.93336],[-71.03899,-40.88902],[-71.05363,-40.88211],[-71.04684,-40.87122],[-71.06963,-40.85025],[-71.0857,-40.85249],[-71.09995,-40.84036],[-71.09308,-40.82594],[-71.11933,-40.80406],[-71.12095,-40.75863],[-71.09368,-40.72671],[-71.02972,-40.72443],[-71.01178,-40.67932],[-70.9765,-40.64868],[-70.87909,-40.62042],[-70.85541,-40.59338],[-70.73313,-40.58005],[-70.71235,-40.59178],[-70.65392,-40.59134],[-70.6236,-40.5531],[-70.54968,-40.521],[-70.54248,-40.5036],[-70.46509,-40.51221],[-70.42493,-40.53632],[-70.29837,-40.50439],[-70.22986,-40.50293],[-70.17057,-40.48301],[-70.17494,-40.42761],[-70.15307,-40.414],[-70.10302,-40.40574],[-70.06269,-40.37464],[-70.04957,-40.31778],[-70.05882,-40.24896],[-70.00208,-40.2032],[-69.99204,-40.17997],[-69.96195,-40.18573],[-69.95028,-40.17898],[-69.97069,-40.12104],[-69.99479,-40.10313],[-70.00537,-40.04743],[-69.97089,-39.97774],[-69.93351,-39.95541],[-69.93175,-39.94358],[-69.89458,-39.93898],[-69.86594,-39.9109],[-69.8105,-39.89906],[-69.79223,-39.88309],[-69.76184,-39.88333],[-69.69706,-39.84645],[-69.67116,-39.84985],[-69.65072,-39.83621],[-69.62999,-39.84291],[-69.59658,-39.83009],[-69.58671,-39.81533],[-69.55811,-39.80935],[-69.507,-39.81542],[-69.49158,-39.79514],[-69.42192,-39.76806],[-69.40927,-39.7487],[-69.38974,-39.7431],[-69.39025,-39.73163],[-69.37466,-39.73174],[-69.34896,-39.71209],[-69.343,-39.68038],[-69.31396,-39.65391],[-69.28997,-39.65299],[-69.2937,-39.64551],[-69.27228,-39.62903],[-69.2771,-39.59638],[-69.22632,-39.57129],[-69.17712,-39.56061],[-69.11279,-39.51471],[-69.04748,-39.52667],[-68.99988,-39.5152],[-68.93072,-39.461],[-68.9125,-39.41787],[-68.82396,-39.37493],[-68.80805,-39.34736],[-68.81849,-39.31259],[-68.80239,-39.28491],[-68.75458,-39.26964],[-68.6655,-39.2173],[-68.65325,-39.19918],[-68.6608,-39.17234],[-68.59471,-39.12017],[-68.56191,-39.07699],[-68.52452,-39.07743],[-68.51575,-39.06642],[-68.50481,-39.07148],[-68.46923,-39.04575],[-68.42657,-39.02862],[-68.41227,-39.03439],[-68.35497,-39.0019],[-68.3085,-38.99088],[-68.30054,-38.97539],[-68.23076,-38.9913],[-68.20779,-38.97132],[-68.17767,-38.96723],[-68.16535,-38.97981],[-68.14844,-38.97498],[-68.07827,-38.9951],[-68.05742,-38.99147],[-68.04846,-38.97826],[-68.01942,-38.97748],[-67.99809,-38.99576],[-68.01194,-38.97925],[-68.00028,-38.97365],[-68.00738,-38.95938],[-68.03941,-38.94188],[-68.05036,-38.91207],[-68.06923,-38.90294],[-68.07151,-38.87151],[-68.09405,-38.85865],[-68.08118,-38.84829],[-68.11826,-38.79326],[-68.12061,-38.74728],[-68.16312,-38.73789],[-68.18041,-38.71823],[-68.18995,-38.72268],[-68.19685,-38.70994],[-68.2425,-38.69672],[-68.25,-38.682],[-68.25,-37.57669],[-68.25,-37.57478]]]},"properties":{"fid":2,"OBJECTID":428,"Entidad":0,"Objeto":"Provincia","FNA":"Provincia del Neuquén","GNA":"Provincia","NAM":"Neuquén","SAG":"IGN","FDC":"Geografía","IN1":"58","SHAPE_STAr":9.77181087612,"SHAPE_STLe":21.5159845829,"argentina_population_2022":726590}},{"type":"Feature","geometry":{"type":"Polygon","coordinates":[[[-63.38575,-35.00014],[-65.11749,-35],[-65.11695,-35.99953],[-66.63787,-35.9995],[-68.29614,-35.99955],[-68.29613,-36.17255],[-68.25018,-36.17249],[-68.25,-37.57478],[-68.25,-37.57669],[-68.21784,-37.58835],[-68.15254,-37.58032],[-68.11121,-37.59497],[-68.08728,-37.59039],[-68.0672,-37.60169],[-68.04541,-37.59589],[-67.98069,-37.60905],[-67.94416,-37.60322],[-67.9173,-37.61841],[-67.8764,-37.62012],[-67.87073,-37.61261],[-67.7934,-37.6463],[-67.76862,-37.67358],[-67.76489,-37.72351],[-67.75092,-37.73889],[-67.75763,-37.74707],[-67.74811,-37.74908],[-67.74188,-37.78491],[-67.72549,-37.79191],[-67.72097,-37.80643],[-67.7331,-37.82023],[-67.73273,-37.8598],[-67.78046,-37.89399],[-67.81365,-37.90077],[-67.867,-37.9314],[-67.875,-37.95532],[-67.88238,-37.95148],[-67.90395,-37.98358],[-67.88944,-38.00047],[-67.89491,-38.01796],[-67.88313,-38.01879],[-67.86279,-38.05359],[-67.85077,-38.05188],[-67.8512,-38.0658],[-67.83588,-38.05652],[-67.80913,-38.07185],[-67.78176,-38.05329],[-67.7597,-38.0686],[-67.75769,-38.05701],[-67.74872,-38.0581],[-67.75122,-38.07428],[-67.72992,-38.0788],[-67.7301,-38.11481],[-67.71863,-38.13037],[-67.70752,-38.12402],[-67.68701,-38.1358],[-67.68182,-38.16479],[-67.65649,-38.20178],[-67.5932,-38.2406],[-67.54791,-38.25629],[-67.34418,-38.25177],[-67.31708,-38.24762],[-67.26111,-38.2171],[-67.18761,-38.2145],[-67.19659,-38.25378],[-67.17048,-38.2609],[-67.17239,-38.27922],[-67.15277,-38.2926],[-67.15299,-38.35679],[-67.11861,-38.35679],[-67.09184,-38.39963],[-67.00702,-38.42432],[-66.99438,-38.44647],[-66.9704,-38.44311],[-66.94879,-38.45288],[-66.89697,-38.44373],[-66.88971,-38.46362],[-66.81201,-38.4848],[-66.78607,-38.48053],[-66.76633,-38.50432],[-66.74658,-38.51752],[-66.71478,-38.521],[-66.71136,-38.53252],[-66.63617,-38.54239],[-66.63379,-38.55679],[-66.60845,-38.55976],[-66.59977,-38.59974],[-66.578,-38.62139],[-66.59751,-38.64911],[-66.59239,-38.67088],[-66.60714,-38.67909],[-66.57819,-38.69153],[-66.57593,-38.7016],[-66.55337,-38.69837],[-66.53861,-38.72085],[-66.49876,-38.718],[-66.48817,-38.72954],[-66.47449,-38.729],[-66.47498,-38.73877],[-66.44677,-38.73608],[-66.44201,-38.74569],[-66.41742,-38.74432],[-66.40905,-38.73096],[-66.40442,-38.74408],[-66.35761,-38.7453],[-66.34183,-38.75773],[-66.32178,-38.7486],[-66.315,-38.7616],[-66.30908,-38.7431],[-66.29199,-38.74518],[-66.28851,-38.75592],[-66.24683,-38.7356],[-66.22028,-38.74109],[-66.2088,-38.73199],[-66.18042,-38.73138],[-66.17718,-38.74542],[-66.15521,-38.72919],[-66.13599,-38.73932],[-66.12128,-38.73383],[-66.1203,-38.74347],[-66.10809,-38.7279],[-66.08478,-38.72559],[-66.0626,-38.75131],[-66.03119,-38.73941],[-66.03387,-38.75092],[-66.01971,-38.74127],[-65.95101,-38.74726],[-65.94625,-38.76749],[-65.92555,-38.76416],[-65.92638,-38.77499],[-65.91068,-38.76571],[-65.90949,-38.78278],[-65.87488,-38.77771],[-65.88202,-38.78931],[-65.86401,-38.78998],[-65.86389,-38.7995],[-65.84108,-38.78665],[-65.82068,-38.79889],[-65.8172,-38.78882],[-65.80438,-38.79358],[-65.80597,-38.80609],[-65.7876,-38.79541],[-65.7796,-38.81018],[-65.7486,-38.81012],[-65.71259,-38.82501],[-65.70178,-38.81653],[-65.69409,-38.83319],[-65.6535,-38.8269],[-65.64331,-38.80841],[-65.63178,-38.81811],[-65.63208,-38.80249],[-65.617,-38.80841],[-65.6087,-38.7984],[-65.62299,-38.78632],[-65.58252,-38.77429],[-65.56952,-38.78461],[-65.52319,-38.77918],[-65.5025,-38.7981],[-65.39081,-38.83051],[-65.37451,-38.85571],[-65.28052,-38.82141],[-65.25632,-38.83209],[-65.19184,-38.83661],[-65.19137,-38.81044],[-65.16882,-38.802],[-65.14008,-38.81818],[-65.11139,-38.7995],[-64.92427,-38.83316],[-64.89143,-38.82674],[-64.87732,-38.81439],[-64.84503,-38.82698],[-64.80951,-38.8158],[-64.73475,-38.84113],[-64.69348,-38.84369],[-64.67279,-38.83319],[-64.63041,-38.85267],[-64.60468,-38.84772],[-64.59637,-38.85919],[-64.53808,-38.86564],[-64.53509,-38.8584],[-64.5152,-38.86841],[-64.47638,-38.85999],[-64.43089,-38.87921],[-64.42066,-38.87183],[-64.41327,-38.88361],[-64.3974,-38.87323],[-64.39661,-38.88672],[-64.37311,-38.89148],[-64.3667,-38.88269],[-64.3559,-38.89099],[-64.34869,-38.88348],[-64.32536,-38.90645],[-64.29395,-38.89765],[-64.2796,-38.914],[-64.2309,-38.92371],[-64.15259,-38.9632],[-64.06458,-38.99182],[-64.06268,-39.01038],[-64.04938,-39],[-64.01178,-39.0022],[-64.01361,-39.01813],[-63.99011,-39.01343],[-63.99823,-39.03528],[-63.93346,-39.06159],[-63.9328,-39.09351],[-63.91357,-39.0863],[-63.89551,-39.10773],[-63.8692,-39.10669],[-63.87958,-39.1004],[-63.87128,-39.09528],[-63.85827,-39.11037],[-63.8418,-39.10919],[-63.83495,-39.13631],[-63.79319,-39.12298],[-63.79783,-39.11037],[-63.78821,-39.10919],[-63.77692,-39.12891],[-63.75708,-39.12921],[-63.76343,-39.15399],[-63.74477,-39.16379],[-63.74239,-39.18889],[-63.72961,-39.18439],[-63.69349,-39.20567],[-63.67077,-39.20448],[-63.67505,-39.22102],[-63.63458,-39.22699],[-63.63171,-39.2478],[-63.61719,-39.2359],[-63.61438,-39.25183],[-63.59387,-39.24591],[-63.5661,-39.2663],[-63.55768,-39.2619],[-63.53772,-39.28082],[-63.54122,-39.29666],[-63.51201,-39.31266],[-63.48947,-39.30653],[-63.4574,-39.32884],[-63.45157,-39.32028],[-63.43087,-39.33069],[-63.38327,-39.32849],[-63.38537,-38.22797],[-63.38555,-37.14714],[-63.38538,-36.07305],[-63.38575,-35.00014]]]},"properties":{"fid":3,"OBJECTID":429,"Entidad":0,"Objeto":"Provincia","FNA":"Provincia de La Pampa","GNA":"Provincia","NAM":"La Pampa","SAG":"IGN","FDC":"Geografía","IN1":"42","SHAPE_STAr":14.5530193016,"SHAPE_STLe":19.665614461,"argentina_population_2022":361859}},{"type":"Feature","geometry":{"type":"Polygon","coordinates":[[[-67.31775,-32.38203],[-67.33131,-32.35092],[-67.35516,-32.35217],[-67.38173,-32.33054],[-67.42396,-32.32784],[-67.47066,-32.30794],[-67.48568,-32.26309],[-67.50031,-32.23907],[-67.51142,-32.24371],[-67.52332,-32.22949],[-67.51899,-32.22241],[-67.54651,-32.2403],[-67.57953,-32.23718],[-67.59449,-32.2464],[-67.60468,-32.23291],[-67.63672,-32.24121],[-67.6684,-32.22681],[-67.68323,-32.23798],[-67.7049,-32.23572],[-67.70972,-32.24609],[-67.72748,-32.24072],[-67.7356,-32.22382],[-67.76899,-32.22559],[-67.77399,-32.2356],[-67.79651,-32.2204],[-67.81763,-32.22821],[-67.8393,-32.21521],[-67.84589,-32.22351],[-67.87482,-32.1972],[-67.87,-32.1897],[-67.917,-32.17419],[-67.9234,-32.1471],[-67.93659,-32.138],[-67.9281,-32.1217],[-67.96399,-32.11762],[-67.95691,-32.09308],[-67.98718,-32.09381],[-68.0044,-32.08038],[-68.02973,-32.0863],[-68.03351,-32.07599],[-68.04999,-32.08783],[-68.05139,-32.0719],[-68.06598,-32.07953],[-68.07269,-32.09851],[-68.07898,-32.08539],[-68.09772,-32.09271],[-68.09381,-32.10181],[-68.1225,-32.09992],[-68.15113,-32.11902],[-68.18659,-32.11292],[-68.20691,-32.12109],[-68.24793,-32.09155],[-68.30412,-32.13769],[-68.46304,-32.13785],[-68.4629,-32.23775],[-68.66571,-32.3371],[-68.91761,-32.33804],[-68.91761,-32.11465],[-68.95679,-32.10889],[-69.01165,-32.1165],[-69.08624,-32.05237],[-69.09369,-32.03149],[-69.11646,-32.01989],[-69.11642,-32.00248],[-69.18399,-31.99939],[-69.24451,-32.01611],[-69.26244,-32.03316],[-69.2768,-32.07001],[-69.3003,-32.0744],[-69.31421,-32.09112],[-69.3786,-32.06421],[-69.3904,-32.07682],[-69.41574,-32.06653],[-69.43394,-32.07635],[-69.45476,-32.07468],[-69.47713,-32.11037],[-69.50556,-32.11382],[-69.50759,-32.12537],[-69.53114,-32.14095],[-69.55767,-32.14012],[-69.56077,-32.12941],[-69.59646,-32.14309],[-69.6099,-32.2021],[-69.60312,-32.21079],[-69.63096,-32.26004],[-69.68581,-32.30704],[-69.7215,-32.31417],[-69.72887,-32.33083],[-69.73316,-32.39056],[-69.70413,-32.40364],[-69.68921,-32.43018],[-69.70496,-32.49644],[-69.75612,-32.50941],[-69.78372,-32.54213],[-69.82239,-32.54439],[-69.82738,-32.56271],[-69.84725,-32.57056],[-69.86284,-32.56152],[-69.90067,-32.56152],[-69.93053,-32.54141],[-69.96432,-32.54582],[-70.00418,-32.52833],[-70.02571,-32.55985],[-70.02583,-32.57877],[-70.04166,-32.58508],[-70.0457,-32.60518],[-70.06616,-32.62582],[-70.08996,-32.62232],[-70.09127,-32.60221],[-70.1262,-32.57415],[-70.15067,-32.58147],[-70.17219,-32.62107],[-70.14656,-32.65243],[-70.14758,-32.72843],[-70.11153,-32.77434],[-70.11036,-32.80291],[-70.08762,-32.80515],[-70.07878,-32.82235],[-70.05432,-32.83313],[-70.05624,-32.85697],[-70.04468,-32.86995],[-70.00383,-32.88231],[-69.98938,-32.89896],[-70.00724,-32.93116],[-69.99983,-32.94483],[-70.02738,-32.96988],[-70.021,-33.00851],[-70.03465,-33.02313],[-70.08092,-33.02829],[-70.09374,-33.05097],[-70.07499,-33.06288],[-70.06712,-33.08816],[-70.07583,-33.12057],[-70.05173,-33.13455],[-70.06558,-33.15573],[-70.05706,-33.17186],[-70.0644,-33.20511],[-70.05454,-33.22628],[-70.02591,-33.23651],[-70.03826,-33.2704],[-70.00602,-33.2856],[-70.01084,-33.30186],[-70.00091,-33.32288],[-69.96939,-33.30944],[-69.95027,-33.28126],[-69.91586,-33.26677],[-69.91663,-33.24425],[-69.90433,-33.2729],[-69.85962,-33.28355],[-69.83723,-33.27261],[-69.81479,-33.28924],[-69.79989,-33.28786],[-69.76906,-33.34321],[-69.77968,-33.38524],[-69.79438,-33.39572],[-69.81551,-33.38988],[-69.79557,-33.42138],[-69.81952,-33.43009],[-69.81512,-33.46917],[-69.82949,-33.47632],[-69.83485,-33.51566],[-69.87218,-33.53947],[-69.86533,-33.583],[-69.88086,-33.61856],[-69.87019,-33.65162],[-69.88486,-33.68323],[-69.8646,-33.71678],[-69.90467,-33.77129],[-69.89374,-33.79123],[-69.89915,-33.84708],[-69.87342,-33.86079],[-69.85552,-33.8921],[-69.89006,-33.91948],[-69.90618,-33.9633],[-69.88345,-33.97671],[-69.8731,-33.96418],[-69.85421,-33.96371],[-69.83924,-34.00695],[-69.82142,-34.01519],[-69.85402,-34.05627],[-69.83208,-34.07213],[-69.83407,-34.0882],[-69.85985,-34.10457],[-69.85584,-34.11571],[-69.87329,-34.13107],[-69.81526,-34.17786],[-69.79664,-34.20998],[-69.8072,-34.24835],[-69.87257,-34.26759],[-69.89698,-34.26586],[-69.89848,-34.28536],[-69.90988,-34.29212],[-69.94026,-34.28022],[-69.97244,-34.25001],[-70.00425,-34.26226],[-70.03084,-34.28773],[-70.01466,-34.33539],[-70.02424,-34.37372],[-70.00941,-34.39348],[-70.0123,-34.41195],[-70.04181,-34.42341],[-70.08242,-34.47256],[-70.12943,-34.48561],[-70.14442,-34.53288],[-70.17448,-34.57043],[-70.19456,-34.57974],[-70.19976,-34.60187],[-70.21698,-34.61074],[-70.22426,-34.64089],[-70.21586,-34.68343],[-70.24756,-34.69372],[-70.25928,-34.73016],[-70.30626,-34.74733],[-70.30908,-34.7695],[-70.24819,-34.79887],[-70.27996,-34.85234],[-70.27632,-34.87626],[-70.33113,-34.93648],[-70.33367,-34.98992],[-70.36378,-35.00602],[-70.36045,-35.03489],[-70.37635,-35.05092],[-70.37389,-35.08569],[-70.35758,-35.09898],[-70.3701,-35.11208],[-70.36119,-35.1355],[-70.37502,-35.17022],[-70.43992,-35.19373],[-70.45499,-35.18978],[-70.47209,-35.20391],[-70.51789,-35.20655],[-70.52604,-35.19486],[-70.53605,-35.1991],[-70.56811,-35.22382],[-70.56516,-35.24301],[-70.58369,-35.26716],[-70.56629,-35.29949],[-70.51248,-35.31026],[-70.5002,-35.32107],[-70.46828,-35.31286],[-70.43189,-35.31829],[-70.43532,-35.33148],[-70.41839,-35.35368],[-70.4227,-35.37072],[-70.452,-35.39162],[-70.43831,-35.41317],[-70.45213,-35.42633],[-70.43233,-35.44571],[-70.44564,-35.45075],[-70.44653,-35.46323],[-70.41374,-35.48854],[-70.39422,-35.48533],[-70.38677,-35.50791],[-70.36801,-35.52074],[-70.38824,-35.51586],[-70.41356,-35.52849],[-70.40996,-35.55916],[-70.3847,-35.60511],[-70.4238,-35.64106],[-70.3975,-35.66366],[-70.40663,-35.67284],[-70.39884,-35.68665],[-70.37446,-35.70061],[-70.36969,-35.73753],[-70.3583,-35.74964],[-70.38009,-35.76696],[-70.37874,-35.78785],[-70.35845,-35.80124],[-70.33686,-35.79565],[-70.31196,-35.81316],[-70.35747,-35.8428],[-70.36956,-35.84122],[-70.38129,-35.86692],[-70.42197,-35.87659],[-70.42399,-35.91466],[-70.41109,-35.92361],[-70.36477,-35.92419],[-70.42295,-35.97155],[-70.37815,-35.98997],[-70.38056,-36.02505],[-70.3701,-36.03533],[-70.38885,-36.05234],[-70.41084,-36.05686],[-70.42547,-36.09534],[-70.41508,-36.10991],[-70.39738,-36.11949],[-70.39499,-36.19433],[-70.37062,-36.22379],[-70.37218,-36.28016],[-70.34392,-36.33333],[-70.30341,-36.34056],[-70.26665,-36.32241],[-70.22535,-36.32712],[-70.19594,-36.42165],[-70.20159,-36.45391],[-70.18269,-36.49108],[-70.1376,-36.52793],[-70.12257,-36.57105],[-70.07592,-36.60662],[-70.04569,-36.65661],[-70.02208,-36.66584],[-70.01216,-36.69553],[-69.98748,-36.6929],[-69.94753,-36.72161],[-69.94393,-36.74492],[-69.92003,-36.76227],[-69.92188,-36.79471],[-69.87357,-36.8114],[-69.8506,-36.84627],[-69.75965,-36.87152],[-69.75208,-36.88617],[-69.779,-36.91682],[-69.77027,-36.92472],[-69.77626,-36.99122],[-69.76459,-37.00029],[-69.75563,-37.06864],[-69.71154,-37.10148],[-69.65334,-37.12272],[-69.6275,-37.14372],[-69.58069,-37.15168],[-69.5761,-37.1631],[-69.55276,-37.16162],[-69.52957,-37.17444],[-69.51092,-37.16689],[-69.49624,-37.17525],[-69.46498,-37.17256],[-69.43007,-37.15949],[-69.42159,-37.16928],[-69.39699,-37.1719],[-69.37767,-37.15956],[-69.35155,-37.16399],[-69.33491,-37.15143],[-69.29918,-37.15507],[-69.26832,-37.1445],[-69.21964,-37.17739],[-69.20771,-37.17136],[-69.17288,-37.17791],[-69.13128,-37.20273],[-69.10371,-37.20511],[-69.08903,-37.22016],[-69.06413,-37.22365],[-69.03829,-37.25564],[-69.0493,-37.31467],[-69.02604,-37.36479],[-68.97713,-37.3793],[-68.943,-37.37183],[-68.88468,-37.382],[-68.86517,-37.40125],[-68.76609,-37.36648],[-68.72164,-37.38894],[-68.70167,-37.41449],[-68.69658,-37.44234],[-68.63409,-37.4475],[-68.61367,-37.43863],[-68.56992,-37.45628],[-68.50491,-37.45409],[-68.43666,-37.54456],[-68.40118,-37.55873],[-68.35495,-37.54723],[-68.3491,-37.55665],[-68.28989,-37.55904],[-68.25,-37.57478],[-68.25018,-36.17249],[-68.29613,-36.17255],[-68.29614,-35.99955],[-66.63787,-35.9995],[-66.61937,-35.96431],[-66.62968,-35.92764],[-66.61929,-35.90674],[-66.62719,-35.89714],[-66.62224,-35.84836],[-66.59342,-35.80376],[-66.58169,-35.7699],[-66.58058,-35.70378],[-66.54817,-35.63731],[-66.56274,-35.62448],[-66.57065,-35.58211],[-66.53979,-35.56305],[-66.52584,-35.54057],[-66.51737,-35.4701],[-66.52928,-35.44287],[-66.52189,-35.40855],[-66.50808,-35.39754],[-66.51455,-35.38901],[-66.49572,-35.30986],[-66.52019,-35.27479],[-66.50067,-35.24739],[-66.48423,-35.2409],[-66.48431,-35.20846],[-66.49852,-35.19345],[-66.49416,-35.15678],[-66.47858,-35.14042],[-66.49869,-35.1065],[-66.48911,-35.09475],[-66.50754,-35.09082],[-66.52137,-35.06397],[-66.515,-35.05191],[-66.52693,-35.04953],[-66.52243,-35.02175],[-66.54078,-35.01557],[-66.53287,-35.00615],[-66.54641,-34.96796],[-66.52602,-34.94279],[-66.53826,-34.91731],[-66.55531,-34.91096],[-66.54546,-34.8832],[-66.5635,-34.8294],[-66.60284,-34.80283],[-66.59584,-34.78984],[-66.60857,-34.77377],[-66.65158,-34.75733],[-66.64161,-34.71674],[-66.67888,-34.68958],[-66.69072,-34.69135],[-66.703,-34.63554],[-66.71309,-34.62856],[-66.70332,-34.61995],[-66.7262,-34.61107],[-66.73037,-34.58494],[-66.75858,-34.56628],[-66.76609,-34.55102],[-66.75546,-34.53203],[-66.76477,-34.49674],[-66.75571,-34.44275],[-66.79597,-34.41154],[-66.77424,-34.40824],[-66.77678,-34.39338],[-66.76499,-34.38018],[-66.78769,-34.37781],[-66.79582,-34.35573],[-66.81306,-34.34382],[-66.80001,-34.3353],[-66.8029,-34.30517],[-66.77665,-34.29808],[-66.78631,-34.26943],[-66.80207,-34.25742],[-66.78836,-34.25293],[-66.78519,-34.23248],[-66.7644,-34.22786],[-66.74725,-34.23534],[-66.74894,-34.22282],[-66.72575,-34.22187],[-66.71983,-34.21301],[-66.73008,-34.208],[-66.71944,-34.18909],[-66.73099,-34.18187],[-66.71172,-34.14826],[-66.7339,-34.13655],[-66.72269,-34.13177],[-66.71267,-34.10115],[-66.71605,-34.05735],[-66.69971,-34.04681],[-66.70819,-34.0244],[-66.66362,-33.98589],[-66.66662,-33.95764],[-66.67864,-33.95001],[-66.67566,-33.94158],[-66.70467,-33.93194],[-66.72332,-33.93547],[-66.73412,-33.91356],[-66.74999,-33.91471],[-66.76858,-33.90209],[-66.77256,-33.8867],[-66.78481,-33.88758],[-66.80063,-33.86263],[-66.87426,-33.83151],[-66.88246,-33.77012],[-66.94913,-33.73228],[-66.97416,-33.6891],[-67.00482,-33.66731],[-66.99781,-33.63356],[-67.01989,-33.60956],[-67.03684,-33.60753],[-67.04806,-33.58034],[-67.07016,-33.56491],[-67.06144,-33.56236],[-67.07044,-33.54609],[-67.09319,-33.53883],[-67.09607,-33.50455],[-67.13162,-33.47141],[-67.13134,-33.44975],[-67.1459,-33.43998],[-67.15815,-33.36422],[-67.15241,-33.32718],[-67.17011,-33.3022],[-67.18076,-33.24873],[-67.18222,-33.1994],[-67.16733,-33.16722],[-67.18489,-33.12352],[-67.1836,-33.08674],[-67.17421,-33.07717],[-67.19809,-33.0451],[-67.18336,-33.03921],[-67.17936,-33.00418],[-67.20138,-32.97331],[-67.21236,-32.91184],[-67.23246,-32.88797],[-67.23092,-32.86223],[-67.20942,-32.85706],[-67.17743,-32.82051],[-67.18573,-32.77065],[-67.16685,-32.75887],[-67.18765,-32.69829],[-67.22432,-32.68284],[-67.23656,-32.63609],[-67.25662,-32.62556],[-67.24401,-32.60443],[-67.24765,-32.58819],[-67.26801,-32.57098],[-67.26212,-32.55365],[-67.28039,-32.53467],[-67.29693,-32.53622],[-67.28384,-32.51207],[-67.30145,-32.47066],[-67.28967,-32.44211],[-67.31013,-32.42474],[-67.31775,-32.38203]]]},"properties":{"fid":4,"OBJECTID":430,"Entidad":0,"Objeto":"Provincia","FNA":"Provincia de Mendoza","GNA":"Provincia","NAM":"Mendoza","SAG":"IGN","FDC":"Geografía","IN1":"50","SHAPE_STAr":14.6583879434,"SHAPE_STLe":23.2599861838,"argentina_population_2022":2014533}},{"type":"Feature","geometry":{"type":"Polygon","coordinates":[[[-66.66179,-31.92054],[-66.8857,-31.89769],[-67.00593,-31.85535],[-67.05,-31.85748],[-67.13673,-31.83381],[-67.24154,-31.8808],[-67.37924,-31.86812],[-67.36523,-31.9759],[-67.38379,-32.12521],[-67.38019,-32.22376],[-67.37039,-32.24628],[-67.27801,-32.29232],[-67.26623,-32.33926],[-67.2638,-32.38186],[-67.31775,-32.38203],[-67.31013,-32.42474],[-67.28967,-32.44211],[-67.30145,-32.47066],[-67.28384,-32.51207],[-67.29693,-32.53622],[-67.28039,-32.53467],[-67.26212,-32.55365],[-67.26801,-32.57098],[-67.24765,-32.58819],[-67.24401,-32.60443],[-67.25662,-32.62556],[-67.23656,-32.63609],[-67.22432,-32.68284],[-67.18765,-32.69829],[-67.16685,-32.75887],[-67.18573,-32.77065],[-67.17743,-32.82051],[-67.20942,-32.85706],[-67.23092,-32.86223],[-67.23246,-32.88797],[-67.21236,-32.91184],[-67.20138,-32.97331],[-67.17936,-33.00418],[-67.18336,-33.03921],[-67.19809,-33.0451],[-67.17421,-33.07717],[-67.1836,-33.08674],[-67.18489,-33.12352],[-67.16733,-33.16722],[-67.18222,-33.1994],[-67.18076,-33.24873],[-67.17011,-33.3022],[-67.15241,-33.32718],[-67.15815,-33.36422],[-67.1459,-33.43998],[-67.13134,-33.44975],[-67.13162,-33.47141],[-67.09607,-33.50455],[-67.09319,-33.53883],[-67.07044,-33.54609],[-67.06144,-33.56236],[-67.07016,-33.56491],[-67.04806,-33.58034],[-67.03684,-33.60753],[-67.01989,-33.60956],[-66.99781,-33.63356],[-67.00482,-33.66731],[-66.97416,-33.6891],[-66.94913,-33.73228],[-66.88246,-33.77012],[-66.87426,-33.83151],[-66.80063,-33.86263],[-66.78481,-33.88758],[-66.77256,-33.8867],[-66.76858,-33.90209],[-66.74999,-33.91471],[-66.73412,-33.91356],[-66.72332,-33.93547],[-66.70467,-33.93194],[-66.67566,-33.94158],[-66.67864,-33.95001],[-66.66662,-33.95764],[-66.66362,-33.98589],[-66.70819,-34.0244],[-66.69971,-34.04681],[-66.71605,-34.05735],[-66.71267,-34.10115],[-66.72269,-34.13177],[-66.7339,-34.13655],[-66.71172,-34.14826],[-66.73099,-34.18187],[-66.71944,-34.18909],[-66.73008,-34.208],[-66.71983,-34.21301],[-66.72575,-34.22187],[-66.74894,-34.22282],[-66.74725,-34.23534],[-66.7644,-34.22786],[-66.78519,-34.23248],[-66.78836,-34.25293],[-66.80207,-34.25742],[-66.78631,-34.26943],[-66.77665,-34.29808],[-66.8029,-34.30517],[-66.80001,-34.3353],[-66.81306,-34.34382],[-66.79582,-34.35573],[-66.78769,-34.37781],[-66.76499,-34.38018],[-66.77678,-34.39338],[-66.77424,-34.40824],[-66.79597,-34.41154],[-66.75571,-34.44275],[-66.76477,-34.49674],[-66.75546,-34.53203],[-66.76609,-34.55102],[-66.75858,-34.56628],[-66.73037,-34.58494],[-66.7262,-34.61107],[-66.70332,-34.61995],[-66.71309,-34.62856],[-66.703,-34.63554],[-66.69072,-34.69135],[-66.67888,-34.68958],[-66.64161,-34.71674],[-66.65158,-34.75733],[-66.60857,-34.77377],[-66.59584,-34.78984],[-66.60284,-34.80283],[-66.5635,-34.8294],[-66.54546,-34.8832],[-66.55531,-34.91096],[-66.53826,-34.91731],[-66.52602,-34.94279],[-66.54641,-34.96796],[-66.53287,-35.00615],[-66.54078,-35.01557],[-66.52243,-35.02175],[-66.52693,-35.04953],[-66.515,-35.05191],[-66.52137,-35.06397],[-66.50754,-35.09082],[-66.48911,-35.09475],[-66.49869,-35.1065],[-66.47858,-35.14042],[-66.49416,-35.15678],[-66.49852,-35.19345],[-66.48431,-35.20846],[-66.48423,-35.2409],[-66.50067,-35.24739],[-66.52019,-35.27479],[-66.49572,-35.30986],[-66.51455,-35.38901],[-66.50808,-35.39754],[-66.52189,-35.40855],[-66.52928,-35.44287],[-66.51737,-35.4701],[-66.52584,-35.54057],[-66.53979,-35.56305],[-66.57065,-35.58211],[-66.56274,-35.62448],[-66.54817,-35.63731],[-66.58058,-35.70378],[-66.58169,-35.7699],[-66.59342,-35.80376],[-66.62224,-35.84836],[-66.62719,-35.89714],[-66.61929,-35.90674],[-66.62968,-35.92764],[-66.61937,-35.96431],[-66.63787,-35.9995],[-65.11695,-35.99953],[-65.11749,-35],[-65.11747,-33.94998],[-65.14273,-33.19453],[-65.07008,-33.1371],[-65.05485,-33.11557],[-65.05943,-33.09915],[-65.04491,-33.06251],[-64.9997,-33.00267],[-65.02231,-32.97304],[-64.9915,-32.94449],[-64.96517,-32.86516],[-64.97067,-32.80505],[-64.94462,-32.76734],[-64.94819,-32.72284],[-64.91618,-32.67918],[-64.92412,-32.61475],[-64.88275,-32.57079],[-64.89953,-32.51202],[-64.8955,-32.48518],[-64.91978,-32.46674],[-64.92927,-32.41851],[-64.9194,-32.40138],[-64.92439,-32.3288],[-64.94355,-32.29799],[-64.97615,-32.32113],[-64.9959,-32.31381],[-65.087,-32.31353],[-65.21142,-32.32559],[-65.20761,-32.30358],[-65.21927,-32.27967],[-65.20838,-32.24838],[-65.23224,-32.20905],[-65.22439,-32.16748],[-65.24491,-32.09014],[-65.30927,-32.05368],[-65.31302,-32.04154],[-65.62848,-31.8983],[-65.77008,-31.88864],[-65.89403,-31.91048],[-65.97903,-31.88916],[-66.06924,-31.93647],[-66.0795,-31.97135],[-66.14434,-31.93698],[-66.16115,-31.9385],[-66.16023,-31.96353],[-66.22833,-31.9413],[-66.29963,-31.93107],[-66.3381,-31.94372],[-66.34978,-31.99769],[-66.56655,-31.95045],[-66.60475,-31.93412],[-66.60454,-31.92338],[-66.66179,-31.92054]]]},"properties":{"fid":5,"OBJECTID":431,"Entidad":0,"Objeto":"Provincia","FNA":"Provincia de San Luis","GNA":"Provincia","NAM":"San Luis","SAG":"IGN","FDC":"Geografía","IN1":"74","SHAPE_STAr":7.33377055086,"SHAPE_STLe":14.490195786,"argentina_population_2022":540905}},{"type":"Feature","geometry":{"type":"Polygon","coordinates":[[[-62.1306,-30.47993],[-62.17379,-30.34531],[-62.52008,-30.3419],[-62.53453,-30.31202],[-62.59362,-30.25958],[-62.5968,-30.16574],[-62.56766,-30.12307],[-62.55648,-30.06279],[-62.65544,-30.05529],[-62.67474,-30.03518],[-62.65499,-30.00735],[-62.66237,-29.99926],[-62.72388,-29.99081],[-62.75362,-29.96642],[-62.79134,-29.96059],[-62.78584,-29.94275],[-62.80053,-29.90805],[-62.82031,-29.90397],[-62.82534,-29.87596],[-62.83868,-29.86576],[-62.82927,-29.8424],[-62.80571,-29.83413],[-62.80701,-29.81586],[-63.45901,-29.75715],[-63.45925,-29.72574],[-63.48067,-29.72574],[-63.4652,-29.66482],[-63.53008,-29.65712],[-63.56847,-29.66399],[-63.62539,-29.65529],[-63.6737,-29.66482],[-63.72367,-29.65916],[-63.76371,-29.61706],[-63.81639,-29.6147],[-63.78498,-29.59893],[-63.78405,-29.58404],[-63.81165,-29.57916],[-63.84175,-29.58178],[-63.86959,-29.6239],[-63.95864,-29.6213],[-63.97705,-29.55541],[-64.34231,-29.50042],[-64.82463,-29.5743],[-64.96405,-29.59609],[-64.93793,-29.84751],[-65.15827,-30.04727],[-65.42298,-30.1196],[-65.5208,-30.48453],[-65.77198,-31.04452],[-65.77008,-31.88864],[-65.62848,-31.8983],[-65.31302,-32.04154],[-65.30927,-32.05368],[-65.24491,-32.09014],[-65.22439,-32.16748],[-65.23224,-32.20905],[-65.20838,-32.24838],[-65.21927,-32.27967],[-65.20761,-32.30358],[-65.21142,-32.32559],[-65.087,-32.31353],[-64.9959,-32.31381],[-64.97615,-32.32113],[-64.94355,-32.29799],[-64.92439,-32.3288],[-64.9194,-32.40138],[-64.92927,-32.41851],[-64.91978,-32.46674],[-64.8955,-32.48518],[-64.89953,-32.51202],[-64.88275,-32.57079],[-64.92412,-32.61475],[-64.91618,-32.67918],[-64.94819,-32.72284],[-64.94462,-32.76734],[-64.97067,-32.80505],[-64.96517,-32.86516],[-64.9915,-32.94449],[-65.02231,-32.97304],[-64.9997,-33.00267],[-65.04491,-33.06251],[-65.05943,-33.09915],[-65.05485,-33.11557],[-65.07008,-33.1371],[-65.14273,-33.19453],[-65.11747,-33.94998],[-65.11749,-35],[-63.38575,-35.00014],[-63.38508,-34.38332],[-62.87973,-34.38349],[-61.92032,-33.12016],[-61.89665,-33.11254],[-61.86119,-33.06888],[-61.78767,-33.0062],[-61.79076,-32.95861],[-61.77089,-32.90166],[-61.79201,-32.877],[-61.77797,-32.83012],[-61.7957,-32.77397],[-61.82782,-32.75446],[-61.85762,-32.69461],[-61.90742,-32.69596],[-61.94644,-32.67843],[-61.94608,-32.65047],[-61.88903,-32.61044],[-61.89159,-32.59009],[-61.91437,-32.59527],[-61.92651,-32.58426],[-61.90248,-32.56862],[-61.90426,-32.55278],[-61.93067,-32.54405],[-61.91259,-32.52698],[-61.92074,-32.5055],[-61.91432,-32.49456],[-62.01134,-32.34644],[-62.03876,-32.26096],[-62.13769,-32.20022],[-62.17844,-32.15971],[-62.19676,-32.11432],[-62.16761,-31.98619],[-62.18855,-31.9223],[-62.22335,-31.88345],[-62.21787,-31.74068],[-62.24108,-31.70018],[-62.12579,-31.61557],[-61.84148,-30.74496],[-62.1306,-30.47993]]]},"properties":{"fid":6,"OBJECTID":432,"Entidad":0,"Objeto":"Provincia","FNA":"Provincia de Córdoba","GNA":"Provincia","NAM":"Córdoba","SAG":"IGN","FDC":"Geografía","IN1":"14","SHAPE_STAr":15.7483284893,"SHAPE_STLe":18.4531148919,"argentina_population_2022":3978984}},{"type":"Feature","geometry":{"type":"Polygon","coordinates":[[[-62.87973,-34.38349],[-61.7176,-34.38361],[-60.93074,-33.65202],[-60.91789,-33.58968],[-60.87994,-33.55553],[-60.81863,-33.54045],[-60.78181,-33.57876],[-60.74665,-33.58834],[-60.68458,-33.58516],[-60.61992,-33.62834],[-60.58622,-33.63123],[-60.55692,-33.64684],[-60.49756,-33.64488],[-60.45957,-33.63146],[-60.4566,-33.58197],[-60.42346,-33.56383],[-60.4143,-33.54574],[-60.42394,-33.52796],[-60.4101,-33.46796],[-60.33543,-33.41233],[-60.32396,-33.35075],[-60.28295,-33.31372],[-60.26461,-33.28132],[-60.27237,-33.26349],[-60.25239,-33.27542],[-60.25954,-33.26185],[-60.26319,-33.25989],[-60.29783,-33.24228],[-60.2845,-33.20707],[-60.30306,-33.18351],[-60.33566,-33.17685],[-60.39205,-33.18898],[-60.49341,-33.13141],[-60.60549,-32.99982],[-60.62025,-32.94794],[-60.67621,-32.8996],[-60.6814,-32.87156],[-60.65888,-32.83118],[-60.69427,-32.8056],[-60.716,-32.77362],[-60.72351,-32.67169],[-60.75207,-32.62219],[-60.74737,-32.55432],[-60.77618,-32.50702],[-60.72382,-32.45612],[-60.71162,-32.39305],[-60.71899,-32.33404],[-60.67902,-32.31953],[-60.67261,-32.2326],[-60.69705,-32.18237],[-60.70038,-32.14977],[-60.65601,-32.06708],[-60.68439,-32.01208],[-60.72066,-31.98522],[-60.72185,-31.96618],[-60.65723,-31.91132],[-60.66071,-31.8512],[-60.67578,-31.81171],[-60.6607,-31.79414],[-60.63857,-31.78748],[-60.63879,-31.742],[-60.58408,-31.70848],[-60.46759,-31.6983],[-60.3963,-31.643],[-60.33067,-31.60855],[-60.32686,-31.5788],[-60.34018,-31.55977],[-60.33281,-31.54716],[-60.29926,-31.53359],[-60.244,-31.53039],[-60.22473,-31.50827],[-60.21235,-31.46782],[-60.14349,-31.4436],[-60.13843,-31.41339],[-60.09607,-31.37061],[-60.08679,-31.34699],[-60.10938,-31.30408],[-60.10559,-31.28992],[-60.02551,-31.25909],[-60.00269,-31.23859],[-59.9848,-31.19342],[-59.98328,-31.1557],[-59.96338,-31.11987],[-59.92544,-31.10505],[-59.87793,-31.05621],[-59.81818,-30.94251],[-59.73485,-30.87662],[-59.70487,-30.81738],[-59.69939,-30.76907],[-59.63989,-30.72778],[-59.63318,-30.70819],[-59.66809,-30.67602],[-59.67841,-30.64691],[-59.64586,-30.59704],[-59.65033,-30.50098],[-59.70344,-30.44261],[-59.68262,-30.383],[-59.6844,-30.356],[-59.67167,-30.33866],[-59.6668,-30.32716],[-59.70297,-30.3017],[-59.71082,-30.27029],[-59.66347,-30.25673],[-59.63658,-30.23746],[-59.61612,-30.11301],[-59.56639,-30.00808],[-59.58891,-29.97625],[-59.6047,-29.90267],[-59.65966,-29.84318],[-59.65586,-29.8239],[-59.61755,-29.77584],[-59.61398,-29.66877],[-59.59018,-29.56978],[-59.57995,-29.45985],[-59.60428,-29.39474],[-59.51979,-29.34319],[-59.51093,-29.25726],[-59.50063,-29.24352],[-59.44226,-29.22352],[-59.40781,-29.22138],[-59.34677,-29.11435],[-59.2753,-29.09957],[-59.20471,-29.04083],[-59.19829,-29.02536],[-59.20947,-28.96897],[-59.15807,-28.87736],[-59.16045,-28.79479],[-59.1181,-28.74315],[-59.0786,-28.66749],[-59.10501,-28.63394],[-59.10001,-28.5764],[-59.04886,-28.49331],[-59.06052,-28.46285],[-59.08598,-28.43597],[-59.07621,-28.36534],[-59.08097,-28.34726],[-59.10346,-28.32882],[-59.10787,-28.22277],[-59.08621,-28.19949],[-59.08763,-28.17177],[-59.06241,-28.12811],[-58.99966,-28.13936],[-58.95296,-28.13711],[-58.88082,-28.06683],[-58.89369,-28.03527],[-58.88392,-27.99944],[-60.21674,-27.99943],[-61.71126,-27.99942],[-61.92068,-29.23821],[-62.1306,-30.47993],[-61.84148,-30.74496],[-62.12579,-31.61557],[-62.24108,-31.70018],[-62.21787,-31.74068],[-62.22335,-31.88345],[-62.18855,-31.9223],[-62.16761,-31.98619],[-62.19676,-32.11432],[-62.17844,-32.15971],[-62.13769,-32.20022],[-62.03876,-32.26096],[-62.01134,-32.34644],[-61.91432,-32.49456],[-61.92074,-32.5055],[-61.91259,-32.52698],[-61.93067,-32.54405],[-61.90426,-32.55278],[-61.90248,-32.56862],[-61.92651,-32.58426],[-61.91437,-32.59527],[-61.89159,-32.59009],[-61.88903,-32.61044],[-61.94608,-32.65047],[-61.94644,-32.67843],[-61.90742,-32.69596],[-61.85762,-32.69461],[-61.82782,-32.75446],[-61.7957,-32.77397],[-61.77797,-32.83012],[-61.79201,-32.877],[-61.77089,-32.90166],[-61.79076,-32.95861],[-61.78767,-33.0062],[-61.86119,-33.06888],[-61.89665,-33.11254],[-61.92032,-33.12016],[-62.87973,-34.38349]]]},"properties":{"fid":7,"OBJECTID":433,"Entidad":0,"Objeto":"Provincia","FNA":"Provincia de Santa Fe","GNA":"Provincia","NAM":"Santa Fe","SAG":"IGN","FDC":"Geografía","IN1":"82","SHAPE_STAr":12.5528384103,"SHAPE_STLe":20.8522796644,"argentina_population_2022":3556522}},{"type":"Feature","geometry":{"type":"Polygon","coordinates":[[[-57.8092,-30.72962],[-57.82152,-30.7194],[-57.84375,-30.72166],[-57.85484,-30.69465],[-57.89478,-30.66941],[-57.97485,-30.64734],[-57.97995,-30.6295],[-58.03363,-30.59804],[-58.03678,-30.5682],[-58.06875,-30.54482],[-58.0576,-30.49705],[-58.0736,-30.48175],[-58.07943,-30.45587],[-58.07193,-30.42541],[-58.14118,-30.40572],[-58.19239,-30.33517],[-58.20834,-30.28758],[-58.28555,-30.24463],[-58.34373,-30.27125],[-58.36879,-30.26479],[-58.43756,-30.22931],[-58.43686,-30.2217],[-58.45182,-30.22485],[-58.47063,-30.20333],[-58.49789,-30.20705],[-58.54037,-30.18321],[-58.55329,-30.18558],[-58.5765,-30.16004],[-58.62986,-30.17705],[-58.64765,-30.163],[-58.68224,-30.16388],[-58.68041,-30.17449],[-58.72087,-30.18569],[-58.74842,-30.21411],[-58.78883,-30.21906],[-58.80434,-30.21099],[-58.83154,-30.23155],[-58.8702,-30.23533],[-58.87964,-30.24612],[-58.912,-30.2481],[-58.9653,-30.21813],[-59.00861,-30.21899],[-59.0512,-30.23529],[-59.06369,-30.23077],[-59.081,-30.24915],[-59.07559,-30.25736],[-59.13573,-30.28621],[-59.13639,-30.31191],[-59.15816,-30.32304],[-59.17166,-30.31863],[-59.18046,-30.33285],[-59.19141,-30.32999],[-59.23097,-30.35688],[-59.22984,-30.3642],[-59.25548,-30.36438],[-59.2732,-30.35284],[-59.28849,-30.36158],[-59.29997,-30.34695],[-59.32311,-30.35456],[-59.34774,-30.3247],[-59.42234,-30.31477],[-59.43935,-30.32946],[-59.46326,-30.32458],[-59.46398,-30.3366],[-59.47546,-30.33416],[-59.48873,-30.34481],[-59.55743,-30.33315],[-59.55654,-30.35177],[-59.56558,-30.34814],[-59.57421,-30.37039],[-59.57201,-30.40816],[-59.58777,-30.43482],[-59.6151,-30.41921],[-59.63682,-30.35775],[-59.67167,-30.33866],[-59.6844,-30.356],[-59.68262,-30.383],[-59.70344,-30.44261],[-59.65033,-30.50098],[-59.64586,-30.59704],[-59.67841,-30.64691],[-59.66809,-30.67602],[-59.63318,-30.70819],[-59.63989,-30.72778],[-59.69939,-30.76907],[-59.70487,-30.81738],[-59.73485,-30.87662],[-59.81818,-30.94251],[-59.87793,-31.05621],[-59.92544,-31.10505],[-59.96338,-31.11987],[-59.98328,-31.1557],[-59.9848,-31.19342],[-60.00269,-31.23859],[-60.02551,-31.25909],[-60.10559,-31.28992],[-60.10938,-31.30408],[-60.08679,-31.34699],[-60.09607,-31.37061],[-60.13843,-31.41339],[-60.14349,-31.4436],[-60.21235,-31.46782],[-60.22473,-31.50827],[-60.244,-31.53039],[-60.29926,-31.53359],[-60.33281,-31.54716],[-60.34018,-31.55977],[-60.32686,-31.5788],[-60.33067,-31.60855],[-60.3963,-31.643],[-60.46759,-31.6983],[-60.58408,-31.70848],[-60.63879,-31.742],[-60.63857,-31.78748],[-60.6607,-31.79414],[-60.67578,-31.81171],[-60.66071,-31.8512],[-60.65723,-31.91132],[-60.72185,-31.96618],[-60.72066,-31.98522],[-60.68439,-32.01208],[-60.65601,-32.06708],[-60.70038,-32.14977],[-60.69705,-32.18237],[-60.67261,-32.2326],[-60.67902,-32.31953],[-60.71899,-32.33404],[-60.71162,-32.39305],[-60.72382,-32.45612],[-60.77618,-32.50702],[-60.74737,-32.55432],[-60.75207,-32.62219],[-60.72351,-32.67169],[-60.716,-32.77362],[-60.69427,-32.8056],[-60.65888,-32.83118],[-60.6814,-32.87156],[-60.67621,-32.8996],[-60.62025,-32.94794],[-60.60549,-32.99982],[-60.49341,-33.13141],[-60.39205,-33.18898],[-60.33566,-33.17685],[-60.30306,-33.18351],[-60.2845,-33.20707],[-60.29783,-33.24228],[-60.26319,-33.25989],[-60.25421,-33.26471],[-60.20068,-33.29218],[-60.16962,-33.349],[-60.11108,-33.37299],[-60.04484,-33.44753],[-59.99939,-33.47013],[-59.93301,-33.47489],[-59.89929,-33.50708],[-59.82318,-33.53003],[-59.80939,-33.54401],[-59.80768,-33.5885],[-59.78857,-33.60457],[-59.74384,-33.62028],[-59.70957,-33.62123],[-59.69339,-33.61052],[-59.65241,-33.62488],[-59.61877,-33.6922],[-59.59631,-33.68957],[-59.54199,-33.6416],[-59.51648,-33.63208],[-59.47931,-33.65289],[-59.46777,-33.70428],[-59.43701,-33.729],[-59.37769,-33.73651],[-59.25427,-33.72229],[-59.23541,-33.73999],[-59.25488,-33.78589],[-59.24231,-33.8075],[-59.21881,-33.8147],[-59.17358,-33.80701],[-59.13068,-33.84772],[-59.05548,-33.8324],[-59.02048,-33.84894],[-58.99288,-33.8418],[-58.97789,-33.87036],[-58.93359,-33.87439],[-58.89978,-33.89099],[-58.85487,-33.94721],[-58.8306,-33.9553],[-58.76374,-33.94531],[-58.68402,-34.01929],[-58.65048,-34.03668],[-58.60717,-34.03787],[-58.47729,-34.00263],[-58.4162,-34.00269],[-58.38739,-33.98541],[-58.42359,-33.91635],[-58.43417,-33.72287],[-58.47535,-33.65024],[-58.49477,-33.58558],[-58.44501,-33.54105],[-58.4339,-33.49916],[-58.44315,-33.44808],[-58.43112,-33.41272],[-58.43171,-33.36333],[-58.39719,-33.31377],[-58.39047,-33.27912],[-58.40993,-33.23494],[-58.40401,-33.17883],[-58.36182,-33.12099],[-58.31164,-33.10537],[-58.25605,-33.10238],[-58.17596,-33.07689],[-58.08422,-33.00067],[-58.08732,-32.9589],[-58.11558,-32.91977],[-58.1198,-32.81523],[-58.14963,-32.73488],[-58.14505,-32.67113],[-58.16058,-32.57078],[-58.18739,-32.53287],[-58.20459,-32.462],[-58.18336,-32.37667],[-58.12299,-32.34],[-58.10089,-32.30352],[-58.09988,-32.26001],[-58.18333,-32.1592],[-58.1674,-32.09138],[-58.14314,-32.06056],[-58.1383,-32.00184],[-58.16871,-31.93209],[-58.19134,-31.92035],[-58.20681,-31.87165],[-58.19024,-31.85298],[-58.08614,-31.82114],[-58.03815,-31.75906],[-58.03505,-31.71882],[-58.01285,-31.68673],[-57.98064,-31.58105],[-58.00379,-31.53191],[-58.07827,-31.48881],[-58.08239,-31.45783],[-58.05958,-31.43513],[-57.98049,-31.39044],[-57.97923,-31.37901],[-57.99714,-31.36172],[-57.98132,-31.31969],[-57.93837,-31.27534],[-57.9154,-31.22064],[-57.91907,-31.12991],[-57.87133,-31.07034],[-57.86148,-31.03439],[-57.9149,-30.92056],[-57.89441,-30.90721],[-57.84507,-30.91992],[-57.82181,-30.90783],[-57.79927,-30.85322],[-57.80671,-30.82258],[-57.7974,-30.78271],[-57.81119,-30.7542],[-57.8092,-30.72962]],[[-58.11496,-32.97419],[-58.11248,-32.93116],[-58.10144,-32.95435],[-58.11496,-32.97419]],[[-58.11035,-32.97133],[-58.09972,-32.95157],[-58.09047,-32.95608],[-58.08738,-32.99677],[-58.11455,-33.0247],[-58.10766,-33.00167],[-58.11035,-32.97133]],[[-58.11404,-33.02106],[-58.12101,-33.02862],[-58.12875,-33.02539],[-58.11574,-32.99035],[-58.10811,-33.00148],[-58.11404,-33.02106]]]},"properties":{"fid":8,"OBJECTID":434,"Entidad":0,"Objeto":"Provincia","FNA":"Provincia de Entre Ríos","GNA":"Provincia","NAM":"Entre Ríos","SAG":"IGN","FDC":"Geografía","IN1":"30","SHAPE_STAr":7.48648662083,"SHAPE_STLe":14.3590911819,"argentina_population_2022":1426426}},{"type":"Feature","geometry":{"type":"Polygon","coordinates":[[[-69.62981,-28.39369],[-69.64887,-28.39615],[-69.65591,-28.41273],[-69.63257,-28.42942],[-69.63892,-28.44201],[-69.66071,-28.44564],[-69.6805,-28.47061],[-69.66474,-28.48218],[-69.65673,-28.50411],[-69.66406,-28.52108],[-69.64986,-28.53766],[-69.66998,-28.55534],[-69.66233,-28.58301],[-69.69497,-28.59645],[-69.68716,-28.60359],[-69.70352,-28.62025],[-69.70149,-28.63987],[-69.73142,-28.68403],[-69.72925,-28.73745],[-69.70137,-28.75054],[-69.6929,-28.7709],[-69.70661,-28.78129],[-69.71433,-28.82542],[-69.72761,-28.84599],[-69.74443,-28.84982],[-69.7465,-28.88183],[-69.7657,-28.89879],[-69.76673,-28.92233],[-69.75373,-28.9365],[-69.76305,-28.97318],[-69.75441,-28.98424],[-69.78503,-29.01491],[-69.79364,-29.05106],[-69.78829,-29.13314],[-69.83943,-29.1293],[-69.87612,-29.1389],[-69.92436,-29.1864],[-69.95269,-29.18916],[-69.93815,-29.24992],[-69.95198,-29.26683],[-69.99799,-29.2858],[-69.99682,-29.30455],[-70.02093,-29.32978],[-70.01044,-29.3538],[-70.02176,-29.3586],[-70.01152,-29.36989],[-70.02128,-29.3844],[-69.96631,-29.41422],[-69.98187,-29.45223],[-69.95646,-29.46646],[-69.94743,-29.49045],[-69.94637,-29.51894],[-69.95635,-29.53506],[-69.93174,-29.58591],[-69.94144,-29.61191],[-69.93953,-29.65442],[-69.90944,-29.69788],[-69.89356,-29.69389],[-69.88175,-29.70749],[-69.88707,-29.71938],[-69.87867,-29.72581],[-69.89704,-29.75272],[-69.89344,-29.76763],[-69.91485,-29.79271],[-69.91343,-29.80675],[-69.89321,-29.81995],[-69.89896,-29.84849],[-69.87655,-29.86164],[-69.89674,-29.87814],[-69.88851,-29.90459],[-69.90872,-29.92857],[-69.9067,-29.93938],[-69.89651,-29.93675],[-69.89802,-29.95784],[-69.92604,-29.99919],[-69.91541,-30.02558],[-69.96176,-30.06888],[-69.96487,-30.08545],[-69.94422,-30.09324],[-69.9455,-30.11329],[-69.93609,-30.12008],[-69.89965,-30.10622],[-69.87111,-30.11178],[-69.84792,-30.12988],[-69.81744,-30.12794],[-69.80944,-30.15478],[-69.82878,-30.16227],[-69.81938,-30.18873],[-69.83504,-30.21994],[-69.86869,-30.21082],[-69.88504,-30.21858],[-69.88858,-30.23893],[-69.87858,-30.25832],[-69.88367,-30.27266],[-69.89549,-30.27288],[-69.90813,-30.318],[-69.90474,-30.34045],[-69.89185,-30.35059],[-69.93513,-30.35821],[-69.95534,-30.3855],[-69.99455,-30.37879],[-70.02039,-30.3969],[-70.05096,-30.3883],[-70.06321,-30.39436],[-70.10253,-30.36809],[-70.10658,-30.35206],[-70.14166,-30.34019],[-70.15467,-30.34667],[-70.1554,-30.36197],[-70.1175,-30.43213],[-70.13627,-30.45884],[-70.19482,-30.49163],[-70.17939,-30.51232],[-70.19683,-30.53749],[-70.19069,-30.55069],[-70.20735,-30.55861],[-70.24664,-30.63421],[-70.25039,-30.66074],[-70.23937,-30.6678],[-70.25322,-30.67733],[-70.25909,-30.70016],[-70.24609,-30.72852],[-70.26947,-30.74593],[-70.27298,-30.78057],[-70.28797,-30.78669],[-70.27974,-30.83069],[-70.29548,-30.84575],[-70.32282,-30.92803],[-70.31443,-30.95467],[-70.29337,-30.96999],[-70.30304,-30.99589],[-70.29777,-31.02016],[-70.27715,-31.02146],[-70.2691,-31.04309],[-70.32165,-31.04349],[-70.36827,-31.10996],[-70.36056,-31.13571],[-70.40138,-31.16707],[-70.41307,-31.15801],[-70.4323,-31.10171],[-70.45584,-31.0843],[-70.47562,-31.11425],[-70.49791,-31.1228],[-70.49587,-31.13606],[-70.52434,-31.18982],[-70.51345,-31.19656],[-70.51534,-31.2324],[-70.53183,-31.24666],[-70.52698,-31.27855],[-70.54716,-31.31485],[-70.52762,-31.36424],[-70.53966,-31.38703],[-70.53197,-31.40774],[-70.54994,-31.40806],[-70.56021,-31.41996],[-70.54869,-31.44874],[-70.56914,-31.47289],[-70.56658,-31.50233],[-70.55226,-31.51116],[-70.56738,-31.60013],[-70.54774,-31.60612],[-70.53178,-31.63805],[-70.50675,-31.65227],[-70.51294,-31.68978],[-70.46817,-31.69848],[-70.45797,-31.73334],[-70.47202,-31.75877],[-70.45097,-31.81037],[-70.46044,-31.84387],[-70.37686,-31.88482],[-70.36377,-31.88064],[-70.34795,-31.89058],[-70.31783,-31.88071],[-70.28005,-31.88409],[-70.26356,-31.91092],[-70.23238,-31.92563],[-70.20932,-31.96041],[-70.20816,-31.978],[-70.24974,-31.99283],[-70.24826,-32.02386],[-70.26389,-32.03814],[-70.28337,-32.03831],[-70.28903,-32.05203],[-70.32874,-32.04929],[-70.34472,-32.042],[-70.35065,-32.02659],[-70.36428,-32.02506],[-70.37985,-32.02622],[-70.38823,-32.0454],[-70.33519,-32.07044],[-70.35022,-32.08823],[-70.34166,-32.10864],[-70.32703,-32.12792],[-70.30388,-32.13632],[-70.31726,-32.17701],[-70.30095,-32.20681],[-70.32332,-32.26651],[-70.28443,-32.29251],[-70.26247,-32.29165],[-70.22237,-32.325],[-70.22918,-32.36449],[-70.21733,-32.3822],[-70.23859,-32.40483],[-70.23665,-32.42929],[-70.21801,-32.42859],[-70.19432,-32.44927],[-70.14875,-32.46567],[-70.12325,-32.53558],[-70.1262,-32.57415],[-70.09127,-32.60221],[-70.08996,-32.62232],[-70.06616,-32.62582],[-70.0457,-32.60518],[-70.04166,-32.58508],[-70.02583,-32.57877],[-70.02571,-32.55985],[-70.00418,-32.52833],[-69.96432,-32.54582],[-69.93053,-32.54141],[-69.90067,-32.56152],[-69.86284,-32.56152],[-69.84725,-32.57056],[-69.82738,-32.56271],[-69.82239,-32.54439],[-69.78372,-32.54213],[-69.75612,-32.50941],[-69.70496,-32.49644],[-69.68921,-32.43018],[-69.70413,-32.40364],[-69.73316,-32.39056],[-69.72887,-32.33083],[-69.7215,-32.31417],[-69.68581,-32.30704],[-69.63096,-32.26004],[-69.60312,-32.21079],[-69.6099,-32.2021],[-69.59646,-32.14309],[-69.56077,-32.12941],[-69.55767,-32.14012],[-69.53114,-32.14095],[-69.50759,-32.12537],[-69.50556,-32.11382],[-69.47713,-32.11037],[-69.45476,-32.07468],[-69.43394,-32.07635],[-69.41574,-32.06653],[-69.3904,-32.07682],[-69.3786,-32.06421],[-69.31421,-32.09112],[-69.3003,-32.0744],[-69.2768,-32.07001],[-69.26244,-32.03316],[-69.24451,-32.01611],[-69.18399,-31.99939],[-69.11642,-32.00248],[-69.11646,-32.01989],[-69.09369,-32.03149],[-69.08624,-32.05237],[-69.01165,-32.1165],[-68.95679,-32.10889],[-68.91761,-32.11465],[-68.91761,-32.33804],[-68.66571,-32.3371],[-68.4629,-32.23775],[-68.46304,-32.13785],[-68.30412,-32.13769],[-68.24793,-32.09155],[-68.20691,-32.12109],[-68.18659,-32.11292],[-68.15113,-32.11902],[-68.1225,-32.09992],[-68.09381,-32.10181],[-68.09772,-32.09271],[-68.07898,-32.08539],[-68.07269,-32.09851],[-68.06598,-32.07953],[-68.05139,-32.0719],[-68.04999,-32.08783],[-68.03351,-32.07599],[-68.02973,-32.0863],[-68.0044,-32.08038],[-67.98718,-32.09381],[-67.95691,-32.09308],[-67.96399,-32.11762],[-67.9281,-32.1217],[-67.93659,-32.138],[-67.9234,-32.1471],[-67.917,-32.17419],[-67.87,-32.1897],[-67.87482,-32.1972],[-67.84589,-32.22351],[-67.8393,-32.21521],[-67.81763,-32.22821],[-67.79651,-32.2204],[-67.77399,-32.2356],[-67.76899,-32.22559],[-67.7356,-32.22382],[-67.72748,-32.24072],[-67.70972,-32.24609],[-67.7049,-32.23572],[-67.68323,-32.23798],[-67.6684,-32.22681],[-67.63672,-32.24121],[-67.60468,-32.23291],[-67.59449,-32.2464],[-67.57953,-32.23718],[-67.54651,-32.2403],[-67.51899,-32.22241],[-67.52332,-32.22949],[-67.51142,-32.24371],[-67.50031,-32.23907],[-67.48568,-32.26309],[-67.47066,-32.30794],[-67.42396,-32.32784],[-67.38173,-32.33054],[-67.35516,-32.35217],[-67.33131,-32.35092],[-67.31775,-32.38203],[-67.2638,-32.38186],[-67.26623,-32.33926],[-67.27801,-32.29232],[-67.37039,-32.24628],[-67.38019,-32.22376],[-67.38379,-32.12521],[-67.36523,-31.9759],[-67.37924,-31.86812],[-67.24154,-31.8808],[-67.13673,-31.83381],[-67.05,-31.85748],[-67.00593,-31.85535],[-66.8857,-31.89769],[-66.66179,-31.92054],[-66.73504,-31.87466],[-66.80243,-31.81183],[-66.87519,-31.63267],[-66.95853,-31.63267],[-67.10909,-31.38283],[-67.0753,-31.22745],[-67.12575,-31.1607],[-67.0922,-31.06076],[-67.11242,-31.01056],[-67.0853,-30.91419],[-67.12884,-30.89563],[-67.28279,-30.69528],[-67.41009,-30.62747],[-67.44626,-30.57797],[-67.4948,-30.53633],[-67.57862,-30.40296],[-67.59087,-30.29815],[-67.67344,-30.23652],[-67.68635,-30.21487],[-67.83584,-30.10589],[-67.85702,-30.10047],[-67.87736,-30.07513],[-67.8983,-30.0743],[-67.93054,-30.03022],[-67.99009,-29.9881],[-68.01341,-29.94432],[-68.05302,-29.90125],[-68.10519,-29.88424],[-68.15879,-29.88543],[-68.16367,-29.86413],[-68.18437,-29.84813],[-68.1852,-29.80298],[-68.199,-29.78109],[-68.25385,-29.78073],[-68.26777,-29.7586],[-68.25848,-29.74689],[-68.44128,-29.65051],[-68.5202,-29.63751],[-68.62064,-29.64582],[-68.66865,-29.63987],[-68.68251,-29.64653],[-68.7351,-29.62542],[-68.75853,-29.63279],[-68.79423,-29.62351],[-68.86311,-29.63505],[-68.88726,-29.62173],[-68.8834,-29.59192],[-68.90784,-29.61982],[-68.93556,-29.61982],[-68.9383,-29.65159],[-68.95746,-29.65754],[-69.01409,-29.6391],[-69.03193,-29.58461],[-69.03372,-29.53297],[-69.00005,-29.46671],[-68.98744,-29.47801],[-68.97518,-29.45647],[-68.97923,-29.42364],[-68.99672,-29.41519],[-69.00219,-29.39972],[-68.97459,-29.36415],[-68.98494,-29.32525],[-68.9734,-29.31537],[-68.95758,-29.31716],[-68.95746,-29.28587],[-68.9891,-29.27397],[-68.9922,-29.25315],[-68.97911,-29.23054],[-69.00124,-29.18664],[-68.96959,-29.14631],[-68.95853,-29.16416],[-68.935,-29.16638],[-68.93378,-29.14917],[-68.91165,-29.12823],[-68.92521,-29.08944],[-68.91903,-29.0729],[-68.90796,-29.07278],[-68.90851,-29.04492],[-68.91403,-29.02876],[-68.93247,-29.01794],[-68.93295,-28.98498],[-68.9613,-28.94153],[-68.93342,-28.90765],[-68.92141,-28.86631],[-68.9082,-28.86101],[-69.16197,-28.76113],[-69.2098,-28.6816],[-69.21658,-28.60647],[-69.20239,-28.59637],[-69.31604,-28.41171],[-69.33109,-28.42866],[-69.37594,-28.44847],[-69.42548,-28.45178],[-69.4697,-28.41552],[-69.49825,-28.41659],[-69.51621,-28.43188],[-69.55524,-28.40582],[-69.60571,-28.41901],[-69.62981,-28.39369]]]},"properties":{"fid":9,"OBJECTID":435,"Entidad":0,"Objeto":"Provincia","FNA":"Provincia de San Juan","GNA":"Provincia","NAM":"San Juan","SAG":"IGN","FDC":"Geografía","IN1":"70","SHAPE_STAr":8.32844121046,"SHAPE_STLe":19.4456057212,"argentina_population_2022":818234}},{"type":"Feature","geometry":{"type":"Polygon","coordinates":[[[-65.42298,-30.1196],[-65.71946,-29.40999],[-65.71726,-29.32861],[-65.74816,-29.26969],[-65.81443,-29.26981],[-65.81467,-29.18093],[-66.09952,-28.94409],[-66.31355,-28.88651],[-66.32819,-28.87598],[-66.3963,-28.86603],[-66.41138,-28.81421],[-66.38861,-28.80102],[-66.35246,-28.72185],[-66.37333,-28.71834],[-66.396,-28.677],[-66.49622,-28.62229],[-66.49627,-28.53134],[-66.5322,-28.53146],[-66.51501,-28.46626],[-66.57081,-28.28863],[-66.99019,-28.26329],[-67.01624,-28.25425],[-67.05705,-28.27329],[-67.07466,-28.27019],[-67.15544,-28.38441],[-67.3753,-28.38453],[-67.69146,-28.31183],[-67.76124,-28.32992],[-67.75636,-28.35365],[-67.80276,-28.34788],[-67.81555,-28.37602],[-67.84482,-28.37519],[-67.85154,-28.3712],[-67.84137,-28.31326],[-67.8723,-28.28459],[-67.87183,-28.2713],[-67.89419,-28.25913],[-67.9052,-28.23307],[-67.89895,-28.21213],[-67.9121,-28.20851],[-67.91362,-28.1831],[-67.93024,-28.17222],[-67.92191,-28.16633],[-67.92647,-28.14836],[-67.91493,-28.1141],[-67.95051,-28.10898],[-68.02236,-28.12468],[-68.02463,-28.13932],[-68.05377,-28.13979],[-68.0715,-28.16252],[-68.10731,-28.17346],[-68.14122,-28.10184],[-68.16442,-28.11077],[-68.1831,-28.08602],[-68.23414,-28.08233],[-68.24615,-28.07115],[-68.27471,-28.09506],[-68.29541,-28.0686],[-68.28619,-28.02649],[-68.31201,-28.02447],[-68.33581,-28.0376],[-68.35169,-28.01721],[-68.39662,-28.00417],[-68.44,-28.02539],[-68.4567,-28.01559],[-68.44028,-27.87366],[-68.45831,-27.85199],[-68.51452,-27.83856],[-68.53915,-27.78538],[-68.53391,-27.7297],[-68.5434,-27.70978],[-68.56175,-27.73541],[-68.56318,-27.77039],[-68.58234,-27.81976],[-68.62425,-27.79168],[-68.66518,-27.80988],[-68.71598,-27.81524],[-68.72954,-27.80584],[-68.72383,-27.78966],[-68.79901,-27.75568],[-69.09526,-27.79479],[-69.11032,-27.85224],[-69.13154,-27.8717],[-69.12302,-27.90146],[-69.15557,-27.93196],[-69.15479,-27.94663],[-69.1733,-27.97143],[-69.23706,-27.96653],[-69.25131,-28.00449],[-69.26911,-28.01127],[-69.26312,-28.04673],[-69.30136,-28.07132],[-69.30739,-28.12885],[-69.33627,-28.16407],[-69.38178,-28.18179],[-69.39138,-28.22644],[-69.41097,-28.20526],[-69.42875,-28.20347],[-69.45627,-28.1836],[-69.4784,-28.207],[-69.47442,-28.23717],[-69.50267,-28.26431],[-69.49913,-28.28308],[-69.52357,-28.32966],[-69.58276,-28.35244],[-69.59695,-28.39203],[-69.60867,-28.39376],[-69.62456,-28.37818],[-69.63497,-28.38408],[-69.62981,-28.39369],[-69.60571,-28.41901],[-69.55524,-28.40582],[-69.51621,-28.43188],[-69.49825,-28.41659],[-69.4697,-28.41552],[-69.42548,-28.45178],[-69.37594,-28.44847],[-69.33109,-28.42866],[-69.31604,-28.41171],[-69.20239,-28.59637],[-69.21658,-28.60647],[-69.2098,-28.6816],[-69.16197,-28.76113],[-68.9082,-28.86101],[-68.92141,-28.86631],[-68.93342,-28.90765],[-68.9613,-28.94153],[-68.93295,-28.98498],[-68.93247,-29.01794],[-68.91403,-29.02876],[-68.90851,-29.04492],[-68.90796,-29.07278],[-68.91903,-29.0729],[-68.92521,-29.08944],[-68.91165,-29.12823],[-68.93378,-29.14917],[-68.935,-29.16638],[-68.95853,-29.16416],[-68.96959,-29.14631],[-69.00124,-29.18664],[-68.97911,-29.23054],[-68.9922,-29.25315],[-68.9891,-29.27397],[-68.95746,-29.28587],[-68.95758,-29.31716],[-68.9734,-29.31537],[-68.98494,-29.32525],[-68.97459,-29.36415],[-69.00219,-29.39972],[-68.99672,-29.41519],[-68.97923,-29.42364],[-68.97518,-29.45647],[-68.98744,-29.47801],[-69.00005,-29.46671],[-69.03372,-29.53297],[-69.03193,-29.58461],[-69.01409,-29.6391],[-68.95746,-29.65754],[-68.9383,-29.65159],[-68.93556,-29.61982],[-68.90784,-29.61982],[-68.8834,-29.59192],[-68.88726,-29.62173],[-68.86311,-29.63505],[-68.79423,-29.62351],[-68.75853,-29.63279],[-68.7351,-29.62542],[-68.68251,-29.64653],[-68.66865,-29.63987],[-68.62064,-29.64582],[-68.5202,-29.63751],[-68.44128,-29.65051],[-68.25848,-29.74689],[-68.26777,-29.7586],[-68.25385,-29.78073],[-68.199,-29.78109],[-68.1852,-29.80298],[-68.18437,-29.84813],[-68.16367,-29.86413],[-68.15879,-29.88543],[-68.10519,-29.88424],[-68.05302,-29.90125],[-68.01341,-29.94432],[-67.99009,-29.9881],[-67.93054,-30.03022],[-67.8983,-30.0743],[-67.87736,-30.07513],[-67.85702,-30.10047],[-67.83584,-30.10589],[-67.68635,-30.21487],[-67.67344,-30.23652],[-67.59087,-30.29815],[-67.57862,-30.40296],[-67.4948,-30.53633],[-67.44626,-30.57797],[-67.41009,-30.62747],[-67.28279,-30.69528],[-67.12884,-30.89563],[-67.0853,-30.91419],[-67.11242,-31.01056],[-67.0922,-31.06076],[-67.12575,-31.1607],[-67.0753,-31.22745],[-67.10909,-31.38283],[-66.95853,-31.63267],[-66.87519,-31.63267],[-66.80243,-31.81183],[-66.73504,-31.87466],[-66.66179,-31.92054],[-66.60454,-31.92338],[-66.60475,-31.93412],[-66.56655,-31.95045],[-66.34978,-31.99769],[-66.3381,-31.94372],[-66.29963,-31.93107],[-66.22833,-31.9413],[-66.16023,-31.96353],[-66.16115,-31.9385],[-66.14434,-31.93698],[-66.0795,-31.97135],[-66.06924,-31.93647],[-65.97903,-31.88916],[-65.89403,-31.91048],[-65.77008,-31.88864],[-65.77198,-31.04452],[-65.5208,-30.48453],[-65.42298,-30.1196]]]},"properties":{"fid":10,"OBJECTID":436,"Entidad":0,"Objeto":"Provincia","FNA":"Provincia de La Rioja","GNA":"Provincia","NAM":"La Rioja","SAG":"IGN","FDC":"Geografía","IN1":"46","SHAPE_STAr":8.52921551759,"SHAPE_STLe":16.4261323025,"argentina_population_2022":384607}},{"type":"Feature","geometry":{"type":"Polygon","coordinates":[[[-66.09976,-26.22049],[-66.17085,-26.13376],[-66.20535,-26.13257],[-66.23057,-26.14923],[-66.24687,-26.18147],[-66.29296,-26.22931],[-66.30196,-26.2707],[-66.33075,-26.30128],[-66.33989,-26.33941],[-66.35966,-26.35696],[-66.38202,-26.4168],[-66.46102,-26.36409],[-66.50819,-26.36484],[-66.53988,-26.35316],[-66.55947,-26.28858],[-66.50768,-26.27303],[-66.53056,-26.27287],[-66.56824,-26.24984],[-66.57241,-26.18329],[-66.58419,-26.15983],[-66.62047,-26.14392],[-66.63494,-26.11849],[-66.66115,-26.10618],[-66.65429,-26.09439],[-66.66087,-26.07665],[-66.70232,-26.08214],[-66.75968,-26.0491],[-66.77881,-26.04814],[-66.78107,-26.03293],[-66.84346,-25.97734],[-66.85318,-25.91356],[-66.83926,-25.88066],[-66.84757,-25.79627],[-66.85618,-25.77414],[-66.87357,-25.76619],[-66.85048,-25.72114],[-66.80173,-25.69881],[-66.64858,-25.71203],[-66.63305,-25.66206],[-66.60646,-25.62867],[-66.5639,-25.62176],[-66.57277,-25.58672],[-66.53456,-25.53651],[-66.54281,-25.52239],[-66.5321,-25.50062],[-66.53525,-25.46226],[-66.51855,-25.44033],[-66.5371,-25.37248],[-66.58707,-25.37284],[-66.5998,-25.36225],[-66.58041,-25.31883],[-66.55819,-25.30065],[-66.87927,-25.24173],[-67.8646,-25.2384],[-68.50717,-25.16831],[-68.50522,-25.22255],[-68.51134,-25.2337],[-68.53506,-25.23701],[-68.5485,-25.26219],[-68.52921,-25.29047],[-68.54563,-25.29879],[-68.54594,-25.31221],[-68.51815,-25.34165],[-68.52778,-25.35271],[-68.52387,-25.37892],[-68.54154,-25.38254],[-68.57161,-25.41775],[-68.58988,-25.41443],[-68.58917,-25.44881],[-68.56997,-25.48168],[-68.57255,-25.49445],[-68.56164,-25.50557],[-68.53852,-25.50912],[-68.54803,-25.52577],[-68.53706,-25.54376],[-68.54304,-25.54896],[-68.51483,-25.57406],[-68.54075,-25.59615],[-68.54474,-25.63376],[-68.52533,-25.64409],[-68.51135,-25.67216],[-68.49909,-25.67345],[-68.47734,-25.70164],[-68.38143,-26.17783],[-68.55836,-26.28737],[-68.58809,-26.49243],[-68.36225,-26.80282],[-68.26243,-26.91885],[-68.28942,-26.92411],[-68.29378,-26.95918],[-68.31876,-26.98164],[-68.29478,-27.03904],[-68.34664,-27.03345],[-68.40379,-27.06812],[-68.42883,-27.06433],[-68.45082,-27.09549],[-68.47581,-27.08402],[-68.4839,-27.05825],[-68.47274,-27.11084],[-68.48162,-27.12858],[-68.49434,-27.13667],[-68.51602,-27.13098],[-68.54015,-27.10987],[-68.55702,-27.11512],[-68.55423,-27.13564],[-68.57496,-27.17755],[-68.60032,-27.15919],[-68.6155,-27.17176],[-68.63135,-27.16331],[-68.67053,-27.09902],[-68.68349,-27.10796],[-68.69312,-27.09917],[-68.73752,-27.10234],[-68.75109,-27.11235],[-68.77813,-27.09899],[-68.79963,-27.12519],[-68.80678,-27.15266],[-68.8248,-27.14747],[-68.84288,-27.16011],[-68.85768,-27.19067],[-68.85247,-27.21469],[-68.85597,-27.23176],[-68.86883,-27.2381],[-68.86806,-27.26173],[-68.80844,-27.30083],[-68.82872,-27.29828],[-68.84834,-27.3154],[-68.86985,-27.31795],[-68.89277,-27.35776],[-68.89668,-27.38469],[-68.88696,-27.3987],[-68.93034,-27.40952],[-68.9345,-27.44477],[-68.95999,-27.42975],[-68.98032,-27.43191],[-68.9881,-27.45307],[-68.94859,-27.48819],[-68.94252,-27.52593],[-68.98763,-27.52379],[-68.97249,-27.54286],[-68.97528,-27.56066],[-68.99981,-27.58284],[-69.03883,-27.5951],[-69.0533,-27.62019],[-69.05905,-27.66431],[-69.04217,-27.67855],[-69.04318,-27.69748],[-69.08926,-27.72167],[-69.08232,-27.72773],[-69.09526,-27.79479],[-68.79901,-27.75568],[-68.72383,-27.78966],[-68.72954,-27.80584],[-68.71598,-27.81524],[-68.66518,-27.80988],[-68.62425,-27.79168],[-68.58234,-27.81976],[-68.56318,-27.77039],[-68.56175,-27.73541],[-68.5434,-27.70978],[-68.53391,-27.7297],[-68.53915,-27.78538],[-68.51452,-27.83856],[-68.45831,-27.85199],[-68.44028,-27.87366],[-68.4567,-28.01559],[-68.44,-28.02539],[-68.39662,-28.00417],[-68.35169,-28.01721],[-68.33581,-28.0376],[-68.31201,-28.02447],[-68.28619,-28.02649],[-68.29541,-28.0686],[-68.27471,-28.09506],[-68.24615,-28.07115],[-68.23414,-28.08233],[-68.1831,-28.08602],[-68.16442,-28.11077],[-68.14122,-28.10184],[-68.10731,-28.17346],[-68.0715,-28.16252],[-68.05377,-28.13979],[-68.02463,-28.13932],[-68.02236,-28.12468],[-67.95051,-28.10898],[-67.91493,-28.1141],[-67.92647,-28.14836],[-67.92191,-28.16633],[-67.93024,-28.17222],[-67.91362,-28.1831],[-67.9121,-28.20851],[-67.89895,-28.21213],[-67.9052,-28.23307],[-67.89419,-28.25913],[-67.87183,-28.2713],[-67.8723,-28.28459],[-67.84137,-28.31326],[-67.85154,-28.3712],[-67.84482,-28.37519],[-67.81555,-28.37602],[-67.80276,-28.34788],[-67.75636,-28.35365],[-67.76124,-28.32992],[-67.69146,-28.31183],[-67.3753,-28.38453],[-67.15544,-28.38441],[-67.07466,-28.27019],[-67.05705,-28.27329],[-67.01624,-28.25425],[-66.99019,-28.26329],[-66.57081,-28.28863],[-66.51501,-28.46626],[-66.5322,-28.53146],[-66.49627,-28.53134],[-66.49622,-28.62229],[-66.396,-28.677],[-66.37333,-28.71834],[-66.35246,-28.72185],[-66.38861,-28.80102],[-66.41138,-28.81421],[-66.3963,-28.86603],[-66.32819,-28.87598],[-66.31355,-28.88651],[-66.09952,-28.94409],[-65.81467,-29.18093],[-65.81443,-29.26981],[-65.74816,-29.26969],[-65.71726,-29.32861],[-65.71946,-29.40999],[-65.42298,-30.1196],[-65.15827,-30.04727],[-64.93793,-29.84751],[-64.96405,-29.59609],[-64.82463,-29.5743],[-64.82594,-29.47365],[-64.78597,-29.4055],[-64.83807,-29.34255],[-64.84229,-29.31275],[-64.82475,-29.27378],[-64.78096,-29.26759],[-64.8376,-29.22857],[-64.85449,-29.1974],[-64.85984,-29.035],[-64.9066,-28.93245],[-64.90172,-28.91434],[-64.91195,-28.88664],[-64.90113,-28.84131],[-64.9386,-28.80574],[-64.97727,-28.7892],[-65.01663,-28.73781],[-65.12718,-28.71615],[-65.13652,-28.64688],[-65.17346,-28.63296],[-65.17257,-28.61797],[-65.18346,-28.62439],[-65.18819,-28.61842],[-65.18462,-28.60057],[-65.12556,-28.61153],[-65.0969,-28.47101],[-65.11195,-28.18571],[-65.1708,-27.94646],[-65.37038,-27.84597],[-65.50731,-27.92908],[-65.52789,-27.97244],[-65.54068,-27.97328],[-65.56234,-28.00821],[-65.57655,-28.01368],[-65.61226,-27.99113],[-65.61749,-27.97169],[-65.66627,-27.97323],[-65.67471,-27.9285],[-65.69886,-27.8896],[-65.70391,-27.80809],[-65.7198,-27.81607],[-65.72135,-27.79751],[-65.75324,-27.76997],[-65.79928,-27.78722],[-65.79464,-27.80661],[-65.82069,-27.82035],[-65.81498,-27.8269],[-65.83231,-27.85119],[-65.82884,-27.81417],[-65.86549,-27.68901],[-65.87542,-27.67247],[-65.9154,-27.66914],[-65.95467,-27.57643],[-65.95027,-27.5618],[-65.96586,-27.54359],[-65.97573,-27.49351],[-65.968,-27.42938],[-65.97442,-27.41486],[-65.96478,-27.38453],[-65.97197,-27.33293],[-66.02751,-27.29875],[-66.14082,-27.26105],[-66.11031,-27.21579],[-66.07791,-27.20919],[-66.08242,-27.19834],[-66.06947,-27.18858],[-66.05474,-27.14415],[-66.01991,-27.11351],[-65.98971,-27.10484],[-65.96431,-27.0331],[-65.91712,-27.01488],[-65.9138,-26.98264],[-65.89119,-26.97515],[-65.87489,-26.93291],[-65.85779,-26.9292],[-65.85764,-26.90127],[-65.90048,-26.86379],[-65.87442,-26.81822],[-65.88145,-26.80617],[-65.86585,-26.7955],[-65.85386,-26.75966],[-65.83016,-26.74422],[-66.04219,-26.60037],[-66.17124,-26.63121],[-66.16748,-26.60133],[-66.17612,-26.57779],[-66.16493,-26.53651],[-66.17255,-26.51057],[-66.16446,-26.5026],[-66.17766,-26.47167],[-66.15484,-26.44367],[-66.15577,-26.39731],[-66.12651,-26.3891],[-66.11913,-26.37697],[-66.12115,-26.27608],[-66.09814,-26.25158],[-66.09976,-26.22049]]]},"properties":{"fid":11,"OBJECTID":437,"Entidad":0,"Objeto":"Provincia","FNA":"Provincia de Catamarca","GNA":"Provincia","NAM":"Catamarca","SAG":"IGN","FDC":"Geografía","IN1":"10","SHAPE_STAr":9.25694486638,"SHAPE_STLe":21.7060822144,"argentina_population_2022":429556}},{"type":"Feature","geometry":{"type":"Polygon","coordinates":[[[-64.49532,-26.21937],[-64.51092,-26.21447],[-64.51857,-26.22408],[-64.54157,-26.21942],[-64.56415,-26.22693],[-64.57958,-26.21818],[-64.5993,-26.23069],[-64.60798,-26.22585],[-64.6143,-26.23334],[-64.62205,-26.22452],[-64.66779,-26.24272],[-64.71228,-26.23556],[-64.73215,-26.24156],[-64.75907,-26.22399],[-64.79041,-26.22372],[-64.81593,-26.23134],[-64.82277,-26.24269],[-64.84532,-26.2386],[-64.87344,-26.27492],[-64.95118,-26.30685],[-64.96093,-26.30398],[-64.97252,-26.27438],[-65.03951,-26.29033],[-65.03224,-26.27218],[-65.04635,-26.26455],[-65.04072,-26.22993],[-65.22535,-26.19051],[-65.22269,-26.18443],[-65.27577,-26.17138],[-65.29383,-26.12684],[-65.29791,-26.08174],[-65.31542,-26.08256],[-65.32643,-26.06825],[-65.36108,-26.05829],[-65.42456,-26.10901],[-65.45847,-26.10308],[-65.4654,-26.09128],[-65.52161,-26.09534],[-65.54815,-26.08753],[-65.61363,-26.12347],[-65.62997,-26.12336],[-65.64006,-26.11104],[-65.68851,-26.11726],[-65.69995,-26.15635],[-65.69206,-26.1647],[-65.69519,-26.18587],[-65.7119,-26.20836],[-65.70283,-26.24164],[-65.72275,-26.2798],[-65.70728,-26.29591],[-65.72303,-26.31271],[-65.71145,-26.3287],[-65.71776,-26.35247],[-66.04011,-26.2509],[-66.09976,-26.22049],[-66.09814,-26.25158],[-66.12115,-26.27608],[-66.11913,-26.37697],[-66.12651,-26.3891],[-66.15577,-26.39731],[-66.15484,-26.44367],[-66.17766,-26.47167],[-66.16446,-26.5026],[-66.17255,-26.51057],[-66.16493,-26.53651],[-66.17612,-26.57779],[-66.16748,-26.60133],[-66.17124,-26.63121],[-66.04219,-26.60037],[-65.83016,-26.74422],[-65.85386,-26.75966],[-65.86585,-26.7955],[-65.88145,-26.80617],[-65.87442,-26.81822],[-65.90048,-26.86379],[-65.85764,-26.90127],[-65.85779,-26.9292],[-65.87489,-26.93291],[-65.89119,-26.97515],[-65.9138,-26.98264],[-65.91712,-27.01488],[-65.96431,-27.0331],[-65.98971,-27.10484],[-66.01991,-27.11351],[-66.05474,-27.14415],[-66.06947,-27.18858],[-66.08242,-27.19834],[-66.07791,-27.20919],[-66.11031,-27.21579],[-66.14082,-27.26105],[-66.02751,-27.29875],[-65.97197,-27.33293],[-65.96478,-27.38453],[-65.97442,-27.41486],[-65.968,-27.42938],[-65.97573,-27.49351],[-65.96586,-27.54359],[-65.95027,-27.5618],[-65.95467,-27.57643],[-65.9154,-27.66914],[-65.87542,-27.67247],[-65.86549,-27.68901],[-65.82884,-27.81417],[-65.83231,-27.85119],[-65.81498,-27.8269],[-65.82069,-27.82035],[-65.79464,-27.80661],[-65.79928,-27.78722],[-65.75324,-27.76997],[-65.72135,-27.79751],[-65.7198,-27.81607],[-65.70391,-27.80809],[-65.69886,-27.8896],[-65.67471,-27.9285],[-65.66627,-27.97323],[-65.61749,-27.97169],[-65.61226,-27.99113],[-65.57655,-28.01368],[-65.56234,-28.00821],[-65.54068,-27.97328],[-65.52789,-27.97244],[-65.50731,-27.92908],[-65.37038,-27.84597],[-65.1708,-27.94646],[-65.17823,-27.91602],[-65.16948,-27.91743],[-65.15907,-27.8772],[-65.10714,-27.89316],[-65.03897,-27.87924],[-65.01648,-27.79114],[-65.02814,-27.75271],[-64.98602,-27.74165],[-65.02711,-27.58714],[-65.01095,-27.56176],[-64.99168,-27.57128],[-64.96622,-27.55129],[-64.96812,-27.50537],[-65.00887,-27.48371],[-64.97429,-27.35062],[-64.93752,-27.35788],[-64.93437,-27.34443],[-64.85406,-27.31731],[-64.81119,-27.14867],[-64.79846,-27.15057],[-64.76698,-27.01429],[-64.75365,-27.01666],[-64.75027,-27.00303],[-64.74259,-27.00441],[-64.7072,-26.81951],[-64.67757,-26.82451],[-64.67262,-26.79401],[-64.61789,-26.80269],[-64.58752,-26.65812],[-64.49876,-26.67347],[-64.5089,-26.549],[-64.52139,-26.54382],[-64.51734,-26.48646],[-64.53439,-26.41061],[-64.52137,-26.35303],[-64.48199,-26.30684],[-64.50228,-26.23901],[-64.49532,-26.21937]]]},"properties":{"fid":12,"OBJECTID":438,"Entidad":0,"Objeto":"Provincia","FNA":"Provincia de Tucumán","GNA":"Provincia","NAM":"Tucumán","SAG":"IGN","FDC":"Geografía","IN1":"90","SHAPE_STAr":2.05338789856,"SHAPE_STLe":8.40337286742,"argentina_population_2022":1694656}},{"type":"Feature","geometry":{"type":"Polygon","coordinates":[[[-65.18657,-22.08535],[-65.47329,-22.08859],[-65.48381,-22.09577],[-65.57465,-22.0762],[-65.58901,-22.09858],[-65.60674,-22.0945],[-65.6753,-22.1116],[-65.71539,-22.09735],[-65.74826,-22.10915],[-65.80484,-22.07525],[-65.92478,-21.93355],[-66.04817,-21.91902],[-66.04328,-21.87194],[-66.07631,-21.83498],[-66.22098,-21.78086],[-66.2411,-21.78889],[-66.23593,-21.85232],[-66.25086,-21.90153],[-66.26031,-21.90614],[-66.26083,-21.93622],[-66.27464,-21.94442],[-66.272,-21.96686],[-66.28381,-21.98647],[-66.27764,-22.0237],[-66.29239,-22.03461],[-66.29186,-22.0517],[-66.28358,-22.05043],[-66.29309,-22.06215],[-66.28425,-22.06836],[-66.2886,-22.08695],[-66.30771,-22.09464],[-66.31738,-22.08478],[-66.32554,-22.08832],[-66.33164,-22.11826],[-66.34794,-22.1199],[-66.34775,-22.12803],[-66.62317,-22.19738],[-66.63825,-22.22549],[-66.68625,-22.20954],[-66.73928,-22.23846],[-66.76158,-22.34591],[-66.78431,-22.40177],[-66.78247,-22.43808],[-66.92856,-22.49223],[-66.97294,-22.54066],[-67.02725,-22.54088],[-67.01408,-22.65481],[-67.12775,-22.72211],[-67.1805,-22.81413],[-66.9905,-23.00001],[-67.21305,-23.69492],[-66.99284,-23.88991],[-66.94112,-23.98404],[-66.91515,-23.97024],[-66.88064,-23.97439],[-66.87991,-23.99385],[-66.83737,-24.07074],[-66.79737,-24.09637],[-66.74574,-24.08923],[-66.72646,-24.12231],[-66.67864,-24.14206],[-66.64628,-24.17251],[-66.59083,-24.18798],[-66.55871,-24.18727],[-66.54363,-24.20764],[-66.50349,-24.19781],[-66.48336,-24.213],[-66.46901,-24.19845],[-66.47876,-24.18346],[-66.44566,-24.16473],[-66.42249,-24.16395],[-66.41425,-24.12868],[-66.38178,-24.12778],[-66.36229,-24.08736],[-66.3705,-24.08007],[-66.37018,-24.05009],[-66.35054,-24.02368],[-66.35334,-23.99864],[-66.33945,-23.98435],[-66.36288,-23.98346],[-66.36814,-23.9719],[-66.35329,-23.89034],[-66.38005,-23.83904],[-66.37202,-23.8219],[-66.3533,-23.82526],[-66.37686,-23.75022],[-66.36758,-23.73309],[-66.36758,-23.69462],[-66.35741,-23.67381],[-66.33813,-23.66899],[-66.33034,-23.65661],[-66.33549,-23.62851],[-66.31749,-23.60754],[-66.31113,-23.56138],[-66.28364,-23.5747],[-66.26491,-23.56625],[-66.23962,-23.49246],[-66.21933,-23.48526],[-66.18292,-23.43845],[-66.18429,-23.41461],[-66.16375,-23.41544],[-66.11257,-23.43442],[-66.08924,-23.45926],[-66.0112,-23.50878],[-65.98722,-23.50965],[-66.00812,-23.80477],[-66.02193,-23.86171],[-66.01096,-23.8984],[-66.01655,-23.91808],[-65.99917,-23.93647],[-65.99257,-23.97996],[-65.94201,-23.96746],[-65.94755,-24.00716],[-65.86737,-24.00333],[-65.80452,-24.03302],[-65.78663,-24.05538],[-65.74627,-24.06244],[-65.75173,-24.07381],[-65.73335,-24.08401],[-65.72086,-24.10934],[-65.73077,-24.14421],[-65.71543,-24.16694],[-65.72502,-24.186],[-65.67084,-24.25293],[-65.68269,-24.30772],[-65.65591,-24.3551],[-65.65633,-24.37742],[-65.62136,-24.38177],[-65.60015,-24.41704],[-65.57127,-24.42225],[-65.54042,-24.45152],[-65.52042,-24.44632],[-65.50633,-24.45542],[-65.49973,-24.43432],[-65.46429,-24.43058],[-65.43466,-24.46218],[-65.42529,-24.45045],[-65.35884,-24.46132],[-65.35354,-24.49092],[-65.31731,-24.50234],[-65.28679,-24.49068],[-65.22927,-24.48622],[-65.22765,-24.46756],[-65.19412,-24.45986],[-65.10516,-24.52304],[-65.07967,-24.56218],[-64.99675,-24.57622],[-64.92741,-24.59977],[-64.89694,-24.59199],[-64.88371,-24.57188],[-64.89347,-24.56089],[-64.87941,-24.52694],[-64.88548,-24.52085],[-64.87713,-24.50037],[-64.8619,-24.49402],[-64.85622,-24.47033],[-64.84198,-24.46736],[-64.7706,-24.5042],[-64.7554,-24.52329],[-64.72583,-24.5299],[-64.70446,-24.56343],[-64.68051,-24.57619],[-64.67417,-24.60387],[-64.64755,-24.61336],[-64.59386,-24.58343],[-64.56013,-24.57723],[-64.53576,-24.50762],[-64.5,-24.50637],[-64.48188,-24.46512],[-64.45537,-24.46304],[-64.4363,-24.44266],[-64.42165,-24.40221],[-64.31834,-24.42716],[-64.29779,-24.40525],[-64.28878,-24.40712],[-64.25198,-24.36417],[-64.2524,-24.34443],[-64.22313,-24.32937],[-64.21666,-24.30862],[-64.19263,-24.28578],[-64.16184,-24.22106],[-64.17504,-24.21493],[-64.15077,-24.13641],[-64.161,-24.07061],[-64.15706,-23.51804],[-64.35705,-23.51792],[-64.39708,-23.57342],[-64.38843,-23.58033],[-64.39676,-23.61213],[-64.44497,-23.64009],[-64.44836,-23.62742],[-64.46613,-23.62126],[-64.45747,-23.61144],[-64.47896,-23.60851],[-64.49562,-23.56726],[-64.53483,-23.5384],[-64.53256,-23.52136],[-64.5439,-23.524],[-64.568,-23.50716],[-64.58605,-23.51218],[-64.61462,-23.49232],[-64.65769,-23.48317],[-64.68253,-23.45243],[-64.73843,-23.46762],[-64.73943,-23.47894],[-64.76115,-23.47566],[-64.78748,-23.49616],[-64.84087,-23.4844],[-64.84504,-23.49725],[-64.86422,-23.48496],[-64.87336,-23.47874],[-64.86844,-23.44742],[-64.89487,-23.44044],[-64.90667,-23.42379],[-64.91053,-23.40082],[-64.89242,-23.35945],[-64.90467,-23.35427],[-64.89968,-23.33541],[-64.91018,-23.31081],[-64.92835,-23.30103],[-64.94728,-23.26915],[-64.96464,-23.28611],[-65.01011,-23.28511],[-65.01888,-23.26265],[-65.03591,-23.25244],[-65.03865,-23.2269],[-65.07197,-23.22032],[-65.07174,-23.20191],[-65.04502,-23.15574],[-65.0717,-23.13765],[-65.06221,-23.11878],[-65.06683,-23.04726],[-65.13376,-23.00188],[-65.18891,-22.99815],[-65.18748,-22.9718],[-65.2017,-22.96924],[-65.19902,-22.95806],[-65.21824,-22.95895],[-65.25169,-22.92796],[-65.24923,-22.89048],[-65.25256,-22.87495],[-65.26279,-22.874],[-65.27423,-22.79011],[-65.30199,-22.76502],[-65.29741,-22.74036],[-65.30606,-22.7304],[-65.27166,-22.64823],[-65.35069,-22.60226],[-65.34712,-22.5201],[-65.30569,-22.46662],[-65.26273,-22.33826],[-65.22661,-22.32015],[-65.2403,-22.27925],[-65.22048,-22.16959],[-65.21379,-22.15001],[-65.19406,-22.14473],[-65.18657,-22.08535]]]},"properties":{"fid":13,"OBJECTID":439,"Entidad":0,"Objeto":"Provincia","FNA":"Provincia de Jujuy","GNA":"Provincia","NAM":"Jujuy","SAG":"IGN","FDC":"Geografía","IN1":"38","SHAPE_STAr":4.70083616412,"SHAPE_STLe":13.8947547895,"argentina_population_2022":797955}},{"type":"Feature","geometry":{"type":"Polygon","coordinates":[[[-58.37735,-26.87223],[-58.38869,-26.86922],[-58.37971,-26.85643],[-58.39661,-26.86048],[-58.40065,-26.83121],[-58.40684,-26.84572],[-58.41421,-26.84263],[-58.40922,-26.8343],[-58.42421,-26.83478],[-58.42778,-26.82478],[-58.44634,-26.83192],[-58.44515,-26.81836],[-58.47775,-26.82455],[-58.46751,-26.80027],[-58.4856,-26.80599],[-58.48726,-26.78433],[-58.4975,-26.78933],[-58.50725,-26.77315],[-58.49964,-26.76149],[-58.51582,-26.76625],[-58.52129,-26.75697],[-58.53295,-26.75792],[-58.53426,-26.73822],[-58.54539,-26.75159],[-58.55797,-26.72903],[-58.5665,-26.73127],[-58.57218,-26.68752],[-58.611,-26.68149],[-58.62815,-26.66233],[-58.65318,-26.65942],[-58.68039,-26.64268],[-58.68942,-26.59415],[-58.70101,-26.58994],[-58.72013,-26.60205],[-58.74438,-26.60265],[-58.77228,-26.53692],[-58.79503,-26.53652],[-58.79226,-26.51942],[-58.84561,-26.51922],[-58.86575,-26.47508],[-58.90981,-26.46256],[-58.91486,-26.44514],[-58.94197,-26.43066],[-58.95556,-26.39988],[-58.98571,-26.38],[-59.00273,-26.37415],[-59.02408,-26.38122],[-59.0429,-26.36535],[-59.06847,-26.37423],[-59.09139,-26.35014],[-59.10185,-26.35152],[-59.09807,-26.34324],[-59.12861,-26.34417],[-59.11563,-26.32558],[-59.13242,-26.33117],[-59.15387,-26.31686],[-59.1372,-26.30764],[-59.14612,-26.29998],[-59.18196,-26.30472],[-59.19259,-26.32973],[-59.20368,-26.32682],[-59.22957,-26.34306],[-59.25754,-26.34135],[-59.25637,-26.35164],[-59.27766,-26.34977],[-59.29755,-26.3358],[-59.31112,-26.33943],[-59.31299,-26.31895],[-59.33347,-26.33571],[-59.34386,-26.32779],[-59.35751,-26.33797],[-59.38597,-26.30454],[-59.40329,-26.29948],[-59.38395,-26.29511],[-59.38464,-26.28054],[-59.39607,-26.27378],[-59.38131,-26.26172],[-59.39793,-26.25862],[-59.39455,-26.24764],[-59.41586,-26.22216],[-59.4103,-26.2071],[-59.42889,-26.19881],[-59.41874,-26.19617],[-59.42066,-26.1783],[-59.40879,-26.17913],[-59.4383,-26.14913],[-59.45513,-26.14781],[-59.45618,-26.1602],[-59.46497,-26.15059],[-59.47577,-26.16173],[-59.48934,-26.15543],[-59.4945,-26.16259],[-59.49542,-26.15388],[-59.50917,-26.15918],[-59.51948,-26.14292],[-59.53214,-26.15063],[-59.53548,-26.14132],[-59.54733,-26.14257],[-59.54732,-26.15086],[-59.56718,-26.14891],[-59.58599,-26.14359],[-59.5767,-26.13915],[-59.58477,-26.12183],[-59.59721,-26.13096],[-59.60586,-26.11463],[-59.60887,-26.12371],[-59.61998,-26.11721],[-59.64525,-26.12148],[-59.62625,-26.13434],[-59.66046,-26.1434],[-59.64927,-26.11945],[-59.6783,-26.115],[-59.67427,-26.09612],[-59.68251,-26.08949],[-59.66361,-26.06246],[-59.66398,-26.05385],[-59.67003,-26.06158],[-59.67864,-26.05413],[-59.66872,-26.04662],[-59.67837,-26.03799],[-59.66818,-26.02492],[-59.68543,-26.0094],[-59.66987,-26.01144],[-59.67117,-26.0033],[-59.70228,-26.00046],[-59.70779,-26.00978],[-59.70806,-25.99632],[-59.72509,-25.99976],[-59.72787,-25.97015],[-59.74081,-25.97555],[-59.75143,-25.96324],[-59.74357,-25.94952],[-59.75452,-25.95563],[-59.74761,-25.94332],[-59.75793,-25.93798],[-59.75346,-25.92072],[-59.76864,-25.92568],[-59.76457,-25.916],[-59.78828,-25.90971],[-59.78118,-25.89668],[-59.78922,-25.90302],[-59.80435,-25.89827],[-59.80185,-25.89206],[-59.8268,-25.88994],[-59.81572,-25.88443],[-59.82716,-25.86964],[-59.83613,-25.87598],[-59.84368,-25.85605],[-59.87134,-25.8458],[-59.85921,-25.83803],[-59.86957,-25.83541],[-59.87721,-25.84509],[-59.8767,-25.80115],[-59.90397,-25.79878],[-59.90774,-25.78457],[-59.92554,-25.79079],[-59.93333,-25.78291],[-59.91902,-25.77753],[-59.93061,-25.76601],[-59.94395,-25.77647],[-59.94633,-25.76357],[-59.96763,-25.77194],[-59.96501,-25.75067],[-59.9762,-25.75952],[-59.98613,-25.74855],[-59.98089,-25.73839],[-59.99473,-25.73481],[-59.98049,-25.72191],[-60.01267,-25.73554],[-60.01886,-25.71368],[-60.03376,-25.7175],[-60.02084,-25.7027],[-60.02756,-25.69398],[-60.04483,-25.69589],[-60.04021,-25.68383],[-60.09449,-25.67138],[-60.13716,-25.65069],[-60.13834,-25.64245],[-60.17287,-25.65388],[-60.1892,-25.64812],[-60.18154,-25.63428],[-60.199,-25.60071],[-60.21994,-25.59977],[-60.21358,-25.57847],[-60.23989,-25.55772],[-60.22297,-25.52567],[-60.22669,-25.50271],[-60.23844,-25.49997],[-60.22826,-25.48014],[-60.24403,-25.46917],[-60.2547,-25.47464],[-60.26109,-25.46075],[-60.28126,-25.4667],[-60.28263,-25.43315],[-60.33591,-25.39292],[-60.32253,-25.37602],[-60.31494,-25.39287],[-60.30764,-25.39166],[-60.31913,-25.3641],[-60.33448,-25.37905],[-60.34509,-25.37735],[-60.3414,-25.36147],[-60.35547,-25.36006],[-60.34844,-25.33857],[-60.38398,-25.32386],[-60.39684,-25.33127],[-60.40738,-25.30847],[-60.41353,-25.32137],[-60.41952,-25.31795],[-60.44869,-25.25896],[-60.48714,-25.23532],[-60.48349,-25.22199],[-60.49899,-25.21584],[-60.52965,-25.17178],[-60.54695,-25.16706],[-60.55113,-25.19344],[-60.61174,-25.16036],[-60.62476,-25.16639],[-60.6094,-25.1742],[-60.62206,-25.17751],[-60.64124,-25.1639],[-60.66318,-25.16253],[-60.65249,-25.15266],[-60.67084,-25.14781],[-60.65794,-25.111],[-60.72145,-25.12521],[-60.72471,-25.11531],[-60.73817,-25.11454],[-60.73991,-25.09135],[-60.75203,-25.1006],[-60.76573,-25.09026],[-60.75445,-25.06763],[-60.80714,-25.06497],[-60.81244,-25.07353],[-60.83466,-25.04379],[-60.82673,-25.03333],[-60.87424,-25.03496],[-60.87498,-25.01971],[-60.89663,-25.02062],[-60.91218,-25.00709],[-60.93196,-25.01313],[-60.9251,-25.00377],[-60.94158,-24.99127],[-60.92085,-24.98049],[-60.94274,-24.98064],[-60.93901,-24.96015],[-60.94828,-24.95721],[-60.95352,-24.97265],[-60.96397,-24.94839],[-60.99802,-24.93397],[-60.99419,-24.91638],[-61.02222,-24.92079],[-61.01715,-24.90982],[-61.03043,-24.90262],[-61.02884,-24.88867],[-61.04638,-24.89912],[-61.04709,-24.89016],[-61.0751,-24.8727],[-61.07379,-24.85641],[-61.09329,-24.84848],[-61.10072,-24.82484],[-61.10742,-24.83484],[-61.14297,-24.80899],[-61.14808,-24.79263],[-61.13767,-24.78532],[-61.15266,-24.78699],[-61.16036,-24.77086],[-61.14784,-24.7552],[-61.15608,-24.74021],[-61.17385,-24.73357],[-61.1574,-24.70972],[-61.18364,-24.72108],[-61.20807,-24.69803],[-61.20157,-24.65579],[-61.23205,-24.63968],[-61.24577,-24.64956],[-61.26225,-24.61997],[-61.27413,-24.63888],[-61.29445,-24.62571],[-61.34184,-24.63946],[-61.36419,-24.61951],[-61.37548,-24.64158],[-61.38273,-24.61276],[-61.42751,-24.61807],[-61.44662,-24.60497],[-61.46106,-24.61088],[-61.52396,-24.53926],[-61.525,-24.51318],[-61.56226,-24.50265],[-61.55494,-24.48519],[-61.57634,-24.49516],[-61.59311,-24.48411],[-61.58448,-24.43999],[-61.60637,-24.45035],[-61.61001,-24.42368],[-61.62836,-24.42209],[-61.64706,-24.43383],[-61.69757,-24.41341],[-61.71253,-24.37986],[-61.71101,-24.37012],[-61.69248,-24.36766],[-61.7325,-24.35846],[-61.72631,-24.34217],[-61.71486,-24.34051],[-61.71988,-24.33605],[-61.7437,-24.33936],[-61.77172,-24.3119],[-61.78534,-24.31669],[-61.7939,-24.3343],[-61.81347,-24.31361],[-61.84801,-24.32198],[-61.84365,-24.30546],[-61.87932,-24.30732],[-61.88682,-24.27377],[-61.90852,-24.30676],[-61.92026,-24.2839],[-61.90401,-24.27777],[-61.90784,-24.25943],[-61.93391,-24.27301],[-61.96485,-24.231],[-61.98465,-24.22709],[-61.98526,-24.24684],[-62.00761,-24.23295],[-62.04208,-24.23724],[-62.05689,-24.21239],[-62.08758,-24.23204],[-62.07643,-24.2013],[-62.13761,-24.21739],[-62.13832,-24.18749],[-62.1627,-24.19713],[-62.18225,-24.19365],[-62.16557,-24.17347],[-62.22421,-24.14218],[-62.31534,-24.11862],[-62.31153,-24.10125],[-62.32153,-24.08745],[-62.33385,-24.08666],[-62.34187,-24.10794],[-62.34173,-24.39247],[-63.42247,-25.64903],[-61.71113,-25.65467],[-61.71119,-26.82341],[-61.71126,-27.99942],[-60.21674,-27.99943],[-58.88392,-27.99944],[-58.89369,-28.03527],[-58.88082,-28.06683],[-58.85973,-28.05032],[-58.85774,-28.01161],[-58.83206,-27.97383],[-58.84489,-27.88557],[-58.80971,-27.78341],[-58.81878,-27.68118],[-58.8355,-27.64664],[-58.88275,-27.60852],[-58.87102,-27.57127],[-58.8814,-27.49789],[-58.80864,-27.42372],[-58.78101,-27.38178],[-58.74556,-27.38224],[-58.66879,-27.35909],[-58.61649,-27.31863],[-58.61879,-27.30531],[-58.59316,-27.25808],[-58.59248,-27.22903],[-58.66163,-27.18658],[-58.65221,-27.13056],[-58.62571,-27.11388],[-58.5549,-27.10891],[-58.55964,-27.03759],[-58.52714,-27.03747],[-58.51127,-27.06226],[-58.49859,-27.04507],[-58.51943,-27.00195],[-58.46981,-27.00007],[-58.48779,-26.94925],[-58.48414,-26.93535],[-58.38489,-26.89219],[-58.37735,-26.87223]]]},"properties":{"fid":14,"OBJECTID":440,"Entidad":0,"Objeto":"Provincia","FNA":"Provincia del Chaco","GNA":"Provincia","NAM":"Chaco","SAG":"IGN","FDC":"Geografía","IN1":"22","SHAPE_STAr":9.02488881377,"SHAPE_STLe":19.2394191953,"argentina_population_2022":1142963}},{"type":"Feature","geometry":{"type":"Polygon","coordinates":[[[-58.37735,-26.87223],[-58.37021,-26.86427],[-58.32527,-26.86967],[-58.3179,-26.85273],[-58.33486,-26.80956],[-58.30705,-26.80836],[-58.28398,-26.79539],[-58.29335,-26.75776],[-58.26474,-26.76267],[-58.248,-26.75462],[-58.26022,-26.64509],[-58.24566,-26.64229],[-58.21511,-26.65491],[-58.1913,-26.64635],[-58.2102,-26.62213],[-58.19409,-26.5978],[-58.1998,-26.56051],[-58.22493,-26.53607],[-58.20746,-26.49844],[-58.2336,-26.47354],[-58.22862,-26.46462],[-58.1809,-26.4574],[-58.2185,-26.41783],[-58.22173,-26.3995],[-58.21045,-26.37897],[-58.15967,-26.34882],[-58.15436,-26.3139],[-58.16716,-26.29163],[-58.16383,-26.26437],[-58.10954,-26.24095],[-58.10423,-26.22989],[-58.10746,-26.21769],[-58.15901,-26.18119],[-58.11966,-26.1865],[-58.11864,-26.15435],[-58.09093,-26.11628],[-58.0154,-26.10167],[-57.94641,-26.06602],[-57.91951,-26.03233],[-57.85476,-26.00846],[-57.85401,-25.98744],[-57.8953,-25.96071],[-57.87897,-25.93227],[-57.83677,-25.9156],[-57.83922,-25.90224],[-57.86304,-25.8822],[-57.85847,-25.858],[-57.81627,-25.84741],[-57.79656,-25.82485],[-57.82655,-25.75444],[-57.77356,-25.75761],[-57.72712,-25.71504],[-57.73202,-25.7078],[-57.75842,-25.70996],[-57.76665,-25.70013],[-57.74278,-25.65188],[-57.71993,-25.64634],[-57.67807,-25.66107],[-57.67059,-25.65176],[-57.67498,-25.597],[-57.65934,-25.59568],[-57.63735,-25.61425],[-57.61685,-25.61607],[-57.60457,-25.56879],[-57.58041,-25.56942],[-57.57265,-25.55605],[-57.57971,-25.51253],[-57.5606,-25.45271],[-57.59652,-25.40106],[-57.64235,-25.38336],[-57.68572,-25.32938],[-57.70285,-25.3222],[-57.69787,-25.30882],[-57.70723,-25.30006],[-57.69445,-25.28597],[-57.7051,-25.29173],[-57.71184,-25.27305],[-57.72243,-25.27753],[-57.71821,-25.2656],[-57.73011,-25.2575],[-57.72268,-25.25305],[-57.7291,-25.24648],[-57.74103,-25.25325],[-57.73568,-25.23464],[-57.7483,-25.23521],[-57.74421,-25.22835],[-57.75906,-25.22027],[-57.74862,-25.20674],[-57.75881,-25.1866],[-57.7535,-25.17647],[-57.76844,-25.17291],[-57.78023,-25.15251],[-57.79176,-25.15545],[-57.80723,-25.1423],[-57.81297,-25.14783],[-57.82635,-25.13065],[-57.83701,-25.13143],[-57.86113,-25.08159],[-57.88401,-25.07558],[-57.89588,-25.0836],[-57.90622,-25.07339],[-57.93103,-25.0781],[-57.94177,-25.07168],[-57.9526,-25.08059],[-57.95643,-25.07288],[-57.97128,-25.07725],[-57.97537,-25.08627],[-57.99071,-25.08179],[-58.00574,-25.03506],[-58.06867,-25.04571],[-58.09058,-25.00875],[-58.11315,-25.01963],[-58.13716,-25.01168],[-58.13755,-24.98879],[-58.15311,-24.98191],[-58.14978,-24.97521],[-58.19347,-24.96803],[-58.202,-24.94966],[-58.22444,-24.94203],[-58.22465,-24.92711],[-58.25536,-24.93186],[-58.33368,-25.00002],[-58.34832,-24.97173],[-58.39137,-24.95302],[-58.40834,-24.92306],[-58.42863,-24.92344],[-58.43002,-24.8933],[-58.4737,-24.86091],[-58.49746,-24.85796],[-58.5109,-24.84351],[-58.52618,-24.85082],[-58.55047,-24.82773],[-58.57358,-24.82103],[-58.61103,-24.83112],[-58.64866,-24.82453],[-58.6735,-24.83151],[-58.68875,-24.81018],[-58.70857,-24.81052],[-58.72699,-24.77433],[-58.74344,-24.78088],[-58.80736,-24.77241],[-58.84619,-24.73746],[-58.86525,-24.7287],[-58.8788,-24.733],[-58.90338,-24.70476],[-58.97297,-24.66206],[-59.02388,-24.6601],[-59.07983,-24.62128],[-59.12781,-24.61795],[-59.18554,-24.56364],[-59.24128,-24.54606],[-59.2576,-24.51968],[-59.29345,-24.51549],[-59.31994,-24.492],[-59.35049,-24.48305],[-59.3741,-24.42187],[-59.42128,-24.40888],[-59.4256,-24.39586],[-59.4566,-24.37351],[-59.47591,-24.33114],[-60.03901,-24.01166],[-60.07286,-24.01123],[-60.0912,-24.02474],[-60.10323,-24.01999],[-60.11979,-24.03255],[-60.17753,-24.04402],[-60.29507,-24.04143],[-60.3355,-24.0216],[-60.37423,-24.02372],[-60.38951,-23.99495],[-60.47779,-23.95094],[-60.50966,-23.97086],[-60.55231,-23.9665],[-60.56139,-23.95485],[-60.58993,-23.95884],[-60.58002,-23.953],[-60.59276,-23.94304],[-60.59493,-23.921],[-60.58736,-23.91702],[-60.60349,-23.9167],[-60.60051,-23.91008],[-60.61282,-23.90382],[-60.64783,-23.90859],[-60.68418,-23.89483],[-60.69421,-23.90259],[-60.71407,-23.88197],[-60.73304,-23.88436],[-60.74297,-23.87272],[-60.84734,-23.87155],[-60.85776,-23.8492],[-60.86653,-23.85362],[-60.93234,-23.80071],[-60.94438,-23.8018],[-60.93845,-23.80789],[-60.95383,-23.80998],[-60.95895,-23.82057],[-60.96495,-23.80863],[-60.98681,-23.81287],[-61.0204,-23.77263],[-61.01514,-23.75825],[-61.03999,-23.74302],[-61.05855,-23.70548],[-61.06557,-23.70731],[-61.08672,-23.67986],[-61.08114,-23.6709],[-61.09518,-23.66666],[-61.0905,-23.63905],[-61.10115,-23.62698],[-61.08951,-23.61386],[-61.12119,-23.59607],[-61.12189,-23.5849],[-61.13192,-23.59801],[-61.13017,-23.5785],[-61.1466,-23.58021],[-61.15516,-23.57293],[-61.14556,-23.57043],[-61.16495,-23.56668],[-61.17657,-23.54754],[-61.19537,-23.54997],[-61.18974,-23.54067],[-61.21512,-23.55175],[-61.2469,-23.5408],[-61.26315,-23.51633],[-61.27761,-23.51699],[-61.27379,-23.50619],[-61.28392,-23.50042],[-61.2921,-23.50929],[-61.28086,-23.48867],[-61.29267,-23.49543],[-61.31786,-23.47005],[-61.34657,-23.46394],[-61.35207,-23.44995],[-61.37642,-23.45757],[-61.38466,-23.44725],[-61.38466,-23.45901],[-61.4011,-23.44518],[-61.41965,-23.4472],[-61.44949,-23.41905],[-61.49412,-23.42444],[-61.52221,-23.37727],[-61.51496,-23.35215],[-61.56656,-23.33938],[-61.57295,-23.30403],[-61.58912,-23.30512],[-61.60685,-23.28381],[-61.63515,-23.28285],[-61.63666,-23.27543],[-61.6708,-23.28452],[-61.66307,-23.27665],[-61.68141,-23.27369],[-61.70903,-23.2433],[-61.7349,-23.23575],[-61.73466,-23.19946],[-61.75442,-23.17109],[-61.77513,-23.16208],[-61.79343,-23.16523],[-61.792,-23.1549],[-61.8066,-23.15699],[-61.81826,-23.1271],[-61.83074,-23.12568],[-61.86056,-23.08572],[-61.87265,-23.09313],[-61.87773,-23.08244],[-61.88816,-23.08721],[-61.89183,-23.06963],[-61.89686,-23.07563],[-61.93473,-23.06769],[-61.94006,-23.04654],[-61.95534,-23.04851],[-61.95161,-23.03376],[-61.98278,-23.0229],[-61.98947,-23.00292],[-61.99712,-23.01018],[-61.9925,-22.99203],[-62.00595,-22.98847],[-61.99462,-22.97753],[-61.99677,-22.96608],[-62.01038,-22.97569],[-61.99595,-22.95153],[-61.9996,-22.92958],[-62.02482,-22.92771],[-62.02164,-22.9083],[-62.04055,-22.86942],[-62.07217,-22.84667],[-62.09524,-22.80614],[-62.1082,-22.81953],[-62.11557,-22.79491],[-62.13963,-22.78072],[-62.13459,-22.77147],[-62.14729,-22.7648],[-62.13856,-22.76162],[-62.16253,-22.75301],[-62.16109,-22.7325],[-62.18591,-22.70426],[-62.19503,-22.71507],[-62.20095,-22.70696],[-62.19971,-22.69417],[-62.17722,-22.69361],[-62.18629,-22.67869],[-62.20102,-22.68366],[-62.2036,-22.66187],[-62.19251,-22.65334],[-62.18896,-22.62255],[-62.20775,-22.64572],[-62.22574,-22.62264],[-62.24198,-22.62874],[-62.23579,-22.61573],[-62.25145,-22.61249],[-62.25358,-22.60047],[-62.26379,-22.60358],[-62.23323,-22.56986],[-62.2341,-22.54433],[-62.2549,-22.53162],[-62.25043,-22.51699],[-62.28092,-22.51143],[-62.28654,-22.52314],[-62.2902,-22.47461],[-62.30902,-22.48673],[-62.32732,-22.48431],[-62.3423,-22.46084],[-62.34187,-24.10794],[-62.33385,-24.08666],[-62.32153,-24.08745],[-62.31153,-24.10125],[-62.31534,-24.11862],[-62.22421,-24.14218],[-62.16557,-24.17347],[-62.18225,-24.19365],[-62.1627,-24.19713],[-62.13832,-24.18749],[-62.13761,-24.21739],[-62.07643,-24.2013],[-62.08758,-24.23204],[-62.05689,-24.21239],[-62.04208,-24.23724],[-62.00761,-24.23295],[-61.98526,-24.24684],[-61.98465,-24.22709],[-61.96485,-24.231],[-61.93391,-24.27301],[-61.90784,-24.25943],[-61.90401,-24.27777],[-61.92026,-24.2839],[-61.90852,-24.30676],[-61.88682,-24.27377],[-61.87932,-24.30732],[-61.84365,-24.30546],[-61.84801,-24.32198],[-61.81347,-24.31361],[-61.7939,-24.3343],[-61.78534,-24.31669],[-61.77172,-24.3119],[-61.7437,-24.33936],[-61.71988,-24.33605],[-61.71486,-24.34051],[-61.72631,-24.34217],[-61.7325,-24.35846],[-61.69248,-24.36766],[-61.71101,-24.37012],[-61.71253,-24.37986],[-61.69757,-24.41341],[-61.64706,-24.43383],[-61.62836,-24.42209],[-61.61001,-24.42368],[-61.60637,-24.45035],[-61.58448,-24.43999],[-61.59311,-24.48411],[-61.57634,-24.49516],[-61.55494,-24.48519],[-61.56226,-24.50265],[-61.525,-24.51318],[-61.52396,-24.53926],[-61.46106,-24.61088],[-61.44662,-24.60497],[-61.42751,-24.61807],[-61.38273,-24.61276],[-61.37548,-24.64158],[-61.36419,-24.61951],[-61.34184,-24.63946],[-61.29445,-24.62571],[-61.27413,-24.63888],[-61.26225,-24.61997],[-61.24577,-24.64956],[-61.23205,-24.63968],[-61.20157,-24.65579],[-61.20807,-24.69803],[-61.18364,-24.72108],[-61.1574,-24.70972],[-61.17385,-24.73357],[-61.15608,-24.74021],[-61.14784,-24.7552],[-61.16036,-24.77086],[-61.15266,-24.78699],[-61.13767,-24.78532],[-61.14808,-24.79263],[-61.14297,-24.80899],[-61.10742,-24.83484],[-61.10072,-24.82484],[-61.09329,-24.84848],[-61.07379,-24.85641],[-61.0751,-24.8727],[-61.04709,-24.89016],[-61.04638,-24.89912],[-61.02884,-24.88867],[-61.03043,-24.90262],[-61.01715,-24.90982],[-61.02222,-24.92079],[-60.99419,-24.91638],[-60.99802,-24.93397],[-60.96397,-24.94839],[-60.95352,-24.97265],[-60.94828,-24.95721],[-60.93901,-24.96015],[-60.94274,-24.98064],[-60.92085,-24.98049],[-60.94158,-24.99127],[-60.9251,-25.00377],[-60.93196,-25.01313],[-60.91218,-25.00709],[-60.89663,-25.02062],[-60.87498,-25.01971],[-60.87424,-25.03496],[-60.82673,-25.03333],[-60.83466,-25.04379],[-60.81244,-25.07353],[-60.80714,-25.06497],[-60.75445,-25.06763],[-60.76573,-25.09026],[-60.75203,-25.1006],[-60.73991,-25.09135],[-60.73817,-25.11454],[-60.72471,-25.11531],[-60.72145,-25.12521],[-60.65794,-25.111],[-60.67084,-25.14781],[-60.65249,-25.15266],[-60.66318,-25.16253],[-60.64124,-25.1639],[-60.62206,-25.17751],[-60.6094,-25.1742],[-60.62476,-25.16639],[-60.61174,-25.16036],[-60.55113,-25.19344],[-60.54695,-25.16706],[-60.52965,-25.17178],[-60.49899,-25.21584],[-60.48349,-25.22199],[-60.48714,-25.23532],[-60.44869,-25.25896],[-60.41952,-25.31795],[-60.41353,-25.32137],[-60.40738,-25.30847],[-60.39684,-25.33127],[-60.38398,-25.32386],[-60.34844,-25.33857],[-60.35547,-25.36006],[-60.3414,-25.36147],[-60.34509,-25.37735],[-60.33448,-25.37905],[-60.31913,-25.3641],[-60.30764,-25.39166],[-60.31494,-25.39287],[-60.32253,-25.37602],[-60.33591,-25.39292],[-60.28263,-25.43315],[-60.28126,-25.4667],[-60.26109,-25.46075],[-60.2547,-25.47464],[-60.24403,-25.46917],[-60.22826,-25.48014],[-60.23844,-25.49997],[-60.22669,-25.50271],[-60.22297,-25.52567],[-60.23989,-25.55772],[-60.21358,-25.57847],[-60.21994,-25.59977],[-60.199,-25.60071],[-60.18154,-25.63428],[-60.1892,-25.64812],[-60.17287,-25.65388],[-60.13834,-25.64245],[-60.13716,-25.65069],[-60.09449,-25.67138],[-60.04021,-25.68383],[-60.04483,-25.69589],[-60.02756,-25.69398],[-60.02084,-25.7027],[-60.03376,-25.7175],[-60.01886,-25.71368],[-60.01267,-25.73554],[-59.98049,-25.72191],[-59.99473,-25.73481],[-59.98089,-25.73839],[-59.98613,-25.74855],[-59.9762,-25.75952],[-59.96501,-25.75067],[-59.96763,-25.77194],[-59.94633,-25.76357],[-59.94395,-25.77647],[-59.93061,-25.76601],[-59.91902,-25.77753],[-59.93333,-25.78291],[-59.92554,-25.79079],[-59.90774,-25.78457],[-59.90397,-25.79878],[-59.8767,-25.80115],[-59.87721,-25.84509],[-59.86957,-25.83541],[-59.85921,-25.83803],[-59.87134,-25.8458],[-59.84368,-25.85605],[-59.83613,-25.87598],[-59.82716,-25.86964],[-59.81572,-25.88443],[-59.8268,-25.88994],[-59.80185,-25.89206],[-59.80435,-25.89827],[-59.78922,-25.90302],[-59.78118,-25.89668],[-59.78828,-25.90971],[-59.76457,-25.916],[-59.76864,-25.92568],[-59.75346,-25.92072],[-59.75793,-25.93798],[-59.74761,-25.94332],[-59.75452,-25.95563],[-59.74357,-25.94952],[-59.75143,-25.96324],[-59.74081,-25.97555],[-59.72787,-25.97015],[-59.72509,-25.99976],[-59.70806,-25.99632],[-59.70779,-26.00978],[-59.70228,-26.00046],[-59.67117,-26.0033],[-59.66987,-26.01144],[-59.68543,-26.0094],[-59.66818,-26.02492],[-59.67837,-26.03799],[-59.66872,-26.04662],[-59.67864,-26.05413],[-59.67003,-26.06158],[-59.66398,-26.05385],[-59.66361,-26.06246],[-59.68251,-26.08949],[-59.67427,-26.09612],[-59.6783,-26.115],[-59.64927,-26.11945],[-59.66046,-26.1434],[-59.62625,-26.13434],[-59.64525,-26.12148],[-59.61998,-26.11721],[-59.60887,-26.12371],[-59.60586,-26.11463],[-59.59721,-26.13096],[-59.58477,-26.12183],[-59.5767,-26.13915],[-59.58599,-26.14359],[-59.56718,-26.14891],[-59.54732,-26.15086],[-59.54733,-26.14257],[-59.53548,-26.14132],[-59.53214,-26.15063],[-59.51948,-26.14292],[-59.50917,-26.15918],[-59.49542,-26.15388],[-59.4945,-26.16259],[-59.48934,-26.15543],[-59.47577,-26.16173],[-59.46497,-26.15059],[-59.45618,-26.1602],[-59.45513,-26.14781],[-59.4383,-26.14913],[-59.40879,-26.17913],[-59.42066,-26.1783],[-59.41874,-26.19617],[-59.42889,-26.19881],[-59.4103,-26.2071],[-59.41586,-26.22216],[-59.39455,-26.24764],[-59.39793,-26.25862],[-59.38131,-26.26172],[-59.39607,-26.27378],[-59.38464,-26.28054],[-59.38395,-26.29511],[-59.40329,-26.29948],[-59.38597,-26.30454],[-59.35751,-26.33797],[-59.34386,-26.32779],[-59.33347,-26.33571],[-59.31299,-26.31895],[-59.31112,-26.33943],[-59.29755,-26.3358],[-59.27766,-26.34977],[-59.25637,-26.35164],[-59.25754,-26.34135],[-59.22957,-26.34306],[-59.20368,-26.32682],[-59.19259,-26.32973],[-59.18196,-26.30472],[-59.14612,-26.29998],[-59.1372,-26.30764],[-59.15387,-26.31686],[-59.13242,-26.33117],[-59.11563,-26.32558],[-59.12861,-26.34417],[-59.09807,-26.34324],[-59.10185,-26.35152],[-59.09139,-26.35014],[-59.06847,-26.37423],[-59.0429,-26.36535],[-59.02408,-26.38122],[-59.00273,-26.37415],[-58.98571,-26.38],[-58.95556,-26.39988],[-58.94197,-26.43066],[-58.91486,-26.44514],[-58.90981,-26.46256],[-58.86575,-26.47508],[-58.84561,-26.51922],[-58.79226,-26.51942],[-58.79503,-26.53652],[-58.77228,-26.53692],[-58.74438,-26.60265],[-58.72013,-26.60205],[-58.70101,-26.58994],[-58.68942,-26.59415],[-58.68039,-26.64268],[-58.65318,-26.65942],[-58.62815,-26.66233],[-58.611,-26.68149],[-58.57218,-26.68752],[-58.5665,-26.73127],[-58.55797,-26.72903],[-58.54539,-26.75159],[-58.53426,-26.73822],[-58.53295,-26.75792],[-58.52129,-26.75697],[-58.51582,-26.76625],[-58.49964,-26.76149],[-58.50725,-26.77315],[-58.4975,-26.78933],[-58.48726,-26.78433],[-58.4856,-26.80599],[-58.46751,-26.80027],[-58.47775,-26.82455],[-58.44515,-26.81836],[-58.44634,-26.83192],[-58.42778,-26.82478],[-58.42421,-26.83478],[-58.40922,-26.8343],[-58.41421,-26.84263],[-58.40684,-26.84572],[-58.40065,-26.83121],[-58.39661,-26.86048],[-58.37971,-26.85643],[-58.38869,-26.86922],[-58.37735,-26.87223]]]},"properties":{"fid":15,"OBJECTID":441,"Entidad":0,"Objeto":"Provincia","FNA":"Provincia de Formosa","GNA":"Provincia","NAM":"Formosa","SAG":"IGN","FDC":"Geografía","IN1":"34","SHAPE_STAr":6.74572052174,"SHAPE_STLe":21.8497108589,"argentina_population_2022":606041}},{"type":"Feature","geometry":{"type":"Polygon","coordinates":[[[-61.71126,-27.99942],[-61.71119,-26.82341],[-61.71113,-25.65467],[-63.42247,-25.64903],[-63.47606,-25.70976],[-63.56731,-25.70947],[-63.66047,-25.68537],[-63.87426,-25.68448],[-64.00775,-25.67336],[-64.02541,-25.75349],[-64.19644,-25.72773],[-64.19751,-25.70929],[-64.26806,-25.70001],[-64.40363,-26.03117],[-64.39649,-26.04592],[-64.4122,-26.1135],[-64.42552,-26.11588],[-64.49532,-26.21937],[-64.50228,-26.23901],[-64.48199,-26.30684],[-64.52137,-26.35303],[-64.53439,-26.41061],[-64.51734,-26.48646],[-64.52139,-26.54382],[-64.5089,-26.549],[-64.49876,-26.67347],[-64.58752,-26.65812],[-64.61789,-26.80269],[-64.67262,-26.79401],[-64.67757,-26.82451],[-64.7072,-26.81951],[-64.74259,-27.00441],[-64.75027,-27.00303],[-64.75365,-27.01666],[-64.76698,-27.01429],[-64.79846,-27.15057],[-64.81119,-27.14867],[-64.85406,-27.31731],[-64.93437,-27.34443],[-64.93752,-27.35788],[-64.97429,-27.35062],[-65.00887,-27.48371],[-64.96812,-27.50537],[-64.96622,-27.55129],[-64.99168,-27.57128],[-65.01095,-27.56176],[-65.02711,-27.58714],[-64.98602,-27.74165],[-65.02814,-27.75271],[-65.01648,-27.79114],[-65.03897,-27.87924],[-65.10714,-27.89316],[-65.15907,-27.8772],[-65.16948,-27.91743],[-65.17823,-27.91602],[-65.1708,-27.94646],[-65.11195,-28.18571],[-65.0969,-28.47101],[-65.12556,-28.61153],[-65.18462,-28.60057],[-65.18819,-28.61842],[-65.18346,-28.62439],[-65.17257,-28.61797],[-65.17346,-28.63296],[-65.13652,-28.64688],[-65.12718,-28.71615],[-65.01663,-28.73781],[-64.97727,-28.7892],[-64.9386,-28.80574],[-64.90113,-28.84131],[-64.91195,-28.88664],[-64.90172,-28.91434],[-64.9066,-28.93245],[-64.85984,-29.035],[-64.85449,-29.1974],[-64.8376,-29.22857],[-64.78096,-29.26759],[-64.82475,-29.27378],[-64.84229,-29.31275],[-64.83807,-29.34255],[-64.78597,-29.4055],[-64.82594,-29.47365],[-64.82463,-29.5743],[-64.34231,-29.50042],[-63.97705,-29.55541],[-63.95864,-29.6213],[-63.86959,-29.6239],[-63.84175,-29.58178],[-63.81165,-29.57916],[-63.78405,-29.58404],[-63.78498,-29.59893],[-63.81639,-29.6147],[-63.76371,-29.61706],[-63.72367,-29.65916],[-63.6737,-29.66482],[-63.62539,-29.65529],[-63.56847,-29.66399],[-63.53008,-29.65712],[-63.4652,-29.66482],[-63.48067,-29.72574],[-63.45925,-29.72574],[-63.45901,-29.75715],[-62.80701,-29.81586],[-62.80571,-29.83413],[-62.82927,-29.8424],[-62.83868,-29.86576],[-62.82534,-29.87596],[-62.82031,-29.90397],[-62.80053,-29.90805],[-62.78584,-29.94275],[-62.79134,-29.96059],[-62.75362,-29.96642],[-62.72388,-29.99081],[-62.66237,-29.99926],[-62.65499,-30.00735],[-62.67474,-30.03518],[-62.65544,-30.05529],[-62.55648,-30.06279],[-62.56766,-30.12307],[-62.5968,-30.16574],[-62.59362,-30.25958],[-62.53453,-30.31202],[-62.52008,-30.3419],[-62.17379,-30.34531],[-62.1306,-30.47993],[-61.92068,-29.23821],[-61.71126,-27.99942]]]},"properties":{"fid":16,"OBJECTID":442,"Entidad":0,"Objeto":"Provincia","FNA":"Provincia de Santiago del Estero","GNA":"Provincia","NAM":"Santiago del Estero","SAG":"IGN","FDC":"Geografía","IN1":"86","SHAPE_STAr":12.5402243248,"SHAPE_STLe":16.3530914888,"argentina_population_2022":1054028}},{"type":"Feature","geometry":{"type":"MultiPolygon","coordinates":[[[[-68.56996,-52.70737],[-68.60623,-52.65827],[-68.60701,-53.76259],[-68.60889,-54.43541],[-68.59513,-54.79962],[-68.60942,-54.89396],[-68.56368,-54.89132],[-68.56139,-54.88304],[-68.501,-54.86691],[-68.55564,-54.86281],[-68.57713,-54.85442],[-68.56983,-54.84391],[-68.56772,-54.85117],[-68.52313,-54.8582],[-68.48178,-54.84668],[-68.44434,-54.85838],[-68.38809,-54.85178],[-68.33027,-54.82979],[-68.31292,-54.83336],[-68.32477,-54.84136],[-68.31035,-54.84892],[-68.2606,-54.84071],[-68.30464,-54.83208],[-68.29879,-54.8158],[-68.31528,-54.81152],[-68.26359,-54.79517],[-68.20128,-54.81651],[-68.0583,-54.83736],[-68.03331,-54.85021],[-67.82583,-54.85974],[-67.70346,-54.88603],[-67.60546,-54.88136],[-67.50576,-54.85349],[-67.49488,-54.86692],[-67.50631,-54.87463],[-67.45052,-54.86564],[-67.44086,-54.88119],[-67.41642,-54.88113],[-67.40951,-54.88941],[-67.34144,-54.88273],[-67.36496,-54.8741],[-67.34361,-54.87593],[-67.35269,-54.86611],[-67.30266,-54.88735],[-67.28718,-54.87839],[-67.29518,-54.87205],[-67.27845,-54.86999],[-67.27202,-54.88013],[-67.28974,-54.87567],[-67.276,-54.88775],[-67.28219,-54.87936],[-67.22419,-54.89203],[-67.15388,-54.89292],[-66.93402,-54.94178],[-66.87543,-54.94127],[-66.76447,-54.96074],[-66.71867,-55.00534],[-66.64883,-55.02818],[-66.52159,-55.05675],[-66.46862,-55.0498],[-66.45411,-55.0577],[-66.37216,-55.03957],[-66.35907,-55.02862],[-66.37082,-55.01073],[-66.33409,-54.9965],[-66.27293,-54.99079],[-66.1947,-54.99778],[-66.16928,-54.98922],[-66.10766,-54.99493],[-65.98773,-54.9649],[-65.97136,-54.96837],[-65.95813,-54.94101],[-65.99575,-54.91842],[-65.98239,-54.9026],[-65.91198,-54.91225],[-65.8688,-54.90015],[-65.82455,-54.91556],[-65.77743,-54.90146],[-65.76607,-54.91305],[-65.73911,-54.90985],[-65.71182,-54.93429],[-65.71901,-54.97136],[-65.67344,-54.97277],[-65.64037,-54.9635],[-65.63684,-54.97001],[-65.60363,-54.94384],[-65.56456,-54.93642],[-65.55785,-54.9485],[-65.542,-54.93666],[-65.51102,-54.93494],[-65.49417,-54.92566],[-65.49941,-54.90177],[-65.472,-54.88897],[-65.42765,-54.89419],[-65.41429,-54.93959],[-65.38214,-54.94107],[-65.34376,-54.92816],[-65.30898,-54.90298],[-65.31327,-54.87311],[-65.27923,-54.86209],[-65.26467,-54.84091],[-65.22292,-54.81835],[-65.26507,-54.7987],[-65.20384,-54.78011],[-65.21293,-54.77411],[-65.19775,-54.76278],[-65.21827,-54.74565],[-65.192,-54.72052],[-65.19347,-54.69525],[-65.11676,-54.65599],[-65.23435,-54.64138],[-65.23902,-54.6589],[-65.25453,-54.66332],[-65.26148,-54.65295],[-65.23397,-54.63672],[-65.24544,-54.63053],[-65.23488,-54.61883],[-65.36914,-54.64334],[-65.40188,-54.64035],[-65.42077,-54.64506],[-65.42853,-54.66319],[-65.44823,-54.65524],[-65.43081,-54.64215],[-65.47769,-54.65619],[-65.51119,-54.65586],[-65.5199,-54.67756],[-65.55117,-54.64734],[-65.68418,-54.66343],[-65.75481,-54.64948],[-65.80278,-54.6519],[-65.86422,-54.63791],[-65.9169,-54.61241],[-66.15121,-54.55762],[-66.30557,-54.50819],[-66.36441,-54.50105],[-66.38404,-54.48701],[-66.465,-54.47873],[-66.55222,-54.42053],[-66.54413,-54.4024],[-66.66101,-54.34343],[-66.68433,-54.30608],[-66.69132,-54.3116],[-66.70027,-54.30275],[-66.69094,-54.2829],[-66.73392,-54.27648],[-66.73396,-54.26034],[-66.89996,-54.21751],[-66.95468,-54.18192],[-67.0813,-54.13198],[-67.16439,-54.1198],[-67.15882,-54.11161],[-67.25105,-54.08106],[-67.32971,-54.04137],[-67.34503,-54.02457],[-67.33457,-54.01686],[-67.43684,-53.98436],[-67.48728,-53.94386],[-67.5352,-53.92711],[-67.57984,-53.86886],[-67.57351,-53.85077],[-67.54301,-53.84821],[-67.54567,-53.84045],[-67.59656,-53.82714],[-67.67432,-53.78525],[-67.68144,-53.80622],[-67.72722,-53.80976],[-67.77844,-53.83379],[-67.73629,-53.80533],[-67.68174,-53.79717],[-67.72614,-53.75407],[-67.91133,-53.65267],[-67.99016,-53.58451],[-68.04418,-53.50804],[-68.08291,-53.38968],[-68.13707,-53.33134],[-68.2066,-53.30669],[-68.30787,-53.32125],[-68.38706,-53.31197],[-68.46375,-53.29369],[-68.54844,-53.24752],[-68.55606,-53.19565],[-68.53815,-53.14441],[-68.49389,-53.11605],[-68.50132,-53.10527],[-68.46598,-53.09927],[-68.46334,-53.08942],[-68.44613,-53.09185],[-68.44778,-53.07993],[-68.41651,-53.06386],[-68.41887,-53.05144],[-68.39096,-53.05073],[-68.39031,-53.03717],[-68.35955,-53.01789],[-68.28538,-53.00847],[-68.26675,-53.01611],[-68.26868,-53.04252],[-68.21121,-53.1263],[-68.21378,-53.15328],[-68.2015,-53.14196],[-68.28767,-52.95143],[-68.56996,-52.70737]]],[[[-58.96614,-51.23465],[-58.94748,-51.25613],[-58.95944,-51.26699],[-58.86126,-51.35318],[-58.86679,-51.3717],[-58.88026,-51.3838],[-59.00539,-51.3853],[-58.9995,-51.40917],[-59.01976,-51.41916],[-58.96917,-51.42412],[-58.95875,-51.44723],[-58.98434,-51.44195],[-58.98008,-51.42683],[-59.05155,-51.43379],[-59.1002,-51.41114],[-59.11402,-51.43627],[-59.13998,-51.44413],[-59.14404,-51.46211],[-59.11487,-51.47909],[-59.09316,-51.46851],[-59.00119,-51.50476],[-58.95276,-51.50785],[-58.94903,-51.51615],[-58.92423,-51.51996],[-58.92005,-51.52776],[-58.91831,-51.52081],[-58.8994,-51.52159],[-58.87959,-51.53035],[-58.8553,-51.52144],[-58.85519,-51.50965],[-58.83083,-51.51945],[-58.85226,-51.5111],[-58.84641,-51.52224],[-58.87802,-51.53185],[-58.91658,-51.5243],[-58.93431,-51.54528],[-58.94217,-51.54247],[-58.92558,-51.52177],[-58.9503,-51.52124],[-58.98055,-51.50616],[-58.99442,-51.51231],[-59.04556,-51.50464],[-59.06531,-51.51969],[-59.02684,-51.56099],[-59.04568,-51.56026],[-59.0369,-51.57231],[-59.04967,-51.57537],[-59.0292,-51.57739],[-59.03633,-51.59115],[-59.01448,-51.60225],[-59.04448,-51.60366],[-59.05937,-51.57995],[-59.07834,-51.58731],[-59.06559,-51.57248],[-59.07995,-51.56817],[-59.08757,-51.52806],[-59.12837,-51.49655],[-59.11326,-51.52867],[-59.15849,-51.57693],[-59.1788,-51.58434],[-59.10829,-51.61224],[-59.07662,-51.64304],[-59.04112,-51.64104],[-59.04127,-51.64854],[-58.97671,-51.67099],[-59.04832,-51.65379],[-58.9982,-51.67749],[-58.99616,-51.68636],[-59.02499,-51.67245],[-59.00649,-51.68159],[-59.00292,-51.69391],[-59.01666,-51.67814],[-59.03403,-51.67719],[-59.01952,-51.69034],[-59.04112,-51.70004],[-59.02484,-51.71991],[-59.02517,-51.71175],[-59.00866,-51.71123],[-59.00676,-51.74754],[-58.99509,-51.74806],[-59.00336,-51.75961],[-58.98701,-51.76785],[-59.00169,-51.76331],[-59.00382,-51.77249],[-58.98964,-51.78339],[-58.98306,-51.7748],[-58.97863,-51.78467],[-58.96408,-51.77072],[-58.94917,-51.77415],[-58.97551,-51.78826],[-58.9849,-51.78502],[-58.98096,-51.79459],[-59.00026,-51.81475],[-59.01388,-51.81469],[-59.00979,-51.82383],[-59.02888,-51.81627],[-59.0286,-51.83158],[-59.04894,-51.82742],[-59.04188,-51.81315],[-59.06276,-51.81307],[-59.0309,-51.81248],[-59.04373,-51.78578],[-59.07174,-51.78362],[-59.02463,-51.77521],[-59.02923,-51.7557],[-59.05259,-51.75314],[-59.035,-51.74527],[-59.061,-51.74592],[-59.04069,-51.74207],[-59.05893,-51.72378],[-59.04387,-51.71149],[-59.05597,-51.69047],[-59.08579,-51.69099],[-59.10421,-51.70526],[-59.12564,-51.69694],[-59.15324,-51.70497],[-59.18099,-51.73418],[-59.1978,-51.7221],[-59.22459,-51.76507],[-59.21059,-51.72091],[-59.23099,-51.72139],[-59.24933,-51.73632],[-59.25187,-51.75161],[-59.23875,-51.75163],[-59.24844,-51.76632],[-59.26135,-51.76682],[-59.254,-51.75783],[-59.26929,-51.74332],[-59.28433,-51.75886],[-59.30607,-51.7606],[-59.30225,-51.78078],[-59.29101,-51.77642],[-59.27236,-51.79815],[-59.29167,-51.79623],[-59.30044,-51.80776],[-59.30127,-51.80225],[-59.28889,-51.79258],[-59.30107,-51.78923],[-59.32423,-51.81058],[-59.33621,-51.786],[-59.35184,-51.78746],[-59.36145,-51.77763],[-59.34989,-51.79012],[-59.35451,-51.82736],[-59.36639,-51.82282],[-59.37694,-51.83265],[-59.37927,-51.85815],[-59.39872,-51.84376],[-59.393,-51.83307],[-59.41491,-51.83999],[-59.41041,-51.81241],[-59.45613,-51.84714],[-59.44696,-51.82318],[-59.49797,-51.83555],[-59.4954,-51.8486],[-59.51517,-51.85732],[-59.48715,-51.86107],[-59.48954,-51.8691],[-59.45886,-51.86553],[-59.48688,-51.8845],[-59.44481,-51.88917],[-59.47879,-51.89842],[-59.50032,-51.89396],[-59.51997,-51.87117],[-59.5378,-51.88188],[-59.51292,-51.91248],[-59.47457,-51.91615],[-59.47468,-51.93007],[-59.50386,-51.92348],[-59.49579,-51.9362],[-59.51597,-51.93849],[-59.5288,-51.92302],[-59.53607,-51.93189],[-59.57503,-51.92238],[-59.57075,-51.91338],[-59.5919,-51.90408],[-59.60919,-51.9165],[-59.61472,-51.95063],[-59.5859,-51.95114],[-59.57697,-51.96012],[-59.56021,-51.95184],[-59.55358,-51.96362],[-59.52636,-51.96602],[-59.59621,-51.98519],[-59.60937,-51.96809],[-59.64715,-51.96212],[-59.63209,-51.97242],[-59.6204,-51.96856],[-59.62314,-51.9796],[-59.60712,-51.97897],[-59.58827,-51.99991],[-59.54564,-52.00515],[-59.57449,-52.00967],[-59.60819,-51.99762],[-59.65394,-52.00582],[-59.64548,-52.01816],[-59.59532,-52.02444],[-59.59287,-52.03406],[-59.62005,-52.03408],[-59.61375,-52.0486],[-59.59725,-52.0558],[-59.57431,-52.05149],[-59.57037,-52.06637],[-59.5543,-52.06688],[-59.60396,-52.09301],[-59.61619,-52.09123],[-59.61473,-52.0791],[-59.64115,-52.08427],[-59.60739,-52.12205],[-59.6229,-52.11921],[-59.63715,-52.12901],[-59.64008,-52.11105],[-59.66197,-52.12712],[-59.67928,-52.12445],[-59.66785,-52.10018],[-59.68379,-52.10914],[-59.69509,-52.09617],[-59.73155,-52.09712],[-59.72759,-52.10586],[-59.70706,-52.10756],[-59.73512,-52.12691],[-59.67845,-52.14556],[-59.68457,-52.15402],[-59.66215,-52.16976],[-59.6443,-52.15984],[-59.62342,-52.17401],[-59.64569,-52.18142],[-59.61377,-52.18838],[-59.63066,-52.20974],[-59.58466,-52.21362],[-59.5523,-52.20499],[-59.59441,-52.24418],[-59.58373,-52.25957],[-59.56251,-52.25148],[-59.54654,-52.25985],[-59.50858,-52.24283],[-59.51478,-52.25494],[-59.49329,-52.25697],[-59.49278,-52.26426],[-59.51054,-52.27305],[-59.47832,-52.2754],[-59.49771,-52.31189],[-59.41486,-52.31028],[-59.40702,-52.32589],[-59.42591,-52.33115],[-59.37352,-52.33409],[-59.37018,-52.34284],[-59.39179,-52.34596],[-59.36718,-52.34848],[-59.36408,-52.35937],[-59.32389,-52.3469],[-59.30818,-52.35066],[-59.29659,-52.33271],[-59.3166,-52.3275],[-59.33509,-52.34614],[-59.33541,-52.33449],[-59.38315,-52.3191],[-59.37475,-52.29265],[-59.35126,-52.29506],[-59.33602,-52.28352],[-59.34803,-52.26788],[-59.39704,-52.28796],[-59.41466,-52.28399],[-59.34181,-52.25372],[-59.34356,-52.23839],[-59.36654,-52.23885],[-59.38782,-52.22638],[-59.32958,-52.21222],[-59.36361,-52.21454],[-59.37791,-52.20511],[-59.43564,-52.24357],[-59.417,-52.2208],[-59.42957,-52.22151],[-59.40031,-52.20371],[-59.46146,-52.22447],[-59.42274,-52.19415],[-59.43661,-52.18877],[-59.46432,-52.19612],[-59.42078,-52.18087],[-59.40575,-52.1872],[-59.3984,-52.17819],[-59.45331,-52.16082],[-59.48687,-52.1658],[-59.43561,-52.1522],[-59.45343,-52.12546],[-59.41515,-52.14093],[-59.41431,-52.16155],[-59.38652,-52.15878],[-59.40872,-52.11643],[-59.39477,-52.13771],[-59.37076,-52.14479],[-59.36791,-52.11346],[-59.34931,-52.1612],[-59.29099,-52.14112],[-59.29807,-52.16042],[-59.32466,-52.16987],[-59.31761,-52.18445],[-59.29662,-52.16271],[-59.2832,-52.17142],[-59.26655,-52.16439],[-59.26432,-52.17653],[-59.24883,-52.17262],[-59.24615,-52.18836],[-59.25944,-52.19128],[-59.23551,-52.21072],[-59.24118,-52.219],[-59.23,-52.2149],[-59.21507,-52.22382],[-59.20102,-52.20325],[-59.17175,-52.21517],[-59.16024,-52.20944],[-59.15047,-52.22465],[-59.1274,-52.22215],[-59.10496,-52.24196],[-59.09053,-52.23172],[-59.06352,-52.23285],[-59.06855,-52.24387],[-59.024,-52.26237],[-59.01136,-52.25561],[-59.05428,-52.2425],[-59.02649,-52.23115],[-59.05059,-52.23548],[-59.05332,-52.21817],[-59.02311,-52.20455],[-59.07135,-52.19803],[-59.0927,-52.2146],[-59.08896,-52.19699],[-59.10282,-52.19717],[-59.08705,-52.18087],[-59.05917,-52.18129],[-59.0726,-52.16868],[-59.03886,-52.16616],[-59.04588,-52.15798],[-59.02554,-52.15552],[-59.02337,-52.14435],[-59.07423,-52.1371],[-59.08264,-52.15094],[-59.11654,-52.16397],[-59.10165,-52.14763],[-59.11069,-52.13549],[-59.15787,-52.16214],[-59.14351,-52.14367],[-59.17167,-52.15381],[-59.16205,-52.14277],[-59.17951,-52.14457],[-59.13877,-52.14009],[-59.11408,-52.11745],[-59.10498,-52.12639],[-59.07359,-52.11768],[-59.06798,-52.10295],[-59.09832,-52.09962],[-59.11527,-52.10932],[-59.11492,-52.09926],[-59.1347,-52.094],[-59.14748,-52.1067],[-59.1567,-52.09519],[-59.17779,-52.10271],[-59.17715,-52.09182],[-59.14276,-52.09421],[-59.13884,-52.0855],[-59.09896,-52.08016],[-59.13802,-52.05459],[-59.14291,-52.06351],[-59.14943,-52.05775],[-59.1321,-52.03873],[-59.14523,-52.03668],[-59.16538,-52.05904],[-59.21082,-52.08018],[-59.19069,-52.06552],[-59.19877,-52.05262],[-59.23589,-52.05375],[-59.19068,-52.04418],[-59.18641,-52.02761],[-59.26576,-52.00681],[-59.29459,-52.02928],[-59.29133,-52.01147],[-59.26976,-51.99758],[-59.24867,-51.99718],[-59.23892,-52.01098],[-59.16823,-52.01208],[-59.15756,-51.99905],[-59.1895,-51.97175],[-59.15601,-51.99611],[-59.13459,-51.98252],[-59.13977,-51.99439],[-59.11782,-51.99792],[-59.12094,-52.00544],[-59.11043,-52.00177],[-59.11748,-52.01641],[-59.1008,-52.03043],[-59.07218,-52.016],[-59.059,-52.04306],[-59.01555,-52.0203],[-59.01817,-52.04391],[-58.98486,-52.04513],[-59.00463,-52.04604],[-58.98868,-52.09753],[-58.95284,-52.06051],[-58.92821,-52.11736],[-58.88703,-52.07464],[-58.85975,-52.08456],[-58.87283,-52.07429],[-58.86825,-52.0568],[-58.89723,-52.0337],[-58.85729,-52.05333],[-58.81472,-52.05658],[-58.82258,-52.02394],[-58.78037,-52.04754],[-58.76615,-52.04107],[-58.77286,-52.04825],[-58.73592,-52.05075],[-58.73915,-52.07866],[-58.72156,-52.0636],[-58.70497,-52.06916],[-58.70119,-52.08743],[-58.67424,-52.09629],[-58.69402,-52.12325],[-58.66847,-52.12258],[-58.65963,-52.14147],[-58.65461,-52.11581],[-58.63728,-52.11403],[-58.65214,-52.10597],[-58.6455,-52.09072],[-58.66347,-52.05426],[-58.63586,-52.05115],[-58.64597,-52.03608],[-58.66531,-52.03096],[-58.67243,-52.04103],[-58.68801,-52.02376],[-58.64565,-52.02722],[-58.62646,-52.01697],[-58.61495,-52.02271],[-58.58606,-52.01503],[-58.58647,-52.00771],[-58.63153,-52.006],[-58.62997,-51.99534],[-58.60388,-51.9911],[-58.62248,-51.98954],[-58.6068,-51.98324],[-58.614,-51.97554],[-58.6276,-51.98193],[-58.62438,-51.96628],[-58.65543,-51.97523],[-58.65282,-51.96231],[-58.67744,-51.96045],[-58.69384,-51.97352],[-58.69934,-51.95258],[-58.72581,-51.95177],[-58.7257,-51.96693],[-58.73254,-51.95233],[-58.76083,-51.9618],[-58.75274,-51.97261],[-58.7659,-51.99312],[-58.76362,-51.97033],[-58.78132,-51.96218],[-58.76832,-51.96378],[-58.76911,-51.95616],[-58.79543,-51.95293],[-58.8051,-51.96723],[-58.80503,-51.9528],[-58.81655,-51.95306],[-58.80477,-51.94792],[-58.83376,-51.9347],[-58.85136,-51.93933],[-58.84659,-51.93147],[-58.89569,-51.92709],[-58.89757,-51.91761],[-58.88256,-51.90842],[-58.8878,-51.91864],[-58.83233,-51.9201],[-58.79168,-51.94715],[-58.78766,-51.9363],[-58.76028,-51.93681],[-58.89283,-51.90211],[-58.91064,-51.88173],[-58.95454,-51.87504],[-58.97683,-51.85643],[-58.98946,-51.87351],[-58.99151,-51.85741],[-59.01325,-51.87374],[-59.00657,-51.85995],[-59.02358,-51.85287],[-59.04202,-51.86218],[-59.09281,-51.85847],[-59.11563,-51.8765],[-59.09282,-51.85457],[-59.09956,-51.84068],[-59.08274,-51.84424],[-59.08637,-51.85759],[-59.04848,-51.85998],[-59.02147,-51.84914],[-58.97879,-51.85439],[-58.96754,-51.83859],[-58.98436,-51.83873],[-58.96441,-51.8302],[-58.97389,-51.81597],[-58.9617,-51.81485],[-58.96663,-51.80218],[-58.94897,-51.79796],[-58.95018,-51.78726],[-58.93794,-51.82012],[-58.92209,-51.81439],[-58.93712,-51.82161],[-58.93262,-51.8413],[-58.86168,-51.86397],[-58.85657,-51.85274],[-58.88822,-51.84634],[-58.87713,-51.84728],[-58.88085,-51.84082],[-58.87266,-51.83974],[-58.8825,-51.83596],[-58.87087,-51.83925],[-58.87704,-51.84109],[-58.86887,-51.84439],[-58.84937,-51.84827],[-58.86033,-51.84735],[-58.83832,-51.85674],[-58.81426,-51.85683],[-58.85746,-51.85724],[-58.83744,-51.87077],[-58.80578,-51.87582],[-58.8102,-51.86876],[-58.795,-51.88082],[-58.81039,-51.87753],[-58.80846,-51.88411],[-58.76412,-51.89888],[-58.74899,-51.89616],[-58.75686,-51.88685],[-58.7361,-51.88873],[-58.74384,-51.88165],[-58.69141,-51.8937],[-58.69108,-51.88111],[-58.71899,-51.87246],[-58.69441,-51.87606],[-58.68554,-51.88797],[-58.66871,-51.89113],[-58.62989,-51.88319],[-58.63976,-51.89286],[-58.68437,-51.89117],[-58.67807,-51.90408],[-58.64002,-51.89415],[-58.63991,-51.90526],[-58.6256,-51.8948],[-58.5577,-51.90633],[-58.56762,-51.90091],[-58.5582,-51.89665],[-58.59355,-51.8871],[-58.51755,-51.89521],[-58.51047,-51.88635],[-58.53235,-51.88415],[-58.54057,-51.8798],[-58.54265,-51.86755],[-58.56148,-51.86436],[-58.55304,-51.85981],[-58.56305,-51.85535],[-58.5514,-51.84887],[-58.56549,-51.84667],[-58.57963,-51.83106],[-58.59384,-51.8306],[-58.58371,-51.82821],[-58.56458,-51.82981],[-58.56372,-51.84684],[-58.54883,-51.84806],[-58.55863,-51.85692],[-58.54935,-51.85904],[-58.54411,-51.86511],[-58.53643,-51.8606],[-58.5166,-51.86085],[-58.54164,-51.86472],[-58.53755,-51.87957],[-58.50717,-51.88537],[-58.50366,-51.89505],[-58.46186,-51.89088],[-58.48609,-51.89658],[-58.46097,-51.90418],[-58.39209,-51.90056],[-58.34646,-51.88195],[-58.30685,-51.8829],[-58.31494,-51.86713],[-58.2784,-51.86399],[-58.2978,-51.85953],[-58.27096,-51.85756],[-58.27431,-51.8497],[-58.26336,-51.855],[-58.24421,-51.84375],[-58.22517,-51.84548],[-58.22583,-51.85666],[-58.25697,-51.86752],[-58.2479,-51.87389],[-58.21658,-51.86279],[-58.21433,-51.84583],[-58.23493,-51.83906],[-58.2359,-51.8285],[-58.18993,-51.82672],[-58.1644,-51.81609],[-58.28142,-51.8068],[-58.29654,-51.82546],[-58.28769,-51.82881],[-58.3209,-51.83363],[-58.32098,-51.84357],[-58.33756,-51.84354],[-58.32181,-51.84119],[-58.33906,-51.82626],[-58.37293,-51.83306],[-58.35476,-51.82629],[-58.38756,-51.82445],[-58.32415,-51.82288],[-58.33392,-51.8115],[-58.29798,-51.82176],[-58.28636,-51.80044],[-58.2578,-51.8046],[-58.26084,-51.79794],[-58.22948,-51.79652],[-58.23962,-51.78983],[-58.12021,-51.79903],[-58.13566,-51.79129],[-58.10913,-51.78843],[-58.17082,-51.7798],[-58.23295,-51.78402],[-58.20111,-51.77754],[-58.24144,-51.76588],[-58.23591,-51.7582],[-58.28915,-51.74869],[-58.30599,-51.75396],[-58.29833,-51.74739],[-58.26607,-51.74853],[-58.19317,-51.7662],[-58.18934,-51.75544],[-58.16416,-51.75732],[-58.18435,-51.74263],[-58.17433,-51.74774],[-58.15331,-51.73974],[-58.16533,-51.75205],[-58.15812,-51.76506],[-58.06497,-51.77169],[-58.09275,-51.76253],[-58.08344,-51.7597],[-58.09152,-51.7572],[-58.06518,-51.7597],[-58.04662,-51.75048],[-58.08678,-51.7419],[-58.06725,-51.73588],[-58.04418,-51.73733],[-58.05137,-51.74596],[-58.04358,-51.75018],[-58.05137,-51.75559],[-58.03616,-51.75807],[-57.92086,-51.74263],[-57.88192,-51.74666],[-57.85782,-51.73851],[-58.01225,-51.73477],[-57.89435,-51.72397],[-57.91609,-51.71751],[-57.86903,-51.72993],[-57.8508,-51.71759],[-57.81301,-51.71764],[-57.80648,-51.70476],[-57.77658,-51.69997],[-57.77179,-51.69221],[-57.71809,-51.68327],[-57.76622,-51.68188],[-57.78445,-51.67301],[-57.79963,-51.68036],[-57.82195,-51.67662],[-57.82669,-51.68393],[-57.80076,-51.6857],[-57.80806,-51.69301],[-57.78466,-51.69905],[-57.92098,-51.6871],[-57.8313,-51.68204],[-57.9081,-51.6729],[-57.89652,-51.66901],[-57.92072,-51.66564],[-57.92973,-51.65063],[-57.97713,-51.65306],[-57.92701,-51.64883],[-57.8903,-51.67032],[-57.8741,-51.67104],[-57.86746,-51.6604],[-57.87219,-51.67095],[-57.85888,-51.67534],[-57.80693,-51.65943],[-57.81292,-51.64904],[-57.78786,-51.66087],[-57.7611,-51.64236],[-57.72496,-51.64448],[-57.74289,-51.6338],[-57.75496,-51.63802],[-57.78442,-51.61664],[-57.88828,-51.59978],[-57.97739,-51.58695],[-58.0044,-51.59473],[-58.05946,-51.59202],[-58.06928,-51.57007],[-58.08944,-51.56585],[-58.10862,-51.57234],[-58.0738,-51.57858],[-58.10009,-51.57733],[-58.1065,-51.58471],[-58.102,-51.57733],[-58.14953,-51.56709],[-58.1067,-51.56422],[-58.16493,-51.54753],[-58.12026,-51.53682],[-58.1243,-51.52655],[-58.11774,-51.53673],[-58.09557,-51.5323],[-58.11455,-51.511],[-58.08474,-51.52587],[-58.01809,-51.53521],[-58.04267,-51.52645],[-58.05334,-51.50251],[-58.07807,-51.49589],[-58.06311,-51.49368],[-58.03522,-51.50871],[-57.99325,-51.50714],[-57.98695,-51.52697],[-57.95491,-51.54036],[-57.76637,-51.5409],[-57.76617,-51.52639],[-57.8121,-51.51893],[-57.81043,-51.5101],[-57.87497,-51.50921],[-57.89768,-51.4982],[-57.86621,-51.49618],[-57.84381,-51.47477],[-57.83931,-51.48668],[-57.86051,-51.49378],[-57.84717,-51.50186],[-57.79215,-51.50754],[-57.78359,-51.51833],[-57.76999,-51.50963],[-57.74193,-51.51266],[-57.83781,-51.4741],[-57.84168,-51.44878],[-57.87095,-51.43249],[-57.85319,-51.41438],[-57.94377,-51.36245],[-58.00392,-51.3771],[-58.01474,-51.40177],[-58.02467,-51.39118],[-58.01427,-51.38238],[-58.03434,-51.37244],[-58.0534,-51.3776],[-58.05541,-51.36958],[-58.09701,-51.38297],[-58.15658,-51.37764],[-58.17567,-51.38796],[-58.2334,-51.38251],[-58.28269,-51.39098],[-58.29143,-51.43023],[-58.3387,-51.4657],[-58.32896,-51.47572],[-58.34191,-51.47029],[-58.38658,-51.4845],[-58.35163,-51.48671],[-58.37715,-51.5006],[-58.37848,-51.51269],[-58.35298,-51.51834],[-58.3372,-51.50993],[-58.33309,-51.52038],[-58.31683,-51.51392],[-58.3229,-51.50052],[-58.30311,-51.49967],[-58.29634,-51.48726],[-58.28376,-51.50243],[-58.29791,-51.53063],[-58.26709,-51.51877],[-58.27056,-51.53439],[-58.20128,-51.52421],[-58.21695,-51.54203],[-58.26295,-51.55366],[-58.22027,-51.56343],[-58.24161,-51.57416],[-58.1789,-51.5817],[-58.21158,-51.58676],[-58.14666,-51.61182],[-58.17015,-51.60338],[-58.1951,-51.60746],[-58.25218,-51.58437],[-58.24657,-51.59397],[-58.26053,-51.60067],[-58.24006,-51.60769],[-58.24164,-51.61774],[-58.20462,-51.62237],[-58.22855,-51.62711],[-58.20439,-51.63035],[-58.21727,-51.63265],[-58.21171,-51.64167],[-58.17283,-51.64352],[-58.20218,-51.64476],[-58.22658,-51.63767],[-58.19908,-51.65829],[-58.21256,-51.64927],[-58.2185,-51.66018],[-58.24793,-51.62093],[-58.25682,-51.65218],[-58.24087,-51.65403],[-58.27954,-51.66166],[-58.25632,-51.6455],[-58.25619,-51.6218],[-58.28207,-51.62327],[-58.25222,-51.61444],[-58.28286,-51.5977],[-58.30901,-51.61489],[-58.28518,-51.59389],[-58.29207,-51.58861],[-58.26405,-51.5946],[-58.28397,-51.57277],[-58.26471,-51.57296],[-58.2828,-51.56082],[-58.27564,-51.55588],[-58.29255,-51.54817],[-58.3087,-51.55682],[-58.30956,-51.5437],[-58.32668,-51.53772],[-58.32722,-51.55196],[-58.34557,-51.5545],[-58.32823,-51.56736],[-58.3537,-51.57129],[-58.3595,-51.5591],[-58.38587,-51.56488],[-58.36852,-51.55144],[-58.39293,-51.54948],[-58.37748,-51.53019],[-58.38891,-51.53784],[-58.40514,-51.52816],[-58.4175,-51.56312],[-58.44434,-51.54736],[-58.46273,-51.54771],[-58.43052,-51.54504],[-58.42201,-51.53461],[-58.43382,-51.52369],[-58.40978,-51.49054],[-58.43785,-51.50128],[-58.42334,-51.49222],[-58.43641,-51.47297],[-58.42474,-51.4689],[-58.44283,-51.46868],[-58.47317,-51.49115],[-58.46697,-51.47764],[-58.49191,-51.46846],[-58.5106,-51.49213],[-58.52065,-51.48567],[-58.52642,-51.49495],[-58.51164,-51.50068],[-58.52984,-51.51196],[-58.52664,-51.49975],[-58.5426,-51.49019],[-58.51449,-51.47842],[-58.55995,-51.47563],[-58.52329,-51.4712],[-58.52459,-51.45797],[-58.54373,-51.45724],[-58.52017,-51.45517],[-58.51658,-51.46088],[-58.5042,-51.45378],[-58.51601,-51.44648],[-58.50815,-51.43646],[-58.54179,-51.44465],[-58.51763,-51.42878],[-58.55851,-51.43995],[-58.55886,-51.4508],[-58.5821,-51.44887],[-58.59617,-51.46462],[-58.63358,-51.47005],[-58.5928,-51.45812],[-58.58342,-51.44591],[-58.56629,-51.44788],[-58.56034,-51.43817],[-58.54269,-51.43063],[-58.52291,-51.42907],[-58.52815,-51.42365],[-58.59898,-51.43949],[-58.53773,-51.42109],[-58.55101,-51.41919],[-58.53061,-51.41201],[-58.55794,-51.40415],[-58.52748,-51.40492],[-58.50331,-51.3812],[-58.48954,-51.38563],[-58.52062,-51.40666],[-58.5194,-51.41979],[-58.50604,-51.42425],[-58.49485,-51.39774],[-58.48391,-51.39832],[-58.45704,-51.45504],[-58.39508,-51.44147],[-58.37878,-51.44609],[-58.3701,-51.43352],[-58.36533,-51.46529],[-58.35095,-51.46217],[-58.33106,-51.43861],[-58.35318,-51.44135],[-58.35874,-51.43284],[-58.32594,-51.43624],[-58.31509,-51.41667],[-58.34083,-51.39047],[-58.37665,-51.39469],[-58.35143,-51.38382],[-58.33535,-51.38791],[-58.33139,-51.37921],[-58.34916,-51.36524],[-58.34298,-51.35451],[-58.35473,-51.35886],[-58.38569,-51.34427],[-58.37831,-51.33205],[-58.39453,-51.33197],[-58.41213,-51.31575],[-58.45821,-51.31643],[-58.46591,-51.29814],[-58.48148,-51.30814],[-58.51335,-51.30954],[-58.53172,-51.29505],[-58.55553,-51.3048],[-58.58377,-51.29929],[-58.5826,-51.31038],[-58.60621,-51.32201],[-58.63658,-51.31443],[-58.61765,-51.35046],[-58.58501,-51.34227],[-58.58649,-51.32592],[-58.56882,-51.32352],[-58.58196,-51.3398],[-58.56248,-51.36408],[-58.58004,-51.34755],[-58.59231,-51.34995],[-58.59244,-51.36364],[-58.59609,-51.3486],[-58.619,-51.35825],[-58.64009,-51.34128],[-58.62921,-51.34079],[-58.63956,-51.32387],[-58.67022,-51.33583],[-58.73863,-51.31498],[-58.72043,-51.34144],[-58.73747,-51.35015],[-58.72646,-51.34081],[-58.74582,-51.31745],[-58.9053,-51.27617],[-58.96614,-51.23465]]],[[[-59.38926,-51.33683],[-59.41733,-51.34214],[-59.39774,-51.36753],[-59.45298,-51.35502],[-59.43571,-51.3884],[-59.47617,-51.4036],[-59.43638,-51.40647],[-59.39652,-51.42167],[-59.38578,-51.43882],[-59.43943,-51.44706],[-59.46604,-51.4639],[-59.54227,-51.44529],[-59.52042,-51.48081],[-59.54624,-51.46354],[-59.58927,-51.45792],[-59.60148,-51.44254],[-59.54185,-51.43925],[-59.48386,-51.41538],[-59.491,-51.39536],[-59.51993,-51.39933],[-59.57407,-51.43461],[-59.61942,-51.43565],[-59.62729,-51.46885],[-59.63437,-51.43705],[-59.73282,-51.46079],[-59.76029,-51.45695],[-59.757,-51.44981],[-59.76932,-51.45872],[-59.8165,-51.45542],[-59.81455,-51.44346],[-59.84251,-51.44376],[-59.80509,-51.43967],[-59.82963,-51.4343],[-59.77341,-51.43455],[-59.73008,-51.42155],[-59.75986,-51.41538],[-59.75779,-51.40537],[-59.77134,-51.42075],[-59.8173,-51.41074],[-59.87559,-51.41386],[-59.81992,-51.39524],[-59.89066,-51.41074],[-59.89628,-51.42387],[-59.90244,-51.41843],[-59.88889,-51.40745],[-59.90726,-51.40952],[-59.90848,-51.40238],[-59.88767,-51.40452],[-59.8986,-51.39512],[-59.86033,-51.39072],[-59.88657,-51.38218],[-59.91817,-51.38505],[-59.90299,-51.39054],[-59.91508,-51.39634],[-59.93589,-51.39005],[-59.93662,-51.39866],[-59.95975,-51.39579],[-59.9636,-51.41196],[-59.97526,-51.40604],[-59.98008,-51.41978],[-60.00254,-51.42112],[-60.01993,-51.40305],[-59.98325,-51.38853],[-60.00999,-51.38084],[-60.05094,-51.38822],[-60.03617,-51.39512],[-60.03165,-51.41703],[-60.0814,-51.40836],[-60.06809,-51.42142],[-60.09965,-51.43784],[-60.09208,-51.45048],[-60.00944,-51.45554],[-59.98295,-51.47459],[-60.04465,-51.48008],[-60.05247,-51.49302],[-60.08109,-51.48392],[-60.10813,-51.50449],[-60.1124,-51.49686],[-60.13212,-51.49436],[-60.12223,-51.49753],[-60.13004,-51.50645],[-60.16971,-51.49863],[-60.17118,-51.48899],[-60.15092,-51.48447],[-60.16642,-51.48325],[-60.20206,-51.49778],[-60.24509,-51.49406],[-60.3585,-51.45444],[-60.4047,-51.42045],[-60.44486,-51.40348],[-60.45341,-51.41166],[-60.45054,-51.4022],[-60.48752,-51.38712],[-60.51273,-51.37907],[-60.51566,-51.38578],[-60.53892,-51.36973],[-60.57078,-51.3726],[-60.56553,-51.36564],[-60.61558,-51.34684],[-60.66441,-51.34],[-60.61039,-51.35947],[-60.66453,-51.36069],[-60.64451,-51.37888],[-60.63053,-51.37656],[-60.62876,-51.4036],[-60.65067,-51.41404],[-60.61381,-51.42167],[-60.60014,-51.43937],[-60.52183,-51.45103],[-60.45438,-51.43748],[-60.44639,-51.45402],[-60.42173,-51.45518],[-60.40104,-51.48161],[-60.38303,-51.48576],[-60.38594,-51.50501],[-60.48221,-51.49009],[-60.50809,-51.49998],[-60.51182,-51.52659],[-60.49564,-51.53922],[-60.48411,-51.54307],[-60.48942,-51.53263],[-60.47562,-51.53196],[-60.43162,-51.54154],[-60.40568,-51.56235],[-60.39103,-51.54484],[-60.39786,-51.56693],[-60.33286,-51.58036],[-60.30253,-51.56089],[-60.30656,-51.55253],[-60.34757,-51.54465],[-60.322,-51.5366],[-60.29125,-51.55553],[-60.31339,-51.57694],[-60.26511,-51.5684],[-60.30747,-51.57938],[-60.30503,-51.59775],[-60.22068,-51.61448],[-60.25553,-51.62748],[-60.22086,-51.63151],[-60.18278,-51.66595],[-60.13456,-51.68333],[-60.111,-51.67057],[-60.09942,-51.67111],[-60.09458,-51.67686],[-60.09043,-51.67728],[-60.08671,-51.6641],[-60.08414,-51.66947],[-60.08976,-51.67771],[-60.09458,-51.67936],[-60.09428,-51.68137],[-60.07493,-51.69486],[-60.09568,-51.69102],[-60.09403,-51.6981],[-60.07114,-51.69987],[-60.07096,-51.68796],[-60.02476,-51.69907],[-60.04368,-51.70512],[-60.09385,-51.69993],[-60.08604,-51.71348],[-59.97379,-51.74229],[-60.08646,-51.72227],[-60.10062,-51.70622],[-60.17063,-51.69169],[-60.23344,-51.65629],[-60.28214,-51.68003],[-60.36838,-51.67167],[-60.4376,-51.69675],[-60.47959,-51.70731],[-60.51841,-51.70512],[-60.52097,-51.71226],[-60.61655,-51.67661],[-60.61082,-51.69608],[-60.61796,-51.68156],[-60.65297,-51.66833],[-60.66312,-51.68498],[-60.64017,-51.72825],[-60.59092,-51.77488],[-60.56101,-51.77177],[-60.56968,-51.7996],[-60.53892,-51.80698],[-60.5247,-51.79368],[-60.55582,-51.79356],[-60.53593,-51.78519],[-60.54978,-51.7786],[-60.5214,-51.76035],[-60.49985,-51.76981],[-60.48026,-51.75956],[-60.48411,-51.77189],[-60.45859,-51.77433],[-60.41978,-51.76047],[-60.40989,-51.74503],[-60.35862,-51.75596],[-60.37485,-51.74363],[-60.37168,-51.73087],[-60.38798,-51.73154],[-60.38236,-51.71732],[-60.361,-51.71018],[-60.34299,-51.7183],[-60.31803,-51.69663],[-60.3115,-51.71348],[-60.28855,-51.72044],[-60.24772,-51.69566],[-60.19535,-51.69987],[-60.18095,-51.70866],[-60.18284,-51.75211],[-60.21397,-51.79221],[-60.23014,-51.77244],[-60.25883,-51.78776],[-60.26963,-51.77836],[-60.25553,-51.7653],[-60.28074,-51.77189],[-60.27238,-51.7656],[-60.28348,-51.75968],[-60.26609,-51.74943],[-60.3245,-51.76121],[-60.32969,-51.7797],[-60.32151,-51.76792],[-60.31913,-51.77915],[-60.29423,-51.7786],[-60.32834,-51.80381],[-60.29764,-51.81358],[-60.29203,-51.82963],[-60.30418,-51.84007],[-60.30735,-51.82853],[-60.33396,-51.81931],[-60.32694,-51.83274],[-60.34318,-51.85386],[-60.32737,-51.86417],[-60.34299,-51.85978],[-60.3386,-51.86881],[-60.36429,-51.87693],[-60.35166,-51.86118],[-60.38358,-51.85569],[-60.38224,-51.84568],[-60.41886,-51.86899],[-60.39756,-51.84513],[-60.40885,-51.84128],[-60.38004,-51.83811],[-60.37359,-51.81646],[-60.35673,-51.81492],[-60.37205,-51.79697],[-60.39005,-51.8115],[-60.40006,-51.79984],[-60.41843,-51.81821],[-60.40543,-51.79453],[-60.39524,-51.78782],[-60.38468,-51.796],[-60.37302,-51.78684],[-60.37266,-51.77091],[-60.38651,-51.77763],[-60.37278,-51.76542],[-60.39677,-51.76829],[-60.4047,-51.7808],[-60.40568,-51.77146],[-60.41953,-51.79221],[-60.43723,-51.79026],[-60.41489,-51.77],[-60.44913,-51.7783],[-60.47739,-51.81821],[-60.44547,-51.85154],[-60.47718,-51.87203],[-60.44968,-51.87595],[-60.49711,-51.90818],[-60.49949,-51.93174],[-60.54703,-51.94175],[-60.62919,-51.91795],[-60.64506,-51.92478],[-60.62479,-51.93626],[-60.56254,-51.93796],[-60.54319,-51.95383],[-60.52494,-51.94736],[-60.5004,-51.95316],[-60.49106,-51.94163],[-60.46983,-51.94614],[-60.42106,-51.92338],[-60.39731,-51.92558],[-60.43308,-51.96262],[-60.57047,-51.98417],[-60.51908,-52.00364],[-60.52579,-52.0084],[-60.50346,-52.02311],[-60.53403,-52.0073],[-60.54539,-52.02695],[-60.54966,-52.00785],[-60.5366,-52.00254],[-60.57212,-51.98936],[-60.58115,-52.00608],[-60.5554,-52.02622],[-60.58543,-52.0095],[-60.59244,-52.02488],[-60.60819,-52.02653],[-60.59501,-52.00828],[-60.60807,-52.00443],[-60.5875,-52.00529],[-60.57737,-51.98692],[-60.5864,-51.98154],[-60.61625,-51.9791],[-60.61722,-51.98484],[-60.62821,-51.98069],[-60.63413,-51.99937],[-60.63956,-51.99278],[-60.63395,-51.9918],[-60.6301,-51.97935],[-60.62394,-51.97849],[-60.64921,-51.96854],[-60.67319,-51.9755],[-60.66935,-52.00456],[-60.65372,-52.00858],[-60.67032,-52.01707],[-60.6533,-52.0225],[-60.67673,-52.03257],[-60.63907,-52.03776],[-60.68619,-52.0405],[-60.68345,-52.04697],[-60.68979,-52.03941],[-60.67472,-52.03641],[-60.69675,-52.02018],[-60.68131,-52.01365],[-60.69035,-51.96989],[-60.70237,-51.97465],[-60.69181,-52.00413],[-60.72184,-52.01237],[-60.71226,-52.0051],[-60.73215,-52.00211],[-60.71104,-51.99802],[-60.70762,-51.98539],[-60.72776,-51.98527],[-60.70402,-51.96397],[-60.7313,-51.96262],[-60.75327,-51.97758],[-60.74491,-51.96177],[-60.77506,-51.96714],[-60.77805,-51.95737],[-60.84501,-51.95371],[-60.85416,-51.96921],[-60.82798,-51.97562],[-60.83854,-51.98484],[-60.82047,-51.98771],[-60.82084,-52.00199],[-60.79111,-51.98936],[-60.79355,-51.99924],[-60.74638,-52.00199],[-60.75065,-52.02256],[-60.80082,-52.02586],[-60.81014,-52.0362],[-60.85966,-52.04203],[-60.87595,-52.02885],[-60.89628,-52.02842],[-60.87052,-52.0709],[-60.81205,-52.06077],[-60.85654,-52.08518],[-60.87669,-52.0734],[-60.92014,-52.08329],[-60.8823,-52.07328],[-60.89243,-52.0648],[-60.91752,-52.06779],[-60.89329,-52.05875],[-60.8967,-52.03709],[-60.97953,-52.04887],[-60.97855,-52.04172],[-61.00449,-52.03995],[-61.00376,-52.01908],[-61.02408,-52.00761],[-61.06779,-52.0073],[-61.0781,-52.01676],[-61.04215,-52.01499],[-61.04819,-52.07218],[-61.02927,-52.07011],[-61.01981,-52.08054],[-61.01188,-52.07352],[-61.02323,-52.04282],[-60.99595,-52.06022],[-60.9968,-52.07426],[-60.97361,-52.07804],[-60.97843,-52.08768],[-60.947,-52.09025],[-60.93302,-52.11649],[-60.90232,-52.11375],[-60.85886,-52.12431],[-60.85941,-52.1461],[-60.81785,-52.1514],[-60.81156,-52.1627],[-60.82541,-52.17252],[-60.79484,-52.18998],[-60.74119,-52.18131],[-60.7205,-52.18681],[-60.73105,-52.18162],[-60.71952,-52.17625],[-60.73258,-52.18034],[-60.73984,-52.16898],[-60.77079,-52.16721],[-60.79617,-52.14004],[-60.84458,-52.12754],[-60.85007,-52.10703],[-60.81467,-52.09794],[-60.81101,-52.11234],[-60.76426,-52.11027],[-60.76426,-52.11991],[-60.74338,-52.12424],[-60.7161,-52.10288],[-60.71146,-52.11863],[-60.66618,-52.13773],[-60.71531,-52.12949],[-60.74691,-52.14411],[-60.71751,-52.16044],[-60.70157,-52.1417],[-60.70444,-52.1735],[-60.66141,-52.15434],[-60.69694,-52.17924],[-60.67209,-52.19242],[-60.62931,-52.17539],[-60.66508,-52.19297],[-60.63126,-52.20493],[-60.64207,-52.2078],[-60.63193,-52.21464],[-60.67319,-52.19981],[-60.69639,-52.21311],[-60.66648,-52.22275],[-60.68143,-52.23545],[-60.65275,-52.25907],[-60.61851,-52.25944],[-60.62247,-52.23234],[-60.60465,-52.25114],[-60.59501,-52.2349],[-60.57145,-52.23576],[-60.50425,-52.20383],[-60.50547,-52.19541],[-60.54374,-52.19419],[-60.551,-52.18418],[-60.52219,-52.1912],[-60.50577,-52.1879],[-60.51279,-52.17912],[-60.49003,-52.18064],[-60.51932,-52.15922],[-60.53513,-52.16721],[-60.53892,-52.15787],[-60.52415,-52.15513],[-60.54471,-52.13651],[-60.57651,-52.16447],[-60.55772,-52.13798],[-60.58677,-52.13425],[-60.58597,-52.12608],[-60.54337,-52.11247],[-60.54349,-52.13084],[-60.52909,-52.13193],[-60.5084,-52.15812],[-60.486,-52.16599],[-60.48948,-52.15653],[-60.4733,-52.14964],[-60.47904,-52.16965],[-60.46628,-52.17857],[-60.44321,-52.16965],[-60.46519,-52.15977],[-60.41636,-52.14433],[-60.40733,-52.17216],[-60.36826,-52.17625],[-60.40458,-52.12485],[-60.50071,-52.11069],[-60.45829,-52.10276],[-60.45066,-52.1143],[-60.40867,-52.12003],[-60.3881,-52.13566],[-60.38114,-52.11179],[-60.40757,-52.0911],[-60.38102,-52.10313],[-60.32792,-52.10136],[-60.34739,-52.11411],[-60.37754,-52.10825],[-60.38071,-52.15378],[-60.35355,-52.16105],[-60.26639,-52.08933],[-60.25651,-52.0286],[-60.24235,-52.01859],[-60.25803,-52.0239],[-60.26963,-52.0789],[-60.27763,-52.08274],[-60.27982,-52.07438],[-60.28251,-52.08201],[-60.28184,-52.02049],[-60.29514,-52.0264],[-60.29215,-52.01688],[-60.31144,-52.00828],[-60.29709,-52.01017],[-60.3278,-51.99937],[-60.3353,-51.99345],[-60.3574,-52.00663],[-60.34263,-51.99442],[-60.33561,-51.9921],[-60.33091,-51.99412],[-60.32834,-51.96891],[-60.34055,-51.96482],[-60.33616,-51.96],[-60.35972,-51.95792],[-60.36936,-51.93229],[-60.33066,-51.93906],[-60.32834,-51.96],[-60.32395,-51.93906],[-60.30912,-51.93284],[-60.30955,-51.94987],[-60.33121,-51.96232],[-60.32657,-51.96714],[-60.32804,-51.99308],[-60.29416,-52.00608],[-60.29008,-52.01432],[-60.27457,-52.00169],[-60.28446,-51.99345],[-60.26676,-51.99802],[-60.20963,-51.96781],[-60.24198,-51.9929],[-60.20701,-51.97922],[-60.22086,-51.9943],[-60.17148,-51.96812],[-60.23905,-52.01676],[-60.16245,-52.00376],[-60.10007,-52.00828],[-60.08787,-51.97086],[-60.10197,-51.96177],[-60.08756,-51.96439],[-60.0792,-51.93534],[-60.06724,-51.94999],[-60.05167,-51.94315],[-60.07548,-51.96165],[-60.03727,-51.96946],[-60.01749,-51.95963],[-59.99735,-51.96958],[-60.0178,-51.96744],[-59.9968,-51.98234],[-60.0178,-51.99882],[-60.00431,-52.00584],[-59.95267,-51.99045],[-59.91947,-51.96659],[-59.90079,-51.97044],[-59.90098,-51.9788],[-59.85953,-51.96409],[-59.83445,-51.89707],[-59.78397,-51.86173],[-59.74918,-51.81071],[-59.77396,-51.82005],[-59.75303,-51.80564],[-59.72501,-51.80698],[-59.72666,-51.81425],[-59.62864,-51.75407],[-59.61918,-51.74375],[-59.62962,-51.74955],[-59.6403,-51.73801],[-59.66428,-51.74363],[-59.63645,-51.73161],[-59.63291,-51.74143],[-59.6074,-51.73087],[-59.54374,-51.64628],[-59.6027,-51.68632],[-59.58903,-51.66111],[-59.5026,-51.60203],[-59.53843,-51.6478],[-59.43888,-51.585],[-59.48093,-51.6323],[-59.44096,-51.63425],[-59.39084,-51.60679],[-59.38578,-51.57963],[-59.33835,-51.52836],[-59.34617,-51.52055],[-59.39579,-51.55674],[-59.36808,-51.52714],[-59.3931,-51.53648],[-59.36387,-51.52372],[-59.3585,-51.50779],[-59.38157,-51.50272],[-59.48014,-51.52604],[-59.37742,-51.49863],[-59.35386,-51.50755],[-59.36619,-51.48655],[-59.35111,-51.49601],[-59.33121,-51.49259],[-59.34397,-51.51865],[-59.33451,-51.52415],[-59.28666,-51.4835],[-59.20182,-51.43827],[-59.29191,-51.46378],[-59.27158,-51.45774],[-59.29172,-51.45188],[-59.26627,-51.44584],[-59.29203,-51.43113],[-59.24473,-51.42265],[-59.19413,-51.40006],[-59.22483,-51.40165],[-59.23966,-51.39042],[-59.30631,-51.37821],[-59.37089,-51.35355],[-59.38926,-51.33683]]],[[[-37.71608,-53.99232],[-37.73357,-53.98118],[-37.72829,-54.00845],[-37.76498,-54.00395],[-37.78411,-54.01652],[-37.82823,-54.02154],[-37.87739,-54.00117],[-37.9532,-54.00659],[-37.96914,-54.02468],[-38.00874,-54.00931],[-38.02116,-54.01868],[-37.99779,-54.03282],[-38.02211,-54.0618],[-38.04767,-54.06813],[-38.00426,-54.06161],[-38.01278,-54.07251],[-37.99575,-54.07212],[-37.97571,-54.06118],[-37.98218,-54.05062],[-37.95168,-54.04015],[-37.94697,-54.0499],[-37.92926,-54.04714],[-37.88477,-54.06265],[-37.82195,-54.03558],[-37.80725,-54.04095],[-37.82195,-54.05356],[-37.80506,-54.05309],[-37.80453,-54.06104],[-37.79102,-54.04781],[-37.74781,-54.05756],[-37.73191,-54.04586],[-37.70888,-54.04757],[-37.69969,-54.03505],[-37.66909,-54.03386],[-37.6611,-54.05285],[-37.61322,-54.04419],[-37.60761,-54.0558],[-37.65182,-54.06661],[-37.64606,-54.07812],[-37.70184,-54.08493],[-37.73324,-54.10996],[-37.68537,-54.11362],[-37.67371,-54.10382],[-37.63802,-54.11743],[-37.7321,-54.13813],[-37.72877,-54.15027],[-37.67142,-54.15779],[-37.69394,-54.17773],[-37.63335,-54.17896],[-37.62169,-54.18401],[-37.62955,-54.19134],[-37.6108,-54.17934],[-37.54331,-54.17054],[-37.54626,-54.15322],[-37.58134,-54.15212],[-37.56026,-54.14846],[-37.56088,-54.13547],[-37.511,-54.14199],[-37.48026,-54.12685],[-37.47736,-54.13789],[-37.4074,-54.1525],[-37.29014,-54.14456],[-37.23141,-54.14932],[-37.22513,-54.16669],[-37.28952,-54.16526],[-37.29257,-54.17454],[-37.3147,-54.17021],[-37.41582,-54.18696],[-37.39174,-54.21194],[-37.37694,-54.20833],[-37.3274,-54.23041],[-37.30627,-54.23031],[-37.3344,-54.24359],[-37.41813,-54.25123],[-37.40885,-54.26988],[-37.42084,-54.27659],[-37.40504,-54.27526],[-37.40695,-54.25722],[-37.40186,-54.27117],[-37.38463,-54.2658],[-37.38786,-54.25532],[-37.37468,-54.27117],[-37.34941,-54.26874],[-37.3635,-54.2834],[-37.33418,-54.2706],[-37.30344,-54.27478],[-37.27127,-54.25351],[-37.25756,-54.25513],[-37.25395,-54.23976],[-37.24705,-54.24547],[-37.22094,-54.23898],[-37.22725,-54.25456],[-37.21216,-54.24799],[-37.20408,-54.26665],[-37.17252,-54.27364],[-37.15182,-54.26379],[-37.13174,-54.2833],[-37.10576,-54.27926],[-37.10556,-54.28873],[-37.08658,-54.28107],[-37.08149,-54.30924],[-37.10928,-54.32471],[-37.09467,-54.32818],[-37.09286,-54.32133],[-37.08929,-54.32875],[-37.08582,-54.31785],[-37.06264,-54.32885],[-37.06659,-54.33794],[-37.05717,-54.32523],[-37.0466,-54.34736],[-37.01876,-54.34217],[-37.03042,-54.35388],[-37.01348,-54.36016],[-36.94876,-54.35959],[-36.91611,-54.33494],[-36.91535,-54.34274],[-36.85358,-54.35492],[-36.90318,-54.37275],[-36.88477,-54.37287],[-36.89491,-54.39071],[-36.85214,-54.38916],[-36.84676,-54.38203],[-36.83998,-54.40816],[-36.8059,-54.4082],[-36.80153,-54.40036],[-36.78352,-54.41394],[-36.80474,-54.42698],[-36.79383,-54.43083],[-36.81371,-54.43859],[-36.80302,-54.44891],[-36.81751,-54.44906],[-36.81795,-54.45841],[-36.74013,-54.46638],[-36.73834,-54.47882],[-36.68295,-54.49149],[-36.65437,-54.48297],[-36.64464,-54.49162],[-36.66175,-54.49337],[-36.66233,-54.50805],[-36.64139,-54.51795],[-36.62459,-54.5132],[-36.61503,-54.52046],[-36.58072,-54.50267],[-36.55652,-54.5087],[-36.52811,-54.50026],[-36.49988,-54.508],[-36.519,-54.52031],[-36.46459,-54.53185],[-36.49947,-54.56892],[-36.42353,-54.58888],[-36.41461,-54.61728],[-36.35503,-54.65483],[-36.3681,-54.66797],[-36.30706,-54.70623],[-36.32197,-54.70637],[-36.31618,-54.72452],[-36.3272,-54.72541],[-36.30801,-54.73306],[-36.31246,-54.74701],[-36.28171,-54.76736],[-36.25612,-54.7698],[-36.27564,-54.77143],[-36.26559,-54.79653],[-36.23266,-54.80422],[-36.23108,-54.81262],[-36.21354,-54.80353],[-36.20988,-54.82443],[-36.19928,-54.82005],[-36.20198,-54.82751],[-36.15664,-54.83445],[-36.14609,-54.84493],[-36.15987,-54.85036],[-36.12839,-54.84752],[-36.134,-54.86326],[-36.10578,-54.85631],[-36.13175,-54.87383],[-36.1184,-54.88734],[-36.10792,-54.88185],[-36.10721,-54.90035],[-36.09114,-54.89678],[-36.09855,-54.89004],[-36.07674,-54.8728],[-36.07078,-54.88638],[-36.05197,-54.88242],[-36.04258,-54.85447],[-36.01436,-54.88366],[-36.00866,-54.86166],[-36.02873,-54.85357],[-36.00464,-54.85842],[-35.99985,-54.87189],[-35.99053,-54.85979],[-35.98188,-54.8818],[-35.96185,-54.86779],[-35.97792,-54.85585],[-35.93745,-54.85731],[-35.9657,-54.83365],[-35.99708,-54.83245],[-36.01657,-54.84363],[-36.04801,-54.83479],[-36.01816,-54.83869],[-35.99526,-54.82516],[-36.06664,-54.81954],[-36.0774,-54.81191],[-36.03618,-54.81153],[-36.09091,-54.78671],[-36.12481,-54.78537],[-36.10802,-54.77767],[-36.11943,-54.75161],[-36.10538,-54.77076],[-36.09118,-54.7758],[-36.07927,-54.76841],[-36.0604,-54.78565],[-35.985,-54.80313],[-35.97657,-54.81381],[-35.93939,-54.80995],[-35.95147,-54.7918],[-35.93155,-54.80572],[-35.9397,-54.81291],[-35.91419,-54.81522],[-35.89551,-54.78373],[-35.88729,-54.80372],[-35.8824,-54.78545],[-35.8759,-54.79548],[-35.84238,-54.80054],[-35.81582,-54.79455],[-35.8196,-54.7816],[-35.79409,-54.77796],[-35.80547,-54.76761],[-35.79397,-54.76984],[-35.79175,-54.76119],[-35.83429,-54.76403],[-35.83685,-54.75015],[-35.85637,-54.75463],[-35.87181,-54.7321],[-35.91853,-54.73144],[-35.9266,-54.71484],[-35.97162,-54.70401],[-35.91617,-54.6975],[-35.92554,-54.6496],[-35.96444,-54.62273],[-35.95053,-54.6277],[-35.94109,-54.61773],[-35.92804,-54.62023],[-35.92196,-54.58745],[-35.90216,-54.59317],[-35.9121,-54.57484],[-35.88884,-54.55798],[-35.89364,-54.54527],[-35.90874,-54.54359],[-35.92281,-54.5593],[-35.98266,-54.57787],[-35.9902,-54.59731],[-35.99567,-54.5765],[-36.02319,-54.56523],[-36.09112,-54.57504],[-36.11241,-54.54738],[-36.07932,-54.53683],[-36.08715,-54.51995],[-36.03946,-54.52011],[-36.00881,-54.50474],[-36.03616,-54.50043],[-36.056,-54.47259],[-36.10526,-54.46054],[-36.11274,-54.46694],[-36.14734,-54.46263],[-36.17701,-54.44962],[-36.18679,-54.43483],[-36.16959,-54.42291],[-36.18793,-54.41417],[-36.17159,-54.41849],[-36.16517,-54.41157],[-36.18569,-54.39448],[-36.15746,-54.37449],[-36.18424,-54.38842],[-36.2061,-54.38087],[-36.26417,-54.39099],[-36.25671,-54.3747],[-36.20778,-54.34894],[-36.24588,-54.35114],[-36.24316,-54.34019],[-36.26786,-54.33904],[-36.23954,-54.33267],[-36.2403,-54.32144],[-36.25981,-54.32333],[-36.25083,-54.28727],[-36.28264,-54.28874],[-36.29862,-54.30076],[-36.30938,-54.29329],[-36.28551,-54.28156],[-36.30096,-54.28156],[-36.29484,-54.26937],[-36.32798,-54.27291],[-36.32953,-54.26283],[-36.35539,-54.26511],[-36.40015,-54.244],[-36.40123,-54.27682],[-36.35619,-54.31028],[-36.36241,-54.3186],[-36.33068,-54.34972],[-36.34803,-54.37426],[-36.39265,-54.36433],[-36.42895,-54.31756],[-36.44405,-54.31441],[-36.48486,-54.36242],[-36.52188,-54.35581],[-36.5012,-54.35628],[-36.49459,-54.31198],[-36.47766,-54.3062],[-36.50754,-54.28306],[-36.48489,-54.28365],[-36.46809,-54.26474],[-36.46607,-54.24874],[-36.48813,-54.23887],[-36.50056,-54.25267],[-36.50937,-54.2382],[-36.53954,-54.24263],[-36.6047,-54.27154],[-36.61192,-54.28401],[-36.63072,-54.28273],[-36.63146,-54.27475],[-36.67353,-54.30034],[-36.69828,-54.30159],[-36.65129,-54.27175],[-36.70467,-54.24984],[-36.69888,-54.23346],[-36.64367,-54.24278],[-36.61829,-54.23384],[-36.61384,-54.21598],[-36.58483,-54.21088],[-36.59377,-54.18972],[-36.54481,-54.19939],[-36.52621,-54.18652],[-36.48956,-54.19941],[-36.49045,-54.18182],[-36.52696,-54.18464],[-36.56099,-54.16435],[-36.6383,-54.17644],[-36.66457,-54.19288],[-36.70421,-54.18721],[-36.7071,-54.17468],[-36.65301,-54.16834],[-36.70896,-54.16203],[-36.70618,-54.15341],[-36.68057,-54.15123],[-36.68834,-54.13701],[-36.64432,-54.1463],[-36.64507,-54.13435],[-36.62655,-54.13044],[-36.64275,-54.12056],[-36.67341,-54.12662],[-36.66722,-54.11364],[-36.69275,-54.1197],[-36.72993,-54.10547],[-36.73945,-54.11299],[-36.76916,-54.10674],[-36.78563,-54.1159],[-36.78555,-54.15092],[-36.80705,-54.15412],[-36.82591,-54.13123],[-36.80455,-54.10914],[-36.80925,-54.09545],[-36.84459,-54.0908],[-36.8565,-54.07914],[-36.85182,-54.08599],[-36.87223,-54.09299],[-36.89608,-54.07832],[-36.94104,-54.08567],[-36.95464,-54.10536],[-36.9975,-54.11606],[-37.00193,-54.12923],[-37.01619,-54.12515],[-37.01319,-54.13501],[-37.04906,-54.13638],[-37.03334,-54.11204],[-36.97366,-54.0864],[-36.98736,-54.07208],[-36.96969,-54.06671],[-36.97716,-54.05878],[-36.98658,-54.06514],[-36.98857,-54.05565],[-37.00816,-54.06805],[-36.99589,-54.07165],[-37.00451,-54.08044],[-37.01884,-54.08056],[-37.02381,-54.06811],[-37.07218,-54.07862],[-37.12027,-54.11391],[-37.11021,-54.12887],[-37.14019,-54.12562],[-37.15185,-54.13401],[-37.16487,-54.12693],[-37.14236,-54.11608],[-37.15167,-54.08456],[-37.1045,-54.06685],[-37.16013,-54.06679],[-37.13032,-54.05857],[-37.14579,-54.05378],[-37.12815,-54.04961],[-37.13471,-54.04241],[-37.18,-54.04481],[-37.18994,-54.06954],[-37.22237,-54.05579],[-37.25149,-54.09504],[-37.24527,-54.08339],[-37.26937,-54.05558],[-37.31877,-54.06077],[-37.35748,-54.04945],[-37.36735,-54.05956],[-37.4185,-54.06777],[-37.50036,-54.06206],[-37.43975,-54.04179],[-37.45774,-54.03408],[-37.43633,-54.02351],[-37.45624,-54.01488],[-37.3835,-54.00631],[-37.36616,-53.99182],[-37.41884,-53.98589],[-37.43447,-54.00303],[-37.45703,-53.9951],[-37.4718,-54.01202],[-37.50907,-54.02437],[-37.54747,-54.02044],[-37.55068,-54.02723],[-37.59694,-54.00974],[-37.62542,-54.0143],[-37.64884,-54.00709],[-37.6866,-54.01573],[-37.6756,-53.98811],[-37.71608,-53.99232]]],[[[-64.32744,-54.73448],[-64.34095,-54.72582],[-64.33848,-54.70288],[-64.34943,-54.74062],[-64.37631,-54.7528],[-64.35761,-54.78511],[-64.37041,-54.81138],[-64.36661,-54.78483],[-64.3954,-54.7825],[-64.3914,-54.74914],[-64.42152,-54.75489],[-64.40315,-54.76441],[-64.41243,-54.78273],[-64.43223,-54.76103],[-64.48991,-54.76375],[-64.54378,-54.7252],[-64.5415,-54.76855],[-64.52146,-54.77312],[-64.52674,-54.7883],[-64.51142,-54.79806],[-64.52855,-54.80448],[-64.55687,-54.79592],[-64.5865,-54.82081],[-64.63961,-54.79714],[-64.64789,-54.77681],[-64.65657,-54.78395],[-64.69541,-54.78281],[-64.67428,-54.79994],[-64.69735,-54.80605],[-64.70883,-54.78961],[-64.73784,-54.80451],[-64.72493,-54.81165],[-64.75657,-54.83649],[-64.73824,-54.84414],[-64.74863,-54.85648],[-64.67598,-54.84335],[-64.66438,-54.85055],[-64.68372,-54.85811],[-64.67634,-54.87155],[-64.64363,-54.88843],[-64.70291,-54.90675],[-64.70424,-54.91546],[-64.65279,-54.91494],[-64.62096,-54.90295],[-64.60615,-54.91085],[-64.57336,-54.89719],[-64.56627,-54.88277],[-64.53905,-54.88842],[-64.51561,-54.87021],[-64.52667,-54.86783],[-64.51823,-54.85463],[-64.46614,-54.82343],[-64.47147,-54.83519],[-64.44501,-54.83999],[-64.47494,-54.84256],[-64.50131,-54.86231],[-64.48917,-54.86046],[-64.4817,-54.87502],[-64.44863,-54.86464],[-64.44863,-54.8754],[-64.40622,-54.85522],[-64.39442,-54.82733],[-64.3571,-54.83512],[-64.3246,-54.82498],[-64.29909,-54.80644],[-64.3049,-54.78769],[-64.27825,-54.79643],[-64.27016,-54.79057],[-64.26365,-54.80454],[-64.23394,-54.78234],[-64.23913,-54.84036],[-64.22371,-54.84197],[-64.22257,-54.85787],[-64.20058,-54.8284],[-64.17964,-54.83893],[-64.17232,-54.82328],[-64.14817,-54.83006],[-64.12063,-54.81436],[-64.10986,-54.83328],[-64.10094,-54.8165],[-64.07524,-54.80805],[-64.07113,-54.79497],[-64.08458,-54.7908],[-64.0612,-54.77974],[-64.03449,-54.80799],[-64.02295,-54.7911],[-63.99136,-54.7867],[-63.9549,-54.76683],[-63.96751,-54.79366],[-63.94508,-54.79592],[-63.95341,-54.81335],[-63.8828,-54.77968],[-63.88601,-54.79324],[-63.84568,-54.7892],[-63.82902,-54.76058],[-63.80148,-54.75101],[-63.81028,-54.73685],[-63.79589,-54.72715],[-63.82593,-54.72061],[-63.85597,-54.74946],[-63.87875,-54.75523],[-63.88809,-54.75118],[-63.85484,-54.73173],[-63.8784,-54.73066],[-63.87631,-54.7168],[-63.93919,-54.72566],[-63.95805,-54.74125],[-63.98987,-54.73566],[-63.99237,-54.74518],[-64.00748,-54.7422],[-64.02426,-54.75249],[-64.04258,-54.77813],[-64.03032,-54.75136],[-64.04984,-54.74208],[-64.04728,-54.73036],[-64.07292,-54.7284],[-64.08321,-54.75184],[-64.10843,-54.76433],[-64.10885,-54.75642],[-64.12645,-54.75755],[-64.10611,-54.7497],[-64.10944,-54.73798],[-64.12913,-54.73459],[-64.12526,-54.7281],[-64.1495,-54.73034],[-64.16492,-54.74019],[-64.14541,-54.74509],[-64.13851,-54.77041],[-64.21632,-54.73386],[-64.24235,-54.74523],[-64.27866,-54.72896],[-64.32744,-54.73448]]],[[[-60.88442,-51.76507],[-60.90076,-51.76249],[-60.89433,-51.77626],[-60.90932,-51.77166],[-60.91569,-51.77939],[-60.89219,-51.81092],[-60.87547,-51.80544],[-60.90577,-51.83008],[-60.90331,-51.85723],[-60.91853,-51.83143],[-60.93465,-51.8511],[-60.948,-51.8404],[-60.95423,-51.86554],[-60.96732,-51.86001],[-60.98433,-51.87322],[-60.98937,-51.86484],[-60.99206,-51.87216],[-61.01306,-51.87002],[-61.0522,-51.88923],[-61.02914,-51.8721],[-61.03334,-51.858],[-60.96218,-51.82743],[-60.96326,-51.81561],[-60.94222,-51.82008],[-60.93365,-51.81306],[-60.95119,-51.79873],[-60.98874,-51.80544],[-60.97501,-51.79589],[-60.97757,-51.7785],[-61.03876,-51.78436],[-61.03347,-51.81526],[-61.05322,-51.8118],[-61.06356,-51.82541],[-61.03816,-51.84515],[-61.0929,-51.82412],[-61.11764,-51.83685],[-61.09377,-51.81676],[-61.10126,-51.80913],[-61.11259,-51.81889],[-61.14205,-51.81907],[-61.13244,-51.8259],[-61.15154,-51.83806],[-61.167,-51.83226],[-61.16096,-51.85256],[-61.12745,-51.84131],[-61.13644,-51.85218],[-61.09348,-51.84825],[-61.10082,-51.85943],[-61.11271,-51.85246],[-61.13406,-51.85926],[-61.13667,-51.88107],[-61.11886,-51.88119],[-61.13744,-51.90417],[-61.11702,-51.91014],[-61.10104,-51.90103],[-61.11028,-51.9231],[-61.09884,-51.9314],[-61.07927,-51.91529],[-61.0689,-51.93507],[-61.03866,-51.92531],[-61.07413,-51.94197],[-61.04139,-51.95215],[-61.05772,-51.96645],[-61.03217,-51.96514],[-61.00208,-51.98925],[-60.97597,-51.98431],[-60.96698,-51.96457],[-60.89876,-51.95266],[-60.92585,-51.93688],[-60.8909,-51.93739],[-60.88823,-51.92124],[-60.87093,-51.91717],[-60.87053,-51.90101],[-60.91038,-51.9108],[-60.91557,-51.89616],[-60.87188,-51.89014],[-60.89819,-51.88364],[-60.88119,-51.87669],[-60.88186,-51.82203],[-60.85658,-51.78855],[-60.86334,-51.76494],[-60.88442,-51.76507]]],[[[-60.29376,-51.26544],[-60.32556,-51.26263],[-60.30469,-51.29358],[-60.28357,-51.30469],[-60.23944,-51.30829],[-60.20203,-51.34296],[-60.1391,-51.36035],[-60.16406,-51.36407],[-60.12164,-51.36475],[-60.13007,-51.38818],[-60.14648,-51.38092],[-60.13782,-51.39148],[-60.17621,-51.39685],[-60.18695,-51.38971],[-60.16901,-51.38],[-60.2326,-51.33856],[-60.24316,-51.36078],[-60.28442,-51.36957],[-60.27399,-51.396],[-60.31567,-51.38928],[-60.25769,-51.4137],[-60.20062,-51.39685],[-60.19775,-51.40631],[-60.17078,-51.39807],[-60.17572,-51.40424],[-60.10999,-51.40369],[-60.12109,-51.39618],[-60.09821,-51.38452],[-60.10767,-51.37891],[-60.08026,-51.38245],[-60.08301,-51.36377],[-60.04474,-51.33789],[-60.07904,-51.32843],[-60.0622,-51.31317],[-60.0863,-51.31415],[-60.09137,-51.30347],[-60.15759,-51.31647],[-60.23065,-51.30731],[-60.24921,-51.3006],[-60.2655,-51.27179],[-60.29376,-51.26544]]],[[[-59.7622,-51.24821],[-59.82364,-51.25402],[-59.83791,-51.26432],[-59.81155,-51.28034],[-59.76927,-51.28378],[-59.72833,-51.30062],[-59.72189,-51.29293],[-59.71471,-51.30324],[-59.68038,-51.29412],[-59.61952,-51.30506],[-59.58629,-51.34374],[-59.48559,-51.3433],[-59.46145,-51.35106],[-59.48537,-51.33254],[-59.47201,-51.31918],[-59.47783,-51.30331],[-59.45945,-51.32774],[-59.42442,-51.33808],[-59.49152,-51.27582],[-59.5178,-51.27501],[-59.51717,-51.28589],[-59.54944,-51.27804],[-59.53866,-51.28606],[-59.55293,-51.29103],[-59.5463,-51.30222],[-59.58773,-51.31137],[-59.60056,-51.3053],[-59.58828,-51.28258],[-59.59516,-51.29069],[-59.60336,-51.28486],[-59.58816,-51.27024],[-59.60343,-51.26285],[-59.69615,-51.2727],[-59.72576,-51.26839],[-59.7265,-51.257],[-59.74373,-51.26487],[-59.7622,-51.24821]]],[[[-58.42226,-51.98853],[-58.42617,-52.0062],[-58.48447,-51.98942],[-58.4698,-52.00305],[-58.49077,-51.99678],[-58.49347,-52.00584],[-58.52298,-52.00803],[-58.5123,-52.01598],[-58.53354,-52.01033],[-58.53765,-52.02175],[-58.55359,-52.02265],[-58.52236,-52.04037],[-58.51328,-52.05545],[-58.52927,-52.05889],[-58.48101,-52.07065],[-58.47307,-52.08517],[-58.44604,-52.07571],[-58.44554,-52.08715],[-58.46724,-52.09225],[-58.44856,-52.10206],[-58.41376,-52.09701],[-58.43327,-52.08915],[-58.42549,-52.06695],[-58.44224,-52.05011],[-58.42383,-52.02697],[-58.43532,-52.02384],[-58.44657,-52.04127],[-58.46648,-52.04003],[-58.47173,-52.02719],[-58.44163,-52.02978],[-58.46012,-52.0187],[-58.44526,-52.01759],[-58.45508,-52.00811],[-58.42059,-52.01557],[-58.42044,-52.02428],[-58.40379,-52.01444],[-58.41424,-52.00071],[-58.39724,-51.9994],[-58.42226,-51.98853]]],[[[-59.77297,-52.15406],[-59.78205,-52.14012],[-59.80824,-52.16859],[-59.79153,-52.17052],[-59.78623,-52.18531],[-59.7613,-52.17912],[-59.74163,-52.19135],[-59.73971,-52.22284],[-59.75399,-52.22909],[-59.73959,-52.24479],[-59.76065,-52.24979],[-59.76211,-52.2667],[-59.74711,-52.29605],[-59.73051,-52.26171],[-59.71758,-52.26666],[-59.68314,-52.24585],[-59.68946,-52.22907],[-59.67013,-52.22215],[-59.69378,-52.21773],[-59.68454,-52.18858],[-59.69743,-52.16828],[-59.76802,-52.17394],[-59.77297,-52.15406]]],[[[-59.95788,-51.28558],[-59.9765,-51.29371],[-59.99041,-51.28608],[-59.99588,-51.30018],[-60.04455,-51.30554],[-59.98873,-51.34518],[-59.93057,-51.35646],[-59.91982,-51.33661],[-59.93638,-51.33526],[-59.92988,-51.32198],[-59.94884,-51.31566],[-59.92772,-51.31649],[-59.91713,-51.32654],[-59.89873,-51.31265],[-59.92332,-51.31555],[-59.95788,-51.28558]]],[[[-61.23104,-51.79621],[-61.24439,-51.80172],[-61.23857,-51.81439],[-61.26578,-51.80851],[-61.26192,-51.83064],[-61.30701,-51.80035],[-61.29753,-51.83073],[-61.30889,-51.81799],[-61.345,-51.82433],[-61.34746,-51.83338],[-61.2408,-51.87883],[-61.20464,-51.84985],[-61.22345,-51.84669],[-61.23994,-51.85348],[-61.23607,-51.86204],[-61.24574,-51.85519],[-61.26468,-51.86151],[-61.22931,-51.84202],[-61.25594,-51.83878],[-61.25354,-51.83175],[-61.23946,-51.82104],[-61.21092,-51.83001],[-61.19569,-51.82246],[-61.23104,-51.79621]]],[[[-59.68749,-52.30724],[-59.67899,-52.30174],[-59.74558,-52.31748],[-59.75114,-52.30873],[-59.76495,-52.31798],[-59.76365,-52.34378],[-59.78388,-52.33971],[-59.81624,-52.36131],[-59.78683,-52.36339],[-59.78672,-52.3773],[-59.76003,-52.38327],[-59.73562,-52.35957],[-59.75383,-52.34884],[-59.72077,-52.33618],[-59.71697,-52.31598],[-59.69117,-52.31607],[-59.68749,-52.30724]]],[[[-67.50563,-54.87745],[-67.54033,-54.87979],[-67.5331,-54.90411],[-67.49007,-54.91786],[-67.46207,-54.9016],[-67.41428,-54.91225],[-67.41894,-54.88978],[-67.4361,-54.89293],[-67.44881,-54.8787],[-67.47161,-54.8844],[-67.50563,-54.87745]]],[[[-58.82824,-52.15883],[-58.82618,-52.13308],[-58.86189,-52.17872],[-58.85658,-52.2142],[-58.87485,-52.21173],[-58.88502,-52.22189],[-58.91474,-52.21377],[-58.93664,-52.23491],[-58.94904,-52.22435],[-58.96898,-52.23643],[-58.99016,-52.22272],[-59.00382,-52.24825],[-58.98781,-52.24067],[-58.93579,-52.24319],[-58.83545,-52.2107],[-58.82626,-52.19916],[-58.85034,-52.17049],[-58.82824,-52.15883]]],[[[-61.2543,-51.68248],[-61.26872,-51.67726],[-61.26439,-51.69193],[-61.27655,-51.69529],[-61.31271,-51.69927],[-61.33309,-51.69209],[-61.30927,-51.72208],[-61.31567,-51.74757],[-61.29372,-51.76422],[-61.2749,-51.74402],[-61.30463,-51.73977],[-61.29196,-51.72717],[-61.30099,-51.72205],[-61.27942,-51.72135],[-61.29297,-51.70646],[-61.27103,-51.69817],[-61.23991,-51.71765],[-61.25532,-51.69831],[-61.21219,-51.70356],[-61.21182,-51.68986],[-61.22518,-51.69612],[-61.2543,-51.68248]]],[[[-59.73947,-51.31889],[-59.75174,-51.31992],[-59.75177,-51.33346],[-59.78268,-51.322],[-59.77185,-51.34055],[-59.7501,-51.34822],[-59.7799,-51.34361],[-59.7957,-51.34754],[-59.78924,-51.3533],[-59.8319,-51.3594],[-59.80039,-51.37408],[-59.79564,-51.36242],[-59.81484,-51.36106],[-59.78296,-51.3522],[-59.74396,-51.36407],[-59.77604,-51.36502],[-59.76763,-51.3734],[-59.74667,-51.37077],[-59.74475,-51.38188],[-59.73694,-51.36154],[-59.71821,-51.35848],[-59.66033,-51.37063],[-59.73352,-51.34255],[-59.73343,-51.32746],[-59.73529,-51.33882],[-59.74505,-51.33627],[-59.73947,-51.31889]]],[[[-60.58883,-51.25213],[-60.60184,-51.2425],[-60.60578,-51.27032],[-60.56868,-51.2969],[-60.53497,-51.29695],[-60.52227,-51.31856],[-60.50934,-51.30612],[-60.51948,-51.29042],[-60.58883,-51.25213]]],[[[-60.87038,-51.96792],[-60.88281,-51.96397],[-60.88499,-51.98456],[-60.9041,-51.9795],[-60.9088,-51.98991],[-60.92272,-51.98574],[-60.95063,-51.99679],[-60.92679,-51.99421],[-60.90564,-52.00774],[-60.85279,-52.01387],[-60.84747,-52.00361],[-60.87117,-52.00044],[-60.85395,-51.993],[-60.87038,-51.96792]]],[[[-37.08991,-54.47411],[-37.11874,-54.47429],[-37.12326,-54.48191],[-37.11556,-54.49198],[-37.07853,-54.49956],[-37.09802,-54.51435],[-37.02282,-54.49918],[-37.08991,-54.47411]]],[[[-61.1171,-51.02529],[-61.13248,-51.02757],[-61.10833,-51.04884],[-61.13751,-51.06266],[-61.12651,-51.06206],[-61.12654,-51.0716],[-61.12041,-51.06381],[-61.04777,-51.08254],[-61.09573,-51.04173],[-61.09128,-51.03447],[-61.1171,-51.02529]]],[[[-59.55642,-51.78566],[-59.53538,-51.75655],[-59.57845,-51.7829],[-59.62532,-51.78942],[-59.62459,-51.80933],[-59.55933,-51.80606],[-59.55642,-51.78566]]],[[[-60.71452,-51.33478],[-60.73176,-51.32635],[-60.70327,-51.38072],[-60.66381,-51.35136],[-60.68354,-51.35398],[-60.68232,-51.34288],[-60.71452,-51.33478]]],[[[-59.69176,-51.93677],[-59.71472,-51.94124],[-59.70896,-51.96363],[-59.72417,-51.97479],[-59.6981,-51.98007],[-59.6967,-51.99214],[-59.66595,-51.97323],[-59.70109,-51.95986],[-59.68067,-51.94561],[-59.69176,-51.93677]]],[[[-59.65669,-52.35208],[-59.67135,-52.35285],[-59.6832,-52.36324],[-59.66765,-52.36363],[-59.69249,-52.37576],[-59.70665,-52.3757],[-59.69735,-52.36702],[-59.7176,-52.36778],[-59.7203,-52.37942],[-59.73224,-52.37331],[-59.74275,-52.3857],[-59.72592,-52.39619],[-59.69827,-52.39669],[-59.69191,-52.38014],[-59.64858,-52.37016],[-59.6644,-52.35977],[-59.65669,-52.35208]]],[[[-59.061,-52.42365],[-59.10446,-52.42224],[-59.15229,-52.43863],[-59.12365,-52.44946],[-59.0733,-52.43131],[-59.037,-52.43275],[-59.061,-52.42365]]],[[[-59.71206,-51.39032],[-59.72682,-51.38937],[-59.72254,-51.3998],[-59.73539,-51.39467],[-59.74007,-51.40666],[-59.72323,-51.42368],[-59.68348,-51.40646],[-59.69706,-51.39919],[-59.68755,-51.39015],[-59.71206,-51.39032]]],[[[-61.21996,-51.02562],[-61.25351,-51.01277],[-61.23067,-51.03692],[-61.21164,-51.03811],[-61.18439,-51.05791],[-61.16663,-51.05542],[-61.21996,-51.02562]]],[[[-60.69747,-51.60458],[-60.68369,-51.67608],[-60.65705,-51.66007],[-60.69747,-51.60458]]],[[[-60.80946,-51.56744],[-60.81811,-51.57598],[-60.80321,-51.58294],[-60.73166,-51.58733],[-60.76242,-51.57091],[-60.80946,-51.56744]]],[[[-59.69117,-51.3283],[-59.71576,-51.33517],[-59.70265,-51.35141],[-59.66384,-51.35755],[-59.67689,-51.34955],[-59.6551,-51.34418],[-59.65242,-51.35822],[-59.63833,-51.35674],[-59.63568,-51.34394],[-59.64949,-51.33771],[-59.66184,-51.34313],[-59.67565,-51.33526],[-59.68205,-51.35055],[-59.70182,-51.3473],[-59.69117,-51.3283]]],[[[-59.72893,-52.09138],[-59.71816,-52.0444],[-59.74909,-52.07904],[-59.74549,-52.09135],[-59.72893,-52.09138]]],[[[-59.64165,-51.36901],[-59.67229,-51.37417],[-59.66835,-51.38471],[-59.59464,-51.37909],[-59.61747,-51.37718],[-59.59013,-51.3716],[-59.64165,-51.36901]]],[[[-58.39557,-51.90409],[-58.42873,-51.9055],[-58.39899,-51.90746],[-58.42579,-51.92009],[-58.44408,-51.92014],[-58.42665,-51.91764],[-58.43974,-51.9105],[-58.46829,-51.90645],[-58.47273,-51.91338],[-58.44973,-51.9256],[-58.40155,-51.92252],[-58.40995,-51.91702],[-58.39722,-51.91479],[-58.39557,-51.90409]]],[[[-59.60111,-51.40599],[-59.6383,-51.40909],[-59.6426,-51.42032],[-59.62345,-51.41662],[-59.59228,-51.42612],[-59.60111,-51.40599]]],[[[-61.16926,-51.87536],[-61.18924,-51.875],[-61.21549,-51.91114],[-61.17247,-51.88767],[-61.16926,-51.87536]]],[[[-59.88405,-51.23909],[-59.90179,-51.23996],[-59.88863,-51.25806],[-59.84097,-51.26309],[-59.88405,-51.23909]]],[[[-60.50053,-51.82557],[-60.51062,-51.83512],[-60.49185,-51.85867],[-60.46998,-51.85152],[-60.4692,-51.83677],[-60.50053,-51.82557]]],[[[-35.77087,-54.80361],[-35.80989,-54.80425],[-35.80303,-54.82517],[-35.78188,-54.8264],[-35.77087,-54.80361]]],[[[-64.13147,-54.64667],[-64.16241,-54.65066],[-64.13968,-54.6688],[-64.10911,-54.6512],[-64.13147,-54.64667]]],[[[-60.84372,-51.1945],[-60.94094,-51.21505],[-60.88607,-51.21002],[-60.84372,-51.1945]]],[[[-60.90015,-51.08938],[-60.92078,-51.08758],[-60.86383,-51.12412],[-60.86091,-51.11299],[-60.90015,-51.08938]]],[[[-58.61568,-52.13161],[-58.62465,-52.11267],[-58.62845,-52.1309],[-58.60911,-52.14037],[-58.61217,-52.15152],[-58.59632,-52.14234],[-58.61568,-52.13161]]],[[[-60.39521,-51.14302],[-60.44287,-51.15219],[-60.39443,-51.15456],[-60.37509,-51.14677],[-60.39521,-51.14302]]],[[[-61.16468,-51.90563],[-61.16587,-51.89125],[-61.19309,-51.90845],[-61.1591,-51.90845],[-61.1475,-51.89476],[-61.16468,-51.90563]]],[[[-60.83572,-51.1517],[-60.85648,-51.15161],[-60.86335,-51.1681],[-60.89434,-51.17188],[-60.85492,-51.16941],[-60.828,-51.1592],[-60.83572,-51.1517]]],[[[-58.48695,-51.97219],[-58.4991,-51.97612],[-58.47148,-51.98479],[-58.43126,-51.98474],[-58.48695,-51.97219]]],[[[-58.07015,-51.55146],[-58.09527,-51.55326],[-58.03964,-51.56377],[-58.07015,-51.55146]]],[[[-60.44714,-51.61071],[-60.4616,-51.60719],[-60.44203,-51.62447],[-60.41851,-51.6281],[-60.43281,-51.60648],[-60.44714,-51.61071]]],[[[-59.65066,-51.79366],[-59.62189,-51.76825],[-59.66359,-51.78963],[-59.66413,-51.79901],[-59.65066,-51.79366]]],[[[-59.59099,-51.86261],[-59.58677,-51.85672],[-59.60878,-51.85925],[-59.62292,-51.86977],[-59.60756,-51.8783],[-59.59099,-51.86261]]],[[[-61.18554,-51.84886],[-61.19111,-51.84391],[-61.20618,-51.86625],[-61.1685,-51.85636],[-61.18554,-51.84886]]],[[[-59.835,-51.36614],[-59.86638,-51.36762],[-59.87105,-51.37549],[-59.83446,-51.37901],[-59.82412,-51.36988],[-59.835,-51.36614]]],[[[-60.39972,-51.35663],[-60.41266,-51.35748],[-60.37054,-51.37256],[-60.39972,-51.35663]]],[[[-61.03567,-51.77888],[-61.07584,-51.78686],[-61.0668,-51.79484],[-61.03567,-51.77888]]],[[[-60.72308,-51.46515],[-60.72729,-51.47144],[-60.69769,-51.48297],[-60.69213,-51.47517],[-60.72308,-51.46515]]],[[[-60.42829,-52.2107],[-60.41459,-52.19999],[-60.4619,-52.21029],[-60.45229,-52.22193],[-60.42829,-52.2107]]],[[[-58.38397,-51.9968],[-58.37139,-52.00716],[-58.34872,-52.00415],[-58.35487,-51.99571],[-58.38397,-51.9968]]],[[[-60.48765,-51.54892],[-60.50685,-51.55558],[-60.49114,-51.56968],[-60.48765,-51.54892]]],[[[-58.70828,-52.12808],[-58.73469,-52.13108],[-58.71688,-52.13939],[-58.70828,-52.12808]]],[[[-67.46893,-54.86977],[-67.46958,-54.8803],[-67.44772,-54.87843],[-67.46893,-54.86977]]],[[[-59.5575,-52.26197],[-59.54834,-52.28245],[-59.52984,-52.27381],[-59.5575,-52.26197]]],[[[-58.19272,-51.80309],[-58.22607,-51.80524],[-58.17392,-51.80643],[-58.19272,-51.80309]]],[[[-59.18299,-52.90605],[-59.18618,-52.89126],[-59.19157,-52.91903],[-59.18299,-52.90605]]],[[[-60.88587,-51.55688],[-60.87503,-51.56777],[-60.85527,-51.56368],[-60.88587,-51.55688]]],[[[-61.14791,-51.78492],[-61.16287,-51.78569],[-61.16263,-51.79472],[-61.13903,-51.79685],[-61.14791,-51.78492]]],[[[-59.90985,-51.21476],[-59.9176,-51.20844],[-59.93658,-51.21541],[-59.8994,-51.22446],[-59.90985,-51.21476]]],[[[-64.26022,-54.6735],[-64.27169,-54.67926],[-64.26103,-54.68811],[-64.24747,-54.67607],[-64.26022,-54.6735]]],[[[-34.67826,-55.02509],[-34.6697,-55.01774],[-34.68539,-55.00997],[-34.69608,-55.01978],[-34.67826,-55.02509]]],[[[-58.9878,-52.13829],[-59.00285,-52.13746],[-59.01368,-52.15048],[-58.9878,-52.13829]]],[[[-60.33811,-51.63826],[-60.34678,-51.6305],[-60.36171,-51.63726],[-60.33811,-51.63826]]],[[[-59.67645,-52.02009],[-59.67113,-52.01092],[-59.68526,-52.02826],[-59.66758,-52.02772],[-59.66616,-52.01884],[-59.67645,-52.02009]]],[[[-58.45284,-51.95249],[-58.49445,-51.95347],[-58.4705,-51.96236],[-58.45284,-51.95249]]],[[[-60.15498,-51.41324],[-60.11379,-51.43207],[-60.10531,-51.42733],[-60.12503,-51.41418],[-60.15498,-51.41324]]],[[[-59.66581,-51.88568],[-59.68692,-51.89739],[-59.66767,-51.89785],[-59.66581,-51.88568]]],[[[-59.65095,-51.91675],[-59.65813,-51.92299],[-59.63895,-51.93044],[-59.65095,-51.91675]]],[[[-58.72742,-51.92309],[-58.7345,-51.93172],[-58.70916,-51.93618],[-58.72099,-51.93041],[-58.70136,-51.92523],[-58.72742,-51.92309]]],[[[-60.21553,-51.77263],[-60.22344,-51.75663],[-60.2282,-51.77001],[-60.21434,-51.77953],[-60.21553,-51.77263]]],[[[-60.98952,-52.01985],[-60.99648,-52.00468],[-61.00415,-52.01759],[-60.98952,-52.01985]]],[[[-58.0684,-51.78696],[-58.08731,-51.78813],[-58.06183,-51.79423],[-58.04723,-51.7886],[-58.0684,-51.78696]]],[[[-60.91894,-52.1679],[-60.92397,-52.16189],[-60.94003,-52.16911],[-60.90961,-52.17064],[-60.91894,-52.1679]]],[[[-59.65557,-51.98842],[-59.66373,-51.9983],[-59.64528,-51.9942],[-59.65557,-51.98842]]],[[[-59.6439,-51.38958],[-59.67036,-51.38928],[-59.67329,-51.40638],[-59.66765,-51.39161],[-59.6439,-51.38958]]],[[[-60.51183,-51.49174],[-60.52368,-51.48827],[-60.53137,-51.49782],[-60.51183,-51.49174]]],[[[-59.83685,-51.34487],[-59.85591,-51.34974],[-59.83712,-51.35638],[-59.83685,-51.34487]]],[[[-59.88416,-51.37088],[-59.89084,-51.36561],[-59.9065,-51.37402],[-59.88416,-51.37088]]],[[[-60.76654,-52.14723],[-60.77095,-52.13485],[-60.78058,-52.14175],[-60.76654,-52.14723]]],[[[-58.37921,-52.00888],[-58.37606,-52.01803],[-58.35126,-52.01797],[-58.37921,-52.00888]]],[[[-59.31283,-52.24555],[-59.31082,-52.23646],[-59.32577,-52.25319],[-59.31283,-52.24555]]],[[[-58.28969,-51.87479],[-58.30668,-51.87342],[-58.30393,-51.88557],[-58.28026,-51.87487],[-58.28969,-51.87479]]],[[[-60.83496,-51.56636],[-60.84853,-51.5763],[-60.83133,-51.57501],[-60.83496,-51.56636]]],[[[-60.95989,-52.01965],[-60.96542,-52.01084],[-60.97586,-52.02267],[-60.95655,-52.02263],[-60.95047,-52.01613],[-60.95989,-52.01965]]],[[[-60.73445,-51.12442],[-60.76156,-51.12839],[-60.74542,-51.13289],[-60.73445,-51.12442]]],[[[-59.64814,-51.41288],[-59.65997,-51.41319],[-59.65695,-51.42222],[-59.64814,-51.41288]]],[[[-61.11531,-51.79959],[-61.12109,-51.79281],[-61.12539,-51.80922],[-61.11531,-51.79959]]],[[[-60.46158,-51.32971],[-60.47094,-51.34193],[-60.45538,-51.33806],[-60.46158,-51.32971]]],[[[-58.27502,-51.86791],[-58.28547,-51.87138],[-58.25664,-51.87362],[-58.27502,-51.86791]]],[[[-61.08363,-51.77402],[-61.08466,-51.78393],[-61.07316,-51.77978],[-61.08363,-51.77402]]],[[[-58.89168,-52.44513],[-58.89367,-52.43882],[-58.91291,-52.44886],[-58.89168,-52.44513]]],[[[-68.24573,-54.86913],[-68.26704,-54.86966],[-68.23288,-54.87037],[-68.24573,-54.86913]]],[[[-59.21198,-51.58449],[-59.21653,-51.59332],[-59.2023,-51.58575],[-59.21198,-51.58449]]],[[[-58.66344,-51.94147],[-58.68547,-51.94155],[-58.65026,-51.94508],[-58.66344,-51.94147]]],[[[-59.6726,-51.42878],[-59.6796,-51.43773],[-59.66399,-51.43496],[-59.6726,-51.42878]]],[[[-59.7258,-51.3073],[-59.72907,-51.3017],[-59.73309,-51.31462],[-59.7136,-51.30843],[-59.7258,-51.3073]]],[[[-58.27355,-51.53893],[-58.2861,-51.54029],[-58.2828,-51.54898],[-58.27355,-51.53893]]],[[[-61.25349,-51.73757],[-61.26521,-51.73898],[-61.25561,-51.74406],[-61.25349,-51.73757]]],[[[-59.75788,-51.83792],[-59.7508,-51.82978],[-59.77652,-51.85199],[-59.75788,-51.83792]]],[[[-60.7671,-52.18989],[-60.77693,-52.19292],[-60.76075,-52.19437],[-60.7671,-52.18989]]],[[[-59.62029,-51.34447],[-59.62578,-51.33758],[-59.63351,-51.34479],[-59.62029,-51.34447]]],[[[-58.93176,-51.86589],[-58.94454,-51.8603],[-58.91884,-51.87205],[-58.93176,-51.86589]]],[[[-59.06903,-51.48287],[-59.09292,-51.48856],[-59.05917,-51.48536],[-59.06903,-51.48287]]]]},"properties":{"fid":17,"OBJECTID":443,"Entidad":0,"Objeto":"Provincia","FNA":"Provincia de Tierra del Fuego, Antártida e Islas del Atlántico Sur","GNA":"Provincia","NAM":"Tierra del Fuego","SAG":"IGN","FDC":"Geografía","IN1":"94","SHAPE_STAr":566.267611798,"SHAPE_STLe":749.983159084,"argentina_population_2022":190641}},{"type":"Feature","geometry":{"type":"MultiPolygon","coordinates":[[[[-69.41581,-51.08958],[-69.4402,-51.09063],[-69.45287,-51.10972],[-69.4352,-51.11322],[-69.42564,-51.0979],[-69.40871,-51.09489],[-69.41581,-51.08958]]],[[[-67.69035,-49.29541],[-67.68598,-49.2826],[-67.70638,-49.29493],[-67.69035,-49.29541]]],[[[-67.69103,-49.26917],[-67.73364,-49.27687],[-67.70476,-49.28486],[-67.69103,-49.26917]]],[[[-65.99021,-47.76168],[-66.03894,-47.76757],[-66.05481,-47.78642],[-65.99021,-47.76168]]],[[[-67.59568,-45.99979],[-68.60808,-45.99979],[-69.62062,-45.99977],[-70.63317,-45.99976],[-71.64458,-45.99975],[-71.67521,-46.04823],[-71.70961,-46.07101],[-71.7149,-46.09021],[-71.74738,-46.09199],[-71.785,-46.12202],[-71.82476,-46.11057],[-71.91465,-46.13992],[-71.89828,-46.16222],[-71.86507,-46.15685],[-71.8747,-46.16133],[-71.85937,-46.1947],[-71.83518,-46.19203],[-71.82194,-46.20269],[-71.79699,-46.19016],[-71.77757,-46.19879],[-71.72688,-46.2719],[-71.72833,-46.30847],[-71.75652,-46.34563],[-71.66929,-46.52784],[-71.66696,-46.59865],[-71.64448,-46.65943],[-71.64616,-46.68718],[-71.68578,-46.69733],[-71.78617,-46.77542],[-71.81664,-46.78245],[-71.83289,-46.79776],[-71.91409,-46.799],[-71.95538,-46.81442],[-71.9325,-46.84025],[-71.93134,-46.86816],[-71.97106,-46.90523],[-71.95174,-46.95737],[-71.95799,-46.97424],[-71.92986,-46.97774],[-71.91827,-46.98536],[-71.93257,-46.99438],[-71.89753,-46.99605],[-71.88004,-47.01011],[-71.90399,-47.05095],[-71.95405,-47.07606],[-71.94975,-47.08676],[-71.8803,-47.10749],[-71.85997,-47.13188],[-71.85048,-47.16419],[-71.88886,-47.17963],[-71.87995,-47.20547],[-71.8947,-47.21098],[-71.86474,-47.23057],[-72.01861,-47.19842],[-72.00091,-47.21757],[-72.01664,-47.24728],[-71.99644,-47.29495],[-72.03637,-47.31921],[-72.0477,-47.34],[-72.12898,-47.32854],[-72.16134,-47.39449],[-72.19735,-47.41704],[-72.22423,-47.40314],[-72.24448,-47.40609],[-72.29162,-47.43502],[-72.29343,-47.44624],[-72.34134,-47.45619],[-72.32675,-47.48196],[-72.3078,-47.48013],[-72.29114,-47.51189],[-72.32703,-47.57137],[-72.30909,-47.59084],[-72.35342,-47.63619],[-72.37966,-47.6358],[-72.39816,-47.65845],[-72.42081,-47.66163],[-72.4097,-47.67819],[-72.41743,-47.69432],[-72.45051,-47.70528],[-72.43553,-47.73351],[-72.44272,-47.7461],[-72.46606,-47.73789],[-72.47321,-47.75851],[-72.48442,-47.75908],[-72.52334,-47.74044],[-72.49593,-47.79711],[-72.46816,-47.81275],[-72.47688,-47.87093],[-72.49797,-47.87514],[-72.52742,-47.93778],[-72.49781,-47.96116],[-72.4595,-47.95649],[-72.42597,-47.96699],[-72.41878,-48.00272],[-72.44379,-48.06435],[-72.41612,-48.07815],[-72.36031,-48.0736],[-72.35502,-48.10101],[-72.32716,-48.11602],[-72.29908,-48.15863],[-72.30711,-48.20121],[-72.32581,-48.21546],[-72.3167,-48.23401],[-72.22674,-48.32197],[-72.24107,-48.34832],[-72.27798,-48.36261],[-72.30897,-48.35355],[-72.32243,-48.35856],[-72.34355,-48.34533],[-72.38069,-48.35013],[-72.37697,-48.37154],[-72.34776,-48.3902],[-72.40641,-48.41607],[-72.40891,-48.43273],[-72.37351,-48.44982],[-72.39358,-48.483],[-72.42604,-48.49557],[-72.44159,-48.51409],[-72.50242,-48.51855],[-72.53572,-48.48268],[-72.58575,-48.48732],[-72.53544,-48.66547],[-72.54263,-48.74039],[-72.53223,-48.79756],[-72.63694,-48.86725],[-72.69109,-48.86756],[-72.69435,-48.89539],[-72.74814,-48.91029],[-72.76632,-48.94573],[-72.79459,-48.96808],[-72.81606,-48.96113],[-72.85062,-48.96609],[-72.86487,-48.94663],[-72.91971,-48.9357],[-72.94644,-48.9456],[-72.95879,-48.98004],[-72.99286,-48.99723],[-72.98137,-49.02916],[-73.01384,-49.03619],[-73.00491,-49.06345],[-73.02703,-49.06575],[-73.04493,-49.08087],[-73.06216,-49.12752],[-73.08294,-49.13468],[-73.08241,-49.14593],[-73.11009,-49.15199],[-73.14543,-49.19015],[-73.13319,-49.26718],[-73.10355,-49.26698],[-73.08937,-49.25306],[-73.04559,-49.27368],[-73.14368,-49.271],[-73.47308,-49.20331],[-73.4967,-49.26831],[-73.41058,-49.3194],[-73.42908,-49.34399],[-73.42621,-49.39191],[-73.46002,-49.40021],[-73.49042,-49.42871],[-73.47388,-49.44128],[-73.47961,-49.4613],[-73.46381,-49.48248],[-73.48779,-49.50049],[-73.53961,-49.49823],[-73.54968,-49.53809],[-73.53601,-49.56403],[-73.48828,-49.5827],[-73.46368,-49.6189],[-73.46411,-49.6424],[-73.50458,-49.6629],[-73.4986,-49.69171],[-73.50909,-49.7052],[-73.47638,-49.7179],[-73.43878,-49.75781],[-73.46619,-49.77368],[-73.44531,-49.79388],[-73.4997,-49.81799],[-73.49048,-49.8526],[-73.52191,-49.90051],[-73.55261,-49.92389],[-73.54388,-49.9494],[-73.50519,-49.96649],[-73.56659,-50.02039],[-73.53369,-50.0423],[-73.48291,-50.05408],[-73.4895,-50.0816],[-73.5415,-50.11902],[-73.52081,-50.15308],[-73.55518,-50.18439],[-73.54999,-50.22821],[-73.56458,-50.27271],[-73.53839,-50.289],[-73.51678,-50.289],[-73.48071,-50.32568],[-73.46991,-50.34448],[-73.48639,-50.38208],[-73.45538,-50.39258],[-73.43701,-50.42438],[-73.41931,-50.42963],[-73.42248,-50.44263],[-73.40369,-50.45081],[-73.4079,-50.46771],[-73.43262,-50.48309],[-73.3645,-50.48792],[-73.3656,-50.50751],[-73.38641,-50.51642],[-73.33191,-50.56842],[-73.29999,-50.57428],[-73.2887,-50.586],[-73.26739,-50.62811],[-73.27081,-50.6488],[-73.23871,-50.66589],[-73.17273,-50.6767],[-73.18591,-50.70038],[-73.28601,-50.7395],[-73.25598,-50.75012],[-73.28491,-50.7879],[-73.26752,-50.82397],[-73.20349,-50.82098],[-73.09692,-50.77338],[-73.0697,-50.78888],[-73.04199,-50.76129],[-73.00629,-50.76202],[-72.98081,-50.74419],[-72.9547,-50.74096],[-72.95202,-50.71838],[-72.90547,-50.6972],[-72.89144,-50.67018],[-72.77412,-50.62745],[-72.74003,-50.62678],[-72.72974,-50.61495],[-72.69842,-50.64552],[-72.68093,-50.64245],[-72.65578,-50.66396],[-72.64233,-50.65376],[-72.62332,-50.65737],[-72.5947,-50.68166],[-72.57461,-50.679],[-72.57966,-50.6556],[-72.54844,-50.62055],[-72.50487,-50.61453],[-72.49038,-50.6003],[-72.45469,-50.6166],[-72.41611,-50.61992],[-72.40779,-50.63641],[-72.35919,-50.61612],[-72.33805,-50.65046],[-72.28625,-50.65965],[-72.30112,-50.70677],[-72.33702,-50.71926],[-72.35033,-50.74022],[-72.34555,-50.75983],[-72.28034,-50.80994],[-72.26103,-50.8375],[-72.26696,-50.8629],[-72.24806,-50.87503],[-72.26724,-50.96365],[-72.26566,-51.03523],[-72.37417,-51.02321],[-72.37618,-51.07998],[-72.40321,-51.09197],[-72.40906,-51.10749],[-72.39575,-51.14542],[-72.36064,-51.16875],[-72.34876,-51.20361],[-72.32256,-51.21057],[-72.3036,-51.20174],[-72.25949,-51.25404],[-72.26918,-51.28325],[-72.30642,-51.29295],[-72.3078,-51.30747],[-72.36004,-51.31911],[-72.37171,-51.33626],[-72.3488,-51.34985],[-72.32608,-51.34568],[-72.30897,-51.36645],[-72.30994,-51.40315],[-72.33826,-51.42483],[-72.34087,-51.44959],[-72.32405,-51.47496],[-72.35091,-51.48454],[-72.34466,-51.52074],[-72.36045,-51.5259],[-72.40518,-51.51339],[-72.39401,-51.52744],[-72.42631,-51.54686],[-72.44252,-51.58449],[-72.38871,-51.59507],[-72.37704,-51.58445],[-72.32702,-51.58734],[-72.31915,-51.62546],[-72.2833,-51.63853],[-72.29682,-51.64619],[-72.28753,-51.66907],[-72.29711,-51.6994],[-72.23112,-51.70246],[-72.16143,-51.72539],[-72.17923,-51.73825],[-72.12175,-51.74403],[-72.11299,-51.76746],[-72.07586,-51.77316],[-72.07849,-51.7824],[-72.02617,-51.80843],[-71.95101,-51.87162],[-71.92884,-51.91455],[-72.032,-51.95865],[-72.00977,-51.97753],[-71.96447,-51.97283],[-71.95353,-51.98825],[-71.9215,-51.99998],[-69.9955,-52.00072],[-69.48596,-52.15144],[-69.19001,-52.1501],[-68.98688,-52.20358],[-68.838,-52.27774],[-68.70973,-52.28551],[-68.58603,-52.3067],[-68.57348,-52.32518],[-68.41863,-52.33248],[-68.41843,-52.38641],[-68.4326,-52.39769],[-68.35473,-52.33639],[-68.35253,-52.32255],[-68.70845,-51.98125],[-68.96133,-51.62389],[-69.0141,-51.60638],[-69.11731,-51.65509],[-69.12408,-51.64178],[-69.10339,-51.63428],[-69.11682,-51.62988],[-69.14349,-51.63232],[-69.33521,-51.58551],[-69.45422,-51.60681],[-69.50018,-51.60199],[-69.5285,-51.61621],[-69.6178,-51.62689],[-69.49481,-51.58508],[-69.34412,-51.55157],[-69.28919,-51.55878],[-69.24158,-51.57898],[-69.1347,-51.60321],[-69.10181,-51.59631],[-69.03729,-51.56073],[-69.00128,-51.55987],[-68.97927,-51.58243],[-68.95853,-51.572],[-68.94638,-51.5543],[-68.95291,-51.52801],[-68.99774,-51.4472],[-69.10858,-51.16699],[-69.16613,-50.98089],[-69.20551,-50.97528],[-69.20789,-50.9848],[-69.29761,-51.02222],[-69.43433,-51.11371],[-69.46491,-51.11261],[-69.44128,-51.08978],[-69.39612,-51.07971],[-69.3725,-51.0481],[-69.38238,-51.0368],[-69.32123,-50.9884],[-69.24011,-50.95782],[-69.22521,-50.97489],[-69.21401,-50.94472],[-69.16498,-50.9093],[-69.14581,-50.90503],[-69.17139,-50.92169],[-69.13202,-50.89959],[-69.14103,-50.72724],[-69.07931,-50.56533],[-68.97099,-50.41987],[-68.9066,-50.36346],[-68.87931,-50.36084],[-68.88001,-50.33562],[-68.77326,-50.28815],[-68.73733,-50.28955],[-68.63392,-50.24882],[-68.40721,-50.18624],[-68.35491,-50.15131],[-68.36078,-50.13538],[-68.39679,-50.13141],[-68.4115,-50.11548],[-68.45172,-50.11072],[-68.4903,-50.08801],[-68.51312,-50.0531],[-68.50928,-50.01978],[-68.58069,-49.96442],[-68.67291,-49.99329],[-68.85907,-49.96918],[-68.88953,-49.974],[-68.90448,-49.995],[-68.9328,-50],[-68.90881,-49.98981],[-68.89612,-49.9715],[-68.87451,-49.96582],[-68.65912,-49.96491],[-68.60449,-49.93909],[-68.57141,-49.93683],[-68.63739,-49.77759],[-68.55829,-49.87219],[-68.53192,-49.93359],[-68.51068,-49.93793],[-68.47699,-49.96741],[-68.41638,-50.05902],[-68.36938,-50.08728],[-68.34358,-50.1208],[-68.23809,-50.12026],[-68.14722,-50.10542],[-68.0395,-50.06817],[-67.9048,-49.99795],[-67.8364,-49.94461],[-67.73225,-49.7827],[-67.71545,-49.69943],[-67.72049,-49.63596],[-67.68758,-49.48193],[-67.66658,-49.40478],[-67.6036,-49.29567],[-67.61276,-49.25027],[-67.66809,-49.25519],[-67.67273,-49.29852],[-67.6991,-49.3089],[-67.68542,-49.35358],[-67.71381,-49.38593],[-67.76312,-49.3877],[-67.8186,-49.40552],[-67.83752,-49.38678],[-67.81921,-49.38422],[-67.8194,-49.37659],[-67.77209,-49.38068],[-67.79498,-49.36322],[-67.79761,-49.328],[-67.7829,-49.33051],[-67.78192,-49.32037],[-67.7608,-49.3139],[-67.7157,-49.31781],[-67.74219,-49.27649],[-67.6889,-49.26178],[-67.6676,-49.24591],[-67.67481,-49.22058],[-67.66461,-49.20349],[-67.61389,-49.18518],[-67.61373,-49.16089],[-67.6329,-49.15628],[-67.63562,-49.13824],[-67.59907,-49.10355],[-67.55129,-49.01436],[-67.48942,-48.95969],[-67.41309,-48.91271],[-67.33371,-48.87498],[-67.24705,-48.85394],[-67.21993,-48.838],[-67.19289,-48.81321],[-67.18628,-48.77271],[-67.15159,-48.74839],[-67.1297,-48.68514],[-66.99058,-48.61344],[-66.87526,-48.59338],[-66.87327,-48.57419],[-66.83885,-48.54468],[-66.83105,-48.52304],[-66.77164,-48.49836],[-66.75319,-48.47317],[-66.68311,-48.45272],[-66.64761,-48.43218],[-66.49435,-48.41747],[-66.46708,-48.40014],[-66.47481,-48.36615],[-66.44804,-48.35231],[-66.39439,-48.34962],[-66.35842,-48.36178],[-66.34195,-48.35631],[-66.34496,-48.36995],[-66.33388,-48.35469],[-66.36018,-48.31472],[-66.33756,-48.27716],[-66.26265,-48.23795],[-66.22826,-48.2013],[-66.15993,-48.19046],[-66.16429,-48.17267],[-66.14462,-48.16458],[-66.13851,-48.13924],[-66.12381,-48.13956],[-66.11798,-48.122],[-66.07741,-48.10965],[-66.06179,-48.11986],[-66.04474,-48.1049],[-65.99165,-48.10925],[-65.97553,-48.09999],[-65.9528,-48.10293],[-65.94091,-48.12473],[-65.94012,-48.11251],[-65.92486,-48.11615],[-65.9081,-48.10561],[-65.91762,-48.09675],[-65.89643,-48.10303],[-65.90437,-48.08037],[-65.94026,-48.07505],[-65.96789,-48.04975],[-65.98037,-48.05074],[-65.94087,-48.03085],[-65.95324,-48.01446],[-65.93187,-48.01721],[-65.94293,-48.00393],[-65.92412,-47.99024],[-65.9514,-47.97714],[-65.94122,-47.95428],[-65.89706,-47.93156],[-65.87255,-47.93629],[-65.86774,-47.9487],[-65.86007,-47.93773],[-65.83883,-47.94217],[-65.8401,-47.96373],[-65.80429,-47.96085],[-65.79832,-47.95162],[-65.76509,-47.95014],[-65.786,-47.94533],[-65.79063,-47.93168],[-65.76146,-47.91622],[-65.76842,-47.9073],[-65.82098,-47.90457],[-65.84454,-47.89349],[-65.87574,-47.80964],[-65.86504,-47.80108],[-65.87909,-47.79922],[-65.88002,-47.77424],[-65.89826,-47.76709],[-65.88086,-47.76269],[-65.97809,-47.7627],[-66.0882,-47.81299],[-66.19019,-47.82953],[-66.28198,-47.8714],[-66.19501,-47.82001],[-66.10529,-47.79901],[-66.03442,-47.74408],[-66.00232,-47.74371],[-66.00531,-47.73077],[-66.0014,-47.7453],[-65.95801,-47.74451],[-65.8996,-47.75873],[-65.83864,-47.74682],[-65.84489,-47.73462],[-65.7398,-47.51024],[-65.71785,-47.33216],[-65.75772,-47.22206],[-65.73574,-47.20179],[-65.84162,-47.13938],[-65.84668,-47.10913],[-65.86475,-47.10633],[-65.86738,-47.0921],[-65.90301,-47.09547],[-65.93489,-47.08397],[-65.94069,-47.07218],[-66.04008,-47.07138],[-66.10219,-47.08533],[-66.1977,-47.0874],[-66.35521,-47.06818],[-66.49778,-47.03828],[-66.55884,-47.0488],[-66.59843,-47.03698],[-66.63051,-47.04579],[-66.65916,-47.03015],[-66.7101,-47.03309],[-66.79193,-46.99914],[-66.85658,-46.94685],[-66.85886,-46.93279],[-66.87748,-46.93157],[-66.89941,-46.91201],[-66.95092,-46.84698],[-66.97355,-46.84907],[-66.98494,-46.82881],[-67.02747,-46.81486],[-67.07561,-46.77403],[-67.08177,-46.75024],[-67.09977,-46.74859],[-67.09554,-46.73502],[-67.12515,-46.72322],[-67.12163,-46.70744],[-67.1488,-46.70224],[-67.15627,-46.68787],[-67.19085,-46.68682],[-67.20063,-46.67362],[-67.23052,-46.67401],[-67.25446,-46.64623],[-67.35532,-46.61884],[-67.44028,-46.54854],[-67.56737,-46.34907],[-67.61367,-46.23144],[-67.62725,-46.08363],[-67.61494,-46.06574],[-67.62402,-46.04874],[-67.60293,-46.04333],[-67.58597,-46.02228],[-67.59568,-45.99979]]]]},"properties":{"fid":18,"OBJECTID":444,"Entidad":0,"Objeto":"Provincia","FNA":"Provincia de Santa Cruz","GNA":"Provincia","NAM":"Santa Cruz","SAG":"IGN","FDC":"Geografía","IN1":"78","SHAPE_STAr":29.9438758689,"SHAPE_STLe":40.8355525833,"argentina_population_2022":337226}},{"type":"Feature","geometry":{"type":"MultiPolygon","coordinates":[[[[-66.40449,-45.1856],[-66.40822,-45.19375],[-66.39348,-45.19146],[-66.40449,-45.1856]]],[[[-65.95084,-45.10877],[-65.96272,-45.10259],[-65.94682,-45.11931],[-65.95084,-45.10877]]],[[[-65.99297,-45.09108],[-66.01068,-45.07938],[-66.01975,-45.08641],[-66.00784,-45.10425],[-65.96435,-45.10923],[-65.99297,-45.09108]]],[[[-65.7104,-45.05283],[-65.72301,-45.0539],[-65.70548,-45.05752],[-65.7104,-45.05283]]],[[[-65.59759,-45.04343],[-65.62358,-45.04533],[-65.61663,-45.06002],[-65.58824,-45.05373],[-65.58509,-45.04637],[-65.59759,-45.04343]]],[[[-65.06928,-42.0003],[-66.87688,-42.0002],[-68.38924,-42.00011],[-70.20898,-42.00001],[-71.77376,-41.99984],[-71.75416,-42.02485],[-71.75723,-42.03708],[-71.72765,-42.04664],[-71.74171,-42.08265],[-71.72609,-42.10967],[-71.74751,-42.13046],[-71.77725,-42.13023],[-71.78173,-42.14808],[-71.80346,-42.14557],[-71.83475,-42.16257],[-71.84592,-42.15405],[-71.87446,-42.1547],[-71.89285,-42.18074],[-71.92529,-42.19053],[-71.95459,-42.16439],[-71.95755,-42.14125],[-72.00686,-42.14008],[-72.05295,-42.1139],[-72.07909,-42.12953],[-72.06651,-42.14674],[-72.11498,-42.14613],[-72.1229,-42.15501],[-72.17153,-42.13936],[-72.18826,-42.16097],[-72.18414,-42.17737],[-72.15681,-42.19373],[-72.16632,-42.21383],[-72.1536,-42.24342],[-72.1681,-42.25987],[-72.12084,-42.32399],[-72.13834,-42.32702],[-72.13186,-42.38432],[-72.11271,-42.3983],[-72.08917,-42.39603],[-72.07722,-42.38247],[-72.02849,-42.40752],[-72.04813,-42.45236],[-72.03415,-42.45659],[-72.0126,-42.49486],[-72.05375,-42.54547],[-72.05135,-42.56512],[-72.06448,-42.57265],[-72.07517,-42.56632],[-72.10352,-42.6003],[-72.11851,-42.60296],[-72.11761,-42.62921],[-72.09603,-42.64203],[-72.1359,-42.68013],[-72.17224,-42.67164],[-72.1787,-42.6892],[-72.17324,-42.70162],[-72.13821,-42.71116],[-72.12842,-42.73105],[-72.14716,-42.74156],[-72.13133,-42.77713],[-72.1427,-42.79528],[-72.16502,-42.79831],[-72.14788,-42.85002],[-72.13415,-42.85272],[-72.13488,-42.86747],[-72.11829,-42.8817],[-72.14255,-42.89986],[-72.11413,-42.92261],[-72.11619,-42.93632],[-72.09068,-42.952],[-72.0732,-42.94961],[-72.05717,-42.98294],[-72.03815,-42.99256],[-72.03616,-43.01339],[-72.00262,-43.03741],[-71.9833,-43.03508],[-71.97787,-43.0457],[-71.9584,-43.0403],[-71.93631,-43.05277],[-71.9433,-43.09242],[-71.9329,-43.10213],[-71.89268,-43.10702],[-71.88637,-43.12703],[-71.85299,-43.12711],[-71.85734,-43.14258],[-71.82311,-43.15101],[-71.81508,-43.14568],[-71.78371,-43.16878],[-71.76053,-43.16462],[-71.7292,-43.20025],[-71.75725,-43.22827],[-71.7308,-43.28224],[-71.7346,-43.31433],[-71.75521,-43.31764],[-71.76611,-43.30127],[-71.7864,-43.29697],[-71.8401,-43.33521],[-71.90439,-43.32189],[-71.89374,-43.38009],[-71.93321,-43.38656],[-71.91411,-43.41665],[-71.93423,-43.4491],[-71.92532,-43.45876],[-71.88138,-43.4513],[-71.84864,-43.48289],[-71.87849,-43.52753],[-71.87748,-43.55108],[-71.77652,-43.53869],[-71.75741,-43.58423],[-71.71821,-43.57635],[-71.70798,-43.5845],[-71.70346,-43.62525],[-71.62629,-43.62371],[-71.59684,-43.63375],[-71.58146,-43.65168],[-71.58829,-43.67545],[-71.612,-43.67604],[-71.59978,-43.69697],[-71.63009,-43.69859],[-71.6319,-43.70809],[-71.66036,-43.70238],[-71.6611,-43.71922],[-71.69672,-43.72608],[-71.75342,-43.78818],[-71.76275,-43.84058],[-71.73196,-43.8597],[-71.70872,-43.85574],[-71.70738,-43.89449],[-71.6926,-43.90354],[-71.66643,-43.90123],[-71.64878,-43.94593],[-71.67956,-43.97114],[-71.73703,-44.07281],[-71.76854,-44.10722],[-71.84774,-44.11102],[-71.84733,-44.15821],[-71.79988,-44.1917],[-71.80064,-44.21458],[-71.78002,-44.21719],[-71.7806,-44.22412],[-71.80772,-44.22806],[-71.80636,-44.25811],[-71.82954,-44.26537],[-71.80312,-44.27169],[-71.80876,-44.28821],[-71.78719,-44.33132],[-71.83935,-44.3524],[-71.81751,-44.37748],[-71.82084,-44.39228],[-71.80433,-44.39914],[-71.81507,-44.41612],[-71.80299,-44.41965],[-71.73632,-44.39918],[-71.71169,-44.37922],[-71.69387,-44.3824],[-71.6945,-44.39643],[-71.66927,-44.40848],[-71.61723,-44.39849],[-71.55179,-44.40897],[-71.5105,-44.394],[-71.48862,-44.39933],[-71.46716,-44.38872],[-71.44354,-44.39607],[-71.3862,-44.38528],[-71.35267,-44.4034],[-71.34888,-44.4248],[-71.33589,-44.41877],[-71.31219,-44.42956],[-71.2416,-44.41786],[-71.22273,-44.43625],[-71.17111,-44.4391],[-71.12969,-44.4718],[-71.16373,-44.50104],[-71.12772,-44.50804],[-71.09146,-44.53255],[-71.1019,-44.59069],[-71.17632,-44.59972],[-71.20085,-44.59164],[-71.19431,-44.60198],[-71.21586,-44.6182],[-71.21369,-44.63286],[-71.23549,-44.64092],[-71.21791,-44.674],[-71.19584,-44.6849],[-71.2143,-44.71421],[-71.20227,-44.72284],[-71.20597,-44.75046],[-71.25373,-44.78525],[-71.25063,-44.79934],[-71.29182,-44.81395],[-71.32832,-44.80852],[-71.35598,-44.79096],[-71.39449,-44.79002],[-71.43416,-44.75463],[-71.45221,-44.75432],[-71.47421,-44.73707],[-71.5312,-44.74302],[-71.56688,-44.75931],[-71.5816,-44.75227],[-71.59538,-44.77936],[-71.66634,-44.78721],[-71.68699,-44.76502],[-71.73593,-44.76879],[-71.78648,-44.75226],[-71.82458,-44.77494],[-71.81071,-44.78513],[-71.81546,-44.79309],[-71.8598,-44.80048],[-71.91461,-44.77661],[-71.92501,-44.78002],[-71.9275,-44.80403],[-71.95679,-44.78601],[-72.00549,-44.7843],[-72.01816,-44.75666],[-72.03242,-44.76545],[-72.06694,-44.7596],[-72.07392,-44.78107],[-72.02698,-44.80582],[-72.06559,-44.85],[-72.03635,-44.86233],[-72.06582,-44.87592],[-72.03715,-44.90282],[-71.97925,-44.90356],[-71.97736,-44.91944],[-71.9479,-44.92058],[-71.92498,-44.94421],[-71.88886,-44.95249],[-71.88353,-44.94597],[-71.87991,-44.95939],[-71.85444,-44.93231],[-71.81722,-44.91979],[-71.77815,-44.94026],[-71.75384,-44.92648],[-71.74211,-44.95835],[-71.71107,-44.95513],[-71.65729,-44.97559],[-71.60215,-44.97055],[-71.58289,-44.98092],[-71.55972,-44.97745],[-71.54095,-45.0002],[-71.55799,-45.03148],[-71.50543,-45.07221],[-71.52654,-45.10312],[-71.49145,-45.10781],[-71.47927,-45.13429],[-71.48749,-45.14412],[-71.47575,-45.13985],[-71.47007,-45.14877],[-71.4181,-45.15744],[-71.42518,-45.17174],[-71.37861,-45.20706],[-71.37,-45.2256],[-71.33298,-45.24139],[-71.3504,-45.26787],[-71.32005,-45.29212],[-71.33591,-45.32203],[-71.38574,-45.35077],[-71.44627,-45.36766],[-71.43825,-45.39582],[-71.45325,-45.38611],[-71.52946,-45.3927],[-71.52056,-45.42535],[-71.53395,-45.43297],[-71.4999,-45.45553],[-71.50899,-45.45873],[-71.50193,-45.46665],[-71.47507,-45.47425],[-71.4698,-45.48204],[-71.48271,-45.48301],[-71.46892,-45.49364],[-71.55956,-45.52358],[-71.6063,-45.52215],[-71.62372,-45.51143],[-71.68214,-45.51508],[-71.68259,-45.52777],[-71.74431,-45.54215],[-71.76353,-45.56031],[-71.76295,-45.57664],[-71.7266,-45.57746],[-71.74815,-45.61028],[-71.77956,-45.62182],[-71.77198,-45.64102],[-71.77859,-45.65803],[-71.79553,-45.66493],[-71.77305,-45.68124],[-71.80105,-45.72089],[-71.77122,-45.74374],[-71.75483,-45.77131],[-71.76126,-45.78784],[-71.74327,-45.80259],[-71.76897,-45.84439],[-71.73973,-45.85812],[-71.71586,-45.85444],[-71.65252,-45.89039],[-71.61254,-45.96323],[-71.61811,-45.98005],[-71.63298,-45.97617],[-71.64531,-45.98507],[-71.64458,-45.99975],[-70.63317,-45.99976],[-69.62062,-45.99977],[-68.60808,-45.99979],[-67.59568,-45.99979],[-67.56519,-45.96259],[-67.53122,-45.95896],[-67.55567,-45.94513],[-67.55207,-45.92568],[-67.4991,-45.87476],[-67.45642,-45.86144],[-67.47578,-45.85376],[-67.45475,-45.81947],[-67.39788,-45.78752],[-67.36855,-45.78726],[-67.37911,-45.73565],[-67.34223,-45.72316],[-67.36203,-45.69575],[-67.35996,-45.65042],[-67.34507,-45.62302],[-67.22154,-45.52708],[-67.064,-45.34616],[-66.96402,-45.27299],[-66.84131,-45.23001],[-66.70532,-45.22433],[-66.66201,-45.21142],[-66.57124,-45.21157],[-66.54289,-45.2251],[-66.51865,-45.2229],[-66.52499,-45.20556],[-66.5141,-45.19678],[-66.54048,-45.18129],[-66.5365,-45.17516],[-66.56127,-45.1801],[-66.57445,-45.16814],[-66.59447,-45.17162],[-66.59917,-45.16169],[-66.58438,-45.15699],[-66.60193,-45.14854],[-66.5997,-45.13941],[-66.56785,-45.14357],[-66.54738,-45.13667],[-66.54027,-45.15291],[-66.47317,-45.16588],[-66.46506,-45.14399],[-66.52261,-45.14952],[-66.53302,-45.14238],[-66.53459,-45.11728],[-66.51713,-45.09694],[-66.49364,-45.09854],[-66.46526,-45.07668],[-66.4266,-45.07109],[-66.39852,-45.05312],[-66.36327,-45.0616],[-66.37461,-45.05155],[-66.3592,-45.03974],[-66.32827,-45.04337],[-66.32606,-45.05202],[-66.29394,-45.04593],[-66.28554,-45.05264],[-66.29545,-45.05817],[-66.27623,-45.06534],[-66.29027,-45.05728],[-66.27881,-45.0594],[-66.2837,-45.04873],[-66.26946,-45.0468],[-66.2464,-45.02093],[-66.2257,-45.0281],[-66.2302,-45.00701],[-66.20892,-45.00276],[-66.19461,-44.9822],[-66.17309,-44.99815],[-66.16227,-44.98302],[-66.15075,-44.99412],[-66.14746,-44.9867],[-66.11894,-44.98523],[-66.08597,-44.99698],[-66.07255,-44.98977],[-66.06048,-45.00408],[-66.01969,-44.99887],[-65.95807,-45.0438],[-65.93444,-45.04944],[-65.91388,-45.03202],[-65.88686,-45.03884],[-65.89165,-45.008],[-65.84653,-45.00207],[-65.82319,-45.01606],[-65.82872,-45.03912],[-65.80288,-45.03116],[-65.81562,-45.02467],[-65.80941,-45.01542],[-65.78847,-45.03012],[-65.77546,-45.01949],[-65.74045,-45.02396],[-65.73686,-45.04019],[-65.70136,-45.04509],[-65.68994,-45.06201],[-65.69782,-45.04592],[-65.6813,-45.02886],[-65.68216,-45.04021],[-65.65368,-45.03929],[-65.64559,-45.05092],[-65.63635,-45.03555],[-65.60226,-45.02715],[-65.62561,-45.00935],[-65.61358,-44.99988],[-65.58431,-45.00667],[-65.60578,-44.98186],[-65.59453,-44.95737],[-65.5709,-44.96078],[-65.55187,-44.95006],[-65.55321,-44.9393],[-65.53639,-44.93757],[-65.54039,-44.92809],[-65.51981,-44.92974],[-65.56086,-44.90358],[-65.5743,-44.91068],[-65.57289,-44.89561],[-65.60488,-44.9089],[-65.60192,-44.89964],[-65.62122,-44.88573],[-65.66309,-44.89094],[-65.68989,-44.87342],[-65.70467,-44.87526],[-65.72885,-44.8484],[-65.71924,-44.83859],[-65.7287,-44.81158],[-65.70261,-44.80132],[-65.69298,-44.72503],[-65.63837,-44.66587],[-65.59557,-44.64237],[-65.57615,-44.64832],[-65.52097,-44.60933],[-65.46339,-44.60023],[-65.47097,-44.58476],[-65.46164,-44.57578],[-65.42678,-44.56965],[-65.39598,-44.59284],[-65.37627,-44.57521],[-65.36634,-44.58735],[-65.35822,-44.57378],[-65.39448,-44.55534],[-65.38818,-44.543],[-65.35941,-44.53738],[-65.37747,-44.52417],[-65.36789,-44.5115],[-65.3239,-44.50885],[-65.31629,-44.53119],[-65.30079,-44.51019],[-65.27929,-44.51742],[-65.29071,-44.50335],[-65.28428,-44.4938],[-65.32084,-44.49074],[-65.31114,-44.46736],[-65.33446,-44.456],[-65.30885,-44.4425],[-65.31171,-44.42691],[-65.28383,-44.43036],[-65.29231,-44.422],[-65.27719,-44.42003],[-65.28532,-44.4099],[-65.26947,-44.40639],[-65.26203,-44.38833],[-65.23619,-44.38688],[-65.23152,-44.37094],[-65.21673,-44.36674],[-65.22741,-44.33411],[-65.24511,-44.33801],[-65.25882,-44.3273],[-65.25301,-44.30829],[-65.27078,-44.29881],[-65.2702,-44.27171],[-65.30257,-44.24453],[-65.31177,-44.20427],[-65.28769,-44.15476],[-65.2204,-44.13679],[-65.21595,-44.12577],[-65.23359,-44.1168],[-65.24112,-44.07782],[-65.20936,-44.04149],[-65.18794,-44.03546],[-65.22478,-44.04534],[-65.25158,-44.02764],[-65.24653,-44.00843],[-65.25731,-43.99183],[-65.23114,-43.9727],[-65.27683,-43.96663],[-65.29942,-43.93344],[-65.32858,-43.84567],[-65.31119,-43.79558],[-65.35462,-43.76447],[-65.33291,-43.6575],[-65.28564,-43.5976],[-65.19401,-43.53986],[-65.1452,-43.47333],[-65.05258,-43.40258],[-65.04349,-43.38152],[-65.05578,-43.35154],[-65.05029,-43.32828],[-64.97634,-43.25497],[-64.75761,-43.1506],[-64.45896,-43.06447],[-64.41309,-43.03389],[-64.33058,-43.00275],[-64.30768,-42.97916],[-64.33032,-42.93592],[-64.39682,-42.95959],[-64.49398,-42.94826],[-64.54278,-42.91997],[-64.62914,-42.91938],[-64.69324,-42.89984],[-64.7023,-42.88333],[-64.81159,-42.84021],[-64.87743,-42.83465],[-64.89097,-42.81268],[-64.91555,-42.81159],[-64.95336,-42.78539],[-64.96759,-42.79391],[-65.01534,-42.7817],[-65.03538,-42.76124],[-65.03607,-42.73056],[-64.99553,-42.69775],[-64.9798,-42.64914],[-64.92316,-42.61684],[-64.86078,-42.61892],[-64.83361,-42.61055],[-64.76239,-42.55249],[-64.68413,-42.51204],[-64.62917,-42.49633],[-64.56409,-42.49115],[-64.3399,-42.53283],[-64.31046,-42.55577],[-64.30896,-42.58595],[-64.28246,-42.57325],[-64.25956,-42.58967],[-64.27341,-42.61773],[-64.23004,-42.61425],[-64.21382,-42.62194],[-64.24941,-42.68304],[-64.24525,-42.71247],[-64.26004,-42.74699],[-64.23993,-42.78573],[-64.14519,-42.87379],[-64.10698,-42.87847],[-63.79048,-42.81407],[-63.73285,-42.81279],[-63.62996,-42.76463],[-63.63981,-42.69976],[-63.60517,-42.62928],[-63.5828,-42.60735],[-63.60412,-42.54719],[-63.60874,-42.41856],[-63.59855,-42.33023],[-63.75945,-42.07611],[-63.80157,-42.07216],[-63.87614,-42.08415],[-63.93496,-42.10328],[-63.94291,-42.11366],[-63.9648,-42.11461],[-63.98755,-42.13745],[-64.02733,-42.14763],[-64.03928,-42.1632],[-64.0566,-42.16343],[-64.07511,-42.17833],[-64.37875,-42.23835],[-64.31296,-42.25215],[-64.2469,-42.23418],[-64.22983,-42.24566],[-64.185,-42.24846],[-64.13492,-42.23933],[-64.0723,-42.26345],[-64.04437,-42.31285],[-64.07016,-42.33308],[-64.04532,-42.34183],[-64.04304,-42.3513],[-64.05684,-42.38266],[-64.0991,-42.40389],[-64.12029,-42.42827],[-64.19142,-42.41583],[-64.21531,-42.42211],[-64.28935,-42.41509],[-64.30154,-42.40394],[-64.35479,-42.4263],[-64.47593,-42.43862],[-64.48557,-42.41546],[-64.49831,-42.4302],[-64.54028,-42.41928],[-64.55617,-42.43198],[-64.57287,-42.42135],[-64.6101,-42.42638],[-64.6201,-42.40299],[-64.57093,-42.34832],[-64.55738,-42.30613],[-64.46421,-42.23952],[-64.74,-42.2141],[-64.88028,-42.1808],[-64.95999,-42.13763],[-65.01399,-42.09338],[-65.06057,-42.0317],[-65.06928,-42.0003]]]]},"properties":{"fid":19,"OBJECTID":445,"Entidad":0,"Objeto":"Provincia","FNA":"Provincia del Chubut","GNA":"Provincia","NAM":"Chubut","SAG":"IGN","FDC":"Geografía","IN1":"26","SHAPE_STAr":25.0858342989,"SHAPE_STLe":38.8379453893,"argentina_population_2022":618994}},{"type":"Feature","geometry":{"type":"Polygon","coordinates":[[[-63.38327,-39.32849],[-63.43087,-39.33069],[-63.45157,-39.32028],[-63.4574,-39.32884],[-63.48947,-39.30653],[-63.51201,-39.31266],[-63.54122,-39.29666],[-63.53772,-39.28082],[-63.55768,-39.2619],[-63.5661,-39.2663],[-63.59387,-39.24591],[-63.61438,-39.25183],[-63.61719,-39.2359],[-63.63171,-39.2478],[-63.63458,-39.22699],[-63.67505,-39.22102],[-63.67077,-39.20448],[-63.69349,-39.20567],[-63.72961,-39.18439],[-63.74239,-39.18889],[-63.74477,-39.16379],[-63.76343,-39.15399],[-63.75708,-39.12921],[-63.77692,-39.12891],[-63.78821,-39.10919],[-63.79783,-39.11037],[-63.79319,-39.12298],[-63.83495,-39.13631],[-63.8418,-39.10919],[-63.85827,-39.11037],[-63.87128,-39.09528],[-63.87958,-39.1004],[-63.8692,-39.10669],[-63.89551,-39.10773],[-63.91357,-39.0863],[-63.9328,-39.09351],[-63.93346,-39.06159],[-63.99823,-39.03528],[-63.99011,-39.01343],[-64.01361,-39.01813],[-64.01178,-39.0022],[-64.04938,-39],[-64.06268,-39.01038],[-64.06458,-38.99182],[-64.15259,-38.9632],[-64.2309,-38.92371],[-64.2796,-38.914],[-64.29395,-38.89765],[-64.32536,-38.90645],[-64.34869,-38.88348],[-64.3559,-38.89099],[-64.3667,-38.88269],[-64.37311,-38.89148],[-64.39661,-38.88672],[-64.3974,-38.87323],[-64.41327,-38.88361],[-64.42066,-38.87183],[-64.43089,-38.87921],[-64.47638,-38.85999],[-64.5152,-38.86841],[-64.53509,-38.8584],[-64.53808,-38.86564],[-64.59637,-38.85919],[-64.60468,-38.84772],[-64.63041,-38.85267],[-64.67279,-38.83319],[-64.69348,-38.84369],[-64.73475,-38.84113],[-64.80951,-38.8158],[-64.84503,-38.82698],[-64.87732,-38.81439],[-64.89143,-38.82674],[-64.92427,-38.83316],[-65.11139,-38.7995],[-65.14008,-38.81818],[-65.16882,-38.802],[-65.19137,-38.81044],[-65.19184,-38.83661],[-65.25632,-38.83209],[-65.28052,-38.82141],[-65.37451,-38.85571],[-65.39081,-38.83051],[-65.5025,-38.7981],[-65.52319,-38.77918],[-65.56952,-38.78461],[-65.58252,-38.77429],[-65.62299,-38.78632],[-65.6087,-38.7984],[-65.617,-38.80841],[-65.63208,-38.80249],[-65.63178,-38.81811],[-65.64331,-38.80841],[-65.6535,-38.8269],[-65.69409,-38.83319],[-65.70178,-38.81653],[-65.71259,-38.82501],[-65.7486,-38.81012],[-65.7796,-38.81018],[-65.7876,-38.79541],[-65.80597,-38.80609],[-65.80438,-38.79358],[-65.8172,-38.78882],[-65.82068,-38.79889],[-65.84108,-38.78665],[-65.86389,-38.7995],[-65.86401,-38.78998],[-65.88202,-38.78931],[-65.87488,-38.77771],[-65.90949,-38.78278],[-65.91068,-38.76571],[-65.92638,-38.77499],[-65.92555,-38.76416],[-65.94625,-38.76749],[-65.95101,-38.74726],[-66.01971,-38.74127],[-66.03387,-38.75092],[-66.03119,-38.73941],[-66.0626,-38.75131],[-66.08478,-38.72559],[-66.10809,-38.7279],[-66.1203,-38.74347],[-66.12128,-38.73383],[-66.13599,-38.73932],[-66.15521,-38.72919],[-66.17718,-38.74542],[-66.18042,-38.73138],[-66.2088,-38.73199],[-66.22028,-38.74109],[-66.24683,-38.7356],[-66.28851,-38.75592],[-66.29199,-38.74518],[-66.30908,-38.7431],[-66.315,-38.7616],[-66.32178,-38.7486],[-66.34183,-38.75773],[-66.35761,-38.7453],[-66.40442,-38.74408],[-66.40905,-38.73096],[-66.41742,-38.74432],[-66.44201,-38.74569],[-66.44677,-38.73608],[-66.47498,-38.73877],[-66.47449,-38.729],[-66.48817,-38.72954],[-66.49876,-38.718],[-66.53861,-38.72085],[-66.55337,-38.69837],[-66.57593,-38.7016],[-66.57819,-38.69153],[-66.60714,-38.67909],[-66.59239,-38.67088],[-66.59751,-38.64911],[-66.578,-38.62139],[-66.59977,-38.59974],[-66.60845,-38.55976],[-66.63379,-38.55679],[-66.63617,-38.54239],[-66.71136,-38.53252],[-66.71478,-38.521],[-66.74658,-38.51752],[-66.76633,-38.50432],[-66.78607,-38.48053],[-66.81201,-38.4848],[-66.88971,-38.46362],[-66.89697,-38.44373],[-66.94879,-38.45288],[-66.9704,-38.44311],[-66.99438,-38.44647],[-67.00702,-38.42432],[-67.09184,-38.39963],[-67.11861,-38.35679],[-67.15299,-38.35679],[-67.15277,-38.2926],[-67.17239,-38.27922],[-67.17048,-38.2609],[-67.19659,-38.25378],[-67.18761,-38.2145],[-67.26111,-38.2171],[-67.31708,-38.24762],[-67.34418,-38.25177],[-67.54791,-38.25629],[-67.5932,-38.2406],[-67.65649,-38.20178],[-67.68182,-38.16479],[-67.68701,-38.1358],[-67.70752,-38.12402],[-67.71863,-38.13037],[-67.7301,-38.11481],[-67.72992,-38.0788],[-67.75122,-38.07428],[-67.74872,-38.0581],[-67.75769,-38.05701],[-67.7597,-38.0686],[-67.78176,-38.05329],[-67.80913,-38.07185],[-67.83588,-38.05652],[-67.8512,-38.0658],[-67.85077,-38.05188],[-67.86279,-38.05359],[-67.88313,-38.01879],[-67.89491,-38.01796],[-67.88944,-38.00047],[-67.90395,-37.98358],[-67.88238,-37.95148],[-67.875,-37.95532],[-67.867,-37.9314],[-67.81365,-37.90077],[-67.78046,-37.89399],[-67.73273,-37.8598],[-67.7331,-37.82023],[-67.72097,-37.80643],[-67.72549,-37.79191],[-67.74188,-37.78491],[-67.74811,-37.74908],[-67.75763,-37.74707],[-67.75092,-37.73889],[-67.76489,-37.72351],[-67.76862,-37.67358],[-67.7934,-37.6463],[-67.87073,-37.61261],[-67.8764,-37.62012],[-67.9173,-37.61841],[-67.94416,-37.60322],[-67.98069,-37.60905],[-68.04541,-37.59589],[-68.0672,-37.60169],[-68.08728,-37.59039],[-68.11121,-37.59497],[-68.15254,-37.58032],[-68.21784,-37.58835],[-68.25,-37.57669],[-68.25,-38.682],[-68.2425,-38.69672],[-68.19685,-38.70994],[-68.18995,-38.72268],[-68.18041,-38.71823],[-68.16312,-38.73789],[-68.12061,-38.74728],[-68.11826,-38.79326],[-68.08118,-38.84829],[-68.09405,-38.85865],[-68.07151,-38.87151],[-68.06923,-38.90294],[-68.05036,-38.91207],[-68.03941,-38.94188],[-68.00738,-38.95938],[-68.00028,-38.97365],[-68.01194,-38.97925],[-67.99809,-38.99576],[-68.01942,-38.97748],[-68.04846,-38.97826],[-68.05742,-38.99147],[-68.07827,-38.9951],[-68.14844,-38.97498],[-68.16535,-38.97981],[-68.17767,-38.96723],[-68.20779,-38.97132],[-68.23076,-38.9913],[-68.30054,-38.97539],[-68.3085,-38.99088],[-68.35497,-39.0019],[-68.41227,-39.03439],[-68.42657,-39.02862],[-68.46923,-39.04575],[-68.50481,-39.07148],[-68.51575,-39.06642],[-68.52452,-39.07743],[-68.56191,-39.07699],[-68.59471,-39.12017],[-68.6608,-39.17234],[-68.65325,-39.19918],[-68.6655,-39.2173],[-68.75458,-39.26964],[-68.80239,-39.28491],[-68.81849,-39.31259],[-68.80805,-39.34736],[-68.82396,-39.37493],[-68.9125,-39.41787],[-68.93072,-39.461],[-68.99988,-39.5152],[-69.04748,-39.52667],[-69.11279,-39.51471],[-69.17712,-39.56061],[-69.22632,-39.57129],[-69.2771,-39.59638],[-69.27228,-39.62903],[-69.2937,-39.64551],[-69.28997,-39.65299],[-69.31396,-39.65391],[-69.343,-39.68038],[-69.34896,-39.71209],[-69.37466,-39.73174],[-69.39025,-39.73163],[-69.38974,-39.7431],[-69.40927,-39.7487],[-69.42192,-39.76806],[-69.49158,-39.79514],[-69.507,-39.81542],[-69.55811,-39.80935],[-69.58671,-39.81533],[-69.59658,-39.83009],[-69.62999,-39.84291],[-69.65072,-39.83621],[-69.67116,-39.84985],[-69.69706,-39.84645],[-69.76184,-39.88333],[-69.79223,-39.88309],[-69.8105,-39.89906],[-69.86594,-39.9109],[-69.89458,-39.93898],[-69.93175,-39.94358],[-69.93351,-39.95541],[-69.97089,-39.97774],[-70.00537,-40.04743],[-69.99479,-40.10313],[-69.97069,-40.12104],[-69.95028,-40.17898],[-69.96195,-40.18573],[-69.99204,-40.17997],[-70.00208,-40.2032],[-70.05882,-40.24896],[-70.04957,-40.31778],[-70.06269,-40.37464],[-70.10302,-40.40574],[-70.15307,-40.414],[-70.17494,-40.42761],[-70.17057,-40.48301],[-70.22986,-40.50293],[-70.29837,-40.50439],[-70.42493,-40.53632],[-70.46509,-40.51221],[-70.54248,-40.5036],[-70.54968,-40.521],[-70.6236,-40.5531],[-70.65392,-40.59134],[-70.71235,-40.59178],[-70.73313,-40.58005],[-70.85541,-40.59338],[-70.87909,-40.62042],[-70.9765,-40.64868],[-71.01178,-40.67932],[-71.02972,-40.72443],[-71.09368,-40.72671],[-71.12095,-40.75863],[-71.11933,-40.80406],[-71.09308,-40.82594],[-71.09995,-40.84036],[-71.0857,-40.85249],[-71.06963,-40.85025],[-71.04684,-40.87122],[-71.05363,-40.88211],[-71.03899,-40.88902],[-71.03205,-40.93336],[-71.04297,-40.948],[-71.03638,-40.95587],[-71.06033,-40.98082],[-71.10245,-40.9908],[-71.08858,-40.99721],[-71.1147,-41.00695],[-71.14165,-41.05598],[-71.17488,-41.0562],[-71.24048,-41.09509],[-71.30621,-41.1001],[-71.36072,-41.08868],[-71.45642,-41.04169],[-71.5506,-41.02319],[-71.62189,-41.03491],[-71.78528,-41.0188],[-71.86108,-41.03102],[-71.83936,-41.03584],[-71.81794,-41.06229],[-71.84959,-41.08315],[-71.85212,-41.09897],[-71.83623,-41.11823],[-71.83936,-41.1504],[-71.88751,-41.16907],[-71.87441,-41.20584],[-71.85403,-41.2146],[-71.85932,-41.23362],[-71.84702,-41.24284],[-71.85639,-41.24775],[-71.83438,-41.2718],[-71.85623,-41.25731],[-71.89701,-41.25514],[-71.88822,-41.2644],[-71.89654,-41.2789],[-71.87602,-41.30739],[-71.88165,-41.32414],[-71.91208,-41.34057],[-71.91124,-41.35674],[-71.86635,-41.3936],[-71.86321,-41.42201],[-71.82701,-41.4435],[-71.84336,-41.4517],[-71.82801,-41.48101],[-71.85207,-41.51485],[-71.81764,-41.57521],[-71.8468,-41.56529],[-71.88556,-41.60599],[-71.857,-41.64527],[-71.83656,-41.64563],[-71.8371,-41.66619],[-71.82977,-41.6757],[-71.81779,-41.66993],[-71.81697,-41.68989],[-71.79438,-41.69474],[-71.81037,-41.72053],[-71.78418,-41.73495],[-71.77525,-41.76773],[-71.75393,-41.78745],[-71.77399,-41.79365],[-71.75137,-41.82493],[-71.79072,-41.83079],[-71.79748,-41.84263],[-71.77214,-41.93085],[-71.7934,-41.94403],[-71.79378,-41.96155],[-71.77376,-41.99984],[-70.20898,-42.00001],[-68.38924,-42.00011],[-66.87688,-42.0002],[-65.06928,-42.0003],[-65.0661,-41.90558],[-65.05762,-41.88159],[-65.03711,-41.87299],[-65.04907,-41.8634],[-65.04919,-41.8429],[-65.03967,-41.83087],[-65.01587,-41.83221],[-65.01269,-41.77972],[-64.99768,-41.7666],[-65.021,-41.73322],[-65.02271,-41.61841],[-65.03711,-41.59821],[-65.01648,-41.61029],[-64.99719,-41.57629],[-64.98639,-41.57678],[-65.00671,-41.55731],[-64.99219,-41.54419],[-64.98792,-41.51752],[-65.0003,-41.48608],[-65.04388,-41.46252],[-65.05292,-41.43182],[-65.07361,-41.41522],[-65.07361,-41.39221],[-65.138,-41.22961],[-65.1543,-41.16278],[-65.15198,-41.10651],[-65.1684,-41.06921],[-65.15729,-41.05188],[-65.16669,-40.974],[-65.14972,-40.909],[-65.12518,-40.88129],[-65.12891,-40.85681],[-65.09271,-40.81457],[-65.0069,-40.76117],[-64.8999,-40.7608],[-64.92438,-40.7478],[-64.95923,-40.74811],[-64.92218,-40.74048],[-64.91669,-40.72729],[-64.96991,-40.72717],[-64.99591,-40.71692],[-64.96912,-40.72528],[-64.9715,-40.716],[-64.95178,-40.71979],[-64.9574,-40.71008],[-64.91382,-40.70972],[-64.84741,-40.71588],[-64.84979,-40.72229],[-64.82208,-40.73041],[-64.80627,-40.72552],[-64.7735,-40.7428],[-64.8006,-40.74829],[-64.79748,-40.78052],[-64.77917,-40.76691],[-64.76941,-40.77478],[-64.75861,-40.76788],[-64.73358,-40.78693],[-64.75378,-40.79437],[-64.73419,-40.80261],[-64.74921,-40.80518],[-64.742,-40.81073],[-64.83801,-40.78619],[-64.84528,-40.81488],[-64.85663,-40.80371],[-64.84741,-40.78278],[-64.90491,-40.80548],[-64.8753,-40.82892],[-64.74628,-40.8186],[-64.5412,-40.86493],[-64.46661,-40.90051],[-64.40741,-40.91321],[-64.39508,-40.92712],[-64.3114,-40.95599],[-64.20618,-41.00983],[-64.112,-41.02289],[-64.09589,-41.01868],[-64.10907,-41.00983],[-64.09888,-41.00177],[-64.10413,-41.00702],[-64.08179,-41.02667],[-64.11438,-41.03009],[-63.9585,-41.07312],[-63.92261,-41.0921],[-63.88647,-41.13049],[-63.78857,-41.159],[-63.43732,-41.16199],[-63.32098,-41.15112],[-63.22913,-41.15918],[-63.11652,-41.15552],[-63.05328,-41.14398],[-62.99298,-41.1095],[-62.88452,-41.07941],[-62.78967,-41.02416],[-62.80154,-40.98213],[-62.95715,-40.81768],[-62.97992,-40.81505],[-62.99681,-40.79803],[-63.03062,-40.794],[-63.0468,-40.7728],[-63.09623,-40.76241],[-63.11312,-40.74694],[-63.19165,-40.71625],[-63.28397,-40.72872],[-63.31003,-40.70653],[-63.35892,-40.72081],[-63.36273,-40.70302],[-63.37935,-40.70977],[-63.38327,-39.32849]]]},"properties":{"fid":20,"OBJECTID":446,"Entidad":0,"Objeto":"Provincia","FNA":"Provincia de Río Negro","GNA":"Provincia","NAM":"Río Negro","SAG":"IGN","FDC":"Geografía","IN1":"62","SHAPE_STAr":21.4511368555,"SHAPE_STLe":30.9972743096,"argentina_population_2022":747610}},{"type":"Feature","geometry":{"type":"Polygon","coordinates":[[[-60.25954,-33.26185],[-60.25239,-33.27542],[-60.27237,-33.26349],[-60.26461,-33.28132],[-60.28295,-33.31372],[-60.32396,-33.35075],[-60.33543,-33.41233],[-60.4101,-33.46796],[-60.42394,-33.52796],[-60.4143,-33.54574],[-60.42346,-33.56383],[-60.4566,-33.58197],[-60.45957,-33.63146],[-60.49756,-33.64488],[-60.55692,-33.64684],[-60.58622,-33.63123],[-60.61992,-33.62834],[-60.68458,-33.58516],[-60.74665,-33.58834],[-60.78181,-33.57876],[-60.81863,-33.54045],[-60.87994,-33.55553],[-60.91789,-33.58968],[-60.93074,-33.65202],[-61.7176,-34.38361],[-62.87973,-34.38349],[-63.38508,-34.38332],[-63.38575,-35.00014],[-63.38538,-36.07305],[-63.38555,-37.14714],[-63.38537,-38.22797],[-63.38327,-39.32849],[-63.37935,-40.70977],[-63.36273,-40.70302],[-63.35892,-40.72081],[-63.31003,-40.70653],[-63.28397,-40.72872],[-63.19165,-40.71625],[-63.11312,-40.74694],[-63.09623,-40.76241],[-63.0468,-40.7728],[-63.03062,-40.794],[-62.99681,-40.79803],[-62.97992,-40.81505],[-62.95715,-40.81768],[-62.80154,-40.98213],[-62.78967,-41.02416],[-62.71042,-41.03768],[-62.55304,-40.95919],[-62.41327,-40.92016],[-62.31255,-40.87115],[-62.23231,-40.68791],[-62.17454,-40.63753],[-62.16945,-40.60027],[-62.18194,-40.57683],[-62.25513,-40.53914],[-62.31845,-40.52641],[-62.31629,-40.53538],[-62.25373,-40.5524],[-62.25511,-40.57707],[-62.26215,-40.56296],[-62.2825,-40.57148],[-62.29761,-40.54271],[-62.32073,-40.53534],[-62.32037,-40.50485],[-62.37451,-40.49108],[-62.41895,-40.46367],[-62.42102,-40.42862],[-62.44686,-40.40788],[-62.45118,-40.3814],[-62.48662,-40.33103],[-62.48826,-40.3013],[-62.44543,-40.24994],[-62.38939,-40.22842],[-62.33889,-40.18688],[-62.32765,-40.15136],[-62.35187,-40.07],[-62.34119,-40.05943],[-62.32881,-39.97748],[-62.34145,-39.96007],[-62.32874,-39.95435],[-62.33109,-39.91577],[-62.31368,-39.90082],[-62.30358,-39.86202],[-62.30022,-39.86759],[-62.2661,-39.85906],[-62.28862,-39.84578],[-62.29633,-39.82736],[-62.23655,-39.81698],[-62.21406,-39.84264],[-62.16209,-39.82893],[-62.15349,-39.83632],[-62.14421,-39.83026],[-62.13604,-39.84746],[-62.1158,-39.837],[-62.12604,-39.76686],[-62.11177,-39.70607],[-62.12271,-39.70767],[-62.09223,-39.67957],[-62.10621,-39.66684],[-62.09931,-39.68561],[-62.11906,-39.66255],[-62.08958,-39.5401],[-62.0455,-39.44742],[-62.14121,-39.39501],[-62.148,-39.40286],[-62.16049,-39.40004],[-62.14719,-39.39781],[-62.14986,-39.38002],[-62.16292,-39.38455],[-62.16403,-39.39746],[-62.16707,-39.37527],[-62.18044,-39.39697],[-62.19243,-39.38226],[-62.19531,-39.39892],[-62.20759,-39.40104],[-62.21297,-39.39597],[-62.19907,-39.39854],[-62.19418,-39.37697],[-62.23931,-39.36019],[-62.21157,-39.36093],[-62.20312,-39.34685],[-62.23032,-39.35301],[-62.23881,-39.3452],[-62.26261,-39.34723],[-62.27993,-39.32586],[-62.25982,-39.32229],[-62.28683,-39.32293],[-62.26056,-39.31543],[-62.27432,-39.30899],[-62.2859,-39.31732],[-62.27715,-39.30675],[-62.2885,-39.29864],[-62.25247,-39.30472],[-62.2299,-39.2966],[-62.19994,-39.3074],[-62.18501,-39.29836],[-62.16746,-39.33112],[-62.08559,-39.39011],[-62.03209,-39.39363],[-62.00997,-39.37993],[-62.01107,-39.35761],[-62.01379,-39.36487],[-62.04077,-39.34913],[-62.06229,-39.31983],[-62.10684,-39.30081],[-62.21673,-39.27464],[-62.31689,-39.26609],[-62.30169,-39.24504],[-62.28601,-39.25667],[-62.26689,-39.24871],[-62.23741,-39.25159],[-62.26029,-39.23124],[-62.28637,-39.23329],[-62.34223,-39.16295],[-62.33234,-39.1325],[-62.35202,-39.113],[-62.33055,-39.11658],[-62.35416,-39.10111],[-62.30661,-39.05289],[-62.29928,-39.02501],[-62.31694,-39.00299],[-62.30038,-38.9934],[-62.32137,-38.99575],[-62.32174,-38.96844],[-62.34571,-38.95031],[-62.32053,-38.90427],[-62.35195,-38.86304],[-62.34419,-38.86489],[-62.33857,-38.84327],[-62.32615,-38.83818],[-62.3479,-38.84641],[-62.36079,-38.82668],[-62.36969,-38.83209],[-62.36272,-38.84546],[-62.37195,-38.84367],[-62.37579,-38.82564],[-62.38716,-38.83806],[-62.39334,-38.82068],[-62.41401,-38.8175],[-62.38852,-38.81503],[-62.39727,-38.79561],[-62.36559,-38.81524],[-62.37166,-38.7993],[-62.35381,-38.81512],[-62.35224,-38.80269],[-62.33722,-38.81446],[-62.30613,-38.79941],[-62.32725,-38.78965],[-62.34058,-38.80208],[-62.35685,-38.78765],[-62.344,-38.77361],[-62.36883,-38.78096],[-62.35289,-38.76951],[-62.37362,-38.76921],[-62.37588,-38.79072],[-62.38243,-38.78081],[-62.40078,-38.78254],[-62.40652,-38.76645],[-62.41214,-38.78614],[-62.42071,-38.77314],[-62.43164,-38.78357],[-62.46026,-38.777],[-62.46793,-38.79013],[-62.47636,-38.78435],[-62.47022,-38.80409],[-62.48839,-38.79006],[-62.48767,-38.77118],[-62.51037,-38.76421],[-62.49502,-38.74619],[-62.50413,-38.7383],[-62.47776,-38.75034],[-62.44259,-38.73462],[-62.40483,-38.7416],[-62.4008,-38.73387],[-62.39766,-38.74634],[-62.38183,-38.74144],[-62.38058,-38.73087],[-62.37288,-38.74154],[-62.37953,-38.72171],[-62.35291,-38.71759],[-62.32941,-38.72524],[-62.31194,-38.73774],[-62.32605,-38.74997],[-62.3083,-38.7474],[-62.3001,-38.78534],[-62.2496,-38.79576],[-62.23627,-38.78919],[-62.2356,-38.80425],[-62.22325,-38.80961],[-62.21244,-38.79814],[-62.18833,-38.80531],[-62.18009,-38.81919],[-62.16595,-38.81203],[-62.14868,-38.82271],[-62.10731,-38.86615],[-62.10052,-38.90433],[-62.09235,-38.89543],[-62.07367,-38.90744],[-62.07341,-38.92511],[-62.06741,-38.9199],[-61.99303,-38.94575],[-61.86648,-38.96904],[-61.85876,-38.97953],[-61.81209,-38.9926],[-61.7067,-38.96547],[-61.66966,-38.98989],[-61.60652,-39.00406],[-61.37978,-38.98833],[-61.14321,-39.00007],[-61.01359,-38.9815],[-60.85103,-38.97959],[-60.11666,-38.86577],[-59.78892,-38.82642],[-59.68597,-38.79627],[-59.39326,-38.75207],[-59.30404,-38.72892],[-59.01245,-38.67859],[-58.72809,-38.58524],[-58.7022,-38.58098],[-58.69798,-38.58383],[-58.68946,-38.58794],[-58.69767,-38.58366],[-58.69544,-38.57815],[-58.68954,-38.57454],[-58.49687,-38.53725],[-58.27845,-38.46497],[-57.85273,-38.2964],[-57.81897,-38.2663],[-57.68337,-38.20587],[-57.63655,-38.17319],[-57.59321,-38.11894],[-57.54487,-38.10059],[-57.53973,-38.06422],[-57.51778,-38.03897],[-57.54033,-38.0485],[-57.53326,-38.03197],[-57.52238,-38.03712],[-57.53149,-38.03149],[-57.52402,-38.01662],[-57.54425,-37.99013],[-57.54141,-37.96849],[-57.51441,-37.86948],[-57.49156,-37.82824],[-57.41121,-37.73484],[-57.1255,-37.49278],[-56.98985,-37.28849],[-56.66716,-36.88311],[-56.69839,-36.42655],[-56.71594,-36.3556],[-56.74005,-36.31443],[-56.77683,-36.29308],[-56.77407,-36.32139],[-56.81379,-36.33464],[-56.86236,-36.32869],[-56.90477,-36.33819],[-56.97163,-36.33436],[-57.01344,-36.32824],[-57.10781,-36.27583],[-57.11519,-36.28015],[-57.1153,-36.27069],[-57.12914,-36.268],[-57.23321,-36.1785],[-57.26658,-36.1379],[-57.27924,-36.13759],[-57.32184,-36.05298],[-57.33953,-36.02699],[-57.35106,-36.02747],[-57.34706,-36.01681],[-57.37094,-35.97013],[-57.38245,-35.96674],[-57.36881,-35.9511],[-57.3814,-35.92511],[-57.37525,-35.90831],[-57.38694,-35.90228],[-57.38972,-35.85317],[-57.36474,-35.74477],[-57.23538,-35.57707],[-57.15247,-35.4951],[-57.12794,-35.44576],[-57.14704,-35.38978],[-57.22306,-35.27315],[-57.35324,-35.14675],[-57.50846,-35.02471],[-57.59331,-34.99397],[-57.67484,-34.93617],[-57.75102,-34.91493],[-57.87374,-34.82616],[-57.94734,-34.83348],[-58.01447,-34.78067],[-58.19769,-34.73596],[-58.23015,-34.70138],[-58.31641,-34.65801],[-58.34189,-34.6311],[-58.37405,-34.65719],[-58.42373,-34.66221],[-58.46139,-34.70531],[-58.5292,-34.65475],[-58.53146,-34.61597],[-58.5008,-34.54953],[-58.45956,-34.52778],[-58.48206,-34.47884],[-58.51504,-34.447],[-58.51147,-34.4187],[-58.5025,-34.4198],[-58.50537,-34.4079],[-58.495,-34.40692],[-58.48291,-34.38458],[-58.46588,-34.38562],[-58.46503,-34.37488],[-58.45453,-34.38849],[-58.51038,-34.30878],[-58.5,-34.28827],[-58.5144,-34.271],[-58.50189,-34.26477],[-58.4696,-34.27448],[-58.4527,-34.26331],[-58.41669,-34.2644],[-58.39862,-34.23468],[-58.40362,-34.22522],[-58.3866,-34.22022],[-58.36719,-34.1889],[-58.35541,-34.19031],[-58.37329,-34.15808],[-58.36218,-34.0545],[-58.4162,-34.00269],[-58.47729,-34.00263],[-58.60717,-34.03787],[-58.65048,-34.03668],[-58.68402,-34.01929],[-58.76374,-33.94531],[-58.8306,-33.9553],[-58.85487,-33.94721],[-58.89978,-33.89099],[-58.93359,-33.87439],[-58.97789,-33.87036],[-58.99288,-33.8418],[-59.02048,-33.84894],[-59.05548,-33.8324],[-59.13068,-33.84772],[-59.17358,-33.80701],[-59.21881,-33.8147],[-59.24231,-33.8075],[-59.25488,-33.78589],[-59.23541,-33.73999],[-59.25427,-33.72229],[-59.37769,-33.73651],[-59.43701,-33.729],[-59.46777,-33.70428],[-59.47931,-33.65289],[-59.51648,-33.63208],[-59.54199,-33.6416],[-59.59631,-33.68957],[-59.61877,-33.6922],[-59.65241,-33.62488],[-59.69339,-33.61052],[-59.70957,-33.62123],[-59.74384,-33.62028],[-59.78857,-33.60457],[-59.80768,-33.5885],[-59.80939,-33.54401],[-59.82318,-33.53003],[-59.89929,-33.50708],[-59.93301,-33.47489],[-59.99939,-33.47013],[-60.04484,-33.44753],[-60.11108,-33.37299],[-60.16962,-33.349],[-60.20068,-33.29218],[-60.25421,-33.26471],[-60.25954,-33.26185]]]},"properties":{"fid":21,"OBJECTID":447,"Entidad":0,"Objeto":"Provincia","FNA":"Provincia de Buenos Aires","GNA":"Provincia","NAM":"Buenos Aires","SAG":"IGN","FDC":"Geografía","IN1":"06","SHAPE_STAr":30.8059975115,"SHAPE_STLe":34.0355761258,"argentina_population_2022":17541141}},{"type":"Feature","geometry":{"type":"MultiPolygon","coordinates":[[[[-56.6996,-27.57816],[-56.68607,-27.56089],[-56.69332,-27.54506],[-56.70668,-27.58077],[-56.6996,-27.57816]]],[[[-56.93977,-27.53549],[-56.94678,-27.53269],[-56.93389,-27.54408],[-56.93977,-27.53549]]],[[[-56.70526,-27.56331],[-56.69967,-27.53652],[-56.71693,-27.51994],[-56.73405,-27.55873],[-56.7839,-27.58269],[-56.73423,-27.59143],[-56.70526,-27.56331]]],[[[-56.95694,-27.51605],[-56.93237,-27.53511],[-56.91961,-27.56256],[-56.87599,-27.58357],[-56.89413,-27.55172],[-56.95694,-27.51605]]],[[[-56.35707,-27.51788],[-56.36744,-27.52041],[-56.3712,-27.53853],[-56.35707,-27.51788]]],[[[-56.32933,-27.50123],[-56.3207,-27.49547],[-56.3443,-27.50799],[-56.32933,-27.50123]]],[[[-56.91483,-27.42354],[-56.95069,-27.43247],[-56.994,-27.46634],[-57.03158,-27.48147],[-56.9701,-27.49273],[-56.95244,-27.51477],[-56.90306,-27.5374],[-56.87158,-27.58346],[-56.84042,-27.59618],[-56.79865,-27.57354],[-56.74857,-27.56179],[-56.72796,-27.52153],[-56.7294,-27.50196],[-56.76403,-27.50257],[-56.83078,-27.46659],[-56.87176,-27.43044],[-56.91483,-27.42354]]],[[[-57.56661,-27.38512],[-57.59127,-27.38532],[-57.58382,-27.38676],[-57.59342,-27.39245],[-57.49219,-27.4387],[-57.40447,-27.41796],[-57.56661,-27.38512]]],[[[-57.75255,-27.32016],[-57.79809,-27.32502],[-57.74152,-27.32331],[-57.75255,-27.32016]]],[[[-57.82595,-27.3026],[-57.81945,-27.3187],[-57.76895,-27.32111],[-57.82595,-27.3026]]],[[[-58.42327,-27.27015],[-58.43113,-27.26823],[-58.42201,-27.28063],[-58.42327,-27.27015]]],[[[-56.02426,-27.32426],[-56.06163,-27.30619],[-56.12025,-27.31771],[-56.17586,-27.34363],[-56.23757,-27.40239],[-56.28423,-27.40849],[-56.29496,-27.42298],[-56.28413,-27.45978],[-56.29369,-27.49414],[-56.33837,-27.52403],[-56.35936,-27.59057],[-56.39484,-27.60693],[-56.42438,-27.60291],[-56.43718,-27.58686],[-56.48705,-27.56368],[-56.55674,-27.45678],[-56.60355,-27.43142],[-56.6496,-27.4608],[-56.67806,-27.46353],[-56.69103,-27.45434],[-56.72036,-27.4669],[-56.71705,-27.49694],[-56.6771,-27.54868],[-56.686,-27.57694],[-56.74323,-27.605],[-56.79406,-27.58686],[-56.82573,-27.60427],[-56.84926,-27.6063],[-56.89659,-27.58881],[-56.94223,-27.55832],[-56.96567,-27.50205],[-56.97993,-27.49339],[-57.03647,-27.4806],[-57.10179,-27.48466],[-57.12055,-27.49345],[-57.14759,-27.48146],[-57.22541,-27.47038],[-57.27965,-27.43027],[-57.32651,-27.40984],[-57.39569,-27.42082],[-57.43901,-27.43828],[-57.50752,-27.4442],[-57.60979,-27.39571],[-57.69701,-27.32688],[-57.78088,-27.34147],[-57.81738,-27.33558],[-57.85601,-27.28363],[-57.89134,-27.26772],[-57.93231,-27.26411],[-57.97099,-27.27499],[-58.03412,-27.25933],[-58.06716,-27.26192],[-58.09217,-27.27575],[-58.19134,-27.28083],[-58.24674,-27.26152],[-58.37285,-27.29079],[-58.41685,-27.2901],[-58.49351,-27.27065],[-58.51572,-27.29103],[-58.54975,-27.29479],[-58.5929,-27.32082],[-58.61649,-27.31863],[-58.66879,-27.35909],[-58.74556,-27.38224],[-58.78101,-27.38178],[-58.80864,-27.42372],[-58.8814,-27.49789],[-58.87102,-27.57127],[-58.88275,-27.60852],[-58.8355,-27.64664],[-58.81878,-27.68118],[-58.80971,-27.78341],[-58.84489,-27.88557],[-58.83206,-27.97383],[-58.85774,-28.01161],[-58.85973,-28.05032],[-58.88082,-28.06683],[-58.95296,-28.13711],[-58.99966,-28.13936],[-59.06241,-28.12811],[-59.08763,-28.17177],[-59.08621,-28.19949],[-59.10787,-28.22277],[-59.10346,-28.32882],[-59.08097,-28.34726],[-59.07621,-28.36534],[-59.08598,-28.43597],[-59.06052,-28.46285],[-59.04886,-28.49331],[-59.10001,-28.5764],[-59.10501,-28.63394],[-59.0786,-28.66749],[-59.1181,-28.74315],[-59.16045,-28.79479],[-59.15807,-28.87736],[-59.20947,-28.96897],[-59.19829,-29.02536],[-59.20471,-29.04083],[-59.2753,-29.09957],[-59.34677,-29.11435],[-59.40781,-29.22138],[-59.44226,-29.22352],[-59.50063,-29.24352],[-59.51093,-29.25726],[-59.51979,-29.34319],[-59.60428,-29.39474],[-59.57995,-29.45985],[-59.59018,-29.56978],[-59.61398,-29.66877],[-59.61755,-29.77584],[-59.65586,-29.8239],[-59.65966,-29.84318],[-59.6047,-29.90267],[-59.58891,-29.97625],[-59.56639,-30.00808],[-59.61612,-30.11301],[-59.63658,-30.23746],[-59.66347,-30.25673],[-59.71082,-30.27029],[-59.70297,-30.3017],[-59.6668,-30.32716],[-59.67167,-30.33866],[-59.63682,-30.35775],[-59.6151,-30.41921],[-59.58777,-30.43482],[-59.57201,-30.40816],[-59.57421,-30.37039],[-59.56558,-30.34814],[-59.55654,-30.35177],[-59.55743,-30.33315],[-59.48873,-30.34481],[-59.47546,-30.33416],[-59.46398,-30.3366],[-59.46326,-30.32458],[-59.43935,-30.32946],[-59.42234,-30.31477],[-59.34774,-30.3247],[-59.32311,-30.35456],[-59.29997,-30.34695],[-59.28849,-30.36158],[-59.2732,-30.35284],[-59.25548,-30.36438],[-59.22984,-30.3642],[-59.23097,-30.35688],[-59.19141,-30.32999],[-59.18046,-30.33285],[-59.17166,-30.31863],[-59.15816,-30.32304],[-59.13639,-30.31191],[-59.13573,-30.28621],[-59.07559,-30.25736],[-59.081,-30.24915],[-59.06369,-30.23077],[-59.0512,-30.23529],[-59.00861,-30.21899],[-58.9653,-30.21813],[-58.912,-30.2481],[-58.87964,-30.24612],[-58.8702,-30.23533],[-58.83154,-30.23155],[-58.80434,-30.21099],[-58.78883,-30.21906],[-58.74842,-30.21411],[-58.72087,-30.18569],[-58.68041,-30.17449],[-58.68224,-30.16388],[-58.64765,-30.163],[-58.62986,-30.17705],[-58.5765,-30.16004],[-58.55329,-30.18558],[-58.54037,-30.18321],[-58.49789,-30.20705],[-58.47063,-30.20333],[-58.45182,-30.22485],[-58.43686,-30.2217],[-58.43756,-30.22931],[-58.36879,-30.26479],[-58.34373,-30.27125],[-58.28555,-30.24463],[-58.20834,-30.28758],[-58.19239,-30.33517],[-58.14118,-30.40572],[-58.07193,-30.42541],[-58.07943,-30.45587],[-58.0736,-30.48175],[-58.0576,-30.49705],[-58.06875,-30.54482],[-58.03678,-30.5682],[-58.03363,-30.59804],[-57.97995,-30.6295],[-57.97485,-30.64734],[-57.89478,-30.66941],[-57.85484,-30.69465],[-57.84375,-30.72166],[-57.82152,-30.7194],[-57.8092,-30.72962],[-57.80897,-30.69527],[-57.84337,-30.65955],[-57.84655,-30.62054],[-57.8873,-30.58757],[-57.88961,-30.51068],[-57.84402,-30.4693],[-57.78776,-30.44267],[-57.76782,-30.41832],[-57.72305,-30.40044],[-57.64292,-30.34191],[-57.61524,-30.25447],[-57.65186,-30.20179],[-57.64507,-30.18241],[-57.62771,-30.17438],[-57.58812,-30.17945],[-57.54904,-30.16602],[-57.47424,-30.11977],[-57.40854,-30.03202],[-57.35306,-30.0085],[-57.33678,-29.99038],[-57.32534,-29.95893],[-57.32783,-29.88326],[-57.28946,-29.82535],[-57.22995,-29.77916],[-57.1699,-29.78116],[-57.11953,-29.76367],[-57.03771,-29.69896],[-57.00587,-29.65612],[-56.97052,-29.64153],[-56.9712,-29.60774],[-56.95737,-29.58969],[-56.89992,-29.53339],[-56.81383,-29.48199],[-56.80248,-29.45522],[-56.77717,-29.43349],[-56.76746,-29.38256],[-56.70394,-29.36224],[-56.64958,-29.27241],[-56.65366,-29.22651],[-56.64541,-29.1993],[-56.6055,-29.1624],[-56.5915,-29.12431],[-56.5457,-29.11586],[-56.50715,-29.09255],[-56.41953,-29.07898],[-56.39877,-29.02581],[-56.41548,-29.0007],[-56.40991,-28.97765],[-56.39048,-28.95513],[-56.33755,-28.93459],[-56.30195,-28.90111],[-56.29437,-28.79771],[-56.25915,-28.77832],[-56.18552,-28.77],[-56.11857,-28.68168],[-56.05561,-28.62808],[-56.0076,-28.60495],[-56.00227,-28.57849],[-56.02567,-28.53596],[-56.00865,-28.506],[-55.88236,-28.47771],[-55.90303,-28.4081],[-55.8783,-28.36116],[-55.85124,-28.35497],[-55.75745,-28.36859],[-55.73216,-28.38435],[-55.7175,-28.42216],[-55.69633,-28.42316],[-55.66994,-28.33076],[-55.73287,-28.28582],[-55.77269,-28.27394],[-55.78254,-28.25394],[-55.76891,-28.24062],[-55.69811,-28.22103],[-55.65607,-28.18445],[-55.63225,-28.17678],[-55.62024,-28.13754],[-55.64509,-28.13084],[-55.69368,-28.09019],[-55.71144,-28.08854],[-55.71683,-28.06196],[-55.75817,-28.06095],[-55.74943,-28.0271],[-55.77556,-28.00952],[-55.77739,-27.99391],[-55.8248,-27.94822],[-55.81444,-27.91949],[-55.83217,-27.90396],[-55.82777,-27.85471],[-55.84681,-27.8324],[-55.82587,-27.79177],[-55.97845,-27.54284],[-56.02729,-27.50689],[-56.03841,-27.46763],[-56.05489,-27.45097],[-56.05473,-27.41939],[-56.03597,-27.41427],[-56.04322,-27.40499],[-56.02794,-27.3731],[-56.0399,-27.34809],[-56.02503,-27.33922],[-56.02426,-27.32426]],[[-57.95291,-27.27601],[-57.92393,-27.27524],[-57.94487,-27.28617],[-57.93943,-27.27729],[-57.95931,-27.27787],[-57.95291,-27.27601]],[[-57.90335,-27.27382],[-57.86239,-27.29436],[-57.89346,-27.28621],[-57.89424,-27.2802],[-57.89824,-27.27752],[-57.91287,-27.27664],[-57.90335,-27.27382]],[[-57.90672,-27.29055],[-57.91659,-27.29287],[-57.91091,-27.28446],[-57.91839,-27.28246],[-57.89556,-27.27949],[-57.8959,-27.28811],[-57.90672,-27.29055]]],[[[-58.15049,-27.25783],[-58.178,-27.25927],[-58.13857,-27.26555],[-58.15049,-27.25783]]]]},"properties":{"fid":22,"OBJECTID":448,"Entidad":0,"Objeto":"Provincia","FNA":"Provincia de Corrientes","GNA":"Provincia","NAM":"Corrientes","SAG":"IGN","FDC":"Geografía","IN1":"18","SHAPE_STAr":8.23567880627,"SHAPE_STLe":20.5946719742,"argentina_population_2022":1197553}},{"type":"Feature","geometry":{"type":"Polygon","coordinates":[[[-55.62024,-28.13754],[-55.61161,-28.11849],[-55.59167,-28.11706],[-55.58357,-28.12559],[-55.58777,-28.14614],[-55.55731,-28.16365],[-55.54009,-28.12285],[-55.5131,-28.11387],[-55.49551,-28.07919],[-55.48343,-28.07763],[-55.44775,-28.09906],[-55.42278,-28.06097],[-55.37046,-28.02845],[-55.38356,-27.98119],[-55.33902,-27.9663],[-55.3226,-27.92442],[-55.26421,-27.92889],[-55.22842,-27.88094],[-55.1972,-27.85713],[-55.17145,-27.86108],[-55.13438,-27.89615],[-55.12458,-27.88735],[-55.1252,-27.8588],[-55.10849,-27.84742],[-55.08855,-27.84233],[-55.03273,-27.85675],[-55.02502,-27.83257],[-55.08304,-27.79705],[-55.08394,-27.78597],[-55.05593,-27.77005],[-55.00828,-27.79762],[-54.98549,-27.77153],[-54.95576,-27.7783],[-54.93624,-27.77187],[-54.90281,-27.72102],[-54.90505,-27.63865],[-54.8903,-27.62742],[-54.86027,-27.62913],[-54.8468,-27.62028],[-54.81287,-27.53262],[-54.79402,-27.53747],[-54.78565,-27.57626],[-54.77447,-27.58511],[-54.76195,-27.58383],[-54.74296,-27.56227],[-54.68367,-27.57497],[-54.67134,-27.56103],[-54.67791,-27.51025],[-54.65868,-27.51092],[-54.64221,-27.54446],[-54.62228,-27.54204],[-54.58166,-27.45341],[-54.55889,-27.46501],[-54.53019,-27.50656],[-54.50428,-27.48183],[-54.44635,-27.47415],[-54.44225,-27.46188],[-54.46987,-27.42772],[-54.43354,-27.42308],[-54.41316,-27.40652],[-54.39645,-27.41269],[-54.35334,-27.46627],[-54.34188,-27.4657],[-54.33442,-27.45313],[-54.34517,-27.4256],[-54.33828,-27.40304],[-54.28157,-27.44719],[-54.26779,-27.43705],[-54.26279,-27.39876],[-54.21475,-27.38352],[-54.18973,-27.27569],[-54.17328,-27.25499],[-54.15725,-27.26184],[-54.15412,-27.29688],[-54.08446,-27.29978],[-54.05513,-27.26366],[-54.02005,-27.24676],[-54.00843,-27.19929],[-53.96075,-27.19613],[-53.95994,-27.16022],[-53.95181,-27.15283],[-53.93303,-27.15655],[-53.91063,-27.17681],[-53.89745,-27.16996],[-53.8734,-27.12593],[-53.86124,-27.1285],[-53.8367,-27.16966],[-53.82793,-27.14575],[-53.79827,-27.14584],[-53.79904,-27.13656],[-53.81795,-27.13998],[-53.82469,-27.13236],[-53.80444,-27.12267],[-53.81864,-27.10216],[-53.81191,-27.09784],[-53.79543,-27.11037],[-53.77635,-27.10343],[-53.8054,-27.07861],[-53.7974,-27.06608],[-53.78171,-27.07875],[-53.7717,-27.07363],[-53.79702,-27.06006],[-53.80218,-27.04009],[-53.77322,-27.06531],[-53.76006,-27.0651],[-53.78557,-27.02635],[-53.764,-27.04536],[-53.74725,-27.03218],[-53.76352,-27.00839],[-53.75271,-27.00497],[-53.74033,-27.0146],[-53.73174,-27.00439],[-53.74357,-26.99197],[-53.71785,-26.99019],[-53.73696,-26.9743],[-53.72608,-26.95882],[-53.70318,-26.96018],[-53.70904,-26.93409],[-53.6712,-26.94249],[-53.69686,-26.92922],[-53.67267,-26.91295],[-53.67939,-26.90243],[-53.67089,-26.89467],[-53.69561,-26.88689],[-53.67997,-26.86973],[-53.69675,-26.85982],[-53.66017,-26.8584],[-53.67956,-26.84234],[-53.69481,-26.84698],[-53.68841,-26.83777],[-53.7108,-26.81131],[-53.69812,-26.81432],[-53.70019,-26.7979],[-53.71704,-26.78211],[-53.69879,-26.76952],[-53.73022,-26.77381],[-53.74354,-26.76385],[-53.72876,-26.76518],[-53.7141,-26.75069],[-53.73176,-26.73089],[-53.7357,-26.74083],[-53.7501,-26.74071],[-53.74272,-26.73108],[-53.75795,-26.72029],[-53.75411,-26.70975],[-53.7473,-26.71969],[-53.73444,-26.71702],[-53.74347,-26.68153],[-53.72876,-26.69218],[-53.71737,-26.68469],[-53.73161,-26.67778],[-53.71891,-26.66756],[-53.72009,-26.65095],[-53.72634,-26.65878],[-53.73469,-26.64555],[-53.75953,-26.64114],[-53.75094,-26.63524],[-53.73983,-26.64408],[-53.74068,-26.62978],[-53.72926,-26.62019],[-53.73279,-26.58648],[-53.72462,-26.58903],[-53.72206,-26.56213],[-53.70754,-26.56092],[-53.71426,-26.55646],[-53.73593,-26.56661],[-53.7253,-26.55428],[-53.7418,-26.54501],[-53.7231,-26.54233],[-53.71686,-26.52766],[-53.72687,-26.52519],[-53.72949,-26.50148],[-53.70521,-26.509],[-53.70518,-26.49345],[-53.69584,-26.49006],[-53.69587,-26.47524],[-53.70702,-26.48139],[-53.71534,-26.47112],[-53.70482,-26.46346],[-53.69828,-26.4696],[-53.70425,-26.44186],[-53.68697,-26.44071],[-53.6884,-26.42817],[-53.70545,-26.41638],[-53.69662,-26.40209],[-53.70998,-26.38761],[-53.70143,-26.38896],[-53.68574,-26.33537],[-53.67124,-26.3307],[-53.64581,-26.28644],[-53.64619,-26.24837],[-53.63738,-26.24968],[-53.65351,-26.2351],[-53.64114,-26.21555],[-53.65316,-26.20533],[-53.65033,-26.19473],[-53.70011,-26.1528],[-53.7104,-26.13053],[-53.74429,-26.11624],[-53.74258,-26.08177],[-53.72685,-26.06579],[-53.73285,-26.04722],[-53.77164,-26.03151],[-53.7803,-26.00846],[-53.80511,-25.9956],[-53.80286,-25.98462],[-53.81788,-25.98998],[-53.81378,-25.98012],[-53.83607,-25.97191],[-53.82808,-25.96364],[-53.83992,-25.95397],[-53.84292,-25.93368],[-53.83318,-25.93137],[-53.83381,-25.92063],[-53.82061,-25.92761],[-53.8188,-25.91261],[-53.83524,-25.91183],[-53.81958,-25.89844],[-53.8499,-25.88377],[-53.82336,-25.87208],[-53.83629,-25.86919],[-53.83179,-25.8592],[-53.84494,-25.8571],[-53.83438,-25.8501],[-53.85008,-25.8396],[-53.83545,-25.82527],[-53.83841,-25.81589],[-53.81956,-25.81618],[-53.82854,-25.80849],[-53.82209,-25.79347],[-53.84322,-25.79076],[-53.831,-25.78073],[-53.85713,-25.76633],[-53.8352,-25.74972],[-53.84942,-25.74091],[-53.86646,-25.74407],[-53.85901,-25.72335],[-53.8793,-25.70754],[-53.86558,-25.70541],[-53.87232,-25.69342],[-53.85149,-25.70619],[-53.85526,-25.6916],[-53.84224,-25.68822],[-53.85691,-25.6831],[-53.86238,-25.65867],[-53.88999,-25.66128],[-53.87641,-25.6451],[-53.89497,-25.64319],[-53.89009,-25.62338],[-53.91218,-25.63632],[-53.92132,-25.6299],[-53.91663,-25.61622],[-53.93262,-25.62264],[-53.94825,-25.61161],[-53.95406,-25.62413],[-53.94461,-25.63191],[-53.95547,-25.6466],[-53.96544,-25.61269],[-53.97767,-25.61185],[-53.97014,-25.60102],[-54.01223,-25.56531],[-54.02598,-25.56472],[-54.04908,-25.58537],[-54.07828,-25.55775],[-54.08966,-25.61227],[-54.10041,-25.61819],[-54.12373,-25.56696],[-54.09328,-25.51261],[-54.10256,-25.49432],[-54.16405,-25.54226],[-54.19065,-25.53466],[-54.20535,-25.54009],[-54.205,-25.55777],[-54.17467,-25.57278],[-54.17878,-25.58489],[-54.23056,-25.56301],[-54.23517,-25.59304],[-54.25052,-25.59772],[-54.28842,-25.55573],[-54.32839,-25.57148],[-54.34734,-25.60606],[-54.37326,-25.59378],[-54.38448,-25.59752],[-54.39484,-25.63755],[-54.42476,-25.65799],[-54.42892,-25.69406],[-54.4393,-25.68991],[-54.46048,-25.64617],[-54.49472,-25.61711],[-54.52645,-25.62901],[-54.53756,-25.61803],[-54.53495,-25.59862],[-54.55125,-25.58913],[-54.59334,-25.59326],[-54.59664,-25.62346],[-54.58367,-25.66626],[-54.64043,-25.66006],[-54.65805,-25.67813],[-54.62739,-25.77415],[-54.58691,-25.82949],[-54.62201,-25.9124],[-54.60755,-25.96912],[-54.61991,-25.98467],[-54.66741,-25.9815],[-54.67969,-26.00356],[-54.64311,-26.09361],[-54.64907,-26.11652],[-54.67359,-26.14136],[-54.67252,-26.15628],[-54.61802,-26.21425],[-54.67858,-26.26254],[-54.64757,-26.31147],[-54.69664,-26.37771],[-54.70635,-26.44913],[-54.78427,-26.51277],[-54.80054,-26.53611],[-54.80772,-26.56096],[-54.78762,-26.59404],[-54.78478,-26.62326],[-54.81242,-26.66784],[-54.83151,-26.6741],[-54.8558,-26.6563],[-54.8803,-26.656],[-54.94216,-26.68238],[-54.94424,-26.75273],[-54.95626,-26.78136],[-55.05754,-26.79898],[-55.09313,-26.83672],[-55.14157,-26.86633],[-55.15029,-26.89595],[-55.13008,-26.93867],[-55.14146,-26.95346],[-55.20312,-26.96988],[-55.25705,-26.9377],[-55.30666,-26.96388],[-55.37574,-26.96617],[-55.41981,-26.993],[-55.44574,-27.02538],[-55.45555,-27.10626],[-55.477,-27.1118],[-55.56132,-27.10132],[-55.56112,-27.16095],[-55.57479,-27.16878],[-55.60773,-27.1613],[-55.61876,-27.18718],[-55.61159,-27.213],[-55.57408,-27.25026],[-55.57439,-27.27095],[-55.60239,-27.28462],[-55.58618,-27.31649],[-55.58964,-27.33169],[-55.68332,-27.37876],[-55.73277,-27.44311],[-55.78711,-27.44021],[-55.81014,-27.41769],[-55.83891,-27.40748],[-55.86844,-27.36417],[-55.89635,-27.34272],[-55.97549,-27.35563],[-56.02426,-27.32426],[-56.02503,-27.33922],[-56.0399,-27.34809],[-56.02794,-27.3731],[-56.04322,-27.40499],[-56.03597,-27.41427],[-56.05473,-27.41939],[-56.05489,-27.45097],[-56.03841,-27.46763],[-56.02729,-27.50689],[-55.97845,-27.54284],[-55.82587,-27.79177],[-55.84681,-27.8324],[-55.82777,-27.85471],[-55.83217,-27.90396],[-55.81444,-27.91949],[-55.8248,-27.94822],[-55.77739,-27.99391],[-55.77556,-28.00952],[-55.74943,-28.0271],[-55.75817,-28.06095],[-55.71683,-28.06196],[-55.71144,-28.08854],[-55.69368,-28.09019],[-55.64509,-28.13084],[-55.62024,-28.13754]]]},"properties":{"fid":23,"OBJECTID":449,"Entidad":0,"Objeto":"Provincia","FNA":"Provincia de Misiones","GNA":"Provincia","NAM":"Misiones","SAG":"IGN","FDC":"Geografía","IN1":"54","SHAPE_STAr":2.71700189868,"SHAPE_STLe":13.3155594203,"argentina_population_2022":1280960}},{"type":"Feature","geometry":{"type":"Polygon","coordinates":[[[-62.3423,-22.46084],[-62.3451,-22.45502],[-62.35595,-22.46568],[-62.37122,-22.4605],[-62.373,-22.47346],[-62.38061,-22.47358],[-62.38517,-22.45374],[-62.40484,-22.45135],[-62.4043,-22.44233],[-62.43445,-22.41921],[-62.44568,-22.42334],[-62.44796,-22.40229],[-62.46547,-22.4026],[-62.46389,-22.37207],[-62.48029,-22.38082],[-62.5186,-22.37824],[-62.53458,-22.36799],[-62.54034,-22.32857],[-62.55871,-22.33806],[-62.57077,-22.3334],[-62.56919,-22.30977],[-62.59504,-22.32176],[-62.60377,-22.30669],[-62.634,-22.30741],[-62.64232,-22.29467],[-62.63065,-22.28246],[-62.63253,-22.24157],[-62.6409,-22.23626],[-62.66023,-22.25068],[-62.68492,-22.21234],[-62.72063,-22.20206],[-62.73803,-22.17117],[-62.76513,-22.15231],[-62.77875,-22.16796],[-62.78885,-22.16495],[-62.81394,-22.10501],[-62.79696,-22.06676],[-62.81424,-22.04216],[-62.81118,-21.99877],[-63.66526,-21.99936],[-63.68375,-22.05474],[-63.6885,-22.01169],[-63.7056,-22.01399],[-63.70907,-21.99934],[-63.93146,-21.99938],[-63.94441,-22.00995],[-63.94138,-22.02957],[-63.95333,-22.03662],[-63.95676,-22.05699],[-63.9499,-22.05791],[-63.96219,-22.06459],[-63.95807,-22.08577],[-63.96648,-22.09316],[-63.97961,-22.081],[-63.98604,-22.10903],[-64.00004,-22.10768],[-63.98963,-22.11475],[-63.99815,-22.12377],[-63.99265,-22.13314],[-64.00103,-22.1584],[-64.0234,-22.1746],[-64.01703,-22.18717],[-64.0331,-22.19683],[-64.02664,-22.20876],[-64.03916,-22.22317],[-64.03352,-22.24278],[-64.05361,-22.24724],[-64.06241,-22.23838],[-64.08264,-22.30109],[-64.09509,-22.30877],[-64.09974,-22.34697],[-64.11689,-22.36323],[-64.10905,-22.37957],[-64.12076,-22.38435],[-64.11552,-22.40561],[-64.13818,-22.40704],[-64.14479,-22.41715],[-64.13804,-22.42947],[-64.15062,-22.43677],[-64.16307,-22.46893],[-64.17522,-22.46681],[-64.18755,-22.49065],[-64.19963,-22.49124],[-64.21629,-22.54335],[-64.22616,-22.54121],[-64.22966,-22.55671],[-64.24169,-22.55773],[-64.23919,-22.62297],[-64.24613,-22.63138],[-64.25729,-22.62855],[-64.26459,-22.65016],[-64.24229,-22.66605],[-64.26095,-22.67514],[-64.27199,-22.71189],[-64.26397,-22.74124],[-64.28361,-22.75128],[-64.26534,-22.76666],[-64.28743,-22.79882],[-64.28673,-22.83488],[-64.30668,-22.83975],[-64.29747,-22.86144],[-64.30877,-22.8628],[-64.31576,-22.88283],[-64.31478,-22.86713],[-64.33643,-22.87374],[-64.34086,-22.86158],[-64.32821,-22.86203],[-64.32673,-22.83767],[-64.3301,-22.81219],[-64.34254,-22.80581],[-64.34433,-22.7394],[-64.36253,-22.72371],[-64.40321,-22.7187],[-64.39073,-22.7121],[-64.39855,-22.7047],[-64.39473,-22.68568],[-64.41592,-22.67857],[-64.41367,-22.65664],[-64.44135,-22.63879],[-64.42399,-22.63436],[-64.43389,-22.63134],[-64.4302,-22.58173],[-64.40958,-22.56295],[-64.41208,-22.53838],[-64.42891,-22.5217],[-64.44831,-22.52156],[-64.44491,-22.5064],[-64.48328,-22.4802],[-64.47453,-22.46838],[-64.48944,-22.45744],[-64.4921,-22.43595],[-64.51283,-22.4455],[-64.52523,-22.44081],[-64.51285,-22.41254],[-64.56654,-22.3693],[-64.56419,-22.32347],[-64.54685,-22.3161],[-64.53759,-22.28428],[-64.59303,-22.24664],[-64.6171,-22.20516],[-64.6818,-22.1865],[-64.73685,-22.1939],[-64.75329,-22.17892],[-64.77916,-22.17725],[-64.86168,-22.122],[-64.87828,-22.11741],[-64.88642,-22.12921],[-64.90265,-22.11956],[-64.92372,-22.12113],[-64.9814,-22.09777],[-64.99337,-22.08243],[-65.18657,-22.08535],[-65.19406,-22.14473],[-65.21379,-22.15001],[-65.22048,-22.16959],[-65.2403,-22.27925],[-65.22661,-22.32015],[-65.26273,-22.33826],[-65.30569,-22.46662],[-65.34712,-22.5201],[-65.35069,-22.60226],[-65.27166,-22.64823],[-65.30606,-22.7304],[-65.29741,-22.74036],[-65.30199,-22.76502],[-65.27423,-22.79011],[-65.26279,-22.874],[-65.25256,-22.87495],[-65.24923,-22.89048],[-65.25169,-22.92796],[-65.21824,-22.95895],[-65.19902,-22.95806],[-65.2017,-22.96924],[-65.18748,-22.9718],[-65.18891,-22.99815],[-65.13376,-23.00188],[-65.06683,-23.04726],[-65.06221,-23.11878],[-65.0717,-23.13765],[-65.04502,-23.15574],[-65.07174,-23.20191],[-65.07197,-23.22032],[-65.03865,-23.2269],[-65.03591,-23.25244],[-65.01888,-23.26265],[-65.01011,-23.28511],[-64.96464,-23.28611],[-64.94728,-23.26915],[-64.92835,-23.30103],[-64.91018,-23.31081],[-64.89968,-23.33541],[-64.90467,-23.35427],[-64.89242,-23.35945],[-64.91053,-23.40082],[-64.90667,-23.42379],[-64.89487,-23.44044],[-64.86844,-23.44742],[-64.87336,-23.47874],[-64.86422,-23.48496],[-64.84504,-23.49725],[-64.84087,-23.4844],[-64.78748,-23.49616],[-64.76115,-23.47566],[-64.73943,-23.47894],[-64.73843,-23.46762],[-64.68253,-23.45243],[-64.65769,-23.48317],[-64.61462,-23.49232],[-64.58605,-23.51218],[-64.568,-23.50716],[-64.5439,-23.524],[-64.53256,-23.52136],[-64.53483,-23.5384],[-64.49562,-23.56726],[-64.47896,-23.60851],[-64.45747,-23.61144],[-64.46613,-23.62126],[-64.44836,-23.62742],[-64.44497,-23.64009],[-64.39676,-23.61213],[-64.38843,-23.58033],[-64.39708,-23.57342],[-64.35705,-23.51792],[-64.15706,-23.51804],[-64.161,-24.07061],[-64.15077,-24.13641],[-64.17504,-24.21493],[-64.16184,-24.22106],[-64.19263,-24.28578],[-64.21666,-24.30862],[-64.22313,-24.32937],[-64.2524,-24.34443],[-64.25198,-24.36417],[-64.28878,-24.40712],[-64.29779,-24.40525],[-64.31834,-24.42716],[-64.42165,-24.40221],[-64.4363,-24.44266],[-64.45537,-24.46304],[-64.48188,-24.46512],[-64.5,-24.50637],[-64.53576,-24.50762],[-64.56013,-24.57723],[-64.59386,-24.58343],[-64.64755,-24.61336],[-64.67417,-24.60387],[-64.68051,-24.57619],[-64.70446,-24.56343],[-64.72583,-24.5299],[-64.7554,-24.52329],[-64.7706,-24.5042],[-64.84198,-24.46736],[-64.85622,-24.47033],[-64.8619,-24.49402],[-64.87713,-24.50037],[-64.88548,-24.52085],[-64.87941,-24.52694],[-64.89347,-24.56089],[-64.88371,-24.57188],[-64.89694,-24.59199],[-64.92741,-24.59977],[-64.99675,-24.57622],[-65.07967,-24.56218],[-65.10516,-24.52304],[-65.19412,-24.45986],[-65.22765,-24.46756],[-65.22927,-24.48622],[-65.28679,-24.49068],[-65.31731,-24.50234],[-65.35354,-24.49092],[-65.35884,-24.46132],[-65.42529,-24.45045],[-65.43466,-24.46218],[-65.46429,-24.43058],[-65.49973,-24.43432],[-65.50633,-24.45542],[-65.52042,-24.44632],[-65.54042,-24.45152],[-65.57127,-24.42225],[-65.60015,-24.41704],[-65.62136,-24.38177],[-65.65633,-24.37742],[-65.65591,-24.3551],[-65.68269,-24.30772],[-65.67084,-24.25293],[-65.72502,-24.186],[-65.71543,-24.16694],[-65.73077,-24.14421],[-65.72086,-24.10934],[-65.73335,-24.08401],[-65.75173,-24.07381],[-65.74627,-24.06244],[-65.78663,-24.05538],[-65.80452,-24.03302],[-65.86737,-24.00333],[-65.94755,-24.00716],[-65.94201,-23.96746],[-65.99257,-23.97996],[-65.99917,-23.93647],[-66.01655,-23.91808],[-66.01096,-23.8984],[-66.02193,-23.86171],[-66.00812,-23.80477],[-65.98722,-23.50965],[-66.0112,-23.50878],[-66.08924,-23.45926],[-66.11257,-23.43442],[-66.16375,-23.41544],[-66.18429,-23.41461],[-66.18292,-23.43845],[-66.21933,-23.48526],[-66.23962,-23.49246],[-66.26491,-23.56625],[-66.28364,-23.5747],[-66.31113,-23.56138],[-66.31749,-23.60754],[-66.33549,-23.62851],[-66.33034,-23.65661],[-66.33813,-23.66899],[-66.35741,-23.67381],[-66.36758,-23.69462],[-66.36758,-23.73309],[-66.37686,-23.75022],[-66.3533,-23.82526],[-66.37202,-23.8219],[-66.38005,-23.83904],[-66.35329,-23.89034],[-66.36814,-23.9719],[-66.36288,-23.98346],[-66.33945,-23.98435],[-66.35334,-23.99864],[-66.35054,-24.02368],[-66.37018,-24.05009],[-66.3705,-24.08007],[-66.36229,-24.08736],[-66.38178,-24.12778],[-66.41425,-24.12868],[-66.42249,-24.16395],[-66.44566,-24.16473],[-66.47876,-24.18346],[-66.46901,-24.19845],[-66.48336,-24.213],[-66.50349,-24.19781],[-66.54363,-24.20764],[-66.55871,-24.18727],[-66.59083,-24.18798],[-66.64628,-24.17251],[-66.67864,-24.14206],[-66.72646,-24.12231],[-66.74574,-24.08923],[-66.79737,-24.09637],[-66.83737,-24.07074],[-66.87991,-23.99385],[-66.88064,-23.97439],[-66.91515,-23.97024],[-66.94112,-23.98404],[-66.99284,-23.88991],[-67.21305,-23.69492],[-67.32262,-24.03416],[-68.25989,-24.40233],[-68.26843,-24.43489],[-68.29722,-24.45552],[-68.30851,-24.4918],[-68.37655,-24.49198],[-68.38787,-24.48416],[-68.43227,-24.57813],[-68.43487,-24.60675],[-68.45146,-24.60309],[-68.46792,-24.62366],[-68.49571,-24.60008],[-68.50333,-24.61816],[-68.48772,-24.64009],[-68.49263,-24.66538],[-68.51577,-24.70374],[-68.54427,-24.72435],[-68.54653,-24.7534],[-68.56187,-24.76268],[-68.56875,-24.79413],[-68.53802,-24.81734],[-68.53327,-24.85817],[-68.5196,-24.87391],[-68.49295,-24.87606],[-68.48421,-24.89728],[-68.43259,-24.90587],[-68.43986,-24.91921],[-68.42938,-24.95646],[-68.40866,-24.97274],[-68.4168,-24.99409],[-68.40702,-25.03033],[-68.38992,-25.03837],[-68.3782,-25.03245],[-68.36707,-25.08243],[-68.34424,-25.11077],[-68.41022,-25.14526],[-68.4377,-25.12279],[-68.4453,-25.13399],[-68.45975,-25.12566],[-68.47143,-25.15019],[-68.50717,-25.16831],[-67.8646,-25.2384],[-66.87927,-25.24173],[-66.55819,-25.30065],[-66.58041,-25.31883],[-66.5998,-25.36225],[-66.58707,-25.37284],[-66.5371,-25.37248],[-66.51855,-25.44033],[-66.53525,-25.46226],[-66.5321,-25.50062],[-66.54281,-25.52239],[-66.53456,-25.53651],[-66.57277,-25.58672],[-66.5639,-25.62176],[-66.60646,-25.62867],[-66.63305,-25.66206],[-66.64858,-25.71203],[-66.80173,-25.69881],[-66.85048,-25.72114],[-66.87357,-25.76619],[-66.85618,-25.77414],[-66.84757,-25.79627],[-66.83926,-25.88066],[-66.85318,-25.91356],[-66.84346,-25.97734],[-66.78107,-26.03293],[-66.77881,-26.04814],[-66.75968,-26.0491],[-66.70232,-26.08214],[-66.66087,-26.07665],[-66.65429,-26.09439],[-66.66115,-26.10618],[-66.63494,-26.11849],[-66.62047,-26.14392],[-66.58419,-26.15983],[-66.57241,-26.18329],[-66.56824,-26.24984],[-66.53056,-26.27287],[-66.50768,-26.27303],[-66.55947,-26.28858],[-66.53988,-26.35316],[-66.50819,-26.36484],[-66.46102,-26.36409],[-66.38202,-26.4168],[-66.35966,-26.35696],[-66.33989,-26.33941],[-66.33075,-26.30128],[-66.30196,-26.2707],[-66.29296,-26.22931],[-66.24687,-26.18147],[-66.23057,-26.14923],[-66.20535,-26.13257],[-66.17085,-26.13376],[-66.09976,-26.22049],[-66.04011,-26.2509],[-65.71776,-26.35247],[-65.71145,-26.3287],[-65.72303,-26.31271],[-65.70728,-26.29591],[-65.72275,-26.2798],[-65.70283,-26.24164],[-65.7119,-26.20836],[-65.69519,-26.18587],[-65.69206,-26.1647],[-65.69995,-26.15635],[-65.68851,-26.11726],[-65.64006,-26.11104],[-65.62997,-26.12336],[-65.61363,-26.12347],[-65.54815,-26.08753],[-65.52161,-26.09534],[-65.4654,-26.09128],[-65.45847,-26.10308],[-65.42456,-26.10901],[-65.36108,-26.05829],[-65.32643,-26.06825],[-65.31542,-26.08256],[-65.29791,-26.08174],[-65.29383,-26.12684],[-65.27577,-26.17138],[-65.22269,-26.18443],[-65.22535,-26.19051],[-65.04072,-26.22993],[-65.04635,-26.26455],[-65.03224,-26.27218],[-65.03951,-26.29033],[-64.97252,-26.27438],[-64.96093,-26.30398],[-64.95118,-26.30685],[-64.87344,-26.27492],[-64.84532,-26.2386],[-64.82277,-26.24269],[-64.81593,-26.23134],[-64.79041,-26.22372],[-64.75907,-26.22399],[-64.73215,-26.24156],[-64.71228,-26.23556],[-64.66779,-26.24272],[-64.62205,-26.22452],[-64.6143,-26.23334],[-64.60798,-26.22585],[-64.5993,-26.23069],[-64.57958,-26.21818],[-64.56415,-26.22693],[-64.54157,-26.21942],[-64.51857,-26.22408],[-64.51092,-26.21447],[-64.49532,-26.21937],[-64.42552,-26.11588],[-64.4122,-26.1135],[-64.39649,-26.04592],[-64.40363,-26.03117],[-64.26806,-25.70001],[-64.19751,-25.70929],[-64.19644,-25.72773],[-64.02541,-25.75349],[-64.00775,-25.67336],[-63.87426,-25.68448],[-63.66047,-25.68537],[-63.56731,-25.70947],[-63.47606,-25.70976],[-63.42247,-25.64903],[-62.34173,-24.39247],[-62.34187,-24.10794],[-62.3423,-22.46084]]]},"properties":{"fid":24,"OBJECTID":450,"Entidad":0,"Objeto":"Provincia","FNA":"Provincia de Salta","GNA":"Provincia","NAM":"Salta","SAG":"IGN","FDC":"Geografía","IN1":"66","SHAPE_STAr":13.8178053698,"SHAPE_STLe":30.2759503326,"argentina_population_2022":1440672}}]}