{"type":"FeatureCollection","features":[{"type":"Feature","geometry":{"type":"MultiPolygon","coordinates":[[[[-68.60942,-54.89396],[-68.60967,-54.91188],[-68.41169,-54.88235],[-67.96652,-54.87335],[-67.718,-54.90544],[-67.59625,-54.89184],[-67.47978,-54.9227],[-67.28813,-54.90546],[-67.13484,-54.92969],[-67.03633,-54.97513],[-66.86149,-54.98719],[-66.64665,-55.08477],[-66.07833,-55.18333],[-65.72667,-55.38167],[-65.72667,-56.38],[-67.26667,-56.38],[-67.26667,-56.76997],[-59.33161,-56.93268],[-58.90946,-56.60041],[-58.53025,-56.1809],[-57.66243,-56.08422],[-56.74134,-55.88514],[-55.90459,-55.59716],[-55.43184,-55.37409],[-55.10779,-55.18786],[-54.52407,-54.74733],[-54.27548,-54.49489],[-54.05131,-54.20316],[-53.56968,-53.89755],[-53.16574,-53.55798],[-52.79508,-53.14497],[-52.55759,-52.76295],[-52.39335,-52.33677],[-52.32233,-51.84323],[-52.3645,-51.37753],[-52.52652,-50.8621],[-52.76401,-50.3863],[-53.0592,-49.98873],[-53.48312,-49.57194],[-53.86488,-49.28095],[-54.32209,-49.00136],[-55.17438,-48.57754],[-55.71815,-48.3798],[-56.28856,-48.2258],[-57.22519,-48.05496],[-58.16181,-47.90445],[-58.90091,-47.85518],[-59.42249,-47.86265],[-60.77416,-47.67861],[-60.84296,-47.06192],[-60.9384,-46.65542],[-60.91177,-46.28123],[-60.79191,-45.99735],[-60.68094,-45.53288],[-60.58106,-45.28431],[-60.12385,-44.94801],[-59.70214,-44.51928],[-59.49573,-44.23593],[-59.31595,-43.9111],[-59.17834,-43.54575],[-59.1051,-43.20088],[-58.62569,-42.75435],[-58.19955,-42.25511],[-57.96872,-41.91453],[-56.84566,-41.62376],[-55.75366,-41.21276],[-55.14552,-40.90196],[-54.66611,-40.5846],[-54.26438,-40.25041],[-53.91148,-39.86326],[-53.2301,-38.805],[-52.92603,-38.39744],[-52.66191,-37.84456],[-53.56699,-37.41287],[-54.27531,-37.0998],[-55.86717,-35.63306],[-56.78431,-36.29031],[-56.73168,-36.32598],[-56.69074,-36.49833],[-56.67282,-36.73725],[-56.67363,-36.8336],[-56.66581,-36.86221],[-56.68837,-36.91153],[-57.1255,-37.49278],[-57.41121,-37.73484],[-57.493,-37.83062],[-57.49185,-37.83235],[-57.53783,-37.95632],[-57.5364,-37.95828],[-57.53936,-37.97129],[-57.54194,-37.97348],[-57.54379,-37.98664],[-57.54263,-37.98786],[-57.53148,-38.01201],[-57.52814,-38.01317],[-57.54075,-38.04619],[-57.53486,-38.04594],[-57.52657,-38.04278],[-57.51778,-38.03897],[-57.54028,-38.08711],[-57.57015,-38.10697],[-57.68337,-38.20587],[-58.13674,-38.41106],[-58.31175,-38.47444],[-58.45391,-38.52245],[-58.56651,-38.55095],[-58.601,-38.55815],[-58.68954,-38.57454],[-58.69767,-38.58366],[-58.68946,-38.58794],[-59.00561,-38.67182],[-59.07716,-38.6902],[-59.18284,-38.71147],[-59.29095,-38.72787],[-59.32554,-38.73553],[-59.38907,-38.74782],[-59.56448,-38.77552],[-59.72818,-38.8062],[-60.08084,-38.86127],[-60.16763,-38.87667],[-60.85103,-38.97959],[-61.11792,-38.99764],[-61.23321,-38.9938],[-61.60652,-39.00406],[-61.68065,-38.98046],[-61.69429,-38.96794],[-61.7067,-38.96547],[-61.73154,-38.96843],[-61.74998,-38.97399],[-61.79332,-38.99301],[-61.83632,-38.98564],[-62.07341,-38.92511],[-62.07676,-38.90444],[-62.0851,-38.90408],[-62.09459,-38.90054],[-62.09235,-38.89543],[-62.10019,-38.90061],[-62.16595,-38.81203],[-62.3001,-38.78534],[-62.32941,-38.72524],[-62.38304,-38.73543],[-62.3831,-38.74061],[-62.49653,-38.73781],[-62.50307,-38.73913],[-62.50185,-38.73771],[-62.50413,-38.7383],[-62.5057,-38.7425],[-62.50389,-38.74428],[-62.49502,-38.74619],[-62.50829,-38.7579],[-62.50764,-38.76058],[-62.50588,-38.76463],[-62.49135,-38.76868],[-62.47022,-38.80409],[-62.47636,-38.78435],[-62.41214,-38.78614],[-62.40652,-38.76645],[-62.37588,-38.79072],[-62.37362,-38.76921],[-62.35289,-38.76951],[-62.36883,-38.78096],[-62.344,-38.77361],[-62.34058,-38.80208],[-62.30613,-38.79941],[-62.35381,-38.81512],[-62.37187,-38.79935],[-62.36559,-38.81524],[-62.39727,-38.79561],[-62.38852,-38.81503],[-62.41372,-38.81869],[-62.38837,-38.82871],[-62.39275,-38.82827],[-62.32615,-38.83818],[-62.35195,-38.86304],[-62.32053,-38.90427],[-62.34571,-38.95031],[-62.32137,-38.99575],[-62.30038,-38.9934],[-62.31694,-39.00299],[-62.29928,-39.02501],[-62.35383,-39.10509],[-62.33055,-39.11658],[-62.35202,-39.113],[-62.34223,-39.16295],[-62.29179,-39.2231],[-62.29219,-39.22495],[-62.23741,-39.25159],[-62.30169,-39.24504],[-62.31689,-39.26609],[-62.12989,-39.29272],[-62.01232,-39.36433],[-62.0112,-39.35753],[-62.01182,-39.36207],[-62.01046,-39.36962],[-62.03181,-39.39358],[-62.08559,-39.39011],[-62.18501,-39.29836],[-62.2885,-39.29864],[-62.2859,-39.31732],[-62.26056,-39.31543],[-62.28683,-39.32293],[-62.25982,-39.32229],[-62.27993,-39.32586],[-62.26261,-39.34723],[-62.23881,-39.3452],[-62.23032,-39.35301],[-62.20312,-39.34685],[-62.23931,-39.36019],[-62.19418,-39.37697],[-62.20759,-39.40104],[-62.17997,-39.39026],[-62.18044,-39.39697],[-62.16707,-39.37527],[-62.17223,-39.39077],[-62.16615,-39.38788],[-62.16642,-39.38993],[-62.16339,-39.39624],[-62.16542,-39.39726],[-62.1619,-39.39581],[-62.16152,-39.39217],[-62.16453,-39.3928],[-62.1653,-39.38849],[-62.16292,-39.38455],[-62.14986,-39.38002],[-62.148,-39.40286],[-62.0927,-39.42342],[-62.07263,-39.43653],[-62.04839,-39.46301],[-62.11906,-39.66255],[-62.09931,-39.68561],[-62.09362,-39.67281],[-62.09582,-39.68376],[-62.12361,-39.73117],[-62.12325,-39.7533],[-62.12194,-39.77091],[-62.11684,-39.82765],[-62.11944,-39.84571],[-62.16209,-39.82893],[-62.21406,-39.84264],[-62.23655,-39.81698],[-62.29633,-39.82736],[-62.2661,-39.85906],[-62.30397,-39.86256],[-62.34223,-39.9636],[-62.33889,-40.18688],[-62.48137,-40.29595],[-62.48548,-40.30305],[-62.42323,-40.45856],[-62.32162,-40.51642],[-62.30001,-40.54326],[-62.29556,-40.54738],[-62.28433,-40.56636],[-62.28654,-40.56941],[-62.27978,-40.57219],[-62.27136,-40.56829],[-62.26912,-40.56608],[-62.25889,-40.56936],[-62.25837,-40.57331],[-62.25268,-40.55711],[-62.25494,-40.55118],[-62.30879,-40.52732],[-62.24126,-40.54509],[-62.17273,-40.58447],[-62.17278,-40.62154],[-62.21559,-40.67027],[-62.23622,-40.69728],[-62.25727,-40.74133],[-62.29051,-40.81937],[-62.31043,-40.86958],[-62.355,-40.8918],[-62.38493,-40.90891],[-62.53365,-40.95126],[-62.65988,-41.00614],[-62.67934,-41.01944],[-62.746,-41.03732],[-62.78689,-41.02275],[-62.8324,-41.05621],[-62.88452,-41.07941],[-63.0437,-41.1402],[-63.0813,-41.14838],[-63.091,-41.14929],[-63.14392,-41.15741],[-63.77722,-41.1604],[-63.8363,-41.14313],[-63.87109,-41.13739],[-63.89691,-41.12262],[-63.9585,-41.07312],[-64.11438,-41.03009],[-64.08179,-41.02667],[-64.09888,-41.00177],[-64.112,-41.02289],[-64.20618,-41.00983],[-64.5412,-40.86493],[-64.74628,-40.8186],[-64.86798,-40.83051],[-64.90411,-40.8111],[-64.84521,-40.78247],[-64.84528,-40.81488],[-64.84308,-40.789],[-64.8081,-40.7937],[-64.77411,-40.80322],[-64.74402,-40.80157],[-64.74591,-40.7998],[-64.7497,-40.7948],[-64.74951,-40.79181],[-64.74658,-40.78699],[-64.73358,-40.78693],[-64.74738,-40.77728],[-64.74738,-40.77508],[-64.7536,-40.76868],[-64.75958,-40.76819],[-64.76941,-40.77478],[-64.79059,-40.78198],[-64.79669,-40.776],[-64.78449,-40.74359],[-64.8017,-40.73071],[-64.8114,-40.72522],[-64.83881,-40.72082],[-64.84662,-40.71948],[-64.93079,-40.711],[-64.95648,-40.71399],[-64.94898,-40.7157],[-64.99591,-40.71692],[-64.91669,-40.72729],[-64.95923,-40.74811],[-64.90417,-40.76251],[-64.94928,-40.7558],[-64.98401,-40.75677],[-65.05121,-40.78442],[-65.06097,-40.79871],[-65.08337,-40.80847],[-65.11328,-40.83209],[-65.12042,-40.84522],[-65.16589,-40.96521],[-65.16632,-40.9798],[-65.16431,-40.98767],[-65.16132,-41.00891],[-65.13629,-41.22321],[-65.13391,-41.23199],[-65.07361,-41.41522],[-64.99231,-41.49939],[-65.00641,-41.5636],[-64.98639,-41.57678],[-65.01648,-41.61029],[-65.03479,-41.5943],[-65.0354,-41.60541],[-64.9978,-41.7644],[-64.99841,-41.77069],[-65.01269,-41.77972],[-65.01587,-41.83221],[-65.0473,-41.83728],[-65.04968,-41.84589],[-65.05011,-41.87701],[-65.05762,-41.88159],[-65.05688,-41.89587],[-65.06852,-42.01478],[-64.99914,-42.10733],[-64.90525,-42.16956],[-64.84076,-42.19008],[-64.8366,-42.19453],[-64.80642,-42.19874],[-64.77207,-42.20632],[-64.47356,-42.23688],[-64.48043,-42.24953],[-64.52582,-42.28655],[-64.56724,-42.32117],[-64.61452,-42.41721],[-64.61456,-42.42438],[-64.5925,-42.4272],[-64.57948,-42.42399],[-64.57369,-42.42388],[-64.54296,-42.42567],[-64.52808,-42.42813],[-64.49135,-42.42806],[-64.42822,-42.43948],[-64.30154,-42.40394],[-64.19142,-42.41583],[-64.17005,-42.41874],[-64.14945,-42.42292],[-64.14036,-42.42806],[-64.0991,-42.40389],[-64.05189,-42.37438],[-64.04256,-42.34654],[-64.07016,-42.33308],[-64.04903,-42.3169],[-64.05903,-42.2753],[-64.06407,-42.27354],[-64.07973,-42.26122],[-64.13492,-42.23933],[-64.31296,-42.25215],[-64.37875,-42.23835],[-64.07511,-42.17833],[-63.95024,-42.1138],[-63.93806,-42.10966],[-63.93782,-42.10457],[-63.93496,-42.10328],[-63.90936,-42.09538],[-63.88952,-42.08772],[-63.84735,-42.07815],[-63.80157,-42.07216],[-63.77311,-42.07349],[-63.73909,-42.09781],[-63.7161,-42.15092],[-63.70458,-42.16634],[-63.63767,-42.26152],[-63.59855,-42.33023],[-63.5828,-42.60735],[-63.63981,-42.69976],[-63.62996,-42.76463],[-63.67733,-42.79204],[-63.68583,-42.79256],[-64.14519,-42.87379],[-64.25262,-42.76742],[-64.24941,-42.68304],[-64.21056,-42.62704],[-64.27341,-42.61773],[-64.25683,-42.59651],[-64.27709,-42.57767],[-64.28246,-42.57325],[-64.30896,-42.58595],[-64.32652,-42.54021],[-64.35596,-42.53077],[-64.50829,-42.49955],[-64.51481,-42.50195],[-64.59631,-42.49645],[-64.64128,-42.49986],[-64.72299,-42.53493],[-64.7903,-42.57945],[-64.87201,-42.61456],[-64.94899,-42.62946],[-64.98504,-42.65365],[-64.98776,-42.67035],[-64.99553,-42.69775],[-65.01791,-42.71105],[-65.0331,-42.72502],[-65.03607,-42.73056],[-65.03674,-42.75129],[-65.03538,-42.76124],[-65.02631,-42.77361],[-65.00138,-42.77989],[-64.69724,-42.8972],[-64.66985,-42.90536],[-64.6673,-42.90846],[-64.54564,-42.92231],[-64.50126,-42.94182],[-64.39682,-42.95959],[-64.33032,-42.93592],[-64.30768,-42.97916],[-64.45896,-43.06447],[-64.75761,-43.1506],[-64.97634,-43.25497],[-65.05029,-43.32828],[-65.05258,-43.40258],[-65.2106,-43.54909],[-65.2241,-43.55643],[-65.24454,-43.56616],[-65.26976,-43.58855],[-65.28564,-43.5976],[-65.28689,-43.60247],[-65.32568,-43.65018],[-65.33291,-43.6575],[-65.34219,-43.68776],[-65.35118,-43.71965],[-65.34943,-43.72845],[-65.35542,-43.75285],[-65.35462,-43.76447],[-65.32238,-43.78234],[-65.29942,-43.93344],[-65.27683,-43.96663],[-65.23114,-43.9727],[-65.25158,-44.02764],[-65.22478,-44.04534],[-65.18794,-44.03546],[-65.23595,-44.06847],[-65.21639,-44.12864],[-65.25078,-44.14701],[-65.27639,-44.1469],[-65.28328,-44.15495],[-65.29811,-44.1654],[-65.30511,-44.178],[-65.3096,-44.19093],[-65.31177,-44.20427],[-65.31109,-44.22088],[-65.30257,-44.24453],[-65.29337,-44.25838],[-65.28818,-44.26338],[-65.27961,-44.26945],[-65.27067,-44.2751],[-65.27078,-44.29881],[-65.25301,-44.30829],[-65.22206,-44.36377],[-65.21888,-44.36945],[-65.23366,-44.38539],[-65.24419,-44.38539],[-65.25204,-44.38824],[-65.2695,-44.39916],[-65.28238,-44.42236],[-65.29212,-44.42665],[-65.33446,-44.456],[-65.28086,-44.51522],[-65.28107,-44.5181],[-65.30079,-44.51019],[-65.31629,-44.53119],[-65.3239,-44.50885],[-65.37622,-44.51682],[-65.35941,-44.53738],[-65.39448,-44.55534],[-65.35822,-44.57378],[-65.37291,-44.58717],[-65.38927,-44.57994],[-65.39598,-44.59284],[-65.42585,-44.57322],[-65.43618,-44.56992],[-65.45066,-44.5765],[-65.47097,-44.58476],[-65.46339,-44.60023],[-65.47044,-44.59802],[-65.58224,-44.64764],[-65.59557,-44.64237],[-65.62293,-44.6593],[-65.6699,-44.69305],[-65.72341,-44.80763],[-65.72465,-44.8335],[-65.72112,-44.83493],[-65.72058,-44.83945],[-65.72867,-44.8435],[-65.67139,-44.8868],[-65.66035,-44.88951],[-65.65874,-44.89135],[-65.65083,-44.88796],[-65.64818,-44.88865],[-65.63433,-44.88659],[-65.63142,-44.88503],[-65.62627,-44.88597],[-65.62667,-44.88969],[-65.62122,-44.88573],[-65.61477,-44.89141],[-65.60731,-44.89795],[-65.60766,-44.90448],[-65.59817,-44.90733],[-65.57289,-44.89561],[-65.57196,-44.90918],[-65.56817,-44.91257],[-65.52567,-44.92416],[-65.52823,-44.92815],[-65.52766,-44.92949],[-65.53287,-44.92841],[-65.53456,-44.92815],[-65.55717,-44.95041],[-65.55187,-44.95006],[-65.5937,-44.97224],[-65.6015,-44.9706],[-65.58431,-45.00667],[-65.62229,-45.00343],[-65.60226,-45.02715],[-65.66043,-45.04445],[-65.66967,-45.044],[-65.6813,-45.02886],[-65.69068,-45.05311],[-65.69615,-45.05927],[-65.74045,-45.02396],[-65.80941,-45.01542],[-65.82872,-45.03912],[-65.82315,-45.01835],[-65.83143,-45.0085],[-65.83882,-45.00664],[-65.85435,-45.00189],[-65.86905,-45.00457],[-65.8905,-45.01981],[-65.88597,-45.02916],[-65.89332,-45.03876],[-65.93444,-45.04944],[-66.01969,-44.99887],[-66.16227,-44.98302],[-66.17309,-44.99815],[-66.19461,-44.9822],[-66.2257,-45.0281],[-66.2464,-45.02093],[-66.28703,-45.05383],[-66.29027,-45.05728],[-66.3592,-45.03974],[-66.36327,-45.0616],[-66.39852,-45.05312],[-66.51713,-45.09694],[-66.53302,-45.14238],[-66.46571,-45.14384],[-66.47317,-45.16588],[-66.5997,-45.13941],[-66.59447,-45.17162],[-66.5141,-45.19678],[-66.51865,-45.2229],[-66.66201,-45.21142],[-66.83293,-45.23083],[-66.88896,-45.24168],[-66.99015,-45.29379],[-67.34507,-45.62302],[-67.36855,-45.78726],[-67.45475,-45.81947],[-67.47578,-45.85376],[-67.45642,-45.86144],[-67.54773,-45.91884],[-67.53122,-45.95896],[-67.58607,-45.9808],[-67.58597,-46.02228],[-67.61875,-46.04619],[-67.62305,-46.05207],[-67.6245,-46.0568],[-67.61934,-46.06504],[-67.59281,-46.29516],[-67.43643,-46.55317],[-67.35374,-46.61962],[-67.12163,-46.70744],[-67.07561,-46.77403],[-66.95092,-46.84698],[-66.79096,-46.99976],[-66.63051,-47.04579],[-66.49778,-47.03828],[-66.1977,-47.0874],[-65.94069,-47.07218],[-65.86738,-47.0921],[-65.84162,-47.13938],[-65.73574,-47.20179],[-65.75772,-47.22206],[-65.71785,-47.33216],[-65.7398,-47.51024],[-65.83864,-47.74682],[-65.8996,-47.75873],[-66.00531,-47.73077],[-66.10529,-47.79901],[-66.19501,-47.82001],[-66.28198,-47.8714],[-66.19019,-47.82953],[-66.0882,-47.81299],[-65.97809,-47.7627],[-65.95178,-47.75897],[-65.93829,-47.76691],[-65.88086,-47.76269],[-65.85819,-47.87278],[-65.82098,-47.90457],[-65.76823,-47.90736],[-65.7904,-47.93803],[-65.76566,-47.94669],[-65.7705,-47.95291],[-65.83102,-47.96539],[-65.84681,-47.93908],[-65.92417,-47.93969],[-65.95146,-47.97641],[-65.93187,-48.01721],[-65.98037,-48.05074],[-65.89643,-48.10303],[-65.91762,-48.09675],[-65.94091,-48.12473],[-65.97553,-48.09999],[-66.12107,-48.12359],[-66.15993,-48.19046],[-66.22826,-48.2013],[-66.33756,-48.27716],[-66.36018,-48.31472],[-66.343,-48.3688],[-66.44804,-48.35231],[-66.49435,-48.41747],[-66.64761,-48.43218],[-66.75319,-48.47317],[-66.83105,-48.52304],[-66.87526,-48.59338],[-66.99058,-48.61344],[-67.1297,-48.68514],[-67.21993,-48.838],[-67.41309,-48.91271],[-67.55129,-49.01436],[-67.63562,-49.13824],[-67.61389,-49.18518],[-67.66461,-49.20349],[-67.6889,-49.26178],[-67.74219,-49.27649],[-67.7157,-49.31781],[-67.79761,-49.328],[-67.77209,-49.38068],[-67.83752,-49.38678],[-67.8186,-49.40552],[-67.71381,-49.38593],[-67.66809,-49.25519],[-67.61276,-49.25027],[-67.6036,-49.29567],[-67.68758,-49.48193],[-67.73225,-49.7827],[-67.8364,-49.94461],[-67.9048,-49.99795],[-68.14722,-50.10542],[-68.34358,-50.1208],[-68.53192,-49.93359],[-68.63739,-49.77759],[-68.57141,-49.93683],[-68.65912,-49.96491],[-68.87451,-49.96582],[-68.9328,-50],[-68.85907,-49.96918],[-68.67291,-49.99329],[-68.58069,-49.96442],[-68.50928,-50.01978],[-68.4903,-50.08801],[-68.35491,-50.15131],[-68.40721,-50.18624],[-68.88001,-50.33562],[-69.07931,-50.56533],[-69.14103,-50.72724],[-69.13202,-50.89959],[-69.22521,-50.97489],[-69.24011,-50.95782],[-69.32123,-50.9884],[-69.39612,-51.07971],[-69.44128,-51.08978],[-69.46491,-51.11261],[-69.43433,-51.11371],[-69.20551,-50.97528],[-69.16613,-50.98089],[-68.95853,-51.572],[-69.03729,-51.56073],[-69.1347,-51.60321],[-69.34412,-51.55157],[-69.6178,-51.62689],[-69.33521,-51.58551],[-69.11682,-51.62988],[-69.11731,-51.65509],[-69.0141,-51.60638],[-68.96133,-51.62389],[-68.94842,-51.64247],[-68.85211,-51.77588],[-68.70845,-51.98125],[-68.4215,-52.25368],[-68.35473,-52.33639],[-68.4326,-52.39769],[-68.60623,-52.65827],[-68.56797,-52.70313],[-68.56435,-52.70532],[-68.28767,-52.95143],[-68.2015,-53.14196],[-68.21464,-53.15281],[-68.26675,-53.01611],[-68.34798,-53.01511],[-68.44613,-53.09185],[-68.50132,-53.10527],[-68.55606,-53.19565],[-68.551,-53.24336],[-68.38706,-53.31197],[-68.2066,-53.30669],[-68.13707,-53.33134],[-67.99016,-53.58451],[-67.68174,-53.79717],[-67.77844,-53.83379],[-67.66762,-53.79356],[-67.61551,-53.81771],[-67.55376,-53.83693],[-67.54158,-53.84407],[-67.57746,-53.85677],[-67.57984,-53.86886],[-67.54991,-53.91635],[-67.49161,-53.94186],[-67.25105,-54.08106],[-66.75248,-54.2524],[-66.69247,-54.29894],[-66.69932,-54.3007],[-66.465,-54.47873],[-65.82148,-54.64786],[-65.68418,-54.66343],[-65.55117,-54.64734],[-65.5199,-54.67756],[-65.51119,-54.65586],[-65.43081,-54.64215],[-65.42853,-54.66319],[-65.40188,-54.64035],[-65.23488,-54.61883],[-65.25453,-54.66332],[-65.23435,-54.64138],[-65.11676,-54.65823],[-65.13446,-54.66522],[-65.19347,-54.69525],[-65.20384,-54.78011],[-65.26387,-54.7959],[-65.23229,-54.82926],[-65.38214,-54.94107],[-65.46828,-54.88859],[-65.51102,-54.93494],[-65.71901,-54.97136],[-65.73911,-54.90985],[-65.98239,-54.9026],[-65.97136,-54.96837],[-66.10766,-54.99493],[-66.33409,-54.9965],[-66.37216,-55.03957],[-66.45025,-55.05751],[-66.64883,-55.02818],[-66.76447,-54.96074],[-67.276,-54.88775],[-67.27845,-54.86999],[-67.30266,-54.88735],[-67.35269,-54.86611],[-67.34144,-54.88273],[-67.40951,-54.88941],[-67.45052,-54.86564],[-67.50631,-54.87463],[-67.50576,-54.85349],[-67.70346,-54.88603],[-68.03331,-54.85021],[-68.24853,-54.79503],[-68.31521,-54.8108],[-68.2606,-54.84071],[-68.32477,-54.84136],[-68.31442,-54.83657],[-68.42885,-54.85806],[-68.57539,-54.85263],[-68.49993,-54.86711],[-68.60942,-54.89396]],[[-62.02245,-39.0032],[-62.02068,-39.01513],[-62.00986,-39.01216],[-62.00827,-39.01761],[-62.04052,-39.03977],[-62.07445,-39.00336],[-62.09708,-39.02381],[-62.11541,-39.01665],[-62.11201,-39.00873],[-62.12677,-39.00462],[-62.07921,-38.98387],[-62.04989,-38.99447],[-62.02245,-39.0032]],[[-62.1212,-39.02285],[-62.13186,-39.03626],[-62.14064,-39.03554],[-62.13964,-39.01984],[-62.13517,-39.01859],[-62.13382,-39.00879],[-62.13224,-39.01172],[-62.12839,-39.00505],[-62.12345,-39.00646],[-62.1212,-39.02285]],[[-62.2781,-39.0176],[-62.30128,-39.02221],[-62.27031,-38.99986],[-62.2781,-39.0176]],[[-62.2115,-39.0068],[-62.2089,-39.00911],[-62.21469,-39.01615],[-62.21576,-39.0047],[-62.2115,-39.0068]],[[-62.01414,-38.99414],[-62.05093,-38.98864],[-62.05653,-38.98205],[-62.01414,-38.99414]],[[-62.28354,-38.97847],[-62.28596,-38.97689],[-62.28354,-38.97531],[-62.28354,-38.97847]],[[-62.26068,-38.93248],[-62.28321,-38.95184],[-62.29044,-38.93387],[-62.2804,-38.92624],[-62.26469,-38.92344],[-62.26068,-38.93248]],[[-62.29874,-38.88739],[-62.29443,-38.89246],[-62.31258,-38.88209],[-62.30515,-38.8669],[-62.28963,-38.88001],[-62.29874,-38.88739]],[[-62.27921,-38.87203],[-62.27072,-38.87454],[-62.28969,-38.87108],[-62.28589,-38.87154],[-62.27921,-38.87203]],[[-62.31367,-38.85571],[-62.32291,-38.85741],[-62.32848,-38.84651],[-62.31367,-38.85571]],[[-62.30529,-38.85355],[-62.31531,-38.84295],[-62.30928,-38.8426],[-62.29915,-38.84624],[-62.30087,-38.85422],[-62.30529,-38.85355]],[[-62.23586,-38.85252],[-62.24686,-38.84998],[-62.26287,-38.84023],[-62.24777,-38.82902],[-62.23742,-38.84642],[-62.23586,-38.85252]],[[-62.31712,-38.82653],[-62.32539,-38.82874],[-62.31679,-38.82485],[-62.31712,-38.82653]],[[-62.2586,-38.81843],[-62.27399,-38.81952],[-62.27719,-38.7992],[-62.2586,-38.81843]],[[-62.05801,-39.08091],[-62.05416,-39.07569],[-62.02214,-39.08552],[-62.01287,-39.09989],[-62.0164,-39.10791],[-62.02282,-39.10306],[-62.03778,-39.10313],[-62.04279,-39.11126],[-62.03632,-39.11505],[-62.05537,-39.13472],[-62.05656,-39.14375],[-62.06782,-39.14858],[-62.07313,-39.14569],[-62.07307,-39.13992],[-62.06488,-39.13548],[-62.07335,-39.10901],[-62.0828,-39.09547],[-62.08013,-39.08554],[-62.0713,-39.08086],[-62.07172,-39.0795],[-62.05801,-39.08091]],[[-62.02718,-39.10369],[-62.01751,-39.10857],[-62.01299,-39.10756],[-62.01132,-39.10024],[-62.02073,-39.08718],[-61.99541,-39.09043],[-61.98717,-39.09515],[-61.98892,-39.1013],[-62.00148,-39.10474],[-61.99429,-39.12666],[-61.98972,-39.12604],[-61.99954,-39.10545],[-61.98565,-39.10077],[-61.9847,-39.09568],[-61.9903,-39.08971],[-61.96688,-39.11454],[-61.97523,-39.09019],[-61.93172,-39.0956],[-61.94317,-39.11418],[-61.91287,-39.10166],[-61.91349,-39.13154],[-61.94725,-39.14733],[-61.88864,-39.15865],[-61.88893,-39.09885],[-61.88338,-39.12615],[-61.86989,-39.16943],[-61.86702,-39.18526],[-61.86836,-39.19567],[-61.87359,-39.19202],[-61.8834,-39.19989],[-61.87254,-39.19304],[-61.86866,-39.19682],[-61.86359,-39.19392],[-61.86693,-39.16853],[-61.8553,-39.17691],[-61.85207,-39.22467],[-61.86982,-39.24433],[-61.88611,-39.23915],[-61.9113,-39.21197],[-61.94981,-39.1786],[-62.03925,-39.15894],[-62.05531,-39.15924],[-62.05721,-39.15384],[-62.05447,-39.13625],[-62.03963,-39.13456],[-62.04179,-39.12202],[-62.03487,-39.11557],[-62.04137,-39.10942],[-62.03757,-39.10894],[-62.0213,-39.11242],[-62.01922,-39.11204],[-62.02718,-39.10369]],[[-61.9102,-39.12844],[-61.9084,-39.10754],[-61.90329,-39.11482],[-61.89547,-39.13342],[-61.90746,-39.14394],[-61.91805,-39.14967],[-61.91887,-39.13856],[-61.9102,-39.12844]],[[-62.02662,-39.23854],[-62.00562,-39.2401],[-62.00278,-39.24145],[-62.02282,-39.26067],[-62.03276,-39.25145],[-62.02662,-39.23854]],[[-62.06984,-39.25048],[-62.09139,-39.25076],[-62.11608,-39.24067],[-62.13705,-39.22691],[-62.1599,-39.20057],[-62.15384,-39.19443],[-62.06984,-39.25048]],[[-62.23999,-39.18537],[-62.22504,-39.19645],[-62.22455,-39.20515],[-62.23999,-39.18537]],[[-62.22683,-39.33821],[-62.21207,-39.34335],[-62.21995,-39.34721],[-62.23379,-39.34147],[-62.22683,-39.33821]],[[-62.12369,-39.88141],[-62.11342,-39.86516],[-62.12199,-39.88132],[-62.12354,-39.88655],[-62.12369,-39.88141]],[[-62.12846,-40.03624],[-62.16874,-40.02227],[-62.15967,-40.01985],[-62.12846,-40.03624]],[[-62.11651,-40.12694],[-62.10871,-40.1262],[-62.11118,-40.15261],[-62.11693,-40.16557],[-62.11321,-40.18879],[-62.10893,-40.19303],[-62.10877,-40.22],[-62.12956,-40.15721],[-62.11651,-40.12694]],[[-62.3558,-40.22269],[-62.31917,-40.19442],[-62.33297,-40.21269],[-62.3558,-40.22269]],[[-62.36153,-40.25454],[-62.36935,-40.2326],[-62.36002,-40.24072],[-62.36153,-40.25454]],[[-62.07316,-40.25976],[-62.07583,-40.25141],[-62.07703,-40.2471],[-62.07215,-40.2519],[-62.07316,-40.25976]],[[-62.33477,-40.28714],[-62.32599,-40.28656],[-62.31576,-40.29289],[-62.32362,-40.31725],[-62.32693,-40.33009],[-62.332,-40.33522],[-62.34681,-40.32676],[-62.33477,-40.28714]],[[-62.29586,-40.31976],[-62.29026,-40.31235],[-62.2902,-40.29705],[-62.27654,-40.29986],[-62.27565,-40.30185],[-62.27144,-40.2994],[-62.26492,-40.29943],[-62.27079,-40.32161],[-62.31206,-40.34286],[-62.29586,-40.31976]],[[-62.17395,-40.36851],[-62.1639,-40.36097],[-62.15178,-40.3793],[-62.15048,-40.37551],[-62.14169,-40.38658],[-62.14283,-40.39299],[-62.13595,-40.39197],[-62.13691,-40.40119],[-62.14343,-40.42052],[-62.16079,-40.42753],[-62.16312,-40.43549],[-62.19854,-40.42547],[-62.18603,-40.38614],[-62.17395,-40.36851]],[[-62.2056,-40.47269],[-62.20245,-40.45746],[-62.19852,-40.44561],[-62.18897,-40.45171],[-62.17425,-40.46052],[-62.17683,-40.46563],[-62.16941,-40.46334],[-62.21714,-40.52348],[-62.23491,-40.50795],[-62.21171,-40.47748],[-62.2056,-40.47269]],[[-62.16442,-40.4519],[-62.1537,-40.44853],[-62.15854,-40.45646],[-62.16442,-40.4519]],[[-64.75413,-40.77755],[-64.76756,-40.78353],[-64.75536,-40.77439],[-64.75413,-40.77755]],[[-65.25492,-44.15263],[-65.26288,-44.15325],[-65.25448,-44.15011],[-65.25492,-44.15263]],[[-65.64865,-44.76732],[-65.65108,-44.76757],[-65.65418,-44.76594],[-65.64865,-44.76732]],[[-65.60924,-45.04198],[-65.59534,-45.04506],[-65.59299,-45.04243],[-65.58594,-45.05069],[-65.59596,-45.05639],[-65.60246,-45.05674],[-65.61663,-45.06002],[-65.62259,-45.04959],[-65.61839,-45.04595],[-65.6113,-45.04322],[-65.60924,-45.04198]],[[-65.86513,-45.03805],[-65.86671,-45.0395],[-65.87,-45.03453],[-65.87283,-45.0303],[-65.86513,-45.03805]],[[-66.01566,-45.09238],[-66.00545,-45.08224],[-65.99297,-45.09108],[-65.98602,-45.09201],[-65.98527,-45.09542],[-65.98811,-45.09963],[-65.98101,-45.10534],[-66.01566,-45.09238]],[[-65.96031,-45.10784],[-65.96368,-45.10372],[-65.94482,-45.10813],[-65.96031,-45.10784]],[[-66.41997,-45.09433],[-66.41496,-45.09458],[-66.42138,-45.09563],[-66.41997,-45.09433]],[[-66.40206,-45.18927],[-66.4093,-45.18379],[-66.39288,-45.19062],[-66.40092,-45.19379],[-66.40391,-45.19146],[-66.40206,-45.18927]],[[-65.94608,-47.76201],[-65.9409,-47.75812],[-65.93671,-47.76563],[-65.94608,-47.76201]],[[-66.01417,-47.76312],[-66.00009,-47.76112],[-65.99095,-47.76053],[-65.98996,-47.76557],[-65.99194,-47.7649],[-66.00571,-47.77181],[-66.00273,-47.76832],[-66.00603,-47.76765],[-66.00494,-47.76951],[-66.00835,-47.77381],[-66.02232,-47.77359],[-66.0221,-47.77226],[-66.03014,-47.77581],[-66.05481,-47.78642],[-66.01417,-47.76312]],[[-65.71956,-47.90979],[-65.71336,-47.90747],[-65.71069,-47.91438],[-65.71884,-47.91541],[-65.71956,-47.90979]],[[-67.04799,-48.75249],[-67.04432,-48.7491],[-67.04303,-48.751],[-67.04799,-48.75249]],[[-67.69679,-49.27404],[-67.73364,-49.27687],[-67.68933,-49.26774],[-67.69679,-49.27404]],[[-67.6968,-49.28904],[-67.69418,-49.29782],[-67.70103,-49.2989],[-67.6968,-49.28904]],[[-69.42536,-51.08972],[-69.4201,-51.08734],[-69.4088,-51.09253],[-69.45287,-51.10972],[-69.45484,-51.10322],[-69.4402,-51.09063],[-69.43043,-51.08881],[-69.42536,-51.08972]],[[-61.45555,-51.00083],[-61.45462,-51.00055],[-61.4549,-51.00125],[-61.45555,-51.00083]],[[-61.20568,-51.03825],[-61.16663,-51.05542],[-61.24642,-51.0289],[-61.24027,-51.01396],[-61.21996,-51.02562],[-61.21162,-51.03433],[-61.20568,-51.03825]],[[-61.12881,-51.02671],[-61.12586,-51.02454],[-61.12006,-51.02289],[-61.11533,-51.02698],[-61.09678,-51.0338],[-61.09128,-51.03447],[-61.09222,-51.0384],[-61.09573,-51.04173],[-61.0465,-51.08169],[-61.12654,-51.0716],[-61.12462,-51.03023],[-61.12881,-51.02671]],[[-60.98358,-51.05394],[-60.97939,-51.05003],[-60.97677,-51.05661],[-60.98358,-51.05394]],[[-60.90641,-51.08872],[-60.90015,-51.08938],[-60.89787,-51.09281],[-60.88954,-51.10176],[-60.88443,-51.10101],[-60.86383,-51.12412],[-60.90641,-51.08872]],[[-60.79462,-51.1189],[-60.79459,-51.11977],[-60.79789,-51.11816],[-60.79462,-51.1189]],[[-60.7392,-51.1238],[-60.73394,-51.12472],[-60.76156,-51.12839],[-60.7392,-51.1238]],[[-60.40705,-51.14416],[-60.37509,-51.14677],[-60.44287,-51.15219],[-60.40705,-51.14416]],[[-60.83178,-51.15378],[-60.82945,-51.16047],[-60.85002,-51.16707],[-60.88953,-51.17284],[-60.84172,-51.15331],[-60.83221,-51.15156],[-60.83178,-51.15378]],[[-60.24237,-51.16036],[-60.24819,-51.16001],[-60.24284,-51.15989],[-60.24237,-51.16036]],[[-60.898,-51.17134],[-60.90443,-51.17037],[-60.90131,-51.16956],[-60.898,-51.17134]],[[-60.88078,-51.19911],[-60.85045,-51.19395],[-60.84253,-51.19499],[-60.88607,-51.21002],[-60.94094,-51.21505],[-60.88078,-51.19911]],[[-59.9278,-51.21412],[-59.9176,-51.20844],[-59.91395,-51.21355],[-59.90477,-51.21714],[-59.90011,-51.21814],[-59.90503,-51.22139],[-59.92609,-51.21572],[-59.9278,-51.21412]],[[-58.9655,-51.23763],[-58.97286,-51.23359],[-58.961,-51.23472],[-58.9053,-51.27617],[-58.74582,-51.31745],[-58.73979,-51.3497],[-58.73863,-51.31498],[-58.67022,-51.33583],[-58.63956,-51.32387],[-58.619,-51.35825],[-58.61648,-51.35674],[-58.58004,-51.34755],[-58.56248,-51.36408],[-58.56882,-51.32352],[-58.61765,-51.35046],[-58.63658,-51.31443],[-58.46591,-51.29814],[-58.34298,-51.35451],[-58.33247,-51.38597],[-58.37665,-51.39469],[-58.34083,-51.39047],[-58.31509,-51.41667],[-58.35874,-51.43284],[-58.33106,-51.43861],[-58.36276,-51.46615],[-58.36677,-51.43382],[-58.45704,-51.45504],[-58.48391,-51.39832],[-58.5194,-51.41979],[-58.50635,-51.38155],[-58.55794,-51.40415],[-58.53773,-51.42109],[-58.59898,-51.43949],[-58.52291,-51.42907],[-58.59457,-51.45437],[-58.59652,-51.45211],[-58.62494,-51.4669],[-58.62679,-51.46315],[-58.63358,-51.47005],[-58.59617,-51.46462],[-58.51763,-51.42878],[-58.54179,-51.44465],[-58.50815,-51.43646],[-58.5042,-51.45378],[-58.54373,-51.45724],[-58.53531,-51.45857],[-58.52329,-51.4712],[-58.55157,-51.46919],[-58.54625,-51.47152],[-58.55995,-51.47563],[-58.55988,-51.48024],[-58.55523,-51.47563],[-58.53236,-51.47653],[-58.52662,-51.48235],[-58.52059,-51.47451],[-58.51449,-51.47842],[-58.5426,-51.49019],[-58.53667,-51.49167],[-58.52984,-51.51196],[-58.49191,-51.46846],[-58.47317,-51.49115],[-58.42474,-51.4689],[-58.42201,-51.53461],[-58.46273,-51.54771],[-58.4175,-51.56312],[-58.40514,-51.52816],[-58.37748,-51.53019],[-58.38587,-51.56488],[-58.32823,-51.56736],[-58.32668,-51.53772],[-58.27564,-51.55588],[-58.26405,-51.5946],[-58.29207,-51.58861],[-58.30901,-51.61489],[-58.28286,-51.5977],[-58.25222,-51.61444],[-58.28207,-51.62327],[-58.25619,-51.6218],[-58.26227,-51.65366],[-58.28086,-51.65584],[-58.26384,-51.65521],[-58.26995,-51.66058],[-58.27954,-51.66166],[-58.26629,-51.6616],[-58.25838,-51.65286],[-58.24087,-51.65403],[-58.24793,-51.62093],[-58.2185,-51.66018],[-58.22658,-51.63767],[-58.20218,-51.64476],[-58.17283,-51.64352],[-58.21171,-51.64167],[-58.21727,-51.63265],[-58.20439,-51.63035],[-58.22855,-51.62711],[-58.20462,-51.62237],[-58.24164,-51.61774],[-58.25218,-51.58437],[-58.14666,-51.61182],[-58.26295,-51.55366],[-58.20128,-51.52421],[-58.29791,-51.53063],[-58.29634,-51.48726],[-58.33309,-51.52038],[-58.37848,-51.51269],[-58.35163,-51.48671],[-58.38658,-51.4845],[-58.32896,-51.47572],[-58.28269,-51.39098],[-58.05541,-51.36958],[-58.01474,-51.40177],[-58.00392,-51.3771],[-57.94377,-51.36245],[-57.85319,-51.41438],[-57.87095,-51.43249],[-57.83781,-51.4741],[-57.74193,-51.51266],[-57.84717,-51.50186],[-57.84381,-51.47477],[-57.89768,-51.4982],[-57.81043,-51.5101],[-57.76637,-51.5409],[-57.95491,-51.54036],[-57.99325,-51.50714],[-58.07299,-51.49432],[-58.01809,-51.53521],[-58.11455,-51.511],[-58.09557,-51.5323],[-58.16576,-51.54509],[-58.10497,-51.56555],[-58.14953,-51.56709],[-58.13101,-51.56953],[-57.78442,-51.61664],[-57.72496,-51.64448],[-57.81292,-51.64904],[-57.85888,-51.67534],[-57.96264,-51.65216],[-57.97504,-51.65481],[-57.8313,-51.68204],[-57.92098,-51.6871],[-57.78466,-51.69905],[-57.82195,-51.67662],[-57.71809,-51.68327],[-57.86903,-51.72993],[-57.91609,-51.71751],[-57.89435,-51.72397],[-58.01225,-51.73477],[-57.85765,-51.739],[-57.88192,-51.74666],[-58.03616,-51.75807],[-58.04418,-51.73733],[-58.06725,-51.73588],[-58.08678,-51.7419],[-58.04697,-51.74976],[-58.09275,-51.76253],[-58.06497,-51.77169],[-58.15812,-51.76506],[-58.15331,-51.73974],[-58.19317,-51.7662],[-58.29991,-51.75071],[-58.30599,-51.75396],[-58.20111,-51.77754],[-58.23295,-51.78402],[-58.10913,-51.78843],[-58.24483,-51.79217],[-58.2313,-51.79292],[-58.28636,-51.80044],[-58.29798,-51.82176],[-58.38756,-51.82445],[-58.33906,-51.82626],[-58.32181,-51.84119],[-58.33756,-51.84354],[-58.32098,-51.84357],[-58.30352,-51.82736],[-58.28769,-51.82881],[-58.28142,-51.8068],[-58.1644,-51.81609],[-58.2359,-51.8285],[-58.21357,-51.86071],[-58.2479,-51.87389],[-58.22517,-51.84548],[-58.2978,-51.85953],[-58.28893,-51.85958],[-58.31678,-51.86927],[-58.30685,-51.8829],[-58.46097,-51.90418],[-58.48609,-51.89658],[-58.46186,-51.89088],[-58.50366,-51.89505],[-58.50717,-51.88537],[-58.53755,-51.87957],[-58.54164,-51.86472],[-58.5166,-51.86085],[-58.53643,-51.8606],[-58.54411,-51.86511],[-58.54935,-51.85904],[-58.55863,-51.85692],[-58.54883,-51.84806],[-58.56372,-51.84684],[-58.56458,-51.82981],[-58.58371,-51.82821],[-58.59384,-51.8306],[-58.57963,-51.83106],[-58.56549,-51.84667],[-58.5514,-51.84887],[-58.56305,-51.85535],[-58.55304,-51.85981],[-58.56148,-51.86436],[-58.5503,-51.86314],[-58.53831,-51.88154],[-58.5116,-51.89218],[-58.67807,-51.90408],[-58.62935,-51.88388],[-58.71899,-51.87246],[-58.69073,-51.89314],[-58.74384,-51.88165],[-58.76412,-51.89888],[-58.85746,-51.85724],[-58.81426,-51.85683],[-58.93262,-51.8413],[-58.95286,-51.78755],[-58.97879,-51.85439],[-59.02147,-51.84914],[-59.04848,-51.85998],[-59.08637,-51.85759],[-59.09956,-51.84068],[-59.11563,-51.8765],[-59.09211,-51.85829],[-59.04202,-51.86218],[-59.02358,-51.85287],[-59.00657,-51.85995],[-59.01325,-51.87374],[-58.99151,-51.85741],[-58.98946,-51.87351],[-58.97683,-51.85643],[-58.76028,-51.93681],[-58.79168,-51.94715],[-58.83233,-51.9201],[-58.89765,-51.91786],[-58.80477,-51.94792],[-58.8051,-51.96723],[-58.76911,-51.95616],[-58.7659,-51.99312],[-58.74462,-51.95339],[-58.7257,-51.96693],[-58.69934,-51.95258],[-58.69384,-51.97352],[-58.62438,-51.96628],[-58.60388,-51.9911],[-58.63153,-52.006],[-58.62528,-52.00411],[-58.58695,-52.01628],[-58.68801,-52.02376],[-58.63586,-52.05115],[-58.66347,-52.05426],[-58.63728,-52.11403],[-58.65963,-52.14147],[-58.69402,-52.12325],[-58.67793,-52.09141],[-58.71354,-52.06467],[-58.73915,-52.07866],[-58.74679,-52.04537],[-58.82258,-52.02394],[-58.81394,-52.05639],[-58.89723,-52.0337],[-58.89044,-52.04842],[-58.88634,-52.04297],[-58.85975,-52.08456],[-58.88703,-52.07464],[-58.92821,-52.11736],[-58.95065,-52.0617],[-58.98868,-52.09753],[-59.01555,-52.0203],[-59.059,-52.04306],[-59.07218,-52.016],[-59.1008,-52.03043],[-59.13459,-51.98252],[-59.15601,-51.99611],[-59.1895,-51.97175],[-59.16823,-52.01208],[-59.25976,-51.99419],[-59.29133,-52.01147],[-59.29324,-52.02925],[-59.26576,-52.00681],[-59.18641,-52.02761],[-59.23589,-52.05375],[-59.19877,-52.05262],[-59.21082,-52.08018],[-59.1321,-52.03873],[-59.14943,-52.05775],[-59.09896,-52.08016],[-59.17779,-52.10271],[-59.06762,-52.10509],[-59.17951,-52.14457],[-59.14559,-52.14209],[-59.14817,-52.1641],[-59.11069,-52.13549],[-59.11654,-52.16397],[-59.07423,-52.1371],[-59.02479,-52.1431],[-59.10282,-52.19717],[-59.0927,-52.2146],[-59.02311,-52.20455],[-59.05428,-52.2425],[-59.02126,-52.26183],[-59.16067,-52.20948],[-59.24118,-52.219],[-59.24781,-52.17392],[-59.29662,-52.16271],[-59.31761,-52.18445],[-59.29099,-52.14112],[-59.34931,-52.1612],[-59.36726,-52.11391],[-59.37076,-52.14479],[-59.40771,-52.11567],[-59.38652,-52.15878],[-59.45343,-52.12546],[-59.43561,-52.1522],[-59.48687,-52.1658],[-59.39883,-52.18107],[-59.40902,-52.18722],[-59.42078,-52.18087],[-59.4639,-52.19568],[-59.45136,-52.19147],[-59.42274,-52.19415],[-59.46146,-52.22447],[-59.40031,-52.20371],[-59.4226,-52.22033],[-59.42957,-52.22151],[-59.43398,-52.24387],[-59.37791,-52.20511],[-59.33,-52.21127],[-59.38782,-52.22638],[-59.34181,-52.25372],[-59.41466,-52.28399],[-59.3459,-52.26882],[-59.38661,-52.31294],[-59.33509,-52.34614],[-59.30684,-52.327],[-59.30818,-52.35066],[-59.36408,-52.35937],[-59.39179,-52.34596],[-59.37352,-52.33409],[-59.42591,-52.33115],[-59.41486,-52.31028],[-59.49771,-52.31189],[-59.47832,-52.2754],[-59.51054,-52.27305],[-59.50858,-52.24283],[-59.58373,-52.25957],[-59.5523,-52.20499],[-59.63066,-52.20974],[-59.62342,-52.17401],[-59.73512,-52.12691],[-59.70706,-52.10756],[-59.73155,-52.09712],[-59.66785,-52.10018],[-59.67928,-52.12445],[-59.60739,-52.12205],[-59.64115,-52.08427],[-59.60396,-52.09301],[-59.5543,-52.06688],[-59.65394,-52.00582],[-59.54564,-52.00515],[-59.58827,-51.99991],[-59.64715,-51.96212],[-59.59621,-51.98519],[-59.52636,-51.96602],[-59.61472,-51.95063],[-59.60919,-51.9165],[-59.5919,-51.90408],[-59.51597,-51.93849],[-59.47468,-51.93007],[-59.5378,-51.88188],[-59.44481,-51.88917],[-59.48688,-51.8845],[-59.45886,-51.86553],[-59.51517,-51.85732],[-59.49797,-51.83555],[-59.44696,-51.82318],[-59.45613,-51.84714],[-59.41041,-51.81241],[-59.37927,-51.85815],[-59.36145,-51.77763],[-59.32423,-51.81058],[-59.30107,-51.78923],[-59.30044,-51.80776],[-59.27236,-51.79815],[-59.30607,-51.7606],[-59.26929,-51.74332],[-59.24844,-51.76632],[-59.23099,-51.72139],[-59.22459,-51.76507],[-59.1978,-51.7221],[-59.18099,-51.73418],[-59.15324,-51.70497],[-59.05597,-51.69047],[-59.061,-51.74592],[-59.02463,-51.77521],[-59.04535,-51.77323],[-59.04244,-51.78046],[-59.07174,-51.78362],[-59.04373,-51.78578],[-59.0309,-51.81248],[-59.06276,-51.81307],[-59.0286,-51.83158],[-58.94917,-51.77415],[-59.00382,-51.77249],[-58.98701,-51.76785],[-59.00866,-51.71123],[-59.04112,-51.70004],[-59.03403,-51.67719],[-59.00292,-51.69391],[-59.02499,-51.67245],[-58.9982,-51.67749],[-59.04832,-51.65379],[-58.97671,-51.67099],[-59.1788,-51.58434],[-59.11326,-51.52867],[-59.12837,-51.49655],[-59.04448,-51.60366],[-59.01448,-51.60225],[-59.04967,-51.57537],[-59.02684,-51.56099],[-59.06531,-51.51969],[-59.04556,-51.50464],[-58.98055,-51.50616],[-58.9503,-51.52124],[-58.92558,-51.52177],[-58.94217,-51.54247],[-58.93431,-51.54528],[-58.91658,-51.5243],[-58.87802,-51.53185],[-58.84641,-51.52224],[-58.85226,-51.5111],[-58.83083,-51.51945],[-58.85519,-51.50965],[-58.87959,-51.53035],[-58.8994,-51.52159],[-58.91831,-51.52081],[-58.92005,-51.52776],[-58.92423,-51.51996],[-58.94903,-51.51615],[-58.95276,-51.50785],[-59.14404,-51.46211],[-59.1002,-51.41114],[-59.05155,-51.43379],[-58.98008,-51.42683],[-58.95875,-51.44723],[-58.96917,-51.42412],[-59.01976,-51.41916],[-59.00539,-51.3853],[-58.86679,-51.3717],[-58.9655,-51.23763]],[[-58.31475,-51.42452],[-58.30564,-51.42023],[-58.30414,-51.42511],[-58.30899,-51.42565],[-58.31067,-51.42528],[-58.31475,-51.42452]],[[-58.48947,-51.45607],[-58.49134,-51.45793],[-58.49457,-51.45157],[-58.48337,-51.45539],[-58.48947,-51.45607]],[[-58.09012,-51.54781],[-58.0919,-51.54805],[-58.09277,-51.54764],[-58.09012,-51.54781]],[[-58.0576,-51.55264],[-58.03964,-51.56377],[-58.08149,-51.5509],[-58.0576,-51.55264]],[[-57.79407,-51.60431],[-57.79019,-51.60368],[-57.78396,-51.60746],[-57.79407,-51.60431]],[[-57.75337,-51.62371],[-57.75964,-51.62303],[-57.76058,-51.62212],[-57.75727,-51.62101],[-57.7572,-51.62237],[-57.74416,-51.62275],[-57.74364,-51.62519],[-57.75337,-51.62371]],[[-57.73386,-51.67305],[-57.72628,-51.6727],[-57.72496,-51.67429],[-57.73386,-51.67305]],[[-58.18001,-51.80242],[-58.17392,-51.80643],[-58.2226,-51.8079],[-58.18001,-51.80242]],[[-58.13859,-51.80662],[-58.1448,-51.80441],[-58.1423,-51.80393],[-58.13859,-51.80662]],[[-58.20143,-51.8659],[-58.20075,-51.86493],[-58.19789,-51.86574],[-58.20143,-51.8659]],[[-58.2586,-51.87048],[-58.26863,-51.87268],[-58.27988,-51.87378],[-58.28395,-51.8677],[-58.27401,-51.86636],[-58.27306,-51.86785],[-58.2586,-51.87048]],[[-58.29352,-51.87338],[-58.28026,-51.87487],[-58.29614,-51.88462],[-58.30393,-51.88557],[-58.29971,-51.87653],[-58.30821,-51.87564],[-58.29352,-51.87338]],[[-58.26282,-51.86707],[-58.26542,-51.86669],[-58.26377,-51.86495],[-58.26282,-51.86707]],[[-58.24309,-51.85646],[-58.25129,-51.85915],[-58.25079,-51.85574],[-58.26099,-51.85589],[-58.25037,-51.85433],[-58.24309,-51.85646]],[[-58.23002,-51.84871],[-58.23118,-51.84978],[-58.23654,-51.84862],[-58.23002,-51.84871]],[[-58.24079,-51.84646],[-58.23848,-51.84645],[-58.23994,-51.84701],[-58.24079,-51.84646]],[[-58.40321,-51.90502],[-58.39746,-51.90328],[-58.39538,-51.90465],[-58.39804,-51.90966],[-58.40155,-51.92252],[-58.44973,-51.9256],[-58.47273,-51.91338],[-58.42659,-51.91619],[-58.42362,-51.91544],[-58.40037,-51.91376],[-58.39899,-51.90746],[-58.42873,-51.9055],[-58.40321,-51.90502]],[[-58.71975,-51.92238],[-58.70404,-51.92399],[-58.71273,-51.9294],[-58.7336,-51.92214],[-58.71975,-51.92238]],[[-58.51779,-51.90534],[-58.50698,-51.90798],[-58.51011,-51.913],[-58.52733,-51.9119],[-58.53788,-51.90182],[-58.52607,-51.90294],[-58.51779,-51.90534]],[[-58.51911,-51.90107],[-58.53437,-51.89966],[-58.51671,-51.8989],[-58.51911,-51.90107]],[[-58.53679,-51.90013],[-58.55349,-51.8989],[-58.54486,-51.89597],[-58.53679,-51.90013]],[[-58.81598,-51.89629],[-58.81334,-51.89584],[-58.81086,-51.89817],[-58.81598,-51.89629]],[[-58.92713,-51.86657],[-58.9264,-51.87072],[-58.94454,-51.8603],[-58.92713,-51.86657]],[[-58.93312,-51.85317],[-58.9282,-51.85916],[-58.94221,-51.85511],[-58.93911,-51.85225],[-58.93312,-51.85317]],[[-58.76691,-51.9453],[-58.76464,-51.94928],[-58.7816,-51.94514],[-58.77081,-51.94714],[-58.76691,-51.9453]],[[-58.45633,-51.95022],[-58.45159,-51.95183],[-58.49445,-51.95347],[-58.45633,-51.95022]],[[-58.49933,-51.97323],[-58.47908,-51.97196],[-58.45313,-51.98231],[-58.43946,-51.97713],[-58.43126,-51.98474],[-58.46927,-51.98516],[-58.49933,-51.97323]],[[-58.43145,-51.98772],[-58.42411,-51.99084],[-58.40379,-52.01444],[-58.45508,-52.00811],[-58.44163,-52.02978],[-58.47173,-52.02719],[-58.44657,-52.04127],[-58.42383,-52.02697],[-58.43303,-52.10236],[-58.55466,-52.02746],[-58.4698,-52.00305],[-58.48621,-51.99306],[-58.47407,-51.99032],[-58.47245,-51.993],[-58.44778,-51.99591],[-58.42279,-51.99484],[-58.42934,-51.9943],[-58.43145,-51.98772]],[[-58.39233,-51.99635],[-58.36864,-52.00099],[-58.36104,-52.0082],[-58.37819,-52.00535],[-58.3809,-52.00243],[-58.39032,-52],[-58.39233,-51.99635]],[[-58.53414,-52.06661],[-58.53711,-52.06518],[-58.53372,-52.06232],[-58.53414,-52.06661]],[[-58.46623,-51.98999],[-58.47511,-51.98785],[-58.46486,-51.98686],[-58.46623,-51.98999]],[[-58.48226,-51.9822],[-58.50032,-51.98181],[-58.4914,-51.97966],[-58.48226,-51.9822]],[[-58.61382,-51.97378],[-58.61804,-51.97377],[-58.61175,-51.97173],[-58.61382,-51.97378]],[[-58.62374,-52.11598],[-58.62208,-52.11247],[-58.61857,-52.12598],[-58.61274,-52.13366],[-58.60108,-52.14935],[-58.60911,-52.14037],[-58.62759,-52.13251],[-58.62374,-52.11598]],[[-58.83183,-52.14568],[-58.84103,-52.16256],[-58.83545,-52.2107],[-58.93579,-52.24319],[-59.00449,-52.24725],[-58.99016,-52.22272],[-58.93664,-52.23491],[-58.91474,-52.21377],[-58.85658,-52.2142],[-58.86189,-52.17872],[-58.82618,-52.13308],[-58.83183,-52.14568]],[[-58.83065,-52.19063],[-58.83317,-52.19063],[-58.83128,-52.18829],[-58.83065,-52.19063]],[[-58.80741,-52.1939],[-58.79883,-52.19396],[-58.80149,-52.1967],[-58.80707,-52.1972],[-58.80741,-52.1939]],[[-58.99976,-52.14555],[-59.01368,-52.15048],[-59.00285,-52.13746],[-58.98828,-52.13514],[-58.99976,-52.14555]],[[-58.85125,-52.14271],[-58.86232,-52.14223],[-58.85267,-52.14037],[-58.85125,-52.14271]],[[-58.713,-52.13879],[-58.72293,-52.13495],[-58.73315,-52.13239],[-58.71826,-52.1276],[-58.71314,-52.12575],[-58.70323,-52.12743],[-58.70753,-52.13779],[-58.713,-52.13879]],[[-58.91254,-52.12444],[-58.91986,-52.1259],[-58.92123,-52.11898],[-58.91254,-52.12444]],[[-59.01065,-52.08166],[-59.00098,-52.08107],[-59.00517,-52.0875],[-59.01065,-52.08166]],[[-59.07713,-52.07571],[-59.09157,-52.07778],[-59.08425,-52.0712],[-59.08239,-52.07125],[-59.07713,-52.07571]],[[-59.05774,-52.07959],[-59.05847,-52.07784],[-59.05675,-52.07777],[-59.05774,-52.07959]],[[-59.66411,-52.35606],[-59.64691,-52.36743],[-59.65132,-52.37165],[-59.66697,-52.37293],[-59.68447,-52.37645],[-59.69827,-52.39669],[-59.74399,-52.38337],[-59.66158,-52.34917],[-59.66411,-52.35606]],[[-59.74865,-52.37555],[-59.76388,-52.38398],[-59.80874,-52.36321],[-59.81436,-52.35594],[-59.76365,-52.34378],[-59.75114,-52.30873],[-59.68019,-52.30359],[-59.68837,-52.31381],[-59.75383,-52.34884],[-59.74865,-52.37555]],[[-59.71766,-52.36609],[-59.72232,-52.36529],[-59.71877,-52.36443],[-59.71766,-52.36609]],[[-59.77297,-52.15406],[-59.76802,-52.17394],[-59.69743,-52.16828],[-59.67013,-52.22215],[-59.74711,-52.29605],[-59.7613,-52.17912],[-59.77812,-52.18342],[-59.78189,-52.18626],[-59.79158,-52.18108],[-59.80645,-52.1724],[-59.79456,-52.15466],[-59.78519,-52.14206],[-59.77796,-52.14894],[-59.77297,-52.15406]],[[-60.54374,-52.19419],[-60.50425,-52.20383],[-60.60465,-52.25114],[-60.62247,-52.23234],[-60.61466,-52.25767],[-60.65055,-52.25986],[-60.69663,-52.21079],[-60.63193,-52.21464],[-60.63126,-52.20493],[-60.66508,-52.19297],[-60.62931,-52.17539],[-60.67209,-52.19242],[-60.69694,-52.17924],[-60.66141,-52.15434],[-60.70444,-52.1735],[-60.70157,-52.1417],[-60.71751,-52.16044],[-60.74393,-52.14799],[-60.71677,-52.12962],[-60.66562,-52.13688],[-60.7161,-52.10288],[-60.74338,-52.12424],[-60.81467,-52.09794],[-60.85007,-52.10703],[-60.77079,-52.16721],[-60.71952,-52.17625],[-60.79948,-52.18943],[-60.85886,-52.12431],[-60.93302,-52.11649],[-61.02323,-52.04282],[-61.01188,-52.07352],[-61.04819,-52.07218],[-61.04215,-52.01499],[-61.07017,-52.01804],[-61.07798,-52.01072],[-61.06779,-52.0073],[-61.05778,-52.01225],[-61.04233,-52.0117],[-60.97953,-52.04887],[-60.8967,-52.03709],[-60.91752,-52.06779],[-60.8823,-52.07328],[-60.92014,-52.08329],[-60.85654,-52.08518],[-60.81205,-52.06077],[-60.87052,-52.0709],[-60.89628,-52.02842],[-60.85966,-52.04203],[-60.74528,-52.01786],[-60.79111,-51.98936],[-60.82523,-51.99961],[-60.84635,-51.95396],[-60.74491,-51.96177],[-60.75327,-51.97758],[-60.72477,-51.9611],[-60.72184,-52.01237],[-60.69181,-52.00413],[-60.70023,-51.97044],[-60.68131,-51.97837],[-60.69675,-52.02018],[-60.67472,-52.03641],[-60.68979,-52.03941],[-60.68345,-52.04697],[-60.6865,-52.04307],[-60.63907,-52.03776],[-60.67673,-52.03257],[-60.64921,-51.96854],[-60.63413,-51.99937],[-60.62821,-51.98069],[-60.57737,-51.98692],[-60.60819,-52.02653],[-60.58543,-52.0095],[-60.5554,-52.02622],[-60.57212,-51.98936],[-60.5366,-52.00254],[-60.54539,-52.02695],[-60.53403,-52.0073],[-60.50346,-52.02311],[-60.51908,-52.00364],[-60.57047,-51.98417],[-60.54636,-51.9791],[-60.50999,-51.97813],[-60.43308,-51.96262],[-60.39731,-51.92558],[-60.54319,-51.95383],[-60.63126,-51.92478],[-60.64579,-51.926],[-60.62919,-51.91795],[-60.54703,-51.94175],[-60.5062,-51.93632],[-60.44968,-51.87595],[-60.47718,-51.87203],[-60.44547,-51.85154],[-60.47739,-51.81821],[-60.41489,-51.77],[-60.43723,-51.79026],[-60.36826,-51.77531],[-60.38468,-51.796],[-60.39524,-51.78782],[-60.40543,-51.79453],[-60.41843,-51.81821],[-60.39524,-51.79893],[-60.3563,-51.8129],[-60.41886,-51.86899],[-60.38224,-51.84568],[-60.36429,-51.87693],[-60.32737,-51.86417],[-60.33396,-51.81931],[-60.29203,-51.82963],[-60.32834,-51.80381],[-60.29423,-51.7786],[-60.32969,-51.7797],[-60.3245,-51.76121],[-60.26609,-51.74943],[-60.28074,-51.77189],[-60.21397,-51.79221],[-60.18095,-51.70866],[-60.24772,-51.69566],[-60.28855,-51.72044],[-60.31803,-51.69663],[-60.38236,-51.71732],[-60.35862,-51.75596],[-60.40989,-51.74503],[-60.45859,-51.77433],[-60.5214,-51.76035],[-60.53892,-51.80698],[-60.64017,-51.72825],[-60.65297,-51.66833],[-60.52097,-51.71226],[-60.36838,-51.67167],[-60.28214,-51.68003],[-60.23344,-51.65629],[-60.08646,-51.72227],[-59.97379,-51.74229],[-60.08604,-51.71348],[-60.09385,-51.69993],[-60.02476,-51.69907],[-60.09403,-51.6981],[-60.08414,-51.66947],[-60.08671,-51.6641],[-60.13456,-51.68333],[-60.18278,-51.66595],[-60.25883,-51.62382],[-60.23154,-51.60831],[-60.30503,-51.59775],[-60.26511,-51.5684],[-60.31022,-51.57853],[-60.29609,-51.55729],[-60.29371,-51.55919],[-60.322,-51.5366],[-60.34694,-51.54],[-60.30985,-51.57072],[-60.3743,-51.57633],[-60.38907,-51.54539],[-60.40568,-51.56235],[-60.50632,-51.52811],[-60.51182,-51.52659],[-60.48386,-51.49009],[-60.40049,-51.50571],[-60.38181,-51.48722],[-60.45438,-51.43748],[-60.52183,-51.45103],[-60.65067,-51.41404],[-60.63053,-51.37656],[-60.66453,-51.36069],[-60.61039,-51.35947],[-60.66441,-51.34],[-60.48752,-51.38712],[-60.24509,-51.49406],[-60.15092,-51.48447],[-60.17161,-51.49601],[-60.13004,-51.50645],[-60.08109,-51.48392],[-60.06712,-51.48338],[-59.9816,-51.47282],[-60.09965,-51.43784],[-60.06809,-51.42142],[-60.0814,-51.40836],[-60.03165,-51.41703],[-60.05094,-51.38822],[-60.00999,-51.38084],[-59.98325,-51.38853],[-60.01993,-51.40305],[-59.99778,-51.42167],[-59.90098,-51.38108],[-59.86033,-51.39072],[-59.90848,-51.40238],[-59.89628,-51.42387],[-59.89066,-51.41074],[-59.81992,-51.39524],[-59.87559,-51.41386],[-59.77134,-51.42075],[-59.75779,-51.40537],[-59.73282,-51.42704],[-59.84251,-51.44376],[-59.80289,-51.45902],[-59.63437,-51.43705],[-59.62589,-51.46873],[-59.61942,-51.43565],[-59.57407,-51.43461],[-59.50413,-51.39396],[-59.48386,-51.41538],[-59.60148,-51.44254],[-59.58927,-51.45792],[-59.52042,-51.48081],[-59.54227,-51.44529],[-59.46604,-51.4639],[-59.38254,-51.43388],[-59.42515,-51.41288],[-59.47587,-51.40549],[-59.47275,-51.39921],[-59.43571,-51.3884],[-59.45438,-51.35618],[-59.44889,-51.35215],[-59.40018,-51.36314],[-59.39811,-51.36545],[-59.41733,-51.34214],[-59.3939,-51.3389],[-59.38743,-51.3361],[-59.37089,-51.35355],[-59.36167,-51.35764],[-59.23838,-51.39713],[-59.21043,-51.40238],[-59.28367,-51.43388],[-59.29258,-51.43693],[-59.26627,-51.44584],[-59.29191,-51.46378],[-59.20041,-51.43583],[-59.33451,-51.52415],[-59.33121,-51.49259],[-59.36619,-51.48655],[-59.35386,-51.50755],[-59.37742,-51.49863],[-59.48014,-51.52604],[-59.3585,-51.50779],[-59.39579,-51.55674],[-59.33835,-51.52836],[-59.44096,-51.63425],[-59.48093,-51.6323],[-59.43888,-51.585],[-59.58903,-51.66111],[-59.6027,-51.68632],[-59.54374,-51.64628],[-59.6074,-51.73087],[-59.66428,-51.74363],[-59.62864,-51.75407],[-59.77396,-51.82005],[-59.7501,-51.81016],[-59.85953,-51.96409],[-59.91947,-51.96659],[-60.00431,-52.00584],[-59.99735,-51.96958],[-60.07548,-51.96165],[-60.05167,-51.94315],[-60.0792,-51.93534],[-60.10007,-52.00828],[-60.23905,-52.01676],[-60.18229,-51.97892],[-60.17148,-51.96812],[-60.22086,-51.9943],[-60.20963,-51.96781],[-60.28446,-51.99345],[-60.29008,-52.01432],[-60.32712,-51.99692],[-60.30912,-51.93284],[-60.32834,-51.96],[-60.33066,-51.93906],[-60.34879,-51.93412],[-60.37247,-51.93357],[-60.32944,-51.98868],[-60.3574,-52.00663],[-60.3353,-51.99345],[-60.28184,-52.02049],[-60.28251,-52.08201],[-60.24235,-52.01859],[-60.26639,-52.08933],[-60.35355,-52.16105],[-60.38071,-52.15378],[-60.37754,-52.10825],[-60.32792,-52.10136],[-60.40757,-52.0911],[-60.3881,-52.13566],[-60.40867,-52.12003],[-60.45066,-52.1143],[-60.45829,-52.10276],[-60.50162,-52.11167],[-60.40458,-52.12485],[-60.36826,-52.17625],[-60.40733,-52.17216],[-60.41636,-52.14433],[-60.46628,-52.17857],[-60.4733,-52.14964],[-60.49039,-52.16611],[-60.54514,-52.1262],[-60.54337,-52.11247],[-60.54746,-52.11906],[-60.58597,-52.12608],[-60.55772,-52.13798],[-60.57221,-52.15723],[-60.56993,-52.15777],[-60.54471,-52.13651],[-60.49357,-52.18583],[-60.51279,-52.17912],[-60.50577,-52.1879],[-60.52219,-52.1912],[-60.54734,-52.18785],[-60.54374,-52.19419]],[[-60.74781,-52.20045],[-60.75438,-52.20002],[-60.75199,-52.19292],[-60.74781,-52.20045]],[[-60.69185,-52.19097],[-60.70271,-52.18732],[-60.70998,-52.18775],[-60.71083,-52.18394],[-60.69397,-52.18548],[-60.68861,-52.18694],[-60.69185,-52.19097]],[[-60.76238,-52.14106],[-60.76179,-52.14526],[-60.77404,-52.14552],[-60.76799,-52.13524],[-60.76238,-52.14106]],[[-60.91931,-52.16342],[-60.92693,-52.17233],[-60.94003,-52.16911],[-60.91931,-52.16342]],[[-60.90564,-52.00774],[-60.91672,-52.00402],[-60.92201,-51.99615],[-60.93206,-51.99526],[-60.94135,-51.99932],[-60.94307,-51.99697],[-60.94062,-51.99138],[-60.88499,-51.98456],[-60.88281,-51.96397],[-60.87933,-51.96411],[-60.87079,-51.96612],[-60.86384,-51.96824],[-60.8622,-51.99178],[-60.87259,-51.99408],[-60.85681,-52.00706],[-60.84747,-52.00361],[-60.84554,-52.00574],[-60.85032,-52.00867],[-60.88145,-52.00773],[-60.90564,-52.00774]],[[-60.98768,-51.98735],[-61.00702,-51.98509],[-61.05772,-51.96645],[-61.05948,-51.94185],[-61.07072,-51.93804],[-61.05353,-51.9303],[-61.03884,-51.92667],[-61.05425,-51.92834],[-61.0689,-51.93507],[-61.07927,-51.91529],[-61.09884,-51.9314],[-61.10104,-51.90103],[-61.13744,-51.90417],[-61.13406,-51.85926],[-61.10082,-51.85943],[-61.0985,-51.84886],[-61.1556,-51.85142],[-61.16085,-51.85023],[-61.16618,-51.83072],[-61.10652,-51.81455],[-61.09377,-51.81676],[-61.11764,-51.83685],[-61.0929,-51.82412],[-61.03816,-51.84515],[-61.04709,-51.83079],[-61.05875,-51.82918],[-61.05697,-51.8224],[-61.04775,-51.81076],[-61.03347,-51.81526],[-61.0446,-51.8033],[-61.03407,-51.79773],[-61.03876,-51.78436],[-61.01447,-51.78015],[-60.98329,-51.77847],[-60.9758,-51.77868],[-60.96993,-51.7997],[-60.95674,-51.8011],[-60.95429,-51.79838],[-60.94953,-51.79906],[-60.9492,-51.80188],[-60.94237,-51.80975],[-60.94341,-51.81591],[-60.94484,-51.81817],[-61.04184,-51.88084],[-61.04415,-51.88609],[-60.95423,-51.86554],[-60.91853,-51.83143],[-60.90331,-51.85723],[-60.87547,-51.80544],[-60.89766,-51.80133],[-60.90342,-51.79874],[-60.9073,-51.792],[-60.89483,-51.77445],[-60.90156,-51.76425],[-60.87481,-51.76364],[-60.86326,-51.78667],[-60.85708,-51.79167],[-60.86376,-51.79509],[-60.86691,-51.79932],[-60.89819,-51.88364],[-60.87188,-51.89014],[-60.91557,-51.89616],[-60.87093,-51.91717],[-60.92253,-51.9378],[-60.90613,-51.94486],[-60.90261,-51.94981],[-60.89391,-51.94977],[-60.91513,-51.95837],[-60.93003,-51.9582],[-60.94938,-51.96413],[-60.98768,-51.98735]],[[-61.1657,-51.90643],[-61.19309,-51.90845],[-61.14675,-51.89574],[-61.16243,-51.90851],[-61.1657,-51.90643]],[[-61.19569,-51.9053],[-61.21671,-51.90979],[-61.21603,-51.9053],[-61.20234,-51.89665],[-61.17064,-51.87531],[-61.16514,-51.87961],[-61.19569,-51.9053]],[[-61.23358,-51.87323],[-61.24246,-51.87858],[-61.24749,-51.87431],[-61.27939,-51.86913],[-61.34548,-51.83049],[-61.345,-51.82433],[-61.33622,-51.8215],[-61.32888,-51.82198],[-61.31876,-51.82013],[-61.30066,-51.82521],[-61.31093,-51.80168],[-61.26192,-51.83064],[-61.24028,-51.79611],[-61.22327,-51.79715],[-61.2241,-51.80405],[-61.22113,-51.80753],[-61.1976,-51.8193],[-61.20385,-51.82408],[-61.24204,-51.82178],[-61.25594,-51.83878],[-61.22931,-51.84202],[-61.26468,-51.86151],[-61.20949,-51.85548],[-61.2165,-51.8583],[-61.21669,-51.86301],[-61.22113,-51.86421],[-61.23106,-51.87233],[-61.23358,-51.87323]],[[-61.31166,-51.81475],[-61.32433,-51.81416],[-61.32342,-51.80805],[-61.31331,-51.812],[-61.31166,-51.81475]],[[-61.14337,-51.7887],[-61.14632,-51.79301],[-61.14739,-51.792],[-61.15723,-51.79218],[-61.15959,-51.78831],[-61.15257,-51.78216],[-61.14238,-51.78273],[-61.13771,-51.78507],[-61.14337,-51.7887]],[[-61.04245,-51.77838],[-61.04848,-51.7851],[-61.07584,-51.78686],[-61.04245,-51.77838]],[[-61.11981,-51.79748],[-61.11727,-51.79942],[-61.11738,-51.80628],[-61.123,-51.80217],[-61.11981,-51.79748]],[[-61.09063,-51.79962],[-61.08808,-51.79626],[-61.07858,-51.79873],[-61.09063,-51.79962]],[[-61.06539,-51.80514],[-61.05356,-51.79928],[-61.06091,-51.80782],[-61.06455,-51.80694],[-61.06539,-51.80514]],[[-61.19056,-51.80295],[-61.19357,-51.80769],[-61.19129,-51.8091],[-61.2025,-51.80513],[-61.20424,-51.79758],[-61.19852,-51.7985],[-61.20101,-51.80486],[-61.19056,-51.80295]],[[-61.10031,-51.7941],[-61.10511,-51.78909],[-61.1042,-51.7809],[-61.09094,-51.78828],[-61.10031,-51.7941]],[[-61.19007,-51.84868],[-61.18363,-51.84772],[-61.19649,-51.86127],[-61.19336,-51.85312],[-61.19007,-51.84868]],[[-61.2193,-51.87032],[-61.22061,-51.87056],[-61.21995,-51.86925],[-61.2193,-51.87032]],[[-61.14077,-51.88633],[-61.13638,-51.88589],[-61.13977,-51.89003],[-61.14077,-51.88633]],[[-60.98694,-51.86341],[-60.98115,-51.85372],[-60.98043,-51.85656],[-60.98694,-51.86341]],[[-61.28993,-51.76016],[-61.29372,-51.76422],[-61.30975,-51.75322],[-61.31664,-51.7412],[-61.31106,-51.73054],[-61.30927,-51.72208],[-61.33309,-51.69209],[-61.26353,-51.68247],[-61.2506,-51.68327],[-61.21041,-51.69338],[-61.2437,-51.70279],[-61.24467,-51.71759],[-61.27103,-51.69817],[-61.29297,-51.70646],[-61.28993,-51.76016]],[[-60.66617,-51.66742],[-60.68898,-51.67526],[-60.69599,-51.60966],[-60.68894,-51.60901],[-60.6829,-51.61485],[-60.66617,-51.66742]],[[-61.23563,-51.6672],[-61.24079,-51.6721],[-61.24684,-51.66721],[-61.23563,-51.6672]],[[-61.22672,-51.65268],[-61.22471,-51.65769],[-61.22724,-51.66323],[-61.23289,-51.65615],[-61.23732,-51.64829],[-61.22672,-51.65268]],[[-60.4475,-51.6184],[-60.4616,-51.60719],[-60.45833,-51.60506],[-60.44051,-51.60588],[-60.43004,-51.60892],[-60.42209,-51.62312],[-60.44203,-51.62447],[-60.4475,-51.6184]],[[-60.35212,-51.64196],[-60.35551,-51.63222],[-60.33772,-51.63565],[-60.33859,-51.64095],[-60.35212,-51.64196]],[[-61.23385,-51.72229],[-61.23504,-51.72092],[-61.23397,-51.71985],[-61.23385,-51.72229]],[[-60.4692,-51.83677],[-60.4958,-51.85702],[-60.50976,-51.83117],[-60.47927,-51.82673],[-60.4692,-51.83677]],[[-60.46548,-51.8541],[-60.46075,-51.85195],[-60.45872,-51.8558],[-60.46548,-51.8541]],[[-60.96412,-51.98331],[-60.96686,-51.98783],[-60.97358,-51.98503],[-60.96823,-51.98194],[-60.96412,-51.98331]],[[-60.96542,-52.01084],[-60.95377,-52.01586],[-60.96569,-52.02354],[-60.96542,-52.01084]],[[-60.98863,-52.01586],[-60.99809,-52.02431],[-61.00505,-52.01206],[-60.98863,-52.01586]],[[-60.39483,-51.79769],[-60.3933,-51.79707],[-60.39312,-51.79863],[-60.39483,-51.79769]],[[-60.2279,-51.76526],[-60.22153,-51.75711],[-60.21785,-51.7621],[-60.2141,-51.77477],[-60.2279,-51.76526]],[[-60.11432,-51.68881],[-60.11908,-51.68655],[-60.12212,-51.68203],[-60.11402,-51.68751],[-60.11432,-51.68881]],[[-60.1145,-51.68518],[-60.11492,-51.68352],[-60.11307,-51.68417],[-60.1145,-51.68518]],[[-60.7294,-51.58857],[-60.72501,-51.5891],[-60.7295,-51.59048],[-60.7294,-51.58857]],[[-60.73163,-51.58527],[-60.7589,-51.58436],[-60.78408,-51.58203],[-60.80321,-51.58294],[-60.81091,-51.57704],[-60.81846,-51.56861],[-60.81026,-51.56733],[-60.78521,-51.57416],[-60.75168,-51.57484],[-60.73163,-51.58527]],[[-60.83031,-51.57402],[-60.84853,-51.5763],[-60.84574,-51.56598],[-60.83599,-51.56906],[-60.83031,-51.57402]],[[-60.85966,-51.56674],[-60.87768,-51.56675],[-60.87665,-51.56483],[-60.88683,-51.56277],[-60.86881,-51.55826],[-60.85966,-51.56674]],[[-60.50203,-51.56046],[-60.50233,-51.55477],[-60.49802,-51.54959],[-60.48188,-51.55242],[-60.50203,-51.56046]],[[-60.31614,-51.57963],[-60.32206,-51.57926],[-60.31419,-51.57694],[-60.31614,-51.57963]],[[-60.51183,-51.49174],[-60.51958,-51.49723],[-60.53215,-51.49656],[-60.52761,-51.49158],[-60.51183,-51.49174]],[[-60.50641,-51.48739],[-60.51964,-51.48463],[-60.49704,-51.48724],[-60.50641,-51.48739]],[[-60.69213,-51.47517],[-60.71686,-51.4743],[-60.72925,-51.46979],[-60.71402,-51.47095],[-60.69213,-51.47517]],[[-60.70044,-51.38031],[-60.71686,-51.36912],[-60.72078,-51.3491],[-60.73278,-51.33381],[-60.73176,-51.32635],[-60.71861,-51.33039],[-60.71943,-51.33281],[-60.71278,-51.33473],[-60.66381,-51.35136],[-60.70044,-51.38031]],[[-60.13098,-51.35992],[-60.16406,-51.36407],[-60.1391,-51.36035],[-60.25494,-51.30896],[-60.31909,-51.27399],[-60.31634,-51.26752],[-60.29596,-51.26672],[-60.29828,-51.26178],[-60.28857,-51.263],[-60.24921,-51.3006],[-60.21423,-51.30743],[-60.18475,-51.3158],[-60.14221,-51.31183],[-60.08563,-51.30426],[-60.04474,-51.33789],[-60.08026,-51.38245],[-60.10767,-51.37891],[-60.09821,-51.38452],[-60.12109,-51.39618],[-60.10999,-51.40369],[-60.20313,-51.3996],[-60.21381,-51.39996],[-60.23889,-51.41412],[-60.28168,-51.40741],[-60.2832,-51.40271],[-60.30524,-51.38959],[-60.27399,-51.396],[-60.28442,-51.36957],[-60.23767,-51.33978],[-60.22998,-51.33881],[-60.20984,-51.34735],[-60.18774,-51.3642],[-60.17621,-51.39685],[-60.13361,-51.38544],[-60.13074,-51.37628],[-60.13208,-51.36993],[-60.13098,-51.35992]],[[-60.50934,-51.30612],[-60.52245,-51.31306],[-60.51944,-51.31741],[-60.52537,-51.31525],[-60.53087,-51.31358],[-60.53072,-51.30895],[-60.52832,-51.3064],[-60.54707,-51.29243],[-60.58548,-51.28955],[-60.59392,-51.24996],[-60.58197,-51.25032],[-60.50934,-51.30612]],[[-60.64677,-51.24337],[-60.63951,-51.24632],[-60.64101,-51.24918],[-60.63754,-51.25185],[-60.6423,-51.24916],[-60.64677,-51.24337]],[[-59.89082,-51.24924],[-59.90179,-51.23996],[-59.89221,-51.23717],[-59.86396,-51.25187],[-59.84992,-51.25577],[-59.84097,-51.26309],[-59.89082,-51.24924]],[[-59.77231,-51.25225],[-59.75528,-51.24857],[-59.69615,-51.2727],[-59.60343,-51.26285],[-59.58773,-51.31137],[-59.5463,-51.30222],[-59.54944,-51.27804],[-59.49152,-51.27582],[-59.42442,-51.33808],[-59.47783,-51.30331],[-59.46145,-51.35106],[-59.58629,-51.34374],[-59.61952,-51.30506],[-59.71471,-51.30324],[-59.83791,-51.26432],[-59.77231,-51.25225]],[[-59.63607,-51.3492],[-59.63634,-51.35102],[-59.64255,-51.35358],[-59.64515,-51.35605],[-59.65075,-51.35493],[-59.65271,-51.35298],[-59.65147,-51.34454],[-59.66523,-51.34797],[-59.66384,-51.35755],[-59.70829,-51.34705],[-59.69031,-51.32715],[-59.70063,-51.34738],[-59.67565,-51.33526],[-59.64436,-51.34426],[-59.63497,-51.34533],[-59.63875,-51.34689],[-59.63607,-51.3492]],[[-59.663,-51.35751],[-59.65868,-51.35592],[-59.65857,-51.35908],[-59.663,-51.35751]],[[-59.72319,-51.34592],[-59.66213,-51.36714],[-59.68469,-51.37092],[-59.71821,-51.35848],[-59.73694,-51.36154],[-59.74475,-51.38188],[-59.74667,-51.37077],[-59.77604,-51.36502],[-59.74396,-51.36407],[-59.78296,-51.3522],[-59.81484,-51.36106],[-59.80039,-51.37408],[-59.8319,-51.3594],[-59.7799,-51.34361],[-59.7501,-51.34822],[-59.78268,-51.322],[-59.74604,-51.32101],[-59.73921,-51.3157],[-59.74159,-51.31879],[-59.74204,-51.3292],[-59.7379,-51.33966],[-59.73529,-51.33882],[-59.73522,-51.3306],[-59.73109,-51.33087],[-59.72319,-51.34592]],[[-59.65866,-51.38908],[-59.67329,-51.40638],[-59.67036,-51.38928],[-59.64721,-51.38498],[-59.64128,-51.38804],[-59.65866,-51.38908]],[[-59.61887,-51.40588],[-59.59965,-51.40901],[-59.59561,-51.40942],[-59.59228,-51.42612],[-59.62215,-51.42073],[-59.63086,-51.41961],[-59.6426,-51.42032],[-59.63204,-51.40798],[-59.61887,-51.40588]],[[-59.68081,-51.42954],[-59.66951,-51.4279],[-59.67761,-51.43567],[-59.67822,-51.43117],[-59.68081,-51.42954]],[[-59.71229,-51.43445],[-59.71183,-51.43864],[-59.71838,-51.43001],[-59.70937,-51.42933],[-59.71222,-51.43165],[-59.71229,-51.43445]],[[-59.67717,-51.42184],[-59.68128,-51.42533],[-59.68308,-51.42491],[-59.67717,-51.42184]],[[-59.6863,-51.40967],[-59.72323,-51.42368],[-59.72907,-51.39476],[-59.71732,-51.38831],[-59.69606,-51.3916],[-59.68495,-51.39827],[-59.6863,-51.40967]],[[-59.99483,-51.37943],[-59.99355,-51.38205],[-59.99941,-51.38038],[-59.99483,-51.37943]],[[-59.95697,-51.37443],[-59.97581,-51.37843],[-59.96516,-51.37096],[-59.95697,-51.37443]],[[-59.90893,-51.36856],[-59.8981,-51.36232],[-59.89422,-51.36452],[-59.90592,-51.36934],[-59.90893,-51.36856]],[[-59.9065,-51.37402],[-59.89084,-51.36561],[-59.88512,-51.36731],[-59.88878,-51.37368],[-59.9065,-51.37402]],[[-59.85072,-51.36648],[-59.82412,-51.37113],[-59.87105,-51.37549],[-59.85072,-51.36648]],[[-59.76317,-51.37734],[-59.76107,-51.37227],[-59.75377,-51.37451],[-59.76184,-51.37838],[-59.76317,-51.37734]],[[-59.65997,-51.41319],[-59.65172,-51.41356],[-59.64847,-51.41742],[-59.65568,-51.42261],[-59.6618,-51.41684],[-59.65997,-51.41319]],[[-59.72274,-51.37285],[-59.71493,-51.37419],[-59.72121,-51.37475],[-59.72274,-51.37285]],[[-59.72384,-51.36218],[-59.72022,-51.36313],[-59.72335,-51.36391],[-59.72384,-51.36218]],[[-59.92878,-51.35591],[-59.95505,-51.35263],[-60.03819,-51.3153],[-60.02593,-51.29906],[-59.96924,-51.29002],[-59.96696,-51.28723],[-59.9571,-51.28203],[-59.95788,-51.28558],[-59.89873,-51.31265],[-59.94884,-51.31566],[-59.92878,-51.35591]],[[-59.73314,-51.30644],[-59.72828,-51.30176],[-59.72673,-51.30271],[-59.72563,-51.30742],[-59.73314,-51.30644]],[[-59.85591,-51.34974],[-59.83693,-51.34367],[-59.84027,-51.34767],[-59.85591,-51.34974]],[[-59.62995,-51.34358],[-59.62578,-51.33758],[-59.62541,-51.34462],[-59.63351,-51.34479],[-59.62995,-51.34358]],[[-60.20224,-51.40319],[-60.21152,-51.40767],[-60.21065,-51.4024],[-60.20006,-51.40188],[-60.20224,-51.40319]],[[-60.38013,-51.36432],[-60.37836,-51.37286],[-60.41266,-51.35748],[-60.40698,-51.35516],[-60.38275,-51.36011],[-60.38013,-51.36432]],[[-59.88625,-51.39952],[-59.89026,-51.39821],[-59.88533,-51.39855],[-59.88625,-51.39952]],[[-59.19311,-51.58426],[-59.19692,-51.58246],[-59.19509,-51.579],[-59.18476,-51.58677],[-59.18863,-51.59039],[-59.19311,-51.58426]],[[-59.2023,-51.58575],[-59.21882,-51.59178],[-59.21608,-51.58348],[-59.2043,-51.58378],[-59.2023,-51.58575]],[[-59.19062,-51.59427],[-59.18841,-51.59338],[-59.18733,-51.59516],[-59.19062,-51.59427]],[[-59.55446,-51.66823],[-59.53811,-51.65885],[-59.5571,-51.67134],[-59.55446,-51.66823]],[[-59.07023,-51.68008],[-59.06096,-51.68418],[-59.05906,-51.68862],[-59.07023,-51.68008]],[[-59.56195,-51.80684],[-59.63052,-51.79778],[-59.53538,-51.75655],[-59.55695,-51.7762],[-59.55606,-51.79018],[-59.55427,-51.79304],[-59.56195,-51.80684]],[[-59.63373,-51.78334],[-59.6604,-51.79929],[-59.66642,-51.79215],[-59.62594,-51.76866],[-59.63373,-51.78334]],[[-59.4773,-51.82074],[-59.48423,-51.8231],[-59.48061,-51.81814],[-59.4773,-51.82074]],[[-59.76131,-51.83919],[-59.7508,-51.82978],[-59.75129,-51.83408],[-59.75946,-51.84054],[-59.77652,-51.85199],[-59.76131,-51.83919]],[[-59.59842,-51.86255],[-59.58677,-51.85672],[-59.59653,-51.87368],[-59.61796,-51.86261],[-59.60671,-51.86103],[-59.59842,-51.86255]],[[-59.6327,-51.87711],[-59.62882,-51.88052],[-59.63152,-51.88861],[-59.63501,-51.88367],[-59.6327,-51.87711]],[[-59.65061,-51.87452],[-59.65225,-51.87733],[-59.65731,-51.87615],[-59.65061,-51.87452]],[[-59.65563,-51.91078],[-59.66271,-51.90896],[-59.65682,-51.9061],[-59.65563,-51.91078]],[[-59.65114,-51.91787],[-59.65095,-51.91318],[-59.63608,-51.92482],[-59.64629,-51.92951],[-59.65114,-51.91787]],[[-59.70839,-51.93677],[-59.69304,-51.93337],[-59.69181,-51.93898],[-59.70109,-51.95986],[-59.66595,-51.97323],[-59.6967,-51.99214],[-59.72417,-51.97479],[-59.70839,-51.93677]],[[-59.6817,-52.01567],[-59.67027,-52.01169],[-59.67924,-52.01931],[-59.66616,-52.01884],[-59.68526,-52.02826],[-59.6817,-52.01567]],[[-59.66027,-52.03037],[-59.65921,-52.03501],[-59.65929,-52.03755],[-59.66228,-52.03474],[-59.66027,-52.03037]],[[-59.85202,-52.02703],[-59.85154,-52.03587],[-59.86172,-52.03246],[-59.85202,-52.02703]],[[-59.71676,-52.04799],[-59.73336,-52.09491],[-59.74012,-52.07354],[-59.74273,-52.06521],[-59.73801,-52.06228],[-59.71676,-52.04799]],[[-59.74773,-52.106],[-59.74893,-52.10485],[-59.74309,-52.10304],[-59.74773,-52.106]],[[-59.85338,-52.12461],[-59.8469,-52.12682],[-59.84839,-52.13572],[-59.85338,-52.12461]],[[-60.42928,-52.20838],[-60.41459,-52.19999],[-60.43368,-52.21564],[-60.45837,-52.20541],[-60.42928,-52.20838]],[[-60.47014,-52.21761],[-60.47002,-52.21654],[-60.46913,-52.21755],[-60.47014,-52.21761]],[[-60.46895,-52.20516],[-60.46608,-52.21047],[-60.47163,-52.21178],[-60.46895,-52.20516]],[[-59.59834,-52.22803],[-59.58976,-52.22537],[-59.5868,-52.23],[-59.59398,-52.23138],[-59.59834,-52.22803]],[[-59.56095,-52.26966],[-59.55267,-52.26244],[-59.5548,-52.26804],[-59.53839,-52.26733],[-59.54834,-52.28245],[-59.56095,-52.26966]],[[-59.49249,-52.28763],[-59.48626,-52.28509],[-59.48893,-52.28826],[-59.49249,-52.28763]],[[-59.01236,-51.72531],[-59.01265,-51.72286],[-59.01139,-51.72476],[-59.01236,-51.72531]],[[-59.02125,-51.73412],[-59.02314,-51.73033],[-59.01756,-51.73139],[-59.02125,-51.73412]],[[-59.0175,-51.77827],[-59.01909,-51.77509],[-59.01496,-51.7768],[-59.0175,-51.77827]],[[-59.09265,-52.42393],[-59.0743,-52.41984],[-59.05823,-52.42487],[-59.03643,-52.43213],[-59.12365,-52.44946],[-59.15255,-52.43757],[-59.09265,-52.42393]],[[-58.89797,-52.44342],[-58.89012,-52.44102],[-58.89591,-52.44684],[-58.89797,-52.44342]],[[-58.99148,-52.44305],[-58.98247,-52.44275],[-58.98197,-52.44528],[-58.99148,-52.44305]],[[-59.18743,-52.91689],[-59.19111,-52.91725],[-59.19036,-52.91497],[-59.18723,-52.89144],[-59.17941,-52.9001],[-59.18424,-52.90597],[-59.1852,-52.90728],[-59.18743,-52.91689]],[[-64.13552,-54.64739],[-64.13052,-54.64864],[-64.13968,-54.6688],[-64.16241,-54.65066],[-64.13552,-54.64739]],[[-64.24402,-54.69934],[-64.23379,-54.70057],[-64.23436,-54.70243],[-64.23669,-54.70505],[-64.24312,-54.70372],[-64.24517,-54.70191],[-64.24402,-54.69934]],[[-64.34647,-54.72839],[-64.3401,-54.71392],[-64.33829,-54.72958],[-64.32149,-54.73605],[-64.25943,-54.73986],[-64.22498,-54.74395],[-64.15455,-54.76741],[-64.13737,-54.75818],[-64.14341,-54.75166],[-64.15117,-54.74423],[-64.16492,-54.74019],[-64.12526,-54.7281],[-64.10843,-54.76433],[-64.04728,-54.73036],[-64.04894,-54.77688],[-64.03413,-54.77534],[-63.98987,-54.73566],[-63.87631,-54.7168],[-63.87875,-54.75523],[-63.82593,-54.72061],[-63.79613,-54.7259],[-63.84568,-54.7892],[-63.8828,-54.77968],[-63.95341,-54.81335],[-63.9549,-54.76683],[-64.03449,-54.80799],[-64.0612,-54.77974],[-64.10986,-54.83328],[-64.12063,-54.81436],[-64.17964,-54.83893],[-64.20058,-54.8284],[-64.224,-54.85749],[-64.23468,-54.78196],[-64.26365,-54.80454],[-64.30613,-54.7881],[-64.32431,-54.82465],[-64.39442,-54.82733],[-64.44967,-54.87568],[-64.50131,-54.86231],[-64.44434,-54.83895],[-64.46614,-54.82343],[-64.53905,-54.88842],[-64.70424,-54.91546],[-64.64387,-54.88914],[-64.67146,-54.8449],[-64.74863,-54.85648],[-64.73784,-54.80451],[-64.67502,-54.8008],[-64.69541,-54.78281],[-64.64789,-54.77681],[-64.5865,-54.82081],[-64.55687,-54.79592],[-64.51142,-54.79806],[-64.54464,-54.72525],[-64.41243,-54.78273],[-64.42152,-54.75489],[-64.3914,-54.74914],[-64.37179,-54.81119],[-64.37332,-54.76522],[-64.37636,-54.75751],[-64.35699,-54.74666],[-64.34962,-54.73305],[-64.34647,-54.72839]],[[-64.09412,-54.74202],[-64.09691,-54.73952],[-64.09126,-54.74071],[-64.09412,-54.74202]],[[-64.10316,-54.74922],[-64.10149,-54.74535],[-64.09507,-54.74648],[-64.10316,-54.74922]],[[-64.16191,-54.8513],[-64.15061,-54.84636],[-64.15197,-54.84916],[-64.15376,-54.85279],[-64.16191,-54.8513]],[[-64.34986,-54.84444],[-64.35062,-54.84401],[-64.34948,-54.84396],[-64.34986,-54.84444]],[[-64.60662,-54.91444],[-64.60819,-54.91335],[-64.60543,-54.91344],[-64.60662,-54.91444]],[[-67.3747,-54.90361],[-67.39637,-54.90393],[-67.39498,-54.90294],[-67.3747,-54.90361]],[[-67.41656,-54.90397],[-67.41428,-54.91225],[-67.46207,-54.9016],[-67.48434,-54.91731],[-67.49583,-54.91218],[-67.51369,-54.91072],[-67.54033,-54.87979],[-67.5098,-54.8766],[-67.48425,-54.87929],[-67.4361,-54.89293],[-67.41272,-54.89403],[-67.42203,-54.89949],[-67.41656,-54.90397]],[[-67.43504,-54.88565],[-67.42838,-54.88484],[-67.42722,-54.88702],[-67.43076,-54.88574],[-67.43504,-54.88565]],[[-68.23288,-54.87037],[-68.26704,-54.86966],[-68.25021,-54.86592],[-68.2398,-54.86803],[-68.23288,-54.87037]],[[-68.45575,-54.86207],[-68.45067,-54.86296],[-68.4525,-54.8647],[-68.46009,-54.86527],[-68.45575,-54.86207]],[[-68.25751,-54.84669],[-68.24786,-54.84821],[-68.24966,-54.84948],[-68.25751,-54.84669]]],[[[-62.28089,-38.85274],[-62.28657,-38.85535],[-62.28407,-38.85571],[-62.28089,-38.85274]]],[[[-62.25647,-39.86421],[-62.24792,-39.86731],[-62.18978,-39.87304],[-62.25647,-39.86421]]],[[[-62.12764,-40.39733],[-62.12597,-40.39625],[-62.12974,-40.3964],[-62.12764,-40.39733]]],[[[-66.40295,-45.08868],[-66.40936,-45.08593],[-66.40807,-45.08838],[-66.40295,-45.08868]]],[[[-66.07204,-47.78166],[-66.08006,-47.78288],[-66.06937,-47.78287],[-66.07204,-47.78166]]],[[[-58.66102,-51.95529],[-58.6652,-51.94993],[-58.66342,-51.95291],[-58.66102,-51.95529]]],[[[-58.38483,-52.00633],[-58.37968,-52.00821],[-58.35082,-52.0174],[-58.38483,-52.00633]]],[[[-59.75124,-51.39518],[-59.75236,-51.40431],[-59.74325,-51.39411],[-59.75124,-51.39518]]],[[[-59.87463,-52.13549],[-59.86638,-52.1302],[-59.87065,-52.13271],[-59.87463,-52.13549]]],[[[-60.47693,-52.22808],[-60.46951,-52.22528],[-60.50013,-52.23423],[-60.47693,-52.22808]]],[[[-68.48198,-54.86271],[-68.4864,-54.86656],[-68.47971,-54.86084],[-68.48198,-54.86271]]]]},"properties":{"id":"ecoregiones_argentina.1","ecorregion":"Mar Argentino","hectareas":160402216}},{"type":"Feature","geometry":{"type":"MultiPolygon","coordinates":[[[[-65.2327,-23.01041],[-65.16044,-22.98371],[-65.14994,-22.59216],[-65.16688,-22.56351],[-65.16818,-22.34442],[-65.13493,-22.30952],[-65.13435,-22.08457],[-65.38578,-22.08807],[-65.38885,-22.79798],[-65.30918,-22.97605],[-65.2327,-23.01041]]],[[[-69.40122,-29.76234],[-69.53564,-29.5724],[-69.52653,-29.34917],[-69.49989,-29.31921],[-69.47478,-29.19038],[-69.54324,-29.08223],[-69.52174,-29.0099],[-69.46336,-29.01261],[-69.35432,-29.08829],[-69.28173,-29.03032],[-69.27822,-28.96228],[-69.41262,-28.83344],[-69.40572,-28.74637],[-69.3519,-28.6748],[-69.26337,-28.6172],[-68.94649,-28.52405],[-68.93507,-28.35572],[-68.76994,-28.39864],[-68.71958,-28.3327],[-68.71835,-28.23109],[-68.74065,-28.20553],[-68.72145,-27.92612],[-68.66107,-27.87947],[-68.58881,-27.8964],[-68.50948,-28.01625],[-68.50573,-28.08687],[-68.46738,-28.17845],[-68.44463,-28.18723],[-68.40665,-28.11854],[-68.40389,-28.05521],[-68.36549,-28.02479],[-68.34381,-27.83262],[-68.31081,-27.79849],[-68.30261,-27.66468],[-68.33554,-27.63423],[-68.3655,-27.4029],[-68.30218,-27.25685],[-68.22767,-27.21141],[-68.07255,-27.21499],[-68.02263,-27.19179],[-68.01543,-27.08902],[-67.98009,-27.05484],[-67.94595,-26.93449],[-67.89056,-26.89457],[-67.79813,-26.87066],[-67.58443,-26.94739],[-67.53602,-26.92161],[-67.53713,-26.90485],[-67.82976,-26.76378],[-67.87682,-26.70814],[-67.88499,-26.63864],[-67.84941,-26.5781],[-67.82597,-26.44201],[-67.60094,-26.12047],[-67.48389,-25.87643],[-67.39403,-25.8833],[-67.07548,-26.20193],[-67.0324,-26.28123],[-67.03684,-26.48103],[-67.27012,-27.01399],[-67.28033,-27.09047],[-67.25903,-27.09784],[-67.10942,-26.97347],[-66.99591,-26.82116],[-66.84864,-26.38295],[-66.78733,-26.35458],[-66.63991,-26.35771],[-66.58963,-26.39622],[-66.52838,-26.36894],[-66.65037,-26.09079],[-66.70201,-25.63339],[-66.68167,-25.30435],[-66.63765,-25.19443],[-66.53602,-25.11704],[-66.47416,-25.0981],[-66.50394,-24.98788],[-66.47231,-24.96045],[-66.39638,-25.02651],[-66.36748,-25.02658],[-66.32665,-24.98838],[-66.30455,-24.54314],[-66.24173,-24.53727],[-66.20515,-24.57443],[-66.0664,-24.57815],[-66.06242,-24.47041],[-66.15382,-24.34226],[-66.19694,-24.3458],[-66.30161,-24.40908],[-66.36697,-24.41013],[-66.57825,-24.30174],[-66.61772,-24.36143],[-66.62215,-24.46555],[-66.58963,-24.50159],[-66.56795,-24.62617],[-66.5741,-24.82484],[-66.83622,-25.18626],[-66.85757,-25.41713],[-66.93897,-25.54828],[-66.9921,-25.59101],[-67.08596,-25.75549],[-67.29472,-25.75259],[-67.32999,-25.71637],[-67.31602,-25.52623],[-67.27805,-25.42844],[-67.32465,-25.35143],[-67.35233,-25.35357],[-67.45087,-25.44478],[-67.53429,-25.57915],[-67.65771,-25.91642],[-67.92162,-26.27925],[-68.11938,-26.50017],[-68.20044,-26.49774],[-68.18881,-26.30414],[-68.15771,-26.27351],[-68.12219,-26.07067],[-68.02458,-25.86271],[-67.68856,-25.38361],[-67.59817,-25.3212],[-67.5816,-25.26154],[-67.4965,-25.18943],[-67.48942,-25.14882],[-67.52165,-25.09703],[-67.79734,-25.07839],[-67.92739,-24.90924],[-67.97197,-24.90746],[-67.98766,-25.22911],[-68.02501,-25.26091],[-68.13281,-25.2558],[-68.20061,-25.22251],[-68.26931,-25.09705],[-68.25576,-24.93096],[-68.1651,-24.84856],[-68.00509,-24.76464],[-67.93652,-24.48195],[-67.8817,-24.40008],[-67.56948,-24.30191],[-67.3028,-24.27451],[-67.31205,-24.53774],[-67.33591,-24.56745],[-67.35929,-24.79224],[-67.28276,-24.8719],[-67.22267,-24.89754],[-67.18018,-24.84522],[-67.15871,-24.50907],[-67.05806,-24.36139],[-66.9899,-24.33313],[-66.98174,-24.29128],[-67.0254,-24.19883],[-67.10958,-24.12523],[-67.14529,-24.03399],[-67.14043,-23.9263],[-67.07373,-23.89087],[-66.93263,-24.00312],[-66.82834,-24.19764],[-66.81597,-24.30423],[-66.79125,-24.31873],[-66.79579,-24.41925],[-66.73801,-24.37406],[-66.6945,-24.30364],[-66.68874,-24.20312],[-66.82099,-24.0684],[-66.91581,-23.83443],[-66.90363,-23.57714],[-66.83418,-23.47936],[-66.82803,-23.32616],[-66.85109,-23.28294],[-66.85418,-23.15842],[-66.80212,-23.112],[-66.74254,-23.10391],[-66.70645,-23.13281],[-66.64236,-23.26358],[-66.63248,-23.36897],[-66.60802,-23.40738],[-66.62599,-23.64195],[-66.65347,-23.68014],[-66.6712,-24.09307],[-66.53204,-24.1822],[-66.47829,-24.11294],[-66.39223,-24.12037],[-66.39603,-24.08086],[-66.36201,-24.04264],[-66.38142,-23.99111],[-66.31486,-23.94817],[-66.27679,-23.81177],[-66.28162,-23.63578],[-66.34263,-23.60932],[-66.38603,-23.78998],[-66.42514,-23.81622],[-66.39412,-23.88334],[-66.47001,-23.98847],[-66.56626,-23.95104],[-66.60126,-23.9138],[-66.59541,-23.77615],[-66.568,-23.75351],[-66.48623,-23.44611],[-66.39646,-23.36616],[-66.34071,-23.36748],[-66.26432,-23.42869],[-66.16057,-23.46355],[-66.05284,-23.42891],[-66.03848,-23.12242],[-66.06565,-23.09248],[-66.07591,-22.92366],[-66.10172,-22.87695],[-66.12728,-22.57161],[-66.16463,-22.53446],[-66.15673,-22.39078],[-66.1258,-22.36087],[-66.1167,-22.24473],[-66.14111,-22.22196],[-66.21058,-22.23746],[-66.25463,-22.4158],[-66.27194,-22.70553],[-66.24117,-22.81932],[-66.24158,-23.0492],[-66.32072,-23.14365],[-66.37907,-23.17464],[-66.52667,-23.17182],[-66.56668,-23.14056],[-66.60644,-23.059],[-66.64748,-22.43267],[-66.57627,-22.34313],[-66.54529,-22.20622],[-66.56642,-22.18315],[-66.62317,-22.19738],[-66.63825,-22.22549],[-66.68625,-22.20954],[-66.73928,-22.23846],[-66.78247,-22.43808],[-66.92856,-22.49223],[-66.97294,-22.54066],[-67.02725,-22.54088],[-67.01408,-22.65481],[-67.12775,-22.72211],[-67.1805,-22.81413],[-66.9905,-23.00001],[-67.32262,-24.03416],[-68.25989,-24.40233],[-68.30851,-24.4918],[-68.38787,-24.48416],[-68.43487,-24.60675],[-68.46792,-24.62366],[-68.49588,-24.60036],[-68.49263,-24.66538],[-68.54427,-24.72435],[-68.56875,-24.79413],[-68.5196,-24.87391],[-68.43259,-24.90587],[-68.40702,-25.03033],[-68.3782,-25.03245],[-68.34424,-25.11077],[-68.41022,-25.14526],[-68.45975,-25.12566],[-68.5072,-25.16835],[-68.50522,-25.22255],[-68.5485,-25.26219],[-68.52387,-25.37892],[-68.58988,-25.41443],[-68.58918,-25.4487],[-68.51483,-25.57406],[-68.54474,-25.63376],[-68.47734,-25.70164],[-68.38143,-26.17783],[-68.55836,-26.28737],[-68.58809,-26.49243],[-68.26246,-26.91843],[-68.28942,-26.92411],[-68.31876,-26.98164],[-68.29389,-27.03788],[-68.34664,-27.03345],[-68.42883,-27.06433],[-68.45082,-27.09549],[-68.4839,-27.05825],[-68.48162,-27.12858],[-68.55702,-27.11512],[-68.57532,-27.17763],[-68.63135,-27.16331],[-68.67016,-27.09909],[-68.77775,-27.09895],[-68.80678,-27.15266],[-68.84378,-27.1612],[-68.86756,-27.26264],[-68.80844,-27.30083],[-68.86985,-27.31795],[-68.88696,-27.3987],[-68.93034,-27.40952],[-68.9345,-27.44477],[-68.98032,-27.43191],[-68.9881,-27.45307],[-68.94859,-27.48819],[-68.94252,-27.52593],[-68.98763,-27.52379],[-68.97528,-27.56066],[-69.0533,-27.62019],[-69.04318,-27.69748],[-69.0894,-27.72196],[-69.12302,-27.90146],[-69.1733,-27.97143],[-69.23706,-27.96653],[-69.26911,-28.01127],[-69.26312,-28.04673],[-69.30136,-28.07132],[-69.30739,-28.12885],[-69.38178,-28.18179],[-69.39138,-28.22644],[-69.45627,-28.1836],[-69.52357,-28.32966],[-69.58276,-28.35244],[-69.59701,-28.39206],[-69.62456,-28.37818],[-69.64909,-28.39645],[-69.63259,-28.42991],[-69.6805,-28.47061],[-69.64986,-28.53766],[-69.66233,-28.58301],[-69.69497,-28.59645],[-69.73142,-28.68403],[-69.72925,-28.73745],[-69.6929,-28.7709],[-69.7657,-28.89879],[-69.75441,-28.98424],[-69.79364,-29.05106],[-69.7881,-29.13268],[-69.87612,-29.1389],[-69.95269,-29.18916],[-69.93815,-29.24992],[-70.01851,-29.32065],[-70.02128,-29.3844],[-69.96631,-29.41422],[-69.98187,-29.45223],[-69.94743,-29.49045],[-69.93953,-29.65442],[-69.87867,-29.72581],[-69.91485,-29.79271],[-69.87655,-29.86164],[-69.90872,-29.92857],[-69.89802,-29.95784],[-69.92604,-29.99919],[-69.91541,-30.02558],[-69.96487,-30.08545],[-69.93609,-30.12008],[-69.89965,-30.10622],[-69.81744,-30.12794],[-69.80944,-30.15478],[-69.82878,-30.16227],[-69.83504,-30.21994],[-69.8879,-30.22397],[-69.89842,-30.35567],[-70.02039,-30.3969],[-70.15467,-30.34667],[-70.1175,-30.43213],[-70.19482,-30.49163],[-70.17939,-30.51232],[-70.24664,-30.63421],[-70.24609,-30.72852],[-70.28797,-30.78669],[-70.27974,-30.83069],[-70.32282,-30.92803],[-70.29337,-30.96999],[-70.29777,-31.02016],[-70.2691,-31.04309],[-70.32165,-31.04349],[-70.36827,-31.10996],[-70.36056,-31.13571],[-70.40138,-31.16707],[-70.45638,-31.08427],[-70.49791,-31.1228],[-70.54716,-31.31485],[-70.52745,-31.36695],[-70.53197,-31.40774],[-70.56021,-31.41996],[-70.56738,-31.60013],[-70.50675,-31.65227],[-70.51294,-31.68978],[-70.46817,-31.69848],[-70.46044,-31.84387],[-70.37686,-31.88482],[-70.28005,-31.88409],[-70.20932,-31.96041],[-70.28903,-32.05203],[-70.36428,-32.02506],[-70.38823,-32.0454],[-70.33519,-32.07044],[-70.34166,-32.10864],[-70.30388,-32.13632],[-70.32305,-32.26705],[-70.21818,-32.33273],[-70.23665,-32.42929],[-70.13637,-32.48735],[-70.1261,-32.57663],[-70.1723,-32.62209],[-70.14656,-32.65243],[-70.14758,-32.72843],[-70.11036,-32.80291],[-69.98938,-32.89896],[-70.02738,-32.96988],[-70.021,-33.00851],[-70.09374,-33.05097],[-70.05173,-33.13455],[-70.0644,-33.20511],[-70.02591,-33.23651],[-70.03826,-33.2704],[-70.00602,-33.2856],[-70.00284,-33.32279],[-69.91586,-33.26677],[-69.91663,-33.24425],[-69.90433,-33.2729],[-69.79989,-33.28786],[-69.76929,-33.34229],[-69.78581,-33.39136],[-69.81551,-33.38988],[-69.79557,-33.42138],[-69.81952,-33.43009],[-69.83485,-33.51566],[-69.87218,-33.53947],[-69.88486,-33.68323],[-69.8646,-33.71678],[-69.90467,-33.77129],[-69.89915,-33.84708],[-69.85552,-33.8921],[-69.90618,-33.9633],[-69.85421,-33.96371],[-69.82142,-34.01519],[-69.85402,-34.05627],[-69.83407,-34.0882],[-69.87329,-34.13107],[-69.79664,-34.20998],[-69.8072,-34.24835],[-69.89698,-34.26586],[-69.90988,-34.29212],[-69.97244,-34.25001],[-70.03055,-34.28734],[-70.0123,-34.41195],[-70.12943,-34.48561],[-70.21698,-34.61074],[-70.21586,-34.68343],[-70.30626,-34.74733],[-70.30908,-34.7695],[-70.24819,-34.79887],[-70.27632,-34.87626],[-70.33113,-34.93648],[-70.33367,-34.98992],[-70.36378,-35.00602],[-70.37502,-35.17022],[-70.47209,-35.20391],[-70.53605,-35.1991],[-70.58369,-35.26716],[-70.56629,-35.29949],[-70.43189,-35.31829],[-70.41839,-35.35368],[-70.452,-35.39162],[-70.44653,-35.46323],[-70.36801,-35.52074],[-70.41356,-35.52849],[-70.3847,-35.60511],[-70.4238,-35.64106],[-70.3583,-35.74964],[-70.37874,-35.78785],[-70.31196,-35.81316],[-70.42197,-35.87659],[-70.42399,-35.91466],[-70.36477,-35.92419],[-70.423,-35.97202],[-70.37815,-35.98997],[-70.37033,-36.04102],[-70.41157,-36.05846],[-70.42202,-36.15684],[-70.49074,-36.17899],[-70.53368,-36.14199],[-70.5798,-36.14114],[-70.57091,-36.17555],[-70.63323,-36.21716],[-70.63211,-36.23901],[-70.7062,-36.27258],[-70.68485,-36.30475],[-70.71243,-36.34497],[-70.67928,-36.38997],[-70.71298,-36.42777],[-70.73942,-36.42981],[-70.74779,-36.40587],[-70.7909,-36.42875],[-70.81769,-36.39537],[-70.84917,-36.41867],[-70.88377,-36.39624],[-70.89388,-36.47127],[-70.95812,-36.50365],[-71.03692,-36.47555],[-71.05718,-36.61866],[-71.00695,-36.68366],[-71.06487,-36.71465],[-71.08589,-36.6782],[-71.11325,-36.67945],[-71.13194,-36.81467],[-71.18001,-36.84142],[-71.16237,-36.86147],[-71.13933,-36.85338],[-71.10774,-36.76749],[-71.04273,-36.77146],[-70.95077,-36.86366],[-70.87173,-36.81203],[-70.86231,-36.66322],[-70.81885,-36.63157],[-70.75226,-36.72855],[-70.70022,-36.70197],[-70.66731,-36.52541],[-70.64009,-36.49066],[-70.59886,-36.49346],[-70.52603,-36.58816],[-70.54062,-36.78577],[-70.57512,-36.84174],[-70.60738,-37.05655],[-70.5331,-37.13462],[-70.49528,-37.10026],[-70.4603,-36.78285],[-70.38965,-36.81891],[-70.32552,-36.91916],[-70.29146,-36.92159],[-70.26778,-36.84365],[-70.30627,-36.78853],[-70.29675,-36.64442],[-70.13812,-36.42081],[-69.89563,-36.23913],[-69.93448,-36.16144],[-70.08614,-36.07635],[-70.08251,-36.03468],[-70.02511,-36.00439],[-69.79549,-36.02741],[-69.75016,-36.00137],[-69.6607,-36.00534],[-69.54781,-35.84751],[-69.57838,-35.80958],[-69.52967,-35.76922],[-69.52243,-35.6715],[-69.4787,-35.64172],[-69.46818,-35.4999],[-69.49252,-35.45501],[-69.52866,-35.48023],[-69.58698,-35.47851],[-69.62496,-35.44632],[-69.71089,-35.44251],[-69.84899,-35.37011],[-69.85596,-35.33287],[-69.76125,-35.27018],[-69.41705,-35.32698],[-69.39693,-35.26425],[-69.41254,-35.21962],[-69.60815,-35.06823],[-69.74317,-34.90768],[-69.63045,-34.91588],[-69.39327,-35.03622],[-69.34438,-35.01249],[-69.27776,-34.68821],[-69.31567,-34.65971],[-69.34804,-34.52982],[-69.31622,-34.45544],[-69.37211,-34.44674],[-69.38699,-34.42244],[-69.25844,-34.26705],[-69.23991,-34.08358],[-69.27466,-34.05398],[-69.26976,-33.92629],[-69.33207,-33.7968],[-69.32091,-33.69316],[-69.27614,-33.64299],[-69.25744,-33.37349],[-69.09255,-33.38129],[-69.06905,-32.99475],[-69.0733,-32.99465],[-69.09634,-32.96421],[-69.17792,-32.94662],[-69.2268,-32.88802],[-69.50311,-32.78501],[-69.51348,-32.68914],[-69.46646,-32.60563],[-69.4334,-32.21825],[-69.47555,-32.18125],[-69.49936,-31.95837],[-69.54067,-31.86643],[-69.66196,-31.78294],[-69.64954,-31.64471],[-69.53837,-31.43757],[-69.49575,-31.03846],[-69.46278,-31.00948],[-69.41641,-30.52318],[-69.28115,-30.23506],[-69.28033,-30.12752],[-69.31477,-30.08842],[-69.3234,-29.93522],[-69.36591,-29.85288],[-69.3643,-29.80512],[-69.40122,-29.76234]]],[[[-65.7384,-26.74424],[-65.71559,-26.26431],[-65.68646,-26.23912],[-65.67096,-26.08949],[-65.60104,-25.99597],[-65.63686,-25.97332],[-65.70297,-26.00938],[-65.79269,-26.20102],[-65.80291,-26.4332],[-65.84797,-26.53498],[-65.85979,-26.66783],[-65.89307,-26.67623],[-65.86623,-26.84853],[-65.7384,-26.74424]]],[[[-66.16724,-27.42287],[-65.98624,-27.31288],[-65.8993,-27.16327],[-65.89675,-27.03164],[-65.85804,-26.9993],[-65.85542,-26.95382],[-65.88349,-26.92992],[-65.88351,-26.91436],[-65.93957,-26.912],[-66.00899,-27.06519],[-66.06381,-27.08312],[-66.08122,-27.13098],[-66.26748,-27.28271],[-66.34561,-27.43092],[-66.30134,-27.42264],[-66.16724,-27.42287]]],[[[-69.12929,-32.57028],[-69.10162,-32.46343],[-69.02378,-32.41155],[-69.01177,-32.21945],[-69.05315,-32.19575],[-69.04092,-31.99648],[-68.99581,-31.94617],[-68.97478,-31.72797],[-69.08025,-31.44941],[-69.21073,-31.3518],[-69.3403,-31.511],[-69.37231,-31.85667],[-69.34302,-31.89807],[-69.34945,-31.99827],[-69.38478,-32.04393],[-69.33048,-32.36319],[-69.24241,-32.57697],[-69.18537,-32.59994],[-69.12929,-32.57028]]]]},"properties":{"id":"ecoregiones_argentina.2","ecorregion":"Altos Andes","hectareas":12324133}},{"type":"Feature","geometry":{"type":"Polygon","coordinates":[[[-65.38578,-22.08807],[-65.57387,-22.0761],[-65.58935,-22.09866],[-65.74787,-22.10928],[-65.80483,-22.07525],[-65.92478,-21.93355],[-66.04817,-21.91902],[-66.04328,-21.87194],[-66.07631,-21.83498],[-66.22174,-21.78113],[-66.24284,-21.79405],[-66.23593,-21.85232],[-66.28348,-21.98357],[-66.28821,-22.08637],[-66.32535,-22.08845],[-66.34792,-22.12818],[-66.56642,-22.18315],[-66.54529,-22.20622],[-66.57627,-22.34313],[-66.64748,-22.43267],[-66.60644,-23.059],[-66.56668,-23.14056],[-66.52667,-23.17182],[-66.37907,-23.17464],[-66.32072,-23.14365],[-66.24158,-23.0492],[-66.24117,-22.81932],[-66.27194,-22.70553],[-66.25463,-22.4158],[-66.21058,-22.23746],[-66.14111,-22.22196],[-66.1167,-22.24473],[-66.1258,-22.36087],[-66.15673,-22.39078],[-66.16463,-22.53446],[-66.12728,-22.57161],[-66.10172,-22.87695],[-66.07591,-22.92366],[-66.06565,-23.09248],[-66.03848,-23.12242],[-66.05284,-23.42891],[-66.16057,-23.46355],[-66.26432,-23.42869],[-66.34071,-23.36748],[-66.39646,-23.36616],[-66.48623,-23.44611],[-66.568,-23.75351],[-66.59541,-23.77615],[-66.60126,-23.9138],[-66.56626,-23.95104],[-66.47001,-23.98847],[-66.39412,-23.88334],[-66.42514,-23.81622],[-66.38603,-23.78998],[-66.34263,-23.60932],[-66.28162,-23.63578],[-66.27679,-23.81177],[-66.31486,-23.94817],[-66.38142,-23.99111],[-66.36201,-24.04264],[-66.39603,-24.08086],[-66.39223,-24.12037],[-66.47829,-24.11294],[-66.53204,-24.1822],[-66.6712,-24.09307],[-66.65347,-23.68014],[-66.62599,-23.64195],[-66.60802,-23.40738],[-66.63248,-23.36897],[-66.64236,-23.26358],[-66.70645,-23.13281],[-66.74254,-23.10391],[-66.80212,-23.112],[-66.85418,-23.15842],[-66.85109,-23.28294],[-66.82803,-23.32616],[-66.83418,-23.47936],[-66.90363,-23.57714],[-66.91581,-23.83443],[-66.82099,-24.0684],[-66.68874,-24.20312],[-66.6945,-24.30364],[-66.73801,-24.37406],[-66.79579,-24.41925],[-66.79125,-24.31873],[-66.81597,-24.30423],[-66.82834,-24.19764],[-66.93263,-24.00312],[-67.07373,-23.89087],[-67.14043,-23.9263],[-67.14529,-24.03399],[-67.10958,-24.12523],[-67.0254,-24.19883],[-66.98174,-24.29128],[-66.9899,-24.33313],[-67.05806,-24.36139],[-67.15871,-24.50907],[-67.18018,-24.84522],[-67.22267,-24.89754],[-67.28276,-24.8719],[-67.35929,-24.79224],[-67.33591,-24.56745],[-67.31205,-24.53774],[-67.3028,-24.27451],[-67.56948,-24.30191],[-67.8817,-24.40008],[-67.93652,-24.48195],[-68.00509,-24.76464],[-68.1651,-24.84856],[-68.25576,-24.93096],[-68.26931,-25.09705],[-68.20061,-25.22251],[-68.13281,-25.2558],[-68.02501,-25.26091],[-67.98766,-25.22911],[-67.97197,-24.90746],[-67.92739,-24.90924],[-67.79734,-25.07839],[-67.52165,-25.09703],[-67.48942,-25.14882],[-67.4965,-25.18943],[-67.5816,-25.26154],[-67.59817,-25.3212],[-67.68856,-25.38361],[-68.02458,-25.86271],[-68.12219,-26.07067],[-68.15771,-26.27351],[-68.18881,-26.30414],[-68.20044,-26.49774],[-68.11938,-26.50017],[-67.92162,-26.27925],[-67.65771,-25.91642],[-67.53429,-25.57915],[-67.45087,-25.44478],[-67.35233,-25.35357],[-67.32465,-25.35143],[-67.27805,-25.42844],[-67.31602,-25.52623],[-67.32999,-25.71637],[-67.29472,-25.75259],[-67.08596,-25.75549],[-66.9921,-25.59101],[-66.93897,-25.54828],[-66.85757,-25.41713],[-66.83622,-25.18626],[-66.5741,-24.82484],[-66.56795,-24.62617],[-66.58963,-24.50159],[-66.62215,-24.46555],[-66.61772,-24.36143],[-66.57825,-24.30174],[-66.36697,-24.41013],[-66.30161,-24.40908],[-66.19694,-24.3458],[-66.15382,-24.34226],[-66.06242,-24.47041],[-66.0664,-24.57815],[-66.20515,-24.57443],[-66.24173,-24.53727],[-66.30455,-24.54314],[-66.32665,-24.98838],[-66.36748,-25.02658],[-66.39638,-25.02651],[-66.47231,-24.96045],[-66.50394,-24.98788],[-66.47416,-25.0981],[-66.53602,-25.11704],[-66.63765,-25.19443],[-66.68167,-25.30435],[-66.70201,-25.63339],[-66.65037,-26.09079],[-66.52838,-26.36894],[-66.58963,-26.39622],[-66.63991,-26.35771],[-66.78733,-26.35458],[-66.84864,-26.38295],[-66.99591,-26.82116],[-67.10942,-26.97347],[-67.25903,-27.09784],[-67.28033,-27.09047],[-67.27012,-27.01399],[-67.03684,-26.48103],[-67.0324,-26.28123],[-67.07548,-26.20193],[-67.39403,-25.8833],[-67.48389,-25.87643],[-67.60094,-26.12047],[-67.82597,-26.44201],[-67.84941,-26.5781],[-67.88499,-26.63864],[-67.87682,-26.70814],[-67.82976,-26.76378],[-67.53713,-26.90485],[-67.53602,-26.92161],[-67.58443,-26.94739],[-67.79813,-26.87066],[-67.89056,-26.89457],[-67.94595,-26.93449],[-67.98009,-27.05484],[-68.01543,-27.08902],[-68.02263,-27.19179],[-68.07255,-27.21499],[-68.22767,-27.21141],[-68.30218,-27.25685],[-68.3655,-27.4029],[-68.33554,-27.63423],[-68.30261,-27.66468],[-68.31081,-27.79849],[-68.34381,-27.83262],[-68.36549,-28.02479],[-68.40389,-28.05521],[-68.40665,-28.11854],[-68.44463,-28.18723],[-68.46738,-28.17845],[-68.50573,-28.08687],[-68.50948,-28.01625],[-68.58881,-27.8964],[-68.66107,-27.87947],[-68.72145,-27.92612],[-68.74065,-28.20553],[-68.71835,-28.23109],[-68.71958,-28.3327],[-68.76994,-28.39864],[-68.93507,-28.35572],[-68.94649,-28.52405],[-69.26337,-28.6172],[-69.3519,-28.6748],[-69.40572,-28.74637],[-69.41262,-28.83344],[-69.27822,-28.96228],[-69.28173,-29.03032],[-69.35432,-29.08829],[-69.46336,-29.01261],[-69.52174,-29.0099],[-69.54324,-29.08223],[-69.47478,-29.19038],[-69.49989,-29.31921],[-69.52653,-29.34917],[-69.53564,-29.5724],[-69.40122,-29.76234],[-69.38109,-29.48799],[-69.34286,-29.44712],[-69.34721,-29.37172],[-69.30988,-29.31409],[-69.23257,-29.41399],[-69.1787,-29.78581],[-69.12687,-29.88147],[-69.09946,-30.01479],[-69.03432,-30.08564],[-68.91373,-30.09793],[-68.87331,-30.22075],[-68.87576,-30.25775],[-68.96331,-30.28448],[-69.03378,-30.33665],[-69.07033,-30.40392],[-69.09142,-30.54804],[-69.16971,-30.66208],[-69.2337,-30.92222],[-69.26091,-30.94782],[-69.28702,-31.2232],[-69.20687,-31.27901],[-69.1488,-31.29],[-69.08118,-31.3502],[-68.89222,-31.36417],[-68.86792,-31.20575],[-68.89751,-31.17282],[-68.88609,-30.97946],[-68.85016,-30.93723],[-68.84453,-30.84053],[-68.8709,-30.79573],[-68.85363,-30.58574],[-68.78923,-30.55606],[-68.72025,-30.55872],[-68.70238,-30.46226],[-68.73989,-30.42204],[-68.73167,-30.27518],[-68.68305,-30.20924],[-68.68044,-30.16387],[-68.72067,-30.12598],[-68.70361,-30.0044],[-68.66949,-29.96086],[-68.66091,-29.84508],[-68.69271,-29.80379],[-68.68669,-29.62937],[-68.7134,-29.60491],[-68.71374,-29.51525],[-68.87044,-29.64345],[-68.90356,-29.60567],[-68.99213,-29.59414],[-68.98835,-29.55836],[-69.04383,-29.49375],[-69.02264,-29.23962],[-68.96601,-29.07114],[-68.91722,-29.07819],[-68.78349,-28.91246],[-68.77571,-28.82415],[-68.80996,-28.78518],[-68.80679,-28.66689],[-68.66774,-28.42101],[-68.52164,-28.24801],[-68.08288,-28.25541],[-67.97045,-28.23794],[-67.95336,-28.11499],[-67.88416,-28.01429],[-67.86021,-27.55889],[-67.89932,-27.49137],[-67.87674,-27.26679],[-67.8494,-27.23247],[-67.83852,-27.1405],[-67.76749,-27.04451],[-67.66055,-27.04103],[-67.57952,-27.07426],[-67.48448,-27.16383],[-67.34212,-27.44881],[-67.30685,-27.41565],[-67.26135,-27.42205],[-67.06419,-27.13295],[-66.99275,-27.07006],[-66.88062,-26.74414],[-66.66574,-26.69146],[-66.59678,-26.49432],[-66.54991,-26.42749],[-66.40636,-26.42678],[-66.27998,-26.37921],[-66.24414,-26.39723],[-66.21491,-26.39967],[-66.14964,-26.26931],[-66.14684,-26.1604],[-66.21245,-25.77255],[-66.24148,-25.74618],[-66.35094,-25.67295],[-66.3779,-25.42513],[-66.43939,-25.30048],[-66.44307,-25.22507],[-66.37182,-25.16063],[-66.32447,-25.15715],[-66.25333,-25.09983],[-66.24339,-24.71682],[-66.16597,-24.64271],[-66.10054,-24.70621],[-65.96944,-24.97676],[-65.84954,-25.30226],[-65.7613,-25.3165],[-65.71531,-25.27453],[-65.71414,-25.21349],[-65.77086,-25.13459],[-65.80002,-24.99099],[-65.88148,-24.94919],[-65.88686,-24.80914],[-65.95116,-24.71581],[-65.95117,-24.6811],[-65.89877,-24.67987],[-65.87917,-24.62958],[-65.91587,-24.58053],[-65.89513,-24.32914],[-65.86001,-24.19623],[-65.78845,-24.06207],[-65.7375,-24.11227],[-65.72175,-24.16133],[-65.69592,-24.59581],[-65.65633,-24.64385],[-65.59512,-24.59677],[-65.58086,-24.55244],[-65.52087,-24.496],[-65.51975,-24.44692],[-65.43379,-24.37001],[-65.42988,-24.07672],[-65.53739,-23.90709],[-65.53648,-23.79935],[-65.43202,-23.58471],[-65.37641,-23.53302],[-65.37984,-23.35585],[-65.41367,-23.32845],[-65.409,-23.2123],[-65.3588,-23.14746],[-65.2762,-23.09921],[-65.2624,-23.25598],[-65.23246,-23.27978],[-65.24011,-23.52882],[-65.27243,-23.55412],[-65.32701,-23.79977],[-65.37865,-23.88499],[-65.20755,-23.7621],[-65.12733,-23.50309],[-65.07823,-23.47049],[-65.03151,-23.4714],[-64.97024,-23.50692],[-64.87576,-23.47395],[-64.82978,-23.39101],[-64.82951,-23.12526],[-64.87553,-23.03821],[-65.02029,-22.87396],[-65.03328,-22.68129],[-64.85307,-22.47658],[-64.84363,-22.37236],[-64.95537,-22.23304],[-64.94789,-22.20066],[-64.91843,-22.1861],[-64.90484,-22.11982],[-64.99337,-22.08243],[-65.13435,-22.08457],[-65.13493,-22.30952],[-65.16818,-22.34442],[-65.16688,-22.56351],[-65.14994,-22.59216],[-65.16044,-22.98371],[-65.2327,-23.01041],[-65.30918,-22.97605],[-65.38885,-22.79798],[-65.38578,-22.08807]]]},"properties":{"id":"ecoregiones_argentina.3","ecorregion":"Puna","hectareas":9303201}},{"type":"Feature","geometry":{"type":"Polygon","coordinates":[[[-55.27477,-27.93227],[-55.1972,-27.85713],[-55.13438,-27.89615],[-55.10849,-27.84742],[-55.02916,-27.85394],[-55.02502,-27.83257],[-55.08394,-27.78597],[-55.05593,-27.77005],[-55.00828,-27.79762],[-54.98549,-27.77153],[-54.93624,-27.77187],[-54.90281,-27.72102],[-54.90505,-27.63865],[-54.8468,-27.62028],[-54.81287,-27.53262],[-54.77447,-27.58511],[-54.74296,-27.56227],[-54.68367,-27.57497],[-54.67791,-27.51025],[-54.62228,-27.54204],[-54.58166,-27.45341],[-54.53019,-27.50656],[-54.50428,-27.48183],[-54.44635,-27.47415],[-54.46987,-27.42772],[-54.41316,-27.40652],[-54.35334,-27.46627],[-54.33442,-27.45313],[-54.33828,-27.40304],[-54.27852,-27.44561],[-54.26279,-27.39876],[-54.21475,-27.38352],[-54.17699,-27.25767],[-54.15725,-27.26184],[-54.15412,-27.29688],[-54.08446,-27.29978],[-54.02005,-27.24676],[-54.00843,-27.19929],[-53.96075,-27.19613],[-53.95181,-27.15283],[-53.91063,-27.17681],[-53.8734,-27.12593],[-53.8367,-27.16966],[-53.82793,-27.14575],[-53.79887,-27.14644],[-53.82469,-27.13236],[-53.80444,-27.12267],[-53.81864,-27.10216],[-53.77635,-27.10343],[-53.8054,-27.07861],[-53.7717,-27.07363],[-53.80218,-27.04009],[-53.76006,-27.0651],[-53.78557,-27.02635],[-53.764,-27.04536],[-53.74725,-27.03218],[-53.76352,-27.00839],[-53.74033,-27.0146],[-53.74357,-26.99197],[-53.71785,-26.99019],[-53.73696,-26.9743],[-53.70318,-26.96018],[-53.70856,-26.93375],[-53.67236,-26.94522],[-53.69686,-26.92922],[-53.67089,-26.89467],[-53.69561,-26.88689],[-53.67997,-26.86973],[-53.69675,-26.85982],[-53.66017,-26.8584],[-53.69429,-26.84757],[-53.71053,-26.8128],[-53.69928,-26.76879],[-53.74363,-26.76377],[-53.71395,-26.75234],[-53.75795,-26.72029],[-53.73444,-26.71702],[-53.74347,-26.68153],[-53.71737,-26.68469],[-53.72009,-26.65095],[-53.75953,-26.64114],[-53.73983,-26.64408],[-53.70754,-26.56092],[-53.73593,-26.56661],[-53.74175,-26.54461],[-53.71686,-26.52766],[-53.72949,-26.50148],[-53.70521,-26.509],[-53.69595,-26.49044],[-53.71534,-26.47112],[-53.68733,-26.43085],[-53.71005,-26.38796],[-53.64237,-26.28416],[-53.64127,-26.21388],[-53.74429,-26.11624],[-53.73728,-26.04143],[-53.83678,-25.9701],[-53.81958,-25.89844],[-53.8499,-25.88377],[-53.82336,-25.87208],[-53.85008,-25.8396],[-53.82212,-25.79333],[-53.85714,-25.76611],[-53.83604,-25.74904],[-53.86634,-25.74424],[-53.8793,-25.70779],[-53.84255,-25.68729],[-53.86238,-25.65867],[-53.88999,-25.66128],[-53.89259,-25.62229],[-53.91218,-25.63632],[-53.91663,-25.61622],[-53.94785,-25.61147],[-53.95582,-25.64647],[-54.00948,-25.5676],[-54.04908,-25.58537],[-54.0753,-25.55827],[-54.10198,-25.61712],[-54.12373,-25.56696],[-54.09952,-25.49504],[-54.16405,-25.54226],[-54.20535,-25.54009],[-54.17878,-25.58489],[-54.23056,-25.56301],[-54.25052,-25.59772],[-54.28842,-25.55573],[-54.34734,-25.60606],[-54.38448,-25.59752],[-54.42892,-25.69406],[-54.49472,-25.61711],[-54.52645,-25.62901],[-54.55125,-25.58913],[-54.59334,-25.59326],[-54.58367,-25.66626],[-54.64043,-25.66006],[-54.65805,-25.67813],[-54.58691,-25.82949],[-54.62201,-25.9124],[-54.60755,-25.96912],[-54.66741,-25.9815],[-54.67969,-26.00356],[-54.64311,-26.09361],[-54.67252,-26.15628],[-54.61802,-26.21425],[-54.67858,-26.26254],[-54.64757,-26.31147],[-54.69664,-26.37771],[-54.70635,-26.44913],[-54.80054,-26.53611],[-54.78857,-26.63351],[-54.82087,-26.67332],[-54.87389,-26.65534],[-54.94216,-26.68238],[-54.95626,-26.78136],[-55.05754,-26.79898],[-55.14157,-26.86633],[-55.13775,-26.95122],[-55.20312,-26.96988],[-55.25705,-26.9377],[-55.30666,-26.96388],[-55.37574,-26.96617],[-55.44574,-27.02538],[-55.45555,-27.10626],[-55.5628,-27.10275],[-55.56112,-27.16095],[-55.60773,-27.1613],[-55.61886,-27.19058],[-55.57469,-27.24746],[-55.60239,-27.28462],[-55.58725,-27.32559],[-55.66126,-27.37022],[-55.61124,-27.47885],[-55.64286,-27.5239],[-55.62946,-27.70663],[-55.58728,-27.78521],[-55.27477,-27.93227]]]},"properties":{"id":"ecoregiones_argentina.4","ecorregion":"Selva Paranense","hectareas":2717235}},{"type":"Feature","geometry":{"type":"MultiPolygon","coordinates":[[[[-66.24414,-26.39723],[-66.23373,-26.50734],[-66.1779,-26.52657],[-66.13942,-26.60799],[-66.11666,-26.48116],[-66.0794,-26.43691],[-66.04874,-26.22868],[-66.07786,-26.12216],[-66.07643,-25.97017],[-66.11869,-25.86123],[-66.21245,-25.77255],[-66.14684,-26.1604],[-66.14964,-26.26931],[-66.21491,-26.39967],[-66.24414,-26.39723]]],[[[-66.29855,-28.84521],[-66.06337,-28.64335],[-65.90763,-28.39688],[-65.91038,-28.34782],[-66.01313,-28.13609],[-65.91071,-27.94821],[-65.84999,-28.01516],[-65.74706,-28.21362],[-65.60883,-28.34131],[-65.54328,-28.49065],[-65.54972,-28.56963],[-65.61972,-28.69905],[-65.63457,-29.10703],[-65.5759,-29.13318],[-65.5517,-28.74072],[-65.46708,-28.56455],[-65.46484,-28.47242],[-65.50012,-28.45461],[-65.50727,-28.37328],[-65.54935,-28.33873],[-65.60857,-28.04221],[-65.76691,-27.78054],[-65.81025,-27.6095],[-65.66897,-27.24309],[-65.60362,-27.17352],[-65.06407,-26.89934],[-64.8111,-26.71557],[-64.71811,-26.57118],[-64.70386,-26.41789],[-64.8542,-26.26601],[-64.81634,-26.20348],[-64.80872,-26.03948],[-64.8381,-26.01578],[-64.83356,-25.93796],[-64.80492,-25.89106],[-64.90718,-25.84879],[-64.94006,-25.86937],[-64.95994,-26.01551],[-65.02941,-26.10336],[-65.08764,-26.28443],[-65.14146,-26.36734],[-65.15789,-26.6642],[-65.26272,-26.72462],[-65.34135,-26.72141],[-65.54589,-26.55588],[-65.54414,-26.32491],[-65.17057,-26.0085],[-65.01837,-25.67605],[-64.93746,-25.41699],[-64.96802,-25.38728],[-64.96859,-25.32027],[-65.01126,-25.25354],[-65.05074,-25.2538],[-65.2272,-25.44513],[-65.26571,-25.61408],[-65.23117,-25.64861],[-65.23753,-25.68574],[-65.30705,-25.76986],[-65.34431,-25.72456],[-65.33642,-25.47798],[-65.37071,-25.47693],[-65.62578,-25.7076],[-65.63686,-25.97332],[-65.60104,-25.99597],[-65.67096,-26.08949],[-65.68646,-26.23912],[-65.71559,-26.26431],[-65.7384,-26.74424],[-65.8849,-26.86291],[-65.88349,-26.92992],[-65.85542,-26.95382],[-65.85804,-26.9993],[-65.89675,-27.03164],[-65.8993,-27.16327],[-65.98624,-27.31288],[-66.16724,-27.42287],[-66.30134,-27.42264],[-66.49055,-27.45561],[-66.50806,-27.47349],[-66.27352,-27.5615],[-66.18117,-27.74113],[-66.06692,-27.80943],[-66.08195,-28.1241],[-66.02801,-28.26171],[-66.02264,-28.44835],[-66.14066,-28.64089],[-66.40601,-28.83207],[-66.29855,-28.84521]]],[[[-64.68327,-25.16122],[-64.67613,-25.09175],[-64.75792,-25.06134],[-64.77834,-25.12135],[-64.75522,-25.19775],[-64.7091,-25.20573],[-64.68327,-25.16122]]],[[[-64.71136,-24.99034],[-64.6752,-24.93377],[-64.5797,-24.90656],[-64.44971,-24.70302],[-64.21609,-24.64299],[-64.03168,-24.46359],[-63.98749,-24.36489],[-63.97995,-24.09795],[-64.04259,-24.00782],[-64.04224,-23.94439],[-64.12116,-23.79938],[-64.25589,-23.74112],[-64.51849,-23.85876],[-64.56959,-23.94542],[-64.57936,-24.35723],[-64.54641,-24.38325],[-64.54598,-24.42035],[-64.77125,-24.71296],[-64.81412,-24.81765],[-64.81664,-24.96608],[-64.75294,-25.03377],[-64.71136,-24.99034]]],[[[-63.594,-22.148],[-63.57211,-21.99937],[-63.66527,-21.99934],[-63.68378,-22.05477],[-63.709,-21.99936],[-63.94418,-22.00929],[-63.95807,-22.08577],[-63.97961,-22.081],[-64.00004,-22.10768],[-64.03352,-22.24278],[-64.06241,-22.23838],[-64.09509,-22.30877],[-64.11552,-22.40561],[-64.13818,-22.40704],[-64.16307,-22.46893],[-64.24169,-22.55773],[-64.23919,-22.62297],[-64.26459,-22.65016],[-64.24229,-22.66605],[-64.26095,-22.67514],[-64.26397,-22.74124],[-64.28361,-22.75128],[-64.26534,-22.76666],[-64.31576,-22.88283],[-64.34086,-22.86158],[-64.32673,-22.83767],[-64.34433,-22.7394],[-64.40321,-22.7187],[-64.39473,-22.68568],[-64.44135,-22.63879],[-64.42399,-22.63436],[-64.41208,-22.53838],[-64.48328,-22.4802],[-64.4921,-22.43595],[-64.52472,-22.44146],[-64.51285,-22.41254],[-64.56621,-22.37104],[-64.53898,-22.28199],[-64.63904,-22.19371],[-64.73685,-22.1939],[-64.86168,-22.122],[-64.90484,-22.11982],[-64.91843,-22.1861],[-64.94789,-22.20066],[-64.95537,-22.23304],[-64.84363,-22.37236],[-64.85307,-22.47658],[-65.03328,-22.68129],[-65.02029,-22.87396],[-64.87553,-23.03821],[-64.82951,-23.12526],[-64.82978,-23.39101],[-64.87576,-23.47395],[-64.97024,-23.50692],[-65.03151,-23.4714],[-65.07823,-23.47049],[-65.12733,-23.50309],[-65.20755,-23.7621],[-65.37865,-23.88499],[-65.464,-24.02297],[-65.42988,-24.07672],[-65.43379,-24.37001],[-65.51975,-24.44692],[-65.52087,-24.496],[-65.58086,-24.55244],[-65.59512,-24.59677],[-65.65913,-24.64601],[-65.78342,-24.72045],[-65.88686,-24.80914],[-65.88148,-24.94919],[-65.80002,-24.99099],[-65.77086,-25.13459],[-65.71414,-25.21349],[-65.71531,-25.27453],[-65.7613,-25.3165],[-65.69653,-25.41812],[-65.54185,-25.19629],[-65.59968,-24.80745],[-65.52406,-24.69232],[-65.40661,-24.59375],[-65.34638,-24.59589],[-65.34719,-24.69166],[-65.38634,-24.72414],[-65.38734,-24.78639],[-65.32138,-24.86151],[-65.32143,-25.09132],[-65.25551,-25.12571],[-65.16533,-25.04743],[-65.0304,-24.82878],[-65.09425,-24.70471],[-65.08946,-24.64244],[-65.06091,-24.60755],[-65.06414,-24.52618],[-65.08651,-24.50836],[-65.11877,-24.38287],[-65.26486,-24.20529],[-65.25881,-24.12387],[-65.08672,-24.11336],[-64.98923,-24.07324],[-64.71037,-23.79944],[-64.68162,-23.81237],[-64.5491,-23.67952],[-64.49458,-23.67421],[-64.31424,-23.44854],[-64.28407,-23.37401],[-64.21225,-23.31575],[-64.14098,-23.31612],[-64.06257,-23.27209],[-64.02626,-23.18667],[-63.93457,-23.08736],[-63.64676,-22.21937],[-63.594,-22.148]]]]},"properties":{"id":"ecoregiones_argentina.5","ecorregion":"Yungas","hectareas":4780677}},{"type":"Feature","geometry":{"type":"MultiPolygon","coordinates":[[[[-35.77142,-54.80694],[-35.80989,-54.80425],[-35.80438,-54.82408],[-35.77142,-54.80694]]],[[[-37.07644,-54.47459],[-37.12326,-54.48191],[-37.07853,-54.49956],[-37.09802,-54.51435],[-37.02246,-54.49869],[-37.07644,-54.47459]]],[[[-37.71608,-53.99232],[-37.74085,-53.98375],[-37.72829,-54.00845],[-37.82823,-54.02154],[-37.87739,-54.00117],[-37.96914,-54.02468],[-38.00874,-54.00931],[-37.99779,-54.03282],[-38.04767,-54.06813],[-37.99575,-54.07212],[-37.95168,-54.04015],[-37.88477,-54.06265],[-37.82195,-54.03558],[-37.80453,-54.06104],[-37.69969,-54.03505],[-37.6611,-54.05285],[-37.61322,-54.04419],[-37.73324,-54.10996],[-37.63802,-54.11743],[-37.7321,-54.13813],[-37.67142,-54.15779],[-37.69394,-54.17773],[-37.62955,-54.19134],[-37.54331,-54.17054],[-37.58134,-54.15212],[-37.56088,-54.13547],[-37.48026,-54.12685],[-37.4074,-54.1525],[-37.23141,-54.14932],[-37.22513,-54.16669],[-37.41582,-54.18696],[-37.30627,-54.23031],[-37.41813,-54.25123],[-37.42084,-54.27659],[-37.38786,-54.25532],[-37.34941,-54.26874],[-37.3635,-54.2834],[-37.30344,-54.27478],[-37.22094,-54.23898],[-37.20408,-54.26665],[-37.08658,-54.28107],[-37.10928,-54.32471],[-37.05717,-54.32523],[-37.01348,-54.36016],[-36.94876,-54.35959],[-36.91611,-54.33494],[-36.85358,-54.35492],[-36.90318,-54.37275],[-36.78352,-54.41394],[-36.81795,-54.45841],[-36.65437,-54.48297],[-36.64139,-54.51795],[-36.49988,-54.508],[-36.5198,-54.51953],[-36.46459,-54.53185],[-36.49947,-54.56892],[-36.42353,-54.58888],[-36.35503,-54.65483],[-36.30706,-54.70623],[-36.31246,-54.74701],[-36.25612,-54.7698],[-36.26559,-54.79653],[-36.21354,-54.80353],[-36.134,-54.86326],[-36.10578,-54.85631],[-36.13175,-54.87383],[-36.10721,-54.90035],[-36.07674,-54.8728],[-36.05197,-54.88242],[-36.04258,-54.85447],[-36.01436,-54.88366],[-36.02879,-54.85359],[-35.98188,-54.8818],[-35.97792,-54.85585],[-35.93745,-54.85731],[-35.9657,-54.83365],[-36.04801,-54.83479],[-35.9951,-54.82556],[-36.06664,-54.81954],[-36.03596,-54.81196],[-36.12481,-54.78537],[-36.11943,-54.75161],[-35.97657,-54.81381],[-35.93939,-54.80995],[-35.95147,-54.7918],[-35.91419,-54.81522],[-35.89551,-54.78373],[-35.88729,-54.80372],[-35.8824,-54.78545],[-35.84238,-54.80054],[-35.79399,-54.77783],[-35.79175,-54.76119],[-35.83429,-54.76403],[-35.97162,-54.70401],[-35.91617,-54.6975],[-35.96444,-54.62273],[-35.90216,-54.59317],[-35.89364,-54.54527],[-35.9902,-54.59731],[-36.02319,-54.56523],[-36.09112,-54.57504],[-36.11241,-54.54738],[-36.08715,-54.51995],[-36.00881,-54.50474],[-36.056,-54.47259],[-36.17701,-54.44962],[-36.15746,-54.37449],[-36.26417,-54.39099],[-36.20778,-54.34894],[-36.26786,-54.33904],[-36.23954,-54.33267],[-36.25083,-54.28727],[-36.29862,-54.30076],[-36.29484,-54.26937],[-36.40015,-54.244],[-36.33068,-54.34972],[-36.34803,-54.37426],[-36.44405,-54.31441],[-36.48486,-54.36242],[-36.52188,-54.35581],[-36.47766,-54.3062],[-36.50754,-54.28306],[-36.46809,-54.26474],[-36.48813,-54.23887],[-36.69875,-54.301],[-36.65129,-54.27175],[-36.69888,-54.23346],[-36.64367,-54.24278],[-36.58483,-54.21088],[-36.59377,-54.18972],[-36.48956,-54.19941],[-36.49045,-54.18182],[-36.56099,-54.16435],[-36.70421,-54.18721],[-36.65301,-54.16834],[-36.70896,-54.16203],[-36.68834,-54.13701],[-36.64432,-54.1463],[-36.62646,-54.13054],[-36.76916,-54.10674],[-36.80705,-54.15412],[-36.80925,-54.09545],[-36.8565,-54.07914],[-36.94104,-54.08567],[-37.04931,-54.13626],[-36.97366,-54.0864],[-36.98873,-54.05564],[-37.00451,-54.08044],[-37.07218,-54.07862],[-37.11021,-54.12887],[-37.15333,-54.13384],[-37.15167,-54.08456],[-37.1045,-54.06685],[-37.16013,-54.06679],[-37.13471,-54.04241],[-37.18,-54.04481],[-37.18994,-54.06954],[-37.22237,-54.05579],[-37.25149,-54.09504],[-37.26937,-54.05558],[-37.50036,-54.06206],[-37.43975,-54.04179],[-37.45624,-54.01488],[-37.36616,-53.99182],[-37.41884,-53.98589],[-37.55068,-54.02723],[-37.59694,-54.00974],[-37.6866,-54.01573],[-37.6756,-53.98811],[-37.71608,-53.99232]]],[[[-59.1852,-52.90728],[-59.18424,-52.90597],[-59.17941,-52.9001],[-59.18723,-52.89144],[-59.19036,-52.91497],[-59.19111,-52.91725],[-59.18743,-52.91689],[-59.1852,-52.90728]]],[[[-58.98197,-52.44528],[-58.98247,-52.44275],[-58.99148,-52.44305],[-58.98197,-52.44528]]],[[[-58.89591,-52.44684],[-58.89012,-52.44102],[-58.89797,-52.44342],[-58.89591,-52.44684]]],[[[-59.05823,-52.42487],[-59.0743,-52.41984],[-59.09265,-52.42393],[-59.15255,-52.43757],[-59.12365,-52.44946],[-59.03643,-52.43213],[-59.05823,-52.42487]]],[[[-59.71766,-52.36609],[-59.71877,-52.36443],[-59.72232,-52.36529],[-59.71766,-52.36609]]],[[[-59.66411,-52.35606],[-59.66158,-52.34917],[-59.74399,-52.38337],[-59.69827,-52.39669],[-59.68447,-52.37645],[-59.66697,-52.37293],[-59.65132,-52.37165],[-59.64691,-52.36743],[-59.66411,-52.35606]]],[[[-59.68837,-52.31381],[-59.68019,-52.30359],[-59.75114,-52.30873],[-59.76365,-52.34378],[-59.81436,-52.35594],[-59.80874,-52.36321],[-59.76388,-52.38398],[-59.74865,-52.37555],[-59.75383,-52.34884],[-59.68837,-52.31381]]],[[[-59.48893,-52.28826],[-59.48626,-52.28509],[-59.49249,-52.28763],[-59.48893,-52.28826]]],[[[-59.55267,-52.26244],[-59.56095,-52.26966],[-59.54834,-52.28245],[-59.53839,-52.26733],[-59.5548,-52.26804],[-59.55267,-52.26244]]],[[[-59.5868,-52.23],[-59.58976,-52.22537],[-59.59834,-52.22803],[-59.59398,-52.23138],[-59.5868,-52.23]]],[[[-60.47014,-52.21761],[-60.46913,-52.21755],[-60.47002,-52.21654],[-60.47014,-52.21761]]],[[[-60.47163,-52.21178],[-60.46608,-52.21047],[-60.46895,-52.20516],[-60.47163,-52.21178]]],[[[-60.43368,-52.21564],[-60.41459,-52.19999],[-60.42928,-52.20838],[-60.45837,-52.20541],[-60.43368,-52.21564]]],[[[-60.75199,-52.19292],[-60.75438,-52.20002],[-60.74781,-52.20045],[-60.75199,-52.19292]]],[[[-58.80707,-52.1972],[-58.80149,-52.1967],[-58.79883,-52.19396],[-58.80741,-52.1939],[-58.80707,-52.1972]]],[[[-58.83317,-52.19063],[-58.83065,-52.19063],[-58.83128,-52.18829],[-58.83317,-52.19063]]],[[[-60.68861,-52.18694],[-60.7041,-52.18513],[-60.70785,-52.1834],[-60.71114,-52.18503],[-60.70998,-52.18775],[-60.70271,-52.18732],[-60.69185,-52.19097],[-60.68861,-52.18694]]],[[[-60.92693,-52.17233],[-60.91931,-52.16342],[-60.94003,-52.16911],[-60.92693,-52.17233]]],[[[-59.77297,-52.15406],[-59.77796,-52.14894],[-59.78519,-52.14206],[-59.79456,-52.15466],[-59.80645,-52.1724],[-59.79158,-52.18108],[-59.78189,-52.18626],[-59.77812,-52.18342],[-59.7613,-52.17912],[-59.74711,-52.29605],[-59.67013,-52.22215],[-59.69743,-52.16828],[-59.76802,-52.17394],[-59.77297,-52.15406]]],[[[-58.86232,-52.14223],[-58.85125,-52.14271],[-58.85267,-52.14037],[-58.86232,-52.14223]]],[[[-58.99976,-52.14555],[-58.98828,-52.13514],[-59.00285,-52.13746],[-59.01368,-52.15048],[-58.99976,-52.14555]]],[[[-60.77404,-52.14552],[-60.76179,-52.14526],[-60.76238,-52.14106],[-60.76799,-52.13524],[-60.77404,-52.14552]]],[[[-58.84103,-52.16256],[-58.83183,-52.14568],[-58.82618,-52.13308],[-58.86189,-52.17872],[-58.85658,-52.2142],[-58.91474,-52.21377],[-58.93664,-52.23491],[-58.99016,-52.22272],[-59.00449,-52.24725],[-58.93579,-52.24319],[-58.83545,-52.2107],[-58.84103,-52.16256]]],[[[-58.70323,-52.12743],[-58.71314,-52.12575],[-58.71826,-52.1276],[-58.73315,-52.13239],[-58.72293,-52.13495],[-58.713,-52.13879],[-58.70753,-52.13779],[-58.70323,-52.12743]]],[[[-59.8469,-52.12682],[-59.85338,-52.12461],[-59.84839,-52.13572],[-59.8469,-52.12682]]],[[[-58.91254,-52.12444],[-58.92123,-52.11898],[-58.91986,-52.1259],[-58.91254,-52.12444]]],[[[-58.61274,-52.13366],[-58.61857,-52.12598],[-58.62208,-52.11247],[-58.62374,-52.11598],[-58.62759,-52.13251],[-58.60911,-52.14037],[-58.60108,-52.14935],[-58.61274,-52.13366]]],[[[-59.74773,-52.106],[-59.74309,-52.10304],[-59.74893,-52.10485],[-59.74773,-52.106]]],[[[-59.00517,-52.0875],[-59.00098,-52.08107],[-59.01065,-52.08166],[-59.00517,-52.0875]]],[[[-59.05847,-52.07784],[-59.05774,-52.07959],[-59.05675,-52.07777],[-59.05847,-52.07784]]],[[[-59.08239,-52.07125],[-59.08425,-52.0712],[-59.09157,-52.07778],[-59.07713,-52.07571],[-59.08239,-52.07125]]],[[[-58.53414,-52.06661],[-58.53372,-52.06232],[-58.53711,-52.06518],[-58.53414,-52.06661]]],[[[-59.74012,-52.07354],[-59.73336,-52.09491],[-59.71676,-52.04799],[-59.73801,-52.06228],[-59.74273,-52.06521],[-59.74012,-52.07354]]],[[[-59.66228,-52.03474],[-59.65929,-52.03755],[-59.65921,-52.03501],[-59.66027,-52.03037],[-59.66228,-52.03474]]],[[[-59.86172,-52.03246],[-59.85154,-52.03587],[-59.85202,-52.02703],[-59.86172,-52.03246]]],[[[-59.66616,-52.01884],[-59.67924,-52.01931],[-59.67027,-52.01169],[-59.6817,-52.01567],[-59.68526,-52.02826],[-59.66616,-52.01884]]],[[[-60.95377,-52.01586],[-60.96542,-52.01084],[-60.96569,-52.02354],[-60.95377,-52.01586]]],[[[-60.99809,-52.02431],[-60.98863,-52.01586],[-61.00505,-52.01206],[-60.99809,-52.02431]]],[[[-58.36864,-52.00099],[-58.39233,-51.99635],[-58.39032,-52],[-58.3809,-52.00243],[-58.37819,-52.00535],[-58.36104,-52.0082],[-58.36864,-52.00099]]],[[[-58.42411,-51.99084],[-58.43145,-51.98772],[-58.42934,-51.9943],[-58.42279,-51.99484],[-58.44778,-51.99591],[-58.47245,-51.993],[-58.47407,-51.99032],[-58.48621,-51.99306],[-58.4698,-52.00305],[-58.55466,-52.02746],[-58.43303,-52.10236],[-58.42383,-52.02697],[-58.44657,-52.04127],[-58.47173,-52.02719],[-58.44163,-52.02978],[-58.45508,-52.00811],[-58.40379,-52.01444],[-58.42411,-51.99084]]],[[[-58.46486,-51.98686],[-58.47511,-51.98785],[-58.46623,-51.98999],[-58.46486,-51.98686]]],[[[-60.96686,-51.98783],[-60.96412,-51.98331],[-60.96823,-51.98194],[-60.97358,-51.98503],[-60.96686,-51.98783]]],[[[-58.48226,-51.9822],[-58.4914,-51.97966],[-58.50032,-51.98181],[-58.48226,-51.9822]]],[[[-58.61804,-51.97377],[-58.61382,-51.97378],[-58.61175,-51.97173],[-58.61804,-51.97377]]],[[[-58.47908,-51.97196],[-58.49933,-51.97323],[-58.46927,-51.98516],[-58.43126,-51.98474],[-58.43946,-51.97713],[-58.45313,-51.98231],[-58.47908,-51.97196]]],[[[-60.86384,-51.96824],[-60.87079,-51.96612],[-60.87933,-51.96411],[-60.88281,-51.96397],[-60.88499,-51.98456],[-60.94062,-51.99138],[-60.94307,-51.99697],[-60.94135,-51.99932],[-60.93206,-51.99526],[-60.92201,-51.99615],[-60.91672,-52.00402],[-60.90564,-52.00774],[-60.88145,-52.00773],[-60.85032,-52.00867],[-60.84554,-52.00574],[-60.84747,-52.00361],[-60.85681,-52.00706],[-60.87259,-51.99408],[-60.8622,-51.99178],[-60.86384,-51.96824]]],[[[-58.45633,-51.95022],[-58.49445,-51.95347],[-58.45159,-51.95183],[-58.45633,-51.95022]]],[[[-58.77081,-51.94714],[-58.7816,-51.94514],[-58.76464,-51.94928],[-58.76691,-51.9453],[-58.77081,-51.94714]]],[[[-59.69181,-51.93898],[-59.69304,-51.93337],[-59.70839,-51.93677],[-59.72417,-51.97479],[-59.6967,-51.99214],[-59.66595,-51.97323],[-59.70109,-51.95986],[-59.69181,-51.93898]]],[[[-58.71975,-51.92238],[-58.7336,-51.92214],[-58.71273,-51.9294],[-58.70404,-51.92399],[-58.71975,-51.92238]]],[[[-59.63608,-51.92482],[-59.65095,-51.91318],[-59.65114,-51.91787],[-59.64629,-51.92951],[-59.63608,-51.92482]]],[[[-59.65563,-51.91078],[-59.65682,-51.9061],[-59.66271,-51.90896],[-59.65563,-51.91078]]],[[[-58.39804,-51.90966],[-58.39594,-51.9036],[-58.40321,-51.90502],[-58.42873,-51.9055],[-58.39899,-51.90746],[-58.40037,-51.91376],[-58.42362,-51.91544],[-58.42659,-51.91619],[-58.47273,-51.91338],[-58.44973,-51.9256],[-58.40155,-51.92252],[-58.39804,-51.90966]]],[[[-58.52607,-51.90294],[-58.53788,-51.90182],[-58.52733,-51.9119],[-58.51011,-51.913],[-58.50698,-51.90798],[-58.51779,-51.90534],[-58.52607,-51.90294]]],[[[-58.51671,-51.8989],[-58.53437,-51.89966],[-58.51911,-51.90107],[-58.51671,-51.8989]]],[[[-58.55349,-51.8989],[-58.53679,-51.90013],[-58.54486,-51.89597],[-58.55349,-51.8989]]],[[[-58.81598,-51.89629],[-58.81086,-51.89817],[-58.81334,-51.89584],[-58.81598,-51.89629]]],[[[-61.14675,-51.89574],[-61.19309,-51.90845],[-61.1657,-51.90643],[-61.16243,-51.90851],[-61.14675,-51.89574]]],[[[-61.13977,-51.89003],[-61.13638,-51.88589],[-61.14077,-51.88633],[-61.13977,-51.89003]]],[[[-59.63152,-51.88861],[-59.62882,-51.88052],[-59.6327,-51.87711],[-59.63501,-51.88367],[-59.63152,-51.88861]]],[[[-58.28026,-51.87487],[-58.29352,-51.87338],[-58.30821,-51.87564],[-58.29971,-51.87653],[-58.30393,-51.88557],[-58.29614,-51.88462],[-58.28026,-51.87487]]],[[[-59.65225,-51.87733],[-59.65061,-51.87452],[-59.65731,-51.87615],[-59.65225,-51.87733]]],[[[-61.16514,-51.87961],[-61.17064,-51.87531],[-61.20234,-51.89665],[-61.21603,-51.9053],[-61.21671,-51.90979],[-61.19569,-51.9053],[-61.16514,-51.87961]]],[[[-61.22061,-51.87056],[-61.2193,-51.87032],[-61.21995,-51.86925],[-61.22061,-51.87056]]],[[[-58.27306,-51.86785],[-58.27401,-51.86636],[-58.28395,-51.8677],[-58.27988,-51.87378],[-58.26863,-51.87268],[-58.2586,-51.87048],[-58.27306,-51.86785]]],[[[-58.26282,-51.86707],[-58.26377,-51.86495],[-58.26542,-51.86669],[-58.26282,-51.86707]]],[[[-58.20143,-51.8659],[-58.19789,-51.86574],[-58.20075,-51.86493],[-58.20143,-51.8659]]],[[[-58.92713,-51.86657],[-58.94454,-51.8603],[-58.9264,-51.87072],[-58.92713,-51.86657]]],[[[-59.59653,-51.87368],[-59.58677,-51.85672],[-59.59842,-51.86255],[-59.60671,-51.86103],[-59.61796,-51.86261],[-59.59653,-51.87368]]],[[[-58.24309,-51.85646],[-58.24657,-51.85446],[-58.2549,-51.85423],[-58.26099,-51.85589],[-58.25079,-51.85574],[-58.25129,-51.85915],[-58.24309,-51.85646]]],[[[-60.98694,-51.86341],[-60.98043,-51.85656],[-60.98115,-51.85372],[-60.98694,-51.86341]]],[[[-60.45872,-51.8558],[-60.46075,-51.85195],[-60.46548,-51.8541],[-60.45872,-51.8558]]],[[[-58.93312,-51.85317],[-58.93911,-51.85225],[-58.94221,-51.85511],[-58.9282,-51.85916],[-58.93312,-51.85317]]],[[[-58.23118,-51.84978],[-58.23002,-51.84871],[-58.23654,-51.84862],[-58.23118,-51.84978]]],[[[-58.23994,-51.84701],[-58.23848,-51.84645],[-58.24079,-51.84646],[-58.23994,-51.84701]]],[[[-61.19649,-51.86127],[-61.18363,-51.84772],[-61.19007,-51.84868],[-61.19336,-51.85312],[-61.19649,-51.86127]]],[[[-59.75946,-51.84054],[-59.75129,-51.83408],[-59.7508,-51.82978],[-59.76131,-51.83919],[-59.77652,-51.85199],[-59.75946,-51.84054]]],[[[-60.47927,-51.82673],[-60.50976,-51.83117],[-60.4958,-51.85702],[-60.4692,-51.83677],[-60.47927,-51.82673]]],[[[-59.48423,-51.8231],[-59.4773,-51.82074],[-59.48061,-51.81814],[-59.48423,-51.8231]]],[[[-61.31331,-51.812],[-61.32342,-51.80805],[-61.32433,-51.81416],[-61.31166,-51.81475],[-61.31331,-51.812]]],[[[-58.13859,-51.80662],[-58.1423,-51.80393],[-58.1448,-51.80441],[-58.13859,-51.80662]]],[[[-58.18001,-51.80242],[-58.2226,-51.8079],[-58.17392,-51.80643],[-58.18001,-51.80242]]],[[[-61.06455,-51.80694],[-61.06091,-51.80782],[-61.05356,-51.79928],[-61.06539,-51.80514],[-61.06455,-51.80694]]],[[[-61.19852,-51.7985],[-61.20424,-51.79758],[-61.2025,-51.80513],[-61.19129,-51.8091],[-61.19357,-51.80769],[-61.19056,-51.80295],[-61.20101,-51.80486],[-61.19852,-51.7985]]],[[[-60.39312,-51.79863],[-60.3933,-51.79707],[-60.39483,-51.79769],[-60.39312,-51.79863]]],[[[-61.22327,-51.79715],[-61.24028,-51.79611],[-61.26192,-51.83064],[-61.31093,-51.80168],[-61.30066,-51.82521],[-61.31876,-51.82013],[-61.32888,-51.82198],[-61.33622,-51.8215],[-61.345,-51.82433],[-61.34548,-51.83049],[-61.27939,-51.86913],[-61.24749,-51.87431],[-61.24246,-51.87858],[-61.23358,-51.87323],[-61.23106,-51.87233],[-61.22113,-51.86421],[-61.21669,-51.86301],[-61.2165,-51.8583],[-61.20949,-51.85548],[-61.26468,-51.86151],[-61.22931,-51.84202],[-61.25594,-51.83878],[-61.24204,-51.82178],[-61.20385,-51.82408],[-61.1976,-51.8193],[-61.22113,-51.80753],[-61.2241,-51.80405],[-61.22327,-51.79715]]],[[[-61.07858,-51.79873],[-61.08808,-51.79626],[-61.09063,-51.79962],[-61.07858,-51.79873]]],[[[-61.11738,-51.80628],[-61.11727,-51.79942],[-61.11981,-51.79748],[-61.123,-51.80217],[-61.11738,-51.80628]]],[[[-61.14238,-51.78273],[-61.15257,-51.78216],[-61.15959,-51.78831],[-61.15723,-51.79218],[-61.14739,-51.792],[-61.14632,-51.79301],[-61.14337,-51.7887],[-61.13771,-51.78507],[-61.14238,-51.78273]]],[[[-61.10031,-51.7941],[-61.09094,-51.78828],[-61.1042,-51.7809],[-61.10511,-51.78909],[-61.10031,-51.7941]]],[[[-61.04848,-51.7851],[-61.04245,-51.77838],[-61.07584,-51.78686],[-61.04848,-51.7851]]],[[[-59.0175,-51.77827],[-59.01496,-51.7768],[-59.01909,-51.77509],[-59.0175,-51.77827]]],[[[-59.6604,-51.79929],[-59.63373,-51.78334],[-59.62594,-51.76866],[-59.66642,-51.79215],[-59.6604,-51.79929]]],[[[-60.87481,-51.76364],[-60.90156,-51.76425],[-60.89483,-51.77445],[-60.9073,-51.792],[-60.90342,-51.79874],[-60.89766,-51.80133],[-60.87547,-51.80544],[-60.90331,-51.85723],[-60.91853,-51.83143],[-60.95423,-51.86554],[-61.04415,-51.88609],[-61.04184,-51.88084],[-60.94484,-51.81817],[-60.94341,-51.81591],[-60.94237,-51.80975],[-60.9492,-51.80188],[-60.94953,-51.79906],[-60.95429,-51.79838],[-60.95674,-51.8011],[-60.96993,-51.7997],[-60.9758,-51.77868],[-60.98329,-51.77847],[-61.01447,-51.78015],[-61.03876,-51.78436],[-61.03407,-51.79773],[-61.0446,-51.8033],[-61.03347,-51.81526],[-61.04775,-51.81076],[-61.05697,-51.8224],[-61.05875,-51.82918],[-61.04709,-51.83079],[-61.03816,-51.84515],[-61.0929,-51.82412],[-61.11764,-51.83685],[-61.09377,-51.81676],[-61.10652,-51.81455],[-61.16618,-51.83072],[-61.16085,-51.85023],[-61.1556,-51.85142],[-61.0985,-51.84886],[-61.10082,-51.85943],[-61.13406,-51.85926],[-61.13744,-51.90417],[-61.10104,-51.90103],[-61.09884,-51.9314],[-61.07927,-51.91529],[-61.0689,-51.93507],[-61.05425,-51.92834],[-61.03884,-51.92667],[-61.05353,-51.9303],[-61.07072,-51.93804],[-61.05948,-51.94185],[-61.05772,-51.96645],[-61.00702,-51.98509],[-60.98768,-51.98735],[-60.94938,-51.96413],[-60.93003,-51.9582],[-60.91513,-51.95837],[-60.89391,-51.94977],[-60.90261,-51.94981],[-60.90613,-51.94486],[-60.92253,-51.9378],[-60.87093,-51.91717],[-60.91557,-51.89616],[-60.87188,-51.89014],[-60.89819,-51.88364],[-60.86691,-51.79932],[-60.86376,-51.79509],[-60.85708,-51.79167],[-60.86326,-51.78667],[-60.87481,-51.76364]]],[[[-60.2141,-51.77477],[-60.21785,-51.7621],[-60.22153,-51.75711],[-60.2279,-51.76526],[-60.2141,-51.77477]]],[[[-59.55606,-51.79018],[-59.55695,-51.7762],[-59.53538,-51.75655],[-59.63052,-51.79778],[-59.56195,-51.80684],[-59.55427,-51.79304],[-59.55606,-51.79018]]],[[[-59.01756,-51.73139],[-59.02314,-51.73033],[-59.02125,-51.73412],[-59.01756,-51.73139]]],[[[-59.01236,-51.72531],[-59.01139,-51.72476],[-59.01265,-51.72286],[-59.01236,-51.72531]]],[[[-61.23385,-51.72229],[-61.23397,-51.71985],[-61.23504,-51.72092],[-61.23385,-51.72229]]],[[[-60.11307,-51.68417],[-60.11492,-51.68352],[-60.1145,-51.68518],[-60.11307,-51.68417]]],[[[-60.11402,-51.68751],[-60.12212,-51.68203],[-60.11908,-51.68655],[-60.11432,-51.68881],[-60.11402,-51.68751]]],[[[-59.05906,-51.68862],[-59.06096,-51.68418],[-59.07023,-51.68008],[-59.05906,-51.68862]]],[[[-61.2506,-51.68327],[-61.26353,-51.68247],[-61.33309,-51.69209],[-61.30927,-51.72208],[-61.31106,-51.73054],[-61.31664,-51.7412],[-61.30975,-51.75322],[-61.29372,-51.76422],[-61.28993,-51.76016],[-61.29297,-51.70646],[-61.27103,-51.69817],[-61.24467,-51.71759],[-61.2437,-51.70279],[-61.21041,-51.69338],[-61.2506,-51.68327]]],[[[-57.72496,-51.67429],[-57.72628,-51.6727],[-57.73386,-51.67305],[-57.72496,-51.67429]]],[[[-61.23563,-51.6672],[-61.24684,-51.66721],[-61.24079,-51.6721],[-61.23563,-51.6672]]],[[[-59.5571,-51.67134],[-59.53811,-51.65885],[-59.55446,-51.66823],[-59.5571,-51.67134]]],[[[-61.22672,-51.65268],[-61.23732,-51.64829],[-61.23289,-51.65615],[-61.22724,-51.66323],[-61.22471,-51.65769],[-61.22672,-51.65268]]],[[[-60.33859,-51.64095],[-60.33772,-51.63565],[-60.35551,-51.63222],[-60.35212,-51.64196],[-60.33859,-51.64095]]],[[[-57.7572,-51.62237],[-57.75727,-51.62101],[-57.76055,-51.62286],[-57.75337,-51.62371],[-57.74364,-51.62519],[-57.74416,-51.62275],[-57.7572,-51.62237]]],[[[-60.44051,-51.60588],[-60.45833,-51.60506],[-60.4616,-51.60719],[-60.4475,-51.6184],[-60.44203,-51.62447],[-60.42209,-51.62312],[-60.43004,-51.60892],[-60.44051,-51.60588]]],[[[-60.68894,-51.60901],[-60.69599,-51.60966],[-60.68898,-51.67526],[-60.66617,-51.66742],[-60.6829,-51.61485],[-60.68894,-51.60901]]],[[[-57.78396,-51.60746],[-57.79019,-51.60368],[-57.79407,-51.60431],[-57.78396,-51.60746]]],[[[-59.19062,-51.59427],[-59.18733,-51.59516],[-59.18841,-51.59338],[-59.19062,-51.59427]]],[[[-60.72501,-51.5891],[-60.7294,-51.58857],[-60.7295,-51.59048],[-60.72501,-51.5891]]],[[[-59.2043,-51.58378],[-59.21608,-51.58348],[-59.21882,-51.59178],[-59.2023,-51.58575],[-59.2043,-51.58378]]],[[[-59.18476,-51.58677],[-59.19509,-51.579],[-59.19692,-51.58246],[-59.19311,-51.58426],[-59.18863,-51.59039],[-59.18476,-51.58677]]],[[[-60.31614,-51.57963],[-60.31419,-51.57694],[-60.32206,-51.57926],[-60.31614,-51.57963]]],[[[-60.78521,-51.57416],[-60.81026,-51.56733],[-60.81846,-51.56861],[-60.81091,-51.57704],[-60.80321,-51.58294],[-60.78408,-51.58203],[-60.7589,-51.58436],[-60.73163,-51.58527],[-60.75168,-51.57484],[-60.78521,-51.57416]]],[[[-60.83599,-51.56906],[-60.84574,-51.56598],[-60.84853,-51.5763],[-60.83031,-51.57402],[-60.83599,-51.56906]]],[[[-60.86881,-51.55826],[-60.88683,-51.56277],[-60.87665,-51.56483],[-60.87768,-51.56675],[-60.85966,-51.56674],[-60.86881,-51.55826]]],[[[-58.0576,-51.55264],[-58.08149,-51.5509],[-58.03964,-51.56377],[-58.0576,-51.55264]]],[[[-60.48188,-51.55242],[-60.49802,-51.54959],[-60.50233,-51.55477],[-60.50203,-51.56046],[-60.48188,-51.55242]]],[[[-58.0919,-51.54805],[-58.09012,-51.54781],[-58.09277,-51.54764],[-58.0919,-51.54805]]],[[[-60.51183,-51.49174],[-60.52761,-51.49158],[-60.53215,-51.49656],[-60.51958,-51.49723],[-60.51183,-51.49174]]],[[[-60.49704,-51.48724],[-60.51964,-51.48463],[-60.50641,-51.48739],[-60.49704,-51.48724]]],[[[-60.71402,-51.47095],[-60.72925,-51.46979],[-60.71686,-51.4743],[-60.69213,-51.47517],[-60.71402,-51.47095]]],[[[-58.48947,-51.45607],[-58.48337,-51.45539],[-58.49457,-51.45157],[-58.49134,-51.45793],[-58.48947,-51.45607]]],[[[-59.71838,-51.43001],[-59.71183,-51.43864],[-59.71229,-51.43445],[-59.71222,-51.43165],[-59.70937,-51.42933],[-59.71838,-51.43001]]],[[[-59.66951,-51.4279],[-59.68081,-51.42954],[-59.67822,-51.43117],[-59.67761,-51.43567],[-59.66951,-51.4279]]],[[[-59.68128,-51.42533],[-59.67717,-51.42184],[-59.68308,-51.42491],[-59.68128,-51.42533]]],[[[-58.30414,-51.42511],[-58.30564,-51.42023],[-58.31475,-51.42452],[-58.31067,-51.42528],[-58.30899,-51.42565],[-58.30414,-51.42511]]],[[[-59.65172,-51.41356],[-59.65997,-51.41319],[-59.6618,-51.41684],[-59.65568,-51.42261],[-59.64847,-51.41742],[-59.65172,-51.41356]]],[[[-59.59965,-51.40901],[-59.61887,-51.40588],[-59.63204,-51.40798],[-59.6426,-51.42032],[-59.63086,-51.41961],[-59.62215,-51.42073],[-59.59228,-51.42612],[-59.59561,-51.40942],[-59.59965,-51.40901]]],[[[-60.20006,-51.40188],[-60.21065,-51.4024],[-60.21152,-51.40767],[-60.20224,-51.40319],[-60.20006,-51.40188]]],[[[-59.88625,-51.39952],[-59.88533,-51.39855],[-59.89026,-51.39821],[-59.88625,-51.39952]]],[[[-59.69606,-51.3916],[-59.71732,-51.38831],[-59.72907,-51.39476],[-59.72323,-51.42368],[-59.6863,-51.40967],[-59.68495,-51.39827],[-59.69606,-51.3916]]],[[[-59.65866,-51.38908],[-59.64128,-51.38804],[-59.64721,-51.38498],[-59.67036,-51.38928],[-59.67329,-51.40638],[-59.65866,-51.38908]]],[[[-59.99355,-51.38205],[-59.99483,-51.37943],[-59.99941,-51.38038],[-59.99355,-51.38205]]],[[[-59.72121,-51.37475],[-59.71493,-51.37419],[-59.72274,-51.37285],[-59.72121,-51.37475]]],[[[-59.76184,-51.37838],[-59.75377,-51.37451],[-59.76107,-51.37227],[-59.76317,-51.37734],[-59.76184,-51.37838]]],[[[-59.95697,-51.37443],[-59.96516,-51.37096],[-59.97581,-51.37843],[-59.95697,-51.37443]]],[[[-59.85072,-51.36648],[-59.87105,-51.37549],[-59.82412,-51.37113],[-59.85072,-51.36648]]],[[[-59.88878,-51.37368],[-59.88512,-51.36731],[-59.89084,-51.36561],[-59.9065,-51.37402],[-59.88878,-51.37368]]],[[[-59.90592,-51.36934],[-59.89422,-51.36452],[-59.8981,-51.36232],[-59.90893,-51.36856],[-59.90592,-51.36934]]],[[[-59.72335,-51.36391],[-59.72022,-51.36313],[-59.72384,-51.36218],[-59.72335,-51.36391]]],[[[-59.663,-51.35751],[-59.65857,-51.35908],[-59.65868,-51.35592],[-59.663,-51.35751]]],[[[-60.38275,-51.36011],[-60.40698,-51.35516],[-60.41266,-51.35748],[-60.37836,-51.37286],[-60.38013,-51.36432],[-60.38275,-51.36011]]],[[[-59.84027,-51.34767],[-59.83693,-51.34367],[-59.85591,-51.34974],[-59.84027,-51.34767]]],[[[-59.62541,-51.34462],[-59.62578,-51.33758],[-59.62995,-51.34358],[-59.63351,-51.34479],[-59.62541,-51.34462]]],[[[-59.38743,-51.3361],[-59.3939,-51.3389],[-59.41733,-51.34214],[-59.39811,-51.36545],[-59.40018,-51.36314],[-59.44889,-51.35215],[-59.45438,-51.35618],[-59.43571,-51.3884],[-59.47275,-51.39921],[-59.47587,-51.40549],[-59.42515,-51.41288],[-59.38254,-51.43388],[-59.46604,-51.4639],[-59.54227,-51.44529],[-59.52042,-51.48081],[-59.58927,-51.45792],[-59.60148,-51.44254],[-59.48386,-51.41538],[-59.50413,-51.39396],[-59.57407,-51.43461],[-59.61942,-51.43565],[-59.62589,-51.46873],[-59.63437,-51.43705],[-59.80289,-51.45902],[-59.84251,-51.44376],[-59.73282,-51.42704],[-59.75779,-51.40537],[-59.77134,-51.42075],[-59.87559,-51.41386],[-59.81992,-51.39524],[-59.89066,-51.41074],[-59.89628,-51.42387],[-59.90848,-51.40238],[-59.86033,-51.39072],[-59.90098,-51.38108],[-59.99778,-51.42167],[-60.01993,-51.40305],[-59.98325,-51.38853],[-60.00999,-51.38084],[-60.05094,-51.38822],[-60.03165,-51.41703],[-60.0814,-51.40836],[-60.06809,-51.42142],[-60.09965,-51.43784],[-59.9816,-51.47282],[-60.06712,-51.48338],[-60.08109,-51.48392],[-60.13004,-51.50645],[-60.17161,-51.49601],[-60.15092,-51.48447],[-60.24509,-51.49406],[-60.48752,-51.38712],[-60.66441,-51.34],[-60.61039,-51.35947],[-60.66453,-51.36069],[-60.63053,-51.37656],[-60.65067,-51.41404],[-60.52183,-51.45103],[-60.45438,-51.43748],[-60.38181,-51.48722],[-60.40049,-51.50571],[-60.48386,-51.49009],[-60.51182,-51.52659],[-60.50632,-51.52811],[-60.40568,-51.56235],[-60.38907,-51.54539],[-60.3743,-51.57633],[-60.30985,-51.57072],[-60.34694,-51.54],[-60.322,-51.5366],[-60.29371,-51.55919],[-60.29609,-51.55729],[-60.31022,-51.57853],[-60.26511,-51.5684],[-60.30503,-51.59775],[-60.23154,-51.60831],[-60.25883,-51.62382],[-60.18278,-51.66595],[-60.13456,-51.68333],[-60.08671,-51.6641],[-60.08414,-51.66947],[-60.09403,-51.6981],[-60.02476,-51.69907],[-60.09385,-51.69993],[-60.08604,-51.71348],[-59.97379,-51.74229],[-60.08646,-51.72227],[-60.23344,-51.65629],[-60.28214,-51.68003],[-60.36838,-51.67167],[-60.52097,-51.71226],[-60.65297,-51.66833],[-60.64017,-51.72825],[-60.53892,-51.80698],[-60.5214,-51.76035],[-60.45859,-51.77433],[-60.40989,-51.74503],[-60.35862,-51.75596],[-60.38236,-51.71732],[-60.31803,-51.69663],[-60.28855,-51.72044],[-60.24772,-51.69566],[-60.18095,-51.70866],[-60.21397,-51.79221],[-60.28074,-51.77189],[-60.26609,-51.74943],[-60.3245,-51.76121],[-60.32969,-51.7797],[-60.29423,-51.7786],[-60.32834,-51.80381],[-60.29203,-51.82963],[-60.33396,-51.81931],[-60.32737,-51.86417],[-60.36429,-51.87693],[-60.38224,-51.84568],[-60.41886,-51.86899],[-60.3563,-51.8129],[-60.39524,-51.79893],[-60.41843,-51.81821],[-60.40543,-51.79453],[-60.39524,-51.78782],[-60.38468,-51.796],[-60.36826,-51.77531],[-60.43723,-51.79026],[-60.41489,-51.77],[-60.47739,-51.81821],[-60.44547,-51.85154],[-60.47718,-51.87203],[-60.44968,-51.87595],[-60.5062,-51.93632],[-60.54703,-51.94175],[-60.62919,-51.91795],[-60.64579,-51.926],[-60.63126,-51.92478],[-60.54319,-51.95383],[-60.39731,-51.92558],[-60.43308,-51.96262],[-60.50999,-51.97813],[-60.54636,-51.9791],[-60.57047,-51.98417],[-60.51908,-52.00364],[-60.50346,-52.02311],[-60.53403,-52.0073],[-60.54539,-52.02695],[-60.5366,-52.00254],[-60.57212,-51.98936],[-60.5554,-52.02622],[-60.58543,-52.0095],[-60.60819,-52.02653],[-60.57737,-51.98692],[-60.62821,-51.98069],[-60.63413,-51.99937],[-60.64921,-51.96854],[-60.67673,-52.03257],[-60.63907,-52.03776],[-60.6865,-52.04307],[-60.68345,-52.04697],[-60.68979,-52.03941],[-60.67472,-52.03641],[-60.69675,-52.02018],[-60.68131,-51.97837],[-60.70023,-51.97044],[-60.69181,-52.00413],[-60.72184,-52.01237],[-60.72477,-51.9611],[-60.75327,-51.97758],[-60.74491,-51.96177],[-60.84635,-51.95396],[-60.82523,-51.99961],[-60.79111,-51.98936],[-60.74528,-52.01786],[-60.85966,-52.04203],[-60.89628,-52.02842],[-60.87052,-52.0709],[-60.81205,-52.06077],[-60.85654,-52.08518],[-60.92014,-52.08329],[-60.8823,-52.07328],[-60.91752,-52.06779],[-60.8967,-52.03709],[-60.97953,-52.04887],[-61.04233,-52.0117],[-61.05778,-52.01225],[-61.06779,-52.0073],[-61.07798,-52.01072],[-61.07017,-52.01804],[-61.04215,-52.01499],[-61.04819,-52.07218],[-61.01188,-52.07352],[-61.02323,-52.04282],[-60.93302,-52.11649],[-60.85886,-52.12431],[-60.79948,-52.18943],[-60.71952,-52.17625],[-60.77079,-52.16721],[-60.85007,-52.10703],[-60.81467,-52.09794],[-60.74338,-52.12424],[-60.7161,-52.10288],[-60.66562,-52.13688],[-60.71677,-52.12962],[-60.74393,-52.14799],[-60.71751,-52.16044],[-60.70157,-52.1417],[-60.70444,-52.1735],[-60.66141,-52.15434],[-60.69694,-52.17924],[-60.67209,-52.19242],[-60.62931,-52.17539],[-60.66508,-52.19297],[-60.63126,-52.20493],[-60.63193,-52.21464],[-60.69663,-52.21079],[-60.65055,-52.25986],[-60.61466,-52.25767],[-60.62247,-52.23234],[-60.60465,-52.25114],[-60.50425,-52.20383],[-60.54374,-52.19419],[-60.54734,-52.18785],[-60.52219,-52.1912],[-60.50577,-52.1879],[-60.51279,-52.17912],[-60.49357,-52.18583],[-60.54471,-52.13651],[-60.56993,-52.15777],[-60.57221,-52.15723],[-60.55772,-52.13798],[-60.58597,-52.12608],[-60.54746,-52.11906],[-60.54337,-52.11247],[-60.54514,-52.1262],[-60.49039,-52.16611],[-60.4733,-52.14964],[-60.46628,-52.17857],[-60.41636,-52.14433],[-60.40733,-52.17216],[-60.36826,-52.17625],[-60.40458,-52.12485],[-60.50162,-52.11167],[-60.45829,-52.10276],[-60.45066,-52.1143],[-60.40867,-52.12003],[-60.3881,-52.13566],[-60.40757,-52.0911],[-60.32792,-52.10136],[-60.37754,-52.10825],[-60.38071,-52.15378],[-60.35355,-52.16105],[-60.26639,-52.08933],[-60.24235,-52.01859],[-60.28251,-52.08201],[-60.28184,-52.02049],[-60.3353,-51.99345],[-60.3574,-52.00663],[-60.32944,-51.98868],[-60.37247,-51.93357],[-60.34879,-51.93412],[-60.33066,-51.93906],[-60.32834,-51.96],[-60.30912,-51.93284],[-60.32712,-51.99692],[-60.29008,-52.01432],[-60.28446,-51.99345],[-60.20963,-51.96781],[-60.22086,-51.9943],[-60.17148,-51.96812],[-60.18229,-51.97892],[-60.23905,-52.01676],[-60.10007,-52.00828],[-60.0792,-51.93534],[-60.05167,-51.94315],[-60.07548,-51.96165],[-59.99735,-51.96958],[-60.00431,-52.00584],[-59.91947,-51.96659],[-59.85953,-51.96409],[-59.7501,-51.81016],[-59.77396,-51.82005],[-59.62864,-51.75407],[-59.66428,-51.74363],[-59.6074,-51.73087],[-59.54374,-51.64628],[-59.6027,-51.68632],[-59.58903,-51.66111],[-59.43888,-51.585],[-59.48093,-51.6323],[-59.44096,-51.63425],[-59.33835,-51.52836],[-59.39579,-51.55674],[-59.3585,-51.50779],[-59.48014,-51.52604],[-59.37742,-51.49863],[-59.35386,-51.50755],[-59.36619,-51.48655],[-59.33121,-51.49259],[-59.33451,-51.52415],[-59.20041,-51.43583],[-59.29191,-51.46378],[-59.26627,-51.44584],[-59.29258,-51.43693],[-59.28367,-51.43388],[-59.21043,-51.40238],[-59.23838,-51.39713],[-59.36167,-51.35764],[-59.37089,-51.35355],[-59.38743,-51.3361]],[[-60.47693,-52.22808],[-60.50013,-52.23423],[-60.46951,-52.22528],[-60.47693,-52.22808]],[[-59.86638,-52.1302],[-59.87463,-52.13549],[-59.87065,-52.13271],[-59.86638,-52.1302]],[[-59.75124,-51.39518],[-59.74325,-51.39411],[-59.75236,-51.40431],[-59.75124,-51.39518]]],[[[-59.64436,-51.34426],[-59.67565,-51.33526],[-59.70063,-51.34738],[-59.69031,-51.32715],[-59.70829,-51.34705],[-59.66384,-51.35755],[-59.66523,-51.34797],[-59.65147,-51.34454],[-59.65271,-51.35298],[-59.65075,-51.35493],[-59.64515,-51.35605],[-59.64255,-51.35358],[-59.63634,-51.35102],[-59.63607,-51.3492],[-59.63875,-51.34689],[-59.63497,-51.34533],[-59.64436,-51.34426]]],[[[-60.71278,-51.33473],[-60.71943,-51.33281],[-60.71861,-51.33039],[-60.73176,-51.32635],[-60.73278,-51.33381],[-60.72078,-51.3491],[-60.71686,-51.36912],[-60.70044,-51.38031],[-60.66381,-51.35136],[-60.71278,-51.33473]]],[[[-59.74159,-51.31879],[-59.73921,-51.3157],[-59.74604,-51.32101],[-59.78268,-51.322],[-59.7501,-51.34822],[-59.7799,-51.34361],[-59.8319,-51.3594],[-59.80039,-51.37408],[-59.81484,-51.36106],[-59.78296,-51.3522],[-59.74396,-51.36407],[-59.77604,-51.36502],[-59.74667,-51.37077],[-59.74475,-51.38188],[-59.73694,-51.36154],[-59.71821,-51.35848],[-59.68469,-51.37092],[-59.66213,-51.36714],[-59.72319,-51.34592],[-59.73109,-51.33087],[-59.73522,-51.3306],[-59.73529,-51.33882],[-59.7379,-51.33966],[-59.74204,-51.3292],[-59.74159,-51.31879]]],[[[-59.72563,-51.30742],[-59.72673,-51.30271],[-59.72828,-51.30176],[-59.73314,-51.30644],[-59.72563,-51.30742]]],[[[-59.95788,-51.28558],[-59.9571,-51.28203],[-59.96696,-51.28723],[-59.96924,-51.29002],[-60.02593,-51.29906],[-60.03819,-51.3153],[-59.95505,-51.35263],[-59.92878,-51.35591],[-59.94884,-51.31566],[-59.89873,-51.31265],[-59.95788,-51.28558]]],[[[-60.28857,-51.263],[-60.29828,-51.26178],[-60.29596,-51.26672],[-60.31634,-51.26752],[-60.31909,-51.27399],[-60.25494,-51.30896],[-60.1391,-51.36035],[-60.16406,-51.36407],[-60.13098,-51.35992],[-60.13208,-51.36993],[-60.13074,-51.37628],[-60.13361,-51.38544],[-60.17621,-51.39685],[-60.18774,-51.3642],[-60.20984,-51.34735],[-60.22998,-51.33881],[-60.23767,-51.33978],[-60.28442,-51.36957],[-60.27399,-51.396],[-60.30524,-51.38959],[-60.2832,-51.40271],[-60.28168,-51.40741],[-60.23889,-51.41412],[-60.21381,-51.39996],[-60.20313,-51.3996],[-60.10999,-51.40369],[-60.12109,-51.39618],[-60.09821,-51.38452],[-60.10767,-51.37891],[-60.08026,-51.38245],[-60.04474,-51.33789],[-60.08563,-51.30426],[-60.14221,-51.31183],[-60.18475,-51.3158],[-60.21423,-51.30743],[-60.24921,-51.3006],[-60.28857,-51.263]]],[[[-59.75528,-51.24857],[-59.77231,-51.25225],[-59.83791,-51.26432],[-59.71471,-51.30324],[-59.61952,-51.30506],[-59.58629,-51.34374],[-59.46145,-51.35106],[-59.47783,-51.30331],[-59.42442,-51.33808],[-59.49152,-51.27582],[-59.54944,-51.27804],[-59.5463,-51.30222],[-59.58773,-51.31137],[-59.60343,-51.26285],[-59.69615,-51.2727],[-59.75528,-51.24857]]],[[[-60.58197,-51.25032],[-60.59392,-51.24996],[-60.58548,-51.28955],[-60.54707,-51.29243],[-60.52832,-51.3064],[-60.53072,-51.30895],[-60.53087,-51.31358],[-60.52537,-51.31525],[-60.51944,-51.31741],[-60.52245,-51.31306],[-60.50934,-51.30612],[-60.58197,-51.25032]]],[[[-60.63754,-51.25185],[-60.64101,-51.24918],[-60.63951,-51.24632],[-60.64677,-51.24337],[-60.6423,-51.24916],[-60.63754,-51.25185]]],[[[-59.86396,-51.25187],[-59.89221,-51.23717],[-59.90179,-51.23996],[-59.89082,-51.24924],[-59.84097,-51.26309],[-59.84992,-51.25577],[-59.86396,-51.25187]]],[[[-58.961,-51.23472],[-58.97286,-51.23359],[-58.9655,-51.23763],[-58.86679,-51.3717],[-59.00539,-51.3853],[-59.01976,-51.41916],[-58.96917,-51.42412],[-58.95875,-51.44723],[-58.98008,-51.42683],[-59.05155,-51.43379],[-59.1002,-51.41114],[-59.14404,-51.46211],[-58.95276,-51.50785],[-58.94903,-51.51615],[-58.92423,-51.51996],[-58.92005,-51.52776],[-58.91831,-51.52081],[-58.8994,-51.52159],[-58.87959,-51.53035],[-58.85519,-51.50965],[-58.83083,-51.51945],[-58.85226,-51.5111],[-58.84641,-51.52224],[-58.87802,-51.53185],[-58.91658,-51.5243],[-58.93431,-51.54528],[-58.94217,-51.54247],[-58.92558,-51.52177],[-58.9503,-51.52124],[-58.98055,-51.50616],[-59.04556,-51.50464],[-59.06531,-51.51969],[-59.02684,-51.56099],[-59.04967,-51.57537],[-59.01448,-51.60225],[-59.04448,-51.60366],[-59.12837,-51.49655],[-59.11326,-51.52867],[-59.1788,-51.58434],[-58.97671,-51.67099],[-59.04832,-51.65379],[-58.9982,-51.67749],[-59.02499,-51.67245],[-59.00292,-51.69391],[-59.03403,-51.67719],[-59.04112,-51.70004],[-59.00866,-51.71123],[-58.98701,-51.76785],[-59.00382,-51.77249],[-58.94917,-51.77415],[-59.0286,-51.83158],[-59.06276,-51.81307],[-59.0309,-51.81248],[-59.04373,-51.78578],[-59.07174,-51.78362],[-59.04244,-51.78046],[-59.04535,-51.77323],[-59.02463,-51.77521],[-59.061,-51.74592],[-59.05597,-51.69047],[-59.15324,-51.70497],[-59.18099,-51.73418],[-59.1978,-51.7221],[-59.22459,-51.76507],[-59.23099,-51.72139],[-59.24844,-51.76632],[-59.26929,-51.74332],[-59.30607,-51.7606],[-59.27236,-51.79815],[-59.30044,-51.80776],[-59.30107,-51.78923],[-59.32423,-51.81058],[-59.36145,-51.77763],[-59.37927,-51.85815],[-59.41041,-51.81241],[-59.45613,-51.84714],[-59.44696,-51.82318],[-59.49797,-51.83555],[-59.51517,-51.85732],[-59.45886,-51.86553],[-59.48688,-51.8845],[-59.44481,-51.88917],[-59.5378,-51.88188],[-59.47468,-51.93007],[-59.51597,-51.93849],[-59.5919,-51.90408],[-59.60919,-51.9165],[-59.61472,-51.95063],[-59.52636,-51.96602],[-59.59621,-51.98519],[-59.64715,-51.96212],[-59.58827,-51.99991],[-59.54564,-52.00515],[-59.65394,-52.00582],[-59.5543,-52.06688],[-59.60396,-52.09301],[-59.64115,-52.08427],[-59.60739,-52.12205],[-59.67928,-52.12445],[-59.66785,-52.10018],[-59.73155,-52.09712],[-59.70706,-52.10756],[-59.73512,-52.12691],[-59.62342,-52.17401],[-59.63066,-52.20974],[-59.5523,-52.20499],[-59.58373,-52.25957],[-59.50858,-52.24283],[-59.51054,-52.27305],[-59.47832,-52.2754],[-59.49771,-52.31189],[-59.41486,-52.31028],[-59.42591,-52.33115],[-59.37352,-52.33409],[-59.39179,-52.34596],[-59.36408,-52.35937],[-59.30818,-52.35066],[-59.30684,-52.327],[-59.33509,-52.34614],[-59.38661,-52.31294],[-59.3459,-52.26882],[-59.41466,-52.28399],[-59.34181,-52.25372],[-59.38782,-52.22638],[-59.33,-52.21127],[-59.37791,-52.20511],[-59.43398,-52.24387],[-59.42957,-52.22151],[-59.4226,-52.22033],[-59.40031,-52.20371],[-59.46146,-52.22447],[-59.42274,-52.19415],[-59.45136,-52.19147],[-59.4639,-52.19568],[-59.42078,-52.18087],[-59.40902,-52.18722],[-59.39883,-52.18107],[-59.48687,-52.1658],[-59.43561,-52.1522],[-59.45343,-52.12546],[-59.38652,-52.15878],[-59.40771,-52.11567],[-59.37076,-52.14479],[-59.36726,-52.11391],[-59.34931,-52.1612],[-59.29099,-52.14112],[-59.31761,-52.18445],[-59.29662,-52.16271],[-59.24781,-52.17392],[-59.24118,-52.219],[-59.16067,-52.20948],[-59.02126,-52.26183],[-59.05428,-52.2425],[-59.02311,-52.20455],[-59.0927,-52.2146],[-59.10282,-52.19717],[-59.02479,-52.1431],[-59.07423,-52.1371],[-59.11654,-52.16397],[-59.11069,-52.13549],[-59.14817,-52.1641],[-59.14559,-52.14209],[-59.17951,-52.14457],[-59.06762,-52.10509],[-59.17779,-52.10271],[-59.09896,-52.08016],[-59.14943,-52.05775],[-59.1321,-52.03873],[-59.21082,-52.08018],[-59.19877,-52.05262],[-59.23589,-52.05375],[-59.18641,-52.02761],[-59.26576,-52.00681],[-59.29324,-52.02925],[-59.29133,-52.01147],[-59.25976,-51.99419],[-59.16823,-52.01208],[-59.1895,-51.97175],[-59.15601,-51.99611],[-59.13459,-51.98252],[-59.1008,-52.03043],[-59.07218,-52.016],[-59.059,-52.04306],[-59.01555,-52.0203],[-58.98868,-52.09753],[-58.95065,-52.0617],[-58.92821,-52.11736],[-58.88703,-52.07464],[-58.85975,-52.08456],[-58.88634,-52.04297],[-58.89044,-52.04842],[-58.89723,-52.0337],[-58.81394,-52.05639],[-58.82258,-52.02394],[-58.74679,-52.04537],[-58.73915,-52.07866],[-58.71354,-52.06467],[-58.67793,-52.09141],[-58.69402,-52.12325],[-58.65963,-52.14147],[-58.63728,-52.11403],[-58.66347,-52.05426],[-58.63586,-52.05115],[-58.68801,-52.02376],[-58.58695,-52.01628],[-58.62528,-52.00411],[-58.63153,-52.006],[-58.60388,-51.9911],[-58.62438,-51.96628],[-58.69384,-51.97352],[-58.69934,-51.95258],[-58.7257,-51.96693],[-58.74462,-51.95339],[-58.7659,-51.99312],[-58.76911,-51.95616],[-58.8051,-51.96723],[-58.80477,-51.94792],[-58.89765,-51.91786],[-58.83233,-51.9201],[-58.79168,-51.94715],[-58.76028,-51.93681],[-58.97683,-51.85643],[-58.98946,-51.87351],[-58.99151,-51.85741],[-59.01325,-51.87374],[-59.00657,-51.85995],[-59.02358,-51.85287],[-59.04202,-51.86218],[-59.09211,-51.85829],[-59.11563,-51.8765],[-59.09956,-51.84068],[-59.08637,-51.85759],[-59.04848,-51.85998],[-59.02147,-51.84914],[-58.97879,-51.85439],[-58.95286,-51.78755],[-58.93262,-51.8413],[-58.81426,-51.85683],[-58.85746,-51.85724],[-58.76412,-51.89888],[-58.74384,-51.88165],[-58.69073,-51.89314],[-58.71899,-51.87246],[-58.62935,-51.88388],[-58.67807,-51.90408],[-58.5116,-51.89218],[-58.53831,-51.88154],[-58.5503,-51.86314],[-58.56148,-51.86436],[-58.55304,-51.85981],[-58.56305,-51.85535],[-58.5514,-51.84887],[-58.56549,-51.84667],[-58.57963,-51.83106],[-58.59384,-51.8306],[-58.58371,-51.82821],[-58.56458,-51.82981],[-58.56372,-51.84684],[-58.54883,-51.84806],[-58.55863,-51.85692],[-58.54935,-51.85904],[-58.54411,-51.86511],[-58.53643,-51.8606],[-58.5166,-51.86085],[-58.54164,-51.86472],[-58.53755,-51.87957],[-58.50717,-51.88537],[-58.50366,-51.89505],[-58.46186,-51.89088],[-58.48609,-51.89658],[-58.46097,-51.90418],[-58.30685,-51.8829],[-58.31678,-51.86927],[-58.28893,-51.85958],[-58.2978,-51.85953],[-58.22517,-51.84548],[-58.2479,-51.87389],[-58.21357,-51.86071],[-58.2359,-51.8285],[-58.1644,-51.81609],[-58.28142,-51.8068],[-58.28769,-51.82881],[-58.30352,-51.82736],[-58.32098,-51.84357],[-58.33756,-51.84354],[-58.32181,-51.84119],[-58.33906,-51.82626],[-58.38756,-51.82445],[-58.29798,-51.82176],[-58.28636,-51.80044],[-58.2313,-51.79292],[-58.24483,-51.79217],[-58.10913,-51.78843],[-58.23295,-51.78402],[-58.20111,-51.77754],[-58.30599,-51.75396],[-58.29991,-51.75071],[-58.19317,-51.7662],[-58.15331,-51.73974],[-58.15812,-51.76506],[-58.06497,-51.77169],[-58.09275,-51.76253],[-58.04697,-51.74976],[-58.08678,-51.7419],[-58.06725,-51.73588],[-58.04418,-51.73733],[-58.03616,-51.75807],[-57.88192,-51.74666],[-57.85765,-51.739],[-58.01225,-51.73477],[-57.89435,-51.72397],[-57.91609,-51.71751],[-57.86903,-51.72993],[-57.71809,-51.68327],[-57.82195,-51.67662],[-57.78466,-51.69905],[-57.92098,-51.6871],[-57.8313,-51.68204],[-57.97504,-51.65481],[-57.96264,-51.65216],[-57.85888,-51.67534],[-57.81292,-51.64904],[-57.72496,-51.64448],[-57.78442,-51.61664],[-58.13101,-51.56953],[-58.14953,-51.56709],[-58.10497,-51.56555],[-58.16576,-51.54509],[-58.09557,-51.5323],[-58.11455,-51.511],[-58.01809,-51.53521],[-58.07299,-51.49432],[-57.99325,-51.50714],[-57.95491,-51.54036],[-57.76637,-51.5409],[-57.81043,-51.5101],[-57.89768,-51.4982],[-57.84381,-51.47477],[-57.84717,-51.50186],[-57.74193,-51.51266],[-57.83781,-51.4741],[-57.87095,-51.43249],[-57.85319,-51.41438],[-57.94377,-51.36245],[-58.00392,-51.3771],[-58.01474,-51.40177],[-58.05541,-51.36958],[-58.28269,-51.39098],[-58.32896,-51.47572],[-58.38658,-51.4845],[-58.35163,-51.48671],[-58.37848,-51.51269],[-58.33309,-51.52038],[-58.29634,-51.48726],[-58.29791,-51.53063],[-58.20128,-51.52421],[-58.26295,-51.55366],[-58.14666,-51.61182],[-58.25218,-51.58437],[-58.24164,-51.61774],[-58.20462,-51.62237],[-58.22855,-51.62711],[-58.20439,-51.63035],[-58.21727,-51.63265],[-58.21171,-51.64167],[-58.17283,-51.64352],[-58.20218,-51.64476],[-58.22658,-51.63767],[-58.2185,-51.66018],[-58.24793,-51.62093],[-58.24087,-51.65403],[-58.25838,-51.65286],[-58.26629,-51.6616],[-58.27954,-51.66166],[-58.26995,-51.66058],[-58.26384,-51.65521],[-58.28086,-51.65584],[-58.26227,-51.65366],[-58.25619,-51.6218],[-58.28207,-51.62327],[-58.25222,-51.61444],[-58.28286,-51.5977],[-58.30901,-51.61489],[-58.29207,-51.58861],[-58.26405,-51.5946],[-58.27564,-51.55588],[-58.32668,-51.53772],[-58.32823,-51.56736],[-58.38587,-51.56488],[-58.37748,-51.53019],[-58.40514,-51.52816],[-58.4175,-51.56312],[-58.46273,-51.54771],[-58.42201,-51.53461],[-58.42474,-51.4689],[-58.47317,-51.49115],[-58.49191,-51.46846],[-58.52984,-51.51196],[-58.53667,-51.49167],[-58.5426,-51.49019],[-58.51449,-51.47842],[-58.52059,-51.47451],[-58.52662,-51.48235],[-58.53236,-51.47653],[-58.55523,-51.47563],[-58.55988,-51.48024],[-58.55995,-51.47563],[-58.54625,-51.47152],[-58.55157,-51.46919],[-58.52329,-51.4712],[-58.53531,-51.45857],[-58.54373,-51.45724],[-58.5042,-51.45378],[-58.50815,-51.43646],[-58.54179,-51.44465],[-58.51763,-51.42878],[-58.59617,-51.46462],[-58.63358,-51.47005],[-58.62679,-51.46315],[-58.62494,-51.4669],[-58.59652,-51.45211],[-58.59457,-51.45437],[-58.52291,-51.42907],[-58.59898,-51.43949],[-58.53773,-51.42109],[-58.55794,-51.40415],[-58.50635,-51.38155],[-58.5194,-51.41979],[-58.48391,-51.39832],[-58.45704,-51.45504],[-58.36677,-51.43382],[-58.36276,-51.46615],[-58.33106,-51.43861],[-58.35874,-51.43284],[-58.31509,-51.41667],[-58.34083,-51.39047],[-58.37665,-51.39469],[-58.33247,-51.38597],[-58.34298,-51.35451],[-58.46591,-51.29814],[-58.63658,-51.31443],[-58.61765,-51.35046],[-58.56882,-51.32352],[-58.56248,-51.36408],[-58.58004,-51.34755],[-58.61648,-51.35674],[-58.619,-51.35825],[-58.63956,-51.32387],[-58.67022,-51.33583],[-58.73863,-51.31498],[-58.73979,-51.3497],[-58.74582,-51.31745],[-58.9053,-51.27617],[-58.961,-51.23472]],[[-58.66342,-51.95291],[-58.6652,-51.94993],[-58.66102,-51.95529],[-58.66342,-51.95291]]],[[[-59.90477,-51.21714],[-59.91395,-51.21355],[-59.9176,-51.20844],[-59.9278,-51.21412],[-59.92609,-51.21572],[-59.90503,-51.22139],[-59.90011,-51.21814],[-59.90477,-51.21714]]],[[[-60.84253,-51.19499],[-60.85045,-51.19395],[-60.88078,-51.19911],[-60.94094,-51.21505],[-60.88607,-51.21002],[-60.84253,-51.19499]]],[[[-60.898,-51.17134],[-60.90131,-51.16956],[-60.90443,-51.17037],[-60.898,-51.17134]]],[[[-60.24284,-51.15989],[-60.24819,-51.16001],[-60.24237,-51.16036],[-60.24284,-51.15989]]],[[[-60.83221,-51.15156],[-60.84172,-51.15331],[-60.88953,-51.17284],[-60.85002,-51.16707],[-60.82945,-51.16047],[-60.83178,-51.15378],[-60.83221,-51.15156]]],[[[-60.37509,-51.14677],[-60.40705,-51.14416],[-60.44287,-51.15219],[-60.37509,-51.14677]]],[[[-60.73394,-51.12472],[-60.7392,-51.1238],[-60.76156,-51.12839],[-60.73394,-51.12472]]],[[[-60.79459,-51.11977],[-60.79462,-51.1189],[-60.79789,-51.11816],[-60.79459,-51.11977]]],[[[-60.90015,-51.08938],[-60.90641,-51.08872],[-60.86383,-51.12412],[-60.88443,-51.10101],[-60.88954,-51.10176],[-60.89787,-51.09281],[-60.90015,-51.08938]]],[[[-60.98358,-51.05394],[-60.97677,-51.05661],[-60.97939,-51.05003],[-60.98358,-51.05394]]],[[[-61.11533,-51.02698],[-61.12006,-51.02289],[-61.12586,-51.02454],[-61.12881,-51.02671],[-61.12462,-51.03023],[-61.12654,-51.0716],[-61.0465,-51.08169],[-61.09573,-51.04173],[-61.09222,-51.0384],[-61.09128,-51.03447],[-61.09678,-51.0338],[-61.11533,-51.02698]]],[[[-61.21996,-51.02562],[-61.24027,-51.01396],[-61.24642,-51.0289],[-61.16663,-51.05542],[-61.20568,-51.03825],[-61.21162,-51.03433],[-61.21996,-51.02562]]],[[[-61.4549,-51.00125],[-61.45462,-51.00055],[-61.45555,-51.00083],[-61.4549,-51.00125]]]]},"properties":{"id":"ecoregiones_argentina.6","ecorregion":"Islas del Atlantico Sur","hectareas":1587860}},{"type":"Feature","geometry":{"type":"MultiPolygon","coordinates":[[[[-64.60543,-54.91344],[-64.60819,-54.91335],[-64.60662,-54.91444],[-64.60543,-54.91344]]],[[[-67.39498,-54.90294],[-67.39637,-54.90393],[-67.3747,-54.90361],[-67.39498,-54.90294]]],[[[-67.42838,-54.88484],[-67.43504,-54.88565],[-67.43076,-54.88574],[-67.42722,-54.88702],[-67.42838,-54.88484]]],[[[-67.48425,-54.87929],[-67.5098,-54.8766],[-67.54033,-54.87979],[-67.51369,-54.91072],[-67.49583,-54.91218],[-67.48434,-54.91731],[-67.46207,-54.9016],[-67.41428,-54.91225],[-67.41656,-54.90397],[-67.42203,-54.89949],[-67.41272,-54.89403],[-67.4361,-54.89293],[-67.48425,-54.87929]]],[[[-68.2398,-54.86803],[-68.25021,-54.86592],[-68.26704,-54.86966],[-68.23288,-54.87037],[-68.2398,-54.86803]]],[[[-68.45067,-54.86296],[-68.45575,-54.86207],[-68.46009,-54.86527],[-68.4525,-54.8647],[-68.45067,-54.86296]]],[[[-68.24786,-54.84821],[-68.25751,-54.84669],[-68.24966,-54.84948],[-68.24786,-54.84821]]],[[[-64.15376,-54.85279],[-64.15197,-54.84916],[-64.15061,-54.84636],[-64.16191,-54.8513],[-64.15376,-54.85279]]],[[[-64.34948,-54.84396],[-64.35062,-54.84401],[-64.34986,-54.84444],[-64.34948,-54.84396]]],[[[-64.09507,-54.74648],[-64.10149,-54.74535],[-64.10316,-54.74922],[-64.09507,-54.74648]]],[[[-64.09691,-54.73952],[-64.09412,-54.74202],[-64.09126,-54.74071],[-64.09691,-54.73952]]],[[[-64.32149,-54.73605],[-64.33829,-54.72958],[-64.3401,-54.71392],[-64.34647,-54.72839],[-64.34962,-54.73305],[-64.35699,-54.74666],[-64.37636,-54.75751],[-64.37332,-54.76522],[-64.37179,-54.81119],[-64.3914,-54.74914],[-64.42152,-54.75489],[-64.41243,-54.78273],[-64.54464,-54.72525],[-64.51142,-54.79806],[-64.55687,-54.79592],[-64.5865,-54.82081],[-64.64789,-54.77681],[-64.69541,-54.78281],[-64.67502,-54.8008],[-64.73784,-54.80451],[-64.74863,-54.85648],[-64.67146,-54.8449],[-64.64387,-54.88914],[-64.70424,-54.91546],[-64.53905,-54.88842],[-64.46614,-54.82343],[-64.44434,-54.83895],[-64.50131,-54.86231],[-64.44967,-54.87568],[-64.39442,-54.82733],[-64.32431,-54.82465],[-64.30613,-54.7881],[-64.26365,-54.80454],[-64.23468,-54.78196],[-64.224,-54.85749],[-64.20058,-54.8284],[-64.17964,-54.83893],[-64.12063,-54.81436],[-64.10986,-54.83328],[-64.0612,-54.77974],[-64.03449,-54.80799],[-63.9549,-54.76683],[-63.95341,-54.81335],[-63.8828,-54.77968],[-63.84568,-54.7892],[-63.79613,-54.7259],[-63.82593,-54.72061],[-63.87875,-54.75523],[-63.87631,-54.7168],[-63.98987,-54.73566],[-64.03413,-54.77534],[-64.04894,-54.77688],[-64.04728,-54.73036],[-64.10843,-54.76433],[-64.12526,-54.7281],[-64.16492,-54.74019],[-64.15117,-54.74423],[-64.14341,-54.75166],[-64.13737,-54.75818],[-64.15455,-54.76741],[-64.22498,-54.74395],[-64.25943,-54.73986],[-64.32149,-54.73605]]],[[[-64.23379,-54.70057],[-64.24402,-54.69934],[-64.24517,-54.70191],[-64.24312,-54.70372],[-64.23669,-54.70505],[-64.23436,-54.70243],[-64.23379,-54.70057]]],[[[-64.13052,-54.64864],[-64.13552,-54.64739],[-64.16241,-54.65066],[-64.13968,-54.6688],[-64.13052,-54.64864]]],[[[-67.49161,-53.94186],[-67.50984,-53.93903],[-67.66938,-53.94358],[-67.83434,-54.021],[-68.04579,-54.08311],[-68.42168,-54.03085],[-68.48272,-54.0022],[-68.60762,-54.00272],[-68.60942,-54.89396],[-68.49993,-54.86711],[-68.57539,-54.85263],[-68.42885,-54.85806],[-68.31442,-54.83657],[-68.32477,-54.84136],[-68.2606,-54.84071],[-68.31521,-54.8108],[-68.24853,-54.79503],[-68.03331,-54.85021],[-67.70346,-54.88603],[-67.50576,-54.85349],[-67.50631,-54.87463],[-67.45052,-54.86564],[-67.40951,-54.88941],[-67.34144,-54.88273],[-67.35269,-54.86611],[-67.30266,-54.88735],[-67.27845,-54.86999],[-67.276,-54.88775],[-66.76447,-54.96074],[-66.64883,-55.02818],[-66.45025,-55.05751],[-66.37216,-55.03957],[-66.33409,-54.9965],[-66.10766,-54.99493],[-65.97136,-54.96837],[-65.98239,-54.9026],[-65.73911,-54.90985],[-65.71901,-54.97136],[-65.51102,-54.93494],[-65.46828,-54.88859],[-65.38214,-54.94107],[-65.23229,-54.82926],[-65.26387,-54.7959],[-65.20384,-54.78011],[-65.19347,-54.69525],[-65.13446,-54.66522],[-65.11676,-54.65823],[-65.23435,-54.64138],[-65.25453,-54.66332],[-65.23488,-54.61883],[-65.40188,-54.64035],[-65.42853,-54.66319],[-65.43081,-54.64215],[-65.51119,-54.65586],[-65.5199,-54.67756],[-65.55117,-54.64734],[-65.68418,-54.66343],[-65.82148,-54.64786],[-66.465,-54.47873],[-66.69932,-54.3007],[-66.69247,-54.29894],[-66.75248,-54.2524],[-67.25105,-54.08106],[-67.49161,-53.94186]],[[-68.47971,-54.86084],[-68.4864,-54.86656],[-68.48198,-54.86271],[-68.47971,-54.86084]]],[[[-71.65001,-51.9998],[-71.62642,-51.93099],[-71.74688,-51.86192],[-71.8852,-51.81449],[-71.99713,-51.83436],[-71.92884,-51.91455],[-72.03425,-51.96055],[-72.01246,-51.97623],[-71.96447,-51.97283],[-71.92254,-51.99994],[-71.65001,-51.9998]]],[[[-72.15127,-51.23759],[-72.27433,-51.23486],[-72.26918,-51.28325],[-72.37171,-51.33626],[-72.30897,-51.36645],[-72.34466,-51.52074],[-72.40518,-51.51339],[-72.44219,-51.58488],[-72.32702,-51.58734],[-72.31915,-51.62546],[-72.2874,-51.63261],[-72.20073,-51.63115],[-72.153,-51.56207],[-71.6379,-51.77654],[-71.54054,-51.78238],[-71.41341,-51.82887],[-71.25172,-51.82907],[-71.24358,-51.77575],[-71.27646,-51.74446],[-71.78271,-51.58574],[-72.01765,-51.47963],[-72.01457,-51.32586],[-72.15127,-51.23759]]],[[[-71.72285,-46.76623],[-71.653,-46.69248],[-71.65344,-46.68941],[-71.83289,-46.79776],[-71.95538,-46.81442],[-71.93134,-46.86816],[-71.97106,-46.90523],[-71.95799,-46.97424],[-71.88004,-47.01011],[-71.95405,-47.07606],[-71.85997,-47.13188],[-71.85048,-47.16419],[-71.88886,-47.17963],[-71.8947,-47.21098],[-71.86474,-47.23057],[-72.01861,-47.19842],[-71.99644,-47.29495],[-72.0477,-47.34],[-72.12808,-47.32812],[-72.19735,-47.41704],[-72.24448,-47.40609],[-72.34134,-47.45619],[-72.29114,-47.51189],[-72.32703,-47.57137],[-72.30909,-47.59084],[-72.42081,-47.66163],[-72.44272,-47.7461],[-72.46606,-47.73789],[-72.48442,-47.75908],[-72.52334,-47.74044],[-72.46816,-47.81275],[-72.52742,-47.93778],[-72.49781,-47.96116],[-72.42597,-47.96699],[-72.44379,-48.06435],[-72.36031,-48.0736],[-72.29908,-48.15863],[-72.3167,-48.23401],[-72.22641,-48.32056],[-72.27798,-48.36261],[-72.38069,-48.35013],[-72.34776,-48.3902],[-72.40641,-48.41607],[-72.37351,-48.44982],[-72.44159,-48.51409],[-72.50242,-48.51855],[-72.53572,-48.48268],[-72.58575,-48.48732],[-72.53544,-48.66547],[-72.53337,-48.7995],[-72.63694,-48.86725],[-72.69109,-48.86756],[-72.69435,-48.89539],[-72.74814,-48.91029],[-72.79459,-48.96808],[-72.91971,-48.9357],[-72.94644,-48.9456],[-72.99286,-48.99723],[-72.98137,-49.02916],[-73.01384,-49.03619],[-73.00491,-49.06345],[-73.14543,-49.19015],[-73.13319,-49.26718],[-73.08937,-49.25306],[-73.04559,-49.27368],[-73.14368,-49.271],[-73.4707,-49.20111],[-73.495,-49.242],[-73.49371,-49.27271],[-73.41058,-49.3194],[-73.42621,-49.39191],[-73.49042,-49.42871],[-73.46381,-49.48248],[-73.53961,-49.49823],[-73.54968,-49.53809],[-73.46368,-49.6189],[-73.50909,-49.7052],[-73.43878,-49.75781],[-73.55261,-49.92389],[-73.50519,-49.96649],[-73.56659,-50.02039],[-73.48291,-50.05408],[-73.5415,-50.11902],[-73.52081,-50.15308],[-73.55518,-50.18439],[-73.56543,-50.27069],[-73.48071,-50.32568],[-73.48639,-50.38208],[-73.40369,-50.45081],[-73.43262,-50.48309],[-73.3645,-50.48792],[-73.38641,-50.51642],[-73.2887,-50.586],[-73.27081,-50.6488],[-73.17273,-50.6767],[-73.28601,-50.7395],[-73.25598,-50.75012],[-73.28491,-50.7879],[-73.26752,-50.82397],[-73.20349,-50.82098],[-73.09692,-50.77338],[-73.0697,-50.78888],[-73.04199,-50.76129],[-72.9547,-50.74096],[-72.89144,-50.67018],[-72.73358,-50.61579],[-72.5947,-50.68166],[-72.55367,-50.62788],[-72.78708,-50.36321],[-72.85098,-50.13386],[-72.88975,-50.10649],[-72.87644,-50.00105],[-72.90974,-49.91074],[-72.86671,-49.68653],[-72.79906,-49.59745],[-72.76907,-49.44765],[-72.65572,-49.34089],[-72.62882,-49.23622],[-72.43783,-48.94516],[-72.44774,-48.8396],[-72.39145,-48.56829],[-72.29883,-48.48869],[-72.18755,-48.53293],[-72.06367,-48.53359],[-72.05686,-48.47667],[-72.1761,-48.36531],[-72.17622,-48.29252],[-72.2092,-48.25494],[-72.19069,-48.10202],[-72.22192,-48.06572],[-72.19138,-47.82635],[-71.80564,-47.17844],[-71.83402,-47.08631],[-71.77818,-47.05456],[-71.72285,-46.76623]]],[[[-71.75212,-46.23157],[-71.73367,-46.09263],[-71.785,-46.12202],[-71.82476,-46.11057],[-71.91465,-46.13992],[-71.89828,-46.16222],[-71.86507,-46.15685],[-71.85937,-46.1947],[-71.79302,-46.1909],[-71.75212,-46.23157]]],[[[-71.55261,-45.79752],[-71.4974,-45.50093],[-71.55956,-45.52358],[-71.68214,-45.51508],[-71.76353,-45.56031],[-71.7266,-45.57746],[-71.79566,-45.66613],[-71.77305,-45.68124],[-71.80138,-45.71899],[-71.74327,-45.80259],[-71.76897,-45.84439],[-71.6904,-45.86529],[-71.64816,-45.90314],[-71.60083,-45.81902],[-71.55261,-45.79752]]],[[[-71.38771,-44.7921],[-71.48404,-44.73724],[-71.66634,-44.78721],[-71.68699,-44.76502],[-71.78648,-44.75226],[-71.82458,-44.77494],[-71.81546,-44.79309],[-71.8598,-44.80048],[-71.91461,-44.77661],[-71.9275,-44.80403],[-72.00549,-44.7843],[-72.01816,-44.75666],[-72.067,-44.75982],[-72.07392,-44.78107],[-72.02698,-44.80582],[-72.06536,-44.84828],[-72.03635,-44.86233],[-72.06582,-44.87672],[-72.03367,-44.90476],[-71.97925,-44.90356],[-71.87991,-44.95939],[-71.81722,-44.91979],[-71.77815,-44.94026],[-71.75384,-44.92648],[-71.74211,-44.95835],[-71.55972,-44.97745],[-71.51361,-45.09839],[-71.5097,-45.0929],[-71.38771,-44.7921]]],[[[-70.95077,-36.86366],[-71.04273,-36.77146],[-71.10774,-36.76749],[-71.13933,-36.85338],[-71.11912,-36.86918],[-71.14429,-36.92898],[-71.08821,-36.92868],[-71.10002,-36.96584],[-71.2224,-36.97825],[-71.1673,-36.99699],[-71.14177,-37.06954],[-71.09229,-37.11465],[-71.1353,-37.14775],[-71.11534,-37.20775],[-71.17042,-37.22539],[-71.15551,-37.23511],[-71.18799,-37.27591],[-71.22104,-37.27511],[-71.18568,-37.35477],[-71.19733,-37.38386],[-71.15357,-37.40067],[-71.11818,-37.46915],[-71.15153,-37.53929],[-71.12798,-37.58756],[-71.20634,-37.64802],[-71.21117,-37.69718],[-71.12644,-37.82073],[-71.18299,-37.85843],[-71.1389,-37.85991],[-71.10792,-37.89105],[-71.11391,-37.95206],[-71.0626,-37.97021],[-71.05487,-38.04363],[-70.98799,-38.08775],[-70.98991,-38.11091],[-71.04296,-38.12277],[-70.99665,-38.17099],[-71.03171,-38.24973],[-70.99762,-38.29199],[-70.98402,-38.43066],[-70.84306,-38.53752],[-70.82649,-38.59182],[-70.90451,-38.66686],[-70.88374,-38.70181],[-70.92673,-38.7632],[-71.07005,-38.76972],[-71.09382,-38.75488],[-71.18532,-38.81487],[-71.23844,-38.80279],[-71.29654,-38.87335],[-71.4336,-38.92894],[-71.44151,-38.98103],[-71.39601,-39.04563],[-71.42119,-39.15107],[-71.38107,-39.21133],[-71.37409,-39.28316],[-71.40036,-39.3506],[-71.45702,-39.37057],[-71.44709,-39.45062],[-71.47294,-39.49327],[-71.53438,-39.53041],[-71.50399,-39.56038],[-71.47077,-39.55327],[-71.46112,-39.58286],[-71.50241,-39.6378],[-71.57664,-39.63625],[-71.67418,-39.56364],[-71.71759,-39.63713],[-71.66948,-39.68301],[-71.71242,-39.72442],[-71.66697,-39.80721],[-71.69154,-39.84142],[-71.67007,-39.86294],[-71.64291,-39.85339],[-71.63319,-39.88196],[-71.61267,-39.87437],[-71.59269,-39.91138],[-71.62518,-39.93787],[-71.61991,-39.97249],[-71.65113,-39.97138],[-71.68893,-40.03225],[-71.67357,-40.10372],[-71.69832,-40.11682],[-71.82703,-40.08992],[-71.79843,-40.13748],[-71.8289,-40.1732],[-71.79985,-40.18664],[-71.83008,-40.2159],[-71.75436,-40.30379],[-71.71676,-40.27898],[-71.68498,-40.29401],[-71.6566,-40.36285],[-71.6931,-40.37373],[-71.69262,-40.40565],[-71.73685,-40.44082],[-71.79337,-40.40731],[-71.82496,-40.4219],[-71.84277,-40.52533],[-71.8588,-40.55523],[-71.89042,-40.55605],[-71.856,-40.59242],[-71.82383,-40.57791],[-71.84325,-40.62638],[-71.96278,-40.71986],[-71.96569,-40.74559],[-71.92136,-40.78576],[-71.93514,-40.82191],[-71.90828,-40.85804],[-71.85818,-40.87948],[-71.85644,-40.96002],[-71.90451,-40.96173],[-71.90634,-40.98611],[-71.81794,-41.06229],[-71.84959,-41.08315],[-71.83936,-41.1504],[-71.88751,-41.16813],[-71.83444,-41.27203],[-71.89701,-41.25514],[-71.87602,-41.30739],[-71.91124,-41.35674],[-71.82701,-41.4435],[-71.85207,-41.51485],[-71.81764,-41.57521],[-71.8468,-41.56529],[-71.88556,-41.60599],[-71.79438,-41.69474],[-71.81037,-41.72053],[-71.75393,-41.78745],[-71.77399,-41.79365],[-71.75137,-41.82493],[-71.79748,-41.84263],[-71.77214,-41.93085],[-71.79378,-41.96155],[-71.75723,-42.03708],[-71.72765,-42.04664],[-71.72612,-42.11024],[-71.78173,-42.14808],[-71.87446,-42.1547],[-71.92375,-42.19041],[-71.95755,-42.14125],[-72.05201,-42.11392],[-72.07909,-42.12953],[-72.06651,-42.14674],[-72.17153,-42.13936],[-72.18826,-42.16097],[-72.15681,-42.19373],[-72.1681,-42.25987],[-72.12084,-42.32399],[-72.13186,-42.38432],[-72.11271,-42.3983],[-72.07722,-42.38247],[-72.02849,-42.40752],[-72.04813,-42.45236],[-72.0126,-42.49486],[-72.05135,-42.56512],[-72.11851,-42.60296],[-72.09603,-42.64203],[-72.1787,-42.6892],[-72.12842,-42.73105],[-72.13133,-42.77713],[-72.16502,-42.79831],[-72.11829,-42.8817],[-72.14255,-42.89986],[-72.0732,-42.94961],[-72.03616,-43.01339],[-71.93631,-43.05277],[-71.9329,-43.10213],[-71.76053,-43.16462],[-71.7292,-43.20025],[-71.75725,-43.22827],[-71.7346,-43.31433],[-71.7864,-43.29697],[-71.8401,-43.33521],[-71.90439,-43.32189],[-71.89374,-43.38009],[-71.93321,-43.38656],[-71.91411,-43.41665],[-71.93423,-43.4491],[-71.88138,-43.4513],[-71.84864,-43.48289],[-71.87748,-43.55108],[-71.77652,-43.53869],[-71.75741,-43.58423],[-71.70798,-43.5845],[-71.70346,-43.62525],[-71.62629,-43.62371],[-71.58146,-43.65168],[-71.612,-43.67604],[-71.59978,-43.69697],[-71.66036,-43.70238],[-71.75342,-43.78818],[-71.76275,-43.84058],[-71.70872,-43.85574],[-71.70738,-43.89449],[-71.66643,-43.90123],[-71.64878,-43.94593],[-71.75943,-44.09961],[-71.84866,-44.11353],[-71.84667,-44.15924],[-71.78002,-44.21719],[-71.82954,-44.26537],[-71.80312,-44.27169],[-71.78697,-44.33042],[-71.83935,-44.3524],[-71.80299,-44.41965],[-71.71169,-44.37922],[-71.66927,-44.40848],[-71.52076,-44.39657],[-71.50523,-44.22612],[-71.45348,-44.20475],[-71.35232,-43.83849],[-71.30606,-43.80009],[-71.27433,-43.5331],[-71.22163,-43.51167],[-71.20335,-43.31802],[-71.26952,-43.27084],[-71.35235,-43.26579],[-71.54289,-43.18868],[-71.48357,-42.799],[-71.28924,-42.59101],[-71.24258,-42.59316],[-71.19267,-42.55607],[-71.19162,-42.38788],[-71.24313,-42.38791],[-71.26937,-42.43205],[-71.35907,-42.48276],[-71.29765,-42.00239],[-71.20676,-41.88843],[-71.18566,-41.78558],[-71.12695,-41.68918],[-71.07711,-41.66276],[-71.02278,-41.57805],[-71.02794,-41.52174],[-71.06387,-41.49391],[-71.06342,-41.4271],[-71.19834,-41.19078],[-71.27325,-41.12054],[-71.26763,-41.0504],[-71.36771,-40.82741],[-71.31301,-40.71302],[-71.29216,-40.52903],[-71.21065,-40.4862],[-71.1247,-40.21918],[-71.07318,-40.1964],[-71.06702,-40.09285],[-71.1116,-40.06582],[-71.05102,-40.04462],[-71.04424,-39.9948],[-71.13464,-39.93831],[-71.14823,-39.89236],[-71.22179,-39.88191],[-71.29565,-39.8153],[-71.29263,-39.77607],[-71.24641,-39.75789],[-71.16083,-39.77128],[-71.12023,-39.80769],[-71.02933,-39.81287],[-70.93571,-39.69398],[-70.96813,-39.65082],[-70.99641,-39.46464],[-71.02436,-39.42524],[-71.01081,-39.19312],[-71.08038,-39.09463],[-71.05508,-38.93343],[-71.01729,-38.8742],[-70.95738,-38.84694],[-70.70155,-38.90169],[-70.62246,-38.78909],[-70.75577,-38.63812],[-70.68732,-38.59195],[-70.73886,-38.54333],[-70.7096,-38.39771],[-70.87965,-38.22007],[-70.88289,-38.17816],[-71.02086,-37.96347],[-70.98988,-37.92899],[-71.01376,-37.88143],[-71.00864,-37.71695],[-71.07295,-37.58053],[-71.02904,-37.5299],[-71.08605,-37.35441],[-71.00394,-37.2887],[-70.96224,-37.29046],[-70.9555,-37.25613],[-70.99114,-37.23076],[-71.05827,-37.07394],[-71.01378,-37.03168],[-70.99972,-36.90815],[-70.95077,-36.86366]]]]},"properties":{"id":"ecoregiones_argentina.7","ecorregion":"Bosques Patagonicos","hectareas":6454092}},{"type":"Feature","geometry":{"type":"Polygon","coordinates":[[[-55.66126,-27.37022],[-55.73277,-27.44311],[-55.77339,-27.44428],[-55.89335,-27.34399],[-55.97895,-27.35512],[-56.05006,-27.3079],[-56.12025,-27.31771],[-56.23757,-27.40239],[-56.28423,-27.40849],[-56.29242,-27.49155],[-56.33837,-27.52403],[-56.35936,-27.59057],[-56.41926,-27.60454],[-56.43021,-27.84565],[-56.46081,-27.96769],[-56.69136,-28.16178],[-56.82357,-28.36917],[-56.95936,-28.4306],[-56.99715,-28.47591],[-57.20976,-28.5423],[-57.30822,-28.60213],[-57.51703,-28.61902],[-57.53734,-28.65122],[-57.5791,-28.74412],[-57.58899,-28.97192],[-57.55704,-29.03175],[-57.64022,-29.2071],[-57.56472,-29.33317],[-57.55129,-29.41715],[-57.51763,-29.44197],[-57.51422,-29.49884],[-57.54199,-29.52441],[-57.54626,-29.60319],[-57.68602,-29.78936],[-57.68282,-29.86054],[-57.70645,-29.88822],[-57.70744,-29.94608],[-57.64796,-30.03928],[-57.60366,-30.05417],[-57.63308,-30.17525],[-57.53264,-30.15666],[-57.47024,-30.1162],[-57.40854,-30.03202],[-57.34293,-30],[-57.32783,-29.88326],[-57.28287,-29.81964],[-57.22995,-29.77916],[-57.11953,-29.76367],[-56.97052,-29.64153],[-56.95737,-29.58969],[-56.81383,-29.48199],[-56.76746,-29.38256],[-56.70394,-29.36224],[-56.64958,-29.27241],[-56.64541,-29.1993],[-56.5915,-29.12431],[-56.41953,-29.07898],[-56.39877,-29.02581],[-56.40991,-28.97765],[-56.30195,-28.90111],[-56.29437,-28.79771],[-56.18552,-28.77],[-56.11857,-28.68168],[-56.0076,-28.60495],[-56.02567,-28.53596],[-56.00865,-28.506],[-55.88236,-28.47771],[-55.90303,-28.4081],[-55.8783,-28.36116],[-55.75745,-28.36859],[-55.69633,-28.42316],[-55.66994,-28.33076],[-55.77448,-28.27252],[-55.7752,-28.24438],[-55.63225,-28.17678],[-55.60756,-28.1163],[-55.55993,-28.16422],[-55.49551,-28.07919],[-55.44775,-28.09906],[-55.37046,-28.02845],[-55.38442,-27.98296],[-55.33902,-27.9663],[-55.32888,-27.92847],[-55.27477,-27.93227],[-55.58728,-27.78521],[-55.62946,-27.70663],[-55.64286,-27.5239],[-55.61124,-27.47885],[-55.66126,-27.37022]]]},"properties":{"id":"ecoregiones_argentina.9","ecorregion":"Campos y Malezales","hectareas":2689619}},{"type":"Feature","geometry":{"type":"Polygon","coordinates":[[[-59.23801,-24.54728],[-59.2576,-24.51968],[-59.35079,-24.48278],[-59.3741,-24.42187],[-59.42128,-24.40888],[-59.47591,-24.33114],[-60.03901,-24.01166],[-60.17753,-24.04402],[-60.29507,-24.04143],[-60.37423,-24.02372],[-60.38951,-23.99495],[-60.47779,-23.95094],[-60.50966,-23.97086],[-60.58993,-23.95884],[-60.58735,-23.91702],[-60.61282,-23.90382],[-60.84734,-23.87155],[-60.93393,-23.80033],[-60.95895,-23.82057],[-60.98681,-23.81287],[-61.09518,-23.66666],[-61.08951,-23.61386],[-61.12189,-23.5849],[-61.13192,-23.59801],[-61.13017,-23.5785],[-61.18974,-23.54067],[-61.2469,-23.5408],[-61.2921,-23.50929],[-61.28086,-23.48867],[-61.35207,-23.44995],[-61.38466,-23.45901],[-61.44949,-23.41905],[-61.49412,-23.42443],[-61.51496,-23.35215],[-61.56656,-23.33938],[-61.57295,-23.30403],[-61.63666,-23.27543],[-61.6708,-23.28452],[-61.7349,-23.23575],[-61.75442,-23.17109],[-61.8066,-23.15699],[-61.86056,-23.08572],[-61.93473,-23.06769],[-61.99712,-23.01018],[-61.9996,-22.92958],[-62.02482,-22.92771],[-62.04055,-22.86942],[-62.20095,-22.70696],[-62.17722,-22.69361],[-62.20102,-22.68366],[-62.18896,-22.62255],[-62.20775,-22.64572],[-62.26379,-22.60358],[-62.23323,-22.56986],[-62.25121,-22.51597],[-62.28654,-22.52314],[-62.2902,-22.47461],[-62.32732,-22.48431],[-62.34404,-22.45521],[-62.38061,-22.47358],[-62.46547,-22.4026],[-62.46389,-22.37207],[-62.5186,-22.37824],[-62.54034,-22.32857],[-62.57077,-22.3334],[-62.56919,-22.30977],[-62.5969,-22.32167],[-62.63665,-22.30528],[-62.63551,-22.23924],[-62.66023,-22.25068],[-62.76513,-22.15231],[-62.78764,-22.16612],[-62.81385,-22.10564],[-62.79696,-22.06676],[-62.81118,-21.99877],[-63.57206,-21.99937],[-63.594,-22.148],[-63.64676,-22.21937],[-63.93457,-23.08736],[-64.02626,-23.18667],[-64.06257,-23.27209],[-64.14098,-23.31612],[-64.21225,-23.31575],[-64.28407,-23.37401],[-64.31424,-23.44854],[-64.49458,-23.67421],[-64.5491,-23.67952],[-64.68162,-23.81237],[-64.71037,-23.79944],[-64.98923,-24.07324],[-65.08672,-24.11336],[-65.25881,-24.12387],[-65.26486,-24.20529],[-65.11877,-24.38287],[-65.08651,-24.50836],[-65.06414,-24.52618],[-65.06091,-24.60755],[-65.08946,-24.64244],[-65.09425,-24.70471],[-65.0304,-24.82878],[-65.16533,-25.04743],[-65.25551,-25.12571],[-65.32143,-25.09132],[-65.32138,-24.86151],[-65.38734,-24.78639],[-65.38634,-24.72414],[-65.34719,-24.69166],[-65.34638,-24.59589],[-65.40661,-24.59375],[-65.52406,-24.69232],[-65.59968,-24.80745],[-65.54185,-25.19629],[-65.69653,-25.41812],[-65.69237,-25.4995],[-65.65926,-25.5497],[-65.65367,-25.6562],[-65.62578,-25.7076],[-65.37071,-25.47693],[-65.33642,-25.47798],[-65.34431,-25.72456],[-65.30705,-25.76986],[-65.23753,-25.68574],[-65.23117,-25.64861],[-65.26571,-25.61408],[-65.2272,-25.44513],[-65.05074,-25.2538],[-65.01126,-25.25354],[-64.96859,-25.32027],[-64.96802,-25.38728],[-64.93746,-25.41699],[-65.01837,-25.67605],[-65.17057,-26.0085],[-65.54414,-26.32491],[-65.54589,-26.55588],[-65.34135,-26.72141],[-65.26272,-26.72462],[-65.15789,-26.6642],[-65.14146,-26.36734],[-65.08764,-26.28443],[-65.02941,-26.10336],[-64.95994,-26.01551],[-64.94006,-25.86937],[-64.90718,-25.84879],[-64.80492,-25.89106],[-64.83356,-25.93796],[-64.8381,-26.01578],[-64.80872,-26.03948],[-64.81634,-26.20348],[-64.8542,-26.26601],[-64.70386,-26.41789],[-64.71811,-26.57118],[-64.8111,-26.71557],[-65.06407,-26.89934],[-65.60362,-27.17352],[-65.66897,-27.24309],[-65.81025,-27.6095],[-65.76691,-27.78054],[-65.60857,-28.04221],[-65.54935,-28.33873],[-65.50727,-28.37328],[-65.50012,-28.45461],[-65.46484,-28.47242],[-65.46708,-28.56455],[-65.5517,-28.74072],[-65.5759,-29.13318],[-65.63457,-29.10703],[-65.61972,-28.69905],[-65.54972,-28.56963],[-65.54328,-28.49065],[-65.60883,-28.34131],[-65.74706,-28.21362],[-65.84999,-28.01516],[-65.91071,-27.94821],[-66.01313,-28.13609],[-65.91038,-28.34782],[-65.90763,-28.39688],[-66.06337,-28.64335],[-66.29855,-28.84521],[-66.40855,-28.83176],[-66.77637,-28.96891],[-66.91989,-29.04815],[-67.0544,-29.15602],[-67.0484,-29.2362],[-66.9921,-29.33711],[-67.01248,-29.74004],[-67.09846,-29.95703],[-67.20293,-30.07811],[-67.2213,-30.22982],[-67.30412,-30.34862],[-67.41436,-30.34388],[-67.52786,-30.28401],[-67.61732,-30.27815],[-67.66894,-30.31577],[-67.72008,-30.4024],[-67.65898,-30.46059],[-67.65147,-30.50612],[-67.36106,-30.77376],[-67.28377,-30.89771],[-67.26477,-31.03422],[-67.22366,-31.07766],[-67.23563,-31.35736],[-67.32562,-31.51429],[-67.40148,-31.54696],[-67.40932,-31.88165],[-67.28829,-32.14477],[-67.2616,-32.34829],[-67.18633,-32.40879],[-67.18005,-32.46743],[-67.22307,-32.51963],[-67.09947,-33.14123],[-66.99126,-33.24733],[-67.07381,-33.36738],[-67.0733,-33.55745],[-66.99902,-33.67761],[-66.97434,-33.77104],[-66.90671,-33.87197],[-66.72328,-33.53011],[-66.50427,-33.42241],[-66.46577,-33.41897],[-66.45077,-33.55292],[-66.3494,-33.55205],[-66.34541,-33.62379],[-66.26824,-33.62278],[-66.12238,-33.53813],[-65.98257,-33.11978],[-65.77316,-32.7884],[-65.35798,-33.04879],[-65.39605,-33.29405],[-65.33847,-33.37863],[-65.23267,-33.41987],[-65.20618,-33.35514],[-65.13032,-33.3905],[-65.00957,-33.35732],[-64.89397,-33.14954],[-64.92573,-33.10917],[-64.93236,-33.03033],[-64.75916,-32.93309],[-64.70824,-32.82857],[-64.5425,-32.65939],[-64.46156,-32.51736],[-64.45421,-32.28654],[-64.33178,-32.28618],[-64.33646,-32.56837],[-64.30074,-32.5906],[-64.27429,-32.57111],[-64.26336,-32.47892],[-64.23703,-32.55484],[-64.18586,-32.54596],[-64.18331,-32.18013],[-64.26138,-32.06646],[-64.29135,-31.96406],[-64.32552,-31.93582],[-64.31394,-31.4144],[-64.27112,-31.31698],[-64.15679,-31.18029],[-64.15929,-31.0512],[-64.26554,-31.08854],[-64.2708,-30.95111],[-64.41062,-30.71735],[-64.38406,-30.65006],[-64.30384,-30.65023],[-64.27306,-30.67015],[-64.22665,-30.7879],[-64.17464,-30.82783],[-64.07906,-30.82765],[-63.99873,-30.75948],[-63.88177,-30.53643],[-63.87864,-30.48975],[-63.91774,-30.46886],[-63.91656,-30.39471],[-63.79886,-30.29235],[-63.75587,-30.42553],[-63.69435,-30.5189],[-63.53798,-30.64156],[-62.95023,-30.86813],[-62.83012,-30.89751],[-62.71096,-30.89692],[-62.68992,-30.86412],[-62.56839,-30.85378],[-62.37516,-30.79952],[-62.263,-30.69358],[-62.25839,-30.59787],[-62.28538,-30.57833],[-62.29652,-30.50338],[-62.33623,-30.47463],[-62.32747,-30.26648],[-62.12959,-30.08277],[-61.58671,-29.74913],[-61.55272,-29.08752],[-61.64301,-28.2245],[-61.76692,-28.05757],[-61.97707,-28.01969],[-62.04987,-28.05406],[-62.15511,-28.04869],[-62.37887,-27.92332],[-62.43326,-27.86498],[-62.43946,-27.75757],[-62.36087,-27.65633],[-62.32853,-27.66026],[-62.21229,-27.52806],[-62.12922,-27.52696],[-61.82502,-27.84311],[-61.74006,-27.88471],[-61.69719,-27.88099],[-61.59609,-27.75476],[-61.62929,-27.59575],[-61.56102,-27.52668],[-61.52495,-27.59003],[-61.46461,-27.59045],[-61.38696,-27.4601],[-61.30273,-27.45727],[-61.29586,-27.49287],[-61.36364,-27.63249],[-61.36787,-27.69115],[-61.33475,-27.71273],[-61.33437,-27.78437],[-61.36633,-27.82247],[-61.32664,-28.08864],[-61.28231,-28.11698],[-61.14795,-28.10989],[-61.01408,-27.88897],[-60.75204,-27.80641],[-60.74065,-27.68064],[-60.67941,-27.58878],[-60.66718,-27.50953],[-60.60409,-27.51306],[-60.57264,-27.55361],[-60.50683,-27.42332],[-60.46017,-27.42028],[-60.39089,-27.36261],[-60.38971,-27.30648],[-60.47909,-27.25515],[-60.49067,-27.18281],[-60.35598,-27.12852],[-60.35713,-27.02595],[-60.38903,-26.94728],[-60.35789,-26.90427],[-60.35061,-26.67608],[-60.29316,-26.496],[-60.28198,-26.37385],[-60.25581,-26.34059],[-60.30143,-26.08469],[-60.39702,-25.96435],[-60.41304,-25.87667],[-60.47765,-25.82067],[-60.49012,-25.77938],[-60.42402,-25.75537],[-60.33295,-25.81389],[-60.28809,-25.89684],[-60.11336,-26.01509],[-60.01529,-25.99673],[-60.00127,-25.90908],[-60.13077,-25.71757],[-60.22006,-25.66865],[-60.22556,-25.60922],[-60.18425,-25.56582],[-60.15405,-25.56461],[-60.03866,-25.68996],[-60.00592,-25.79119],[-59.93618,-25.78948],[-59.87744,-25.70234],[-59.79436,-25.65469],[-59.79716,-25.54987],[-59.90492,-25.5246],[-59.97379,-25.46186],[-59.97557,-25.42616],[-60.05066,-25.31471],[-60.05042,-25.10477],[-60.02272,-25.00108],[-59.87727,-25.05715],[-59.70163,-25.0617],[-59.64931,-25.03562],[-59.76507,-24.94634],[-59.77241,-24.87868],[-59.8391,-24.77294],[-59.84297,-24.66816],[-59.79739,-24.64005],[-59.68141,-24.63758],[-59.38257,-24.76412],[-59.37687,-24.69951],[-59.41365,-24.67015],[-59.41721,-24.60236],[-59.3325,-24.6022],[-59.30113,-24.62821],[-59.25728,-24.59526],[-59.23801,-24.54728]],[[-64.71136,-24.99034],[-64.75294,-25.03377],[-64.81664,-24.96608],[-64.81412,-24.81765],[-64.77125,-24.71296],[-64.54598,-24.42035],[-64.54641,-24.38325],[-64.57936,-24.35723],[-64.56959,-23.94542],[-64.51849,-23.85876],[-64.25589,-23.74112],[-64.12116,-23.79938],[-64.04224,-23.94439],[-64.04259,-24.00782],[-63.97995,-24.09795],[-63.98749,-24.36489],[-64.03168,-24.46359],[-64.21609,-24.64299],[-64.44971,-24.70302],[-64.5797,-24.90656],[-64.6752,-24.93377],[-64.71136,-24.99034]],[[-64.68327,-25.16122],[-64.7091,-25.20573],[-64.75522,-25.19775],[-64.77834,-25.12135],[-64.75792,-25.06134],[-64.67613,-25.09175],[-64.68327,-25.16122]]]},"properties":{"id":"ecoregiones_argentina.10","ecorregion":"Chaco Seco","hectareas":49366409}},{"type":"Feature","geometry":{"type":"MultiPolygon","coordinates":[[[[-57.53734,-28.65122],[-57.60651,-28.70539],[-57.69347,-28.72551],[-57.99831,-28.73604],[-58.06834,-28.66539],[-58.10194,-28.66618],[-58.10332,-28.7184],[-58.33609,-28.91568],[-58.47711,-28.9538],[-58.52869,-29.11829],[-58.62099,-29.19014],[-58.66157,-29.2659],[-58.70226,-29.63759],[-58.74503,-29.71023],[-58.90543,-29.85428],[-58.95911,-29.94069],[-59.08752,-30.0582],[-59.1129,-30.11419],[-59.23202,-30.18328],[-59.28555,-30.33829],[-59.5067,-30.53376],[-59.56937,-30.54187],[-59.55324,-30.56238],[-59.59611,-30.6002],[-59.57619,-30.62923],[-59.67378,-30.80032],[-59.79833,-30.94202],[-59.90399,-31.14039],[-60.06723,-31.32364],[-60.13041,-31.44439],[-60.16567,-31.45791],[-60.31546,-31.63526],[-60.61045,-31.76442],[-60.64812,-31.86008],[-60.6517,-32.04303],[-60.60395,-32.08753],[-60.35256,-32.08956],[-60.29828,-32.06088],[-60.15999,-32.05456],[-59.53949,-31.83713],[-59.35826,-31.83253],[-59.20923,-31.9033],[-59.02581,-31.92669],[-58.82946,-31.91809],[-58.61869,-31.84408],[-58.13554,-31.82891],[-58.11108,-31.82784],[-58.03833,-31.75954],[-57.98038,-31.58378],[-58.00379,-31.53191],[-58.07827,-31.48881],[-58.08201,-31.45646],[-57.98049,-31.39044],[-57.99694,-31.36051],[-57.91425,-31.21716],[-57.91907,-31.12991],[-57.8638,-31.05384],[-57.9149,-30.92056],[-57.83211,-30.91718],[-57.79941,-30.85502],[-57.80897,-30.69527],[-57.8873,-30.58757],[-57.88961,-30.51068],[-57.64257,-30.34136],[-57.61527,-30.25597],[-57.65356,-30.19599],[-57.63308,-30.17525],[-57.60366,-30.05417],[-57.64796,-30.03928],[-57.70744,-29.94608],[-57.70645,-29.88822],[-57.68282,-29.86054],[-57.68602,-29.78936],[-57.54626,-29.60319],[-57.54199,-29.52441],[-57.51422,-29.49884],[-57.51763,-29.44197],[-57.55129,-29.41715],[-57.56472,-29.33317],[-57.64022,-29.2071],[-57.55704,-29.03175],[-57.58899,-28.97192],[-57.5791,-28.74412],[-57.53734,-28.65122]]],[[[-59.99739,-30.17907],[-60.22249,-30.39084],[-60.27226,-30.38708],[-60.43174,-30.5348],[-60.60478,-30.64593],[-60.63712,-30.61028],[-60.63477,-30.57796],[-60.59134,-30.54035],[-60.62849,-30.41658],[-60.63468,-30.27839],[-60.6688,-30.20699],[-60.67613,-29.96858],[-60.74515,-29.80307],[-60.84833,-29.65912],[-61.14032,-29.41347],[-61.21388,-29.38629],[-61.32016,-29.38769],[-61.47082,-29.55652],[-61.5297,-29.7078],[-61.58671,-29.74913],[-62.12959,-30.08277],[-62.32747,-30.26648],[-62.33623,-30.47463],[-62.29652,-30.50338],[-62.28538,-30.57833],[-62.25839,-30.59787],[-62.263,-30.69358],[-62.37516,-30.79952],[-62.56839,-30.85378],[-62.68992,-30.86412],[-62.71096,-30.89692],[-62.83012,-30.89751],[-62.95023,-30.86813],[-63.53798,-30.64156],[-63.69435,-30.5189],[-63.75587,-30.42553],[-63.79886,-30.29235],[-63.91656,-30.39471],[-63.91774,-30.46886],[-63.87864,-30.48975],[-63.88177,-30.53643],[-63.99873,-30.75948],[-64.07906,-30.82765],[-64.17464,-30.82783],[-64.22665,-30.7879],[-64.27306,-30.67015],[-64.30384,-30.65023],[-64.38406,-30.65006],[-64.41062,-30.71735],[-64.2708,-30.95111],[-64.26554,-31.08854],[-64.15929,-31.0512],[-64.15679,-31.18029],[-64.27112,-31.31698],[-64.31394,-31.4144],[-64.32552,-31.93582],[-64.29135,-31.96406],[-64.26138,-32.06646],[-64.18331,-32.18013],[-64.18586,-32.54596],[-64.23703,-32.55484],[-64.26336,-32.47892],[-64.27429,-32.57111],[-64.30074,-32.5906],[-64.33646,-32.56837],[-64.33178,-32.28618],[-64.45421,-32.28654],[-64.46156,-32.51736],[-64.5425,-32.65939],[-64.70824,-32.82857],[-64.75916,-32.93309],[-64.93236,-33.03033],[-64.92573,-33.10917],[-64.89397,-33.14954],[-65.00957,-33.35732],[-65.13032,-33.3905],[-65.20618,-33.35514],[-65.23267,-33.41987],[-65.33847,-33.37863],[-65.39605,-33.29405],[-65.35798,-33.04879],[-65.77316,-32.7884],[-65.98257,-33.11978],[-66.12238,-33.53813],[-66.26824,-33.62278],[-66.34541,-33.62379],[-66.33266,-34.02188],[-66.41348,-34.11129],[-66.33632,-34.22149],[-66.34557,-34.37326],[-66.42393,-34.47581],[-66.61952,-34.57777],[-66.6678,-34.65161],[-66.58939,-34.81217],[-66.4928,-34.89507],[-66.37474,-35.0903],[-66.38447,-35.303],[-66.4687,-35.50108],[-66.54993,-36.05043],[-66.59476,-36.14222],[-66.83589,-36.37498],[-66.83794,-36.42873],[-66.6222,-36.81358],[-66.56184,-37.09346],[-66.30491,-37.35962],[-65.88415,-37.49137],[-65.75076,-37.47683],[-65.60174,-37.59469],[-65.43529,-37.76603],[-65.42438,-37.81615],[-65.3137,-37.89679],[-65.28139,-37.96468],[-64.98807,-38.2277],[-64.95987,-38.29435],[-64.84336,-38.37806],[-64.82095,-38.4495],[-64.70564,-38.52831],[-64.67239,-38.59959],[-64.47902,-38.74773],[-64.44535,-38.82371],[-64.34684,-38.85819],[-64.12714,-39.25493],[-63.9817,-39.45192],[-63.87598,-39.68646],[-63.36234,-40.46629],[-63.28254,-40.73902],[-63.23342,-40.78799],[-63.06789,-40.87343],[-62.88452,-41.07941],[-62.8324,-41.05621],[-62.78689,-41.02275],[-62.746,-41.03732],[-62.67934,-41.01944],[-62.65988,-41.00614],[-62.53365,-40.95126],[-62.38493,-40.90891],[-62.355,-40.8918],[-62.31043,-40.86958],[-62.29051,-40.81937],[-62.25727,-40.74133],[-62.23622,-40.69728],[-62.21559,-40.67027],[-62.17278,-40.62154],[-62.17273,-40.58447],[-62.24126,-40.54509],[-62.30879,-40.52732],[-62.25494,-40.55118],[-62.25268,-40.55711],[-62.25837,-40.57331],[-62.25889,-40.56936],[-62.26912,-40.56608],[-62.27136,-40.56829],[-62.27978,-40.57219],[-62.28654,-40.56941],[-62.28433,-40.56636],[-62.29556,-40.54738],[-62.30001,-40.54326],[-62.32162,-40.51642],[-62.42323,-40.45856],[-62.48548,-40.30305],[-62.48137,-40.29595],[-62.33889,-40.18688],[-62.34223,-39.9636],[-62.30397,-39.86256],[-62.2661,-39.85906],[-62.29633,-39.82736],[-62.23655,-39.81698],[-62.21406,-39.84264],[-62.16209,-39.82893],[-62.11944,-39.84571],[-62.11684,-39.82765],[-62.12194,-39.77091],[-62.12325,-39.7533],[-62.12361,-39.73117],[-62.09582,-39.68376],[-62.09362,-39.67281],[-62.09931,-39.68561],[-62.11906,-39.66255],[-62.04839,-39.46301],[-62.07263,-39.43653],[-62.0927,-39.42342],[-62.148,-39.40286],[-62.14986,-39.38002],[-62.16292,-39.38455],[-62.1653,-39.38849],[-62.16453,-39.3928],[-62.16152,-39.39217],[-62.1619,-39.39581],[-62.16542,-39.39726],[-62.16339,-39.39624],[-62.16642,-39.38993],[-62.16615,-39.38788],[-62.17223,-39.39077],[-62.16707,-39.37527],[-62.18044,-39.39697],[-62.17997,-39.39026],[-62.20759,-39.40104],[-62.19418,-39.37697],[-62.23931,-39.36019],[-62.20312,-39.34685],[-62.23032,-39.35301],[-62.23881,-39.3452],[-62.26261,-39.34723],[-62.27993,-39.32586],[-62.25982,-39.32229],[-62.28683,-39.32293],[-62.26056,-39.31543],[-62.2859,-39.31732],[-62.2885,-39.29864],[-62.18501,-39.29836],[-62.08559,-39.39011],[-62.03181,-39.39358],[-62.01046,-39.36962],[-62.01182,-39.36207],[-62.0112,-39.35753],[-62.01232,-39.36433],[-62.12989,-39.29272],[-62.31689,-39.26609],[-62.30169,-39.24504],[-62.23741,-39.25159],[-62.29219,-39.22495],[-62.29179,-39.2231],[-62.34223,-39.16295],[-62.35202,-39.113],[-62.33055,-39.11658],[-62.35383,-39.10509],[-62.29928,-39.02501],[-62.31694,-39.00299],[-62.30038,-38.9934],[-62.32137,-38.99575],[-62.34571,-38.95031],[-62.32053,-38.90427],[-62.35195,-38.86304],[-62.32615,-38.83818],[-62.39275,-38.82827],[-62.38837,-38.82871],[-62.41372,-38.81869],[-62.38852,-38.81503],[-62.39727,-38.79561],[-62.36559,-38.81524],[-62.37187,-38.79935],[-62.35381,-38.81512],[-62.30613,-38.79941],[-62.34058,-38.80208],[-62.344,-38.77361],[-62.36883,-38.78096],[-62.35289,-38.76951],[-62.37362,-38.76921],[-62.37588,-38.79072],[-62.40652,-38.76645],[-62.41214,-38.78614],[-62.47636,-38.78435],[-62.47022,-38.80409],[-62.49135,-38.76868],[-62.50588,-38.76463],[-62.50764,-38.76058],[-62.50829,-38.7579],[-62.49502,-38.74619],[-62.4999,-38.7458],[-62.50552,-38.74276],[-62.50427,-38.73845],[-62.50185,-38.73771],[-62.50307,-38.73913],[-62.49653,-38.73781],[-62.3831,-38.74061],[-62.38304,-38.73543],[-62.32941,-38.72524],[-62.3001,-38.78534],[-62.16595,-38.81203],[-62.10019,-38.90061],[-62.08901,-38.90274],[-62.09139,-38.82833],[-62.3104,-38.60624],[-62.31733,-38.5599],[-62.43392,-38.47755],[-62.71475,-38.14547],[-62.78324,-38.1008],[-62.95345,-37.89518],[-63.04969,-37.82478],[-63.06643,-37.78221],[-63.18425,-37.69074],[-63.18447,-37.64537],[-63.26178,-37.58509],[-63.61933,-37.05178],[-63.89616,-36.5768],[-64.06316,-36.17463],[-64.27467,-35.25426],[-64.31467,-34.86885],[-64.69604,-34.40386],[-64.83408,-34.11959],[-64.91613,-33.76893],[-64.89913,-33.64328],[-64.74791,-33.42668],[-64.5328,-33.33347],[-64.31912,-33.33794],[-63.83147,-33.53713],[-63.67134,-33.38843],[-63.57283,-33.34471],[-63.2313,-33.29454],[-63.10753,-33.2511],[-63.01569,-33.19157],[-62.91697,-33.04818],[-62.91672,-33.01471],[-63.10682,-32.75161],[-63.26049,-32.62839],[-63.30105,-32.5002],[-63.24795,-32.34488],[-63.14409,-32.20036],[-62.90029,-32.13726],[-62.29261,-32.12926],[-62.11229,-32.04501],[-62.06122,-31.92757],[-61.81056,-31.67947],[-61.7454,-31.66895],[-61.39568,-31.76664],[-61.31431,-31.82814],[-61.26066,-31.83809],[-60.93586,-32.07383],[-60.83954,-32.09142],[-60.84724,-31.82914],[-60.56173,-31.38045],[-60.44436,-31.27159],[-60.34023,-31.22408],[-60.28059,-31.10809],[-60.10854,-30.45493],[-59.99739,-30.17907]],[[-62.28089,-38.85274],[-62.28407,-38.85571],[-62.28657,-38.85535],[-62.28089,-38.85274]],[[-62.24792,-39.86731],[-62.25647,-39.86421],[-62.18978,-39.87304],[-62.24792,-39.86731]],[[-62.12974,-40.3964],[-62.12597,-40.39625],[-62.12764,-40.39733],[-62.12974,-40.3964]]],[[[-62.27399,-38.81952],[-62.2586,-38.81843],[-62.27719,-38.7992],[-62.27399,-38.81952]]],[[[-62.32539,-38.82874],[-62.31712,-38.82653],[-62.31679,-38.82485],[-62.32539,-38.82874]]],[[[-62.23742,-38.84642],[-62.24777,-38.82902],[-62.26287,-38.84023],[-62.24686,-38.84998],[-62.23586,-38.85252],[-62.23742,-38.84642]]],[[[-62.29915,-38.84624],[-62.30928,-38.8426],[-62.31531,-38.84295],[-62.30529,-38.85355],[-62.30087,-38.85422],[-62.29915,-38.84624]]],[[[-62.31367,-38.85571],[-62.32848,-38.84651],[-62.32291,-38.85741],[-62.31367,-38.85571]]],[[[-62.28963,-38.88001],[-62.30515,-38.8669],[-62.31258,-38.88209],[-62.29443,-38.89246],[-62.29874,-38.88739],[-62.28963,-38.88001]]],[[[-62.28589,-38.87154],[-62.28969,-38.87108],[-62.27072,-38.87454],[-62.27921,-38.87203],[-62.28589,-38.87154]]],[[[-62.26068,-38.93248],[-62.26469,-38.92344],[-62.2804,-38.92624],[-62.29044,-38.93387],[-62.28321,-38.95184],[-62.26068,-38.93248]]],[[[-62.28354,-38.97847],[-62.28354,-38.97531],[-62.28596,-38.97689],[-62.28354,-38.97847]]],[[[-62.01414,-38.99414],[-62.05653,-38.98205],[-62.05093,-38.98864],[-62.01414,-38.99414]]],[[[-62.02245,-39.0032],[-62.04989,-38.99447],[-62.07921,-38.98387],[-62.12677,-39.00462],[-62.11201,-39.00873],[-62.11541,-39.01665],[-62.09708,-39.02381],[-62.07445,-39.00336],[-62.04052,-39.03977],[-62.00827,-39.01761],[-62.00986,-39.01216],[-62.02068,-39.01513],[-62.02245,-39.0032]]],[[[-62.30128,-39.02221],[-62.2781,-39.0176],[-62.27031,-38.99986],[-62.30128,-39.02221]]],[[[-62.2089,-39.00911],[-62.2115,-39.0068],[-62.21576,-39.0047],[-62.21469,-39.01615],[-62.2089,-39.00911]]],[[[-62.12345,-39.00646],[-62.12839,-39.00505],[-62.13224,-39.01172],[-62.13382,-39.00879],[-62.13517,-39.01859],[-62.13964,-39.01984],[-62.14064,-39.03554],[-62.13186,-39.03626],[-62.1212,-39.02285],[-62.12345,-39.00646]]],[[[-62.02214,-39.08552],[-62.05416,-39.07569],[-62.05801,-39.08091],[-62.07172,-39.0795],[-62.0713,-39.08086],[-62.08013,-39.08554],[-62.0828,-39.09547],[-62.07335,-39.10901],[-62.06488,-39.13548],[-62.07307,-39.13992],[-62.07313,-39.14569],[-62.06782,-39.14858],[-62.05656,-39.14375],[-62.05537,-39.13472],[-62.03632,-39.11505],[-62.04279,-39.11126],[-62.03778,-39.10313],[-62.02282,-39.10306],[-62.0164,-39.10791],[-62.01287,-39.09989],[-62.02214,-39.08552]]],[[[-61.98717,-39.09515],[-61.99397,-39.09103],[-61.99898,-39.09074],[-62.02073,-39.08718],[-62.01132,-39.10024],[-62.01299,-39.10756],[-62.01751,-39.10857],[-62.02718,-39.10369],[-62.03209,-39.10987],[-62.01922,-39.11204],[-62.0213,-39.11242],[-62.03757,-39.10894],[-62.04137,-39.10942],[-62.03487,-39.11557],[-62.04179,-39.12202],[-62.03963,-39.13456],[-62.05447,-39.13625],[-62.0568,-39.15767],[-62.05368,-39.15951],[-62.03925,-39.15894],[-61.94981,-39.1786],[-61.9113,-39.21197],[-61.88611,-39.23915],[-61.86982,-39.24433],[-61.85207,-39.22467],[-61.8553,-39.17691],[-61.86693,-39.16853],[-61.86359,-39.19392],[-61.86866,-39.19682],[-61.87254,-39.19304],[-61.8834,-39.19989],[-61.87359,-39.19202],[-61.86836,-39.19567],[-61.86702,-39.18526],[-61.86989,-39.16943],[-61.88338,-39.12615],[-61.88893,-39.09885],[-61.88864,-39.15865],[-61.94725,-39.14733],[-61.91349,-39.13154],[-61.91287,-39.10166],[-61.94317,-39.11418],[-61.93172,-39.0956],[-61.97523,-39.09019],[-61.96688,-39.11454],[-61.9903,-39.08971],[-61.9847,-39.09568],[-61.98565,-39.10077],[-61.99954,-39.10545],[-61.98972,-39.12604],[-61.99429,-39.12666],[-62.00148,-39.10474],[-61.98892,-39.1013],[-61.98717,-39.09515]]],[[[-61.89547,-39.13342],[-61.90329,-39.11482],[-61.9084,-39.10754],[-61.9102,-39.12844],[-61.91887,-39.13856],[-61.91805,-39.14967],[-61.90746,-39.14394],[-61.89547,-39.13342]]],[[[-62.22504,-39.19645],[-62.23999,-39.18537],[-62.22455,-39.20515],[-62.22504,-39.19645]]],[[[-62.06984,-39.25048],[-62.15384,-39.19443],[-62.1599,-39.20057],[-62.13705,-39.22691],[-62.11608,-39.24067],[-62.09139,-39.25076],[-62.06984,-39.25048]]],[[[-62.00562,-39.2401],[-62.02662,-39.23854],[-62.03276,-39.25145],[-62.02282,-39.26067],[-62.00278,-39.24145],[-62.00562,-39.2401]]],[[[-62.22683,-39.33821],[-62.23379,-39.34147],[-62.21995,-39.34721],[-62.22683,-39.33821]]],[[[-62.12354,-39.88655],[-62.12199,-39.88132],[-62.11342,-39.86516],[-62.12369,-39.88141],[-62.12354,-39.88655]]],[[[-62.15967,-40.01985],[-62.16874,-40.02227],[-62.12846,-40.03624],[-62.15967,-40.01985]]],[[[-62.11321,-40.18879],[-62.11693,-40.16557],[-62.11118,-40.15261],[-62.10871,-40.1262],[-62.11651,-40.12694],[-62.12956,-40.15721],[-62.10877,-40.22],[-62.10893,-40.19303],[-62.11321,-40.18879]]],[[[-62.3558,-40.22269],[-62.33297,-40.21269],[-62.31917,-40.19442],[-62.3558,-40.22269]]],[[[-62.36935,-40.2326],[-62.36153,-40.25454],[-62.36002,-40.24072],[-62.36935,-40.2326]]],[[[-62.07583,-40.25141],[-62.07316,-40.25976],[-62.07215,-40.2519],[-62.07703,-40.2471],[-62.07583,-40.25141]]],[[[-62.32599,-40.28656],[-62.33477,-40.28714],[-62.34681,-40.32676],[-62.332,-40.33522],[-62.32693,-40.33009],[-62.32362,-40.31725],[-62.31576,-40.29289],[-62.32599,-40.28656]]],[[[-62.27654,-40.29986],[-62.2902,-40.29705],[-62.29026,-40.31235],[-62.29586,-40.31976],[-62.31206,-40.34286],[-62.27079,-40.32161],[-62.26492,-40.29943],[-62.27144,-40.2994],[-62.27565,-40.30185],[-62.27654,-40.29986]]],[[[-62.15178,-40.3793],[-62.1639,-40.36097],[-62.17395,-40.36851],[-62.18603,-40.38614],[-62.19854,-40.42547],[-62.16312,-40.43549],[-62.16079,-40.42753],[-62.14343,-40.42052],[-62.13691,-40.40119],[-62.13595,-40.39197],[-62.14283,-40.39299],[-62.14169,-40.38658],[-62.15048,-40.37551],[-62.15178,-40.3793]]],[[[-62.17425,-40.46052],[-62.18897,-40.45171],[-62.19852,-40.44561],[-62.20245,-40.45746],[-62.2056,-40.47269],[-62.21171,-40.47748],[-62.23491,-40.50795],[-62.21714,-40.52348],[-62.16941,-40.46334],[-62.17683,-40.46563],[-62.17425,-40.46052]]],[[[-62.15854,-40.45646],[-62.1537,-40.44853],[-62.16442,-40.4519],[-62.15854,-40.45646]]]]},"properties":{"id":"ecoregiones_argentina.11","ecorregion":"Espinal","hectareas":29952988}},{"type":"Feature","geometry":{"type":"MultiPolygon","coordinates":[[[[-56.70526,-27.56331],[-56.71693,-27.51994],[-56.73405,-27.55873],[-56.7839,-27.58269],[-56.73423,-27.59143],[-56.70526,-27.56331]]],[[[-56.49164,-27.55938],[-56.55546,-27.45826],[-56.60574,-27.43152],[-56.6496,-27.4608],[-56.71878,-27.46456],[-56.67786,-27.56327],[-56.74323,-27.605],[-56.79076,-27.58716],[-56.8451,-27.6064],[-56.89659,-27.58881],[-56.97993,-27.49339],[-57.22541,-27.47038],[-57.25915,-27.49109],[-57.25172,-27.51882],[-57.21847,-27.52092],[-57.11097,-27.64205],[-57.10992,-27.67407],[-57.07556,-27.66709],[-57.05516,-27.70703],[-57.0221,-27.70044],[-56.9988,-27.72387],[-56.93985,-27.72756],[-56.92701,-27.69385],[-56.88547,-27.69703],[-56.79209,-27.58889],[-56.75733,-27.6067],[-56.72662,-27.60819],[-56.49164,-27.55938]]],[[[-56.91483,-27.42354],[-57.03207,-27.48065],[-56.9701,-27.49273],[-56.84042,-27.59618],[-56.74914,-27.56217],[-56.7294,-27.50196],[-56.76403,-27.50257],[-56.87176,-27.43044],[-56.91483,-27.42354]]],[[[-57.56661,-27.38512],[-57.59342,-27.39245],[-57.49219,-27.4387],[-57.40447,-27.41796],[-57.56661,-27.38512]]],[[[-58.42701,-27.28721],[-58.49351,-27.27065],[-58.61649,-27.31863],[-58.59248,-27.22903],[-58.66163,-27.18658],[-58.65221,-27.13056],[-58.5549,-27.10891],[-58.56078,-27.03913],[-58.52349,-27.03964],[-58.51127,-27.06226],[-58.52029,-27.00406],[-58.47078,-27.00229],[-58.48414,-26.93535],[-58.38489,-26.89219],[-58.3725,-26.86512],[-58.32527,-26.86967],[-58.33486,-26.80956],[-58.28398,-26.79539],[-58.29335,-26.75776],[-58.246,-26.75034],[-58.26022,-26.64509],[-58.19067,-26.64315],[-58.2102,-26.62213],[-58.1998,-26.56051],[-58.22493,-26.53607],[-58.20746,-26.49844],[-58.2336,-26.47354],[-58.1809,-26.4574],[-58.22173,-26.3995],[-58.15967,-26.34882],[-58.16383,-26.26437],[-58.10423,-26.22989],[-58.15901,-26.18119],[-58.11966,-26.1865],[-58.09093,-26.11628],[-58.0154,-26.10167],[-57.85476,-26.00846],[-57.8953,-25.96071],[-57.83677,-25.9156],[-57.85847,-25.858],[-57.79656,-25.82485],[-57.82655,-25.75444],[-57.77388,-25.75785],[-57.72712,-25.71504],[-57.76665,-25.70013],[-57.74251,-25.65161],[-57.67807,-25.66107],[-57.67498,-25.597],[-57.61685,-25.61607],[-57.60457,-25.56879],[-57.57493,-25.56171],[-57.5606,-25.45271],[-57.62284,-25.3882],[-57.59955,-25.43274],[-57.68255,-25.58728],[-57.84803,-25.70257],[-57.98639,-26.00211],[-58.16648,-26.09336],[-58.33907,-26.4244],[-58.33178,-26.59302],[-58.36549,-26.62341],[-58.37015,-26.73199],[-58.74213,-27.05175],[-58.75226,-27.12135],[-58.78928,-27.1459],[-58.82254,-27.33224],[-58.95754,-27.45351],[-58.95703,-27.69056],[-59.08754,-27.91165],[-59.08856,-27.97963],[-59.44164,-28.70033],[-59.44646,-28.77447],[-59.62615,-29.10982],[-59.69005,-29.17486],[-59.81222,-29.44653],[-59.89469,-29.72825],[-59.95437,-30.07451],[-60.10854,-30.45493],[-60.28059,-31.10809],[-60.34023,-31.22408],[-60.44436,-31.27159],[-60.56173,-31.38045],[-60.84724,-31.82914],[-60.8197,-32.68501],[-60.68234,-32.89865],[-60.66209,-33.10086],[-60.08109,-33.5374],[-59.61435,-33.69209],[-59.58723,-33.67402],[-59.30179,-33.8411],[-59.30644,-33.86248],[-59.24082,-33.90683],[-59.26452,-33.93193],[-59.15766,-33.9831],[-59.15906,-34.01886],[-59.10176,-34.05608],[-59.06193,-34.05383],[-58.97743,-34.12512],[-58.9866,-34.1429],[-58.92425,-34.16249],[-58.8574,-34.27202],[-58.71223,-34.30819],[-58.69353,-34.34737],[-58.50574,-34.45213],[-58.46539,-34.5271],[-58.36159,-34.58156],[-58.31622,-34.6593],[-58.17889,-34.74469],[-58.00441,-34.78503],[-57.94813,-34.83318],[-57.87374,-34.82616],[-57.75102,-34.91493],[-57.50846,-35.02471],[-57.3399,-35.15857],[-57.22571,-35.27112],[-57.12767,-35.44215],[-57.34661,-35.71504],[-57.38798,-35.84338],[-57.38251,-35.96647],[-57.28088,-36.12579],[-57.3208,-36.15552],[-57.271,-36.13708],[-57.2536,-36.1535],[-57.23336,-36.17473],[-57.24829,-36.19208],[-57.22464,-36.18192],[-57.1297,-36.28009],[-57.11639,-36.27081],[-57.12268,-36.29211],[-57.10858,-36.27618],[-57.06421,-36.30951],[-57.06519,-36.30658],[-57.01813,-36.33948],[-56.9413,-36.33541],[-56.92493,-36.33411],[-56.91354,-36.33808],[-56.91779,-36.349],[-56.92041,-36.36407],[-56.88932,-36.3318],[-56.76581,-36.32861],[-56.77433,-36.31299],[-56.7736,-36.30086],[-56.78431,-36.29031],[-55.86717,-35.63306],[-56.71667,-35.17167],[-57,-35.18333],[-57.33333,-34.86667],[-57.53333,-34.78333],[-57.95167,-34.66667],[-57.94,-34.44333],[-58.09167,-34.295],[-58.31667,-34.15],[-58.345,-34.03833],[-58.42359,-33.91632],[-58.43437,-33.72189],[-58.49464,-33.58719],[-58.4339,-33.49916],[-58.43171,-33.36333],[-58.39047,-33.27912],[-58.40382,-33.17838],[-58.36079,-33.12047],[-58.23715,-33.09649],[-58.2595,-33.02082],[-58.32354,-32.99978],[-58.58527,-33.0145],[-58.58433,-33.17649],[-58.61546,-33.21052],[-58.62438,-33.32306],[-58.66394,-33.34209],[-58.63874,-33.40494],[-58.71424,-33.4702],[-58.72017,-33.5349],[-58.76479,-33.54587],[-58.99543,-33.49245],[-59.38781,-33.45927],[-59.42132,-33.43006],[-59.41649,-33.39999],[-59.8086,-33.14356],[-59.95036,-32.91676],[-60.20204,-32.61376],[-60.43321,-32.43214],[-60.60395,-32.08753],[-60.6517,-32.04303],[-60.64812,-31.86008],[-60.61045,-31.76442],[-60.31546,-31.63526],[-60.16567,-31.45791],[-60.13041,-31.44439],[-60.06723,-31.32364],[-59.90399,-31.14039],[-59.79833,-30.94202],[-59.67378,-30.80032],[-59.57619,-30.62923],[-59.59611,-30.6002],[-59.55324,-30.56238],[-59.57125,-30.53948],[-59.60625,-30.368],[-59.54368,-30.31602],[-59.57257,-30.2316],[-59.56973,-30.12773],[-59.53867,-30.12024],[-59.5424,-29.93681],[-59.50119,-29.91808],[-59.49038,-29.72679],[-59.46013,-29.66688],[-59.41931,-29.41331],[-59.29798,-29.18791],[-59.2071,-29.0832],[-59.04809,-28.72349],[-58.96608,-28.21048],[-58.86835,-28.10294],[-58.80127,-28.08156],[-58.73079,-27.97181],[-58.72613,-27.84174],[-58.76811,-27.47115],[-58.71974,-27.41502],[-58.65192,-27.41144],[-58.5652,-27.33181],[-58.42701,-27.28721]]]]},"properties":{"id":"ecoregiones_argentina.12","ecorregion":"Delta e Islas del Parana","hectareas":5625406}},{"type":"Feature","geometry":{"type":"MultiPolygon","coordinates":[[[[-65.35354,-43.73788],[-65.46059,-43.73135],[-65.83954,-43.87321],[-65.87905,-43.91503],[-66.14839,-44.02359],[-66.19814,-44.06647],[-66.60615,-44.15333],[-66.74109,-44.20862],[-67.06332,-44.23114],[-67.15509,-44.17178],[-67.37498,-43.93069],[-67.52924,-43.57073],[-67.49379,-43.26449],[-67.26212,-43.11691],[-67.09137,-43.04228],[-67.03315,-42.96643],[-67.01966,-42.64072],[-67.11916,-42.41898],[-67.25832,-42.36979],[-67.44556,-42.39265],[-67.60805,-42.3869],[-67.66044,-42.41958],[-67.76249,-42.38224],[-67.87808,-42.26344],[-67.87279,-42.1931],[-67.82864,-42.16517],[-67.79828,-42.05583],[-67.3588,-41.72525],[-67.04662,-41.73329],[-66.65891,-41.846],[-66.41564,-41.75164],[-66.35132,-41.64919],[-66.27668,-41.68879],[-66.15247,-41.6914],[-66.1235,-41.53744],[-66.20391,-41.33915],[-66.18399,-41.01444],[-66.21857,-40.98334],[-66.22304,-40.90692],[-66.33125,-40.83263],[-66.41142,-40.83357],[-66.46043,-40.87278],[-66.51709,-40.87851],[-66.61068,-40.96283],[-66.86423,-40.9612],[-66.9408,-40.91882],[-67.19101,-40.9165],[-67.40097,-41.16963],[-67.49236,-41.22818],[-67.57608,-41.22467],[-67.62098,-41.18585],[-67.59377,-40.77912],[-67.49008,-40.63723],[-67.54366,-40.58161],[-67.53512,-40.41337],[-67.57628,-40.36984],[-67.73006,-40.34017],[-68.46835,-40.04739],[-68.72243,-40.06916],[-68.80141,-40.1007],[-68.87551,-40.08814],[-68.94444,-39.95628],[-69.01877,-39.95317],[-69.24982,-40.04958],[-69.73247,-40.01353],[-69.94357,-40.03995],[-70.15402,-39.97649],[-70.14232,-39.85994],[-69.98895,-39.61824],[-69.74545,-39.51056],[-69.6487,-39.42888],[-69.63763,-39.39342],[-69.71027,-39.28368],[-69.85359,-39.23604],[-69.98521,-39.22922],[-70.05437,-38.99048],[-70.08395,-38.70653],[-69.94169,-38.58488],[-69.97086,-38.5624],[-69.96904,-38.50158],[-70.0467,-38.50489],[-70.16487,-38.57833],[-70.17542,-38.49797],[-69.9695,-38.34398],[-69.87426,-38.23495],[-69.86008,-38.13871],[-69.93571,-37.82938],[-70.12828,-37.61147],[-70.12415,-37.56386],[-69.8408,-37.65343],[-69.80774,-37.77031],[-69.76398,-37.82664],[-69.74876,-38.00144],[-69.6471,-38.23268],[-69.54874,-38.2954],[-69.49442,-38.26838],[-69.48163,-38.09563],[-69.65011,-37.68456],[-69.64915,-37.63444],[-69.58557,-37.56117],[-69.28449,-37.43381],[-69.3794,-37.34635],[-69.54974,-37.37479],[-69.60225,-37.40902],[-69.62985,-37.39146],[-69.62593,-37.34143],[-69.57862,-37.32138],[-69.58905,-37.25778],[-69.65835,-37.23894],[-69.77047,-37.33094],[-69.80325,-37.32869],[-69.84328,-37.14591],[-69.88059,-37.11723],[-69.88317,-37.08013],[-69.83268,-37.02446],[-69.88729,-36.98567],[-69.86999,-36.90863],[-69.16304,-37.25203],[-69.01439,-37.23322],[-68.74252,-37.10845],[-68.58192,-36.99023],[-68.48116,-36.82158],[-68.45839,-36.71335],[-68.36462,-36.60655],[-68.30936,-36.5921],[-68.33452,-36.44349],[-68.28355,-36.36921],[-68.26195,-35.82367],[-68.30489,-35.63409],[-68.46259,-35.43146],[-68.76843,-35.28386],[-68.93164,-35.28479],[-68.99713,-35.32261],[-69.06648,-35.30653],[-69.07215,-35.22516],[-69.12154,-35.18447],[-69.11191,-35.08438],[-69.15123,-35.04872],[-69.0562,-34.40368],[-69.08669,-34.37066],[-69.10377,-34.09068],[-69.13359,-34.0039],[-69.09255,-33.38129],[-69.25744,-33.37349],[-69.27614,-33.64299],[-69.32091,-33.69316],[-69.33207,-33.7968],[-69.26976,-33.92629],[-69.27466,-34.05398],[-69.23991,-34.08358],[-69.25844,-34.26705],[-69.38699,-34.42244],[-69.37211,-34.44674],[-69.31622,-34.45544],[-69.34804,-34.52982],[-69.31567,-34.65971],[-69.27776,-34.68821],[-69.34438,-35.01249],[-69.39327,-35.03622],[-69.63045,-34.91588],[-69.74317,-34.90768],[-69.60815,-35.06823],[-69.41254,-35.21962],[-69.39693,-35.26425],[-69.41705,-35.32698],[-69.76125,-35.27018],[-69.85596,-35.33287],[-69.84899,-35.37011],[-69.71089,-35.44251],[-69.62496,-35.44632],[-69.58698,-35.47851],[-69.52866,-35.48023],[-69.49252,-35.45501],[-69.46818,-35.4999],[-69.4787,-35.64172],[-69.52243,-35.6715],[-69.52967,-35.76922],[-69.57838,-35.80958],[-69.54781,-35.84751],[-69.6607,-36.00534],[-69.75016,-36.00137],[-69.79549,-36.02741],[-70.02511,-36.00439],[-70.08251,-36.03468],[-70.08614,-36.07635],[-69.93448,-36.16144],[-69.89563,-36.23913],[-70.13812,-36.42081],[-70.29675,-36.64442],[-70.30627,-36.78853],[-70.26778,-36.84365],[-70.29146,-36.92159],[-70.32552,-36.91916],[-70.38965,-36.81891],[-70.4603,-36.78285],[-70.49528,-37.10026],[-70.5331,-37.13462],[-70.60738,-37.05655],[-70.57512,-36.84174],[-70.54062,-36.78577],[-70.52603,-36.58816],[-70.59886,-36.49346],[-70.64009,-36.49066],[-70.66731,-36.52541],[-70.70022,-36.70197],[-70.75226,-36.72855],[-70.81885,-36.63157],[-70.86231,-36.66322],[-70.87173,-36.81203],[-70.95077,-36.86366],[-70.99972,-36.90815],[-71.01378,-37.03168],[-71.05827,-37.07394],[-70.99114,-37.23076],[-70.9555,-37.25613],[-70.96224,-37.29046],[-71.00394,-37.2887],[-71.08605,-37.35441],[-71.02904,-37.5299],[-71.07295,-37.58053],[-71.00864,-37.71695],[-71.01376,-37.88143],[-70.98988,-37.92899],[-71.02086,-37.96347],[-70.88289,-38.17816],[-70.87965,-38.22007],[-70.7096,-38.39771],[-70.73886,-38.54333],[-70.68732,-38.59195],[-70.75577,-38.63812],[-70.62246,-38.78909],[-70.70155,-38.90169],[-70.95738,-38.84694],[-71.01729,-38.8742],[-71.05508,-38.93343],[-71.08038,-39.09463],[-71.01081,-39.19312],[-71.02436,-39.42524],[-70.99641,-39.46464],[-70.96813,-39.65082],[-70.93571,-39.69398],[-71.02933,-39.81287],[-71.12023,-39.80769],[-71.16083,-39.77128],[-71.24641,-39.75789],[-71.29263,-39.77607],[-71.29565,-39.8153],[-71.22179,-39.88191],[-71.14823,-39.89236],[-71.13464,-39.93831],[-71.04424,-39.9948],[-71.05102,-40.04462],[-71.1116,-40.06582],[-71.06702,-40.09285],[-71.07318,-40.1964],[-71.1247,-40.21918],[-71.21065,-40.4862],[-71.29216,-40.52903],[-71.31301,-40.71302],[-71.36771,-40.82741],[-71.26763,-41.0504],[-71.27325,-41.12054],[-71.19834,-41.19078],[-71.06342,-41.4271],[-71.06387,-41.49391],[-71.02794,-41.52174],[-71.02278,-41.57805],[-71.07711,-41.66276],[-71.12695,-41.68918],[-71.18566,-41.78558],[-71.20676,-41.88843],[-71.29765,-42.00239],[-71.35907,-42.48276],[-71.26937,-42.43205],[-71.24313,-42.38791],[-71.19162,-42.38788],[-71.19267,-42.55607],[-71.24258,-42.59316],[-71.28924,-42.59101],[-71.48357,-42.799],[-71.54289,-43.18868],[-71.35235,-43.26579],[-71.26952,-43.27084],[-71.20335,-43.31802],[-71.22163,-43.51167],[-71.27433,-43.5331],[-71.30606,-43.80009],[-71.35232,-43.83849],[-71.45348,-44.20475],[-71.50523,-44.22612],[-71.52076,-44.39657],[-71.3862,-44.38528],[-71.34888,-44.4248],[-71.24618,-44.4174],[-71.17111,-44.4391],[-71.12969,-44.4718],[-71.16373,-44.50104],[-71.09146,-44.53255],[-71.1019,-44.59069],[-71.20085,-44.59164],[-71.23549,-44.64092],[-71.19584,-44.6849],[-71.2054,-44.74886],[-71.25063,-44.79934],[-71.29205,-44.81395],[-71.38771,-44.7921],[-71.5097,-45.0929],[-71.51361,-45.09839],[-71.48749,-45.14412],[-71.41747,-45.15792],[-71.33694,-45.23676],[-71.3502,-45.26937],[-71.31972,-45.29445],[-71.34907,-45.33193],[-71.44865,-45.36956],[-71.43825,-45.39582],[-71.52946,-45.3927],[-71.53395,-45.43297],[-71.4698,-45.48204],[-71.4974,-45.50093],[-71.55261,-45.79752],[-71.60083,-45.81902],[-71.64816,-45.90314],[-71.61459,-45.97567],[-71.73367,-46.09263],[-71.75212,-46.23157],[-71.72397,-46.29498],[-71.75652,-46.34563],[-71.66929,-46.52784],[-71.65344,-46.68941],[-71.653,-46.69248],[-71.72285,-46.76623],[-71.77818,-47.05456],[-71.83402,-47.08631],[-71.80564,-47.17844],[-72.19138,-47.82635],[-72.22192,-48.06572],[-72.19069,-48.10202],[-72.2092,-48.25494],[-72.17622,-48.29252],[-72.1761,-48.36531],[-72.05686,-48.47667],[-72.06367,-48.53359],[-72.18755,-48.53293],[-72.29883,-48.48869],[-72.39145,-48.56829],[-72.44774,-48.8396],[-72.43783,-48.94516],[-72.62882,-49.23622],[-72.65572,-49.34089],[-72.76907,-49.44765],[-72.79906,-49.59745],[-72.86671,-49.68653],[-72.90974,-49.91074],[-72.87644,-50.00105],[-72.88975,-50.10649],[-72.85098,-50.13386],[-72.78708,-50.36321],[-72.55367,-50.62788],[-72.48943,-50.60034],[-72.40779,-50.63641],[-72.35919,-50.61612],[-72.33805,-50.65046],[-72.28584,-50.66027],[-72.35033,-50.74022],[-72.24806,-50.87503],[-72.26566,-51.03523],[-72.37417,-51.02321],[-72.40906,-51.10749],[-72.34876,-51.20361],[-72.30427,-51.20141],[-72.27433,-51.23486],[-72.15127,-51.23759],[-72.01457,-51.32586],[-72.01765,-51.47963],[-71.78271,-51.58574],[-71.27646,-51.74446],[-71.24358,-51.77575],[-71.25172,-51.82907],[-71.41341,-51.82887],[-71.54054,-51.78238],[-71.6379,-51.77654],[-72.153,-51.56207],[-72.20073,-51.63115],[-72.2874,-51.63261],[-72.29711,-51.6994],[-72.16569,-51.72306],[-72.18419,-51.73578],[-72.12175,-51.74403],[-71.99713,-51.83436],[-71.8852,-51.81449],[-71.74688,-51.86192],[-71.62642,-51.93099],[-71.65001,-51.9998],[-69.9955,-52.00072],[-69.48596,-52.15144],[-69.19001,-52.1501],[-68.98688,-52.20358],[-68.838,-52.27774],[-68.41863,-52.33248],[-68.4326,-52.39769],[-68.35473,-52.33639],[-68.4215,-52.25368],[-68.70845,-51.98125],[-68.85211,-51.77588],[-68.94842,-51.64247],[-68.96133,-51.62389],[-69.0141,-51.60638],[-69.11731,-51.65509],[-69.11682,-51.62988],[-69.33521,-51.58551],[-69.6178,-51.62689],[-69.34412,-51.55157],[-69.1347,-51.60321],[-69.03729,-51.56073],[-68.95853,-51.572],[-69.16613,-50.98089],[-69.20551,-50.97528],[-69.43433,-51.11371],[-69.46491,-51.11261],[-69.44128,-51.08978],[-69.39612,-51.07971],[-69.32123,-50.9884],[-69.24011,-50.95782],[-69.22521,-50.97489],[-69.13202,-50.89959],[-69.14103,-50.72724],[-69.07931,-50.56533],[-68.88001,-50.33562],[-68.40721,-50.18624],[-68.35491,-50.15131],[-68.4903,-50.08801],[-68.50928,-50.01978],[-68.58069,-49.96442],[-68.67291,-49.99329],[-68.85907,-49.96918],[-68.9328,-50],[-68.87451,-49.96582],[-68.65912,-49.96491],[-68.57141,-49.93683],[-68.63739,-49.77759],[-68.53192,-49.93359],[-68.34358,-50.1208],[-68.14722,-50.10542],[-67.9048,-49.99795],[-67.8364,-49.94461],[-67.73225,-49.7827],[-67.68758,-49.48193],[-67.6036,-49.29567],[-67.61276,-49.25027],[-67.66809,-49.25519],[-67.71381,-49.38593],[-67.8186,-49.40552],[-67.83752,-49.38678],[-67.77209,-49.38068],[-67.79761,-49.328],[-67.7157,-49.31781],[-67.74219,-49.27649],[-67.6889,-49.26178],[-67.66461,-49.20349],[-67.61389,-49.18518],[-67.63562,-49.13824],[-67.55129,-49.01436],[-67.41309,-48.91271],[-67.21993,-48.838],[-67.1297,-48.68514],[-66.99058,-48.61344],[-66.87526,-48.59338],[-66.83105,-48.52304],[-66.75319,-48.47317],[-66.64761,-48.43218],[-66.49435,-48.41747],[-66.44804,-48.35231],[-66.343,-48.3688],[-66.36018,-48.31472],[-66.33756,-48.27716],[-66.22826,-48.2013],[-66.15993,-48.19046],[-66.12107,-48.12359],[-65.97553,-48.09999],[-65.94091,-48.12473],[-65.91762,-48.09675],[-65.89643,-48.10303],[-65.98037,-48.05074],[-65.93187,-48.01721],[-65.95146,-47.97641],[-65.92417,-47.93969],[-65.84681,-47.93908],[-65.83102,-47.96539],[-65.7705,-47.95291],[-65.76566,-47.94669],[-65.7904,-47.93803],[-65.76823,-47.90736],[-65.82098,-47.90457],[-65.85819,-47.87278],[-65.88086,-47.76269],[-65.93829,-47.76691],[-65.95178,-47.75897],[-65.97809,-47.7627],[-66.0882,-47.81299],[-66.19019,-47.82953],[-66.28198,-47.8714],[-66.19501,-47.82001],[-66.10529,-47.79901],[-66.00531,-47.73077],[-65.8996,-47.75873],[-65.83864,-47.74682],[-65.7398,-47.51024],[-65.71785,-47.33216],[-65.75772,-47.22206],[-65.73574,-47.20179],[-65.84162,-47.13938],[-65.86738,-47.0921],[-65.94069,-47.07218],[-66.1977,-47.0874],[-66.49778,-47.03828],[-66.63051,-47.04579],[-66.79096,-46.99976],[-66.95092,-46.84698],[-67.07561,-46.77403],[-67.12163,-46.70744],[-67.35374,-46.61962],[-67.43643,-46.55317],[-67.59281,-46.29516],[-67.61934,-46.06504],[-67.6245,-46.0568],[-67.62305,-46.05207],[-67.61875,-46.04619],[-67.58597,-46.02228],[-67.58607,-45.9808],[-67.53122,-45.95896],[-67.54773,-45.91884],[-67.45642,-45.86144],[-67.47578,-45.85376],[-67.45475,-45.81947],[-67.36855,-45.78726],[-67.34507,-45.62302],[-66.99015,-45.29379],[-66.88896,-45.24168],[-66.83293,-45.23083],[-66.66201,-45.21142],[-66.51865,-45.2229],[-66.5141,-45.19678],[-66.59447,-45.17162],[-66.5997,-45.13941],[-66.47317,-45.16588],[-66.46571,-45.14384],[-66.53302,-45.14238],[-66.51713,-45.09694],[-66.39852,-45.05312],[-66.36327,-45.0616],[-66.3592,-45.03974],[-66.29027,-45.05728],[-66.28703,-45.05383],[-66.2464,-45.02093],[-66.2257,-45.0281],[-66.19461,-44.9822],[-66.17309,-44.99815],[-66.16227,-44.98302],[-66.01969,-44.99887],[-65.93444,-45.04944],[-65.89332,-45.03876],[-65.88597,-45.02916],[-65.8905,-45.01981],[-65.86905,-45.00457],[-65.85435,-45.00189],[-65.83882,-45.00664],[-65.83143,-45.0085],[-65.82315,-45.01835],[-65.82872,-45.03912],[-65.80941,-45.01542],[-65.74045,-45.02396],[-65.69615,-45.05927],[-65.69068,-45.05311],[-65.6813,-45.02886],[-65.66967,-45.044],[-65.66043,-45.04445],[-65.60226,-45.02715],[-65.62229,-45.00343],[-65.58431,-45.00667],[-65.6015,-44.9706],[-65.5937,-44.97224],[-65.55187,-44.95006],[-65.55717,-44.95041],[-65.53456,-44.92815],[-65.53287,-44.92841],[-65.52766,-44.92949],[-65.52823,-44.92815],[-65.52567,-44.92416],[-65.56817,-44.91257],[-65.57196,-44.90918],[-65.57289,-44.89561],[-65.59817,-44.90733],[-65.60766,-44.90448],[-65.60731,-44.89795],[-65.61477,-44.89141],[-65.62122,-44.88573],[-65.62667,-44.88969],[-65.62627,-44.88597],[-65.63142,-44.88503],[-65.63433,-44.88659],[-65.64818,-44.88865],[-65.65083,-44.88796],[-65.65874,-44.89135],[-65.66035,-44.88951],[-65.67139,-44.8868],[-65.72867,-44.8435],[-65.72058,-44.83945],[-65.72112,-44.83493],[-65.72465,-44.8335],[-65.72341,-44.80763],[-65.6699,-44.69305],[-65.62293,-44.6593],[-65.59557,-44.64237],[-65.58224,-44.64764],[-65.47044,-44.59802],[-65.46339,-44.60023],[-65.47097,-44.58476],[-65.45066,-44.5765],[-65.43618,-44.56992],[-65.42585,-44.57322],[-65.39598,-44.59284],[-65.38927,-44.57994],[-65.37291,-44.58717],[-65.35822,-44.57378],[-65.39448,-44.55534],[-65.35941,-44.53738],[-65.37622,-44.51682],[-65.3239,-44.50885],[-65.31629,-44.53119],[-65.30079,-44.51019],[-65.28107,-44.5181],[-65.28086,-44.51522],[-65.33446,-44.456],[-65.29212,-44.42665],[-65.28238,-44.42236],[-65.2695,-44.39916],[-65.25204,-44.38824],[-65.24419,-44.38539],[-65.23366,-44.38539],[-65.21888,-44.36945],[-65.22206,-44.36377],[-65.25301,-44.30829],[-65.27078,-44.29881],[-65.27067,-44.2751],[-65.27961,-44.26945],[-65.29134,-44.26052],[-65.30505,-44.23972],[-65.31169,-44.21691],[-65.31006,-44.19285],[-65.30656,-44.18105],[-65.29811,-44.1654],[-65.28328,-44.15495],[-65.27639,-44.1469],[-65.25078,-44.14701],[-65.21639,-44.12864],[-65.23595,-44.06847],[-65.18794,-44.03546],[-65.22478,-44.04534],[-65.25158,-44.02764],[-65.23114,-43.9727],[-65.27683,-43.96663],[-65.29942,-43.93344],[-65.32238,-43.78234],[-65.35462,-43.76447],[-65.35542,-43.75285],[-65.35354,-43.73788]],[[-66.40807,-45.08838],[-66.40936,-45.08593],[-66.40295,-45.08868],[-66.40807,-45.08838]],[[-66.06937,-47.78287],[-66.08006,-47.78288],[-66.07204,-47.78166],[-66.06937,-47.78287]]],[[[-68.7837,-37.85989],[-68.71988,-37.84466],[-68.71592,-37.69548],[-68.82423,-37.61888],[-69.05559,-37.62267],[-69.18059,-37.66713],[-69.18029,-37.73043],[-69.09504,-37.74106],[-69.09468,-37.76853],[-69.1972,-37.80878],[-69.20372,-37.88981],[-69.15121,-37.93063],[-69.06397,-37.93533],[-69.03272,-37.90867],[-68.97857,-37.91125],[-68.94653,-37.93952],[-68.86746,-37.92237],[-68.7837,-37.85989]]],[[[-63.77311,-42.07349],[-63.80157,-42.07216],[-63.84735,-42.07815],[-63.88952,-42.08772],[-63.90936,-42.09538],[-63.93496,-42.10328],[-63.93782,-42.10457],[-63.93806,-42.10966],[-63.95024,-42.1138],[-64.07511,-42.17833],[-64.37875,-42.23835],[-64.31296,-42.25215],[-64.13492,-42.23933],[-64.07973,-42.26122],[-64.06407,-42.27354],[-64.05903,-42.2753],[-64.04903,-42.3169],[-64.07016,-42.33308],[-64.04256,-42.34654],[-64.05189,-42.37438],[-64.0991,-42.40389],[-64.14036,-42.42806],[-64.14945,-42.42292],[-64.17005,-42.41874],[-64.19142,-42.41583],[-64.30154,-42.40394],[-64.42822,-42.43948],[-64.49135,-42.42806],[-64.52808,-42.42813],[-64.54296,-42.42567],[-64.57369,-42.42388],[-64.57948,-42.42399],[-64.5925,-42.4272],[-64.61456,-42.42438],[-64.61517,-42.4965],[-64.59631,-42.49645],[-64.51481,-42.50195],[-64.50829,-42.49955],[-64.35596,-42.53077],[-64.32652,-42.54021],[-64.30896,-42.58595],[-64.28246,-42.57325],[-64.27709,-42.57767],[-64.25683,-42.59651],[-64.27341,-42.61773],[-64.21056,-42.62704],[-64.24941,-42.68304],[-64.25262,-42.76742],[-64.14519,-42.87379],[-63.68583,-42.79256],[-63.67733,-42.79204],[-63.62996,-42.76463],[-63.63981,-42.69976],[-63.5828,-42.60735],[-63.59855,-42.33023],[-63.63767,-42.26152],[-63.70458,-42.16634],[-63.7161,-42.15092],[-63.73909,-42.09781],[-63.77311,-42.07349]]],[[[-65.26288,-44.15325],[-65.25492,-44.15263],[-65.25448,-44.15011],[-65.26288,-44.15325]]],[[[-65.65108,-44.76757],[-65.64865,-44.76732],[-65.65418,-44.76594],[-65.65108,-44.76757]]],[[[-65.86671,-45.0395],[-65.86513,-45.03805],[-65.87283,-45.0303],[-65.87,-45.03453],[-65.86671,-45.0395]]],[[[-65.59534,-45.04506],[-65.60924,-45.04198],[-65.6113,-45.04322],[-65.61839,-45.04595],[-65.62259,-45.04959],[-65.61663,-45.06002],[-65.60246,-45.05674],[-65.59596,-45.05639],[-65.58594,-45.05069],[-65.59299,-45.04243],[-65.59534,-45.04506]]],[[[-65.99297,-45.09108],[-66.00545,-45.08224],[-66.01566,-45.09238],[-65.98101,-45.10534],[-65.98811,-45.09963],[-65.98527,-45.09542],[-65.98602,-45.09201],[-65.99297,-45.09108]]],[[[-66.42138,-45.09563],[-66.41496,-45.09458],[-66.41997,-45.09433],[-66.42138,-45.09563]]],[[[-65.94482,-45.10813],[-65.96368,-45.10372],[-65.96031,-45.10784],[-65.94482,-45.10813]]],[[[-66.39288,-45.19062],[-66.4093,-45.18379],[-66.40206,-45.18927],[-66.40391,-45.19146],[-66.40092,-45.19379],[-66.39288,-45.19062]]],[[[-65.93671,-47.76563],[-65.9409,-47.75812],[-65.94608,-47.76201],[-65.93671,-47.76563]]],[[[-65.98996,-47.76557],[-65.99021,-47.76168],[-65.99181,-47.7602],[-66.00559,-47.7612],[-66.01417,-47.76312],[-66.05481,-47.78642],[-66.03014,-47.77581],[-66.0221,-47.77226],[-66.02232,-47.77359],[-66.00494,-47.76951],[-66.00603,-47.76765],[-66.00438,-47.76699],[-66.00262,-47.76943],[-66.00571,-47.77181],[-65.99194,-47.7649],[-65.98996,-47.76557]]],[[[-65.71069,-47.91438],[-65.71336,-47.90747],[-65.71956,-47.90979],[-65.71884,-47.91541],[-65.71069,-47.91438]]],[[[-67.04799,-48.75249],[-67.04303,-48.751],[-67.04432,-48.7491],[-67.04799,-48.75249]]],[[[-67.69679,-49.27404],[-67.68933,-49.26774],[-67.73364,-49.27687],[-67.69679,-49.27404]]],[[[-67.69418,-49.29782],[-67.6968,-49.28904],[-67.70103,-49.2989],[-67.69418,-49.29782]]],[[[-69.4088,-51.09253],[-69.4201,-51.08734],[-69.42536,-51.08972],[-69.43043,-51.08881],[-69.4402,-51.09063],[-69.45484,-51.10322],[-69.45287,-51.10972],[-69.4088,-51.09253]]],[[[-68.56435,-52.70532],[-68.56797,-52.70313],[-68.60623,-52.65827],[-68.60762,-54.00272],[-68.48272,-54.0022],[-68.42168,-54.03085],[-68.04579,-54.08311],[-67.83434,-54.021],[-67.66938,-53.94358],[-67.50984,-53.93903],[-67.54991,-53.91635],[-67.57984,-53.86886],[-67.57746,-53.85677],[-67.54158,-53.84407],[-67.55376,-53.83693],[-67.61551,-53.81771],[-67.66762,-53.79356],[-67.77844,-53.83379],[-67.68174,-53.79717],[-67.99016,-53.58451],[-68.13707,-53.33134],[-68.2066,-53.30669],[-68.38706,-53.31197],[-68.551,-53.24336],[-68.55606,-53.19565],[-68.50132,-53.10527],[-68.44613,-53.09185],[-68.34798,-53.01511],[-68.26675,-53.01611],[-68.21464,-53.15281],[-68.2015,-53.14196],[-68.28767,-52.95143],[-68.56435,-52.70532]]]]},"properties":{"id":"ecoregiones_argentina.13","ecorregion":"Estepa Patagonica","hectareas":54257147}},{"type":"Feature","geometry":{"type":"MultiPolygon","coordinates":[[[[-58.18035,-27.27836],[-58.24674,-27.26152],[-58.42701,-27.28721],[-58.5652,-27.33181],[-58.65192,-27.41144],[-58.71974,-27.41502],[-58.76811,-27.47115],[-58.72613,-27.84174],[-58.60923,-27.82716],[-58.41612,-27.71543],[-58.31903,-27.61244],[-58.23568,-27.46851],[-58.18035,-27.27836]]],[[[-57.62284,-25.3882],[-57.70285,-25.3222],[-57.69445,-25.28597],[-57.75906,-25.22027],[-57.7535,-25.17647],[-57.83701,-25.13143],[-57.86113,-25.08159],[-57.99071,-25.08179],[-58.00574,-25.03506],[-58.06867,-25.04571],[-58.09058,-25.00875],[-58.13716,-25.01168],[-58.14978,-24.97521],[-58.19347,-24.96803],[-58.23086,-24.92596],[-58.33368,-25.00002],[-58.47355,-24.86098],[-58.57358,-24.82103],[-58.6735,-24.83151],[-58.72699,-24.77433],[-58.80736,-24.77241],[-58.97139,-24.66283],[-59.12781,-24.61795],[-59.18554,-24.56364],[-59.23801,-24.54728],[-59.25728,-24.59526],[-59.30113,-24.62821],[-59.3325,-24.6022],[-59.41721,-24.60236],[-59.41365,-24.67015],[-59.37687,-24.69951],[-59.38257,-24.76412],[-59.68141,-24.63758],[-59.79739,-24.64005],[-59.84297,-24.66816],[-59.8391,-24.77294],[-59.77241,-24.87868],[-59.76507,-24.94634],[-59.64931,-25.03562],[-59.70163,-25.0617],[-59.87727,-25.05715],[-60.02272,-25.00108],[-60.05042,-25.10477],[-60.05066,-25.31471],[-59.97557,-25.42616],[-59.97379,-25.46186],[-59.90492,-25.5246],[-59.79716,-25.54987],[-59.79436,-25.65469],[-59.87744,-25.70234],[-59.93618,-25.78948],[-60.00592,-25.79119],[-60.03866,-25.68996],[-60.15405,-25.56461],[-60.18425,-25.56582],[-60.22556,-25.60922],[-60.22006,-25.66865],[-60.13077,-25.71757],[-60.00127,-25.90908],[-60.01529,-25.99673],[-60.11336,-26.01509],[-60.28809,-25.89684],[-60.33295,-25.81389],[-60.42402,-25.75537],[-60.49012,-25.77938],[-60.47765,-25.82067],[-60.41304,-25.87667],[-60.39702,-25.96435],[-60.30143,-26.08469],[-60.25581,-26.34059],[-60.28198,-26.37385],[-60.29316,-26.496],[-60.35061,-26.67608],[-60.35789,-26.90427],[-60.38903,-26.94728],[-60.35713,-27.02595],[-60.35598,-27.12852],[-60.49067,-27.18281],[-60.47909,-27.25515],[-60.38971,-27.30648],[-60.39089,-27.36261],[-60.46017,-27.42028],[-60.50683,-27.42332],[-60.57264,-27.55361],[-60.60409,-27.51306],[-60.66718,-27.50953],[-60.67941,-27.58878],[-60.74065,-27.68064],[-60.75204,-27.80641],[-61.01408,-27.88897],[-61.14795,-28.10989],[-61.28231,-28.11698],[-61.32664,-28.08864],[-61.36633,-27.82247],[-61.33437,-27.78437],[-61.33475,-27.71273],[-61.36787,-27.69115],[-61.36364,-27.63249],[-61.29586,-27.49287],[-61.30273,-27.45727],[-61.38696,-27.4601],[-61.46461,-27.59045],[-61.52495,-27.59003],[-61.56102,-27.52668],[-61.62929,-27.59575],[-61.59609,-27.75476],[-61.69719,-27.88099],[-61.74006,-27.88471],[-61.82502,-27.84311],[-62.12922,-27.52696],[-62.21229,-27.52806],[-62.32853,-27.66026],[-62.36087,-27.65633],[-62.43946,-27.75757],[-62.43326,-27.86498],[-62.37887,-27.92332],[-62.15511,-28.04869],[-62.04987,-28.05406],[-61.97707,-28.01969],[-61.76692,-28.05757],[-61.64301,-28.2245],[-61.55272,-29.08752],[-61.58671,-29.74913],[-61.5297,-29.7078],[-61.47082,-29.55652],[-61.32016,-29.38769],[-61.21388,-29.38629],[-61.14032,-29.41347],[-60.84833,-29.65912],[-60.74515,-29.80307],[-60.67613,-29.96858],[-60.6688,-30.20699],[-60.63468,-30.27839],[-60.62849,-30.41658],[-60.59134,-30.54035],[-60.63477,-30.57796],[-60.63712,-30.61028],[-60.60478,-30.64593],[-60.43174,-30.5348],[-60.27226,-30.38708],[-60.22249,-30.39084],[-59.99739,-30.17907],[-59.95437,-30.07451],[-59.89469,-29.72825],[-59.81222,-29.44653],[-59.69005,-29.17486],[-59.62615,-29.10982],[-59.44646,-28.77447],[-59.44164,-28.70033],[-59.08856,-27.97963],[-59.08754,-27.91165],[-58.95703,-27.69056],[-58.95754,-27.45351],[-58.82254,-27.33224],[-58.78928,-27.1459],[-58.75226,-27.12135],[-58.74213,-27.05175],[-58.37015,-26.73199],[-58.36549,-26.62341],[-58.33178,-26.59302],[-58.33907,-26.4244],[-58.16648,-26.09336],[-57.98639,-26.00211],[-57.84803,-25.70257],[-57.68255,-25.58728],[-57.59955,-25.43274],[-57.62284,-25.3882]]]]},"properties":{"id":"ecoregiones_argentina.14","ecorregion":"Chaco Humedo","hectareas":11926875}},{"type":"Feature","geometry":{"type":"Polygon","coordinates":[[[-67.40148,-31.54696],[-67.66949,-31.54494],[-67.75244,-31.57611],[-67.85218,-31.67632],[-67.95807,-31.72614],[-68.03932,-31.73204],[-68.07217,-31.76259],[-68.22607,-31.64524],[-68.30843,-31.52902],[-68.3234,-31.45703],[-68.40279,-31.45317],[-68.45403,-31.38645],[-68.65711,-31.37404],[-68.72221,-31.40972],[-68.77425,-31.56757],[-68.60841,-31.92604],[-68.61403,-31.97613],[-68.65019,-32.01482],[-68.67465,-32.18043],[-68.74767,-32.31869],[-68.7694,-32.47716],[-68.82289,-32.60981],[-68.91592,-32.73554],[-68.95908,-32.97112],[-69.06905,-32.99475],[-69.09255,-33.38129],[-69.13359,-34.0039],[-69.10377,-34.09068],[-69.08669,-34.37066],[-69.0562,-34.40368],[-69.15123,-35.04872],[-69.11191,-35.08438],[-69.12154,-35.18447],[-69.07215,-35.22516],[-69.06648,-35.30653],[-68.99713,-35.32261],[-68.93164,-35.28479],[-68.76843,-35.28386],[-68.46259,-35.43146],[-68.30489,-35.63409],[-68.26195,-35.82367],[-68.28355,-36.36921],[-68.33452,-36.44349],[-68.30936,-36.5921],[-68.36462,-36.60655],[-68.45839,-36.71335],[-68.48116,-36.82158],[-68.58192,-36.99023],[-68.74252,-37.10845],[-69.01439,-37.23322],[-69.16304,-37.25203],[-69.86999,-36.90863],[-69.88729,-36.98567],[-69.83268,-37.02446],[-69.88317,-37.08013],[-69.88059,-37.11723],[-69.84328,-37.14591],[-69.80325,-37.32869],[-69.77047,-37.33094],[-69.65835,-37.23894],[-69.58905,-37.25778],[-69.57862,-37.32138],[-69.62593,-37.34143],[-69.62985,-37.39146],[-69.60225,-37.40902],[-69.54974,-37.37479],[-69.3794,-37.34635],[-69.28449,-37.43381],[-69.58557,-37.56117],[-69.64915,-37.63444],[-69.65011,-37.68456],[-69.48163,-38.09563],[-69.49442,-38.26838],[-69.54874,-38.2954],[-69.6471,-38.23268],[-69.74876,-38.00144],[-69.76398,-37.82664],[-69.80774,-37.77031],[-69.8408,-37.65343],[-70.12415,-37.56386],[-70.12828,-37.61147],[-69.93571,-37.82938],[-69.86008,-38.13871],[-69.87426,-38.23495],[-69.9695,-38.34398],[-70.17542,-38.49797],[-70.16487,-38.57833],[-70.0467,-38.50489],[-69.96904,-38.50158],[-69.97086,-38.5624],[-69.94169,-38.58488],[-70.08395,-38.70653],[-70.05437,-38.99048],[-69.98521,-39.22922],[-69.85359,-39.23604],[-69.71027,-39.28368],[-69.63763,-39.39342],[-69.6487,-39.42888],[-69.74545,-39.51056],[-69.98895,-39.61824],[-70.14232,-39.85994],[-70.15402,-39.97649],[-69.94357,-40.03995],[-69.73247,-40.01353],[-69.24982,-40.04958],[-69.01877,-39.95317],[-68.94444,-39.95628],[-68.87551,-40.08814],[-68.80141,-40.1007],[-68.72243,-40.06916],[-68.46835,-40.04739],[-67.73006,-40.34017],[-67.57628,-40.36984],[-67.53512,-40.41337],[-67.54366,-40.58161],[-67.49008,-40.63723],[-67.59377,-40.77912],[-67.62098,-41.18585],[-67.57608,-41.22467],[-67.49236,-41.22818],[-67.40097,-41.16963],[-67.19101,-40.9165],[-66.9408,-40.91882],[-66.86423,-40.9612],[-66.61068,-40.96283],[-66.51709,-40.87851],[-66.46043,-40.87278],[-66.41142,-40.83357],[-66.33125,-40.83263],[-66.22304,-40.90692],[-66.21857,-40.98334],[-66.18399,-41.01444],[-66.20391,-41.33915],[-66.1235,-41.53744],[-66.15247,-41.6914],[-66.27668,-41.68879],[-66.35132,-41.64919],[-66.41564,-41.75164],[-66.65891,-41.846],[-67.04662,-41.73329],[-67.3588,-41.72525],[-67.79828,-42.05583],[-67.82864,-42.16517],[-67.87279,-42.1931],[-67.87808,-42.26344],[-67.76249,-42.38224],[-67.66044,-42.41958],[-67.60805,-42.3869],[-67.44556,-42.39265],[-67.25832,-42.36979],[-67.11916,-42.41898],[-67.01966,-42.64072],[-67.03315,-42.96643],[-67.09137,-43.04228],[-67.26212,-43.11691],[-67.49379,-43.26449],[-67.52924,-43.57073],[-67.37498,-43.93069],[-67.15509,-44.17178],[-67.06332,-44.23114],[-66.74109,-44.20862],[-66.60615,-44.15333],[-66.19814,-44.06647],[-66.14839,-44.02359],[-65.87905,-43.91503],[-65.83954,-43.87321],[-65.46059,-43.73135],[-65.35354,-43.73788],[-65.34943,-43.72845],[-65.35118,-43.71965],[-65.34219,-43.68776],[-65.33291,-43.6575],[-65.32568,-43.65018],[-65.28689,-43.60247],[-65.28564,-43.5976],[-65.26976,-43.58855],[-65.24454,-43.56616],[-65.2241,-43.55643],[-65.2106,-43.54909],[-65.05258,-43.40258],[-65.05029,-43.32828],[-64.97634,-43.25497],[-64.75761,-43.1506],[-64.45896,-43.06447],[-64.30768,-42.97916],[-64.33032,-42.93592],[-64.39682,-42.95959],[-64.50126,-42.94182],[-64.54564,-42.92231],[-64.6673,-42.90846],[-64.66985,-42.90536],[-64.69724,-42.8972],[-65.00138,-42.77989],[-65.02631,-42.77361],[-65.03538,-42.76124],[-65.03695,-42.73923],[-65.03649,-42.73231],[-65.03419,-42.7266],[-65.01692,-42.71027],[-64.99553,-42.69775],[-64.98776,-42.67035],[-64.98504,-42.65365],[-64.94899,-42.62946],[-64.87201,-42.61456],[-64.7903,-42.57945],[-64.72299,-42.53493],[-64.64128,-42.49986],[-64.61517,-42.4965],[-64.61452,-42.41721],[-64.56724,-42.32117],[-64.52582,-42.28655],[-64.48043,-42.24953],[-64.47356,-42.23688],[-64.77207,-42.20632],[-64.80642,-42.19874],[-64.8366,-42.19453],[-64.84076,-42.19008],[-64.90525,-42.16956],[-64.99914,-42.10733],[-65.06852,-42.01478],[-65.05688,-41.89587],[-65.05762,-41.88159],[-65.05011,-41.87701],[-65.04968,-41.84589],[-65.0473,-41.83728],[-65.01587,-41.83221],[-65.01269,-41.77972],[-64.99841,-41.77069],[-64.9978,-41.7644],[-65.0354,-41.60541],[-65.03479,-41.5943],[-65.01648,-41.61029],[-64.98639,-41.57678],[-65.00641,-41.5636],[-64.99231,-41.49939],[-65.07361,-41.41522],[-65.13391,-41.23199],[-65.13629,-41.22321],[-65.16132,-41.00891],[-65.16431,-40.98767],[-65.16632,-40.9798],[-65.16589,-40.96521],[-65.12042,-40.84522],[-65.11328,-40.83209],[-65.08337,-40.80847],[-65.06097,-40.79871],[-65.05121,-40.78442],[-64.98401,-40.75677],[-64.94928,-40.7558],[-64.90417,-40.76251],[-64.95923,-40.74811],[-64.91669,-40.72729],[-64.99591,-40.71692],[-64.94898,-40.7157],[-64.95648,-40.71399],[-64.93079,-40.711],[-64.84662,-40.71948],[-64.83881,-40.72082],[-64.8114,-40.72522],[-64.8017,-40.73071],[-64.78449,-40.74359],[-64.79669,-40.776],[-64.79059,-40.78198],[-64.76941,-40.77478],[-64.75861,-40.76788],[-64.75122,-40.7699],[-64.74738,-40.77508],[-64.74738,-40.77728],[-64.73358,-40.78693],[-64.74658,-40.78699],[-64.74951,-40.79181],[-64.7497,-40.7948],[-64.74591,-40.7998],[-64.74402,-40.80157],[-64.77411,-40.80322],[-64.8081,-40.7937],[-64.84308,-40.789],[-64.84528,-40.81488],[-64.84521,-40.78247],[-64.90411,-40.8111],[-64.86798,-40.83051],[-64.74628,-40.8186],[-64.5412,-40.86493],[-64.20618,-41.00983],[-64.112,-41.02289],[-64.09888,-41.00177],[-64.08179,-41.02667],[-64.11438,-41.03009],[-63.9585,-41.07312],[-63.89691,-41.12262],[-63.87109,-41.13739],[-63.8363,-41.14313],[-63.77722,-41.1604],[-63.14392,-41.15741],[-63.091,-41.14929],[-63.0813,-41.14838],[-63.0437,-41.1402],[-62.88452,-41.07941],[-63.06789,-40.87343],[-63.23342,-40.78799],[-63.28254,-40.73902],[-63.36234,-40.46629],[-63.87598,-39.68646],[-63.9817,-39.45192],[-64.12714,-39.25493],[-64.34684,-38.85819],[-64.44535,-38.82371],[-64.47902,-38.74773],[-64.67239,-38.59959],[-64.70564,-38.52831],[-64.82095,-38.4495],[-64.84336,-38.37806],[-64.95987,-38.29435],[-64.98807,-38.2277],[-65.28139,-37.96468],[-65.3137,-37.89679],[-65.42438,-37.81615],[-65.43529,-37.76603],[-65.60174,-37.59469],[-65.75076,-37.47683],[-65.88415,-37.49137],[-66.30491,-37.35962],[-66.56184,-37.09346],[-66.6222,-36.81358],[-66.83794,-36.42873],[-66.83589,-36.37498],[-66.59476,-36.14222],[-66.54993,-36.05043],[-66.4687,-35.50108],[-66.38447,-35.303],[-66.37474,-35.0903],[-66.4928,-34.89507],[-66.58939,-34.81217],[-66.6678,-34.65161],[-66.61952,-34.57777],[-66.42393,-34.47581],[-66.34557,-34.37326],[-66.33632,-34.22149],[-66.41348,-34.11129],[-66.33266,-34.02188],[-66.34541,-33.62379],[-66.3494,-33.55205],[-66.45077,-33.55292],[-66.46577,-33.41897],[-66.50427,-33.42241],[-66.72328,-33.53011],[-66.90671,-33.87197],[-66.97434,-33.77104],[-66.99902,-33.67761],[-67.0733,-33.55745],[-67.07381,-33.36738],[-66.99126,-33.24733],[-67.09947,-33.14123],[-67.22307,-32.51963],[-67.18005,-32.46743],[-67.18633,-32.40879],[-67.2616,-32.34829],[-67.28829,-32.14477],[-67.40932,-31.88165],[-67.40148,-31.54696]],[[-68.7837,-37.85989],[-68.86746,-37.92237],[-68.94653,-37.93952],[-68.97857,-37.91125],[-69.03272,-37.90867],[-69.06397,-37.93533],[-69.15121,-37.93063],[-69.20372,-37.88981],[-69.1972,-37.80878],[-69.09468,-37.76853],[-69.09504,-37.74106],[-69.18029,-37.73043],[-69.18059,-37.66713],[-69.05559,-37.62267],[-68.82423,-37.61888],[-68.71592,-37.69548],[-68.71988,-37.84466],[-68.7837,-37.85989]]]},"properties":{"id":"ecoregiones_argentina.15","ecorregion":"Monte de Llanuras y Mesetas","hectareas":35414412}},{"type":"Feature","geometry":{"type":"MultiPolygon","coordinates":[[[[-65.86623,-26.84853],[-65.89307,-26.67623],[-65.85979,-26.66783],[-65.84797,-26.53498],[-65.80291,-26.4332],[-65.79269,-26.20102],[-65.70297,-26.00938],[-65.63686,-25.97332],[-65.62578,-25.7076],[-65.65367,-25.6562],[-65.65926,-25.5497],[-65.69237,-25.4995],[-65.69653,-25.41812],[-65.7613,-25.3165],[-65.84954,-25.30226],[-65.96944,-24.97676],[-66.10054,-24.70621],[-66.16597,-24.64271],[-66.24339,-24.71682],[-66.25333,-25.09983],[-66.32447,-25.15715],[-66.37182,-25.16063],[-66.44307,-25.22507],[-66.43939,-25.30048],[-66.3779,-25.42513],[-66.35094,-25.67295],[-66.24148,-25.74618],[-66.11869,-25.86123],[-66.07643,-25.97017],[-66.07786,-26.12216],[-66.04874,-26.22868],[-66.0794,-26.43691],[-66.11666,-26.48116],[-66.13942,-26.60799],[-66.1779,-26.52657],[-66.23373,-26.50734],[-66.24414,-26.39723],[-66.27998,-26.37921],[-66.40636,-26.42678],[-66.54991,-26.42749],[-66.59678,-26.49432],[-66.66574,-26.69146],[-66.88062,-26.74414],[-66.99275,-27.07006],[-67.06419,-27.13295],[-67.26135,-27.42205],[-67.30685,-27.41565],[-67.34212,-27.44881],[-67.48448,-27.16383],[-67.57952,-27.07426],[-67.66055,-27.04103],[-67.76749,-27.04451],[-67.83852,-27.1405],[-67.8494,-27.23247],[-67.87674,-27.26679],[-67.89932,-27.49137],[-67.86021,-27.55889],[-67.88416,-28.01429],[-67.95336,-28.11499],[-67.97045,-28.23794],[-68.08288,-28.25541],[-68.52164,-28.24801],[-68.66774,-28.42101],[-68.80679,-28.66689],[-68.80996,-28.78518],[-68.77571,-28.82415],[-68.78349,-28.91246],[-68.91722,-29.07819],[-68.96601,-29.07114],[-69.02264,-29.23962],[-69.04383,-29.49375],[-68.98835,-29.55836],[-68.99213,-29.59414],[-68.90356,-29.60567],[-68.87044,-29.64345],[-68.71374,-29.51525],[-68.7134,-29.60491],[-68.68669,-29.62937],[-68.69271,-29.80379],[-68.66091,-29.84508],[-68.66949,-29.96086],[-68.70361,-30.0044],[-68.72067,-30.12598],[-68.68044,-30.16387],[-68.68305,-30.20924],[-68.73167,-30.27518],[-68.73989,-30.42204],[-68.70238,-30.46226],[-68.72025,-30.55872],[-68.78923,-30.55606],[-68.85363,-30.58574],[-68.8709,-30.79573],[-68.84453,-30.84053],[-68.85016,-30.93723],[-68.88609,-30.97946],[-68.89751,-31.17282],[-68.86792,-31.20575],[-68.89222,-31.36417],[-69.08118,-31.3502],[-69.1488,-31.29],[-69.20687,-31.27901],[-69.28702,-31.2232],[-69.26091,-30.94782],[-69.2337,-30.92222],[-69.16971,-30.66208],[-69.09142,-30.54804],[-69.07033,-30.40392],[-69.03378,-30.33665],[-68.96331,-30.28448],[-68.87576,-30.25775],[-68.87331,-30.22075],[-68.91373,-30.09793],[-69.03432,-30.08564],[-69.09946,-30.01479],[-69.12687,-29.88147],[-69.1787,-29.78581],[-69.23257,-29.41399],[-69.30988,-29.31409],[-69.34721,-29.37172],[-69.34286,-29.44712],[-69.38109,-29.48799],[-69.40122,-29.76234],[-69.3643,-29.80512],[-69.36591,-29.85288],[-69.3234,-29.93522],[-69.31477,-30.08842],[-69.28033,-30.12752],[-69.28115,-30.23506],[-69.41641,-30.52318],[-69.46278,-31.00948],[-69.49575,-31.03846],[-69.53837,-31.43757],[-69.64954,-31.64471],[-69.66196,-31.78294],[-69.54067,-31.86643],[-69.49936,-31.95837],[-69.47555,-32.18125],[-69.4334,-32.21825],[-69.46646,-32.60563],[-69.51348,-32.68914],[-69.50311,-32.78501],[-69.2268,-32.88802],[-69.17792,-32.94662],[-69.09634,-32.96421],[-69.0733,-32.99465],[-68.95908,-32.97112],[-68.91592,-32.73554],[-68.82289,-32.60981],[-68.7694,-32.47716],[-68.74767,-32.31869],[-68.67465,-32.18043],[-68.65019,-32.01482],[-68.61403,-31.97613],[-68.60841,-31.92604],[-68.77425,-31.56757],[-68.72221,-31.40972],[-68.65711,-31.37404],[-68.45403,-31.38645],[-68.40279,-31.45317],[-68.3234,-31.45703],[-68.30843,-31.52902],[-68.22607,-31.64524],[-68.07217,-31.76259],[-68.03932,-31.73204],[-67.95807,-31.72614],[-67.85218,-31.67632],[-67.75244,-31.57611],[-67.66949,-31.54494],[-67.40148,-31.54696],[-67.32562,-31.51429],[-67.23563,-31.35736],[-67.22366,-31.07766],[-67.26477,-31.03422],[-67.28377,-30.89771],[-67.36106,-30.77376],[-67.65147,-30.50612],[-67.65898,-30.46059],[-67.72008,-30.4024],[-67.66894,-30.31577],[-67.61732,-30.27815],[-67.52786,-30.28401],[-67.41436,-30.34388],[-67.30412,-30.34862],[-67.2213,-30.22982],[-67.20293,-30.07811],[-67.09846,-29.95703],[-67.01248,-29.74004],[-66.9921,-29.33711],[-67.0484,-29.2362],[-67.0544,-29.15602],[-66.91989,-29.04815],[-66.77637,-28.96891],[-66.40855,-28.83176],[-66.40601,-28.83207],[-66.14066,-28.64089],[-66.02264,-28.44835],[-66.02801,-28.26171],[-66.08195,-28.1241],[-66.06692,-27.80943],[-66.18117,-27.74113],[-66.27352,-27.5615],[-66.50806,-27.47349],[-66.49055,-27.45561],[-66.34561,-27.43092],[-66.26748,-27.28271],[-66.08122,-27.13098],[-66.06381,-27.08312],[-66.00899,-27.06519],[-65.93957,-26.912],[-65.88351,-26.91436],[-65.8849,-26.86291],[-65.86623,-26.84853]],[[-69.12929,-32.57028],[-69.18537,-32.59994],[-69.24241,-32.57697],[-69.33048,-32.36319],[-69.38478,-32.04393],[-69.34945,-31.99827],[-69.34302,-31.89807],[-69.37231,-31.85667],[-69.3403,-31.511],[-69.21073,-31.3518],[-69.08025,-31.44941],[-68.97478,-31.72797],[-68.99581,-31.94617],[-69.04092,-31.99648],[-69.05315,-32.19575],[-69.01177,-32.21945],[-69.02378,-32.41155],[-69.10162,-32.46343],[-69.12929,-32.57028]]],[[[-65.88686,-24.80914],[-65.78342,-24.72045],[-65.65633,-24.64385],[-65.69592,-24.59581],[-65.72175,-24.16133],[-65.7375,-24.11227],[-65.78845,-24.06207],[-65.86001,-24.19623],[-65.89513,-24.32914],[-65.91587,-24.58053],[-65.87917,-24.62958],[-65.89877,-24.67987],[-65.95117,-24.6811],[-65.95116,-24.71581],[-65.88686,-24.80914]]],[[[-65.464,-24.02297],[-65.46012,-24.01578],[-65.32701,-23.79977],[-65.27243,-23.55412],[-65.24011,-23.52882],[-65.23246,-23.27978],[-65.2624,-23.25598],[-65.2762,-23.09921],[-65.3588,-23.14746],[-65.409,-23.2123],[-65.41367,-23.32845],[-65.37984,-23.35585],[-65.37641,-23.53302],[-65.43202,-23.58471],[-65.53648,-23.79935],[-65.53739,-23.90709],[-65.464,-24.02297]]]]},"properties":{"id":"ecoregiones_argentina.16","ecorregion":"Monte de Sierras y Bolsones","hectareas":11698110}},{"type":"Feature","geometry":{"type":"MultiPolygon","coordinates":[[[[-60.08109,-33.5374],[-60.66209,-33.10086],[-60.68234,-32.89865],[-60.8197,-32.68501],[-60.83954,-32.09142],[-60.93586,-32.07383],[-61.26066,-31.83809],[-61.31431,-31.82814],[-61.39568,-31.76664],[-61.7454,-31.66895],[-61.81056,-31.67947],[-62.06122,-31.92757],[-62.11229,-32.04501],[-62.29261,-32.12926],[-62.90029,-32.13726],[-63.14409,-32.20036],[-63.24795,-32.34488],[-63.30105,-32.5002],[-63.26049,-32.62839],[-63.10682,-32.75161],[-62.91672,-33.01471],[-62.91697,-33.04818],[-63.01569,-33.19157],[-63.10753,-33.2511],[-63.2313,-33.29454],[-63.57283,-33.34471],[-63.67134,-33.38843],[-63.83147,-33.53713],[-64.31912,-33.33794],[-64.5328,-33.33347],[-64.74791,-33.42668],[-64.89913,-33.64328],[-64.91613,-33.76893],[-64.83408,-34.11959],[-64.69604,-34.40386],[-64.31467,-34.86885],[-64.27467,-35.25426],[-64.06316,-36.17463],[-63.89616,-36.5768],[-63.61933,-37.05178],[-63.26178,-37.58509],[-63.18447,-37.64537],[-63.18425,-37.69074],[-63.06643,-37.78221],[-63.04969,-37.82478],[-62.95345,-37.89518],[-62.78324,-38.1008],[-62.71475,-38.14547],[-62.43392,-38.47755],[-62.31733,-38.5599],[-62.3104,-38.60624],[-62.09139,-38.82833],[-62.08901,-38.90274],[-62.07676,-38.90444],[-62.07341,-38.92511],[-61.83632,-38.98564],[-61.79332,-38.99301],[-61.76179,-38.97862],[-61.73739,-38.97004],[-61.71596,-38.96607],[-61.70467,-38.96553],[-61.69361,-38.9684],[-61.68065,-38.98046],[-61.60652,-39.00406],[-61.23321,-38.9938],[-61.11792,-38.99764],[-60.85103,-38.97959],[-60.16763,-38.87667],[-60.08084,-38.86127],[-59.72818,-38.8062],[-59.56448,-38.77552],[-59.38907,-38.74782],[-59.32554,-38.73553],[-59.29095,-38.72787],[-59.18284,-38.71147],[-59.07716,-38.6902],[-59.00561,-38.67182],[-58.68946,-38.58794],[-58.69767,-38.58366],[-58.68954,-38.57454],[-58.601,-38.55815],[-58.56651,-38.55095],[-58.45391,-38.52245],[-58.31175,-38.47444],[-58.13674,-38.41106],[-57.68337,-38.20587],[-57.57015,-38.10697],[-57.54028,-38.08711],[-57.51778,-38.03897],[-57.52657,-38.04278],[-57.53486,-38.04594],[-57.54075,-38.04619],[-57.52814,-38.01317],[-57.53148,-38.01201],[-57.54263,-37.98786],[-57.54379,-37.98664],[-57.54194,-37.97348],[-57.53936,-37.97129],[-57.5364,-37.95828],[-57.53783,-37.95632],[-57.49185,-37.83235],[-57.493,-37.83062],[-57.41121,-37.73484],[-57.1255,-37.49278],[-56.68837,-36.91153],[-56.66581,-36.86221],[-56.67363,-36.8336],[-56.67282,-36.73725],[-56.69074,-36.49833],[-56.73168,-36.32598],[-56.7736,-36.30086],[-56.77433,-36.31299],[-56.76581,-36.32861],[-56.88932,-36.3318],[-56.92041,-36.36407],[-56.91779,-36.349],[-56.91354,-36.33808],[-56.92493,-36.33411],[-56.9413,-36.33541],[-57.01813,-36.33948],[-57.06519,-36.30658],[-57.06421,-36.30951],[-57.10858,-36.27618],[-57.12268,-36.29211],[-57.11639,-36.27081],[-57.1297,-36.28009],[-57.22464,-36.18192],[-57.24829,-36.19208],[-57.23336,-36.17473],[-57.2536,-36.1535],[-57.271,-36.13708],[-57.3208,-36.15552],[-57.28088,-36.12579],[-57.38251,-35.96647],[-57.38798,-35.84338],[-57.34661,-35.71504],[-57.12767,-35.44215],[-57.22571,-35.27112],[-57.3399,-35.15857],[-57.50846,-35.02471],[-57.75102,-34.91493],[-57.87374,-34.82616],[-57.94813,-34.83318],[-58.00441,-34.78503],[-58.17889,-34.74469],[-58.31622,-34.6593],[-58.36159,-34.58156],[-58.46539,-34.5271],[-58.50574,-34.45213],[-58.69353,-34.34737],[-58.71223,-34.30819],[-58.8574,-34.27202],[-58.92425,-34.16249],[-58.9866,-34.1429],[-58.97743,-34.12512],[-59.06193,-34.05383],[-59.10176,-34.05608],[-59.15906,-34.01886],[-59.15766,-33.9831],[-59.26452,-33.93193],[-59.24082,-33.90683],[-59.30644,-33.86248],[-59.30179,-33.8411],[-59.58723,-33.67402],[-59.61435,-33.69209],[-60.08109,-33.5374]]],[[[-58.13554,-31.82891],[-58.61869,-31.84408],[-58.82946,-31.91809],[-59.02581,-31.92669],[-59.20923,-31.9033],[-59.35826,-31.83253],[-59.53949,-31.83713],[-60.15999,-32.05456],[-60.29828,-32.06088],[-60.35256,-32.08956],[-60.60395,-32.08753],[-60.43321,-32.43214],[-60.20204,-32.61376],[-59.95036,-32.91676],[-59.8086,-33.14356],[-59.41649,-33.39999],[-59.42132,-33.43006],[-59.38781,-33.45927],[-58.99543,-33.49245],[-58.76479,-33.54587],[-58.72017,-33.5349],[-58.71424,-33.4702],[-58.63874,-33.40494],[-58.66394,-33.34209],[-58.62438,-33.32306],[-58.61546,-33.21052],[-58.58433,-33.17649],[-58.58527,-33.0145],[-58.32354,-32.99978],[-58.2595,-33.02082],[-58.23715,-33.09649],[-58.17325,-33.07554],[-58.08493,-33.00406],[-58.08713,-32.95942],[-58.11632,-32.91639],[-58.1198,-32.81523],[-58.14963,-32.73488],[-58.16058,-32.57078],[-58.20459,-32.462],[-58.18283,-32.3758],[-58.12412,-32.34138],[-58.09849,-32.28772],[-58.10492,-32.24451],[-58.18333,-32.1592],[-58.1383,-32.00184],[-58.20681,-31.87165],[-58.11108,-31.82784],[-58.13554,-31.82891]],[[-58.11035,-32.97133],[-58.08891,-32.95785],[-58.08738,-32.99677],[-58.11455,-33.0247],[-58.11035,-32.97133]]]]},"properties":{"id":"ecoregiones_argentina.17","ecorregion":"Pampa","hectareas":39710692}},{"type":"Feature","geometry":{"type":"Polygon","coordinates":[[[-57.22541,-27.47038],[-57.32651,-27.40984],[-57.50752,-27.4442],[-57.60979,-27.39571],[-57.69701,-27.32688],[-57.81738,-27.33558],[-57.89134,-27.26772],[-58.0265,-27.25903],[-58.18035,-27.27836],[-58.23568,-27.46851],[-58.31903,-27.61244],[-58.41612,-27.71543],[-58.60923,-27.82716],[-58.72613,-27.84174],[-58.73079,-27.97181],[-58.80127,-28.08156],[-58.86835,-28.10294],[-58.96608,-28.21048],[-59.04809,-28.72349],[-59.2071,-29.0832],[-59.29798,-29.18791],[-59.41931,-29.41331],[-59.46013,-29.66688],[-59.49038,-29.72679],[-59.50119,-29.91808],[-59.5424,-29.93681],[-59.53867,-30.12024],[-59.56973,-30.12773],[-59.57257,-30.2316],[-59.54368,-30.31602],[-59.60625,-30.368],[-59.57125,-30.53948],[-59.56937,-30.54187],[-59.5067,-30.53376],[-59.28555,-30.33829],[-59.23202,-30.18328],[-59.1129,-30.11419],[-59.08752,-30.0582],[-58.95911,-29.94069],[-58.90543,-29.85428],[-58.74503,-29.71023],[-58.70226,-29.63759],[-58.66157,-29.2659],[-58.62099,-29.19014],[-58.52869,-29.11829],[-58.47711,-28.9538],[-58.33609,-28.91568],[-58.10332,-28.7184],[-58.10194,-28.66618],[-58.06834,-28.66539],[-57.99831,-28.73604],[-57.69347,-28.72551],[-57.60651,-28.70539],[-57.53734,-28.65122],[-57.51703,-28.61902],[-57.30822,-28.60213],[-57.20976,-28.5423],[-56.99715,-28.47591],[-56.95936,-28.4306],[-56.82357,-28.36917],[-56.69136,-28.16178],[-56.46081,-27.96769],[-56.43021,-27.84565],[-56.41926,-27.60454],[-56.49164,-27.55938],[-56.72662,-27.60819],[-56.75733,-27.6067],[-56.79209,-27.58889],[-56.88547,-27.69703],[-56.92701,-27.69385],[-56.93985,-27.72756],[-56.9988,-27.72387],[-57.0221,-27.70044],[-57.05516,-27.70703],[-57.07556,-27.66709],[-57.10992,-27.67407],[-57.11097,-27.64205],[-57.21847,-27.52092],[-57.25172,-27.51882],[-57.25915,-27.49109],[-57.22541,-27.47038]],[[-57.94487,-27.28617],[-57.95931,-27.27718],[-57.92408,-27.27444],[-57.94487,-27.28617]]]},"properties":{"id":"ecoregiones_argentina.18","ecorregion":"Esteros del Ibera","hectareas":3936451}}]}