{"type":"FeatureCollection","features":[{"type":"Feature","geometry":{"type":"Polygon","coordinates":[[[-65.98955,-22.47423],[-65.93386,-22.27916],[-66.01024,-22.21049],[-66.04303,-22.30745],[-66.06195,-22.40749],[-65.99441,-22.47427],[-65.98955,-22.47423]]]},"properties":{"fid":1,"SITE_ID":3,"SITE_PID":"3","SITE_TYPE":"PA","NAME_ENG":"Laguna de los Pozuelos","NAME":"Laguna de los Pozuelos","DESIG":"Monumento Natural","DESIG_ENG":"Nature Monument","DESIG_TYPE":"National","IUCN_CAT":"III","INT_CRIT":"Not Applicable","REALM":"Terrestrial","REP_M_AREA":0,"GIS_M_AREA":0,"REP_AREA":160,"GIS_AREA":217.931016272161,"NO_TAKE":"Not Applicable","NO_TK_AREA":0,"STATUS":"Designated","STATUS_YR":1980,"GOV_TYPE":"Federal or national ministry or agency","GOVSUBTYPE":"Not Applicable","OWN_TYPE":"Not Reported","OWNSUBTYPE":"Not Applicable","MANG_AUTH":"Administración de Parques Nacionales","MANG_PLAN":"Not Reported","VERIF":"State Verified","METADATAID":1935,"PRNT_ISO3":"ARG","ISO3":"ARG","SUPP_INFO":"Not Applicable","CONS_OBJ":"Not Applicable","INLND_WTRS":"Not Reported","OECM_ASMT":"Not Applicable","layer":"WDPA_W~1"}},{"type":"Feature","geometry":{"type":"Polygon","coordinates":[[[-61.83791,-24.20686],[-61.84499,-24.30063],[-61.79432,-24.33674],[-61.77078,-24.30934],[-61.76576,-24.30524],[-61.75925,-24.30448],[-61.74208,-24.33621],[-61.72217,-24.29403],[-61.78326,-24.28156],[-61.78327,-24.22995],[-61.79099,-24.22138],[-61.7918,-24.22077],[-61.79313,-24.2202],[-61.79514,-24.2193],[-61.79628,-24.21856],[-61.79903,-24.21555],[-61.82312,-24.21964],[-61.83791,-24.20686]]]},"properties":{"fid":2,"SITE_ID":4,"SITE_PID":"4","SITE_TYPE":"PA","NAME_ENG":"Formosa","NAME":"Formosa","DESIG":"Reserva Natural","DESIG_ENG":"Nature Reserve","DESIG_TYPE":"National","IUCN_CAT":"Ia","INT_CRIT":"Not Applicable","REALM":"Terrestrial","REP_M_AREA":0,"GIS_M_AREA":0,"REP_AREA":90.05,"GIS_AREA":90.7460528768777,"NO_TAKE":"Not Applicable","NO_TK_AREA":0,"STATUS":"Designated","STATUS_YR":1968,"GOV_TYPE":"Federal or national ministry or agency","GOVSUBTYPE":"Not Applicable","OWN_TYPE":"Not Reported","OWNSUBTYPE":"Not Applicable","MANG_AUTH":"Administración de Parques Nacionales","MANG_PLAN":"https://sib.gob.ar/archivos/plan_de_gestion_RNF_aprobado_Res_538-2018.pdf","VERIF":"State Verified","METADATAID":1935,"PRNT_ISO3":"ARG","ISO3":"ARG","SUPP_INFO":"Not Applicable","CONS_OBJ":"Not Applicable","INLND_WTRS":"Not Reported","OECM_ASMT":"Not Applicable","layer":"WDPA_W~1"}},{"type":"Feature","geometry":{"type":"Polygon","coordinates":[[[-73.03988,-49.24318],[-73.04341,-49.26926],[-73.04387,-49.27268],[-73.04559,-49.27368],[-73.12482,-49.27179],[-73.13096,-49.27153],[-73.14099,-49.27111],[-73.14368,-49.271],[-73.4707,-49.20111],[-73.495,-49.242],[-73.49371,-49.27271],[-73.47101,-49.27881],[-73.45209,-49.29858],[-73.4364,-49.29761],[-73.43451,-49.30139],[-73.43481,-49.30652],[-73.4339,-49.31079],[-73.43231,-49.31409],[-73.41058,-49.3194],[-73.42621,-49.39191],[-73.49042,-49.42871],[-73.46381,-49.48248],[-73.48779,-49.50049],[-73.51062,-49.49701],[-73.51349,-49.49701],[-73.51977,-49.49933],[-73.52362,-49.50012],[-73.52863,-49.50061],[-73.53961,-49.49823],[-73.5448,-49.5047],[-73.54291,-49.5119],[-73.54279,-49.51547],[-73.54279,-49.5155],[-73.54181,-49.5191],[-73.53931,-49.52399],[-73.54968,-49.53809],[-73.46368,-49.6189],[-73.46411,-49.6424],[-73.50458,-49.6629],[-73.50909,-49.7052],[-73.43878,-49.75781],[-73.44208,-49.76038],[-73.44264,-49.76052],[-73.44628,-49.76146],[-73.44751,-49.76178],[-73.45203,-49.76398],[-73.46021,-49.77148],[-73.46619,-49.77368],[-73.44531,-49.79388],[-73.4997,-49.81799],[-73.4978,-49.83032],[-73.4975,-49.83521],[-73.49792,-49.84009],[-73.49762,-49.84412],[-73.49048,-49.8526],[-73.4975,-49.8584],[-73.5,-49.86658],[-73.51251,-49.883],[-73.51408,-49.88572],[-73.5155,-49.88818],[-73.51831,-49.89569],[-73.52191,-49.90051],[-73.55261,-49.92389],[-73.54388,-49.9494],[-73.50519,-49.96649],[-73.56659,-50.02039],[-73.48291,-50.05408],[-73.49249,-50.06189],[-73.48682,-50.07208],[-73.48651,-50.07489],[-73.48743,-50.07697],[-73.48761,-50.07739],[-73.4895,-50.0816],[-73.49542,-50.08569],[-73.4978,-50.0885],[-73.5,-50.09058],[-73.5097,-50.099],[-73.53491,-50.112],[-73.5415,-50.11902],[-73.52081,-50.15308],[-73.55518,-50.18439],[-73.56561,-50.26563],[-73.48309,-50.32239],[-73.48639,-50.38208],[-73.40479,-50.44897],[-73.43262,-50.48309],[-73.3645,-50.48792],[-73.38641,-50.51642],[-73.2887,-50.586],[-73.27081,-50.6488],[-73.17273,-50.6767],[-73.18591,-50.70038],[-73.2854,-50.74103],[-73.25804,-50.75332],[-73.24619,-50.75332],[-72.99585,-50.75335],[-72.98686,-50.75181],[-72.9911,-50.69001],[-72.9894,-50.6888],[-72.99099,-50.68738],[-72.96522,-50.68769],[-72.9357,-50.58939],[-72.92363,-50.59668],[-72.91858,-50.57227],[-72.85139,-50.55197],[-72.8668,-50.55052],[-72.86576,-50.53979],[-72.86782,-50.53886],[-72.8685,-50.53755],[-72.86857,-50.53753],[-72.86861,-50.53753],[-72.86871,-50.53746],[-72.86891,-50.53739],[-72.86891,-50.53732],[-72.86959,-50.5371],[-72.87028,-50.53702],[-72.87425,-50.54008],[-72.87054,-50.54733],[-72.87657,-50.55732],[-72.8766,-50.55735],[-72.87664,-50.55737],[-72.87675,-50.55743],[-72.87675,-50.55746],[-72.87678,-50.55746],[-72.87678,-50.55748],[-72.87696,-50.55759],[-72.88024,-50.55739],[-72.88092,-50.55688],[-72.88092,-50.5568],[-72.88103,-50.55673],[-72.88103,-50.55658],[-72.88193,-50.556],[-72.88291,-50.55577],[-72.88363,-50.55682],[-72.88374,-50.55886],[-72.88378,-50.55895],[-72.88385,-50.559],[-72.88388,-50.55904],[-72.88389,-50.55909],[-72.88392,-50.55913],[-72.88396,-50.55913],[-72.88407,-50.55931],[-72.88428,-50.55944],[-72.88509,-50.55941],[-72.88523,-50.55939],[-72.88523,-50.55937],[-72.8853,-50.55934],[-72.8853,-50.55932],[-72.88533,-50.55932],[-72.88537,-50.5593],[-72.8854,-50.55927],[-72.88542,-50.55924],[-72.8861,-50.55924],[-72.8869,-50.55901],[-72.88729,-50.55908],[-72.88747,-50.55964],[-72.88751,-50.55966],[-72.88755,-50.55968],[-72.88758,-50.55973],[-72.88765,-50.55977],[-72.88765,-50.55982],[-72.88808,-50.55997],[-72.89114,-50.56007],[-72.89331,-50.55976],[-72.89432,-50.55917],[-72.89535,-50.55888],[-72.89535,-50.5588],[-72.89546,-50.5588],[-72.89546,-50.55873],[-72.89592,-50.55873],[-72.89695,-50.55901],[-72.89695,-50.55908],[-72.89706,-50.55908],[-72.89718,-50.55915],[-72.89729,-50.55922],[-72.8973,-50.5593],[-72.89741,-50.5593],[-72.89753,-50.55944],[-72.90027,-50.55942],[-72.89489,-50.53797],[-72.8846,-50.52445],[-72.8839,-50.52416],[-72.88346,-50.52467],[-72.88312,-50.52489],[-72.88312,-50.52497],[-72.88301,-50.52497],[-72.88301,-50.52504],[-72.8829,-50.52511],[-72.88309,-50.52933],[-72.87787,-50.53104],[-72.86499,-50.5259],[-72.86499,-50.52576],[-72.86487,-50.52568],[-72.86476,-50.52554],[-72.86476,-50.52547],[-72.86441,-50.52525],[-72.86335,-50.52329],[-72.86292,-50.5185],[-72.86191,-50.51801],[-72.86308,-50.51494],[-72.861,-50.51317],[-72.85986,-50.5135],[-72.8596,-50.51334],[-72.85947,-50.51334],[-72.85934,-50.51326],[-72.85896,-50.51326],[-72.85845,-50.51302],[-72.85611,-50.511],[-72.8321,-50.5115],[-72.83094,-50.51086],[-72.83054,-50.50972],[-72.83041,-50.50964],[-72.83041,-50.50956],[-72.83028,-50.50956],[-72.83028,-50.50948],[-72.83028,-50.5094],[-72.82937,-50.50851],[-72.82936,-50.50834],[-72.8269,-50.50624],[-72.82392,-50.50407],[-72.82302,-50.50375],[-72.82239,-50.50375],[-72.822,-50.50375],[-72.82175,-50.50376],[-72.82162,-50.50376],[-72.82136,-50.50368],[-72.82072,-50.50368],[-72.81982,-50.50312],[-72.8187,-50.50163],[-72.81715,-50.50099],[-72.81715,-50.50074],[-72.81663,-50.50042],[-72.81611,-50.49977],[-72.81611,-50.49969],[-72.81611,-50.49961],[-72.81598,-50.49953],[-72.81597,-50.49936],[-72.81507,-50.49872],[-72.81481,-50.49815],[-72.81429,-50.49807],[-72.81314,-50.49808],[-72.81289,-50.49808],[-72.81263,-50.49809],[-72.81251,-50.49809],[-72.81174,-50.49809],[-72.8079,-50.49739],[-72.80699,-50.4965],[-72.80686,-50.4965],[-72.80673,-50.49633],[-72.8066,-50.49625],[-72.80647,-50.49609],[-72.80634,-50.49609],[-72.80543,-50.49496],[-72.80439,-50.49431],[-72.80462,-50.49272],[-72.80295,-50.49146],[-72.80168,-50.4918],[-72.8013,-50.4916],[-72.80117,-50.4916],[-72.80104,-50.4916],[-72.80091,-50.4916],[-72.80015,-50.49177],[-72.79844,-50.49616],[-72.77895,-50.49213],[-72.77894,-50.49196],[-72.77881,-50.49188],[-72.77881,-50.49164],[-72.77868,-50.49156],[-72.77868,-50.49148],[-72.77868,-50.49139],[-72.77868,-50.49131],[-72.77855,-50.49115],[-72.77674,-50.48978],[-72.77659,-50.48864],[-72.77516,-50.48702],[-72.77413,-50.48103],[-72.77165,-50.47771],[-72.75601,-50.46526],[-72.75498,-50.46503],[-72.75383,-50.46503],[-72.75345,-50.46504],[-72.7532,-50.46504],[-72.75256,-50.46504],[-72.75192,-50.46529],[-72.7518,-50.46529],[-72.75167,-50.46537],[-72.75141,-50.46538],[-72.75141,-50.46546],[-72.7509,-50.46546],[-72.7509,-50.46538],[-72.75013,-50.46498],[-72.75,-50.46473],[-72.74987,-50.46465],[-72.74974,-50.46457],[-72.74948,-50.46441],[-72.7489,-50.45953],[-72.74822,-50.45733],[-72.74757,-50.45652],[-72.74757,-50.45644],[-72.74757,-50.45628],[-72.74706,-50.45604],[-72.74703,-50.45473],[-72.74209,-50.45583],[-72.74701,-50.44492],[-72.72325,-50.44348],[-72.71555,-50.43782],[-72.71474,-50.42875],[-72.75065,-50.42137],[-72.76162,-50.42866],[-72.76276,-50.43062],[-72.76359,-50.43107],[-72.76381,-50.43122],[-72.76389,-50.43128],[-72.76398,-50.43135],[-72.76408,-50.43143],[-72.7652,-50.43259],[-72.76743,-50.43674],[-72.77254,-50.4406],[-72.77263,-50.44481],[-72.7794,-50.44751],[-72.78594,-50.45671],[-72.89169,-50.48383],[-72.96085,-50.48672],[-72.98688,-50.47069],[-73.0279,-50.46936],[-73.01476,-50.45596],[-73.01828,-50.42551],[-73.01938,-50.42183],[-73.01966,-50.42012],[-73.01967,-50.42007],[-73.01968,-50.42004],[-73.01968,-50.42001],[-73.0197,-50.41993],[-73.01973,-50.41983],[-73.01986,-50.41942],[-73.02304,-50.41374],[-73.02317,-50.41016],[-73.02718,-50.4038],[-73.02924,-50.39175],[-73.02366,-50.35729],[-72.96512,-50.34341],[-72.93797,-50.32245],[-72.86651,-50.33059],[-72.8464,-50.32793],[-72.84603,-50.32393],[-72.82093,-50.32011],[-72.80902,-50.3134],[-72.8132,-50.19193],[-72.83183,-50.20509],[-72.84372,-50.19131],[-72.84022,-50.22819],[-72.8595,-50.21384],[-72.87693,-50.23418],[-72.8922,-50.20436],[-72.95296,-50.19813],[-72.98255,-50.21552],[-73.04003,-50.17867],[-73.07383,-50.06995],[-73.10684,-50.06535],[-73.07993,-50.10867],[-73.09525,-50.09491],[-73.10477,-50.12508],[-73.11429,-50.11565],[-73.13969,-50.04866],[-73.1202,-49.98137],[-73.1444,-49.95635],[-73.16472,-50.01542],[-73.19913,-49.97549],[-73.22031,-49.99757],[-73.1962,-50.00573],[-73.18567,-50.05873],[-73.15362,-50.06657],[-73.161,-50.09714],[-73.23099,-50.04851],[-73.25181,-49.99906],[-73.29836,-49.99042],[-73.03749,-49.70499],[-73.02502,-49.66902],[-72.88916,-49.65534],[-73.00381,-49.50412],[-72.98703,-49.47996],[-72.96686,-49.48161],[-73.03427,-49.42357],[-72.98796,-49.28689],[-72.94703,-49.24701],[-73.03988,-49.24318]]]},"properties":{"fid":3,"SITE_ID":6,"SITE_PID":"6","SITE_TYPE":"PA","NAME_ENG":"Los Glaciares","NAME":"Los Glaciares","DESIG":"Parque Nacional","DESIG_ENG":"National Park","DESIG_TYPE":"National","IUCN_CAT":"II","INT_CRIT":"Not Applicable","REALM":"Terrestrial","REP_M_AREA":0,"GIS_M_AREA":0,"REP_AREA":5385.5,"GIS_AREA":5368.38407650526,"NO_TAKE":"Not Applicable","NO_TK_AREA":0,"STATUS":"Designated","STATUS_YR":1937,"GOV_TYPE":"Federal or national ministry or agency","GOVSUBTYPE":"Not Applicable","OWN_TYPE":"Not Reported","OWNSUBTYPE":"Not Applicable","MANG_AUTH":"Administración de Parques Nacionales","MANG_PLAN":"https://sib.gob.ar/archivos/PG_PN_LOS_GLACIARES_2019-2029__1_.pdf","VERIF":"State Verified","METADATAID":1935,"PRNT_ISO3":"ARG","ISO3":"ARG","SUPP_INFO":"Not Applicable","CONS_OBJ":"Not Applicable","INLND_WTRS":"Not Reported","OECM_ASMT":"Not Applicable","layer":"WDPA_W~1"}},{"type":"Feature","geometry":{"type":"Polygon","coordinates":[[[-71.35763,-39.11215],[-71.36166,-39.11256],[-71.38162,-39.11473],[-71.38743,-39.11446],[-71.39607,-39.11734],[-71.39763,-39.11888],[-71.41746,-39.13002],[-71.41685,-39.1309],[-71.41522,-39.14541],[-71.41804,-39.14747],[-71.41935,-39.15271],[-71.41915,-39.15296],[-71.41397,-39.16171],[-71.40015,-39.1699],[-71.40015,-39.17057],[-71.39715,-39.17739],[-71.39763,-39.17887],[-71.39848,-39.18699],[-71.3946,-39.19432],[-71.38524,-39.20535],[-71.39167,-39.2185],[-71.39082,-39.2225],[-71.38561,-39.2362],[-71.38258,-39.23895],[-71.38519,-39.24495],[-71.38704,-39.24712],[-71.39242,-39.25056],[-71.3907,-39.25286],[-71.38867,-39.26534],[-71.37815,-39.26804],[-71.37512,-39.27564],[-71.38711,-39.28648],[-71.38854,-39.28782],[-71.39099,-39.31085],[-71.39391,-39.32215],[-71.3953,-39.34221],[-71.40603,-39.35251],[-71.41167,-39.35433],[-71.41582,-39.36024],[-71.42754,-39.3653],[-71.43278,-39.37036],[-71.43286,-39.37107],[-71.44303,-39.36924],[-71.44748,-39.37142],[-71.45633,-39.37002],[-71.45734,-39.37399],[-71.45496,-39.3862],[-71.45493,-39.38878],[-71.45181,-39.39275],[-71.44554,-39.4059],[-71.44606,-39.40958],[-71.45645,-39.41264],[-71.46027,-39.4135],[-71.4632,-39.41772],[-71.46417,-39.41953],[-71.45048,-39.42704],[-71.45578,-39.45135],[-71.46139,-39.45398],[-71.46178,-39.4541],[-71.46932,-39.47913],[-71.47188,-39.48893],[-71.47231,-39.48948],[-71.48107,-39.49424],[-71.50317,-39.50093],[-71.50573,-39.50167],[-71.50977,-39.50266],[-71.51474,-39.50309],[-71.5193,-39.50636],[-71.53004,-39.51996],[-71.53032,-39.52491],[-71.5343,-39.52945],[-71.52891,-39.53927],[-71.5149,-39.5451],[-71.51217,-39.54751],[-71.5111,-39.54917],[-71.50986,-39.554],[-71.49371,-39.556],[-71.49287,-39.55557],[-71.47826,-39.55236],[-71.46856,-39.55726],[-71.46752,-39.55877],[-71.47362,-39.57604],[-71.46624,-39.58729],[-71.47079,-39.59123],[-71.48658,-39.61131],[-71.49668,-39.61892],[-71.49873,-39.6267],[-71.50161,-39.63717],[-71.50797,-39.63397],[-71.51056,-39.63176],[-71.52609,-39.6266],[-71.54804,-39.6247],[-71.56001,-39.62881],[-71.56148,-39.63035],[-71.56738,-39.63439],[-71.56791,-39.63456],[-71.58739,-39.6319],[-71.58973,-39.63042],[-71.60687,-39.62711],[-71.61601,-39.60731],[-71.61635,-39.60335],[-71.62306,-39.59721],[-71.6613,-39.57731],[-71.68503,-39.56918],[-71.68959,-39.57705],[-71.69048,-39.58239],[-71.69836,-39.58695],[-71.69753,-39.62853],[-71.70082,-39.63321],[-71.71298,-39.63309],[-71.71575,-39.63923],[-71.71574,-39.64721],[-71.70961,-39.65116],[-71.70624,-39.65308],[-71.69138,-39.67123],[-71.68875,-39.67691],[-71.6713,-39.68067],[-71.67433,-39.6921],[-71.67732,-39.69263],[-71.67978,-39.69335],[-71.68697,-39.69267],[-71.69157,-39.6957],[-71.70406,-39.69614],[-71.70229,-39.6997],[-71.69453,-39.70802],[-71.70087,-39.71347],[-71.70269,-39.71592],[-71.71232,-39.72501],[-71.70839,-39.7346],[-71.70362,-39.74268],[-71.69813,-39.74904],[-71.68331,-39.7641],[-71.68257,-39.76458],[-71.68519,-39.77533],[-71.68584,-39.77637],[-71.68348,-39.80124],[-71.68199,-39.80181],[-71.67385,-39.80473],[-71.67809,-39.81089],[-71.68257,-39.81754],[-71.69061,-39.83803],[-71.69033,-39.84316],[-71.68053,-39.85867],[-71.65817,-39.85778],[-71.64345,-39.85307],[-71.63351,-39.88175],[-71.61267,-39.87437],[-71.59601,-39.89175],[-71.59573,-39.896],[-71.59345,-39.89707],[-71.59249,-39.90116],[-71.59272,-39.90174],[-71.59276,-39.90199],[-71.59333,-39.90265],[-71.59562,-39.90373],[-71.59604,-39.90431],[-71.59594,-39.9051],[-71.59647,-39.90717],[-71.59269,-39.91138],[-71.59287,-39.91147],[-71.59307,-39.91158],[-71.59398,-39.91248],[-71.59708,-39.91317],[-71.60182,-39.91555],[-71.60239,-39.91595],[-71.6027,-39.91655],[-71.60276,-39.91668],[-71.60282,-39.91692],[-71.60117,-39.91955],[-71.60112,-39.9204],[-71.5998,-39.92126],[-71.59792,-39.92621],[-71.59807,-39.92912],[-71.59819,-39.92928],[-71.59865,-39.92938],[-71.59951,-39.92966],[-71.60032,-39.93011],[-71.60222,-39.93038],[-71.61436,-39.93703],[-71.61924,-39.93508],[-71.62518,-39.93787],[-71.62526,-39.93823],[-71.62513,-39.9386],[-71.62331,-39.94046],[-71.61867,-39.9474],[-71.61548,-39.95346],[-71.61543,-39.95801],[-71.62405,-39.97591],[-71.63167,-39.96897],[-71.6345,-39.9682],[-71.64058,-39.96838],[-71.64532,-39.97009],[-71.64956,-39.97038],[-71.65113,-39.97138],[-71.65593,-39.98254],[-71.66568,-39.99804],[-71.67125,-40.00939],[-71.62749,-40.01441],[-71.58807,-40.03439],[-71.57407,-40.02694],[-71.51469,-40.03183],[-71.45432,-40.01862],[-71.40763,-40.02281],[-71.38613,-40.01636],[-71.37933,-40.01582],[-71.37168,-40.01747],[-71.36572,-40.01287],[-71.35371,-40.00286],[-71.32195,-39.98752],[-71.32519,-39.98488],[-71.29423,-39.91754],[-71.27194,-39.869],[-71.31359,-39.85634],[-71.31629,-39.85551],[-71.31633,-39.8547],[-71.3177,-39.82757],[-71.31858,-39.81024],[-71.31747,-39.7932],[-71.29676,-39.79461],[-71.28306,-39.79712],[-71.25468,-39.79906],[-71.24832,-39.80118],[-71.24535,-39.80271],[-71.23975,-39.80349],[-71.23919,-39.8035],[-71.23808,-39.80348],[-71.23802,-39.80348],[-71.23722,-39.80354],[-71.23634,-39.80362],[-71.2358,-39.80366],[-71.23476,-39.80387],[-71.23359,-39.80413],[-71.232,-39.8045],[-71.23132,-39.80461],[-71.2299,-39.80488],[-71.22857,-39.80552],[-71.22806,-39.80553],[-71.22755,-39.80551],[-71.2269,-39.80555],[-71.22591,-39.80547],[-71.22486,-39.80544],[-71.22388,-39.80551],[-71.22308,-39.80562],[-71.22245,-39.80554],[-71.22147,-39.8056],[-71.22085,-39.80562],[-71.21788,-39.80529],[-71.21064,-39.79742],[-71.21263,-39.79672],[-71.21356,-39.79628],[-71.21397,-39.79591],[-71.21478,-39.79508],[-71.21553,-39.7944],[-71.21658,-39.79337],[-71.21703,-39.7928],[-71.21763,-39.79246],[-71.21898,-39.79006],[-71.22302,-39.78687],[-71.24333,-39.77643],[-71.25499,-39.76284],[-71.26156,-39.76001],[-71.35089,-39.74925],[-71.34829,-39.68503],[-71.40192,-39.67655],[-71.46702,-39.63812],[-71.39691,-39.58977],[-71.40612,-39.50278],[-71.32618,-39.50486],[-71.32671,-39.55268],[-71.2326,-39.58721],[-71.1821,-39.58118],[-71.18212,-39.49226],[-71.29273,-39.4911],[-71.29268,-39.42943],[-71.22063,-39.3689],[-71.2123,-39.24412],[-71.21432,-39.13842],[-71.2207,-39.14091],[-71.22197,-39.14138],[-71.26845,-39.14099],[-71.27333,-39.13558],[-71.27717,-39.13568],[-71.27953,-39.13562],[-71.28832,-39.13314],[-71.29532,-39.13257],[-71.29692,-39.1299],[-71.31018,-39.12346],[-71.31176,-39.12224],[-71.32185,-39.12713],[-71.32792,-39.13123],[-71.33757,-39.13059],[-71.34202,-39.12924],[-71.34953,-39.12568],[-71.35707,-39.1192],[-71.35424,-39.11704],[-71.35763,-39.11215]]]},"properties":{"fid":4,"SITE_ID":7,"SITE_PID":"7","SITE_TYPE":"PA","NAME_ENG":"Lanín","NAME":"Lanín","DESIG":"Parque Nacional","DESIG_ENG":"National Park","DESIG_TYPE":"National","IUCN_CAT":"II","INT_CRIT":"Not Applicable","REALM":"Terrestrial","REP_M_AREA":0,"GIS_M_AREA":0,"REP_AREA":2169.93,"GIS_AREA":2182.39232055778,"NO_TAKE":"Not Applicable","NO_TK_AREA":0,"STATUS":"Designated","STATUS_YR":1937,"GOV_TYPE":"Federal or national ministry or agency","GOVSUBTYPE":"Not Applicable","OWN_TYPE":"Not Reported","OWNSUBTYPE":"Not Applicable","MANG_AUTH":"Administración de Parques Nacionales","MANG_PLAN":"https://sib.gob.ar/archivos/PlanGestionPNLanin.pdf","VERIF":"State Verified","METADATAID":1935,"PRNT_ISO3":"ARG","ISO3":"ARG","SUPP_INFO":"Not Applicable","CONS_OBJ":"Not Applicable","INLND_WTRS":"Not Reported","OECM_ASMT":"Not Applicable","layer":"WDPA_W~1"}},{"type":"Feature","geometry":{"type":"Polygon","coordinates":[[[-71.63277,-42.56761],[-71.6361,-42.56492],[-71.63486,-42.56278],[-71.64109,-42.55982],[-71.64249,-42.55779],[-71.64744,-42.55809],[-71.65771,-42.56993],[-71.66249,-42.57616],[-71.66311,-42.57794],[-72.05429,-42.56741],[-72.05642,-42.56981],[-72.05647,-42.56988],[-72.05659,-42.57005],[-72.05679,-42.57031],[-72.05902,-42.57108],[-72.06448,-42.57265],[-72.06541,-42.57245],[-72.06812,-42.56992],[-72.0683,-42.56967],[-72.07077,-42.56731],[-72.07284,-42.56628],[-72.07344,-42.56612],[-72.07407,-42.56602],[-72.07497,-42.56621],[-72.07517,-42.56632],[-72.07637,-42.56715],[-72.07687,-42.56768],[-72.07724,-42.56822],[-72.07777,-42.56882],[-72.07827,-42.56908],[-72.07853,-42.56928],[-72.07874,-42.56945],[-72.07914,-42.56981],[-72.07993,-42.57161],[-72.07997,-42.57164],[-72.08024,-42.57241],[-72.08107,-42.57319],[-72.0814,-42.57351],[-72.0834,-42.57544],[-72.0852,-42.57678],[-72.0873,-42.57917],[-72.0878,-42.57961],[-72.08857,-42.58004],[-72.0905,-42.58064],[-72.09236,-42.58204],[-72.09296,-42.58327],[-72.093,-42.58394],[-72.09283,-42.58444],[-72.09283,-42.58457],[-72.09286,-42.58517],[-72.09359,-42.58574],[-72.09413,-42.58624],[-72.09592,-42.58734],[-72.09636,-42.5879],[-72.09703,-42.589],[-72.09716,-42.58937],[-72.09691,-42.58984],[-72.09689,-42.58987],[-72.09663,-42.5903],[-72.09657,-42.59039],[-72.09643,-42.5906],[-72.09609,-42.591],[-72.09609,-42.59147],[-72.09611,-42.59164],[-72.09613,-42.59181],[-72.09619,-42.59237],[-72.09669,-42.593],[-72.09803,-42.5936],[-72.09932,-42.59437],[-72.10006,-42.59483],[-72.10052,-42.59523],[-72.10066,-42.59544],[-72.10123,-42.59631],[-72.10139,-42.59656],[-72.10162,-42.59716],[-72.10199,-42.59813],[-72.10256,-42.59883],[-72.1074,-42.60155],[-72.11708,-42.60216],[-72.11858,-42.60356],[-72.11808,-42.60403],[-72.11751,-42.60433],[-72.11701,-42.60473],[-72.11651,-42.60534],[-72.11618,-42.60573],[-72.11571,-42.60634],[-72.11466,-42.60806],[-72.11412,-42.60909],[-72.11392,-42.61032],[-72.11395,-42.61106],[-72.11415,-42.61175],[-72.11446,-42.6124],[-72.11452,-42.61256],[-72.11452,-42.61262],[-72.11452,-42.61319],[-72.11375,-42.61465],[-72.11345,-42.61518],[-72.11308,-42.61585],[-72.11305,-42.61639],[-72.11309,-42.61653],[-72.11318,-42.61681],[-72.11395,-42.61752],[-72.11442,-42.61962],[-72.11468,-42.62032],[-72.11491,-42.62112],[-72.11491,-42.62172],[-72.11485,-42.62285],[-72.11507,-42.62411],[-72.11507,-42.62425],[-72.11509,-42.62427],[-72.11545,-42.62548],[-72.11595,-42.6258],[-72.11618,-42.62595],[-72.11665,-42.62631],[-72.11688,-42.62671],[-72.11708,-42.62751],[-72.11731,-42.62811],[-72.11755,-42.62854],[-72.11755,-42.62861],[-72.11765,-42.62901],[-72.11762,-42.62919],[-72.11761,-42.62921],[-72.11758,-42.62924],[-72.11701,-42.62971],[-72.11631,-42.6298],[-72.11556,-42.6303],[-72.11369,-42.6309],[-72.11212,-42.63068],[-72.10927,-42.6303],[-72.10763,-42.63008],[-72.10739,-42.63008],[-72.10599,-42.62991],[-72.10406,-42.63008],[-72.10381,-42.63022],[-72.10312,-42.63061],[-72.10272,-42.63111],[-72.10229,-42.63154],[-72.10156,-42.63277],[-72.10112,-42.63337],[-72.10059,-42.63384],[-72.10019,-42.63424],[-72.09989,-42.63464],[-72.09999,-42.63514],[-72.09979,-42.63561],[-72.09976,-42.63641],[-72.09976,-42.63732],[-72.09939,-42.63802],[-72.09789,-42.63802],[-72.09719,-42.63864],[-72.09586,-42.6415],[-72.09603,-42.64203],[-72.09603,-42.64204],[-72.09683,-42.6424],[-72.09712,-42.64253],[-72.09759,-42.64273],[-72.09876,-42.64306],[-72.09952,-42.64343],[-72.09979,-42.64367],[-72.10049,-42.64437],[-72.10591,-42.6482],[-72.10604,-42.64828],[-72.10689,-42.6487],[-72.10785,-42.64933],[-72.10842,-42.65003],[-72.10902,-42.65086],[-72.10935,-42.65149],[-72.10934,-42.652],[-72.10919,-42.6522],[-72.10902,-42.65236],[-72.10899,-42.65273],[-72.10915,-42.65319],[-72.10922,-42.65349],[-72.10958,-42.65406],[-72.10985,-42.65433],[-72.11054,-42.6546],[-72.11152,-42.65509],[-72.11192,-42.65523],[-72.11312,-42.65699],[-72.11355,-42.65786],[-72.11384,-42.65796],[-72.11399,-42.65801],[-72.11473,-42.65842],[-72.11571,-42.65872],[-72.11648,-42.65926],[-72.11788,-42.66042],[-72.1186,-42.66112],[-72.11861,-42.66116],[-72.11877,-42.66168],[-72.11881,-42.66182],[-72.11895,-42.66249],[-72.11901,-42.66277],[-72.11908,-42.66305],[-72.11941,-42.66372],[-72.12021,-42.66432],[-72.12184,-42.66701],[-72.12264,-42.67245],[-72.12534,-42.6726],[-72.12944,-42.67164],[-72.13133,-42.67201],[-72.1359,-42.68013],[-72.17264,-42.67187],[-72.1787,-42.6892],[-72.17874,-42.69026],[-72.17824,-42.69063],[-72.1782,-42.69066],[-72.17774,-42.691],[-72.17691,-42.6919],[-72.17677,-42.69233],[-72.17681,-42.69293],[-72.17694,-42.69373],[-72.1799,-42.69613],[-72.17987,-42.69679],[-72.17974,-42.69719],[-72.17494,-42.69932],[-72.17324,-42.70162],[-72.17074,-42.70159],[-72.16728,-42.70442],[-72.16002,-42.70442],[-72.15225,-42.70658],[-72.15135,-42.70745],[-72.15112,-42.70808],[-72.15131,-42.70862],[-72.15135,-42.70875],[-72.15149,-42.70915],[-72.15109,-42.70928],[-72.13821,-42.71116],[-72.12842,-42.73105],[-72.12843,-42.73152],[-72.1287,-42.7318],[-72.13471,-42.73484],[-72.13546,-42.7369],[-72.14716,-42.74156],[-72.14716,-42.74196],[-72.14681,-42.74231],[-72.14679,-42.74233],[-72.14626,-42.74323],[-72.1451,-42.74448],[-72.14483,-42.74539],[-72.14472,-42.74656],[-72.14469,-42.74706],[-72.14543,-42.74869],[-72.14503,-42.74956],[-72.1382,-42.75216],[-72.13424,-42.75649],[-72.13133,-42.77713],[-72.13166,-42.77739],[-72.13173,-42.77745],[-72.13263,-42.77804],[-72.13549,-42.77981],[-72.13703,-42.78031],[-72.13873,-42.78151],[-72.14072,-42.78192],[-72.14093,-42.78274],[-72.14087,-42.78316],[-72.14066,-42.78407],[-72.13863,-42.78751],[-72.13875,-42.78817],[-72.13872,-42.78944],[-72.1427,-42.79528],[-72.14937,-42.79869],[-72.16502,-42.79831],[-72.16502,-42.79891],[-72.16497,-42.79903],[-72.16478,-42.79946],[-72.16471,-42.80033],[-72.16218,-42.80439],[-72.16218,-42.80502],[-72.16227,-42.80662],[-72.16226,-42.80689],[-72.16205,-42.80786],[-72.16161,-42.80886],[-72.15865,-42.81127],[-72.15592,-42.81485],[-72.15569,-42.81695],[-72.15591,-42.81868],[-72.15592,-42.81883],[-72.15598,-42.81898],[-72.15948,-42.82295],[-72.15955,-42.82355],[-72.15948,-42.82364],[-72.15932,-42.82384],[-72.15885,-42.82431],[-72.15885,-42.82508],[-72.15938,-42.82594],[-72.15928,-42.82654],[-72.15913,-42.82684],[-72.15753,-42.828],[-72.15793,-42.82786],[-72.15187,-42.8304],[-72.15081,-42.83156],[-72.15081,-42.83206],[-72.15084,-42.83276],[-72.15075,-42.83429],[-72.15023,-42.83589],[-72.15042,-42.83812],[-72.1499,-42.84154],[-72.14848,-42.84245],[-72.14788,-42.85002],[-72.14671,-42.85135],[-72.14598,-42.85165],[-72.13415,-42.85272],[-72.13395,-42.85328],[-72.13425,-42.85418],[-72.13452,-42.85478],[-72.13355,-42.85775],[-72.13462,-42.85918],[-72.13488,-42.86747],[-72.13465,-42.86784],[-72.13339,-42.86894],[-72.13251,-42.86961],[-72.12999,-42.87121],[-72.12153,-42.87555],[-72.12053,-42.87664],[-72.12056,-42.87697],[-72.1206,-42.87748],[-72.12063,-42.8776],[-72.12056,-42.8785],[-72.11829,-42.8817],[-72.1316,-42.8849],[-72.14208,-42.90089],[-72.14144,-42.90138],[-72.14045,-42.90162],[-72.1385,-42.90224],[-72.13749,-42.90273],[-72.13209,-42.90755],[-72.13179,-42.90858],[-72.13173,-42.90926],[-72.13248,-42.91116],[-72.13191,-42.91175],[-72.13118,-42.91219],[-72.13111,-42.91221],[-72.13048,-42.91256],[-72.12986,-42.9134],[-72.11413,-42.92261],[-72.11429,-42.92396],[-72.11469,-42.92467],[-72.1171,-42.92792],[-72.11776,-42.93097],[-72.11896,-42.93238],[-72.11867,-42.93357],[-72.11619,-42.93632],[-72.1153,-42.93675],[-72.11449,-42.93695],[-72.11386,-42.93732],[-72.10945,-42.93812],[-72.10538,-42.93743],[-72.10488,-42.93823],[-72.10502,-42.93883],[-72.10507,-42.93993],[-72.10507,-42.94027],[-72.10477,-42.94128],[-72.10372,-42.94216],[-72.10286,-42.94239],[-72.10129,-42.94236],[-72.10015,-42.94145],[-72.09765,-42.94157],[-72.09592,-42.94329],[-72.09553,-42.94406],[-72.09433,-42.94561],[-72.09342,-42.94972],[-72.09231,-42.9508],[-72.09068,-42.952],[-72.08683,-42.95278],[-72.08353,-42.94799],[-72.0732,-42.94961],[-72.07261,-42.95099],[-72.07204,-42.95263],[-72.07166,-42.95329],[-72.0716,-42.95508],[-72.07098,-42.95595],[-72.07035,-42.95646],[-72.07003,-42.95665],[-72.06824,-42.95772],[-72.06569,-42.95803],[-72.06538,-42.9586],[-72.06564,-42.95919],[-72.06597,-42.95948],[-72.06598,-42.96027],[-72.06322,-42.96602],[-72.06035,-42.9685],[-72.06048,-42.9723],[-72.05994,-42.97269],[-72.05941,-42.97286],[-72.05895,-42.9729],[-72.05625,-42.97464],[-72.05625,-42.97466],[-72.0561,-42.97549],[-72.05858,-42.98029],[-72.05717,-42.98294],[-72.05641,-42.98356],[-72.05575,-42.98363],[-72.05373,-42.98368],[-72.05208,-42.9839],[-72.05049,-42.98461],[-72.03815,-42.99256],[-72.03616,-43.01339],[-72.03383,-43.01459],[-72.02951,-43.01413],[-72.02524,-43.01511],[-72.02001,-43.01759],[-72.00185,-43.03771],[-71.99746,-43.03854],[-71.99454,-43.03653],[-71.99143,-43.03504],[-71.9833,-43.03508],[-71.9801,-43.03671],[-71.97787,-43.0457],[-71.97234,-43.04557],[-71.96621,-43.04016],[-71.96141,-43.03965],[-71.95383,-43.04172],[-71.95198,-43.04441],[-71.94842,-43.04436],[-71.94356,-43.04636],[-71.93877,-43.05271],[-71.93631,-43.05277],[-71.93483,-43.05624],[-71.93387,-43.08049],[-71.9409,-43.09132],[-71.94176,-43.09191],[-71.94238,-43.09185],[-71.94314,-43.09212],[-71.9433,-43.09242],[-71.94301,-43.09276],[-71.93878,-43.09341],[-71.93433,-43.09714],[-71.93252,-43.10226],[-71.92633,-43.1008],[-71.9222,-43.10082],[-71.89268,-43.10702],[-71.88861,-43.11894],[-71.88808,-43.12577],[-71.88637,-43.12703],[-71.88336,-43.12653],[-71.88167,-43.12669],[-71.88097,-43.12716],[-71.88039,-43.12749],[-71.87991,-43.12708],[-71.87837,-43.12627],[-71.87551,-43.12521],[-71.87484,-43.12462],[-71.86826,-43.11619],[-71.86688,-43.11034],[-71.84757,-43.0891],[-71.84338,-43.08172],[-71.83012,-43.04127],[-71.82347,-43.03944],[-71.80456,-43.03506],[-71.765,-43.02258],[-71.72368,-42.97696],[-71.72245,-42.9576],[-71.66108,-42.95548],[-71.61374,-42.88809],[-71.6115,-42.88707],[-71.59768,-42.88362],[-71.60561,-42.86127],[-71.60365,-42.85537],[-71.60388,-42.85398],[-71.61227,-42.82775],[-71.61875,-42.82315],[-71.62364,-42.82271],[-71.65109,-42.81229],[-71.66084,-42.80778],[-71.66836,-42.80547],[-71.67313,-42.80528],[-71.68189,-42.80849],[-71.68855,-42.81146],[-71.70497,-42.81612],[-71.71692,-42.81476],[-71.71718,-42.80703],[-71.73495,-42.77717],[-71.73575,-42.76834],[-71.73909,-42.76573],[-71.75143,-42.75495],[-71.74137,-42.72885],[-71.73838,-42.72334],[-71.73289,-42.72233],[-71.72565,-42.71676],[-71.72479,-42.7103],[-71.7191,-42.69974],[-71.71491,-42.69133],[-71.70971,-42.69299],[-71.70597,-42.69051],[-71.7084,-42.68771],[-71.69756,-42.67242],[-71.68978,-42.66735],[-71.68837,-42.66701],[-71.67846,-42.66644],[-71.67515,-42.66127],[-71.67157,-42.65466],[-71.67473,-42.63797],[-71.67339,-42.63269],[-71.66063,-42.62126],[-71.65899,-42.62015],[-71.6453,-42.60686],[-71.64523,-42.60529],[-71.64288,-42.59723],[-71.64173,-42.5886],[-71.64428,-42.58206],[-71.64338,-42.58011],[-71.64273,-42.57951],[-71.6418,-42.57823],[-71.64079,-42.57691],[-71.64007,-42.57631],[-71.6374,-42.57274],[-71.63587,-42.571],[-71.6341,-42.57046],[-71.63362,-42.56907],[-71.63291,-42.56832],[-71.63277,-42.56761]]]},"properties":{"fid":5,"SITE_ID":8,"SITE_PID":"8","SITE_TYPE":"PA","NAME_ENG":"Los Alerces","NAME":"Los Alerces","DESIG":"Parque Nacional","DESIG_ENG":"National Park","DESIG_TYPE":"National","IUCN_CAT":"II","INT_CRIT":"Not Applicable","REALM":"Terrestrial","REP_M_AREA":0,"GIS_M_AREA":0,"REP_AREA":1883.79,"GIS_AREA":1884.6951373009401,"NO_TAKE":"Not Applicable","NO_TK_AREA":0,"STATUS":"Designated","STATUS_YR":1937,"GOV_TYPE":"Federal or national ministry or agency","GOVSUBTYPE":"Not Applicable","OWN_TYPE":"Not Reported","OWNSUBTYPE":"Not Applicable","MANG_AUTH":"Administración de Parques Nacionales","MANG_PLAN":"https://sib.gob.ar/archivos/PG_Los_Alerces.pdf","VERIF":"State Verified","METADATAID":1935,"PRNT_ISO3":"ARG","ISO3":"ARG","SUPP_INFO":"Not Applicable","CONS_OBJ":"Not Applicable","INLND_WTRS":"Not Reported","OECM_ASMT":"Not Applicable","layer":"WDPA_W~1"}},{"type":"Feature","geometry":{"type":"MultiPolygon","coordinates":[[[[-64.96906,-23.72077],[-64.97923,-23.70993],[-65.0241,-23.73246],[-65.033,-23.78247],[-64.97156,-23.79863],[-65.00813,-23.84549],[-64.93815,-23.90817],[-64.93383,-23.93766],[-64.90221,-23.90687],[-64.88174,-23.81992],[-64.82426,-23.80769],[-64.84577,-23.78566],[-64.90353,-23.77807],[-64.94111,-23.72549],[-64.96906,-23.72077]]],[[[-64.6918,-23.45424],[-64.78818,-23.49586],[-64.84529,-23.48164],[-64.83693,-23.52129],[-64.85756,-23.58513],[-64.89199,-23.60145],[-64.89652,-23.67899],[-64.9542,-23.71121],[-64.94094,-23.72453],[-64.85149,-23.76571],[-64.84416,-23.73382],[-64.86939,-23.68314],[-64.6688,-23.56846],[-64.66448,-23.70104],[-64.64456,-23.71852],[-64.6127,-23.71645],[-64.55127,-23.61907],[-64.67996,-23.48265],[-64.73828,-23.49593],[-64.72805,-23.47155],[-64.69151,-23.46612],[-64.6918,-23.45424]]]]},"properties":{"fid":6,"SITE_ID":10,"SITE_PID":"10","SITE_TYPE":"PA","NAME_ENG":"Calilegua","NAME":"Calilegua","DESIG":"Parque Nacional","DESIG_ENG":"National Park","DESIG_TYPE":"National","IUCN_CAT":"II","INT_CRIT":"Not Applicable","REALM":"Terrestrial","REP_M_AREA":0,"GIS_M_AREA":0,"REP_AREA":763.06,"GIS_AREA":775.214573989428,"NO_TAKE":"Not Applicable","NO_TK_AREA":0,"STATUS":"Designated","STATUS_YR":1979,"GOV_TYPE":"Federal or national ministry or agency","GOVSUBTYPE":"Not Applicable","OWN_TYPE":"Not Reported","OWNSUBTYPE":"Not Applicable","MANG_AUTH":"Administración de Parques Nacionales","MANG_PLAN":"http://www.sib.gov.ar/archivos/PLAN_GESTION_PN_CALILEGUA.pdf","VERIF":"State Verified","METADATAID":1935,"PRNT_ISO3":"ARG","ISO3":"ARG","SUPP_INFO":"Not Applicable","CONS_OBJ":"Not Applicable","INLND_WTRS":"Not Reported","OECM_ASMT":"Not Applicable","layer":"WDPA_W~1"}},{"type":"Feature","geometry":{"type":"Polygon","coordinates":[[[-64.74314,-22.4243],[-64.76397,-22.53978],[-64.75743,-22.7321],[-64.70167,-22.75353],[-64.63728,-22.71374],[-64.62197,-22.66401],[-64.5832,-22.68484],[-64.53256,-22.64648],[-64.50368,-22.60685],[-64.49256,-22.54082],[-64.50351,-22.52229],[-64.48407,-22.47899],[-64.4914,-22.47789],[-64.48848,-22.4597],[-64.49039,-22.45214],[-64.4903,-22.45094],[-64.49026,-22.44943],[-64.48988,-22.44827],[-64.48958,-22.44472],[-64.4897,-22.44253],[-64.49066,-22.43755],[-64.4921,-22.43595],[-64.4932,-22.43541],[-64.49378,-22.43521],[-64.4954,-22.43511],[-64.51613,-22.44814],[-64.53592,-22.43985],[-64.59279,-22.48433],[-64.58511,-22.51297],[-64.62724,-22.52222],[-64.64585,-22.48508],[-64.69655,-22.46777],[-64.74314,-22.4243]]]},"properties":{"fid":7,"SITE_ID":11,"SITE_PID":"11","SITE_TYPE":"PA","NAME_ENG":"Baritú","NAME":"Baritú","DESIG":"Parque Nacional","DESIG_ENG":"National Park","DESIG_TYPE":"National","IUCN_CAT":"II","INT_CRIT":"Not Applicable","REALM":"Terrestrial","REP_M_AREA":0,"GIS_M_AREA":0,"REP_AREA":724.39,"GIS_AREA":682.065917619947,"NO_TAKE":"Not Applicable","NO_TK_AREA":0,"STATUS":"Designated","STATUS_YR":1974,"GOV_TYPE":"Federal or national ministry or agency","GOVSUBTYPE":"Not Applicable","OWN_TYPE":"Not Reported","OWNSUBTYPE":"Not Applicable","MANG_AUTH":"Administración de Parques Nacionales","MANG_PLAN":"https://sib.gob.ar/archivos/PG_BA_NOG.pdf","VERIF":"State Verified","METADATAID":1935,"PRNT_ISO3":"ARG","ISO3":"ARG","SUPP_INFO":"Not Applicable","CONS_OBJ":"Not Applicable","INLND_WTRS":"Not Reported","OECM_ASMT":"Not Applicable","layer":"WDPA_W~1"}},{"type":"Feature","geometry":{"type":"Polygon","coordinates":[[[-58.22722,-24.92878],[-58.25536,-24.93186],[-58.3203,-24.98932],[-58.18226,-25.13651],[-58.18307,-25.14625],[-58.18307,-25.14691],[-58.18345,-25.14807],[-58.18283,-25.15027],[-58.18289,-25.15159],[-58.18217,-25.15251],[-58.18208,-25.15402],[-58.17324,-25.15494],[-58.17271,-25.15551],[-58.17274,-25.15825],[-58.1723,-25.1591],[-58.16563,-25.16284],[-58.15886,-25.16425],[-58.15791,-25.164],[-58.15588,-25.16334],[-58.15485,-25.16299],[-58.15359,-25.16291],[-58.15292,-25.16326],[-58.15239,-25.16386],[-58.15131,-25.16581],[-58.14395,-25.16829],[-58.14497,-25.17273],[-58.1416,-25.17856],[-58.13768,-25.17914],[-58.13128,-25.17612],[-58.12678,-25.17373],[-58.13113,-25.16601],[-57.96779,-25.16611],[-57.96772,-25.07807],[-57.97537,-25.08627],[-57.99117,-25.08152],[-57.99098,-25.07488],[-57.99952,-25.07417],[-58.00006,-25.07205],[-58.00007,-25.07155],[-57.99987,-25.07111],[-57.99982,-25.07067],[-57.99996,-25.07001],[-58.00043,-25.06803],[-58.00089,-25.06676],[-58.00092,-25.0664],[-58.00073,-25.06603],[-58.00032,-25.06597],[-57.99875,-25.0669],[-57.99738,-25.06636],[-57.99596,-25.0597],[-57.99618,-25.05939],[-57.99688,-25.05875],[-57.99772,-25.05812],[-57.99816,-25.05735],[-57.99762,-25.05385],[-58.00003,-25.05472],[-58.00407,-25.0488],[-58.00399,-25.0483],[-58.00352,-25.04812],[-58.00277,-25.04794],[-58.00222,-25.04778],[-58.00169,-25.04708],[-58.00177,-25.04664],[-58.00247,-25.04563],[-58.00273,-25.04554],[-58.00299,-25.04556],[-58.00313,-25.04557],[-58.0035,-25.04578],[-58.00402,-25.04573],[-58.00431,-25.0454],[-58.00474,-25.0394],[-58.00459,-25.03917],[-58.00402,-25.03886],[-58.00296,-25.03845],[-58.00266,-25.03825],[-58.00281,-25.03746],[-58.00316,-25.03742],[-58.00396,-25.03745],[-58.00457,-25.03715],[-58.00574,-25.03506],[-58.00753,-25.03528],[-58.01631,-25.04203],[-58.03167,-25.03573],[-58.03774,-25.04203],[-58.04884,-25.03816],[-58.05839,-25.04574],[-58.06148,-25.04057],[-58.06867,-25.04571],[-58.07735,-25.0375],[-58.07725,-25.03518],[-58.07688,-25.03505],[-58.07633,-25.0351],[-58.07626,-25.03511],[-58.07576,-25.03519],[-58.07521,-25.03501],[-58.07404,-25.03396],[-58.07635,-25.03402],[-58.07698,-25.03369],[-58.07863,-25.03263],[-58.07915,-25.02927],[-58.0788,-25.02912],[-58.07825,-25.02917],[-58.07764,-25.02912],[-58.07715,-25.02894],[-58.0768,-25.02831],[-58.07713,-25.0279],[-58.0775,-25.02761],[-58.07967,-25.02694],[-58.08002,-25.02524],[-58.07974,-25.02461],[-58.0782,-25.02353],[-58.07808,-25.02257],[-58.07852,-25.02204],[-58.07892,-25.02171],[-58.07947,-25.02167],[-58.08135,-25.02403],[-58.08294,-25.02344],[-58.09058,-25.00875],[-58.11315,-25.01963],[-58.13716,-25.01168],[-58.13693,-25.00963],[-58.13639,-25.00943],[-58.13569,-25.00941],[-58.13517,-25.00942],[-58.1348,-25.00946],[-58.13448,-25.00948],[-58.13408,-25.00931],[-58.13445,-25.00872],[-58.13578,-25.00825],[-58.13666,-25.00807],[-58.13669,-25.00806],[-58.13769,-25.00697],[-58.13759,-25.00639],[-58.1374,-25.00636],[-58.13719,-25.00632],[-58.13606,-25.00631],[-58.13585,-25.00602],[-58.13556,-25.00364],[-58.1359,-25.002],[-58.13616,-25.0018],[-58.13652,-25.00175],[-58.13697,-25.00173],[-58.13739,-25.00168],[-58.13816,-25.00064],[-58.13795,-25.00048],[-58.13756,-25.00043],[-58.13713,-25.00037],[-58.13646,-25.00034],[-58.13565,-24.99993],[-58.13535,-24.99806],[-58.13729,-24.99891],[-58.13923,-24.99733],[-58.13612,-24.99637],[-58.13984,-24.99357],[-58.13755,-24.98879],[-58.14423,-24.98978],[-58.14223,-24.98672],[-58.15311,-24.98191],[-58.14978,-24.97521],[-58.19347,-24.96803],[-58.202,-24.94966],[-58.20457,-24.94819],[-58.20685,-24.95166],[-58.20844,-24.94845],[-58.20966,-24.95188],[-58.21068,-24.94809],[-58.21321,-24.95119],[-58.21402,-24.9509],[-58.21473,-24.95071],[-58.21697,-24.95057],[-58.21747,-24.95033],[-58.22722,-24.92878]]]},"properties":{"fid":8,"SITE_ID":12,"SITE_PID":"12","SITE_TYPE":"PA","NAME_ENG":"Río Pilcomayo","NAME":"Río Pilcomayo","DESIG":"Parque Nacional","DESIG_ENG":"National Park","DESIG_TYPE":"National","IUCN_CAT":"II","INT_CRIT":"Not Applicable","REALM":"Terrestrial","REP_M_AREA":0,"GIS_M_AREA":0,"REP_AREA":518.89,"GIS_AREA":508.32060812917206,"NO_TAKE":"Not Applicable","NO_TK_AREA":0,"STATUS":"Designated","STATUS_YR":1951,"GOV_TYPE":"Federal or national ministry or agency","GOVSUBTYPE":"Not Applicable","OWN_TYPE":"Not Reported","OWNSUBTYPE":"Not Applicable","MANG_AUTH":"Administración de Parques Nacionales","MANG_PLAN":"https://sib.gob.ar/archivos/Plan_de_Gestion_del_PN_Rio_Pilcomayo.pdf","VERIF":"State Verified","METADATAID":1935,"PRNT_ISO3":"ARG","ISO3":"ARG","SUPP_INFO":"Not Applicable","CONS_OBJ":"Not Applicable","INLND_WTRS":"Not Reported","OECM_ASMT":"Not Applicable","layer":"WDPA_W~1"}},{"type":"Feature","geometry":{"type":"Polygon","coordinates":[[[-54.44211,-25.68032],[-54.47777,-25.69066],[-54.46212,-25.71344],[-54.44121,-25.7145],[-54.44418,-25.72815],[-54.44681,-25.735],[-54.44709,-25.73777],[-54.44709,-25.73782],[-54.44709,-25.73783],[-54.44702,-25.73788],[-54.44549,-25.7376],[-54.44504,-25.73752],[-54.40596,-25.72292],[-54.40302,-25.72715],[-54.40278,-25.72831],[-54.40343,-25.72936],[-54.40371,-25.73212],[-54.40378,-25.73298],[-54.40297,-25.73543],[-54.4017,-25.73672],[-54.39934,-25.73954],[-54.39208,-25.75121],[-54.39223,-25.75427],[-54.36872,-25.75488],[-54.16403,-25.76174],[-54.1604,-25.7262],[-54.16116,-25.69123],[-54.16153,-25.68082],[-54.16197,-25.66256],[-54.16343,-25.62356],[-54.16324,-25.58963],[-54.16327,-25.58961],[-54.16359,-25.58925],[-54.16308,-25.58861],[-54.16304,-25.58854],[-54.16301,-25.5885],[-54.163,-25.58847],[-54.16298,-25.58844],[-54.16297,-25.58842],[-54.16293,-25.58835],[-54.16289,-25.58818],[-54.16426,-25.58817],[-54.1644,-25.58299],[-54.16562,-25.54278],[-54.17294,-25.54173],[-54.19065,-25.53466],[-54.19573,-25.53466],[-54.19838,-25.53561],[-54.2026,-25.53789],[-54.20447,-25.53927],[-54.20516,-25.53992],[-54.20525,-25.54],[-54.20535,-25.54009],[-54.20683,-25.54212],[-54.20693,-25.54233],[-54.20764,-25.5438],[-54.20849,-25.5469],[-54.20821,-25.55222],[-54.20386,-25.55865],[-54.18415,-25.56414],[-54.17512,-25.57217],[-54.17323,-25.57981],[-54.18115,-25.58552],[-54.20377,-25.57965],[-54.21,-25.57562],[-54.21437,-25.57196],[-54.22004,-25.56652],[-54.22166,-25.56531],[-54.23056,-25.56301],[-54.23517,-25.59304],[-54.24049,-25.59711],[-54.25052,-25.59772],[-54.25341,-25.59661],[-54.25559,-25.59515],[-54.25744,-25.59329],[-54.28401,-25.55662],[-54.31937,-25.56606],[-54.32642,-25.56992],[-54.32839,-25.57148],[-54.32987,-25.57315],[-54.33081,-25.57442],[-54.34734,-25.60606],[-54.35793,-25.6053],[-54.35929,-25.60453],[-54.36452,-25.59987],[-54.36657,-25.59818],[-54.36948,-25.59578],[-54.36975,-25.59556],[-54.37031,-25.59515],[-54.37076,-25.59483],[-54.37127,-25.59455],[-54.37326,-25.59378],[-54.37469,-25.59371],[-54.37498,-25.59376],[-54.37558,-25.59386],[-54.38244,-25.59633],[-54.38815,-25.60042],[-54.38896,-25.62517],[-54.38969,-25.62824],[-54.3912,-25.63146],[-54.39424,-25.63665],[-54.39484,-25.63755],[-54.39837,-25.64178],[-54.40026,-25.64353],[-54.40198,-25.64455],[-54.41053,-25.64857],[-54.42201,-25.65493],[-54.42516,-25.65891],[-54.42576,-25.66114],[-54.42599,-25.66191],[-54.42642,-25.66396],[-54.42652,-25.66743],[-54.42562,-25.67352],[-54.4256,-25.67433],[-54.42564,-25.67513],[-54.42565,-25.67533],[-54.42584,-25.67689],[-54.42581,-25.67778],[-54.42423,-25.68686],[-54.42593,-25.69213],[-54.43118,-25.69421],[-54.43417,-25.69342],[-54.43665,-25.69213],[-54.43789,-25.69122],[-54.43872,-25.69064],[-54.44029,-25.68803],[-54.44211,-25.68032]]]},"properties":{"fid":9,"SITE_ID":15,"SITE_PID":"15","SITE_TYPE":"PA","NAME_ENG":"Iguazú","NAME":"Iguazú","DESIG":"Parque Nacional","DESIG_ENG":"National Park","DESIG_TYPE":"National","IUCN_CAT":"II","INT_CRIT":"Not Applicable","REALM":"Terrestrial","REP_M_AREA":0,"GIS_M_AREA":0,"REP_AREA":599.45,"GIS_AREA":512.47234262053,"NO_TAKE":"Not Applicable","NO_TK_AREA":0,"STATUS":"Designated","STATUS_YR":1934,"GOV_TYPE":"Federal or national ministry or agency","GOVSUBTYPE":"Not Applicable","OWN_TYPE":"Not Reported","OWNSUBTYPE":"Not Applicable","MANG_AUTH":"Administración de Parques Nacionales","MANG_PLAN":"https://sib.gob.ar/archivos/ANEXO_I_PGIguazu.pdf","VERIF":"State Verified","METADATAID":1935,"PRNT_ISO3":"ARG","ISO3":"ARG","SUPP_INFO":"Not Applicable","CONS_OBJ":"Not Applicable","INLND_WTRS":"Not Reported","OECM_ASMT":"Not Applicable","layer":"WDPA_W~1"}},{"type":"Feature","geometry":{"type":"Polygon","coordinates":[[[-64.70239,-24.81291],[-64.58586,-24.78908],[-64.49831,-24.66402],[-64.51298,-24.62171],[-64.5392,-24.61096],[-64.54384,-24.53986],[-64.57214,-24.60354],[-64.70595,-24.63492],[-64.72321,-24.69789],[-64.76299,-24.72216],[-64.76503,-24.74487],[-64.72891,-24.75712],[-64.70257,-24.78846],[-64.70239,-24.81291]]]},"properties":{"fid":10,"SITE_ID":16,"SITE_PID":"16","SITE_TYPE":"PA","NAME_ENG":"El Rey","NAME":"El Rey","DESIG":"Parque Nacional","DESIG_ENG":"National Park","DESIG_TYPE":"National","IUCN_CAT":"II","INT_CRIT":"Not Applicable","REALM":"Terrestrial","REP_M_AREA":0,"GIS_M_AREA":0,"REP_AREA":441.62,"GIS_AREA":401.906140958001,"NO_TAKE":"Not Applicable","NO_TK_AREA":0,"STATUS":"Designated","STATUS_YR":1948,"GOV_TYPE":"Federal or national ministry or agency","GOVSUBTYPE":"Not Applicable","OWN_TYPE":"Not Reported","OWNSUBTYPE":"Not Applicable","MANG_AUTH":"Administración de Parques Nacionales","MANG_PLAN":"https://sib.gob.ar/archivos/PG_PNER.pdf","VERIF":"State Verified","METADATAID":1935,"PRNT_ISO3":"ARG","ISO3":"ARG","SUPP_INFO":"Not Applicable","CONS_OBJ":"Not Applicable","INLND_WTRS":"Not Reported","OECM_ASMT":"Not Applicable","layer":"WDPA_W~1"}},{"type":"Feature","geometry":{"type":"Polygon","coordinates":[[[-71.59686,-42.09065],[-71.6074,-42.09943],[-71.63286,-42.09319],[-71.6477,-42.10371],[-71.67733,-42.09621],[-71.7072,-42.10452],[-71.71611,-42.10185],[-71.72343,-42.10608],[-71.72558,-42.10585],[-71.72673,-42.10541],[-71.72756,-42.10499],[-71.72813,-42.10471],[-71.72831,-42.1046],[-71.72849,-42.10674],[-71.72612,-42.11024],[-71.73282,-42.12383],[-71.74528,-42.12756],[-71.74694,-42.12872],[-71.74731,-42.12942],[-71.74731,-42.12992],[-71.74733,-42.12999],[-71.74743,-42.13026],[-71.74751,-42.13046],[-71.74911,-42.12916],[-71.75471,-42.12984],[-71.75653,-42.12869],[-71.7578,-42.12836],[-71.76029,-42.12917],[-71.7631,-42.12949],[-71.76446,-42.12942],[-71.76513,-42.12932],[-71.7658,-42.12912],[-71.76643,-42.12899],[-71.76709,-42.12896],[-71.76896,-42.12896],[-71.76969,-42.12902],[-71.77097,-42.12887],[-71.77249,-42.12898],[-71.77316,-42.12892],[-71.77725,-42.13023],[-71.77459,-42.13675],[-71.77779,-42.13915],[-71.77632,-42.14281],[-71.77975,-42.14541],[-71.78143,-42.1479],[-71.78144,-42.14805],[-71.7815,-42.14911],[-71.78348,-42.18509],[-71.77541,-42.18856],[-71.76794,-42.18834],[-71.76622,-42.18838],[-71.76484,-42.18841],[-71.76311,-42.18845],[-71.76034,-42.18845],[-71.73837,-42.19084],[-71.72253,-42.20079],[-71.6957,-42.20186],[-71.66694,-42.22738],[-71.67356,-42.2353],[-71.6688,-42.24356],[-71.66997,-42.24661],[-71.66933,-42.24791],[-71.66873,-42.24932],[-71.66807,-42.25076],[-71.67138,-42.26364],[-71.60607,-42.26557],[-71.59686,-42.09065]]]},"properties":{"fid":11,"SITE_ID":17,"SITE_PID":"17","SITE_TYPE":"PA","NAME_ENG":"Lago Puelo","NAME":"Lago Puelo","DESIG":"Parque Nacional","DESIG_ENG":"National Park","DESIG_TYPE":"National","IUCN_CAT":"II","INT_CRIT":"Not Applicable","REALM":"Terrestrial","REP_M_AREA":0,"GIS_M_AREA":0,"REP_AREA":192.47,"GIS_AREA":190.497384183292,"NO_TAKE":"Not Applicable","NO_TK_AREA":0,"STATUS":"Designated","STATUS_YR":1937,"GOV_TYPE":"Federal or national ministry or agency","GOVSUBTYPE":"Not Applicable","OWN_TYPE":"Not Reported","OWNSUBTYPE":"Not Applicable","MANG_AUTH":"Administración de Parques Nacionales","MANG_PLAN":"https://sib.gob.ar/archivos/PLAN_DE_GESTION_PN_LAGO_PUELO_2019_2029.pdf","VERIF":"State Verified","METADATAID":1935,"PRNT_ISO3":"ARG","ISO3":"ARG","SUPP_INFO":"Not Applicable","CONS_OBJ":"Not Applicable","INLND_WTRS":"Not Reported","OECM_ASMT":"Not Applicable","layer":"WDPA_W~1"}},{"type":"Feature","geometry":{"type":"Polygon","coordinates":[[[-59.60472,-26.759],[-59.70472,-26.75885],[-59.70566,-26.89406],[-59.60513,-26.89421],[-59.60472,-26.759]]]},"properties":{"fid":12,"SITE_ID":18,"SITE_PID":"18","SITE_TYPE":"PA","NAME_ENG":"Chaco","NAME":"Chaco","DESIG":"Parque Nacional","DESIG_ENG":"National Park","DESIG_TYPE":"National","IUCN_CAT":"II","INT_CRIT":"Not Applicable","REALM":"Terrestrial","REP_M_AREA":0,"GIS_M_AREA":0,"REP_AREA":149.81,"GIS_AREA":149.308155511838,"NO_TAKE":"Not Applicable","NO_TK_AREA":0,"STATUS":"Designated","STATUS_YR":1954,"GOV_TYPE":"Federal or national ministry or agency","GOVSUBTYPE":"Not Applicable","OWN_TYPE":"Not Reported","OWNSUBTYPE":"Not Applicable","MANG_AUTH":"Administración de Parques Nacionales","MANG_PLAN":"https://sib.gob.ar/archivos/PG_Chaco_72_2019.pdf","VERIF":"State Verified","METADATAID":1935,"PRNT_ISO3":"ARG","ISO3":"ARG","SUPP_INFO":"Not Applicable","CONS_OBJ":"Not Applicable","INLND_WTRS":"Not Reported","OECM_ASMT":"Not Applicable","layer":"WDPA_W~1"}},{"type":"Feature","geometry":{"type":"Polygon","coordinates":[[[-70.31328,-39.0159],[-70.36282,-39.00123],[-70.38533,-39.00745],[-70.40923,-39.03505],[-70.40925,-39.03513],[-70.32502,-39.1044],[-70.26221,-39.05788],[-70.31328,-39.0159]]]},"properties":{"fid":13,"SITE_ID":19,"SITE_PID":"19","SITE_TYPE":"PA","NAME_ENG":"Laguna Blanca","NAME":"Laguna Blanca","DESIG":"Parque Nacional","DESIG_ENG":"National Park","DESIG_TYPE":"National","IUCN_CAT":"II","INT_CRIT":"Not Applicable","REALM":"Terrestrial","REP_M_AREA":0,"GIS_M_AREA":0,"REP_AREA":76.9,"GIS_AREA":77.4378516176112,"NO_TAKE":"Not Applicable","NO_TK_AREA":0,"STATUS":"Designated","STATUS_YR":1940,"GOV_TYPE":"Federal or national ministry or agency","GOVSUBTYPE":"Not Applicable","OWN_TYPE":"Not Reported","OWNSUBTYPE":"Not Applicable","MANG_AUTH":"Administración de Parques Nacionales","MANG_PLAN":"https://sib.gob.ar/archivos/PG_PN_Laguna_Blanca.pdf","VERIF":"State Verified","METADATAID":1935,"PRNT_ISO3":"ARG","ISO3":"ARG","SUPP_INFO":"Not Applicable","CONS_OBJ":"Not Applicable","INLND_WTRS":"Not Reported","OECM_ASMT":"Not Applicable","layer":"WDPA_W~1"}},{"type":"Feature","geometry":{"type":"Polygon","coordinates":[[[-65.45824,-37.80732],[-65.45752,-37.7817],[-65.54249,-37.78052],[-65.54409,-37.82552],[-65.65676,-37.8226],[-65.66396,-38.04897],[-65.54992,-38.05108],[-65.54551,-37.87132],[-65.45994,-37.87278],[-65.45824,-37.80732]]]},"properties":{"fid":14,"SITE_ID":20,"SITE_PID":"20","SITE_TYPE":"PA","NAME_ENG":"Lihué Calel","NAME":"Lihué Calel","DESIG":"Parque Nacional","DESIG_ENG":"National Park","DESIG_TYPE":"National","IUCN_CAT":"II","INT_CRIT":"Not Applicable","REALM":"Terrestrial","REP_M_AREA":0,"GIS_M_AREA":0,"REP_AREA":325.14,"GIS_AREA":325.553410646736,"NO_TAKE":"Not Applicable","NO_TK_AREA":0,"STATUS":"Designated","STATUS_YR":1976,"GOV_TYPE":"Federal or national ministry or agency","GOVSUBTYPE":"Not Applicable","OWN_TYPE":"Not Reported","OWNSUBTYPE":"Not Applicable","MANG_AUTH":"Administración de Parques Nacionales","MANG_PLAN":"Not Reported","VERIF":"State Verified","METADATAID":1935,"PRNT_ISO3":"ARG","ISO3":"ARG","SUPP_INFO":"Not Applicable","CONS_OBJ":"Not Applicable","INLND_WTRS":"Not Reported","OECM_ASMT":"Not Applicable","layer":"WDPA_W~1"}},{"type":"Feature","geometry":{"type":"Polygon","coordinates":[[[-58.20612,-31.82652],[-58.2109,-31.83231],[-58.22305,-31.84686],[-58.22798,-31.85283],[-58.25756,-31.84573],[-58.25789,-31.84571],[-58.26001,-31.86424],[-58.31728,-31.84511],[-58.3233,-31.89691],[-58.30522,-31.90236],[-58.30691,-31.90802],[-58.3125,-31.91444],[-58.30966,-31.915],[-58.28923,-31.90977],[-58.25834,-31.91134],[-58.25805,-31.91268],[-58.25309,-31.9132],[-58.25253,-31.9138],[-58.25129,-31.91399],[-58.25073,-31.91461],[-58.24976,-31.91493],[-58.2497,-31.91503],[-58.24962,-31.91516],[-58.24961,-31.91519],[-58.24962,-31.91533],[-58.24985,-31.9156],[-58.24986,-31.91562],[-58.24985,-31.91564],[-58.24958,-31.91593],[-58.24945,-31.91604],[-58.24935,-31.91618],[-58.24633,-31.91778],[-58.24467,-31.91777],[-58.24332,-31.91896],[-58.2423,-31.91871],[-58.24175,-31.91937],[-58.23762,-31.91976],[-58.23134,-31.92288],[-58.22619,-31.92435],[-58.22313,-31.92334],[-58.21536,-31.92785],[-58.21266,-31.92793],[-58.20967,-31.92475],[-58.20607,-31.92537],[-58.20033,-31.92248],[-58.1996,-31.92242],[-58.19935,-31.9224],[-58.19881,-31.92247],[-58.19848,-31.92268],[-58.19846,-31.92269],[-58.19825,-31.92296],[-58.19713,-31.9239],[-58.19639,-31.92421],[-58.19543,-31.92439],[-58.19496,-31.92453],[-58.19472,-31.92462],[-58.19359,-31.9256],[-58.19317,-31.92562],[-58.19308,-31.92562],[-58.19282,-31.92547],[-58.19164,-31.92371],[-58.19157,-31.92334],[-58.19162,-31.92323],[-58.19172,-31.92305],[-58.19174,-31.92302],[-58.2029,-31.91012],[-58.20805,-31.8732],[-58.19757,-31.85333],[-58.20612,-31.82652]]]},"properties":{"fid":15,"SITE_ID":21,"SITE_PID":"21","SITE_TYPE":"PA","NAME_ENG":"El Palmar","NAME":"El Palmar","DESIG":"Parque Nacional","DESIG_ENG":"National Park","DESIG_TYPE":"National","IUCN_CAT":"II","INT_CRIT":"Not Applicable","REALM":"Terrestrial","REP_M_AREA":0,"GIS_M_AREA":0,"REP_AREA":82.13,"GIS_AREA":82.2072460895336,"NO_TAKE":"Not Applicable","NO_TK_AREA":0,"STATUS":"Designated","STATUS_YR":1966,"GOV_TYPE":"Federal or national ministry or agency","GOVSUBTYPE":"Not Applicable","OWN_TYPE":"Not Reported","OWNSUBTYPE":"Not Applicable","MANG_AUTH":"Administración de Parques Nacionales","MANG_PLAN":"https://sib.gob.ar/archivos/Plan_de_Gestion_El_Palmar_Doc_Final.pdf","VERIF":"State Verified","METADATAID":1935,"PRNT_ISO3":"ARG","ISO3":"ARG","SUPP_INFO":"Not Applicable","CONS_OBJ":"Not Applicable","INLND_WTRS":"Not Reported","OECM_ASMT":"Not Applicable","layer":"WDPA_W~1"}},{"type":"Feature","geometry":{"type":"Polygon","coordinates":[[[-71.63837,-40.80479],[-71.66309,-40.78354],[-71.62791,-40.85651],[-71.62606,-40.85709],[-71.62606,-40.85871],[-71.62578,-40.85959],[-71.62492,-40.86072],[-71.61907,-40.86593],[-71.61741,-40.86662],[-71.61688,-40.86629],[-71.61684,-40.8659],[-71.61722,-40.86539],[-71.61836,-40.86482],[-71.61489,-40.86334],[-71.61408,-40.86122],[-71.61465,-40.86015],[-71.61437,-40.85989],[-71.61479,-40.85939],[-71.6147,-40.85899],[-71.61472,-40.85866],[-71.61475,-40.8582],[-71.61449,-40.85784],[-71.61405,-40.85825],[-71.61394,-40.85835],[-71.61351,-40.85813],[-71.61367,-40.85798],[-71.61406,-40.85761],[-71.61344,-40.85738],[-71.61314,-40.85755],[-71.61299,-40.85763],[-71.61266,-40.85756],[-71.61279,-40.85726],[-71.61289,-40.85705],[-71.61266,-40.85662],[-71.61061,-40.85522],[-71.60828,-40.85468],[-71.60733,-40.85396],[-71.60733,-40.85342],[-71.60595,-40.85303],[-71.60557,-40.8531],[-71.60538,-40.85353],[-71.60486,-40.85371],[-71.6041,-40.85357],[-71.604,-40.85321],[-71.60396,-40.85292],[-71.60381,-40.85292],[-71.60339,-40.85339],[-71.603,-40.85321],[-71.60263,-40.85234],[-71.60296,-40.84929],[-71.60386,-40.849],[-71.60567,-40.84752],[-71.60574,-40.84745],[-71.60605,-40.84709],[-71.60596,-40.84671],[-71.60586,-40.8463],[-71.59825,-40.83951],[-71.60376,-40.83645],[-71.62064,-40.81632],[-71.63519,-40.80659],[-71.63837,-40.80479]]]},"properties":{"fid":16,"SITE_ID":22,"SITE_PID":"22","SITE_TYPE":"PA","NAME_ENG":"Los Arrayanes","NAME":"Los Arrayanes","DESIG":"Parque Nacional","DESIG_ENG":"National Park","DESIG_TYPE":"National","IUCN_CAT":"II","INT_CRIT":"Not Applicable","REALM":"Terrestrial","REP_M_AREA":0,"GIS_M_AREA":0,"REP_AREA":17.96,"GIS_AREA":17.8667405399324,"NO_TAKE":"Not Applicable","NO_TK_AREA":0,"STATUS":"Designated","STATUS_YR":1971,"GOV_TYPE":"Federal or national ministry or agency","GOVSUBTYPE":"Not Applicable","OWN_TYPE":"Not Reported","OWNSUBTYPE":"Not Applicable","MANG_AUTH":"Administración de Parques Nacionales","MANG_PLAN":"https://sib.gob.ar/archivos/PG_PNNH_2019.pdf","VERIF":"State Verified","METADATAID":1935,"PRNT_ISO3":"ARG","ISO3":"ARG","SUPP_INFO":"Not Applicable","CONS_OBJ":"Not Applicable","INLND_WTRS":"Not Reported","OECM_ASMT":"Not Applicable","layer":"WDPA_W~1"}},{"type":"Feature","geometry":{"type":"Polygon","coordinates":[[[-69.20481,-29.00085],[-69.22571,-29.01248],[-69.28894,-28.98845],[-69.36901,-28.98193],[-69.40103,-28.95726],[-69.40113,-29.16769],[-69.44771,-29.14968],[-69.46781,-29.12061],[-69.46781,-29.30385],[-69.44045,-29.3514],[-69.37563,-29.37097],[-69.35568,-29.39385],[-69.36444,-29.41641],[-69.33473,-29.44518],[-69.29988,-29.44915],[-69.27539,-29.52102],[-69.19433,-29.55807],[-69.1908,-29.54484],[-69.18872,-29.54264],[-69.18659,-29.54291],[-69.18192,-29.54031],[-69.1797,-29.53777],[-69.17854,-29.53449],[-69.18013,-29.53226],[-69.17996,-29.52322],[-69.17214,-29.51392],[-69.17004,-29.50875],[-69.17214,-29.50423],[-69.16057,-29.48054],[-69.16706,-29.47345],[-69.1625,-29.44206],[-69.15267,-29.4363],[-69.14801,-29.43483],[-69.14366,-29.43577],[-69.11753,-29.34133],[-69.09387,-29.31592],[-69.09237,-29.24385],[-69.08174,-29.20925],[-69.08538,-29.18296],[-69.08117,-29.16876],[-69.08307,-29.15852],[-69.08475,-29.15368],[-69.08516,-29.14651],[-69.07884,-29.12807],[-69.08225,-29.11988],[-69.08771,-29.10692],[-69.11978,-29.06393],[-69.13821,-29.05574],[-69.13275,-29.04755],[-69.14025,-29.04482],[-69.14298,-29.04141],[-69.14844,-29.04141],[-69.15591,-29.04274],[-69.17779,-29.02434],[-69.17779,-29.01547],[-69.18939,-29.01479],[-69.1962,-29.01244],[-69.20167,-29.00592],[-69.20481,-29.00085]]]},"properties":{"fid":17,"SITE_ID":23,"SITE_PID":"23_1","SITE_TYPE":"PA","NAME_ENG":"San Guillermo - Zona núcleo","NAME":"San Guillermo - Zona núcleo","DESIG":"Reserva de la Biósfera","DESIG_ENG":"UNESCO-MAB Biosphere Reserve","DESIG_TYPE":"International","IUCN_CAT":"Not Applicable","INT_CRIT":"Not Applicable","REALM":"Terrestrial","REP_M_AREA":0,"GIS_M_AREA":0,"REP_AREA":1660,"GIS_AREA":1639.74679631247,"NO_TAKE":"Not Applicable","NO_TK_AREA":0,"STATUS":"Designated","STATUS_YR":1980,"GOV_TYPE":"Federal or national ministry or agency","GOVSUBTYPE":"Not Applicable","OWN_TYPE":"Not Reported","OWNSUBTYPE":"Not Applicable","MANG_AUTH":"Secretariat for Environmental Policy","MANG_PLAN":"Not Reported","VERIF":"State Verified","METADATAID":1852,"PRNT_ISO3":"ARG","ISO3":"ARG","SUPP_INFO":"Not Applicable","CONS_OBJ":"Not Applicable","INLND_WTRS":"Not Reported","OECM_ASMT":"Not Applicable","layer":"WDPA_W~1"}},{"type":"Feature","geometry":{"type":"MultiPolygon","coordinates":[[[[-69.15354,-29.43735],[-69.15267,-29.4363],[-69.1625,-29.44206],[-69.16706,-29.47345],[-69.16057,-29.48054],[-69.17214,-29.50423],[-69.17004,-29.50875],[-69.17214,-29.51392],[-69.17996,-29.52322],[-69.18013,-29.53226],[-69.17965,-29.52935],[-69.17128,-29.51491],[-69.15915,-29.48111],[-69.1629,-29.45829],[-69.15354,-29.43735]]],[[[-69.14239,-29.43605],[-69.11553,-29.3416],[-69.09185,-29.31647],[-69.09117,-29.24595],[-69.09237,-29.24385],[-69.09387,-29.31592],[-69.11753,-29.34133],[-69.14366,-29.43577],[-69.14239,-29.43605]]],[[[-69.08296,-29.1834],[-69.08091,-29.16904],[-69.08117,-29.16876],[-69.08538,-29.18296],[-69.08296,-29.1834]]],[[[-69.08501,-29.14853],[-69.07681,-29.127],[-69.08225,-29.11988],[-69.07884,-29.12807],[-69.08516,-29.14651],[-69.08475,-29.15368],[-69.08307,-29.15852],[-69.08501,-29.14853]]],[[[-69.08542,-29.10567],[-69.11085,-29.06383],[-69.11978,-29.06393],[-69.08771,-29.10692],[-69.08542,-29.10567]]],[[[-69.13511,-29.05502],[-69.12726,-29.04661],[-69.13275,-29.04755],[-69.13821,-29.05574],[-69.13511,-29.05502]]],[[[-69.15591,-29.04274],[-69.17238,-29.02446],[-69.17566,-29.01461],[-69.17779,-29.01547],[-69.17779,-29.02434],[-69.15591,-29.04274]]],[[[-69.18939,-29.01479],[-69.19125,-29.01297],[-69.1962,-29.01244],[-69.18939,-29.01479]]],[[[-69.20546,-28.69527],[-69.20546,-28.69527],[-69.20547,-28.69515],[-69.20547,-28.69518],[-69.20546,-28.69527],[-69.20546,-28.69527]]],[[[-69.20547,-28.69515],[-69.20547,-28.69444],[-69.20435,-28.69359],[-69.20316,-28.69267],[-69.20298,-28.69121],[-69.20442,-28.6873],[-69.20601,-28.6865],[-69.20665,-28.68533],[-69.20844,-28.68437],[-69.20978,-28.68182],[-69.20986,-28.6806],[-69.20932,-28.67976],[-69.20831,-28.67997],[-69.2073,-28.68033],[-69.20673,-28.68039],[-69.20644,-28.67963],[-69.20725,-28.67879],[-69.2097,-28.67811],[-69.20999,-28.67731],[-69.20832,-28.67107],[-69.20849,-28.67031],[-69.21049,-28.66942],[-69.2113,-28.66785],[-69.2111,-28.66699],[-69.21046,-28.66638],[-69.20978,-28.66568],[-69.20986,-28.66489],[-69.21057,-28.66405],[-69.2118,-28.66399],[-69.21226,-28.66471],[-69.21281,-28.66462],[-69.21148,-28.65949],[-69.21266,-28.65929],[-69.21342,-28.65887],[-69.21364,-28.6582],[-69.21293,-28.65744],[-69.21286,-28.65672],[-69.21334,-28.65639],[-69.21405,-28.65472],[-69.21447,-28.65474],[-69.21624,-28.65308],[-69.21785,-28.64822],[-69.21705,-28.64642],[-69.21626,-28.64559],[-69.21628,-28.64518],[-69.21729,-28.64408],[-69.21738,-28.64349],[-69.21733,-28.64236],[-69.21749,-28.64135],[-69.21586,-28.64002],[-69.216,-28.63879],[-69.2153,-28.63841],[-69.21485,-28.6377],[-69.2139,-28.63309],[-69.21415,-28.63191],[-69.21504,-28.6303],[-69.21522,-28.6291],[-69.21406,-28.62578],[-69.21539,-28.62406],[-69.21495,-28.61878],[-69.21693,-28.61654],[-69.21659,-28.60661],[-69.21584,-28.60561],[-69.21471,-28.60506],[-69.21424,-28.60422],[-69.21433,-28.60352],[-69.21234,-28.60216],[-69.21113,-28.6016],[-69.21017,-28.60116],[-69.20773,-28.60021],[-69.20569,-28.60025],[-69.2024,-28.59645],[-69.20529,-28.59169],[-69.20886,-28.58604],[-69.21232,-28.57992],[-69.21729,-28.57244],[-69.2209,-28.56663],[-69.22351,-28.56258],[-69.22873,-28.55343],[-69.24149,-28.53282],[-69.24724,-28.5229],[-69.25466,-28.51157],[-69.26048,-28.50387],[-69.26792,-28.49146],[-69.27371,-28.47905],[-69.28943,-28.45423],[-69.31625,-28.4117],[-69.32433,-28.4237],[-69.32872,-28.42669],[-69.3314,-28.42886],[-69.34459,-28.43578],[-69.34889,-28.43709],[-69.35055,-28.43839],[-69.35578,-28.44004],[-69.36103,-28.44008],[-69.37596,-28.44862],[-69.4245,-28.45183],[-69.42667,-28.45148],[-69.42961,-28.45071],[-69.43247,-28.45001],[-69.4362,-28.44803],[-69.44065,-28.44421],[-69.44184,-28.44249],[-69.44499,-28.44058],[-69.44543,-28.43937],[-69.4473,-28.43858],[-69.44907,-28.43834],[-69.45113,-28.43716],[-69.45855,-28.42972],[-69.45952,-28.42452],[-69.46186,-28.42134],[-69.46344,-28.42047],[-69.46565,-28.41843],[-69.46871,-28.41592],[-69.46997,-28.41527],[-69.47119,-28.41559],[-69.4732,-28.41553],[-69.4759,-28.41568],[-69.47843,-28.41591],[-69.47935,-28.41607],[-69.48029,-28.41603],[-69.4817,-28.41592],[-69.4882,-28.41379],[-69.48963,-28.41472],[-69.49172,-28.41574],[-69.4932,-28.41649],[-69.49789,-28.41641],[-69.50039,-28.41766],[-69.50145,-28.41846],[-69.50311,-28.4202],[-69.50438,-28.42138],[-69.5061,-28.42222],[-69.50792,-28.42403],[-69.50812,-28.42546],[-69.50774,-28.4269],[-69.5097,-28.4308],[-69.51317,-28.43177],[-69.51611,-28.43188],[-69.5189,-28.43121],[-69.52193,-28.43011],[-69.52492,-28.4284],[-69.52626,-28.42674],[-69.52817,-28.42327],[-69.53039,-28.42126],[-69.53303,-28.41953],[-69.53661,-28.4161],[-69.5381,-28.41583],[-69.54079,-28.41565],[-69.54217,-28.41534],[-69.54337,-28.41498],[-69.54622,-28.41314],[-69.55351,-28.40656],[-69.55513,-28.40601],[-69.55654,-28.40556],[-69.55913,-28.40611],[-69.56031,-28.40639],[-69.57067,-28.40535],[-69.6062,-28.41928],[-69.63273,-28.39077],[-69.64922,-28.39728],[-69.65587,-28.41494],[-69.63253,-28.42987],[-69.68023,-28.47219],[-69.64931,-28.53842],[-69.66938,-28.55522],[-69.66176,-28.58313],[-69.69387,-28.59598],[-69.70051,-28.63907],[-69.73159,-28.68439],[-69.72962,-28.73765],[-69.69302,-28.77118],[-69.76636,-28.9003],[-69.75488,-28.98479],[-69.79202,-29.05011],[-69.78535,-29.12933],[-69.87532,-29.13887],[-69.92303,-29.1867],[-69.95181,-29.18959],[-69.935,-29.246],[-69.99526,-29.28268],[-70.0194,-29.32411],[-70.02079,-29.3824],[-69.96527,-29.41404],[-69.98241,-29.45192],[-69.94782,-29.48967],[-69.95622,-29.53519],[-69.93137,-29.58711],[-69.9392,-29.65467],[-69.90876,-29.6985],[-69.88066,-29.70804],[-69.87876,-29.73495],[-69.91507,-29.79301],[-69.89323,-29.8204],[-69.89779,-29.84893],[-69.87539,-29.86216],[-69.89551,-29.87865],[-69.88702,-29.90356],[-69.90575,-29.93955],[-69.19048,-29.5624],[-69.18961,-29.54772],[-69.1908,-29.54484],[-69.19433,-29.55807],[-69.27539,-29.52102],[-69.29988,-29.44915],[-69.33473,-29.44518],[-69.36444,-29.41641],[-69.35568,-29.39385],[-69.37563,-29.37097],[-69.44045,-29.3514],[-69.46781,-29.30385],[-69.46781,-29.12061],[-69.44771,-29.14968],[-69.40113,-29.16769],[-69.40103,-28.95726],[-69.36901,-28.98193],[-69.28894,-28.98845],[-69.22571,-29.01248],[-69.20481,-29.00085],[-69.20847,-28.9859],[-69.19617,-28.95473],[-69.16664,-28.93504],[-69.14695,-28.8768],[-69.17156,-28.83086],[-69.15269,-28.79312],[-69.15983,-28.76428],[-69.16782,-28.75321],[-69.17078,-28.73635],[-69.18185,-28.72724],[-69.18155,-28.72218],[-69.18921,-28.71986],[-69.1904,-28.71934],[-69.19178,-28.71841],[-69.19874,-28.70959],[-69.20485,-28.69575],[-69.20546,-28.69527],[-69.20546,-28.69529],[-69.20546,-28.69527],[-69.20547,-28.69527],[-69.20547,-28.69518],[-69.20551,-28.69437],[-69.20547,-28.69515]]]]},"properties":{"fid":18,"SITE_ID":23,"SITE_PID":"23_2","SITE_TYPE":"PA","NAME_ENG":"San Guillermo - Zona de amortiguamiento","NAME":"San Guillermo - Zona de amortiguamiento","DESIG":"Reserva de la Biósfera","DESIG_ENG":"UNESCO-MAB Biosphere Reserve","DESIG_TYPE":"International","IUCN_CAT":"Not Applicable","INT_CRIT":"Not Applicable","REALM":"Terrestrial","REP_M_AREA":0,"GIS_M_AREA":0,"REP_AREA":8240,"GIS_AREA":7820.3686105514,"NO_TAKE":"Not Applicable","NO_TK_AREA":0,"STATUS":"Designated","STATUS_YR":1980,"GOV_TYPE":"Federal or national ministry or agency","GOVSUBTYPE":"Not Applicable","OWN_TYPE":"Not Reported","OWNSUBTYPE":"Not Applicable","MANG_AUTH":"Secretariat for Environmental Policy","MANG_PLAN":"Not Reported","VERIF":"State Verified","METADATAID":1852,"PRNT_ISO3":"ARG","ISO3":"ARG","SUPP_INFO":"Not Applicable","CONS_OBJ":"Not Applicable","INLND_WTRS":"Not Reported","OECM_ASMT":"Not Applicable","layer":"WDPA_W~1"}},{"type":"Feature","geometry":{"type":"Polygon","coordinates":[[[-72.11425,-47.99724],[-72.10318,-47.87016],[-72.06705,-47.88018],[-72.05965,-47.86505],[-72.12545,-47.83275],[-72.17541,-47.83982],[-72.18962,-47.80926],[-72.17309,-47.80088],[-72.1212,-47.81042],[-72.12777,-47.83238],[-72.09028,-47.82011],[-72.11665,-47.79556],[-72.20841,-47.78013],[-72.15761,-47.72611],[-72.44755,-47.71959],[-72.44195,-47.74525],[-72.46606,-47.73789],[-72.47538,-47.75892],[-72.52334,-47.74044],[-72.46816,-47.81275],[-72.47688,-47.87093],[-72.49797,-47.87514],[-72.52801,-47.93497],[-72.49781,-47.96116],[-72.42726,-47.96575],[-72.41878,-48.00272],[-72.44379,-48.06435],[-72.41612,-48.07815],[-72.36031,-48.0736],[-72.32203,-48.13148],[-72.26034,-48.13148],[-72.25814,-48.10246],[-72.25043,-48.00054],[-72.24976,-47.9925],[-72.11425,-47.99724]]]},"properties":{"fid":19,"SITE_ID":2224,"SITE_PID":"2224","SITE_TYPE":"PA","NAME_ENG":"Perito Moreno","NAME":"Perito Moreno","DESIG":"Parque Nacional","DESIG_ENG":"National Park","DESIG_TYPE":"National","IUCN_CAT":"II","INT_CRIT":"Not Applicable","REALM":"Terrestrial","REP_M_AREA":0,"GIS_M_AREA":0,"REP_AREA":951.73,"GIS_AREA":953.033516783182,"NO_TAKE":"Not Applicable","NO_TK_AREA":0,"STATUS":"Designated","STATUS_YR":1937,"GOV_TYPE":"Federal or national ministry or agency","GOVSUBTYPE":"Not Applicable","OWN_TYPE":"Not Reported","OWNSUBTYPE":"Not Applicable","MANG_AUTH":"Administración de Parques Nacionales","MANG_PLAN":"https://sib.gob.ar/archivos/PG_PNPFPM.pdf","VERIF":"State Verified","METADATAID":1935,"PRNT_ISO3":"ARG","ISO3":"ARG","SUPP_INFO":"Not Applicable","CONS_OBJ":"Not Applicable","INLND_WTRS":"Not Reported","OECM_ASMT":"Not Applicable","layer":"WDPA_W~1"}},{"type":"Feature","geometry":{"type":"Polygon","coordinates":[[[-67.95837,-47.65455],[-68.14473,-47.65514],[-68.15804,-47.65518],[-68.15798,-47.66728],[-68.15758,-47.74508],[-67.95756,-47.74444],[-67.95837,-47.65455]]]},"properties":{"fid":20,"SITE_ID":2226,"SITE_PID":"2226","SITE_TYPE":"PA","NAME_ENG":"Bosques Petrificados","NAME":"Bosques Petrificados","DESIG":"Monumento Natural","DESIG_ENG":"Nature Monument","DESIG_TYPE":"National","IUCN_CAT":"III","INT_CRIT":"Not Applicable","REALM":"Terrestrial","REP_M_AREA":0,"GIS_M_AREA":0,"REP_AREA":150,"GIS_AREA":149.92691407655502,"NO_TAKE":"Not Applicable","NO_TK_AREA":0,"STATUS":"Designated","STATUS_YR":1954,"GOV_TYPE":"Federal or national ministry or agency","GOVSUBTYPE":"Not Applicable","OWN_TYPE":"Not Reported","OWNSUBTYPE":"Not Applicable","MANG_AUTH":"Administración de Parques Nacionales","MANG_PLAN":"https://sib.gob.ar/archivos/IF-2018-60876708-APN-DRPA-APNAC.pdf","VERIF":"State Verified","METADATAID":1935,"PRNT_ISO3":"ARG","ISO3":"ARG","SUPP_INFO":"Not Applicable","CONS_OBJ":"Not Applicable","INLND_WTRS":"Not Reported","OECM_ASMT":"Not Applicable","layer":"WDPA_W~1"}},{"type":"Feature","geometry":{"type":"Polygon","coordinates":[[[-71.19997,-40.62515],[-71.35969,-40.49261],[-71.38102,-40.50758],[-71.63469,-40.22862],[-71.63024,-40.18084],[-71.65737,-40.18312],[-71.6703,-40.15561],[-71.70134,-40.1429],[-71.71984,-40.19654],[-71.70994,-40.20758],[-71.72226,-40.22317],[-71.72082,-40.28894],[-71.71692,-40.28298],[-71.71519,-40.28001],[-71.68428,-40.29534],[-71.68119,-40.29861],[-71.67686,-40.32706],[-71.67198,-40.33125],[-71.65617,-40.35005],[-71.65744,-40.35639],[-71.66217,-40.36417],[-71.67023,-40.36872],[-71.68826,-40.3729],[-71.68962,-40.39245],[-71.69164,-40.40039],[-71.70568,-40.41745],[-71.70752,-40.41998],[-71.73685,-40.44082],[-71.75119,-40.43265],[-71.75128,-40.4326],[-71.75494,-40.4234],[-71.75498,-40.42135],[-71.78092,-40.41423],[-71.78111,-40.41404],[-71.80846,-40.40659],[-71.80875,-40.40691],[-71.82532,-40.42334],[-71.82502,-40.42368],[-71.83014,-40.44091],[-71.84169,-40.45256],[-71.84088,-40.45537],[-71.83798,-40.46082],[-71.83648,-40.46367],[-71.83817,-40.4646],[-71.83953,-40.46626],[-71.84501,-40.47196],[-71.84623,-40.47531],[-71.84258,-40.49112],[-71.84606,-40.4934],[-71.8463,-40.49435],[-71.8476,-40.49944],[-71.8494,-40.50274],[-71.85539,-40.51142],[-71.8541,-40.51487],[-71.84932,-40.52085],[-71.84616,-40.51991],[-71.8427,-40.52479],[-71.84271,-40.52511],[-71.85196,-40.52615],[-71.85841,-40.55454],[-71.85908,-40.55535],[-71.86634,-40.55706],[-71.86647,-40.55712],[-71.88528,-40.55285],[-71.88759,-40.5521],[-71.88392,-40.56283],[-71.87702,-40.5662],[-71.86144,-40.58883],[-71.84546,-40.58259],[-71.84027,-40.58705],[-71.82518,-40.57831],[-71.8242,-40.57782],[-71.82418,-40.57782],[-71.82399,-40.57782],[-71.82383,-40.57791],[-71.82405,-40.57875],[-71.82452,-40.57929],[-71.82464,-40.57943],[-71.82575,-40.58068],[-71.82734,-40.58218],[-71.8293,-40.58391],[-71.83,-40.58474],[-71.83051,-40.58608],[-71.83205,-40.5886],[-71.83381,-40.58959],[-71.83404,-40.58975],[-71.83549,-40.59379],[-71.83646,-40.59509],[-71.84332,-40.62653],[-71.85058,-40.63478],[-71.85284,-40.63699],[-71.86813,-40.64976],[-71.86647,-40.65357],[-71.86561,-40.65706],[-71.87793,-40.66517],[-71.89609,-40.67898],[-71.90853,-40.68471],[-71.9627,-40.72228],[-71.96084,-40.72543],[-71.96319,-40.74717],[-71.96234,-40.74705],[-71.92136,-40.78576],[-71.93514,-40.82191],[-71.91247,-40.84146],[-71.90758,-40.85851],[-71.89229,-40.87004],[-71.89003,-40.87314],[-71.87564,-40.88121],[-71.85901,-40.87828],[-71.86117,-40.93534],[-71.8568,-40.9604],[-71.89861,-40.96118],[-71.90558,-40.9625],[-71.90849,-40.97225],[-71.90512,-40.98033],[-71.90648,-40.98338],[-71.90648,-40.98484],[-71.90644,-40.98537],[-71.90637,-40.98583],[-71.90634,-40.98611],[-71.87891,-40.99736],[-71.87229,-41.00324],[-71.8714,-41.00469],[-71.86559,-41.01806],[-71.86556,-41.01855],[-71.8438,-41.03508],[-71.83415,-41.04641],[-71.83541,-41.04797],[-71.82707,-41.0561],[-71.82377,-41.05716],[-71.82337,-41.05773],[-71.82124,-41.06732],[-71.8367,-41.07708],[-71.84156,-41.07872],[-71.84959,-41.08315],[-71.84656,-41.08711],[-71.84693,-41.08798],[-71.84892,-41.09514],[-71.84849,-41.09537],[-71.84969,-41.09607],[-71.85159,-41.09761],[-71.84596,-41.1045],[-71.84333,-41.12995],[-71.83996,-41.14061],[-71.83903,-41.14467],[-71.88727,-41.1672],[-71.87441,-41.20584],[-71.87398,-41.20634],[-71.87208,-41.20721],[-71.86529,-41.20984],[-71.85886,-41.21164],[-71.85646,-41.21354],[-71.85463,-41.21394],[-71.85403,-41.2146],[-71.85399,-41.215],[-71.85413,-41.21537],[-71.85589,-41.21693],[-71.85746,-41.21983],[-71.85839,-41.22416],[-71.85639,-41.22799],[-71.85932,-41.23362],[-71.85909,-41.23392],[-71.85839,-41.23436],[-71.85479,-41.23582],[-71.85143,-41.23596],[-71.8474,-41.24079],[-71.84729,-41.24107],[-71.8472,-41.24132],[-71.84707,-41.24199],[-71.84702,-41.24284],[-71.85143,-41.24368],[-71.85586,-41.24618],[-71.85639,-41.24775],[-71.85569,-41.24885],[-71.85506,-41.24925],[-71.85463,-41.24955],[-71.85107,-41.25013],[-71.83438,-41.2718],[-71.83444,-41.27203],[-71.83461,-41.27218],[-71.83577,-41.27291],[-71.836,-41.27331],[-71.83644,-41.27349],[-71.8367,-41.27338],[-71.83789,-41.27205],[-71.83814,-41.27153],[-71.8383,-41.27127],[-71.84094,-41.2698],[-71.84616,-41.26951],[-71.85623,-41.25731],[-71.87791,-41.26037],[-71.88518,-41.25991],[-71.88801,-41.25724],[-71.89345,-41.25651],[-71.89615,-41.25498],[-71.89685,-41.25498],[-71.89722,-41.25538],[-71.89725,-41.25571],[-71.89698,-41.25618],[-71.89593,-41.25731],[-71.89142,-41.26057],[-71.88822,-41.2644],[-71.88821,-41.26527],[-71.88853,-41.26611],[-71.88897,-41.26649],[-71.89729,-41.27084],[-71.89729,-41.27141],[-71.89658,-41.2729],[-71.89718,-41.2748],[-71.89654,-41.2789],[-71.87602,-41.30739],[-71.88165,-41.32414],[-71.88259,-41.32497],[-71.88593,-41.3268],[-71.88921,-41.32784],[-71.89028,-41.32791],[-71.89103,-41.32808],[-71.89179,-41.32839],[-71.89322,-41.32886],[-71.89343,-41.32893],[-71.89619,-41.33002],[-71.89846,-41.3308],[-71.90034,-41.33178],[-71.90234,-41.33726],[-71.91208,-41.34057],[-71.90083,-41.36312],[-71.90033,-41.36345],[-71.86715,-41.39277],[-71.86635,-41.3936],[-71.86934,-41.41171],[-71.83674,-41.43154],[-71.8355,-41.43238],[-71.83537,-41.43817],[-71.83855,-41.44656],[-71.82821,-41.48011],[-71.82827,-41.48194],[-71.82832,-41.48209],[-71.78437,-41.4935],[-71.74882,-41.54221],[-71.62471,-41.53536],[-71.6061,-41.55173],[-71.5135,-41.5698],[-71.50089,-41.57715],[-71.49798,-41.58227],[-71.49282,-41.58588],[-71.49798,-41.58159],[-71.49949,-41.57488],[-71.46039,-41.54554],[-71.45449,-41.52013],[-71.4856,-41.44556],[-71.48882,-41.37631],[-71.52864,-41.35439],[-71.49268,-41.31175],[-71.49448,-41.14145],[-71.58604,-41.13938],[-71.58801,-41.0782],[-71.56355,-41.07141],[-71.57793,-41.0376],[-71.56228,-41.00227],[-71.61735,-40.90069],[-71.66792,-40.8679],[-71.70134,-40.81791],[-71.75258,-40.80644],[-71.74841,-40.79241],[-71.7067,-40.78961],[-71.71479,-40.75896],[-71.79693,-40.74237],[-71.78006,-40.72335],[-71.71873,-40.74609],[-71.70762,-40.72683],[-71.71008,-40.72509],[-71.7305,-40.71581],[-71.72397,-40.69075],[-71.73126,-40.68157],[-71.66913,-40.73956],[-71.65103,-40.71463],[-71.63412,-40.73239],[-71.58634,-40.73931],[-71.58315,-40.79125],[-71.54787,-40.79124],[-71.46582,-40.88494],[-71.44449,-40.89533],[-71.44426,-40.90638],[-71.41259,-40.90638],[-71.34963,-40.91427],[-71.3074,-40.94667],[-71.25829,-40.93512],[-71.19708,-40.89571],[-71.1872,-40.81809],[-71.24375,-40.73829],[-71.48819,-40.62759],[-71.45507,-40.63543],[-71.37707,-40.66166],[-71.29546,-40.67423],[-71.28655,-40.65784],[-71.31909,-40.64879],[-71.28311,-40.62345],[-71.2436,-40.65562],[-71.19997,-40.62515]]]},"properties":{"fid":21,"SITE_ID":2497,"SITE_PID":"2497","SITE_TYPE":"PA","NAME_ENG":"Nahuel Huapi","NAME":"Nahuel Huapi","DESIG":"Parque Nacional","DESIG_ENG":"National Park","DESIG_TYPE":"National","IUCN_CAT":"II","INT_CRIT":"Not Applicable","REALM":"Terrestrial","REP_M_AREA":0,"GIS_M_AREA":0,"REP_AREA":4918.81,"GIS_AREA":4782.85273377715,"NO_TAKE":"Not Applicable","NO_TK_AREA":0,"STATUS":"Designated","STATUS_YR":1934,"GOV_TYPE":"Federal or national ministry or agency","GOVSUBTYPE":"Not Applicable","OWN_TYPE":"Not Reported","OWNSUBTYPE":"Not Applicable","MANG_AUTH":"Administración de Parques Nacionales","MANG_PLAN":"https://sib.gob.ar/archivos/PG_PNNH_2019.pdf","VERIF":"State Verified","METADATAID":1935,"PRNT_ISO3":"ARG","ISO3":"ARG","SUPP_INFO":"Not Applicable","CONS_OBJ":"Not Applicable","INLND_WTRS":"Not Reported","OECM_ASMT":"Not Applicable","layer":"WDPA_W~1"}},{"type":"Feature","geometry":{"type":"Polygon","coordinates":[[[-73.02203,-49.21188],[-73.12659,-49.18571],[-73.16244,-49.19714],[-73.17159,-49.24051],[-73.13789,-49.25629],[-73.13533,-49.3068],[-73.42002,-49.30465],[-73.45798,-49.31865],[-73.45848,-49.39038],[-73.52176,-49.44167],[-73.51589,-49.47654],[-73.53196,-49.5089],[-73.57139,-49.52669],[-73.50044,-49.613],[-73.53092,-49.6852],[-73.5064,-49.71179],[-73.478,-49.73378],[-73.44479,-49.76227],[-73.42291,-49.79535],[-73.49092,-49.83424],[-73.51283,-49.8644],[-73.51309,-49.90006],[-73.5419,-49.93073],[-73.4507,-50.00051],[-73.45467,-50.03502],[-73.47853,-50.06577],[-73.50535,-50.09679],[-73.52882,-50.12231],[-73.51706,-50.15915],[-73.34449,-50.24851],[-73.29874,-50.29286],[-73.25188,-50.4079],[-73.25211,-50.56802],[-73.16887,-50.64439],[-73.15981,-50.68266],[-73.16981,-50.72234],[-73.1608,-50.75598],[-73.08638,-50.77449],[-73.05035,-50.76387],[-73.01343,-50.74915],[-72.98277,-50.72971],[-72.92335,-50.68563],[-72.85423,-50.64664],[-72.79311,-50.62859],[-72.77221,-50.59623],[-72.75562,-50.5242],[-72.74959,-50.48224],[-72.75418,-50.44733],[-72.77762,-50.40837],[-72.94576,-50.44323],[-73.01906,-50.42093],[-73.04379,-50.38567],[-73.02602,-50.34827],[-72.94826,-50.30735],[-72.85063,-50.31193],[-72.80289,-50.30718],[-72.79192,-50.18867],[-72.81554,-50.15888],[-72.8858,-50.18449],[-72.93562,-50.18325],[-72.96011,-50.1499],[-72.95468,-50.07225],[-72.94564,-50.0336],[-72.91502,-50.01622],[-72.84124,-50.02891],[-72.79558,-50.03202],[-72.77498,-50.00406],[-72.73611,-49.80771],[-72.79174,-49.74736],[-72.78908,-49.70395],[-72.63839,-49.40655],[-72.66692,-49.33612],[-72.81214,-49.27776],[-72.85737,-49.22064],[-72.89587,-49.21241],[-72.93001,-49.21606],[-72.9784,-49.22065],[-73.02203,-49.21188]]]},"properties":{"fid":22,"SITE_ID":2570,"SITE_PID":"2570","SITE_TYPE":"PA","NAME_ENG":"Los Glaciares National Park","NAME":"Parque Nacional Los Glaciares","DESIG":"Sitio Patrimonio de la Humanidad (natural o mixto)","DESIG_ENG":"World Heritage Site (natural or mixed)","DESIG_TYPE":"International","IUCN_CAT":"Not Applicable","INT_CRIT":"(vii);(viii)","REALM":"Terrestrial","REP_M_AREA":0,"GIS_M_AREA":0,"REP_AREA":7269.27,"GIS_AREA":7194.53582258433,"NO_TAKE":"Not Applicable","NO_TK_AREA":0,"STATUS":"Inscribed","STATUS_YR":1981,"GOV_TYPE":"Not Reported","GOVSUBTYPE":"Not Applicable","OWN_TYPE":"Not Reported","OWNSUBTYPE":"Not Applicable","MANG_AUTH":"Not Reported","MANG_PLAN":"Not Reported","VERIF":"State Verified","METADATAID":946,"PRNT_ISO3":"ARG","ISO3":"ARG","SUPP_INFO":"Not Applicable","CONS_OBJ":"Not Applicable","INLND_WTRS":"Not Reported","OECM_ASMT":"Not Applicable","layer":"WDPA_W~1"}},{"type":"Feature","geometry":{"type":"Polygon","coordinates":[[[-64.32034,-42.24639],[-64.32898,-42.24703],[-64.34959,-42.24142],[-64.35469,-42.24098],[-64.3595,-42.24181],[-64.36407,-42.23973],[-64.36633,-42.23637],[-64.37131,-42.2368],[-64.37626,-42.23687],[-64.37682,-42.23349],[-64.46529,-42.23577],[-64.56326,-42.30907],[-64.57634,-42.34936],[-64.59721,-42.36521],[-64.59753,-42.36895],[-64.5964,-42.37282],[-64.59608,-42.37638],[-64.6025,-42.38434],[-64.62217,-42.39226],[-64.61685,-42.42153],[-64.61261,-42.42314],[-64.60801,-42.4229],[-64.60316,-42.42358],[-64.57953,-42.4171],[-64.56116,-42.42553],[-64.54479,-42.4169],[-64.50007,-42.42783],[-64.4948,-42.42737],[-64.49204,-42.4204],[-64.49,-42.4169],[-64.48732,-42.41363],[-64.4831,-42.4161],[-64.48262,-42.41932],[-64.48747,-42.4241],[-64.48747,-42.42742],[-64.48384,-42.43037],[-64.47978,-42.43254],[-64.47506,-42.43411],[-64.47,-42.43464],[-64.45995,-42.43494],[-64.45547,-42.43319],[-64.45069,-42.43369],[-64.44585,-42.43517],[-64.4308,-42.43671],[-64.42564,-42.43659],[-64.36869,-42.41592],[-64.35805,-42.42034],[-64.35319,-42.41908],[-64.343,-42.41878],[-64.33873,-42.41671],[-64.33719,-42.41298],[-64.32854,-42.40858],[-64.32307,-42.40814],[-64.31833,-42.40751],[-64.31368,-42.40614],[-64.31133,-42.40278],[-64.30878,-42.39937],[-64.30396,-42.40001],[-64.29775,-42.40338],[-64.29333,-42.40548],[-64.29324,-42.40883],[-64.28847,-42.41045],[-64.28322,-42.41096],[-64.27824,-42.4116],[-64.27323,-42.41197],[-64.26858,-42.41051],[-64.26489,-42.40814],[-64.25997,-42.40928],[-64.25662,-42.41175],[-64.25165,-42.4123],[-64.24685,-42.41077],[-64.24164,-42.41099],[-64.20865,-42.41854],[-64.19133,-42.41272],[-64.14295,-42.42076],[-64.13819,-42.42219],[-64.13605,-42.42536],[-64.12931,-42.42463],[-64.12507,-42.42322],[-64.12134,-42.42079],[-64.11705,-42.41844],[-64.11482,-42.41383],[-64.11638,-42.41006],[-64.10718,-42.40834],[-64.10264,-42.40391],[-64.09867,-42.4015],[-64.09388,-42.39706],[-64.08921,-42.39544],[-64.08518,-42.39104],[-64.08019,-42.38693],[-64.07557,-42.38489],[-64.07147,-42.38281],[-64.06702,-42.38202],[-64.06243,-42.38046],[-64.05833,-42.37823],[-64.05457,-42.37306],[-64.05272,-42.36974],[-64.05259,-42.366],[-64.04723,-42.3558],[-64.04617,-42.35181],[-64.04337,-42.34476],[-64.04421,-42.34119],[-64.04914,-42.33676],[-64.05407,-42.33613],[-64.05911,-42.33236],[-64.06117,-42.32899],[-64.06482,-42.32463],[-64.04691,-42.31692],[-64.04414,-42.3137],[-64.04378,-42.30992],[-64.04489,-42.30624],[-64.04639,-42.30279],[-64.04758,-42.29916],[-64.05165,-42.29431],[-64.05201,-42.29043],[-64.053,-42.28677],[-64.05534,-42.28334],[-64.05768,-42.28018],[-64.05831,-42.27651],[-64.05846,-42.27275],[-64.06923,-42.26288],[-64.07231,-42.25984],[-64.07645,-42.25775],[-64.08151,-42.25683],[-64.08677,-42.25042],[-64.09074,-42.24829],[-64.10095,-42.24855],[-64.10577,-42.2475],[-64.12047,-42.24069],[-64.13031,-42.23842],[-64.13519,-42.2382],[-64.13749,-42.24111],[-64.14265,-42.24072],[-64.14803,-42.2371],[-64.15304,-42.23632],[-64.15792,-42.23726],[-64.16119,-42.24019],[-64.16608,-42.24086],[-64.17044,-42.24304],[-64.18443,-42.24525],[-64.20628,-42.23823],[-64.21044,-42.2399],[-64.21524,-42.23996],[-64.22018,-42.23934],[-64.22508,-42.24346],[-64.23017,-42.24409],[-64.23266,-42.24001],[-64.2345,-42.23645],[-64.23839,-42.23406],[-64.24304,-42.23246],[-64.24765,-42.23332],[-64.24987,-42.23592],[-64.26027,-42.23568],[-64.26555,-42.23587],[-64.27019,-42.23704],[-64.27101,-42.24275],[-64.2763,-42.24274],[-64.2814,-42.24198],[-64.28616,-42.24084],[-64.29135,-42.23996],[-64.32034,-42.24639]]]},"properties":{"fid":23,"SITE_ID":3371,"SITE_PID":"3371","SITE_TYPE":"PA","NAME_ENG":"Golfo San José","NAME":"Golfo San José","DESIG":"Reserva Natural Turística","DESIG_ENG":"Tourist Nature Reserve","DESIG_TYPE":"National","IUCN_CAT":"II","INT_CRIT":"Not Applicable","REALM":"Marine","REP_M_AREA":0,"GIS_M_AREA":801.785026811098,"REP_AREA":1360,"GIS_AREA":818.770869823466,"NO_TAKE":"Not Reported","NO_TK_AREA":0,"STATUS":"Designated","STATUS_YR":1974,"GOV_TYPE":"Sub-national ministry or agency","GOVSUBTYPE":"Not Applicable","OWN_TYPE":"Not Reported","OWNSUBTYPE":"Not Applicable","MANG_AUTH":"Not Reported","MANG_PLAN":"Not Reported","VERIF":"State Verified","METADATAID":1852,"PRNT_ISO3":"ARG","ISO3":"ARG","SUPP_INFO":"Not Applicable","CONS_OBJ":"Not Applicable","INLND_WTRS":"Not Applicable","OECM_ASMT":"Not Applicable","layer":"WDPA_W~1"}},{"type":"Feature","geometry":{"type":"MultiPolygon","coordinates":[[[[-71.37168,-40.01747],[-71.37933,-40.01582],[-71.38613,-40.01636],[-71.40763,-40.02281],[-71.45432,-40.01862],[-71.51469,-40.03183],[-71.57407,-40.02694],[-71.58807,-40.03439],[-71.62749,-40.01441],[-71.67125,-40.00939],[-71.67414,-40.02326],[-71.67664,-40.02692],[-71.68662,-40.0292],[-71.68942,-40.03592],[-71.66627,-40.07339],[-71.67389,-40.08046],[-71.6739,-40.08163],[-71.67382,-40.08238],[-71.67378,-40.08279],[-71.67342,-40.08318],[-71.67033,-40.08523],[-71.66859,-40.08727],[-71.66661,-40.08807],[-71.66666,-40.08841],[-71.66669,-40.08896],[-71.66718,-40.09017],[-71.66796,-40.09377],[-71.67007,-40.09897],[-71.67324,-40.10028],[-71.6731,-40.10072],[-71.67283,-40.10088],[-71.6725,-40.10108],[-71.67226,-40.10128],[-71.67233,-40.10163],[-71.6724,-40.10181],[-71.67252,-40.10214],[-71.67257,-40.10237],[-71.67735,-40.10632],[-71.68283,-40.10861],[-71.69022,-40.10982],[-71.69087,-40.11061],[-71.69096,-40.11109],[-71.691,-40.11131],[-71.69081,-40.11172],[-71.68904,-40.11213],[-71.68855,-40.11245],[-71.68844,-40.11323],[-71.68849,-40.11327],[-71.6889,-40.11356],[-71.69047,-40.1152],[-71.69605,-40.11676],[-71.71322,-40.10906],[-71.72028,-40.1097],[-71.73139,-40.10249],[-71.77166,-40.08976],[-71.78711,-40.08946],[-71.79951,-40.08591],[-71.80977,-40.08117],[-71.81238,-40.0808],[-71.8135,-40.08079],[-71.81413,-40.08155],[-71.81547,-40.08184],[-71.81655,-40.08324],[-71.81714,-40.08335],[-71.81744,-40.08333],[-71.81784,-40.08373],[-71.8178,-40.08435],[-71.81666,-40.08528],[-71.81666,-40.08539],[-71.8167,-40.08559],[-71.81672,-40.08565],[-71.81678,-40.08584],[-71.81698,-40.08608],[-71.82003,-40.08815],[-71.82593,-40.08937],[-71.82738,-40.09115],[-71.82747,-40.09349],[-71.82735,-40.10021],[-71.8265,-40.11079],[-71.8112,-40.1046],[-71.80151,-40.11703],[-71.80258,-40.1185],[-71.81187,-40.14781],[-71.81041,-40.14924],[-71.82608,-40.1702],[-71.82844,-40.17404],[-71.80814,-40.18354],[-71.79984,-40.18593],[-71.81626,-40.20584],[-71.82835,-40.20617],[-71.82869,-40.21002],[-71.82617,-40.22641],[-71.80687,-40.23392],[-71.80378,-40.23719],[-71.79708,-40.24732],[-71.79877,-40.25159],[-71.79848,-40.25335],[-71.78872,-40.25874],[-71.78639,-40.26695],[-71.77588,-40.2711],[-71.7693,-40.27474],[-71.76303,-40.27637],[-71.76099,-40.27919],[-71.75606,-40.29189],[-71.75676,-40.29398],[-71.76027,-40.2997],[-71.75464,-40.30364],[-71.72188,-40.28943],[-71.72082,-40.28894],[-71.72226,-40.22317],[-71.70994,-40.20758],[-71.71984,-40.19654],[-71.70134,-40.1429],[-71.6703,-40.15561],[-71.65737,-40.18312],[-71.63024,-40.18084],[-71.63469,-40.22862],[-71.38102,-40.50758],[-71.35969,-40.49261],[-71.19997,-40.62515],[-71.15597,-40.6612],[-71.15048,-40.6657],[-71.15048,-40.6657],[-71.14952,-40.66415],[-71.14932,-40.66322],[-71.14995,-40.6613],[-71.15,-40.65748],[-71.15422,-40.65447],[-71.15421,-40.65308],[-71.15459,-40.65221],[-71.15436,-40.65174],[-71.15367,-40.65134],[-71.15295,-40.65064],[-71.15112,-40.64966],[-71.15108,-40.6474],[-71.14984,-40.64639],[-71.1496,-40.64581],[-71.15324,-40.64109],[-71.15427,-40.63839],[-71.15498,-40.63773],[-71.15489,-40.63732],[-71.15351,-40.63585],[-71.15307,-40.63488],[-71.15208,-40.63385],[-71.15126,-40.6335],[-71.15091,-40.63312],[-71.151,-40.63249],[-71.15075,-40.63204],[-71.15044,-40.63158],[-71.14991,-40.63073],[-71.15001,-40.63027],[-71.15143,-40.62851],[-71.15128,-40.62322],[-71.14612,-40.61906],[-71.14569,-40.59183],[-71.14812,-40.58433],[-71.14928,-40.5818],[-71.15499,-40.57301],[-71.15503,-40.57294],[-71.15729,-40.56354],[-71.17748,-40.53315],[-71.18118,-40.51379],[-71.17449,-40.50162],[-71.20426,-40.49799],[-71.23826,-40.47959],[-71.23258,-40.45441],[-71.23006,-40.45122],[-71.23598,-40.42692],[-71.24487,-40.40475],[-71.26201,-40.37895],[-71.26152,-40.37845],[-71.25911,-40.37463],[-71.26523,-40.36724],[-71.27998,-40.36097],[-71.29201,-40.35511],[-71.29811,-40.35381],[-71.30202,-40.34911],[-71.30318,-40.34875],[-71.32023,-40.33363],[-71.32504,-40.33565],[-71.32868,-40.33818],[-71.33418,-40.33903],[-71.33841,-40.34009],[-71.34933,-40.32742],[-71.37786,-40.31953],[-71.37833,-40.31641],[-71.38235,-40.31194],[-71.38361,-40.30637],[-71.385,-40.30327],[-71.38695,-40.30162],[-71.38719,-40.30127],[-71.38724,-40.30107],[-71.38774,-40.30002],[-71.38782,-40.29969],[-71.3876,-40.29926],[-71.38709,-40.29888],[-71.38661,-40.29868],[-71.38604,-40.29844],[-71.38555,-40.29807],[-71.38518,-40.29765],[-71.38504,-40.29742],[-71.38469,-40.29676],[-71.38451,-40.29643],[-71.38416,-40.29574],[-71.38403,-40.29538],[-71.38368,-40.29311],[-71.38388,-40.29233],[-71.38463,-40.29039],[-71.38871,-40.28777],[-71.38855,-40.2862],[-71.38889,-40.28513],[-71.38899,-40.28401],[-71.38875,-40.27917],[-71.38817,-40.27113],[-71.32814,-40.2253],[-71.326,-40.16733],[-71.32659,-40.16744],[-71.33016,-40.17001],[-71.33181,-40.17061],[-71.33275,-40.17168],[-71.33756,-40.17207],[-71.33861,-40.16515],[-71.34535,-40.1624],[-71.35294,-40.16926],[-71.35347,-40.16927],[-71.35619,-40.14495],[-71.35179,-40.1444],[-71.3492,-40.14675],[-71.3317,-40.14676],[-71.33102,-40.12308],[-71.31115,-40.11325],[-71.31731,-40.1091],[-71.36826,-40.10838],[-71.36812,-40.03735],[-71.37168,-40.01747]]],[[[-71.33715,-39.61096],[-71.33747,-39.58613],[-71.2326,-39.58721],[-71.32671,-39.55268],[-71.32618,-39.50486],[-71.40612,-39.50278],[-71.39691,-39.58977],[-71.46702,-39.63812],[-71.40192,-39.67655],[-71.34829,-39.68503],[-71.35089,-39.74925],[-71.26156,-39.76001],[-71.25499,-39.76284],[-71.24333,-39.77643],[-71.22302,-39.78687],[-71.21898,-39.79006],[-71.21763,-39.79246],[-71.21703,-39.7928],[-71.21658,-39.79337],[-71.21553,-39.7944],[-71.21478,-39.79508],[-71.21397,-39.79591],[-71.21356,-39.79628],[-71.21263,-39.79672],[-71.21564,-39.74605],[-71.27157,-39.70287],[-71.31841,-39.69193],[-71.33715,-39.61096]]],[[[-71.13407,-39.21308],[-71.14937,-39.21861],[-71.15332,-39.22015],[-71.15378,-39.21971],[-71.15697,-39.21832],[-71.16881,-39.22476],[-71.17098,-39.22354],[-71.2123,-39.24412],[-71.22063,-39.3689],[-71.29268,-39.42943],[-71.29273,-39.4911],[-71.18212,-39.49226],[-71.18019,-39.37254],[-71.17181,-39.37776],[-71.17049,-39.37849],[-71.16657,-39.37873],[-71.16514,-39.3755],[-71.16463,-39.37518],[-71.16034,-39.37603],[-71.15797,-39.37487],[-71.1546,-39.37014],[-71.15248,-39.36955],[-71.15102,-39.37109],[-71.1481,-39.36879],[-71.14711,-39.36532],[-71.14349,-39.36791],[-71.13948,-39.37384],[-71.13417,-39.37731],[-71.13348,-39.37701],[-71.13407,-39.21308]]]]},"properties":{"fid":24,"SITE_ID":4330,"SITE_PID":"4330","SITE_TYPE":"PA","NAME_ENG":"Lanín","NAME":"Lanín","DESIG":"Reserva Nacional","DESIG_ENG":"National Reserve","DESIG_TYPE":"National","IUCN_CAT":"VI","INT_CRIT":"Not Applicable","REALM":"Terrestrial","REP_M_AREA":0,"GIS_M_AREA":0,"REP_AREA":1950.1,"GIS_AREA":1933.1242976980202,"NO_TAKE":"Not Applicable","NO_TK_AREA":0,"STATUS":"Designated","STATUS_YR":1937,"GOV_TYPE":"Federal or national ministry or agency","GOVSUBTYPE":"Not Applicable","OWN_TYPE":"Not Reported","OWNSUBTYPE":"Not Applicable","MANG_AUTH":"Administración de Parques Nacionales","MANG_PLAN":"https://sib.gob.ar/archivos/PlanGestionPNLanin.pdf","VERIF":"State Verified","METADATAID":1935,"PRNT_ISO3":"ARG","ISO3":"ARG","SUPP_INFO":"Not Applicable","CONS_OBJ":"Not Applicable","INLND_WTRS":"Not Reported","OECM_ASMT":"Not Applicable","layer":"WDPA_W~1"}},{"type":"Feature","geometry":{"type":"Polygon","coordinates":[[[-54.44211,-25.68032],[-54.49868,-25.61512],[-54.50308,-25.615],[-54.51102,-25.61908],[-54.51485,-25.62374],[-54.52364,-25.62906],[-54.52768,-25.62832],[-54.53741,-25.61852],[-54.54465,-25.62354],[-54.54735,-25.62554],[-54.54735,-25.6256],[-54.55715,-25.63282],[-54.55137,-25.63421],[-54.55042,-25.63461],[-54.55021,-25.63469],[-54.54961,-25.63491],[-54.54961,-25.63532],[-54.54961,-25.63612],[-54.54947,-25.63629],[-54.54903,-25.63622],[-54.54832,-25.63616],[-54.54807,-25.63639],[-54.54796,-25.63675],[-54.54933,-25.63772],[-54.54948,-25.63827],[-54.54955,-25.63855],[-54.54606,-25.64017],[-54.54302,-25.64416],[-54.5422,-25.64433],[-54.54158,-25.64486],[-54.54198,-25.6458],[-54.54225,-25.64645],[-54.54251,-25.64709],[-54.54126,-25.64759],[-54.54097,-25.6489],[-54.54046,-25.64973],[-54.54011,-25.6502],[-54.53987,-25.65052],[-54.53955,-25.6514],[-54.53914,-25.65254],[-54.53861,-25.65585],[-54.5366,-25.65885],[-54.53532,-25.66051],[-54.53452,-25.66155],[-54.5232,-25.667],[-54.51461,-25.67891],[-54.50672,-25.6804],[-54.50485,-25.68631],[-54.50115,-25.68956],[-54.49043,-25.70878],[-54.48997,-25.71197],[-54.48903,-25.71442],[-54.48815,-25.71756],[-54.48764,-25.71875],[-54.48728,-25.71959],[-54.48606,-25.72343],[-54.46491,-25.73106],[-54.45874,-25.73531],[-54.44951,-25.74961],[-54.4463,-25.74867],[-54.44838,-25.74245],[-54.44769,-25.7406],[-54.44715,-25.73916],[-54.44702,-25.73791],[-54.44702,-25.73788],[-54.44709,-25.73783],[-54.44709,-25.73782],[-54.44709,-25.73777],[-54.44681,-25.735],[-54.44418,-25.72815],[-54.44121,-25.7145],[-54.46212,-25.71344],[-54.47777,-25.69066],[-54.44211,-25.68032]]]},"properties":{"fid":25,"SITE_ID":4332,"SITE_PID":"4332","SITE_TYPE":"PA","NAME_ENG":"Iguazú","NAME":"Iguazú","DESIG":"Reserva Nacional","DESIG_ENG":"National Reserve","DESIG_TYPE":"National","IUCN_CAT":"VI","INT_CRIT":"Not Applicable","REALM":"Terrestrial","REP_M_AREA":0,"GIS_M_AREA":0,"REP_AREA":76.75,"GIS_AREA":72.130544792003,"NO_TAKE":"Not Applicable","NO_TK_AREA":0,"STATUS":"Designated","STATUS_YR":1934,"GOV_TYPE":"Federal or national ministry or agency","GOVSUBTYPE":"Not Applicable","OWN_TYPE":"Not Reported","OWNSUBTYPE":"Not Applicable","MANG_AUTH":"Administración de Parques Nacionales","MANG_PLAN":"https://sib.gob.ar/archivos/ANEXO_I_PGIguazu.pdf","VERIF":"State Verified","METADATAID":1935,"PRNT_ISO3":"ARG","ISO3":"ARG","SUPP_INFO":"Not Applicable","CONS_OBJ":"Not Applicable","INLND_WTRS":"Not Reported","OECM_ASMT":"Not Applicable","layer":"WDPA_W~1"}},{"type":"Feature","geometry":{"type":"Polygon","coordinates":[[[-66.84747,-25.89361],[-66.84853,-25.78986],[-66.87215,-25.76446],[-66.84209,-25.71224],[-66.95527,-25.56665],[-67.08241,-25.889],[-67.08997,-25.92112],[-67.13323,-26.16643],[-67.06565,-26.43522],[-67.06452,-26.43871],[-67.06346,-26.44361],[-67.07555,-26.46386],[-67.10754,-26.51522],[-67.10049,-26.54277],[-67.11876,-26.55944],[-67.11189,-26.58511],[-67.13186,-26.60649],[-67.15476,-26.61083],[-67.15869,-26.63955],[-67.20816,-26.66033],[-67.27098,-26.6833],[-67.29512,-26.71196],[-67.20127,-26.796],[-67.20644,-26.86061],[-67.24004,-26.90195],[-67.24004,-26.95105],[-66.61186,-26.86577],[-66.61689,-26.84396],[-66.60211,-26.83125],[-66.67077,-26.74449],[-66.64799,-26.71643],[-66.61663,-26.72524],[-66.61038,-26.67928],[-66.58434,-26.68295],[-66.5946,-26.66949],[-66.57685,-26.56951],[-66.55348,-26.55484],[-66.55125,-26.53368],[-66.51152,-26.52594],[-66.47772,-26.54836],[-66.46271,-26.53281],[-66.45956,-26.51674],[-66.48297,-26.49489],[-66.45799,-26.44821],[-66.44959,-26.3731],[-66.54009,-26.35226],[-66.56034,-26.29631],[-66.55045,-26.28038],[-66.50858,-26.27182],[-66.56636,-26.25137],[-66.57843,-26.1704],[-66.59775,-26.14789],[-66.62062,-26.14372],[-66.64104,-26.11338],[-66.64694,-26.10994],[-66.65282,-26.10878],[-66.65854,-26.10727],[-66.66024,-26.10696],[-66.65442,-26.09272],[-66.65748,-26.08674],[-66.65856,-26.08175],[-66.66069,-26.07687],[-66.66327,-26.07493],[-66.6683,-26.07514],[-66.67486,-26.07919],[-66.67942,-26.08001],[-66.68423,-26.07897],[-66.68828,-26.07739],[-66.69874,-26.08199],[-66.71738,-26.07609],[-66.72064,-26.07553],[-66.72326,-26.07543],[-66.72437,-26.0756],[-66.72765,-26.07382],[-66.73006,-26.07092],[-66.73007,-26.06709],[-66.73098,-26.06466],[-66.73722,-26.06403],[-66.74345,-26.0642],[-66.7473,-26.06229],[-66.75427,-26.05838],[-66.75666,-26.05573],[-66.75966,-26.0491],[-66.77787,-26.04847],[-66.78034,-26.03269],[-66.79203,-26.02435],[-66.80349,-26.01771],[-66.80723,-26.01575],[-66.8108,-26.01365],[-66.81858,-26.00102],[-66.82869,-25.99322],[-66.83245,-25.98763],[-66.83544,-25.98592],[-66.83886,-25.98083],[-66.84132,-25.97521],[-66.84494,-25.96965],[-66.85288,-25.91636],[-66.85203,-25.91324],[-66.84885,-25.90879],[-66.84747,-25.89361]]]},"properties":{"fid":26,"SITE_ID":5082,"SITE_PID":"5082","SITE_TYPE":"PA","NAME_ENG":"Laguna Blanca","NAME":"Laguna Blanca","DESIG":"Reserva de la Biósfera","DESIG_ENG":"UNESCO-MAB Biosphere Reserve","DESIG_TYPE":"International","IUCN_CAT":"Not Applicable","INT_CRIT":"Not Applicable","REALM":"Terrestrial","REP_M_AREA":0,"GIS_M_AREA":0,"REP_AREA":6405,"GIS_AREA":6423.68450887953,"NO_TAKE":"Not Applicable","NO_TK_AREA":0,"STATUS":"Designated","STATUS_YR":1982,"GOV_TYPE":"Not Reported","GOVSUBTYPE":"Not Applicable","OWN_TYPE":"Not Reported","OWNSUBTYPE":"Not Applicable","MANG_AUTH":"Not Reported","MANG_PLAN":"Not Reported","VERIF":"State Verified","METADATAID":1852,"PRNT_ISO3":"ARG","ISO3":"ARG","SUPP_INFO":"Not Applicable","CONS_OBJ":"Not Applicable","INLND_WTRS":"Not Reported","OECM_ASMT":"Not Applicable","layer":"WDPA_W~1"}},{"type":"Feature","geometry":{"type":"Polygon","coordinates":[[[-57.25767,-35.60652],[-57.25288,-35.60129],[-57.24915,-35.595],[-57.24173,-35.58668],[-57.23703,-35.58208],[-57.23698,-35.57926],[-57.23451,-35.57747],[-57.22907,-35.57239],[-57.22455,-35.56697],[-57.21884,-35.56182],[-57.21487,-35.55592],[-57.19734,-35.5402],[-57.18185,-35.523],[-57.17351,-35.5142],[-57.1671,-35.50923],[-57.16162,-35.50224],[-57.15513,-35.4965],[-57.15189,-35.49285],[-57.14914,-35.48765],[-57.14538,-35.4821],[-57.14429,-35.47983],[-57.14131,-35.47655],[-57.14056,-35.47492],[-57.14022,-35.46986],[-57.13783,-35.46476],[-57.1324,-35.45349],[-57.12731,-35.44426],[-57.12937,-35.43923],[-57.12959,-35.43472],[-57.12902,-35.43194],[-57.12845,-35.42915],[-57.12982,-35.42285],[-57.13914,-35.40825],[-57.14675,-35.39268],[-57.14668,-35.38977],[-57.14828,-35.3874],[-57.15106,-35.38372],[-57.1597,-35.37297],[-57.15984,-35.37047],[-57.16684,-35.36417],[-57.17119,-35.35753],[-57.17343,-35.35485],[-57.17437,-35.35193],[-57.17834,-35.34832],[-57.18653,-35.33517],[-57.18688,-35.33235],[-57.18889,-35.32806],[-57.19686,-35.31264],[-57.22452,-35.2726],[-57.22956,-35.26839],[-57.23394,-35.26253],[-57.23862,-35.25884],[-57.24133,-35.25632],[-57.2426,-35.25449],[-57.24471,-35.25318],[-57.24509,-35.25173],[-57.24714,-35.25093],[-57.24875,-35.24833],[-57.27811,-35.22391],[-57.33991,-35.15816],[-57.34387,-35.15576],[-57.35122,-35.14818],[-57.36036,-35.14082],[-57.36188,-35.13931],[-57.37072,-35.1333],[-57.3926,-35.11408],[-57.40933,-35.10247],[-57.43603,-35.08017],[-57.46866,-35.1122],[-57.43729,-35.16583],[-57.40911,-35.13853],[-57.30875,-35.24418],[-57.2973,-35.23802],[-57.29782,-35.27367],[-57.26737,-35.2794],[-57.16787,-35.4147],[-57.17094,-35.44495],[-57.20662,-35.47573],[-57.19855,-35.48857],[-57.28146,-35.54264],[-57.29083,-35.56411],[-57.27621,-35.58362],[-57.25767,-35.60652]]]},"properties":{"fid":27,"SITE_ID":10722,"SITE_PID":"10722","SITE_TYPE":"PA","NAME_ENG":"Parque Costero del Sur","NAME":"Parque Costero del Sur","DESIG":"Reserva de la Biósfera","DESIG_ENG":"UNESCO-MAB Biosphere Reserve","DESIG_TYPE":"International","IUCN_CAT":"Not Applicable","INT_CRIT":"Not Applicable","REALM":"Terrestrial","REP_M_AREA":0,"GIS_M_AREA":2.31449856450685,"REP_AREA":250,"GIS_AREA":267.701871489334,"NO_TAKE":"Not Applicable","NO_TK_AREA":0,"STATUS":"Designated","STATUS_YR":1984,"GOV_TYPE":"Not Reported","GOVSUBTYPE":"Not Applicable","OWN_TYPE":"Not Reported","OWNSUBTYPE":"Not Applicable","MANG_AUTH":"Not Reported","MANG_PLAN":"Not Reported","VERIF":"State Verified","METADATAID":1852,"PRNT_ISO3":"ARG","ISO3":"ARG","SUPP_INFO":"Not Applicable","CONS_OBJ":"Not Applicable","INLND_WTRS":"Not Reported","OECM_ASMT":"Not Applicable","layer":"WDPA_W~1"}},{"type":"Feature","geometry":{"type":"Polygon","coordinates":[[[-67.16578,-32.41186],[-67.29407,-32.41682],[-67.29568,-32.47512],[-67.2481,-32.58676],[-67.25036,-32.62198],[-67.1799,-32.72023],[-67.03137,-32.72113],[-67.01346,-32.60048],[-67.02016,-32.59502],[-67.01907,-32.56019],[-67.01802,-32.53216],[-66.97768,-32.51457],[-66.97718,-32.54435],[-66.96832,-32.5003],[-66.96326,-32.50105],[-66.95639,-32.46881],[-66.9694,-32.46041],[-66.97828,-32.47895],[-66.9787,-32.45378],[-67.03394,-32.45473],[-67.03443,-32.41367],[-67.08295,-32.41457],[-67.08253,-32.45278],[-67.16217,-32.45278],[-67.16578,-32.41186]]]},"properties":{"fid":28,"SITE_ID":10862,"SITE_PID":"10862","SITE_TYPE":"PA","NAME_ENG":"Sierra de las Quijadas","NAME":"Sierra de las Quijadas","DESIG":"Parque Nacional","DESIG_ENG":"National Park","DESIG_TYPE":"National","IUCN_CAT":"II","INT_CRIT":"Not Applicable","REALM":"Terrestrial","REP_M_AREA":0,"GIS_M_AREA":0,"REP_AREA":737.85,"GIS_AREA":737.609560277466,"NO_TAKE":"Not Applicable","NO_TK_AREA":0,"STATUS":"Designated","STATUS_YR":1991,"GOV_TYPE":"Federal or national ministry or agency","GOVSUBTYPE":"Not Applicable","OWN_TYPE":"Not Reported","OWNSUBTYPE":"Not Applicable","MANG_AUTH":"Administración de Parques Nacionales","MANG_PLAN":"https://sib.gob.ar/archivos/PG_PNSQ_2017_VERSION_FINAL.pdf","VERIF":"State Verified","METADATAID":1935,"PRNT_ISO3":"ARG","ISO3":"ARG","SUPP_INFO":"Not Applicable","CONS_OBJ":"Not Applicable","INLND_WTRS":"Not Reported","OECM_ASMT":"Not Applicable","layer":"WDPA_W~1"}},{"type":"Feature","geometry":{"type":"Polygon","coordinates":[[[-64.73779,-31.76686],[-64.69018,-31.71817],[-64.68979,-31.71309],[-64.69146,-31.70963],[-64.69186,-31.70675],[-64.69318,-31.70339],[-64.69255,-31.69851],[-64.69621,-31.67787],[-64.69031,-31.67562],[-64.68283,-31.67902],[-64.68095,-31.67224],[-64.67949,-31.66865],[-64.68133,-31.6243],[-64.75756,-31.62788],[-64.77495,-31.5689],[-64.82234,-31.59735],[-64.82149,-31.63455],[-64.80001,-31.63365],[-64.79971,-31.66626],[-64.86189,-31.66633],[-64.85447,-31.7684],[-64.73779,-31.76686]]]},"properties":{"fid":29,"SITE_ID":10868,"SITE_PID":"10868","SITE_TYPE":"PA","NAME_ENG":"Quebrada del Condorito","NAME":"Quebrada del Condorito","DESIG":"Parque Nacional","DESIG_ENG":"National Park","DESIG_TYPE":"National","IUCN_CAT":"II","INT_CRIT":"Not Applicable","REALM":"Terrestrial","REP_M_AREA":0,"GIS_M_AREA":0,"REP_AREA":245.89,"GIS_AREA":245.790108860865,"NO_TAKE":"Not Applicable","NO_TK_AREA":0,"STATUS":"Designated","STATUS_YR":1996,"GOV_TYPE":"Federal or national ministry or agency","GOVSUBTYPE":"Not Applicable","OWN_TYPE":"Not Reported","OWNSUBTYPE":"Not Applicable","MANG_AUTH":"Administración de Parques Nacionales","MANG_PLAN":"https://sib.gob.ar/archivos/PG_PNQC_2017-2023__1_.pdf","VERIF":"State Verified","METADATAID":1935,"PRNT_ISO3":"ARG","ISO3":"ARG","SUPP_INFO":"Not Applicable","CONS_OBJ":"Not Applicable","INLND_WTRS":"Not Reported","OECM_ASMT":"Not Applicable","layer":"WDPA_W~1"}},{"type":"Feature","geometry":{"type":"MultiPolygon","coordinates":[[[[-64.31797,-54.73614],[-64.33848,-54.70288],[-64.37631,-54.7528],[-64.37041,-54.81138],[-64.3914,-54.74914],[-64.42152,-54.75489],[-64.41243,-54.78273],[-64.43223,-54.76103],[-64.48991,-54.76375],[-64.54378,-54.7252],[-64.5415,-54.76855],[-64.51142,-54.79806],[-64.55687,-54.79592],[-64.5865,-54.82081],[-64.64789,-54.77681],[-64.69541,-54.78281],[-64.67428,-54.79994],[-64.69735,-54.80605],[-64.70883,-54.78961],[-64.73784,-54.80451],[-64.74863,-54.85648],[-64.67598,-54.84335],[-64.67634,-54.87155],[-64.64363,-54.88843],[-64.70424,-54.91546],[-64.60615,-54.91085],[-64.56627,-54.88277],[-64.53905,-54.88842],[-64.46614,-54.82343],[-64.44501,-54.83999],[-64.50131,-54.86231],[-64.4817,-54.87502],[-64.44863,-54.86464],[-64.44863,-54.8754],[-64.40622,-54.85522],[-64.39442,-54.82733],[-64.3246,-54.82498],[-64.3049,-54.78769],[-64.26365,-54.80454],[-64.23394,-54.78234],[-64.22257,-54.85787],[-64.20058,-54.8284],[-64.17964,-54.83893],[-64.17232,-54.82328],[-64.14817,-54.83006],[-64.12063,-54.81436],[-64.10986,-54.83328],[-64.0612,-54.77974],[-64.03449,-54.80799],[-63.9549,-54.76683],[-63.95341,-54.81335],[-63.8828,-54.77968],[-63.88601,-54.79324],[-63.84568,-54.7892],[-63.79589,-54.72715],[-63.82593,-54.72061],[-63.87875,-54.75523],[-63.85484,-54.73173],[-63.8784,-54.73066],[-63.87631,-54.7168],[-63.95805,-54.74125],[-63.98987,-54.73566],[-64.04258,-54.77813],[-64.04728,-54.73036],[-64.07292,-54.7284],[-64.10843,-54.76433],[-64.12645,-54.75755],[-64.10944,-54.73798],[-64.1495,-54.73034],[-64.16492,-54.74019],[-64.13851,-54.77041],[-64.21632,-54.73386],[-64.24235,-54.74523],[-64.27866,-54.72896],[-64.31797,-54.73614]]],[[[-64.131,-54.6462],[-64.16241,-54.65066],[-64.13968,-54.6688],[-64.10911,-54.6512],[-64.131,-54.6462]]]]},"properties":{"fid":30,"SITE_ID":10877,"SITE_PID":"10877","SITE_TYPE":"PA","NAME_ENG":"Isla de los Estados y Archipiélago de Año Nuevo","NAME":"Isla de los Estados y Archipiélago de Año Nuevo","DESIG":"Reserva Natural Silvestre","DESIG_ENG":"Wilderness Nature Reserve","DESIG_TYPE":"National","IUCN_CAT":"Ib","INT_CRIT":"Not Applicable","REALM":"Terrestrial","REP_M_AREA":0,"GIS_M_AREA":18.991706793906,"REP_AREA":527.36,"GIS_AREA":502.057319883278,"NO_TAKE":"Not Applicable","NO_TK_AREA":0,"STATUS":"Designated","STATUS_YR":2016,"GOV_TYPE":"Federal or national ministry or agency","GOVSUBTYPE":"Not Applicable","OWN_TYPE":"Not Reported","OWNSUBTYPE":"Not Applicable","MANG_AUTH":"Ministerio de Defensa, Administración de Parques Nacionales y Pcia. de Tierra del Fuego","MANG_PLAN":"Not Reported","VERIF":"State Verified","METADATAID":1935,"PRNT_ISO3":"ARG","ISO3":"ARG","SUPP_INFO":"Not Applicable","CONS_OBJ":"Not Applicable","INLND_WTRS":"Not Reported","OECM_ASMT":"Not Applicable","layer":"WDPA_W~1"}},{"type":"Feature","geometry":{"type":"Polygon","coordinates":[[[-67.65867,-29.63468],[-67.66965,-29.6039],[-67.6938,-29.60869],[-67.70002,-29.61206],[-67.70226,-29.61707],[-67.73874,-29.62172],[-67.79187,-29.60929],[-67.81311,-29.58443],[-67.81963,-29.57963],[-67.85594,-29.58429],[-67.88153,-29.56709],[-67.88421,-29.57438],[-67.89136,-29.60069],[-67.88988,-29.60419],[-67.89253,-29.60496],[-67.88905,-29.60864],[-67.89363,-29.60936],[-67.89966,-29.65031],[-67.87589,-29.74105],[-68.10446,-29.70744],[-68.21244,-29.66752],[-68.25368,-29.67523],[-68.26745,-29.66985],[-68.27589,-29.66606],[-68.26764,-29.75921],[-68.2527,-29.78224],[-68.19297,-29.78526],[-68.18312,-29.81641],[-68.18413,-29.848],[-68.16037,-29.88592],[-68.1421,-29.88768],[-68.1222,-29.88305],[-68.10766,-29.88434],[-68.0907,-29.88995],[-68.07037,-29.89275],[-68.0454,-29.90757],[-68.01417,-29.94352],[-67.9994,-29.97335],[-67.99186,-29.97907],[-67.98948,-29.98874],[-67.97965,-29.99459],[-67.96782,-30.00946],[-67.9597,-30.00995],[-67.94199,-30.02564],[-67.92995,-30.03009],[-67.91605,-30.04795],[-67.90616,-30.05098],[-67.91224,-30.05642],[-67.90665,-30.06623],[-67.88845,-30.0804],[-67.88277,-30.07829],[-67.88839,-30.07159],[-67.88446,-30.06991],[-67.87105,-30.08],[-67.86995,-30.08674],[-67.84267,-30.10194],[-67.83384,-30.10881],[-67.82911,-30.11606],[-67.82074,-30.11403],[-67.81563,-30.11925],[-67.81629,-30.12756],[-67.68674,-30.21497],[-67.67107,-30.20386],[-67.65867,-29.63468]]]},"properties":{"fid":31,"SITE_ID":10879,"SITE_PID":"10879","SITE_TYPE":"PA","NAME_ENG":"Talampaya","NAME":"Talampaya","DESIG":"Parque Nacional","DESIG_ENG":"National Park","DESIG_TYPE":"National","IUCN_CAT":"II","INT_CRIT":"Not Applicable","REALM":"Terrestrial","REP_M_AREA":0,"GIS_M_AREA":0,"REP_AREA":2150,"GIS_AREA":2131.10251922212,"NO_TAKE":"Not Applicable","NO_TK_AREA":0,"STATUS":"Designated","STATUS_YR":1997,"GOV_TYPE":"Federal or national ministry or agency","GOVSUBTYPE":"Not Applicable","OWN_TYPE":"Not Reported","OWNSUBTYPE":"Not Applicable","MANG_AUTH":"Administración de Parques Nacionales","MANG_PLAN":"https://sib.gob.ar/archivos/Plan_de_Gestion_2019.pdf","VERIF":"State Verified","METADATAID":1935,"PRNT_ISO3":"ARG","ISO3":"ARG","SUPP_INFO":"Not Applicable","CONS_OBJ":"Not Applicable","INLND_WTRS":"Not Reported","OECM_ASMT":"Not Applicable","layer":"WDPA_W~1"}},{"type":"Feature","geometry":{"type":"Polygon","coordinates":[[[-54.50255,-25.61418],[-54.51077,-25.61813],[-54.51484,-25.6235],[-54.52437,-25.62876],[-54.53766,-25.61832],[-54.55638,-25.63185],[-54.55671,-25.6326],[-54.54986,-25.63466],[-54.54929,-25.63576],[-54.54825,-25.63639],[-54.54939,-25.63776],[-54.54922,-25.63863],[-54.54582,-25.64023],[-54.54188,-25.64434],[-54.54176,-25.64489],[-54.54213,-25.64654],[-54.54112,-25.64778],[-54.5405,-25.64951],[-54.53969,-25.65151],[-54.53907,-25.65242],[-54.53859,-25.65523],[-54.53484,-25.66091],[-54.52999,-25.66212],[-54.52756,-25.66346],[-54.52519,-25.66597],[-54.52295,-25.66696],[-54.51463,-25.67834],[-54.50893,-25.67937],[-54.50638,-25.68053],[-54.5049,-25.68578],[-54.50124,-25.68929],[-54.49041,-25.70847],[-54.48944,-25.71302],[-54.48603,-25.7229],[-54.46723,-25.72936],[-54.45864,-25.73508],[-54.44942,-25.74891],[-54.44682,-25.74845],[-54.44643,-25.74794],[-54.44818,-25.74242],[-54.44803,-25.74105],[-54.4472,-25.73846],[-54.44698,-25.73766],[-54.44654,-25.73731],[-54.40608,-25.72258],[-54.40287,-25.72716],[-54.40357,-25.72973],[-54.4038,-25.73244],[-54.40357,-25.73356],[-54.40284,-25.73524],[-54.39273,-25.745],[-54.3915,-25.75403],[-54.16438,-25.76121],[-54.16051,-25.72508],[-54.16114,-25.69804],[-54.16122,-25.69177],[-54.1612,-25.68526],[-54.15869,-25.66596],[-54.15941,-25.65193],[-54.15983,-25.64711],[-54.16007,-25.64139],[-54.16247,-25.60066],[-54.16326,-25.58167],[-54.16557,-25.54151],[-54.17329,-25.54088],[-54.18731,-25.53491],[-54.19575,-25.53425],[-54.19665,-25.53454],[-54.20516,-25.53986],[-54.20736,-25.54286],[-54.2074,-25.5511],[-54.20517,-25.55641],[-54.18488,-25.56221],[-54.17372,-25.57206],[-54.17265,-25.57928],[-54.17658,-25.58482],[-54.18294,-25.58584],[-54.19555,-25.58387],[-54.20869,-25.57721],[-54.21554,-25.57076],[-54.21843,-25.56806],[-54.22162,-25.56499],[-54.22995,-25.56235],[-54.2367,-25.56726],[-54.2366,-25.5937],[-54.24565,-25.59708],[-54.24967,-25.59703],[-54.25442,-25.59585],[-54.28025,-25.55692],[-54.28942,-25.55457],[-54.29821,-25.55944],[-54.31833,-25.5646],[-54.32614,-25.56893],[-54.32795,-25.57071],[-54.32919,-25.5727],[-54.33178,-25.57764],[-54.33859,-25.5967],[-54.34574,-25.60622],[-54.35802,-25.60635],[-54.36149,-25.60353],[-54.36395,-25.6006],[-54.36635,-25.59868],[-54.36917,-25.59588],[-54.37124,-25.59466],[-54.37452,-25.59373],[-54.37677,-25.59376],[-54.38513,-25.59637],[-54.3895,-25.60005],[-54.39125,-25.60596],[-54.38966,-25.61753],[-54.38967,-25.62745],[-54.39034,-25.63191],[-54.39094,-25.63295],[-54.39744,-25.64058],[-54.40295,-25.64481],[-54.40724,-25.64734],[-54.41976,-25.65412],[-54.42272,-25.65635],[-54.42575,-25.66055],[-54.42725,-25.66554],[-54.42615,-25.67201],[-54.4245,-25.68087],[-54.42352,-25.68552],[-54.42329,-25.69038],[-54.4283,-25.69573],[-54.43438,-25.69562],[-54.43786,-25.69189],[-54.44042,-25.68676],[-54.44348,-25.67404],[-54.44356,-25.66901],[-54.45982,-25.64641],[-54.49292,-25.61751],[-54.49941,-25.61442],[-54.50255,-25.61418]]]},"properties":{"fid":32,"SITE_ID":10901,"SITE_PID":"10901","SITE_TYPE":"PA","NAME_ENG":"Iguazu National Park","NAME":"Parque Nacional Iguazú","DESIG":"Sitio Patrimonio de la Humanidad (natural o mixto)","DESIG_ENG":"World Heritage Site (natural or mixed)","DESIG_TYPE":"International","IUCN_CAT":"Not Applicable","INT_CRIT":"(vii);(x)","REALM":"Terrestrial","REP_M_AREA":0,"GIS_M_AREA":0,"REP_AREA":550,"GIS_AREA":586.040286242281,"NO_TAKE":"Not Applicable","NO_TK_AREA":0,"STATUS":"Inscribed","STATUS_YR":1984,"GOV_TYPE":"Not Reported","GOVSUBTYPE":"Not Applicable","OWN_TYPE":"Not Reported","OWNSUBTYPE":"Not Applicable","MANG_AUTH":"Not Reported","MANG_PLAN":"Not Reported","VERIF":"State Verified","METADATAID":946,"PRNT_ISO3":"ARG","ISO3":"ARG","SUPP_INFO":"Not Applicable","CONS_OBJ":"Not Applicable","INLND_WTRS":"Not Reported","OECM_ASMT":"Not Applicable","layer":"WDPA_W~1"}},{"type":"Feature","geometry":{"type":"MultiPolygon","coordinates":[[[[-67.97523,-34.10409],[-67.89821,-34.10496],[-67.89362,-33.94304],[-67.97278,-33.94238],[-67.97523,-34.10409]]],[[[-67.83795,-33.72856],[-67.83692,-33.79206],[-67.71072,-33.78918],[-67.70684,-33.67495],[-67.83879,-33.67644],[-67.83795,-33.72856]]]]},"properties":{"fid":33,"SITE_ID":11584,"SITE_PID":"11584","SITE_TYPE":"PA","NAME_ENG":"Ñacuñan","NAME":"Ñacuñan","DESIG":"Reserva de la Biósfera","DESIG_ENG":"UNESCO-MAB Biosphere Reserve","DESIG_TYPE":"International","IUCN_CAT":"Not Applicable","INT_CRIT":"Not Applicable","REALM":"Terrestrial","REP_M_AREA":0,"GIS_M_AREA":0,"REP_AREA":319,"GIS_AREA":281.938791895906,"NO_TAKE":"Not Applicable","NO_TK_AREA":0,"STATUS":"Designated","STATUS_YR":1986,"GOV_TYPE":"Not Reported","GOVSUBTYPE":"Not Applicable","OWN_TYPE":"Not Reported","OWNSUBTYPE":"Not Applicable","MANG_AUTH":"Not Reported","MANG_PLAN":"Not Reported","VERIF":"State Verified","METADATAID":1852,"PRNT_ISO3":"ARG","ISO3":"ARG","SUPP_INFO":"Not Applicable","CONS_OBJ":"Not Applicable","INLND_WTRS":"Not Reported","OECM_ASMT":"Not Applicable","layer":"WDPA_W~1"}},{"type":"Feature","geometry":{"type":"Polygon","coordinates":[[[-67.97523,-34.10409],[-67.89821,-34.10496],[-67.89362,-33.94304],[-67.97278,-33.94238],[-67.97523,-34.10409]]]},"properties":{"fid":34,"SITE_ID":11646,"SITE_PID":"11646","SITE_TYPE":"PA","NAME_ENG":"Ñancuñan","NAME":"Ñancuñan","DESIG":"Reserva Ecológica y Forestal","DESIG_ENG":"Ecological and Forest Reserve","DESIG_TYPE":"National","IUCN_CAT":"VI","INT_CRIT":"Not Applicable","REALM":"Terrestrial","REP_M_AREA":0,"GIS_M_AREA":0,"REP_AREA":123,"GIS_AREA":129.486132698237,"NO_TAKE":"Not Applicable","NO_TK_AREA":0,"STATUS":"Designated","STATUS_YR":1961,"GOV_TYPE":"Sub-national ministry or agency","GOVSUBTYPE":"Not Applicable","OWN_TYPE":"Not Reported","OWNSUBTYPE":"Not Applicable","MANG_AUTH":"Not Reported","MANG_PLAN":"Not Reported","VERIF":"State Verified","METADATAID":1852,"PRNT_ISO3":"ARG","ISO3":"ARG","SUPP_INFO":"Not Applicable","CONS_OBJ":"Not Applicable","INLND_WTRS":"Not Reported","OECM_ASMT":"Not Applicable","layer":"WDPA_W~1"}},{"type":"Feature","geometry":{"type":"Polygon","coordinates":[[[-67.22793,-23.73858],[-67.32139,-24.03375],[-68.24769,-24.40057],[-68.26893,-24.39806],[-68.2648,-24.43299],[-68.29282,-24.44925],[-68.31174,-24.48978],[-68.39129,-24.48676],[-68.43372,-24.60173],[-68.46951,-24.6241],[-68.48928,-24.60002],[-68.48693,-24.6494],[-68.54623,-24.72389],[-68.5504,-24.75869],[-66.41596,-24.76931],[-66.42887,-24.73161],[-66.4083,-24.7033],[-66.41342,-24.66373],[-66.36866,-24.60868],[-66.35699,-24.54346],[-66.3983,-24.48359],[-66.40615,-24.42628],[-66.48856,-24.36861],[-66.51371,-24.29179],[-66.50624,-24.24605],[-66.23668,-24.43775],[-66.15418,-24.01599],[-66.36148,-23.9117],[-66.36432,-23.98208],[-66.34025,-23.98357],[-66.36854,-24.04631],[-66.36295,-24.08829],[-66.37801,-24.1187],[-66.4158,-24.11468],[-66.41967,-24.16072],[-66.4766,-24.18028],[-66.471,-24.20183],[-66.48481,-24.21327],[-66.50491,-24.1969],[-66.54277,-24.20808],[-66.56127,-24.1868],[-66.64424,-24.17411],[-66.67328,-24.14475],[-66.71849,-24.13273],[-66.74623,-24.09139],[-66.79175,-24.09548],[-66.80026,-24.09565],[-66.8204,-24.08238],[-66.83688,-24.07203],[-66.84829,-24.0588],[-66.86878,-24.02671],[-66.87277,-24.02216],[-66.87767,-24.01891],[-66.88132,-24.01202],[-66.88157,-24.00298],[-66.88133,-23.99307],[-66.8801,-23.98357],[-66.8802,-23.97441],[-66.88308,-23.97187],[-66.91033,-23.97058],[-66.915,-23.97412],[-66.92419,-23.9762],[-66.9321,-23.98027],[-66.93945,-23.97755],[-66.94171,-23.97365],[-66.94135,-23.96828],[-66.94264,-23.96003],[-66.95106,-23.95062],[-66.95973,-23.94275],[-66.97659,-23.92148],[-66.99623,-23.88635],[-67.04383,-23.84991],[-67.09955,-23.80846],[-67.17556,-23.75135],[-67.20355,-23.74369],[-67.22793,-23.73858]]]},"properties":{"fid":35,"SITE_ID":16829,"SITE_PID":"16829","SITE_TYPE":"PA","NAME_ENG":"Los Andes","NAME":"Los Andes","DESIG":"Reserva Natural de Fauna Silvestre","DESIG_ENG":"Nature Wildlife Reserve","DESIG_TYPE":"National","IUCN_CAT":"VI","INT_CRIT":"Not Applicable","REALM":"Terrestrial","REP_M_AREA":0,"GIS_M_AREA":0,"REP_AREA":14859.72,"GIS_AREA":15192.6960482318,"NO_TAKE":"Not Applicable","NO_TK_AREA":0,"STATUS":"Designated","STATUS_YR":1980,"GOV_TYPE":"Sub-national ministry or agency","GOVSUBTYPE":"Not Applicable","OWN_TYPE":"Not Reported","OWNSUBTYPE":"Not Applicable","MANG_AUTH":"Not Reported","MANG_PLAN":"Not Reported","VERIF":"State Verified","METADATAID":1852,"PRNT_ISO3":"ARG","ISO3":"ARG","SUPP_INFO":"Not Applicable","CONS_OBJ":"Not Applicable","INLND_WTRS":"Not Reported","OECM_ASMT":"Not Applicable","layer":"WDPA_W~1"}},{"type":"Feature","geometry":{"type":"Polygon","coordinates":[[[-58.08731,-34.76301],[-58.09399,-34.76574],[-58.09956,-34.77076],[-58.1027,-34.77329],[-58.10525,-34.77532],[-58.11902,-34.78722],[-58.12873,-34.79673],[-58.11516,-34.80842],[-58.09015,-34.82631],[-58.06629,-34.83689],[-58.05648,-34.84151],[-58.00733,-34.79784],[-57.99891,-34.78925],[-58.00013,-34.7882],[-58.00086,-34.78755],[-58.00244,-34.78642],[-58.00456,-34.7849],[-58.01331,-34.78125],[-58.01715,-34.78024],[-58.01932,-34.7797],[-58.02164,-34.77909],[-58.02463,-34.77837],[-58.03214,-34.77773],[-58.04509,-34.77725],[-58.04681,-34.77709],[-58.04866,-34.77705],[-58.05019,-34.77692],[-58.05173,-34.77681],[-58.05251,-34.77663],[-58.05451,-34.77612],[-58.05597,-34.77573],[-58.05737,-34.77536],[-58.06058,-34.77447],[-58.06101,-34.77439],[-58.06474,-34.77325],[-58.06586,-34.77283],[-58.06679,-34.77239],[-58.06991,-34.77146],[-58.07185,-34.77074],[-58.07344,-34.77002],[-58.07873,-34.76753],[-58.08731,-34.76301]]]},"properties":{"fid":36,"SITE_ID":16831,"SITE_PID":"16831","SITE_TYPE":"PA","NAME_ENG":"Punta Lara","NAME":"Punta Lara","DESIG":"Reserva Natural Integral Mixta","DESIG_ENG":"Mixed Integral Nature Reserve","DESIG_TYPE":"National","IUCN_CAT":"Ia","INT_CRIT":"Not Applicable","REALM":"Terrestrial","REP_M_AREA":0,"GIS_M_AREA":0.034483136604888,"REP_AREA":55.79,"GIS_AREA":55.8352478310406,"NO_TAKE":"Not Applicable","NO_TK_AREA":0,"STATUS":"Designated","STATUS_YR":2001,"GOV_TYPE":"Sub-national ministry or agency","GOVSUBTYPE":"Not Applicable","OWN_TYPE":"Not Reported","OWNSUBTYPE":"Not Applicable","MANG_AUTH":"Not Reported","MANG_PLAN":"Not Reported","VERIF":"State Verified","METADATAID":1852,"PRNT_ISO3":"ARG","ISO3":"ARG","SUPP_INFO":"Not Applicable","CONS_OBJ":"Not Applicable","INLND_WTRS":"Not Reported","OECM_ASMT":"Not Applicable","layer":"WDPA_W~1"}},{"type":"Feature","geometry":{"type":"Polygon","coordinates":[[[-68.97434,-28.06883],[-69.30972,-28.06042],[-69.31421,-28.06147],[-69.31982,-28.1388],[-69.38721,-28.1788],[-69.3966,-28.19481],[-69.40014,-28.20535],[-69.4017,-28.211],[-69.40228,-28.21319],[-69.40331,-28.217],[-69.42373,-28.20923],[-69.43709,-28.20654],[-69.45654,-28.20545],[-69.47792,-28.2016],[-69.48373,-28.20051],[-69.4977,-28.24227],[-69.5196,-28.28818],[-69.52803,-28.30855],[-69.53044,-28.31347],[-69.53992,-28.33291],[-69.54264,-28.33849],[-69.55731,-28.34193],[-69.59152,-28.33875],[-69.66634,-28.37212],[-69.61545,-28.37659],[-69.59825,-28.38156],[-69.5929,-28.38378],[-69.59191,-28.38438],[-69.58784,-28.38691],[-69.5826,-28.38953],[-69.56602,-28.39621],[-69.53144,-28.40436],[-69.48981,-28.40014],[-69.47592,-28.40942],[-69.47234,-28.41398],[-69.47029,-28.41888],[-69.46707,-28.42345],[-69.44828,-28.44248],[-69.44278,-28.44304],[-69.436,-28.44307],[-69.41282,-28.44853],[-69.40143,-28.44784],[-69.35328,-28.4345],[-69.31293,-28.47509],[-69.26413,-28.52401],[-69.22956,-28.5585],[-69.19893,-28.58928],[-69.14251,-28.7398],[-69.08187,-28.79757],[-69.04058,-28.83385],[-68.96136,-28.86013],[-68.93749,-28.85122],[-68.75547,-28.43333],[-68.7079,-28.30762],[-68.97434,-28.06883]]]},"properties":{"fid":37,"SITE_ID":16845,"SITE_PID":"16845","SITE_TYPE":"PA","NAME_ENG":"Laguna Brava","NAME":"Laguna Brava","DESIG":"Refugio Provincial","DESIG_ENG":"Provincial Refuge","DESIG_TYPE":"National","IUCN_CAT":"IV","INT_CRIT":"Not Applicable","REALM":"Terrestrial","REP_M_AREA":0,"GIS_M_AREA":0,"REP_AREA":4050,"GIS_AREA":4186.20015742065,"NO_TAKE":"Not Applicable","NO_TK_AREA":0,"STATUS":"Designated","STATUS_YR":1980,"GOV_TYPE":"Sub-national ministry or agency","GOVSUBTYPE":"Not Applicable","OWN_TYPE":"Not Reported","OWNSUBTYPE":"Not Applicable","MANG_AUTH":"Not Reported","MANG_PLAN":"Not Reported","VERIF":"State Verified","METADATAID":1852,"PRNT_ISO3":"ARG","ISO3":"ARG","SUPP_INFO":"Not Applicable","CONS_OBJ":"Not Applicable","INLND_WTRS":"Not Reported","OECM_ASMT":"Not Applicable","layer":"WDPA_W~1"}},{"type":"Feature","geometry":{"type":"Polygon","coordinates":[[[-61.71227,-25.6551],[-61.99782,-25.65529],[-62.07591,-25.88747],[-62.06803,-25.97246],[-61.71243,-25.97448],[-61.71227,-25.6551]]]},"properties":{"fid":38,"SITE_ID":16846,"SITE_PID":"16846","SITE_TYPE":"PA","NAME_ENG":"Copo","NAME":"Copo","DESIG":"Parque Nacional","DESIG_ENG":"National Park","DESIG_TYPE":"National","IUCN_CAT":"II","INT_CRIT":"Not Applicable","REALM":"Terrestrial","REP_M_AREA":0,"GIS_M_AREA":0,"REP_AREA":1181.19,"GIS_AREA":1180.75373351006,"NO_TAKE":"Not Applicable","NO_TK_AREA":0,"STATUS":"Designated","STATUS_YR":2000,"GOV_TYPE":"Federal or national ministry or agency","GOVSUBTYPE":"Not Applicable","OWN_TYPE":"Not Reported","OWNSUBTYPE":"Not Applicable","MANG_AUTH":"Administración de Parques Nacionales","MANG_PLAN":"httphttps://sib.gob.ar/archivos/IF-2019-66218828-APN-DRNOA-APNAC.pdff","VERIF":"State Verified","METADATAID":1935,"PRNT_ISO3":"ARG","ISO3":"ARG","SUPP_INFO":"Not Applicable","CONS_OBJ":"Not Applicable","INLND_WTRS":"Not Reported","OECM_ASMT":"Not Applicable","layer":"WDPA_W~1"}},{"type":"Feature","geometry":{"type":"Polygon","coordinates":[[[-60.11209,-26.29935],[-60.01359,-26.30069],[-59.99345,-26.2238],[-59.99638,-26.12796],[-60.11275,-26.12734],[-60.11209,-26.29935]]]},"properties":{"fid":39,"SITE_ID":16848,"SITE_PID":"16848","SITE_TYPE":"PA","NAME_ENG":"Pampa del Indio","NAME":"Pampa del Indio","DESIG":"Parque Natural","DESIG_ENG":"Nature Park","DESIG_TYPE":"National","IUCN_CAT":"II","INT_CRIT":"Not Applicable","REALM":"Terrestrial","REP_M_AREA":0,"GIS_M_AREA":0,"REP_AREA":86.33,"GIS_AREA":222.86165159582296,"NO_TAKE":"Not Applicable","NO_TK_AREA":0,"STATUS":"Designated","STATUS_YR":1957,"GOV_TYPE":"Sub-national ministry or agency","GOVSUBTYPE":"Not Applicable","OWN_TYPE":"Not Reported","OWNSUBTYPE":"Not Applicable","MANG_AUTH":"Not Reported","MANG_PLAN":"Not Reported","VERIF":"State Verified","METADATAID":1852,"PRNT_ISO3":"ARG","ISO3":"ARG","SUPP_INFO":"Not Applicable","CONS_OBJ":"Not Applicable","INLND_WTRS":"Not Reported","OECM_ASMT":"Not Applicable","layer":"WDPA_W~1"}},{"type":"Feature","geometry":{"type":"Polygon","coordinates":[[[-68.00343,-31.72701],[-67.96173,-31.72414],[-67.85963,-31.67956],[-67.75466,-31.57746],[-67.67413,-31.54295],[-67.3966,-31.54439],[-67.32758,-31.51132],[-67.23412,-31.34595],[-67.22549,-31.07849],[-67.26431,-31.03679],[-67.28301,-30.90306],[-67.35922,-30.77939],[-67.65652,-30.5033],[-68.00702,-30.50151],[-68.00343,-31.72701]]]},"properties":{"fid":40,"SITE_ID":16851,"SITE_PID":"16851","SITE_TYPE":"PA","NAME_ENG":"Valle Fértil","NAME":"Valle Fértil","DESIG":"Reserva de Uso Múltiple","DESIG_ENG":"Multiple Use Reserve","DESIG_TYPE":"National","IUCN_CAT":"VI","INT_CRIT":"Not Applicable","REALM":"Terrestrial","REP_M_AREA":0,"GIS_M_AREA":0,"REP_AREA":8000,"GIS_AREA":7776.03956685542,"NO_TAKE":"Not Applicable","NO_TK_AREA":0,"STATUS":"Designated","STATUS_YR":1971,"GOV_TYPE":"Not Reported","GOVSUBTYPE":"Not Applicable","OWN_TYPE":"Not Reported","OWNSUBTYPE":"Not Applicable","MANG_AUTH":"Not Reported","MANG_PLAN":"Not Reported","VERIF":"State Verified","METADATAID":1852,"PRNT_ISO3":"ARG","ISO3":"ARG","SUPP_INFO":"Not Applicable","CONS_OBJ":"Not Applicable","INLND_WTRS":"Not Reported","OECM_ASMT":"Not Applicable","layer":"WDPA_W~1"}},{"type":"Feature","geometry":{"type":"Polygon","coordinates":[[[-66.42615,-36.88836],[-66.49978,-36.89672],[-66.49991,-36.9169],[-66.55557,-36.91809],[-66.55585,-36.95701],[-66.42834,-36.95898],[-66.42615,-36.88836]]]},"properties":{"fid":41,"SITE_ID":16854,"SITE_PID":"16854","SITE_TYPE":"PA","NAME_ENG":"Limay Mahuida","NAME":"Limay Mahuida","DESIG":"Reserva Natural","DESIG_ENG":"Nature Reserve","DESIG_TYPE":"National","IUCN_CAT":"VI","INT_CRIT":"Not Applicable","REALM":"Terrestrial","REP_M_AREA":0,"GIS_M_AREA":0,"REP_AREA":49.83,"GIS_AREA":71.7358005121714,"NO_TAKE":"Not Applicable","NO_TK_AREA":0,"STATUS":"Designated","STATUS_YR":1974,"GOV_TYPE":"Sub-national ministry or agency","GOVSUBTYPE":"Not Applicable","OWN_TYPE":"Not Reported","OWNSUBTYPE":"Not Applicable","MANG_AUTH":"Not Reported","MANG_PLAN":"Not Reported","VERIF":"State Verified","METADATAID":1852,"PRNT_ISO3":"ARG","ISO3":"ARG","SUPP_INFO":"Not Applicable","CONS_OBJ":"Not Applicable","INLND_WTRS":"Not Reported","OECM_ASMT":"Not Applicable","layer":"WDPA_W~1"}},{"type":"Feature","geometry":{"type":"Polygon","coordinates":[[[-68.09219,-36.38924],[-68.09446,-36.4225],[-68.07559,-36.43615],[-67.9714,-36.44458],[-67.96736,-36.39358],[-68.09219,-36.38924]]]},"properties":{"fid":42,"SITE_ID":16855,"SITE_PID":"16855","SITE_TYPE":"PA","NAME_ENG":"La Humada","NAME":"La Humada","DESIG":"Reserva Natural","DESIG_ENG":"Nature Reserve","DESIG_TYPE":"National","IUCN_CAT":"VI","INT_CRIT":"Not Applicable","REALM":"Terrestrial","REP_M_AREA":0,"GIS_M_AREA":0,"REP_AREA":50,"GIS_AREA":60.5001156705853,"NO_TAKE":"Not Applicable","NO_TK_AREA":0,"STATUS":"Designated","STATUS_YR":1974,"GOV_TYPE":"Sub-national ministry or agency","GOVSUBTYPE":"Not Applicable","OWN_TYPE":"Not Reported","OWNSUBTYPE":"Not Applicable","MANG_AUTH":"Not Reported","MANG_PLAN":"Not Reported","VERIF":"State Verified","METADATAID":1852,"PRNT_ISO3":"ARG","ISO3":"ARG","SUPP_INFO":"Not Applicable","CONS_OBJ":"Not Applicable","INLND_WTRS":"Not Reported","OECM_ASMT":"Not Applicable","layer":"WDPA_W~1"}},{"type":"Feature","geometry":{"type":"Polygon","coordinates":[[[-64.93594,-38.77252],[-64.93665,-38.83005],[-64.7868,-38.82888],[-64.78465,-38.78137],[-64.93594,-38.77252]]]},"properties":{"fid":43,"SITE_ID":16858,"SITE_PID":"16858","SITE_TYPE":"PA","NAME_ENG":"Pichi Mahuida","NAME":"Pichi Mahuida","DESIG":"Reserva Natural","DESIG_ENG":"Nature Reserve","DESIG_TYPE":"National","IUCN_CAT":"VI","INT_CRIT":"Not Applicable","REALM":"Terrestrial","REP_M_AREA":0,"GIS_M_AREA":0,"REP_AREA":41.19,"GIS_AREA":78.9697362353475,"NO_TAKE":"Not Applicable","NO_TK_AREA":0,"STATUS":"Designated","STATUS_YR":1974,"GOV_TYPE":"Sub-national ministry or agency","GOVSUBTYPE":"Not Applicable","OWN_TYPE":"Not Reported","OWNSUBTYPE":"Not Applicable","MANG_AUTH":"Not Reported","MANG_PLAN":"Not Reported","VERIF":"State Verified","METADATAID":1852,"PRNT_ISO3":"ARG","ISO3":"ARG","SUPP_INFO":"Not Applicable","CONS_OBJ":"Not Applicable","INLND_WTRS":"Not Reported","OECM_ASMT":"Not Applicable","layer":"WDPA_W~1"}},{"type":"Feature","geometry":{"type":"Polygon","coordinates":[[[-68.87521,-36.0011],[-69.2473,-36.00196],[-69.24736,-36.19865],[-69.3747,-36.30184],[-69.48145,-36.3019],[-69.48159,-36.32167],[-69.52901,-36.29353],[-69.56906,-36.30881],[-69.56917,-36.32156],[-69.62201,-36.32128],[-69.62237,-36.38901],[-69.64912,-36.38892],[-69.64957,-36.47362],[-69.44831,-36.47415],[-69.43387,-36.6009],[-69.1679,-36.60226],[-69.16811,-36.70045],[-69.03549,-36.70056],[-69.00025,-36.75282],[-69.00025,-36.82925],[-68.9201,-36.82923],[-68.92004,-36.89242],[-68.69416,-36.89227],[-68.69463,-36.71845],[-68.461,-36.84523],[-68.45851,-37.18431],[-68.24891,-37.19372],[-68.24778,-37.12589],[-68.38569,-36.80796],[-68.43181,-36.53247],[-68.48771,-36.53273],[-68.48754,-36.65807],[-68.61057,-36.65853],[-68.61084,-36.60327],[-68.57255,-36.60326],[-68.57871,-36.27474],[-68.65243,-36.12421],[-68.81079,-36.01318],[-68.87521,-36.0011]]]},"properties":{"fid":44,"SITE_ID":16861,"SITE_PID":"16861","SITE_TYPE":"PA","NAME_ENG":"La Payunia","NAME":"La Payunia","DESIG":"Reserva Total","DESIG_ENG":"Total Reserve","DESIG_TYPE":"National","IUCN_CAT":"Ia","INT_CRIT":"Not Applicable","REALM":"Terrestrial","REP_M_AREA":0,"GIS_M_AREA":0,"REP_AREA":6650,"GIS_AREA":6828.34700898566,"NO_TAKE":"Not Applicable","NO_TK_AREA":0,"STATUS":"Designated","STATUS_YR":1982,"GOV_TYPE":"Sub-national ministry or agency","GOVSUBTYPE":"Not Applicable","OWN_TYPE":"Not Reported","OWNSUBTYPE":"Not Applicable","MANG_AUTH":"Not Reported","MANG_PLAN":"Not Reported","VERIF":"State Verified","METADATAID":1852,"PRNT_ISO3":"ARG","ISO3":"ARG","SUPP_INFO":"Not Applicable","CONS_OBJ":"Not Applicable","INLND_WTRS":"Not Reported","OECM_ASMT":"Not Applicable","layer":"WDPA_W~1"}},{"type":"Feature","geometry":{"type":"Polygon","coordinates":[[[-68.88881,-32.87857],[-68.94048,-32.87247],[-68.95289,-32.88278],[-68.88881,-32.87857]]]},"properties":{"fid":45,"SITE_ID":16862,"SITE_PID":"16862","SITE_TYPE":"PA","NAME_ENG":"Divisadero Largo","NAME":"Divisadero Largo","DESIG":"Reserva Natural","DESIG_ENG":"Nature Reserve","DESIG_TYPE":"National","IUCN_CAT":"Ia","INT_CRIT":"Not Applicable","REALM":"Terrestrial","REP_M_AREA":0,"GIS_M_AREA":0,"REP_AREA":4.92,"GIS_AREA":5.08088821220226,"NO_TAKE":"Not Applicable","NO_TK_AREA":0,"STATUS":"Designated","STATUS_YR":1983,"GOV_TYPE":"Sub-national ministry or agency","GOVSUBTYPE":"Not Applicable","OWN_TYPE":"Not Reported","OWNSUBTYPE":"Not Applicable","MANG_AUTH":"Not Reported","MANG_PLAN":"Not Reported","VERIF":"State Verified","METADATAID":1852,"PRNT_ISO3":"ARG","ISO3":"ARG","SUPP_INFO":"Not Applicable","CONS_OBJ":"Not Applicable","INLND_WTRS":"Not Reported","OECM_ASMT":"Not Applicable","layer":"WDPA_W~1"}},{"type":"Feature","geometry":{"type":"Polygon","coordinates":[[[-68.09276,-32.29274],[-68.09091,-32.40087],[-68.06672,-32.40056],[-68.15005,-32.48139],[-67.88984,-32.47788],[-67.91237,-32.29022],[-68.09276,-32.29274]]]},"properties":{"fid":46,"SITE_ID":16864,"SITE_PID":"16864","SITE_TYPE":"PA","NAME_ENG":"Telteca","NAME":"Telteca","DESIG":"Reserva Natural y Cultural","DESIG_ENG":"Cultural and Nature Reserve","DESIG_TYPE":"National","IUCN_CAT":"VI","INT_CRIT":"Not Applicable","REALM":"Terrestrial","REP_M_AREA":0,"GIS_M_AREA":0,"REP_AREA":385.07,"GIS_AREA":384.35033488196996,"NO_TAKE":"Not Applicable","NO_TK_AREA":0,"STATUS":"Designated","STATUS_YR":1985,"GOV_TYPE":"Sub-national ministry or agency","GOVSUBTYPE":"Not Applicable","OWN_TYPE":"Not Reported","OWNSUBTYPE":"Not Applicable","MANG_AUTH":"Not Reported","MANG_PLAN":"Not Reported","VERIF":"State Verified","METADATAID":1852,"PRNT_ISO3":"ARG","ISO3":"ARG","SUPP_INFO":"Not Applicable","CONS_OBJ":"Not Applicable","INLND_WTRS":"Not Reported","OECM_ASMT":"Not Applicable","layer":"WDPA_W~1"}},{"type":"Feature","geometry":{"type":"Polygon","coordinates":[[[-71.10082,-37.9032],[-70.91751,-37.90637],[-70.91412,-37.77545],[-71.1607,-37.77219],[-71.17067,-37.78624],[-71.15376,-37.80886],[-71.12192,-37.82168],[-71.17761,-37.85681],[-71.13799,-37.85956],[-71.10082,-37.9032]]]},"properties":{"fid":47,"SITE_ID":16873,"SITE_PID":"16873","SITE_TYPE":"PA","NAME_ENG":"Copahue Caviahue","NAME":"Copahue Caviahue","DESIG":"Parque Provincial","DESIG_ENG":"Provincial Park","DESIG_TYPE":"National","IUCN_CAT":"II","INT_CRIT":"Not Applicable","REALM":"Terrestrial","REP_M_AREA":0,"GIS_M_AREA":0,"REP_AREA":287.5,"GIS_AREA":287.553862904292,"NO_TAKE":"Not Applicable","NO_TK_AREA":0,"STATUS":"Designated","STATUS_YR":1962,"GOV_TYPE":"Sub-national ministry or agency","GOVSUBTYPE":"Not Applicable","OWN_TYPE":"Not Reported","OWNSUBTYPE":"Not Applicable","MANG_AUTH":"Not Reported","MANG_PLAN":"Not Reported","VERIF":"State Verified","METADATAID":1852,"PRNT_ISO3":"ARG","ISO3":"ARG","SUPP_INFO":"Not Applicable","CONS_OBJ":"Not Applicable","INLND_WTRS":"Not Reported","OECM_ASMT":"Not Applicable","layer":"WDPA_W~1"}},{"type":"Feature","geometry":{"type":"Polygon","coordinates":[[[-71.06065,-38.84764],[-71.05736,-38.81583],[-71.14858,-38.81655],[-71.10004,-38.84803],[-71.06065,-38.84764]]]},"properties":{"fid":48,"SITE_ID":16874,"SITE_PID":"16874","SITE_TYPE":"PA","NAME_ENG":"Batea Mahuida","NAME":"Batea Mahuida","DESIG":"Reserva Forestal","DESIG_ENG":"Forest Reserve","DESIG_TYPE":"National","IUCN_CAT":"VI","INT_CRIT":"Not Applicable","REALM":"Terrestrial","REP_M_AREA":0,"GIS_M_AREA":0,"REP_AREA":12.06,"GIS_AREA":20.4281561435075,"NO_TAKE":"Not Applicable","NO_TK_AREA":0,"STATUS":"Designated","STATUS_YR":1968,"GOV_TYPE":"Sub-national ministry or agency","GOVSUBTYPE":"Not Applicable","OWN_TYPE":"Not Reported","OWNSUBTYPE":"Not Applicable","MANG_AUTH":"Not Reported","MANG_PLAN":"Not Reported","VERIF":"State Verified","METADATAID":1852,"PRNT_ISO3":"ARG","ISO3":"ARG","SUPP_INFO":"Not Applicable","CONS_OBJ":"Not Applicable","INLND_WTRS":"Not Reported","OECM_ASMT":"Not Applicable","layer":"WDPA_W~1"}},{"type":"Feature","geometry":{"type":"Polygon","coordinates":[[[-71.29026,-39.01307],[-71.18891,-38.9708],[-71.16748,-38.92678],[-71.21157,-38.92555],[-71.27646,-38.98074],[-71.29759,-38.9817],[-71.29026,-39.01307]]]},"properties":{"fid":49,"SITE_ID":16875,"SITE_PID":"16875","SITE_TYPE":"PA","NAME_ENG":"Chañy","NAME":"Chañy","DESIG":"Reserva Forestal","DESIG_ENG":"Forest Reserve","DESIG_TYPE":"National","IUCN_CAT":"Not Reported","INT_CRIT":"Not Applicable","REALM":"Terrestrial","REP_M_AREA":0,"GIS_M_AREA":0,"REP_AREA":20.39,"GIS_AREA":49.8695425705839,"NO_TAKE":"Not Applicable","NO_TK_AREA":0,"STATUS":"Designated","STATUS_YR":1986,"GOV_TYPE":"Sub-national ministry or agency","GOVSUBTYPE":"Not Applicable","OWN_TYPE":"Not Reported","OWNSUBTYPE":"Not Applicable","MANG_AUTH":"Not Reported","MANG_PLAN":"Not Reported","VERIF":"State Verified","METADATAID":1852,"PRNT_ISO3":"ARG","ISO3":"ARG","SUPP_INFO":"Not Applicable","CONS_OBJ":"Not Applicable","INLND_WTRS":"Not Reported","OECM_ASMT":"Not Applicable","layer":"WDPA_W~1"}},{"type":"Feature","geometry":{"type":"Polygon","coordinates":[[[-69.93651,-37.06224],[-70.1614,-37.05907],[-70.16564,-37.23922],[-70.05298,-37.24087],[-70.05099,-37.15079],[-69.93836,-37.15233],[-69.93651,-37.06224]]]},"properties":{"fid":50,"SITE_ID":16876,"SITE_PID":"16876","SITE_TYPE":"PA","NAME_ENG":"El Tromen","NAME":"El Tromen","DESIG":"Parque Provincial","DESIG_ENG":"Provincial Park","DESIG_TYPE":"National","IUCN_CAT":"II","INT_CRIT":"Not Applicable","REALM":"Terrestrial","REP_M_AREA":0,"GIS_M_AREA":0,"REP_AREA":300,"GIS_AREA":300.057764008535,"NO_TAKE":"Not Applicable","NO_TK_AREA":0,"STATUS":"Designated","STATUS_YR":1971,"GOV_TYPE":"Sub-national ministry or agency","GOVSUBTYPE":"Not Applicable","OWN_TYPE":"Not Reported","OWNSUBTYPE":"Not Applicable","MANG_AUTH":"Not Reported","MANG_PLAN":"Not Reported","VERIF":"State Verified","METADATAID":1852,"PRNT_ISO3":"ARG","ISO3":"ARG","SUPP_INFO":"Not Applicable","CONS_OBJ":"Not Applicable","INLND_WTRS":"Not Reported","OECM_ASMT":"Not Applicable","layer":"WDPA_W~1"}},{"type":"Feature","geometry":{"type":"Polygon","coordinates":[[[-63.071,-41.14556],[-63.19454,-41.15553],[-63.19402,-41.17165],[-63.06429,-41.16078],[-63.071,-41.14556]]]},"properties":{"fid":51,"SITE_ID":16880,"SITE_PID":"16880","SITE_TYPE":"PA","NAME_ENG":"Punta Bermeja","NAME":"Punta Bermeja","DESIG":"Área Natural Protegida","DESIG_ENG":"Protected Nature Area","DESIG_TYPE":"National","IUCN_CAT":"Not Reported","INT_CRIT":"Not Applicable","REALM":"Coastal","REP_M_AREA":0,"GIS_M_AREA":15.2215599735826,"REP_AREA":19,"GIS_AREA":18.9681500064176,"NO_TAKE":"Not Reported","NO_TK_AREA":0,"STATUS":"Designated","STATUS_YR":1971,"GOV_TYPE":"Sub-national ministry or agency","GOVSUBTYPE":"Not Applicable","OWN_TYPE":"Not Reported","OWNSUBTYPE":"Not Applicable","MANG_AUTH":"Not Reported","MANG_PLAN":"Not Reported","VERIF":"State Verified","METADATAID":1852,"PRNT_ISO3":"ARG","ISO3":"ARG","SUPP_INFO":"Not Applicable","CONS_OBJ":"Not Applicable","INLND_WTRS":"Not Reported","OECM_ASMT":"Not Applicable","layer":"WDPA_W~1"}},{"type":"Feature","geometry":{"type":"Polygon","coordinates":[[[-64.26595,-40.97092],[-64.27222,-41.0053],[-64.23568,-41.0278],[-64.08523,-41.06921],[-64.063,-41.00066],[-64.08458,-40.97756],[-64.12283,-40.97617],[-64.13095,-40.99766],[-64.17643,-41.01203],[-64.26595,-40.97092]]]},"properties":{"fid":52,"SITE_ID":16882,"SITE_PID":"16882","SITE_TYPE":"PA","NAME_ENG":"Caleta de los Loros","NAME":"Caleta de los Loros","DESIG":"Reserva de Uso Múltiple","DESIG_ENG":"Multiple Use Reserve","DESIG_TYPE":"National","IUCN_CAT":"VI","INT_CRIT":"Not Applicable","REALM":"Coastal","REP_M_AREA":0,"GIS_M_AREA":56.8474680912952,"REP_AREA":90.84,"GIS_AREA":90.7856493393352,"NO_TAKE":"Not Reported","NO_TK_AREA":0,"STATUS":"Designated","STATUS_YR":1984,"GOV_TYPE":"Sub-national ministry or agency","GOVSUBTYPE":"Not Applicable","OWN_TYPE":"Not Reported","OWNSUBTYPE":"Not Applicable","MANG_AUTH":"Not Reported","MANG_PLAN":"Not Reported","VERIF":"State Verified","METADATAID":1852,"PRNT_ISO3":"ARG","ISO3":"ARG","SUPP_INFO":"Not Applicable","CONS_OBJ":"Not Applicable","INLND_WTRS":"Not Reported","OECM_ASMT":"Not Applicable","layer":"WDPA_W~1"}},{"type":"Feature","geometry":{"type":"Polygon","coordinates":[[[-67.05052,-40.75513],[-67.19276,-40.77229],[-67.36313,-40.82527],[-67.54375,-40.92597],[-67.64844,-40.96433],[-67.7053,-41.01003],[-67.75571,-41.1444],[-67.78265,-41.38701],[-67.78887,-41.51817],[-67.77004,-41.62395],[-67.64179,-41.71751],[-67.29303,-41.85476],[-67.19516,-41.84337],[-66.87017,-41.86021],[-66.53309,-41.85375],[-66.34549,-41.87704],[-66.20449,-41.75075],[-66.22722,-41.58856],[-66.21478,-41.52725],[-66.11389,-41.42671],[-66.02724,-41.38364],[-65.98996,-41.24868],[-65.96732,-41.2241],[-65.82071,-41.134],[-65.83166,-41.01023],[-65.87667,-40.95883],[-65.94436,-40.9222],[-66.04595,-40.90888],[-66.51656,-40.74407],[-66.80054,-40.72337],[-67.05052,-40.75513]]]},"properties":{"fid":53,"SITE_ID":16883,"SITE_PID":"16883","SITE_TYPE":"PA","NAME_ENG":"Meseta de Somuncurá","NAME":"Meseta de Somuncurá","DESIG":"Área Natural Protegida","DESIG_ENG":"Protected Nature Area","DESIG_TYPE":"National","IUCN_CAT":"VI","INT_CRIT":"Not Applicable","REALM":"Terrestrial","REP_M_AREA":0,"GIS_M_AREA":0,"REP_AREA":16136.89,"GIS_AREA":16158.0715550737,"NO_TAKE":"Not Applicable","NO_TK_AREA":0,"STATUS":"Designated","STATUS_YR":1986,"GOV_TYPE":"Sub-national ministry or agency","GOVSUBTYPE":"Not Applicable","OWN_TYPE":"Not Reported","OWNSUBTYPE":"Not Applicable","MANG_AUTH":"Not Reported","MANG_PLAN":"Not Reported","VERIF":"State Verified","METADATAID":1852,"PRNT_ISO3":"ARG","ISO3":"ARG","SUPP_INFO":"Not Applicable","CONS_OBJ":"Not Applicable","INLND_WTRS":"Not Reported","OECM_ASMT":"Not Applicable","layer":"WDPA_W~1"}},{"type":"Feature","geometry":{"type":"Polygon","coordinates":[[[-65.92504,-27.02062],[-65.92727,-27.01818],[-65.93148,-27.01721],[-65.93306,-27.01772],[-65.93361,-27.0186],[-65.93838,-27.01948],[-65.94178,-27.02076],[-65.94614,-27.02304],[-65.95411,-27.0296],[-65.95624,-27.03251],[-65.96205,-27.03258],[-65.91571,-27.1196],[-65.87275,-27.1663],[-65.82606,-27.18871],[-65.83353,-27.14015],[-65.86341,-27.114],[-65.86341,-27.09345],[-65.92504,-27.02062]]]},"properties":{"fid":54,"SITE_ID":16884,"SITE_PID":"16884","SITE_TYPE":"PA","NAME_ENG":"La Florida","NAME":"La Florida","DESIG":"Parque Provincial","DESIG_ENG":"Provincial Park","DESIG_TYPE":"National","IUCN_CAT":"Ia","INT_CRIT":"Not Applicable","REALM":"Terrestrial","REP_M_AREA":0,"GIS_M_AREA":0,"REP_AREA":98.82,"GIS_AREA":93.368309316114,"NO_TAKE":"Not Applicable","NO_TK_AREA":0,"STATUS":"Designated","STATUS_YR":1936,"GOV_TYPE":"Sub-national ministry or agency","GOVSUBTYPE":"Not Applicable","OWN_TYPE":"Not Reported","OWNSUBTYPE":"Not Applicable","MANG_AUTH":"Not Reported","MANG_PLAN":"Not Reported","VERIF":"State Verified","METADATAID":1852,"PRNT_ISO3":"ARG","ISO3":"ARG","SUPP_INFO":"Not Applicable","CONS_OBJ":"Not Applicable","INLND_WTRS":"Not Reported","OECM_ASMT":"Not Applicable","layer":"WDPA_W~1"}},{"type":"Feature","geometry":{"type":"Polygon","coordinates":[[[-65.65709,-27.09439],[-65.64274,-27.10841],[-65.60234,-27.10474],[-65.56079,-27.13228],[-65.55079,-27.10429],[-65.59439,-27.0827],[-65.63793,-27.08829],[-65.65364,-27.0723],[-65.65709,-27.09439]]]},"properties":{"fid":55,"SITE_ID":16885,"SITE_PID":"16885","SITE_TYPE":"PA","NAME_ENG":"Los Sosa","NAME":"Los Sosa","DESIG":"Reserva Natural","DESIG_ENG":"Nature Reserve","DESIG_TYPE":"National","IUCN_CAT":"VI","INT_CRIT":"Not Applicable","REALM":"Terrestrial","REP_M_AREA":0,"GIS_M_AREA":0,"REP_AREA":8.9,"GIS_AREA":26.9975118230736,"NO_TAKE":"Not Applicable","NO_TK_AREA":0,"STATUS":"Designated","STATUS_YR":1940,"GOV_TYPE":"Sub-national ministry or agency","GOVSUBTYPE":"Not Applicable","OWN_TYPE":"Not Reported","OWNSUBTYPE":"Not Applicable","MANG_AUTH":"Not Reported","MANG_PLAN":"Not Reported","VERIF":"State Verified","METADATAID":1852,"PRNT_ISO3":"ARG","ISO3":"ARG","SUPP_INFO":"Not Applicable","CONS_OBJ":"Not Applicable","INLND_WTRS":"Not Reported","OECM_ASMT":"Not Applicable","layer":"WDPA_W~1"}},{"type":"Feature","geometry":{"type":"Polygon","coordinates":[[[-65.9238,-27.4494],[-65.89249,-27.48766],[-65.88303,-27.49219],[-65.87793,-27.50062],[-65.85536,-27.51228],[-65.74185,-27.51082],[-65.74267,-27.47189],[-65.78122,-27.47196],[-65.79874,-27.43825],[-65.78859,-27.42007],[-65.75588,-27.41742],[-65.80319,-27.38895],[-65.82645,-27.38704],[-65.85622,-27.40978],[-65.91947,-27.40074],[-65.9238,-27.4494]]]},"properties":{"fid":56,"SITE_ID":16886,"SITE_PID":"16886","SITE_TYPE":"PA","NAME_ENG":"Santa Ana","NAME":"Santa Ana","DESIG":"Reserva Natural","DESIG_ENG":"Nature Reserve","DESIG_TYPE":"National","IUCN_CAT":"VI","INT_CRIT":"Not Applicable","REALM":"Terrestrial","REP_M_AREA":0,"GIS_M_AREA":0,"REP_AREA":200,"GIS_AREA":172.609676568496,"NO_TAKE":"Not Applicable","NO_TK_AREA":0,"STATUS":"Designated","STATUS_YR":1951,"GOV_TYPE":"Sub-national ministry or agency","GOVSUBTYPE":"Not Applicable","OWN_TYPE":"Not Reported","OWNSUBTYPE":"Not Applicable","MANG_AUTH":"Not Reported","MANG_PLAN":"Not Reported","VERIF":"State Verified","METADATAID":1852,"PRNT_ISO3":"ARG","ISO3":"ARG","SUPP_INFO":"Not Applicable","CONS_OBJ":"Not Applicable","INLND_WTRS":"Not Reported","OECM_ASMT":"Not Applicable","layer":"WDPA_W~1"}},{"type":"Feature","geometry":{"type":"Polygon","coordinates":[[[-64.89409,-42.81809],[-64.92951,-42.80946],[-64.92741,-42.85041],[-64.81202,-42.84624],[-64.87814,-42.83878],[-64.89409,-42.81809]]]},"properties":{"fid":57,"SITE_ID":16888,"SITE_PID":"16888","SITE_TYPE":"PA","NAME_ENG":"Punta Loma","NAME":"Punta Loma","DESIG":"Reserva Natural Turística","DESIG_ENG":"Tourist Nature Reserve","DESIG_TYPE":"National","IUCN_CAT":"IV","INT_CRIT":"Not Applicable","REALM":"Terrestrial","REP_M_AREA":0,"GIS_M_AREA":0,"REP_AREA":17.07,"GIS_AREA":17.1140755361689,"NO_TAKE":"Not Applicable","NO_TK_AREA":0,"STATUS":"Designated","STATUS_YR":1967,"GOV_TYPE":"Sub-national ministry or agency","GOVSUBTYPE":"Not Applicable","OWN_TYPE":"Not Reported","OWNSUBTYPE":"Not Applicable","MANG_AUTH":"Not Reported","MANG_PLAN":"Not Reported","VERIF":"State Verified","METADATAID":1852,"PRNT_ISO3":"ARG","ISO3":"ARG","SUPP_INFO":"Not Applicable","CONS_OBJ":"Not Applicable","INLND_WTRS":"Not Reported","OECM_ASMT":"Not Applicable","layer":"WDPA_W~1"}},{"type":"Feature","geometry":{"type":"Polygon","coordinates":[[[-64.2484,-42.67628],[-64.24318,-42.77749],[-64.14259,-42.87136],[-63.72891,-42.80855],[-63.69269,-42.79478],[-63.67487,-42.78171],[-63.6578,-42.77316],[-63.65421,-42.77048],[-63.65082,-42.7689],[-63.64976,-42.76835],[-63.64164,-42.76391],[-63.63573,-42.75826],[-63.63381,-42.75511],[-63.63205,-42.75115],[-63.63056,-42.74714],[-63.62972,-42.73965],[-63.63976,-42.69548],[-63.58103,-42.59874],[-63.62073,-42.48276],[-63.62179,-42.35432],[-63.67147,-42.30536],[-63.65667,-42.30624],[-63.67865,-42.28189],[-63.66922,-42.25444],[-63.6189,-42.31085],[-63.61613,-42.44211],[-63.60574,-42.31753],[-63.75277,-42.07509],[-63.80775,-42.06879],[-63.89067,-42.08492],[-64.07455,-42.17561],[-64.10863,-42.18075],[-64.11352,-42.18475],[-64.13319,-42.18856],[-64.17536,-42.20164],[-64.20074,-42.20336],[-64.24982,-42.21308],[-64.29483,-42.21659],[-64.33309,-42.22616],[-64.35321,-42.22819],[-64.36239,-42.23158],[-64.37241,-42.23181],[-64.37687,-42.23358],[-64.37621,-42.23687],[-64.37126,-42.2368],[-64.36633,-42.23635],[-64.36408,-42.23971],[-64.35946,-42.24182],[-64.32898,-42.24703],[-64.2978,-42.2454],[-64.29373,-42.24317],[-64.29128,-42.23997],[-64.2858,-42.24093],[-64.28152,-42.242],[-64.27617,-42.24276],[-64.27103,-42.24273],[-64.27023,-42.23706],[-64.26531,-42.23586],[-64.26031,-42.23564],[-64.24989,-42.23595],[-64.24761,-42.23328],[-64.243,-42.23245],[-64.23852,-42.23399],[-64.23452,-42.23647],[-64.23257,-42.24012],[-64.23012,-42.24409],[-64.22506,-42.24345],[-64.22022,-42.23931],[-64.21506,-42.23999],[-64.21043,-42.23992],[-64.20629,-42.23825],[-64.18445,-42.24526],[-64.17042,-42.24311],[-64.16617,-42.24087],[-64.1613,-42.24023],[-64.15796,-42.23725],[-64.1529,-42.23632],[-64.14796,-42.23714],[-64.14263,-42.24072],[-64.13742,-42.24106],[-64.13523,-42.23822],[-64.13025,-42.23845],[-64.12054,-42.24065],[-64.10559,-42.24753],[-64.101,-42.24857],[-64.09064,-42.24835],[-64.0868,-42.25042],[-64.08152,-42.25684],[-64.07645,-42.25773],[-64.07219,-42.25993],[-64.05844,-42.27261],[-64.05825,-42.2767],[-64.05766,-42.28025],[-64.05516,-42.28351],[-64.05296,-42.2869],[-64.05201,-42.29049],[-64.05159,-42.29436],[-64.0476,-42.29914],[-64.04661,-42.30229],[-64.04493,-42.30613],[-64.04379,-42.30985],[-64.04421,-42.31373],[-64.04693,-42.31694],[-64.05567,-42.32158],[-64.06036,-42.32318],[-64.06488,-42.32468],[-64.0612,-42.32894],[-64.05918,-42.33237],[-64.05408,-42.33612],[-64.04926,-42.3367],[-64.04414,-42.3412],[-64.04337,-42.3448],[-64.04615,-42.35197],[-64.04723,-42.35586],[-64.05062,-42.36268],[-64.05262,-42.36606],[-64.0528,-42.36985],[-64.05468,-42.37322],[-64.05831,-42.37822],[-64.06256,-42.38047],[-64.06702,-42.38202],[-64.07156,-42.38285],[-64.07522,-42.3847],[-64.08008,-42.38687],[-64.08524,-42.39105],[-64.08925,-42.39544],[-64.09383,-42.39707],[-64.09868,-42.40147],[-64.10257,-42.4039],[-64.10725,-42.40834],[-64.11639,-42.41005],[-64.11483,-42.41389],[-64.11715,-42.41852],[-64.12147,-42.4209],[-64.12525,-42.42328],[-64.12935,-42.42464],[-64.13606,-42.42533],[-64.1382,-42.4222],[-64.14293,-42.42076],[-64.148,-42.42],[-64.15297,-42.42044],[-64.1913,-42.41275],[-64.20861,-42.41856],[-64.24164,-42.41103],[-64.24693,-42.41078],[-64.25175,-42.41232],[-64.25682,-42.41169],[-64.25983,-42.40933],[-64.2649,-42.40812],[-64.26851,-42.41049],[-64.27339,-42.41199],[-64.27827,-42.41161],[-64.28351,-42.41093],[-64.28852,-42.41043],[-64.29318,-42.4089],[-64.29334,-42.40547],[-64.30388,-42.40002],[-64.30888,-42.39942],[-64.31363,-42.40608],[-64.31821,-42.40749],[-64.32294,-42.40813],[-64.32852,-42.40853],[-64.33717,-42.41302],[-64.3387,-42.41669],[-64.34303,-42.4188],[-64.34813,-42.4191],[-64.35324,-42.41908],[-64.35795,-42.42031],[-64.36865,-42.41587],[-64.42005,-42.43044],[-64.42568,-42.43658],[-64.4457,-42.43518],[-64.45069,-42.43369],[-64.45544,-42.4332],[-64.45992,-42.43495],[-64.46498,-42.43444],[-64.47014,-42.43463],[-64.4748,-42.43414],[-64.47965,-42.43262],[-64.48384,-42.43038],[-64.48749,-42.4275],[-64.48749,-42.42407],[-64.4826,-42.41942],[-64.48306,-42.41615],[-64.48735,-42.41363],[-64.49009,-42.41701],[-64.49208,-42.42038],[-64.49519,-42.4274],[-64.49347,-42.49943],[-64.33068,-42.53162],[-64.30344,-42.55839],[-64.31581,-42.57876],[-64.28003,-42.57203],[-64.26086,-42.58502],[-64.2678,-42.61934],[-64.26299,-42.61862],[-64.26105,-42.61545],[-64.25598,-42.6145],[-64.25094,-42.61399],[-64.24212,-42.61007],[-64.222,-42.6127],[-64.20733,-42.62521],[-64.21016,-42.62971],[-64.22357,-42.63383],[-64.22268,-42.63719],[-64.21889,-42.63945],[-64.21943,-42.64329],[-64.2252,-42.64726],[-64.22768,-42.6497],[-64.2377,-42.65041],[-64.2484,-42.67628]]]},"properties":{"fid":58,"SITE_ID":16889,"SITE_PID":"16889","SITE_TYPE":"PA","NAME_ENG":"Península de Valdés","NAME":"Península de Valdés","DESIG":"Reserva Natural Turística","DESIG_ENG":"Tourist Nature Reserve","DESIG_TYPE":"National","IUCN_CAT":"VI","INT_CRIT":"Not Applicable","REALM":"Terrestrial","REP_M_AREA":37.13,"GIS_M_AREA":51.2842122486968,"REP_AREA":8400,"GIS_AREA":3875.88418506553,"NO_TAKE":"Not Applicable","NO_TK_AREA":0,"STATUS":"Designated","STATUS_YR":1983,"GOV_TYPE":"Sub-national ministry or agency","GOVSUBTYPE":"Not Applicable","OWN_TYPE":"Not Reported","OWNSUBTYPE":"Not Applicable","MANG_AUTH":"Not Reported","MANG_PLAN":"Not Reported","VERIF":"State Verified","METADATAID":1852,"PRNT_ISO3":"ARG","ISO3":"ARG","SUPP_INFO":"Not Applicable","CONS_OBJ":"Not Applicable","INLND_WTRS":"Not Reported","OECM_ASMT":"Not Applicable","layer":"WDPA_W~1"}},{"type":"Feature","geometry":{"type":"Polygon","coordinates":[[[-57.53775,-27.981],[-57.57665,-27.9771],[-57.62815,-28.0437],[-57.62475,-28.0825],[-57.66045,-28.105],[-57.65215,-28.2081],[-57.68575,-28.2571],[-57.72585,-28.276],[-57.78145,-28.3751],[-57.88675,-28.4274],[-57.97065,-28.4934],[-57.99135,-28.5284],[-58.00885,-28.5167],[-58.03475,-28.5232],[-58.03315,-28.5439],[-58.07255,-28.5568],[-58.10305,-28.5371],[-58.1616,-28.61716],[-58.29192,-28.69544],[-58.38818,-28.81869],[-58.55144,-28.93553],[-58.55495,-28.9517],[-58.53325,-28.9701],[-58.50445,-28.9658],[-58.45325,-28.9961],[-58.41233,-28.98584],[-58.378,-28.96302],[-58.36943,-28.9373],[-58.23938,-28.87585],[-58.2008,-28.80726],[-58.13935,-28.78725],[-58.11934,-28.72151],[-58.00073,-28.76724],[-57.94214,-28.77153],[-57.84353,-28.72866],[-57.76208,-28.73009],[-57.61631,-28.70579],[-57.51342,-28.65292],[-57.50014,-28.63],[-57.48417,-28.62748],[-57.47829,-28.63],[-57.47073,-28.63252],[-57.46064,-28.63756],[-57.31271,-28.61235],[-57.23623,-28.572],[-57.22866,-28.56891],[-57.22132,-28.5696],[-57.21579,-28.56424],[-57.2051,-28.55928],[-57.1998,-28.54903],[-57.19493,-28.54587],[-57.17551,-28.57631],[-57.17695,-28.53002],[-57.13382,-28.53614],[-57.12038,-28.52479],[-57.10813,-28.51901],[-57.09963,-28.5166],[-57.08754,-28.51119],[-57.07796,-28.5084],[-57.05669,-28.499],[-57.04144,-28.48333],[-57.01225,-28.46984],[-56.92083,-28.39585],[-56.84596,-28.3705],[-56.74426,-28.25104],[-56.64031,-28.06219],[-56.5003,-27.92271],[-56.47955,-27.82252],[-56.47645,-27.68294],[-56.44161,-27.60749],[-56.55555,-27.56581],[-56.73816,-27.62585],[-56.86509,-27.63623],[-56.99741,-27.614],[-57.14963,-27.55389],[-57.19335,-27.67553],[-57.2703,-27.77512],[-57.32081,-27.79687],[-57.4292,-27.90065],[-57.49475,-27.9252],[-57.53775,-27.981]]]},"properties":{"fid":59,"SITE_ID":16890,"SITE_PID":"16890","SITE_TYPE":"PA","NAME_ENG":"Iberá","NAME":"Iberá","DESIG":"Reserva Natural Provincial","DESIG_ENG":"Provincial Nature Reserve","DESIG_TYPE":"National","IUCN_CAT":"VI","INT_CRIT":"Not Applicable","REALM":"Terrestrial","REP_M_AREA":0,"GIS_M_AREA":0,"REP_AREA":13245,"GIS_AREA":11441.7954145078,"NO_TAKE":"Not Applicable","NO_TK_AREA":0,"STATUS":"Designated","STATUS_YR":1982,"GOV_TYPE":"Sub-national ministry or agency","GOVSUBTYPE":"Not Applicable","OWN_TYPE":"Not Reported","OWNSUBTYPE":"Not Applicable","MANG_AUTH":"Not Reported","MANG_PLAN":"Not Reported","VERIF":"State Verified","METADATAID":1852,"PRNT_ISO3":"ARG","ISO3":"ARG","SUPP_INFO":"Not Applicable","CONS_OBJ":"Not Applicable","INLND_WTRS":"Not Reported","OECM_ASMT":"Not Applicable","layer":"WDPA_W~1"}},{"type":"Feature","geometry":{"type":"Polygon","coordinates":[[[-64.90988,-30.10523],[-64.94563,-29.96559],[-64.96665,-29.96603],[-64.98093,-30.04153],[-64.93924,-30.1457],[-64.90988,-30.10523]]]},"properties":{"fid":60,"SITE_ID":16892,"SITE_PID":"16892","SITE_TYPE":"PA","NAME_ENG":"Monte de las Barrancas","NAME":"Monte de las Barrancas","DESIG":"Refugio de Vida Silvestre","DESIG_ENG":"Wildlife Refuge","DESIG_TYPE":"National","IUCN_CAT":"VI","INT_CRIT":"Not Applicable","REALM":"Terrestrial","REP_M_AREA":0,"GIS_M_AREA":0,"REP_AREA":76.56,"GIS_AREA":76.5179635341516,"NO_TAKE":"Not Applicable","NO_TK_AREA":0,"STATUS":"Designated","STATUS_YR":1988,"GOV_TYPE":"Sub-national ministry or agency","GOVSUBTYPE":"Not Applicable","OWN_TYPE":"Not Reported","OWNSUBTYPE":"Not Applicable","MANG_AUTH":"Not Reported","MANG_PLAN":"Not Reported","VERIF":"State Verified","METADATAID":1852,"PRNT_ISO3":"ARG","ISO3":"ARG","SUPP_INFO":"Not Applicable","CONS_OBJ":"Not Applicable","INLND_WTRS":"Not Reported","OECM_ASMT":"Not Applicable","layer":"WDPA_W~1"}},{"type":"Feature","geometry":{"type":"Polygon","coordinates":[[[-65.49943,-31.34016],[-65.4708,-31.39932],[-65.39112,-31.40038],[-65.41059,-31.34113],[-65.49943,-31.34016]]]},"properties":{"fid":61,"SITE_ID":16893,"SITE_PID":"16893","SITE_TYPE":"PA","NAME_ENG":"Chancani","NAME":"Chancani","DESIG":"Parque Natural Provincial y Reserva Forestal Natural","DESIG_ENG":"Provincial Nature Park and Natural Forest Reserve","DESIG_TYPE":"National","IUCN_CAT":"VI","INT_CRIT":"Not Applicable","REALM":"Terrestrial","REP_M_AREA":0,"GIS_M_AREA":0,"REP_AREA":49.6,"GIS_AREA":50.043353046701,"NO_TAKE":"Not Applicable","NO_TK_AREA":0,"STATUS":"Designated","STATUS_YR":1986,"GOV_TYPE":"Sub-national ministry or agency","GOVSUBTYPE":"Not Applicable","OWN_TYPE":"Not Reported","OWNSUBTYPE":"Not Applicable","MANG_AUTH":"Not Reported","MANG_PLAN":"Not Reported","VERIF":"State Verified","METADATAID":1852,"PRNT_ISO3":"ARG","ISO3":"ARG","SUPP_INFO":"Not Applicable","CONS_OBJ":"Not Applicable","INLND_WTRS":"Not Reported","OECM_ASMT":"Not Applicable","layer":"WDPA_W~1"}},{"type":"Feature","geometry":{"type":"Polygon","coordinates":[[[-65.96817,-22.27733],[-65.97898,-22.27869],[-65.97721,-22.27346],[-65.97109,-22.26647],[-66.00462,-22.24748],[-65.99117,-22.28219],[-65.99221,-22.28655],[-66.01108,-22.29547],[-66.01285,-22.29586],[-66.01535,-22.29518],[-66.01461,-22.29741],[-66.01451,-22.2976],[-66.01576,-22.29945],[-66.02306,-22.30187],[-66.02904,-22.30278],[-66.03902,-22.30934],[-66.03674,-22.334],[-66.04416,-22.35866],[-66.04662,-22.36618],[-66.04698,-22.37925],[-66.04801,-22.38709],[-66.04327,-22.39404],[-66.04452,-22.4076],[-66.03236,-22.4257],[-66.02409,-22.44244],[-66.01728,-22.4456],[-65.97398,-22.40534],[-65.96828,-22.38959],[-65.96781,-22.3883],[-65.96501,-22.38055],[-65.96254,-22.36762],[-65.96222,-22.36594],[-65.96099,-22.36153],[-65.95763,-22.34949],[-65.95706,-22.34609],[-65.95537,-22.33608],[-65.94501,-22.29542],[-65.95359,-22.27009],[-65.96817,-22.27733]]]},"properties":{"fid":62,"SITE_ID":16894,"SITE_PID":"16894_1","SITE_TYPE":"PA","NAME_ENG":"Laguna de los Pozuelos - Zona núcleo","NAME":"Laguna de los Pozuelos - Zona núcleo","DESIG":"Reserva de la Biósfera","DESIG_ENG":"UNESCO-MAB Biosphere Reserve","DESIG_TYPE":"International","IUCN_CAT":"Not Applicable","INT_CRIT":"Not Applicable","REALM":"Terrestrial","REP_M_AREA":0,"GIS_M_AREA":0,"REP_AREA":3640,"GIS_AREA":135.593022519591,"NO_TAKE":"Not Applicable","NO_TK_AREA":0,"STATUS":"Designated","STATUS_YR":1990,"GOV_TYPE":"Not Reported","GOVSUBTYPE":"Not Applicable","OWN_TYPE":"Not Reported","OWNSUBTYPE":"Not Applicable","MANG_AUTH":"Not Reported","MANG_PLAN":"Not Reported","VERIF":"State Verified","METADATAID":1852,"PRNT_ISO3":"ARG","ISO3":"ARG","SUPP_INFO":"Not Applicable","CONS_OBJ":"Not Applicable","INLND_WTRS":"Not Reported","OECM_ASMT":"Not Applicable","layer":"WDPA_W~1"}},{"type":"Feature","geometry":{"type":"Polygon","coordinates":[[[-66.04885,-21.91841],[-66.04379,-21.87201],[-66.07748,-21.8349],[-66.12798,-21.81731],[-66.16952,-21.83391],[-66.16672,-21.85504],[-66.19503,-21.86822],[-66.18374,-21.892],[-66.2149,-21.91045],[-66.25975,-21.91192],[-66.27267,-21.94131],[-66.21788,-22.00553],[-66.26317,-21.99225],[-66.27862,-22.00398],[-66.24625,-22.03718],[-66.23781,-22.07152],[-66.26619,-22.09789],[-66.27492,-22.21408],[-66.30616,-22.23251],[-66.2325,-22.29073],[-66.21838,-22.33301],[-66.22696,-22.36997],[-66.29237,-22.42268],[-66.2755,-22.50722],[-66.36077,-22.50969],[-66.35812,-22.58364],[-66.40657,-22.6205],[-66.36975,-22.67869],[-66.40125,-22.74727],[-66.4554,-22.76297],[-66.40724,-22.84496],[-66.34179,-22.87681],[-66.28477,-22.86636],[-66.16213,-22.77938],[-66.08808,-22.77152],[-66.03113,-22.79002],[-66.00264,-22.74249],[-65.94003,-22.68702],[-65.85179,-22.70017],[-65.82622,-22.66317],[-65.81776,-22.60243],[-65.78081,-22.58917],[-65.74108,-22.54158],[-65.75271,-22.40163],[-65.6563,-22.33807],[-65.63656,-22.28785],[-65.6366,-22.27201],[-65.7019,-22.25101],[-65.71333,-22.21142],[-65.70209,-22.16386],[-65.72865,-22.10503],[-65.80544,-22.0749],[-65.92579,-21.93294],[-66.04885,-21.91841]],[[-66.01108,-22.29547],[-65.99221,-22.28655],[-65.99117,-22.28219],[-66.00462,-22.24748],[-65.97109,-22.26647],[-65.97721,-22.27346],[-65.97898,-22.27869],[-65.96817,-22.27733],[-65.95359,-22.27009],[-65.94501,-22.29542],[-65.95537,-22.33608],[-65.95763,-22.34949],[-65.96222,-22.36594],[-65.96501,-22.38055],[-65.96828,-22.38959],[-65.97398,-22.40534],[-66.01728,-22.4456],[-66.02409,-22.44244],[-66.03236,-22.4257],[-66.04452,-22.4076],[-66.04327,-22.39404],[-66.04801,-22.38709],[-66.04698,-22.37925],[-66.04662,-22.36618],[-66.04416,-22.35866],[-66.03674,-22.334],[-66.03902,-22.30934],[-66.02904,-22.30278],[-66.02306,-22.30187],[-66.01576,-22.29945],[-66.01451,-22.2976],[-66.01461,-22.29741],[-66.01535,-22.29518],[-66.01285,-22.29586],[-66.01108,-22.29547]]]},"properties":{"fid":63,"SITE_ID":16894,"SITE_PID":"16894_2","SITE_TYPE":"PA","NAME_ENG":"Laguna de los Pozuelos - Zona de amortiguamiento","NAME":"Laguna de los Pozuelos - Zona de amortiguamiento","DESIG":"Reserva de la Biósfera","DESIG_ENG":"UNESCO-MAB Biosphere Reserve","DESIG_TYPE":"International","IUCN_CAT":"Not Applicable","INT_CRIT":"Not Applicable","REALM":"Terrestrial","REP_M_AREA":0,"GIS_M_AREA":0,"REP_AREA":160,"GIS_AREA":5239.33981844782,"NO_TAKE":"Not Applicable","NO_TK_AREA":0,"STATUS":"Designated","STATUS_YR":1990,"GOV_TYPE":"Not Reported","GOVSUBTYPE":"Not Applicable","OWN_TYPE":"Not Reported","OWNSUBTYPE":"Not Applicable","MANG_AUTH":"Not Reported","MANG_PLAN":"Not Reported","VERIF":"State Verified","METADATAID":1852,"PRNT_ISO3":"ARG","ISO3":"ARG","SUPP_INFO":"Not Applicable","CONS_OBJ":"Not Applicable","INLND_WTRS":"Not Reported","OECM_ASMT":"Not Applicable","layer":"WDPA_W~1"}},{"type":"Feature","geometry":{"type":"Polygon","coordinates":[[[-66.87024,-23.36587],[-66.8764,-23.43693],[-66.96483,-23.63249],[-66.98059,-23.81684],[-67.03588,-23.85596],[-66.99639,-23.88579],[-66.97589,-23.92209],[-66.9729,-23.92416],[-66.96634,-23.93428],[-66.95976,-23.94215],[-66.95164,-23.95013],[-66.94314,-23.96029],[-66.94104,-23.96857],[-66.94227,-23.97267],[-66.94124,-23.97609],[-66.9366,-23.97949],[-66.93062,-23.97987],[-66.89858,-23.97363],[-66.883,-23.97189],[-66.87962,-23.97528],[-66.88042,-23.98757],[-66.88184,-24.00459],[-66.881,-24.01301],[-66.87737,-24.01916],[-66.87133,-24.02269],[-66.8625,-24.03844],[-66.84857,-24.05862],[-66.83664,-24.07187],[-66.8069,-24.09102],[-66.80063,-24.09582],[-66.74577,-24.09064],[-66.72363,-24.13271],[-66.67369,-24.16379],[-66.67381,-24.12459],[-66.68033,-24.09938],[-66.69081,-23.72183],[-66.70674,-23.58001],[-66.65795,-23.53388],[-66.67497,-23.4805],[-66.66611,-23.36484],[-66.87024,-23.36587]]]},"properties":{"fid":64,"SITE_ID":16895,"SITE_PID":"16895","SITE_TYPE":"PA","NAME_ENG":"Olaroz Caucharí","NAME":"Olaroz Caucharí","DESIG":"Reserva Provincial de Fauna","DESIG_ENG":"Provincial Faunal Reserve","DESIG_TYPE":"National","IUCN_CAT":"VI","INT_CRIT":"Not Applicable","REALM":"Terrestrial","REP_M_AREA":0,"GIS_M_AREA":0,"REP_AREA":2057.21,"GIS_AREA":2092.96983338089,"NO_TAKE":"Not Applicable","NO_TK_AREA":0,"STATUS":"Designated","STATUS_YR":1981,"GOV_TYPE":"Sub-national ministry or agency","GOVSUBTYPE":"Not Applicable","OWN_TYPE":"Not Reported","OWNSUBTYPE":"Not Applicable","MANG_AUTH":"Not Reported","MANG_PLAN":"Not Reported","VERIF":"State Verified","METADATAID":1852,"PRNT_ISO3":"ARG","ISO3":"ARG","SUPP_INFO":"Not Applicable","CONS_OBJ":"Not Applicable","INLND_WTRS":"Not Reported","OECM_ASMT":"Not Applicable","layer":"WDPA_W~1"}},{"type":"Feature","geometry":{"type":"Polygon","coordinates":[[[-66.49562,-48.43393],[-66.46674,-48.42504],[-66.44896,-48.41394],[-66.43341,-48.37617],[-66.34455,-48.37617],[-66.33566,-48.36062],[-66.3601,-48.35173],[-66.40897,-48.34284],[-66.48673,-48.3584],[-66.49562,-48.43393]]]},"properties":{"fid":65,"SITE_ID":16899,"SITE_PID":"16899","SITE_TYPE":"PA","NAME_ENG":"Bahía Laura","NAME":"Bahía Laura","DESIG":"Reserva Natural Intangible","DESIG_ENG":"Intangible Nature Reserve","DESIG_TYPE":"National","IUCN_CAT":"IV","INT_CRIT":"Not Applicable","REALM":"Coastal","REP_M_AREA":0,"GIS_M_AREA":37.0043535419557,"REP_AREA":16.57,"GIS_AREA":51.8397887685054,"NO_TAKE":"Not Reported","NO_TK_AREA":0,"STATUS":"Designated","STATUS_YR":1977,"GOV_TYPE":"Sub-national ministry or agency","GOVSUBTYPE":"Not Applicable","OWN_TYPE":"Not Reported","OWNSUBTYPE":"Not Applicable","MANG_AUTH":"Not Reported","MANG_PLAN":"Not Reported","VERIF":"State Verified","METADATAID":1852,"PRNT_ISO3":"ARG","ISO3":"ARG","SUPP_INFO":"Not Applicable","CONS_OBJ":"Not Applicable","INLND_WTRS":"Not Reported","OECM_ASMT":"Not Applicable","layer":"WDPA_W~1"}},{"type":"Feature","geometry":{"type":"Polygon","coordinates":[[[-65.90031,-47.75133],[-65.991,-47.74159],[-66.00986,-47.72299],[-66.00841,-47.74012],[-66.04613,-47.74794],[-66.10862,-47.79535],[-66.29088,-47.86158],[-66.39658,-47.8505],[-66.45711,-47.87376],[-66.52472,-47.87151],[-66.45061,-47.87916],[-66.37487,-47.86378],[-66.3037,-47.87818],[-66.09631,-47.81445],[-66.00986,-47.7548],[-65.9939,-47.7685],[-65.90031,-47.75133]]]},"properties":{"fid":66,"SITE_ID":16900,"SITE_PID":"16900","SITE_TYPE":"PA","NAME_ENG":"Ría de Puerto Deseado","NAME":"Ría de Puerto Deseado","DESIG":"Reserva Natural Intangible","DESIG_ENG":"Intangible Nature Reserve","DESIG_TYPE":"National","IUCN_CAT":"VI","INT_CRIT":"Not Applicable","REALM":"Coastal","REP_M_AREA":0,"GIS_M_AREA":36.7848244843393,"REP_AREA":34.4,"GIS_AREA":75.553502671251,"NO_TAKE":"Not Reported","NO_TK_AREA":0,"STATUS":"Designated","STATUS_YR":1977,"GOV_TYPE":"Sub-national ministry or agency","GOVSUBTYPE":"Not Applicable","OWN_TYPE":"Not Reported","OWNSUBTYPE":"Not Applicable","MANG_AUTH":"Not Reported","MANG_PLAN":"Not Reported","VERIF":"State Verified","METADATAID":1852,"PRNT_ISO3":"ARG","ISO3":"ARG","SUPP_INFO":"Not Applicable","CONS_OBJ":"Not Applicable","INLND_WTRS":"Not Reported","OECM_ASMT":"Not Applicable","layer":"WDPA_W~1"}},{"type":"Feature","geometry":{"type":"Polygon","coordinates":[[[-65.70838,-47.25335],[-65.69941,-47.22644],[-65.79809,-47.16664],[-65.81602,-47.12777],[-65.83097,-47.13076],[-65.83097,-47.16365],[-65.77715,-47.21747],[-65.70838,-47.25335]]]},"properties":{"fid":67,"SITE_ID":16901,"SITE_PID":"16901","SITE_TYPE":"PA","NAME_ENG":"Cabo Blanco","NAME":"Cabo Blanco","DESIG":"Reserva Natural Intangible","DESIG_ENG":"Intangible Nature Reserve","DESIG_TYPE":"National","IUCN_CAT":"IV","INT_CRIT":"Not Applicable","REALM":"Coastal","REP_M_AREA":0,"GIS_M_AREA":20.1217050750412,"REP_AREA":73.7,"GIS_AREA":36.5682784172701,"NO_TAKE":"Not Reported","NO_TK_AREA":0,"STATUS":"Designated","STATUS_YR":1977,"GOV_TYPE":"Sub-national ministry or agency","GOVSUBTYPE":"Not Applicable","OWN_TYPE":"Not Reported","OWNSUBTYPE":"Not Applicable","MANG_AUTH":"Not Reported","MANG_PLAN":"Not Reported","VERIF":"State Verified","METADATAID":1852,"PRNT_ISO3":"ARG","ISO3":"ARG","SUPP_INFO":"Not Applicable","CONS_OBJ":"Not Applicable","INLND_WTRS":"Not Reported","OECM_ASMT":"Not Applicable","layer":"WDPA_W~1"}},{"type":"Feature","geometry":{"type":"Polygon","coordinates":[[[-62.27209,-39.8306],[-62.38883,-39.83237],[-62.39949,-40.16349],[-62.53447,-40.27029],[-62.5388,-40.36294],[-62.44861,-40.47788],[-62.53115,-40.48918],[-62.53101,-40.77064],[-62.27296,-40.77662],[-62.22565,-40.67869],[-62.17567,-40.64303],[-62.17533,-40.58168],[-62.422,-40.4608],[-62.42351,-40.42964],[-62.4925,-40.33225],[-62.48931,-40.3052],[-62.46686,-40.28043],[-62.45206,-40.26125],[-62.42881,-40.24861],[-62.40171,-40.24028],[-62.3836,-40.22949],[-62.37195,-40.22016],[-62.34026,-40.18817],[-62.3261,-40.16558],[-62.32763,-40.15519],[-62.32864,-40.14281],[-62.34002,-40.11805],[-62.3419,-40.10525],[-62.34519,-40.09514],[-62.34671,-40.08196],[-62.34354,-40.07238],[-62.3435,-40.05915],[-62.34139,-40.05076],[-62.33874,-40.03998],[-62.33185,-40.00724],[-62.34084,-39.98362],[-62.34465,-39.97278],[-62.33819,-39.96442],[-62.33945,-39.95752],[-62.32198,-39.93389],[-62.33076,-39.85952],[-62.27664,-39.85424],[-62.27209,-39.8306]]]},"properties":{"fid":68,"SITE_ID":19602,"SITE_PID":"19602","SITE_TYPE":"PA","NAME_ENG":"Bahía San Blas","NAME":"Bahia San Blas","DESIG":"Refugio de Vida Silvestre","DESIG_ENG":"Wildlife Refuge","DESIG_TYPE":"National","IUCN_CAT":"VI","INT_CRIT":"Not Applicable","REALM":"Terrestrial","REP_M_AREA":0,"GIS_M_AREA":27.4186274089727,"REP_AREA":1219.13,"GIS_AREA":1220.51801049081,"NO_TAKE":"Not Applicable","NO_TK_AREA":0,"STATUS":"Designated","STATUS_YR":2001,"GOV_TYPE":"Not Reported","GOVSUBTYPE":"Not Applicable","OWN_TYPE":"Not Reported","OWNSUBTYPE":"Not Applicable","MANG_AUTH":"Not Reported","MANG_PLAN":"Not Reported","VERIF":"State Verified","METADATAID":1852,"PRNT_ISO3":"ARG","ISO3":"ARG","SUPP_INFO":"Not Applicable","CONS_OBJ":"Not Applicable","INLND_WTRS":"Not Reported","OECM_ASMT":"Not Applicable","layer":"WDPA_W~1"}},{"type":"Feature","geometry":{"type":"Polygon","coordinates":[[[-65.57488,-44.89833],[-65.57518,-44.90667],[-65.57449,-44.90755],[-65.53646,-44.92676],[-65.54486,-44.91331],[-65.55708,-44.91451],[-65.56124,-44.90662],[-65.57245,-44.9048],[-65.57043,-44.90112],[-65.5714,-44.89984],[-65.57266,-44.8989],[-65.57488,-44.89833]]]},"properties":{"fid":69,"SITE_ID":19603,"SITE_PID":"19603","SITE_TYPE":"PA","NAME_ENG":"Cabo dos Bahías","NAME":"Cabo dos Bahías","DESIG":"Reserva Natural Turística","DESIG_ENG":"Tourist Nature Reserve","DESIG_TYPE":"National","IUCN_CAT":"IV","INT_CRIT":"Not Applicable","REALM":"Terrestrial","REP_M_AREA":0,"GIS_M_AREA":0.077263383196489,"REP_AREA":1.6,"GIS_AREA":1.94109082527844,"NO_TAKE":"Not Applicable","NO_TK_AREA":0,"STATUS":"Designated","STATUS_YR":1973,"GOV_TYPE":"Sub-national ministry or agency","GOVSUBTYPE":"Not Applicable","OWN_TYPE":"Not Reported","OWNSUBTYPE":"Not Applicable","MANG_AUTH":"Not Reported","MANG_PLAN":"Not Reported","VERIF":"State Verified","METADATAID":1852,"PRNT_ISO3":"ARG","ISO3":"ARG","SUPP_INFO":"Not Applicable","CONS_OBJ":"Not Applicable","INLND_WTRS":"Not Reported","OECM_ASMT":"Not Applicable","layer":"WDPA_W~1"}},{"type":"Feature","geometry":{"type":"Polygon","coordinates":[[[-57.71666,-34.9279],[-57.93953,-35.11314],[-57.72148,-35.24833],[-57.55576,-35.31374],[-57.52087,-35.31374],[-57.38568,-35.39224],[-57.35952,-35.42713],[-57.35777,-35.51784],[-57.29846,-35.5911],[-57.44848,-35.83532],[-57.46941,-35.93998],[-57.45895,-36.08651],[-57.36754,-36.46539],[-57.3173,-36.51563],[-57.18612,-36.46818],[-57.11356,-36.46539],[-57.09681,-36.47377],[-57.07448,-36.49889],[-57.00191,-36.48214],[-56.94051,-36.4319],[-56.83724,-36.41516],[-56.80933,-36.38725],[-56.74235,-36.38725],[-56.79864,-36.32656],[-56.79538,-36.32305],[-56.8053,-36.32339],[-56.81206,-36.32488],[-56.8184,-36.32502],[-56.83324,-36.3279],[-56.85334,-36.32359],[-56.85872,-36.32852],[-56.86113,-36.33002],[-56.86606,-36.32231],[-56.87157,-36.32355],[-56.87306,-36.3289],[-56.87721,-36.33006],[-56.87902,-36.32997],[-56.88183,-36.33011],[-56.88797,-36.33082],[-56.89157,-36.33312],[-56.90012,-36.33348],[-56.90334,-36.33485],[-56.9053,-36.33794],[-56.91427,-36.3383],[-56.91398,-36.33747],[-56.91447,-36.33676],[-56.91611,-36.33597],[-56.9183,-36.336],[-56.92062,-36.3342],[-56.92296,-36.33473],[-56.9277,-36.332],[-56.93264,-36.33365],[-56.94374,-36.33375],[-56.94623,-36.33441],[-56.94935,-36.33319],[-56.9522,-36.33535],[-56.95326,-36.33263],[-56.95373,-36.33275],[-56.95664,-36.33281],[-56.96045,-36.33315],[-56.96189,-36.33158],[-56.97062,-36.33066],[-56.97601,-36.33135],[-56.97857,-36.33284],[-56.98229,-36.32992],[-56.98934,-36.32957],[-56.99536,-36.32799],[-56.99984,-36.32794],[-57.00648,-36.32586],[-57.00998,-36.32519],[-57.01594,-36.32373],[-57.10796,-36.27688],[-57.13589,-36.25886],[-57.20015,-36.20371],[-57.23177,-36.1753],[-57.24398,-36.16211],[-57.25025,-36.15671],[-57.26099,-36.14405],[-57.2706,-36.13493],[-57.28057,-36.12668],[-57.28228,-36.12237],[-57.29307,-36.10454],[-57.29368,-36.1016],[-57.29603,-36.09965],[-57.30035,-36.09649],[-57.30335,-36.09419],[-57.31752,-36.07155],[-57.31953,-36.06405],[-57.32489,-36.05976],[-57.32902,-36.05287],[-57.33033,-36.049],[-57.33046,-36.04821],[-57.33196,-36.04541],[-57.33227,-36.04386],[-57.33372,-36.04321],[-57.33364,-36.0446],[-57.33445,-36.0474],[-57.33494,-36.05024],[-57.35087,-36.0282],[-57.35475,-36.02029],[-57.34995,-36.01799],[-57.35607,-36.01142],[-57.3543,-36.00983],[-57.35976,-35.9994],[-57.36083,-35.99668],[-57.36071,-35.99549],[-57.36183,-35.99167],[-57.36346,-35.98693],[-57.36758,-35.9782],[-57.36952,-35.97678],[-57.37048,-35.9715],[-57.3711,-35.96959],[-57.37453,-35.9592],[-57.37064,-35.95547],[-57.36964,-35.95447],[-57.36916,-35.95054],[-57.38486,-35.90712],[-57.3843,-35.89949],[-57.38515,-35.89164],[-57.38489,-35.88177],[-57.38461,-35.87456],[-57.38641,-35.86293],[-57.3828,-35.8418],[-57.3848,-35.83456],[-57.3843,-35.82952],[-57.36379,-35.74683],[-57.35728,-35.73769],[-57.34968,-35.72701],[-57.34814,-35.72446],[-57.34737,-35.7167],[-57.34387,-35.7148],[-57.34324,-35.71446],[-57.3421,-35.71327],[-57.34077,-35.71297],[-57.34011,-35.71119],[-57.32961,-35.69886],[-57.32439,-35.69441],[-57.29677,-35.65783],[-57.29438,-35.65583],[-57.29169,-35.6519],[-57.28808,-35.64769],[-57.28505,-35.64439],[-57.282,-35.63992],[-57.27876,-35.63541],[-57.27264,-35.62746],[-57.25946,-35.61013],[-57.25588,-35.60406],[-57.24245,-35.58716],[-57.23794,-35.58432],[-57.23809,-35.58104],[-57.23055,-35.5722],[-57.22373,-35.56755],[-57.22002,-35.56222],[-57.20096,-35.54322],[-57.18942,-35.53282],[-57.18577,-35.52532],[-57.16798,-35.50842],[-57.1528,-35.49518],[-57.14647,-35.48194],[-57.14113,-35.47537],[-57.13891,-35.46561],[-57.13097,-35.45141],[-57.12662,-35.44513],[-57.128,-35.42494],[-57.13538,-35.41409],[-57.14314,-35.39678],[-57.15047,-35.38309],[-57.15955,-35.37296],[-57.17028,-35.36041],[-57.17496,-35.34793],[-57.1878,-35.33091],[-57.19724,-35.31385],[-57.2104,-35.29532],[-57.2238,-35.27816],[-57.23994,-35.25667],[-57.24932,-35.25522],[-57.29358,-35.21885],[-57.30753,-35.19443],[-57.35638,-35.14209],[-57.37382,-35.13512],[-57.413,-35.10538],[-57.43611,-35.09522],[-57.43932,-35.08722],[-57.45136,-35.08043],[-57.47048,-35.06117],[-57.48649,-35.05501],[-57.49712,-35.03929],[-57.52035,-35.02348],[-57.57246,-35.00879],[-57.65641,-34.94323],[-57.71666,-34.9279]]]},"properties":{"fid":70,"SITE_ID":19604,"SITE_PID":"19604","SITE_TYPE":"PA","NAME_ENG":"Bahía de Samborombón","NAME":"Bahía de Samborombón","DESIG":"Reserva Natural Integral","DESIG_ENG":"Integral Nature Reserve","DESIG_TYPE":"National","IUCN_CAT":"VI","INT_CRIT":"Not Applicable","REALM":"Terrestrial","REP_M_AREA":0,"GIS_M_AREA":23.2742116065511,"REP_AREA":4023.51,"GIS_AREA":3871.70509745243,"NO_TAKE":"Not Applicable","NO_TK_AREA":0,"STATUS":"Designated","STATUS_YR":1997,"GOV_TYPE":"Sub-national ministry or agency","GOVSUBTYPE":"Not Applicable","OWN_TYPE":"Not Reported","OWNSUBTYPE":"Not Applicable","MANG_AUTH":"Not Reported","MANG_PLAN":"Not Reported","VERIF":"State Verified","METADATAID":1852,"PRNT_ISO3":"ARG","ISO3":"ARG","SUPP_INFO":"Not Applicable","CONS_OBJ":"Not Applicable","INLND_WTRS":"Not Reported","OECM_ASMT":"Not Applicable","layer":"WDPA_W~1"}},{"type":"Feature","geometry":{"type":"Polygon","coordinates":[[[-59.67858,-29.91416],[-59.64817,-29.90732],[-59.67765,-29.86644],[-59.70225,-29.86624],[-59.67858,-29.91416]]]},"properties":{"fid":71,"SITE_ID":19605,"SITE_PID":"19605","SITE_TYPE":"PA","NAME_ENG":"Del Medio - Los Caballos","NAME":"Del Medio - Los Caballos","DESIG":"Parque Natural Provincial","DESIG_ENG":"Provincial Nature Park","DESIG_TYPE":"National","IUCN_CAT":"II","INT_CRIT":"Not Applicable","REALM":"Terrestrial","REP_M_AREA":0,"GIS_M_AREA":0,"REP_AREA":20.5,"GIS_AREA":15.9997926480632,"NO_TAKE":"Not Applicable","NO_TK_AREA":0,"STATUS":"Designated","STATUS_YR":1970,"GOV_TYPE":"Sub-national ministry or agency","GOVSUBTYPE":"Not Applicable","OWN_TYPE":"Not Reported","OWNSUBTYPE":"Not Applicable","MANG_AUTH":"Not Reported","MANG_PLAN":"Not Reported","VERIF":"State Verified","METADATAID":1852,"PRNT_ISO3":"ARG","ISO3":"ARG","SUPP_INFO":"Not Applicable","CONS_OBJ":"Not Applicable","INLND_WTRS":"Not Reported","OECM_ASMT":"Not Applicable","layer":"WDPA_W~1"}},{"type":"Feature","geometry":{"type":"Polygon","coordinates":[[[-66.25899,-37.28672],[-66.25576,-37.38762],[-66.17625,-37.38779],[-66.16168,-37.33881],[-66.17973,-37.33878],[-66.1796,-37.28833],[-66.25899,-37.28672]]]},"properties":{"fid":72,"SITE_ID":19606,"SITE_PID":"19606","SITE_TYPE":"PA","NAME_ENG":"La Reforma","NAME":"La Reforma","DESIG":"Reserva Natural","DESIG_ENG":"Nature Reserve","DESIG_TYPE":"National","IUCN_CAT":"VI","INT_CRIT":"Not Applicable","REALM":"Terrestrial","REP_M_AREA":0,"GIS_M_AREA":0,"REP_AREA":50,"GIS_AREA":82.935882904933,"NO_TAKE":"Not Applicable","NO_TK_AREA":0,"STATUS":"Designated","STATUS_YR":1974,"GOV_TYPE":"Sub-national ministry or agency","GOVSUBTYPE":"Not Applicable","OWN_TYPE":"Not Reported","OWNSUBTYPE":"Not Applicable","MANG_AUTH":"Not Reported","MANG_PLAN":"Not Reported","VERIF":"State Verified","METADATAID":1852,"PRNT_ISO3":"ARG","ISO3":"ARG","SUPP_INFO":"Not Applicable","CONS_OBJ":"Not Applicable","INLND_WTRS":"Not Reported","OECM_ASMT":"Not Applicable","layer":"WDPA_W~1"}},{"type":"Feature","geometry":{"type":"Polygon","coordinates":[[[-65.42761,-26.81469],[-65.40182,-26.81509],[-65.38797,-26.78333],[-65.35214,-26.77512],[-65.3442,-26.69357],[-65.37657,-26.61171],[-65.4184,-26.64258],[-65.41004,-26.74317],[-65.42761,-26.81469]]]},"properties":{"fid":73,"SITE_ID":19611,"SITE_PID":"19611","SITE_TYPE":"PA","NAME_ENG":"Sierra de San Javier","NAME":"Sierra de San Javier","DESIG":"Parque Universitario","DESIG_ENG":"University Park","DESIG_TYPE":"National","IUCN_CAT":"II","INT_CRIT":"Not Applicable","REALM":"Terrestrial","REP_M_AREA":0,"GIS_M_AREA":0,"REP_AREA":141.74,"GIS_AREA":121.281620539286,"NO_TAKE":"Not Applicable","NO_TK_AREA":0,"STATUS":"Designated","STATUS_YR":1973,"GOV_TYPE":"Sub-national ministry or agency","GOVSUBTYPE":"Not Applicable","OWN_TYPE":"Not Reported","OWNSUBTYPE":"Not Applicable","MANG_AUTH":"Not Reported","MANG_PLAN":"Not Reported","VERIF":"State Verified","METADATAID":1852,"PRNT_ISO3":"ARG","ISO3":"ARG","SUPP_INFO":"Not Applicable","CONS_OBJ":"Not Applicable","INLND_WTRS":"Not Reported","OECM_ASMT":"Not Applicable","layer":"WDPA_W~1"}},{"type":"Feature","geometry":{"type":"Polygon","coordinates":[[[-65.23097,-44.0447],[-65.21882,-44.05953],[-65.18747,-44.03807],[-65.23097,-44.0447]]]},"properties":{"fid":74,"SITE_ID":19612,"SITE_PID":"19612","SITE_TYPE":"PA","NAME_ENG":"Punta Tombo","NAME":"Punta Tombo","DESIG":"Reserva Natural Turística","DESIG_ENG":"Tourist Nature Reserve","DESIG_TYPE":"National","IUCN_CAT":"IV","INT_CRIT":"Not Applicable","REALM":"Coastal","REP_M_AREA":0,"GIS_M_AREA":0.658376865541211,"REP_AREA":2.1,"GIS_AREA":2.37023580847288,"NO_TAKE":"Not Reported","NO_TK_AREA":0,"STATUS":"Designated","STATUS_YR":1972,"GOV_TYPE":"Sub-national ministry or agency","GOVSUBTYPE":"Not Applicable","OWN_TYPE":"Not Reported","OWNSUBTYPE":"Not Applicable","MANG_AUTH":"Not Reported","MANG_PLAN":"Not Reported","VERIF":"State Verified","METADATAID":1852,"PRNT_ISO3":"ARG","ISO3":"ARG","SUPP_INFO":"Not Applicable","CONS_OBJ":"Not Applicable","INLND_WTRS":"Not Reported","OECM_ASMT":"Not Applicable","layer":"WDPA_W~1"}},{"type":"Feature","geometry":{"type":"Polygon","coordinates":[[[-64.30899,-36.87796],[-64.30458,-36.96493],[-64.24344,-36.96704],[-64.2404,-36.93699],[-64.17442,-36.93399],[-64.17709,-36.87401],[-64.30899,-36.87796]]]},"properties":{"fid":75,"SITE_ID":19616,"SITE_PID":"19616","SITE_TYPE":"PA","NAME_ENG":"Parque Luro","NAME":"Parque Luro","DESIG":"Reserva Flora y Fauna con Recursos Manejados","DESIG_ENG":"Flora and Fauna Reserve with Managed Resources","DESIG_TYPE":"National","IUCN_CAT":"VI","INT_CRIT":"Not Applicable","REALM":"Terrestrial","REP_M_AREA":0,"GIS_M_AREA":0,"REP_AREA":76.08,"GIS_AREA":96.7723937575204,"NO_TAKE":"Not Applicable","NO_TK_AREA":0,"STATUS":"Designated","STATUS_YR":1967,"GOV_TYPE":"Sub-national ministry or agency","GOVSUBTYPE":"Not Applicable","OWN_TYPE":"Not Reported","OWNSUBTYPE":"Not Applicable","MANG_AUTH":"Not Reported","MANG_PLAN":"Not Reported","VERIF":"State Verified","METADATAID":1852,"PRNT_ISO3":"ARG","ISO3":"ARG","SUPP_INFO":"Not Applicable","CONS_OBJ":"Not Applicable","INLND_WTRS":"Not Reported","OECM_ASMT":"Not Applicable","layer":"WDPA_W~1"}},{"type":"Feature","geometry":{"type":"Polygon","coordinates":[[[-60.17216,-31.23405],[-60.15333,-31.21731],[-60.17035,-31.22523],[-60.18647,-31.22567],[-60.17216,-31.23405]]]},"properties":{"fid":76,"SITE_ID":19618,"SITE_PID":"19618","SITE_TYPE":"PA","NAME_ENG":"Cayastá","NAME":"Cayastá","DESIG":"Parque Natural Provincial","DESIG_ENG":"Provincial Nature Park","DESIG_TYPE":"National","IUCN_CAT":"II","INT_CRIT":"Not Applicable","REALM":"Terrestrial","REP_M_AREA":0,"GIS_M_AREA":0,"REP_AREA":3,"GIS_AREA":3.70166233571762,"NO_TAKE":"Not Applicable","NO_TK_AREA":0,"STATUS":"Designated","STATUS_YR":1970,"GOV_TYPE":"Sub-national ministry or agency","GOVSUBTYPE":"Not Applicable","OWN_TYPE":"Not Reported","OWNSUBTYPE":"Not Applicable","MANG_AUTH":"Not Reported","MANG_PLAN":"Not Reported","VERIF":"State Verified","METADATAID":1852,"PRNT_ISO3":"ARG","ISO3":"ARG","SUPP_INFO":"Not Applicable","CONS_OBJ":"Not Applicable","INLND_WTRS":"Not Reported","OECM_ASMT":"Not Applicable","layer":"WDPA_W~1"}},{"type":"Feature","geometry":{"type":"MultiPolygon","coordinates":[[[[-69.53745,-33.23397],[-69.5375,-33.24579],[-69.60148,-33.2455],[-69.602,-33.3288],[-69.57262,-33.32894],[-69.55335,-33.35398],[-69.53733,-33.34512],[-69.52626,-33.3697],[-69.48941,-33.32738],[-69.45003,-33.30931],[-69.44779,-33.27943],[-69.53745,-33.23397]]],[[[-69.51467,-33.03335],[-69.87375,-32.87898],[-70.0542,-32.85187],[-69.98874,-32.89434],[-69.99973,-32.94394],[-70.02916,-32.96588],[-70.02853,-33.01851],[-70.07836,-33.02629],[-70.09377,-33.05264],[-70.07035,-33.07277],[-70.07495,-33.12243],[-70.05113,-33.13661],[-70.06645,-33.15718],[-70.06329,-33.20709],[-70.02585,-33.23736],[-70.0367,-33.27002],[-70.00822,-33.28501],[-70.00839,-33.31649],[-69.9706,-33.31067],[-69.91744,-33.26707],[-69.84035,-33.27144],[-69.80023,-33.28704],[-69.77208,-33.35373],[-69.67791,-33.36548],[-69.6775,-33.30619],[-69.69034,-33.30935],[-69.74365,-33.19882],[-69.68108,-33.21659],[-69.68094,-33.19867],[-69.66024,-33.19878],[-69.6599,-33.15323],[-69.61121,-33.15348],[-69.51467,-33.03335]]]]},"properties":{"fid":77,"SITE_ID":19621,"SITE_PID":"19621","SITE_TYPE":"PA","NAME_ENG":"Volcán Tupungato","NAME":"Volcán Tupungato","DESIG":"Parque Provincial","DESIG_ENG":"Provincial Park","DESIG_TYPE":"National","IUCN_CAT":"II","INT_CRIT":"Not Applicable","REALM":"Terrestrial","REP_M_AREA":0,"GIS_M_AREA":0,"REP_AREA":1500,"GIS_AREA":1857.34369626468,"NO_TAKE":"Not Applicable","NO_TK_AREA":0,"STATUS":"Designated","STATUS_YR":1985,"GOV_TYPE":"Sub-national ministry or agency","GOVSUBTYPE":"Not Applicable","OWN_TYPE":"Not Reported","OWNSUBTYPE":"Not Applicable","MANG_AUTH":"Not Reported","MANG_PLAN":"Not Reported","VERIF":"State Verified","METADATAID":1852,"PRNT_ISO3":"ARG","ISO3":"ARG","SUPP_INFO":"Not Applicable","CONS_OBJ":"Not Applicable","INLND_WTRS":"Not Reported","OECM_ASMT":"Not Applicable","layer":"WDPA_W~1"}},{"type":"Feature","geometry":{"type":"Polygon","coordinates":[[[-58.98493,-24.86722],[-58.93885,-24.86689],[-58.93942,-24.80167],[-58.92807,-24.8015],[-58.92893,-24.70284],[-58.9621,-24.69337],[-58.97395,-24.69337],[-58.97339,-24.76172],[-58.94989,-24.77708],[-58.94971,-24.79874],[-58.98548,-24.79899],[-58.98493,-24.86722]]]},"properties":{"fid":78,"SITE_ID":19633,"SITE_PID":"19633","SITE_TYPE":"PA","NAME_ENG":"Agua Dulce","NAME":"Agua Dulce","DESIG":"Reserva de Caza","DESIG_ENG":"Hunting Reserve","DESIG_TYPE":"National","IUCN_CAT":"VI","INT_CRIT":"Not Applicable","REALM":"Terrestrial","REP_M_AREA":0,"GIS_M_AREA":0,"REP_AREA":90.1402,"GIS_AREA":79.2995841161265,"NO_TAKE":"Not Applicable","NO_TK_AREA":0,"STATUS":"Designated","STATUS_YR":1970,"GOV_TYPE":"Not Reported","GOVSUBTYPE":"Not Applicable","OWN_TYPE":"Not Reported","OWNSUBTYPE":"Not Applicable","MANG_AUTH":"Not Reported","MANG_PLAN":"Not Reported","VERIF":"State Verified","METADATAID":1852,"PRNT_ISO3":"ARG","ISO3":"ARG","SUPP_INFO":"Not Applicable","CONS_OBJ":"Not Applicable","INLND_WTRS":"Not Reported","OECM_ASMT":"Not Applicable","layer":"WDPA_W~1"}},{"type":"Feature","geometry":{"type":"Polygon","coordinates":[[[-58.43401,-25.62683],[-58.43877,-25.61454],[-58.40776,-25.61228],[-58.40762,-25.60148],[-58.44378,-25.58925],[-58.47807,-25.60571],[-58.43401,-25.62683]]]},"properties":{"fid":79,"SITE_ID":19634,"SITE_PID":"19634","SITE_TYPE":"PA","NAME_ENG":"Laguna Hu","NAME":"Laguna Hu","DESIG":"Reserva de Caza","DESIG_ENG":"Hunting Reserve","DESIG_TYPE":"National","IUCN_CAT":"VI","INT_CRIT":"Not Applicable","REALM":"Terrestrial","REP_M_AREA":0,"GIS_M_AREA":0,"REP_AREA":18,"GIS_AREA":14.3082937033794,"NO_TAKE":"Not Applicable","NO_TK_AREA":0,"STATUS":"Designated","STATUS_YR":1970,"GOV_TYPE":"Sub-national ministry or agency","GOVSUBTYPE":"Not Applicable","OWN_TYPE":"Not Reported","OWNSUBTYPE":"Not Applicable","MANG_AUTH":"Not Reported","MANG_PLAN":"Not Reported","VERIF":"State Verified","METADATAID":1852,"PRNT_ISO3":"ARG","ISO3":"ARG","SUPP_INFO":"Not Applicable","CONS_OBJ":"Not Applicable","INLND_WTRS":"Not Reported","OECM_ASMT":"Not Applicable","layer":"WDPA_W~1"}},{"type":"Feature","geometry":{"type":"Polygon","coordinates":[[[-64.46363,-43.06529],[-64.42902,-43.0538],[-64.43296,-43.04464],[-64.46363,-43.06529]]]},"properties":{"fid":80,"SITE_ID":20190,"SITE_PID":"20190","SITE_TYPE":"PA","NAME_ENG":"Punta León","NAME":"Punta León","DESIG":"Reserva Natural Turística","DESIG_ENG":"Tourist Nature Reserve","DESIG_TYPE":"National","IUCN_CAT":"Not Reported","INT_CRIT":"Not Applicable","REALM":"Coastal","REP_M_AREA":0,"GIS_M_AREA":1.92693688452697,"REP_AREA":1.5,"GIS_AREA":3.4104563756841,"NO_TAKE":"Not Reported","NO_TK_AREA":0,"STATUS":"Designated","STATUS_YR":1985,"GOV_TYPE":"Sub-national ministry or agency","GOVSUBTYPE":"Not Applicable","OWN_TYPE":"Not Reported","OWNSUBTYPE":"Not Applicable","MANG_AUTH":"Not Reported","MANG_PLAN":"Not Reported","VERIF":"State Verified","METADATAID":1852,"PRNT_ISO3":"ARG","ISO3":"ARG","SUPP_INFO":"Not Applicable","CONS_OBJ":"Not Applicable","INLND_WTRS":"Not Reported","OECM_ASMT":"Not Applicable","layer":"WDPA_W~1"}},{"type":"Feature","geometry":{"type":"Polygon","coordinates":[[[-58.24801,-34.17494],[-58.25827,-34.18171],[-58.25229,-34.19133],[-58.24801,-34.17494]]]},"properties":{"fid":81,"SITE_ID":20194,"SITE_PID":"20194","SITE_TYPE":"PA","NAME_ENG":"Isla Martin Garcia","NAME":"Isla Martin Garcia","DESIG":"Reserva Natural de Uso Múltiple","DESIG_ENG":"Multiple Use Nature Reserve","DESIG_TYPE":"National","IUCN_CAT":"VI","INT_CRIT":"Not Applicable","REALM":"Terrestrial","REP_M_AREA":0,"GIS_M_AREA":0.081943440934271,"REP_AREA":1.9,"GIS_AREA":1.93510349504142,"NO_TAKE":"Not Applicable","NO_TK_AREA":0,"STATUS":"Designated","STATUS_YR":1969,"GOV_TYPE":"Sub-national ministry or agency","GOVSUBTYPE":"Not Applicable","OWN_TYPE":"Not Reported","OWNSUBTYPE":"Not Applicable","MANG_AUTH":"Not Reported","MANG_PLAN":"Not Reported","VERIF":"State Verified","METADATAID":1852,"PRNT_ISO3":"ARG","ISO3":"ARG","SUPP_INFO":"Not Applicable","CONS_OBJ":"Not Applicable","INLND_WTRS":"Not Reported","OECM_ASMT":"Not Applicable","layer":"WDPA_W~1"}},{"type":"Feature","geometry":{"type":"Polygon","coordinates":[[[-70.43543,-43.16934],[-70.4168,-43.15156],[-70.47063,-43.14113],[-70.43543,-43.16934]]]},"properties":{"fid":82,"SITE_ID":20198,"SITE_PID":"20198","SITE_TYPE":"PA","NAME_ENG":"Laguna Aleusco","NAME":"Laguna Aleusco","DESIG":"Reserva Natural Turística","DESIG_ENG":"Tourist Nature Reserve","DESIG_TYPE":"National","IUCN_CAT":"VI","INT_CRIT":"Not Applicable","REALM":"Terrestrial","REP_M_AREA":0,"GIS_M_AREA":0,"REP_AREA":12,"GIS_AREA":10.1584833483827,"NO_TAKE":"Not Applicable","NO_TK_AREA":0,"STATUS":"Designated","STATUS_YR":1983,"GOV_TYPE":"Sub-national ministry or agency","GOVSUBTYPE":"Not Applicable","OWN_TYPE":"Not Reported","OWNSUBTYPE":"Not Applicable","MANG_AUTH":"Not Reported","MANG_PLAN":"Not Reported","VERIF":"State Verified","METADATAID":1852,"PRNT_ISO3":"ARG","ISO3":"ARG","SUPP_INFO":"Not Applicable","CONS_OBJ":"Not Applicable","INLND_WTRS":"Not Reported","OECM_ASMT":"Not Applicable","layer":"WDPA_W~1"}},{"type":"Feature","geometry":{"type":"Polygon","coordinates":[[[-53.91069,-27.17374],[-53.89077,-27.13687],[-53.92432,-27.14519],[-53.92538,-27.15992],[-53.91378,-27.17356],[-53.91069,-27.17374]]]},"properties":{"fid":83,"SITE_ID":21212,"SITE_PID":"21212","SITE_TYPE":"PA","NAME_ENG":"Moconá","NAME":"Moconá","DESIG":"Parque Provincial","DESIG_ENG":"Provincial Park","DESIG_TYPE":"National","IUCN_CAT":"II","INT_CRIT":"Not Applicable","REALM":"Terrestrial","REP_M_AREA":0,"GIS_M_AREA":0,"REP_AREA":9.99,"GIS_AREA":7.53123954655282,"NO_TAKE":"Not Applicable","NO_TK_AREA":0,"STATUS":"Designated","STATUS_YR":1988,"GOV_TYPE":"Sub-national ministry or agency","GOVSUBTYPE":"Not Applicable","OWN_TYPE":"Not Reported","OWNSUBTYPE":"Not Applicable","MANG_AUTH":"Not Reported","MANG_PLAN":"Not Reported","VERIF":"State Verified","METADATAID":1852,"PRNT_ISO3":"ARG","ISO3":"ARG","SUPP_INFO":"Not Applicable","CONS_OBJ":"Not Applicable","INLND_WTRS":"Not Reported","OECM_ASMT":"Not Applicable","layer":"WDPA_W~1"}},{"type":"Feature","geometry":{"type":"Polygon","coordinates":[[[-54.41116,-26.03744],[-54.42637,-26.04223],[-54.43131,-26.10367],[-54.41554,-26.11798],[-54.37273,-26.10801],[-54.37164,-26.0909],[-54.40093,-26.09032],[-54.39285,-26.05649],[-54.37323,-26.05018],[-54.41116,-26.03744]]]},"properties":{"fid":84,"SITE_ID":21213,"SITE_PID":"21213","SITE_TYPE":"PA","NAME_ENG":"Aguaray-mí","NAME":"Aguaray-mí","DESIG":"Reserva Privada","DESIG_ENG":"Private Reserve","DESIG_TYPE":"National","IUCN_CAT":"VI","INT_CRIT":"Not Applicable","REALM":"Terrestrial","REP_M_AREA":0,"GIS_M_AREA":0,"REP_AREA":47.69,"GIS_AREA":32.6708601552415,"NO_TAKE":"Not Applicable","NO_TK_AREA":0,"STATUS":"Designated","STATUS_YR":1988,"GOV_TYPE":"Not Reported","GOVSUBTYPE":"Not Applicable","OWN_TYPE":"Not Reported","OWNSUBTYPE":"Not Applicable","MANG_AUTH":"Not Reported","MANG_PLAN":"Not Reported","VERIF":"State Verified","METADATAID":1852,"PRNT_ISO3":"ARG","ISO3":"ARG","SUPP_INFO":"Not Applicable","CONS_OBJ":"Not Applicable","INLND_WTRS":"Not Reported","OECM_ASMT":"Not Applicable","layer":"WDPA_W~1"}},{"type":"Feature","geometry":{"type":"Polygon","coordinates":[[[-62.06672,-37.99254],[-62.04916,-38.03176],[-62.07413,-38.04987],[-62.01378,-38.08882],[-61.95041,-38.06276],[-61.91832,-38.07181],[-61.9345,-38.09047],[-61.87004,-38.09321],[-61.86894,-38.07977],[-61.93121,-38.03835],[-61.95837,-38.05563],[-62.06672,-37.99254]]]},"properties":{"fid":85,"SITE_ID":21215,"SITE_PID":"21215","SITE_TYPE":"PA","NAME_ENG":"Ernesto Tornquist","NAME":"Ernesto Tornquist","DESIG":"Parque Provincial","DESIG_ENG":"Provincial Park","DESIG_TYPE":"National","IUCN_CAT":"II","INT_CRIT":"Not Applicable","REALM":"Terrestrial","REP_M_AREA":0,"GIS_M_AREA":0,"REP_AREA":61.13,"GIS_AREA":70.2598665811888,"NO_TAKE":"Not Applicable","NO_TK_AREA":0,"STATUS":"Designated","STATUS_YR":2001,"GOV_TYPE":"Sub-national ministry or agency","GOVSUBTYPE":"Not Applicable","OWN_TYPE":"Not Reported","OWNSUBTYPE":"Not Applicable","MANG_AUTH":"Not Reported","MANG_PLAN":"Not Reported","VERIF":"State Verified","METADATAID":1852,"PRNT_ISO3":"ARG","ISO3":"ARG","SUPP_INFO":"Not Applicable","CONS_OBJ":"Not Applicable","INLND_WTRS":"Not Reported","OECM_ASMT":"Not Applicable","layer":"WDPA_W~1"}},{"type":"Feature","geometry":{"type":"Polygon","coordinates":[[[-69.84873,-32.5696],[-69.85764,-32.56411],[-69.85949,-32.56135],[-69.88733,-32.55824],[-69.89099,-32.5598],[-69.89288,-32.56187],[-69.89762,-32.56275],[-69.89981,-32.56002],[-69.90221,-32.55938],[-69.90442,-32.55345],[-69.92734,-32.54185],[-69.96518,-32.54465],[-69.99443,-32.51857],[-70.00321,-32.52017],[-69.99975,-32.52754],[-70.0056,-32.53143],[-70.00698,-32.53165],[-70.00917,-32.5338],[-70.00853,-32.53781],[-70.01129,-32.53994],[-70.01259,-32.5413],[-70.01136,-32.54504],[-70.01228,-32.54795],[-70.02049,-32.55089],[-70.0266,-32.55993],[-70.02601,-32.5772],[-70.04193,-32.58467],[-70.04186,-32.58712],[-70.04039,-32.58918],[-70.04027,-32.59163],[-70.04407,-32.60256],[-70.0463,-32.60377],[-70.05243,-32.61149],[-70.0588,-32.6153],[-70.06196,-32.62106],[-70.06272,-32.62341],[-70.06436,-32.62583],[-70.09289,-32.62993],[-70.09549,-32.71062],[-70.06157,-32.72639],[-70.02386,-32.78011],[-70.0021,-32.79304],[-69.97331,-32.78645],[-69.94384,-32.82359],[-69.91978,-32.8218],[-69.9238,-32.78854],[-69.82993,-32.77912],[-69.81848,-32.80849],[-69.74807,-32.80085],[-69.8489,-32.5766],[-69.84873,-32.5696]]]},"properties":{"fid":86,"SITE_ID":21216,"SITE_PID":"21216","SITE_TYPE":"PA","NAME_ENG":"Cerro Aconcagua","NAME":"Cerro Aconcagua","DESIG":"Parque Provincial","DESIG_ENG":"Provincial Park","DESIG_TYPE":"National","IUCN_CAT":"II","INT_CRIT":"Not Applicable","REALM":"Terrestrial","REP_M_AREA":0,"GIS_M_AREA":0,"REP_AREA":660,"GIS_AREA":657.156748526671,"NO_TAKE":"Not Applicable","NO_TK_AREA":0,"STATUS":"Designated","STATUS_YR":1983,"GOV_TYPE":"Sub-national ministry or agency","GOVSUBTYPE":"Not Applicable","OWN_TYPE":"Not Reported","OWNSUBTYPE":"Not Applicable","MANG_AUTH":"Not Reported","MANG_PLAN":"Not Reported","VERIF":"State Verified","METADATAID":1852,"PRNT_ISO3":"ARG","ISO3":"ARG","SUPP_INFO":"Not Applicable","CONS_OBJ":"Not Applicable","INLND_WTRS":"Not Reported","OECM_ASMT":"Not Applicable","layer":"WDPA_W~1"}},{"type":"Feature","geometry":{"type":"Polygon","coordinates":[[[-54.0314,-25.9994],[-54.00752,-26.00787],[-54.018,-26.16663],[-53.77316,-26.19363],[-53.76736,-26.1411],[-53.90819,-26.04489],[-53.92013,-26.04929],[-53.95281,-25.9983],[-53.97789,-25.99225],[-54.00635,-25.88927],[-53.97635,-25.87137],[-54.01768,-25.8013],[-54.05551,-25.80074],[-54.15473,-25.70014],[-54.16701,-25.79347],[-54.16949,-25.83715],[-54.17511,-25.84934],[-54.18383,-25.83573],[-54.21431,-25.84836],[-54.2225,-25.87553],[-54.24231,-25.85642],[-54.26231,-25.88545],[-54.27709,-25.88312],[-54.28098,-25.92406],[-54.23711,-25.93561],[-54.23198,-25.95948],[-54.20773,-25.93995],[-54.20964,-25.97558],[-54.20385,-25.95491],[-54.18963,-25.96884],[-54.16914,-25.95053],[-54.11652,-25.9692],[-54.0314,-25.9994]],[[-54.06615,-25.79781],[-54.07427,-25.8093],[-54.0801,-25.79977],[-54.06615,-25.79781]]]},"properties":{"fid":87,"SITE_ID":21217,"SITE_PID":"21217","SITE_TYPE":"PA","NAME_ENG":"Urugua-í","NAME":"Urugua-í","DESIG":"Parque Provincial","DESIG_ENG":"Provincial Park","DESIG_TYPE":"National","IUCN_CAT":"II","INT_CRIT":"Not Applicable","REALM":"Terrestrial","REP_M_AREA":0,"GIS_M_AREA":0,"REP_AREA":840,"GIS_AREA":851.719459153136,"NO_TAKE":"Not Applicable","NO_TK_AREA":0,"STATUS":"Designated","STATUS_YR":1988,"GOV_TYPE":"Sub-national ministry or agency","GOVSUBTYPE":"Not Applicable","OWN_TYPE":"Not Reported","OWNSUBTYPE":"Not Applicable","MANG_AUTH":"Not Reported","MANG_PLAN":"Not Reported","VERIF":"State Verified","METADATAID":1852,"PRNT_ISO3":"ARG","ISO3":"ARG","SUPP_INFO":"Not Applicable","CONS_OBJ":"Not Applicable","INLND_WTRS":"Not Reported","OECM_ASMT":"Not Applicable","layer":"WDPA_W~1"}},{"type":"Feature","geometry":{"type":"Polygon","coordinates":[[[-63.58165,-33.13148],[-63.56527,-33.13455],[-63.5692,-33.15058],[-63.54647,-33.14662],[-63.53597,-33.10858],[-63.55752,-33.10472],[-63.58165,-33.13148]]]},"properties":{"fid":88,"SITE_ID":21220,"SITE_PID":"21220","SITE_TYPE":"PA","NAME_ENG":"Laguna La Felipa","NAME":"Laguna La Felipa","DESIG":"Reserva Natural de Fauna","DESIG_ENG":"Nature Fauna Reserve","DESIG_TYPE":"National","IUCN_CAT":"VI","INT_CRIT":"Not Applicable","REALM":"Terrestrial","REP_M_AREA":0,"GIS_M_AREA":0,"REP_AREA":13.07,"GIS_AREA":12.7609625366898,"NO_TAKE":"Not Applicable","NO_TK_AREA":0,"STATUS":"Designated","STATUS_YR":1986,"GOV_TYPE":"Sub-national ministry or agency","GOVSUBTYPE":"Not Applicable","OWN_TYPE":"Not Reported","OWNSUBTYPE":"Not Applicable","MANG_AUTH":"Not Reported","MANG_PLAN":"Not Reported","VERIF":"State Verified","METADATAID":1852,"PRNT_ISO3":"ARG","ISO3":"ARG","SUPP_INFO":"Not Applicable","CONS_OBJ":"Not Applicable","INLND_WTRS":"Not Reported","OECM_ASMT":"Not Applicable","layer":"WDPA_W~1"}},{"type":"Feature","geometry":{"type":"Polygon","coordinates":[[[-70.98759,-36.77741],[-71.01765,-36.75124],[-71.01271,-36.69621],[-71.06567,-36.71346],[-71.08594,-36.67662],[-71.1129,-36.67876],[-71.13321,-36.81548],[-71.16264,-36.81822],[-71.18046,-36.84219],[-71.16786,-36.8588],[-71.13735,-36.85362],[-71.12296,-36.8654],[-71.14965,-36.9015],[-71.1443,-36.92878],[-71.10246,-36.92768],[-71.06075,-36.88995],[-71.02358,-36.90876],[-70.96222,-36.83314],[-70.95761,-36.7936],[-70.98759,-36.77741]]]},"properties":{"fid":89,"SITE_ID":21223,"SITE_PID":"21223","SITE_TYPE":"PA","NAME_ENG":"Epulauquen","NAME":"Epulauquen","DESIG":"Reserva Provincial Turístico Forestal","DESIG_ENG":"Tourist and Forest Provincial Reserve","DESIG_TYPE":"National","IUCN_CAT":"VI","INT_CRIT":"Not Applicable","REALM":"Terrestrial","REP_M_AREA":0,"GIS_M_AREA":0,"REP_AREA":74.5,"GIS_AREA":308.966706033217,"NO_TAKE":"Not Applicable","NO_TK_AREA":0,"STATUS":"Designated","STATUS_YR":1973,"GOV_TYPE":"Not Reported","GOVSUBTYPE":"Not Applicable","OWN_TYPE":"Not Reported","OWNSUBTYPE":"Not Applicable","MANG_AUTH":"Not Reported","MANG_PLAN":"Not Reported","VERIF":"State Verified","METADATAID":1852,"PRNT_ISO3":"ARG","ISO3":"ARG","SUPP_INFO":"Not Applicable","CONS_OBJ":"Not Applicable","INLND_WTRS":"Not Reported","OECM_ASMT":"Not Applicable","layer":"WDPA_W~1"}},{"type":"Feature","geometry":{"type":"Polygon","coordinates":[[[-63.44489,-24.18525],[-63.47143,-24.2679],[-63.44863,-24.2619],[-63.42844,-24.13111],[-63.55217,-24.1184],[-63.58576,-24.2461],[-63.44489,-24.18525]]]},"properties":{"fid":90,"SITE_ID":21224,"SITE_PID":"21224","SITE_TYPE":"PA","NAME_ENG":"Los Palmares","NAME":"Los Palmares","DESIG":"Reserva de Flora y Fauna","DESIG_ENG":"Flora and Fauna Reserve","DESIG_TYPE":"National","IUCN_CAT":"VI","INT_CRIT":"Not Applicable","REALM":"Terrestrial","REP_M_AREA":0,"GIS_M_AREA":0,"REP_AREA":103.5,"GIS_AREA":141.7794496182,"NO_TAKE":"Not Applicable","NO_TK_AREA":0,"STATUS":"Designated","STATUS_YR":1979,"GOV_TYPE":"Sub-national ministry or agency","GOVSUBTYPE":"Not Applicable","OWN_TYPE":"Not Reported","OWNSUBTYPE":"Not Applicable","MANG_AUTH":"Not Reported","MANG_PLAN":"Not Reported","VERIF":"State Verified","METADATAID":1852,"PRNT_ISO3":"ARG","ISO3":"ARG","SUPP_INFO":"Not Applicable","CONS_OBJ":"Not Applicable","INLND_WTRS":"Not Reported","OECM_ASMT":"Not Applicable","layer":"WDPA_W~1"}},{"type":"Feature","geometry":{"type":"Polygon","coordinates":[[[-63.94461,-22.2073],[-63.87299,-22.20913],[-63.87139,-22.15555],[-63.87002,-22.11038],[-63.94158,-22.1085],[-63.94461,-22.2073]]]},"properties":{"fid":91,"SITE_ID":21225,"SITE_PID":"21225","SITE_TYPE":"PA","NAME_ENG":"Acambuco","NAME":"Acambuco","DESIG":"Reserva de Flora y Fauna","DESIG_ENG":"Flora and Fauna Reserve","DESIG_TYPE":"National","IUCN_CAT":"VI","INT_CRIT":"Not Applicable","REALM":"Terrestrial","REP_M_AREA":0,"GIS_M_AREA":0,"REP_AREA":82.66,"GIS_AREA":80.0378589510631,"NO_TAKE":"Not Applicable","NO_TK_AREA":0,"STATUS":"Designated","STATUS_YR":2004,"GOV_TYPE":"Sub-national ministry or agency","GOVSUBTYPE":"Not Applicable","OWN_TYPE":"Not Reported","OWNSUBTYPE":"Not Applicable","MANG_AUTH":"Not Reported","MANG_PLAN":"Not Reported","VERIF":"State Verified","METADATAID":1852,"PRNT_ISO3":"ARG","ISO3":"ARG","SUPP_INFO":"Not Applicable","CONS_OBJ":"Not Applicable","INLND_WTRS":"Not Reported","OECM_ASMT":"Not Applicable","layer":"WDPA_W~1"}},{"type":"Feature","geometry":{"type":"Polygon","coordinates":[[[-68.43174,-52.39307],[-68.35394,-52.31527],[-68.43631,-52.29696],[-68.43174,-52.39307]]]},"properties":{"fid":92,"SITE_ID":21226,"SITE_PID":"21226","SITE_TYPE":"PA","NAME_ENG":"Cabo Vírgenes","NAME":"Cabo Vírgenes","DESIG":"Reserva Provincial","DESIG_ENG":"Provincial Reserve","DESIG_TYPE":"National","IUCN_CAT":"IV","INT_CRIT":"Not Applicable","REALM":"Terrestrial","REP_M_AREA":0,"GIS_M_AREA":0.064556600225658,"REP_AREA":12.3,"GIS_AREA":24.3429090859405,"NO_TAKE":"Not Applicable","NO_TK_AREA":0,"STATUS":"Designated","STATUS_YR":1986,"GOV_TYPE":"Sub-national ministry or agency","GOVSUBTYPE":"Not Applicable","OWN_TYPE":"Not Reported","OWNSUBTYPE":"Not Applicable","MANG_AUTH":"Not Reported","MANG_PLAN":"Not Reported","VERIF":"State Verified","METADATAID":1852,"PRNT_ISO3":"ARG","ISO3":"ARG","SUPP_INFO":"Not Applicable","CONS_OBJ":"Not Applicable","INLND_WTRS":"Not Reported","OECM_ASMT":"Not Applicable","layer":"WDPA_W~1"}},{"type":"Feature","geometry":{"type":"Polygon","coordinates":[[[-67.66625,-49.40782],[-67.63165,-49.3576],[-67.61943,-49.32505],[-67.60967,-49.30767],[-67.60508,-49.29676],[-67.60412,-49.28892],[-67.60653,-49.27434],[-67.60821,-49.27015],[-67.60996,-49.26442],[-67.61178,-49.25502],[-67.61242,-49.25123],[-67.61858,-49.2506],[-67.62651,-49.25275],[-67.63477,-49.25205],[-67.64769,-49.25761],[-67.66593,-49.25541],[-67.67277,-49.29957],[-67.69955,-49.30903],[-67.68208,-49.34465],[-67.72548,-49.38931],[-67.71772,-49.39314],[-67.67393,-49.40532],[-67.66625,-49.40782]]]},"properties":{"fid":93,"SITE_ID":21227,"SITE_PID":"21227","SITE_TYPE":"PA","NAME_ENG":"Península San Julián","NAME":"Península San Julián","DESIG":"Reserva Provincial","DESIG_ENG":"Provincial Reserve","DESIG_TYPE":"National","IUCN_CAT":"VI","INT_CRIT":"Not Applicable","REALM":"Terrestrial","REP_M_AREA":0,"GIS_M_AREA":0.648414105247002,"REP_AREA":117.1,"GIS_AREA":74.398124225153,"NO_TAKE":"Not Applicable","NO_TK_AREA":0,"STATUS":"Designated","STATUS_YR":1986,"GOV_TYPE":"Sub-national ministry or agency","GOVSUBTYPE":"Not Applicable","OWN_TYPE":"Not Reported","OWNSUBTYPE":"Not Applicable","MANG_AUTH":"Not Reported","MANG_PLAN":"Not Reported","VERIF":"State Verified","METADATAID":1852,"PRNT_ISO3":"ARG","ISO3":"ARG","SUPP_INFO":"Not Applicable","CONS_OBJ":"Not Applicable","INLND_WTRS":"Not Reported","OECM_ASMT":"Not Applicable","layer":"WDPA_W~1"}},{"type":"Feature","geometry":{"type":"Polygon","coordinates":[[[-64.36481,-31.12419],[-64.43037,-31.12648],[-64.41906,-31.17669],[-64.38024,-31.1831],[-64.34405,-31.15952],[-64.33985,-31.14175],[-64.36481,-31.12419]]]},"properties":{"fid":94,"SITE_ID":21232,"SITE_PID":"21232","SITE_TYPE":"PA","NAME_ENG":"La Quebrada","NAME":"La Quebrada","DESIG":"Reserva Hídrica Natural","DESIG_ENG":"Nature Water Reserve","DESIG_TYPE":"National","IUCN_CAT":"VI","INT_CRIT":"Not Applicable","REALM":"Terrestrial","REP_M_AREA":0,"GIS_M_AREA":0,"REP_AREA":42,"GIS_AREA":42.185582358519,"NO_TAKE":"Not Applicable","NO_TK_AREA":0,"STATUS":"Designated","STATUS_YR":1987,"GOV_TYPE":"Sub-national ministry or agency","GOVSUBTYPE":"Not Applicable","OWN_TYPE":"Not Reported","OWNSUBTYPE":"Not Applicable","MANG_AUTH":"Not Reported","MANG_PLAN":"Not Reported","VERIF":"State Verified","METADATAID":1852,"PRNT_ISO3":"ARG","ISO3":"ARG","SUPP_INFO":"Not Applicable","CONS_OBJ":"Not Applicable","INLND_WTRS":"Not Reported","OECM_ASMT":"Not Applicable","layer":"WDPA_W~1"}},{"type":"Feature","geometry":{"type":"Polygon","coordinates":[[[-68.06316,-29.89752],[-68.06998,-29.89529],[-68.07252,-29.89221],[-68.10625,-29.88409],[-68.1083,-29.88441],[-68.1102,-29.88477],[-68.11128,-29.88491],[-68.11357,-29.88448],[-68.1149,-29.88508],[-68.11643,-29.88507],[-68.12294,-29.88346],[-68.12813,-29.88523],[-68.13028,-29.88469],[-68.13167,-29.88409],[-68.13714,-29.88399],[-68.14106,-29.88481],[-68.14263,-29.88613],[-68.14754,-29.8881],[-68.15023,-29.9174],[-68.15169,-29.93975],[-68.15007,-29.95133],[-68.0997,-30.04447],[-68.05598,-30.11956],[-68.01131,-30.20034],[-67.90962,-30.25452],[-67.85829,-30.2279],[-67.74878,-30.17289],[-67.79815,-30.13935],[-67.81331,-30.12924],[-67.81607,-30.12738],[-67.81715,-30.12174],[-67.82006,-30.11825],[-67.82495,-30.11647],[-67.82893,-30.11599],[-67.83009,-30.11506],[-67.83119,-30.11427],[-67.83276,-30.11296],[-67.83344,-30.10954],[-67.83431,-30.10777],[-67.83496,-30.10675],[-67.83574,-30.10597],[-67.83682,-30.10542],[-67.83804,-30.1061],[-67.83917,-30.10725],[-67.84103,-30.10771],[-67.84713,-30.10063],[-67.85757,-30.10007],[-67.87051,-30.08889],[-67.87409,-30.08378],[-67.87226,-30.08028],[-67.87525,-30.07826],[-67.87697,-30.07589],[-67.8773,-30.07519],[-67.87815,-30.07497],[-67.88156,-30.07455],[-67.88496,-30.07363],[-67.88636,-30.07381],[-67.88623,-30.07503],[-67.88485,-30.0774],[-67.88494,-30.07846],[-67.88658,-30.07995],[-67.88812,-30.07971],[-67.88939,-30.07812],[-67.89083,-30.07788],[-67.89342,-30.0749],[-67.8975,-30.07459],[-67.89817,-30.07437],[-67.89915,-30.07316],[-67.89917,-30.07244],[-67.89949,-30.0717],[-67.9,-30.07139],[-67.90075,-30.06987],[-67.90553,-30.06679],[-67.90389,-30.06146],[-67.9043,-30.06024],[-67.90932,-30.05736],[-67.91102,-30.05497],[-67.90897,-30.05222],[-67.91931,-30.04759],[-67.93049,-30.0302],[-67.93506,-30.02918],[-67.94332,-30.0246],[-67.9467,-30.02047],[-67.9485,-30.01877],[-67.9572,-30.01327],[-67.95802,-30.01103],[-67.96088,-30.01041],[-67.96389,-30.01017],[-67.96799,-30.00876],[-67.96828,-30.00673],[-67.97034,-30.00448],[-67.97509,-30.00192],[-67.98026,-29.99517],[-67.98781,-29.99057],[-67.98955,-29.98795],[-67.99084,-29.98191],[-67.9929,-29.97824],[-67.99897,-29.97468],[-68.00571,-29.96393],[-68.01502,-29.943],[-68.06316,-29.89752]]]},"properties":{"fid":95,"SITE_ID":21235,"SITE_PID":"21235","SITE_TYPE":"PA","NAME_ENG":"Ischigualasto","NAME":"Ischigualasto","DESIG":"Parque Provincial","DESIG_ENG":"Provincial Park","DESIG_TYPE":"National","IUCN_CAT":"II","INT_CRIT":"Not Applicable","REALM":"Terrestrial","REP_M_AREA":0,"GIS_M_AREA":0,"REP_AREA":629.16,"GIS_AREA":665.397692370992,"NO_TAKE":"Not Applicable","NO_TK_AREA":0,"STATUS":"Designated","STATUS_YR":1971,"GOV_TYPE":"Sub-national ministry or agency","GOVSUBTYPE":"Not Applicable","OWN_TYPE":"Not Reported","OWNSUBTYPE":"Not Applicable","MANG_AUTH":"Not Reported","MANG_PLAN":"Not Reported","VERIF":"State Verified","METADATAID":1852,"PRNT_ISO3":"ARG","ISO3":"ARG","SUPP_INFO":"Not Applicable","CONS_OBJ":"Not Applicable","INLND_WTRS":"Not Reported","OECM_ASMT":"Not Applicable","layer":"WDPA_W~1"}},{"type":"Feature","geometry":{"type":"Polygon","coordinates":[[[-70.39681,-36.81166],[-70.31928,-36.73572],[-70.28796,-36.75506],[-70.20664,-36.69836],[-70.27889,-36.68457],[-70.30382,-36.65995],[-70.29079,-36.63924],[-70.33448,-36.57292],[-70.34031,-36.51913],[-70.38902,-36.5166],[-70.4604,-36.48345],[-70.48345,-36.50888],[-70.5756,-36.47989],[-70.65235,-36.56464],[-70.6263,-36.68601],[-70.67469,-36.73725],[-70.60307,-36.7139],[-70.55752,-36.72139],[-70.51283,-36.78473],[-70.52248,-36.8066],[-70.43715,-36.82747],[-70.39681,-36.81166]]]},"properties":{"fid":96,"SITE_ID":21238,"SITE_PID":"21238","SITE_TYPE":"PA","NAME_ENG":"Domuyo","NAME":"Domuyo","DESIG":"Área Natural Protegida","DESIG_ENG":"Protected Nature Area","DESIG_TYPE":"National","IUCN_CAT":"VI","INT_CRIT":"Not Applicable","REALM":"Terrestrial","REP_M_AREA":0,"GIS_M_AREA":0,"REP_AREA":928.35,"GIS_AREA":930.535632324028,"NO_TAKE":"Not Applicable","NO_TK_AREA":0,"STATUS":"Designated","STATUS_YR":1989,"GOV_TYPE":"Sub-national ministry or agency","GOVSUBTYPE":"Not Applicable","OWN_TYPE":"Not Reported","OWNSUBTYPE":"Not Applicable","MANG_AUTH":"Not Reported","MANG_PLAN":"Not Reported","VERIF":"State Verified","METADATAID":1852,"PRNT_ISO3":"ARG","ISO3":"ARG","SUPP_INFO":"Not Applicable","CONS_OBJ":"Not Applicable","INLND_WTRS":"Not Reported","OECM_ASMT":"Not Applicable","layer":"WDPA_W~1"}},{"type":"Feature","geometry":{"type":"Polygon","coordinates":[[[-63.94041,-30.11343],[-63.92822,-30.13177],[-63.9352,-30.02579],[-63.96276,-30.03107],[-63.97104,-30.04829],[-63.95551,-30.05287],[-63.95067,-30.08321],[-63.93398,-30.08483],[-63.95616,-30.10516],[-63.94041,-30.11343]]]},"properties":{"fid":97,"SITE_ID":26617,"SITE_PID":"26617","SITE_TYPE":"PA","NAME_ENG":"Cerro Colorado","NAME":"Cerro Colorado","DESIG":"Reserva Cultural Natural","DESIG_ENG":"Nature and Cultural Reserve","DESIG_TYPE":"National","IUCN_CAT":"VI","INT_CRIT":"Not Applicable","REALM":"Terrestrial","REP_M_AREA":0,"GIS_M_AREA":0,"REP_AREA":30,"GIS_AREA":28.1543587010462,"NO_TAKE":"Not Applicable","NO_TK_AREA":0,"STATUS":"Designated","STATUS_YR":1957,"GOV_TYPE":"Sub-national ministry or agency","GOVSUBTYPE":"Not Applicable","OWN_TYPE":"Not Reported","OWNSUBTYPE":"Not Applicable","MANG_AUTH":"Not Reported","MANG_PLAN":"Not Reported","VERIF":"State Verified","METADATAID":1852,"PRNT_ISO3":"ARG","ISO3":"ARG","SUPP_INFO":"Not Applicable","CONS_OBJ":"Not Applicable","INLND_WTRS":"Not Reported","OECM_ASMT":"Not Applicable","layer":"WDPA_W~1"}},{"type":"Feature","geometry":{"type":"Polygon","coordinates":[[[-54.10725,-26.63032],[-54.10227,-26.63708],[-54.09328,-26.63159],[-54.10725,-26.63032]]]},"properties":{"fid":98,"SITE_ID":30832,"SITE_PID":"30832","SITE_TYPE":"PA","NAME_ENG":"Araucaria","NAME":"Araucaria","DESIG":"Parque Provincial","DESIG_ENG":"Provincial Park","DESIG_TYPE":"National","IUCN_CAT":"II","INT_CRIT":"Not Applicable","REALM":"Terrestrial","REP_M_AREA":0,"GIS_M_AREA":0,"REP_AREA":0.92,"GIS_AREA":0.917763963439724,"NO_TAKE":"Not Applicable","NO_TK_AREA":0,"STATUS":"Designated","STATUS_YR":1991,"GOV_TYPE":"Sub-national ministry or agency","GOVSUBTYPE":"Not Applicable","OWN_TYPE":"Not Reported","OWNSUBTYPE":"Not Applicable","MANG_AUTH":"Not Reported","MANG_PLAN":"Not Reported","VERIF":"State Verified","METADATAID":1852,"PRNT_ISO3":"ARG","ISO3":"ARG","SUPP_INFO":"Not Applicable","CONS_OBJ":"Not Applicable","INLND_WTRS":"Not Reported","OECM_ASMT":"Not Applicable","layer":"WDPA_W~1"}},{"type":"Feature","geometry":{"type":"Polygon","coordinates":[[[-54.00741,-26.52323],[-53.96992,-26.52256],[-53.9799,-26.50807],[-54.00741,-26.52323]]]},"properties":{"fid":99,"SITE_ID":30833,"SITE_PID":"30833","SITE_TYPE":"PA","NAME_ENG":"Cruce Caballero","NAME":"Cruce Caballero","DESIG":"Parque Provincial","DESIG_ENG":"Provincial Park","DESIG_TYPE":"National","IUCN_CAT":"II","INT_CRIT":"Not Applicable","REALM":"Terrestrial","REP_M_AREA":0,"GIS_M_AREA":0,"REP_AREA":5.22,"GIS_AREA":5.36790623989723,"NO_TAKE":"Not Applicable","NO_TK_AREA":0,"STATUS":"Designated","STATUS_YR":1989,"GOV_TYPE":"Sub-national ministry or agency","GOVSUBTYPE":"Not Applicable","OWN_TYPE":"Not Reported","OWNSUBTYPE":"Not Applicable","MANG_AUTH":"Not Reported","MANG_PLAN":"Not Reported","VERIF":"State Verified","METADATAID":1852,"PRNT_ISO3":"ARG","ISO3":"ARG","SUPP_INFO":"Not Applicable","CONS_OBJ":"Not Applicable","INLND_WTRS":"Not Reported","OECM_ASMT":"Not Applicable","layer":"WDPA_W~1"}},{"type":"Feature","geometry":{"type":"Polygon","coordinates":[[[-54.41119,-26.03737],[-54.31526,-26.06973],[-54.41172,-26.03114],[-54.41119,-26.03737]]]},"properties":{"fid":100,"SITE_ID":30834,"SITE_PID":"30834","SITE_TYPE":"PA","NAME_ENG":"Esperanza","NAME":"Esperanza","DESIG":"Parque Provincial","DESIG_ENG":"Provincial Park","DESIG_TYPE":"National","IUCN_CAT":"II","INT_CRIT":"Not Applicable","REALM":"Terrestrial","REP_M_AREA":0,"GIS_M_AREA":0,"REP_AREA":6.86,"GIS_AREA":6.70935248294207,"NO_TAKE":"Not Applicable","NO_TK_AREA":0,"STATUS":"Designated","STATUS_YR":1989,"GOV_TYPE":"Sub-national ministry or agency","GOVSUBTYPE":"Not Applicable","OWN_TYPE":"Not Reported","OWNSUBTYPE":"Not Applicable","MANG_AUTH":"Not Reported","MANG_PLAN":"Not Reported","VERIF":"State Verified","METADATAID":1852,"PRNT_ISO3":"ARG","ISO3":"ARG","SUPP_INFO":"Not Applicable","CONS_OBJ":"Not Applicable","INLND_WTRS":"Not Reported","OECM_ASMT":"Not Applicable","layer":"WDPA_W~1"}},{"type":"Feature","geometry":{"type":"Polygon","coordinates":[[[-54.88629,-27.04511],[-54.88809,-27.06729],[-54.8254,-27.06347],[-54.88629,-27.04511]]]},"properties":{"fid":101,"SITE_ID":30835,"SITE_PID":"30835","SITE_TYPE":"PA","NAME_ENG":"Salto Encantado Valle Ao. Cuña Piru","NAME":"Salto Encantado Valle Ao. Cuña Piru","DESIG":"Parque Provincial","DESIG_ENG":"Provincial Park","DESIG_TYPE":"National","IUCN_CAT":"II","INT_CRIT":"Not Applicable","REALM":"Terrestrial","REP_M_AREA":0,"GIS_M_AREA":0,"REP_AREA":7.06,"GIS_AREA":9.1788683757201,"NO_TAKE":"Not Applicable","NO_TK_AREA":0,"STATUS":"Designated","STATUS_YR":1991,"GOV_TYPE":"Sub-national ministry or agency","GOVSUBTYPE":"Not Applicable","OWN_TYPE":"Not Reported","OWNSUBTYPE":"Not Applicable","MANG_AUTH":"Not Reported","MANG_PLAN":"Not Reported","VERIF":"State Verified","METADATAID":1852,"PRNT_ISO3":"ARG","ISO3":"ARG","SUPP_INFO":"Not Applicable","CONS_OBJ":"Not Applicable","INLND_WTRS":"Not Reported","OECM_ASMT":"Not Applicable","layer":"WDPA_W~1"}},{"type":"Feature","geometry":{"type":"Polygon","coordinates":[[[-55.59596,-27.28],[-55.59437,-27.29035],[-55.58746,-27.27916],[-55.59596,-27.28]]]},"properties":{"fid":102,"SITE_ID":30836,"SITE_PID":"30836","SITE_TYPE":"PA","NAME_ENG":"Teyú Cuare","NAME":"Teyú Cuare","DESIG":"Parque Provincial","DESIG_ENG":"Provincial Park","DESIG_TYPE":"National","IUCN_CAT":"II","INT_CRIT":"Not Applicable","REALM":"Terrestrial","REP_M_AREA":0,"GIS_M_AREA":0,"REP_AREA":0.78,"GIS_AREA":0.786703977862218,"NO_TAKE":"Not Applicable","NO_TK_AREA":0,"STATUS":"Designated","STATUS_YR":1989,"GOV_TYPE":"Sub-national ministry or agency","GOVSUBTYPE":"Not Applicable","OWN_TYPE":"Not Reported","OWNSUBTYPE":"Not Applicable","MANG_AUTH":"Not Reported","MANG_PLAN":"Not Reported","VERIF":"State Verified","METADATAID":1852,"PRNT_ISO3":"ARG","ISO3":"ARG","SUPP_INFO":"Not Applicable","CONS_OBJ":"Not Applicable","INLND_WTRS":"Not Reported","OECM_ASMT":"Not Applicable","layer":"WDPA_W~1"}},{"type":"Feature","geometry":{"type":"Polygon","coordinates":[[[-55.16535,-27.40769],[-55.16344,-27.41019],[-55.16228,-27.40937],[-55.16535,-27.40769]]]},"properties":{"fid":103,"SITE_ID":30838,"SITE_PID":"30838","SITE_TYPE":"PA","NAME_ENG":"Amado Bonpland","NAME":"Amado Bonpland","DESIG":"Parque Natural Municipal","DESIG_ENG":"Municipal Nature Park","DESIG_TYPE":"National","IUCN_CAT":"II","INT_CRIT":"Not Applicable","REALM":"Terrestrial","REP_M_AREA":0,"GIS_M_AREA":0,"REP_AREA":0.02,"GIS_AREA":0.047779071180613,"NO_TAKE":"Not Applicable","NO_TK_AREA":0,"STATUS":"Designated","STATUS_YR":1989,"GOV_TYPE":"Not Reported","GOVSUBTYPE":"Not Applicable","OWN_TYPE":"Not Reported","OWNSUBTYPE":"Not Applicable","MANG_AUTH":"Not Reported","MANG_PLAN":"Not Reported","VERIF":"State Verified","METADATAID":1852,"PRNT_ISO3":"ARG","ISO3":"ARG","SUPP_INFO":"Not Applicable","CONS_OBJ":"Not Applicable","INLND_WTRS":"Not Reported","OECM_ASMT":"Not Applicable","layer":"WDPA_W~1"}},{"type":"Feature","geometry":{"type":"Polygon","coordinates":[[[-65.00844,-41.52237],[-65.00835,-41.53507],[-65.01803,-41.54067],[-65.02564,-41.55067],[-65.02861,-41.5605],[-65.02699,-41.56988],[-65.02452,-41.57876],[-65.02926,-41.59246],[-65.03509,-41.59713],[-65.03417,-41.59956],[-65.02537,-41.6153],[-64.97099,-41.61529],[-64.93776,-41.5805],[-64.94707,-41.55015],[-64.94897,-41.4951],[-64.98766,-41.41428],[-65.00273,-41.39257],[-65.03864,-41.3767],[-65.10038,-41.38278],[-65.0925,-41.41714],[-65.06723,-41.46435],[-65.04294,-41.48482],[-65.02404,-41.49745],[-65.01697,-41.50265],[-65.00844,-41.52237]]]},"properties":{"fid":104,"SITE_ID":30844,"SITE_PID":"30844","SITE_TYPE":"PA","NAME_ENG":"Complejo Islote Lobos","NAME":"Complejo Islote Lobos","DESIG":"Reserva Natural Científica","DESIG_ENG":"Scientific Nature Reserve","DESIG_TYPE":"National","IUCN_CAT":"VI","INT_CRIT":"Not Applicable","REALM":"Coastal","REP_M_AREA":0,"GIS_M_AREA":137.203274583068,"REP_AREA":186.84,"GIS_AREA":186.807083570476,"NO_TAKE":"Not Reported","NO_TK_AREA":0,"STATUS":"Designated","STATUS_YR":1977,"GOV_TYPE":"Sub-national ministry or agency","GOVSUBTYPE":"Not Applicable","OWN_TYPE":"Not Reported","OWNSUBTYPE":"Not Applicable","MANG_AUTH":"Not Reported","MANG_PLAN":"Not Reported","VERIF":"State Verified","METADATAID":1852,"PRNT_ISO3":"ARG","ISO3":"ARG","SUPP_INFO":"Not Applicable","CONS_OBJ":"Not Applicable","INLND_WTRS":"Not Reported","OECM_ASMT":"Not Applicable","layer":"WDPA_W~1"}},{"type":"Feature","geometry":{"type":"Polygon","coordinates":[[[-54.6973,-27.46817],[-54.68153,-27.46367],[-54.68584,-27.45248],[-54.6973,-27.46817]]]},"properties":{"fid":105,"SITE_ID":32483,"SITE_PID":"32483","SITE_TYPE":"PA","NAME_ENG":"Chancay","NAME":"Chancay","DESIG":"Refugio Privado de Vida Silvestre","DESIG_ENG":"Private Wildlife Refuge","DESIG_TYPE":"National","IUCN_CAT":"VI","INT_CRIT":"Not Applicable","REALM":"Terrestrial","REP_M_AREA":0,"GIS_M_AREA":0,"REP_AREA":2.63,"GIS_AREA":2.65667571465838,"NO_TAKE":"Not Applicable","NO_TK_AREA":0,"STATUS":"Designated","STATUS_YR":1991,"GOV_TYPE":"Not Reported","GOVSUBTYPE":"Not Applicable","OWN_TYPE":"Not Reported","OWNSUBTYPE":"Not Applicable","MANG_AUTH":"Not Reported","MANG_PLAN":"Not Reported","VERIF":"State Verified","METADATAID":1852,"PRNT_ISO3":"ARG","ISO3":"ARG","SUPP_INFO":"Not Applicable","CONS_OBJ":"Not Applicable","INLND_WTRS":"Not Reported","OECM_ASMT":"Not Applicable","layer":"WDPA_W~1"}},{"type":"Feature","geometry":{"type":"Polygon","coordinates":[[[-55.09322,-27.4762],[-55.09548,-27.48074],[-55.09075,-27.48071],[-55.09322,-27.4762]]]},"properties":{"fid":106,"SITE_ID":32484,"SITE_PID":"32484","SITE_TYPE":"PA","NAME_ENG":"Chachi","NAME":"Chachi","DESIG":"Refugio Privado de Vida Silvestre","DESIG_ENG":"Private Wildlife Refuge","DESIG_TYPE":"National","IUCN_CAT":"VI","INT_CRIT":"Not Applicable","REALM":"Terrestrial","REP_M_AREA":0,"GIS_M_AREA":0,"REP_AREA":0.18,"GIS_AREA":0.177850975881167,"NO_TAKE":"Not Applicable","NO_TK_AREA":0,"STATUS":"Designated","STATUS_YR":1990,"GOV_TYPE":"Not Reported","GOVSUBTYPE":"Not Applicable","OWN_TYPE":"Not Reported","OWNSUBTYPE":"Not Applicable","MANG_AUTH":"Not Reported","MANG_PLAN":"Not Reported","VERIF":"State Verified","METADATAID":1852,"PRNT_ISO3":"ARG","ISO3":"ARG","SUPP_INFO":"Not Applicable","CONS_OBJ":"Not Applicable","INLND_WTRS":"Not Reported","OECM_ASMT":"Not Applicable","layer":"WDPA_W~1"}},{"type":"Feature","geometry":{"type":"Polygon","coordinates":[[[-58.83166,-26.2856],[-58.83112,-26.3349],[-58.77397,-26.33456],[-58.77438,-26.27482],[-58.83166,-26.2856]]]},"properties":{"fid":107,"SITE_ID":32487,"SITE_PID":"32487","SITE_TYPE":"PA","NAME_ENG":"El Bagual","NAME":"El Bagual","DESIG":"Reserva Privada","DESIG_ENG":"Private Reserve","DESIG_TYPE":"National","IUCN_CAT":"Ia","INT_CRIT":"Not Applicable","REALM":"Terrestrial","REP_M_AREA":0,"GIS_M_AREA":0,"REP_AREA":38,"GIS_AREA":32.2490744443691,"NO_TAKE":"Not Applicable","NO_TK_AREA":0,"STATUS":"Designated","STATUS_YR":1985,"GOV_TYPE":"Not Reported","GOVSUBTYPE":"Not Applicable","OWN_TYPE":"Not Reported","OWNSUBTYPE":"Not Applicable","MANG_AUTH":"Not Reported","MANG_PLAN":"Not Reported","VERIF":"State Verified","METADATAID":1852,"PRNT_ISO3":"ARG","ISO3":"ARG","SUPP_INFO":"Not Applicable","CONS_OBJ":"Not Applicable","INLND_WTRS":"Not Reported","OECM_ASMT":"Not Applicable","layer":"WDPA_W~1"}},{"type":"Feature","geometry":{"type":"Polygon","coordinates":[[[-54.48934,-26.4272],[-54.4894,-26.44363],[-54.47507,-26.44463],[-54.48934,-26.4272]]]},"properties":{"fid":108,"SITE_ID":32497,"SITE_PID":"32497","SITE_TYPE":"PA","NAME_ENG":"Itacuarahy","NAME":"Itacuarahy","DESIG":"Refugio Privado","DESIG_ENG":"Private Refuge","DESIG_TYPE":"National","IUCN_CAT":"VI","INT_CRIT":"Not Applicable","REALM":"Terrestrial","REP_M_AREA":0,"GIS_M_AREA":0,"REP_AREA":2.5,"GIS_AREA":2.43630128129487,"NO_TAKE":"Not Applicable","NO_TK_AREA":0,"STATUS":"Designated","STATUS_YR":1989,"GOV_TYPE":"Not Reported","GOVSUBTYPE":"Not Applicable","OWN_TYPE":"Not Reported","OWNSUBTYPE":"Not Applicable","MANG_AUTH":"Not Reported","MANG_PLAN":"Not Reported","VERIF":"State Verified","METADATAID":1852,"PRNT_ISO3":"ARG","ISO3":"ARG","SUPP_INFO":"Not Applicable","CONS_OBJ":"Not Applicable","INLND_WTRS":"Not Reported","OECM_ASMT":"Not Applicable","layer":"WDPA_W~1"}},{"type":"Feature","geometry":{"type":"Polygon","coordinates":[[[-65.40517,-24.09684],[-65.48192,-24.08061],[-65.49372,-24.1009],[-65.47011,-24.14149],[-65.41107,-24.14149],[-65.40517,-24.09684]]]},"properties":{"fid":109,"SITE_ID":32509,"SITE_PID":"32509","SITE_TYPE":"PA","NAME_ENG":"Potrero de Yala","NAME":"Potrero de Yala","DESIG":"Parque Provincial","DESIG_ENG":"Provincial Park","DESIG_TYPE":"National","IUCN_CAT":"II","INT_CRIT":"Not Applicable","REALM":"Terrestrial","REP_M_AREA":0,"GIS_M_AREA":0,"REP_AREA":42.92,"GIS_AREA":45.4648211187149,"NO_TAKE":"Not Applicable","NO_TK_AREA":0,"STATUS":"Designated","STATUS_YR":1952,"GOV_TYPE":"Sub-national ministry or agency","GOVSUBTYPE":"Not Applicable","OWN_TYPE":"Not Reported","OWNSUBTYPE":"Not Applicable","MANG_AUTH":"Not Reported","MANG_PLAN":"Not Reported","VERIF":"State Verified","METADATAID":1852,"PRNT_ISO3":"ARG","ISO3":"ARG","SUPP_INFO":"Not Applicable","CONS_OBJ":"Not Applicable","INLND_WTRS":"Not Reported","OECM_ASMT":"Not Applicable","layer":"WDPA_W~1"}},{"type":"Feature","geometry":{"type":"Polygon","coordinates":[[[-55.70567,-27.55718],[-55.71091,-27.54996],[-55.71292,-27.55893],[-55.70567,-27.55718]]]},"properties":{"fid":110,"SITE_ID":32511,"SITE_PID":"32511","SITE_TYPE":"PA","NAME_ENG":"Cañadón de Profundidad","NAME":"Cañadón de Profundidad","DESIG":"Parque Provincial","DESIG_ENG":"Provincial Park","DESIG_TYPE":"National","IUCN_CAT":"II","INT_CRIT":"Not Applicable","REALM":"Terrestrial","REP_M_AREA":0,"GIS_M_AREA":0,"REP_AREA":0.19,"GIS_AREA":0.524446986107853,"NO_TAKE":"Not Applicable","NO_TK_AREA":0,"STATUS":"Designated","STATUS_YR":1991,"GOV_TYPE":"Sub-national ministry or agency","GOVSUBTYPE":"Not Applicable","OWN_TYPE":"Not Reported","OWNSUBTYPE":"Not Applicable","MANG_AUTH":"Not Reported","MANG_PLAN":"Not Reported","VERIF":"State Verified","METADATAID":1852,"PRNT_ISO3":"ARG","ISO3":"ARG","SUPP_INFO":"Not Applicable","CONS_OBJ":"Not Applicable","INLND_WTRS":"Not Reported","OECM_ASMT":"Not Applicable","layer":"WDPA_W~1"}},{"type":"Feature","geometry":{"type":"Polygon","coordinates":[[[-67.5309,-45.95876],[-67.54133,-45.95525],[-67.5439,-45.95892],[-67.5309,-45.95876]]]},"properties":{"fid":111,"SITE_ID":32513,"SITE_PID":"32513","SITE_TYPE":"PA","NAME_ENG":"Punta del Márquez","NAME":"Punta del Marqués","DESIG":"Reserva Natural Turística y de Investigación Biológica","DESIG_ENG":"Tourist and Scientific Research Nature Reserve","DESIG_TYPE":"National","IUCN_CAT":"IV","INT_CRIT":"Not Applicable","REALM":"Coastal","REP_M_AREA":0,"GIS_M_AREA":0.136804880920634,"REP_AREA":0.5,"GIS_AREA":0.507977264739625,"NO_TAKE":"Not Reported","NO_TK_AREA":0,"STATUS":"Designated","STATUS_YR":2002,"GOV_TYPE":"Not Reported","GOVSUBTYPE":"Not Applicable","OWN_TYPE":"Not Reported","OWNSUBTYPE":"Not Applicable","MANG_AUTH":"Not Reported","MANG_PLAN":"Not Reported","VERIF":"State Verified","METADATAID":1852,"PRNT_ISO3":"ARG","ISO3":"ARG","SUPP_INFO":"Not Applicable","CONS_OBJ":"Not Applicable","INLND_WTRS":"Not Reported","OECM_ASMT":"Not Applicable","layer":"WDPA_W~1"}},{"type":"Feature","geometry":{"type":"Polygon","coordinates":[[[-57.00644,-36.32585],[-57.00986,-36.32518],[-57.01173,-36.32658],[-57.01617,-36.32845],[-57.0206,-36.3414],[-57.00625,-36.35202],[-56.96949,-36.35704],[-56.94615,-36.34],[-56.95023,-36.33837],[-56.95257,-36.33522],[-56.95226,-36.33353],[-56.95434,-36.33276],[-56.9581,-36.33272],[-56.95978,-36.3327],[-56.96094,-36.33239],[-56.96348,-36.33231],[-56.97612,-36.33124],[-56.97801,-36.33324],[-56.98134,-36.33011],[-56.98942,-36.32897],[-56.99094,-36.32908],[-56.99458,-36.32796],[-57.00129,-36.32817],[-57.00644,-36.32585]]]},"properties":{"fid":112,"SITE_ID":32516,"SITE_PID":"32516","SITE_TYPE":"PA","NAME_ENG":"Rincón de Ajó","NAME":"Rincón de Ajó","DESIG":"Reserva Natural Integral","DESIG_ENG":"Integral Nature Reserve","DESIG_TYPE":"National","IUCN_CAT":"IV","INT_CRIT":"Not Applicable","REALM":"Terrestrial","REP_M_AREA":0,"GIS_M_AREA":0.746750752163915,"REP_AREA":15.737,"GIS_AREA":14.9609127365829,"NO_TAKE":"Not Applicable","NO_TK_AREA":0,"STATUS":"Designated","STATUS_YR":1997,"GOV_TYPE":"Sub-national ministry or agency","GOVSUBTYPE":"Not Applicable","OWN_TYPE":"Not Reported","OWNSUBTYPE":"Not Applicable","MANG_AUTH":"Not Reported","MANG_PLAN":"Not Reported","VERIF":"State Verified","METADATAID":1852,"PRNT_ISO3":"ARG","ISO3":"ARG","SUPP_INFO":"Not Applicable","CONS_OBJ":"Not Applicable","INLND_WTRS":"Not Reported","OECM_ASMT":"Not Applicable","layer":"WDPA_W~1"}},{"type":"Feature","geometry":{"type":"Polygon","coordinates":[[[-54.61552,-27.06541],[-54.58982,-27.10273],[-54.58187,-27.08352],[-54.61552,-27.06541]]]},"properties":{"fid":113,"SITE_ID":32517,"SITE_PID":"32517","SITE_TYPE":"PA","NAME_ENG":"Alejandro Orloff  Saltitos","NAME":"Alejandro Orloff  Saltitos","DESIG":"Reserva de Uso Múltiple","DESIG_ENG":"Multiple Use Reserve","DESIG_TYPE":"National","IUCN_CAT":"VI","INT_CRIT":"Not Applicable","REALM":"Terrestrial","REP_M_AREA":0,"GIS_M_AREA":0,"REP_AREA":4.09,"GIS_AREA":3.30502848600465,"NO_TAKE":"Not Applicable","NO_TK_AREA":0,"STATUS":"Designated","STATUS_YR":1997,"GOV_TYPE":"Sub-national ministry or agency","GOVSUBTYPE":"Not Applicable","OWN_TYPE":"Not Reported","OWNSUBTYPE":"Not Applicable","MANG_AUTH":"Not Reported","MANG_PLAN":"Not Reported","VERIF":"State Verified","METADATAID":1852,"PRNT_ISO3":"ARG","ISO3":"ARG","SUPP_INFO":"Not Applicable","CONS_OBJ":"Not Applicable","INLND_WTRS":"Not Reported","OECM_ASMT":"Not Applicable","layer":"WDPA_W~1"}},{"type":"Feature","geometry":{"type":"Polygon","coordinates":[[[-54.78266,-26.68286],[-54.77121,-26.69083],[-54.7641,-26.68008],[-54.78266,-26.68286]]]},"properties":{"fid":114,"SITE_ID":32518,"SITE_PID":"32518","SITE_TYPE":"PA","NAME_ENG":"Timbó Gigante","NAME":"Timbó Gigante","DESIG":"Refugio Privado","DESIG_ENG":"Private Refuge","DESIG_TYPE":"National","IUCN_CAT":"Ia","INT_CRIT":"Not Applicable","REALM":"Terrestrial","REP_M_AREA":0,"GIS_M_AREA":0,"REP_AREA":1.99,"GIS_AREA":1.39699729283958,"NO_TAKE":"Not Applicable","NO_TK_AREA":0,"STATUS":"Designated","STATUS_YR":1995,"GOV_TYPE":"Not Reported","GOVSUBTYPE":"Not Applicable","OWN_TYPE":"Not Reported","OWNSUBTYPE":"Not Applicable","MANG_AUTH":"Not Reported","MANG_PLAN":"Not Reported","VERIF":"State Verified","METADATAID":1852,"PRNT_ISO3":"ARG","ISO3":"ARG","SUPP_INFO":"Not Applicable","CONS_OBJ":"Not Applicable","INLND_WTRS":"Not Reported","OECM_ASMT":"Not Applicable","layer":"WDPA_W~1"}},{"type":"Feature","geometry":{"type":"Polygon","coordinates":[[[-54.16213,-25.61496],[-54.16188,-25.6145],[-54.16127,-25.61427],[-54.16046,-25.61413],[-54.15943,-25.61369],[-54.15862,-25.6131],[-54.15711,-25.61315],[-54.15554,-25.61222],[-54.15462,-25.60972],[-54.15067,-25.60805],[-54.14537,-25.61051],[-54.1425,-25.59517],[-54.14638,-25.59422],[-54.14973,-25.59519],[-54.15205,-25.59642],[-54.15269,-25.59652],[-54.15309,-25.59683],[-54.15343,-25.59816],[-54.15379,-25.59842],[-54.15398,-25.5978],[-54.15396,-25.5972],[-54.15396,-25.59652],[-54.15407,-25.59568],[-54.15434,-25.59516],[-54.15523,-25.59442],[-54.15673,-25.59368],[-54.15962,-25.59315],[-54.16205,-25.591],[-54.16251,-25.59053],[-54.16298,-25.5899],[-54.16315,-25.58927],[-54.16298,-25.58869],[-54.1628,-25.58822],[-54.1628,-25.58775],[-54.16297,-25.58743],[-54.16303,-25.58696],[-54.1632,-25.5867],[-54.1632,-25.58622],[-54.16315,-25.58607],[-54.16291,-25.58575],[-54.16268,-25.58533],[-54.16274,-25.58481],[-54.16297,-25.58439],[-54.1632,-25.58407],[-54.16366,-25.58334],[-54.16407,-25.58318],[-54.16446,-25.58318],[-54.16414,-25.58923],[-54.16395,-25.59308],[-54.16352,-25.60124],[-54.16338,-25.60439],[-54.1633,-25.60599],[-54.16317,-25.60863],[-54.16306,-25.61062],[-54.16282,-25.61525],[-54.16213,-25.61496]]]},"properties":{"fid":115,"SITE_ID":32522,"SITE_PID":"32522","SITE_TYPE":"PA","NAME_ENG":"Yacuy","NAME":"Yacuy","DESIG":"Parque Provincial","DESIG_ENG":"Provincial Park","DESIG_TYPE":"National","IUCN_CAT":"II","INT_CRIT":"Not Applicable","REALM":"Terrestrial","REP_M_AREA":0,"GIS_M_AREA":0,"REP_AREA":3.47,"GIS_AREA":3.61321237192521,"NO_TAKE":"Not Applicable","NO_TK_AREA":0,"STATUS":"Designated","STATUS_YR":1989,"GOV_TYPE":"Sub-national ministry or agency","GOVSUBTYPE":"Not Applicable","OWN_TYPE":"Not Reported","OWNSUBTYPE":"Not Applicable","MANG_AUTH":"Not Reported","MANG_PLAN":"Not Reported","VERIF":"State Verified","METADATAID":1852,"PRNT_ISO3":"ARG","ISO3":"ARG","SUPP_INFO":"Not Applicable","CONS_OBJ":"Not Applicable","INLND_WTRS":"Not Reported","OECM_ASMT":"Not Applicable","layer":"WDPA_W~1"}},{"type":"Feature","geometry":{"type":"Polygon","coordinates":[[[-58.94882,-27.31782],[-58.95258,-27.31724],[-58.95046,-27.31918],[-58.94882,-27.31782]]]},"properties":{"fid":116,"SITE_ID":32633,"SITE_PID":"32633","SITE_TYPE":"PA","NAME_ENG":"Colonia Benítez","NAME":"Colonia Benítez","DESIG":"Reserva Natural Educativa","DESIG_ENG":"Educational Nature Reserve","DESIG_TYPE":"National","IUCN_CAT":"Ia","INT_CRIT":"Not Applicable","REALM":"Terrestrial","REP_M_AREA":0,"GIS_M_AREA":0,"REP_AREA":0.0799999982,"GIS_AREA":0.074670869159819,"NO_TAKE":"Not Applicable","NO_TK_AREA":0,"STATUS":"Designated","STATUS_YR":1990,"GOV_TYPE":"Federal or national ministry or agency","GOVSUBTYPE":"Not Applicable","OWN_TYPE":"Not Reported","OWNSUBTYPE":"Not Applicable","MANG_AUTH":"Administración de Parques Nacionales","MANG_PLAN":"Not Reported","VERIF":"State Verified","METADATAID":1935,"PRNT_ISO3":"ARG","ISO3":"ARG","SUPP_INFO":"Not Applicable","CONS_OBJ":"Not Applicable","INLND_WTRS":"Not Reported","OECM_ASMT":"Not Applicable","layer":"WDPA_W~1"}},{"type":"Feature","geometry":{"type":"Polygon","coordinates":[[[-54.26944,-26.97719],[-54.26846,-26.97664],[-54.26816,-26.97649],[-54.18482,-26.93354],[-54.18865,-26.93134],[-54.1895,-26.92972],[-54.17889,-26.92572],[-54.18096,-26.9187],[-54.1992,-26.89146],[-54.29217,-26.93339],[-54.27373,-26.96284],[-54.28939,-26.97548],[-54.26944,-26.97719]]]},"properties":{"fid":117,"SITE_ID":32723,"SITE_PID":"32723","SITE_TYPE":"PA","NAME_ENG":"Guarani","NAME":"Guarani","DESIG":"Área Experimental","DESIG_ENG":"Experimental Area","DESIG_TYPE":"National","IUCN_CAT":"VI","INT_CRIT":"Not Applicable","REALM":"Terrestrial","REP_M_AREA":0,"GIS_M_AREA":0,"REP_AREA":53.43,"GIS_AREA":52.1553419320281,"NO_TAKE":"Not Applicable","NO_TK_AREA":0,"STATUS":"Designated","STATUS_YR":1975,"GOV_TYPE":"Not Reported","GOVSUBTYPE":"Not Applicable","OWN_TYPE":"Not Reported","OWNSUBTYPE":"Not Applicable","MANG_AUTH":"Not Reported","MANG_PLAN":"Not Reported","VERIF":"State Verified","METADATAID":1852,"PRNT_ISO3":"ARG","ISO3":"ARG","SUPP_INFO":"Not Applicable","CONS_OBJ":"Not Applicable","INLND_WTRS":"Not Reported","OECM_ASMT":"Not Applicable","layer":"WDPA_W~1"}},{"type":"Feature","geometry":{"type":"Polygon","coordinates":[[[-70.31328,-39.0159],[-70.38142,-38.9599],[-70.44423,-39.00636],[-70.40925,-39.03513],[-70.40923,-39.03505],[-70.38533,-39.00745],[-70.36282,-39.00123],[-70.31328,-39.0159]]]},"properties":{"fid":118,"SITE_ID":61819,"SITE_PID":"61819","SITE_TYPE":"PA","NAME_ENG":"Laguna Blanca","NAME":"Laguna Blanca","DESIG":"Reserva Nacional","DESIG_ENG":"National Reserve","DESIG_TYPE":"National","IUCN_CAT":"VI","INT_CRIT":"Not Applicable","REALM":"Terrestrial","REP_M_AREA":0,"GIS_M_AREA":0,"REP_AREA":35.6,"GIS_AREA":35.0096933635676,"NO_TAKE":"Not Applicable","NO_TK_AREA":0,"STATUS":"Designated","STATUS_YR":1940,"GOV_TYPE":"Federal or national ministry or agency","GOVSUBTYPE":"Not Applicable","OWN_TYPE":"Not Reported","OWNSUBTYPE":"Not Applicable","MANG_AUTH":"Administración de Parques Nacionales","MANG_PLAN":"https://sib.gob.ar/archivos/PG_PN_Laguna_Blanca.pdf","VERIF":"State Verified","METADATAID":1935,"PRNT_ISO3":"ARG","ISO3":"ARG","SUPP_INFO":"Not Applicable","CONS_OBJ":"Not Applicable","INLND_WTRS":"Not Reported","OECM_ASMT":"Not Applicable","layer":"WDPA_W~1"}},{"type":"Feature","geometry":{"type":"Polygon","coordinates":[[[-71.76867,-43.16651],[-71.68838,-43.17594],[-71.68577,-43.16469],[-71.6565,-43.18054],[-71.64012,-43.16631],[-71.63304,-43.17865],[-71.58025,-43.16862],[-71.56633,-43.14914],[-71.59119,-43.13998],[-71.56672,-42.67224],[-71.6272,-42.6705],[-71.62239,-42.58055],[-71.64273,-42.57951],[-71.64338,-42.58011],[-71.64428,-42.58206],[-71.64173,-42.5886],[-71.64288,-42.59723],[-71.64523,-42.60529],[-71.6453,-42.60686],[-71.65899,-42.62015],[-71.66063,-42.62126],[-71.67339,-42.63269],[-71.67473,-42.63797],[-71.67157,-42.65466],[-71.67515,-42.66127],[-71.67846,-42.66644],[-71.68837,-42.66701],[-71.68978,-42.66735],[-71.69756,-42.67242],[-71.7084,-42.68771],[-71.70597,-42.69051],[-71.70971,-42.69299],[-71.71491,-42.69133],[-71.7191,-42.69974],[-71.72479,-42.7103],[-71.72565,-42.71676],[-71.73289,-42.72233],[-71.73838,-42.72334],[-71.74137,-42.72885],[-71.75143,-42.75495],[-71.73909,-42.76573],[-71.73575,-42.76834],[-71.73495,-42.77717],[-71.71718,-42.80703],[-71.71692,-42.81476],[-71.70497,-42.81612],[-71.68855,-42.81146],[-71.68189,-42.80849],[-71.67313,-42.80528],[-71.66836,-42.80547],[-71.66084,-42.80778],[-71.65109,-42.81229],[-71.62364,-42.82271],[-71.61875,-42.82315],[-71.61227,-42.82775],[-71.60388,-42.85398],[-71.60365,-42.85537],[-71.60561,-42.86127],[-71.59768,-42.88362],[-71.6115,-42.88707],[-71.61374,-42.88809],[-71.66108,-42.95548],[-71.72245,-42.9576],[-71.72368,-42.97696],[-71.765,-43.02258],[-71.80456,-43.03506],[-71.82347,-43.03944],[-71.83012,-43.04127],[-71.84338,-43.08172],[-71.84757,-43.0891],[-71.86688,-43.11034],[-71.86826,-43.11619],[-71.87484,-43.12462],[-71.87551,-43.12521],[-71.87837,-43.12627],[-71.87991,-43.12708],[-71.88039,-43.12749],[-71.87865,-43.12832],[-71.87651,-43.12815],[-71.87369,-43.12905],[-71.86985,-43.12907],[-71.86544,-43.12805],[-71.86384,-43.12816],[-71.85976,-43.12953],[-71.85299,-43.12711],[-71.85443,-43.13489],[-71.76867,-43.16651]]]},"properties":{"fid":119,"SITE_ID":61822,"SITE_PID":"61822","SITE_TYPE":"PA","NAME_ENG":"Los Alerces","NAME":"Los Alerces","DESIG":"Reserva Nacional","DESIG_ENG":"National Reserve","DESIG_TYPE":"National","IUCN_CAT":"VI","INT_CRIT":"Not Applicable","REALM":"Terrestrial","REP_M_AREA":0,"GIS_M_AREA":0,"REP_AREA":714.43,"GIS_AREA":713.998473393436,"NO_TAKE":"Not Applicable","NO_TK_AREA":0,"STATUS":"Designated","STATUS_YR":1937,"GOV_TYPE":"Federal or national ministry or agency","GOVSUBTYPE":"Not Applicable","OWN_TYPE":"Not Reported","OWNSUBTYPE":"Not Applicable","MANG_AUTH":"Administración de Parques Nacionales","MANG_PLAN":"https://sib.gob.ar/archivos/PG_Los_Alerces.pdf","VERIF":"State Verified","METADATAID":1935,"PRNT_ISO3":"ARG","ISO3":"ARG","SUPP_INFO":"Not Applicable","CONS_OBJ":"Not Applicable","INLND_WTRS":"Not Reported","OECM_ASMT":"Not Applicable","layer":"WDPA_W~1"}},{"type":"Feature","geometry":{"type":"MultiPolygon","coordinates":[[[[-72.98686,-50.75181],[-72.9547,-50.74096],[-72.95202,-50.71838],[-72.90547,-50.6972],[-72.89144,-50.67018],[-72.87473,-50.6705],[-72.85178,-50.65319],[-72.82983,-50.65251],[-72.77412,-50.62745],[-72.73732,-50.62488],[-72.73152,-50.61538],[-72.73115,-50.61125],[-72.72004,-50.48788],[-72.73298,-50.4916],[-72.7608,-50.50957],[-72.76323,-50.51015],[-72.76311,-50.50983],[-72.76477,-50.50757],[-72.76584,-50.50715],[-72.76656,-50.50524],[-72.76808,-50.50459],[-72.76881,-50.50459],[-72.76899,-50.50459],[-72.76917,-50.50458],[-72.76926,-50.50458],[-72.76953,-50.50458],[-72.76971,-50.5047],[-72.76989,-50.5047],[-72.76999,-50.50475],[-72.77017,-50.50487],[-72.77026,-50.50492],[-72.77035,-50.50492],[-72.77035,-50.50498],[-72.7709,-50.50521],[-72.77117,-50.50521],[-72.77126,-50.50521],[-72.77144,-50.5052],[-72.77153,-50.5052],[-72.77162,-50.50526],[-72.77217,-50.50526],[-72.77271,-50.50549],[-72.7728,-50.5056],[-72.77281,-50.50566],[-72.77281,-50.50572],[-72.77281,-50.50577],[-72.77281,-50.50597],[-72.77482,-50.50645],[-72.77499,-50.50645],[-72.77535,-50.50645],[-72.77562,-50.50645],[-72.7758,-50.50644],[-72.77662,-50.50644],[-72.77671,-50.5065],[-72.77689,-50.50655],[-72.77698,-50.50661],[-72.77762,-50.50678],[-72.7778,-50.50678],[-72.77789,-50.50678],[-72.77789,-50.50684],[-72.77834,-50.50683],[-72.77898,-50.50694],[-72.77943,-50.50711],[-72.77962,-50.5074],[-72.78044,-50.50774],[-72.78062,-50.50791],[-72.78071,-50.50791],[-72.7808,-50.50797],[-72.78089,-50.50803],[-72.7809,-50.50808],[-72.78234,-50.50813],[-72.78244,-50.50819],[-72.78271,-50.50819],[-72.78289,-50.50819],[-72.78298,-50.50818],[-72.78307,-50.50818],[-72.78325,-50.50818],[-72.78397,-50.50818],[-72.78424,-50.50823],[-72.78454,-50.50956],[-72.79318,-50.51521],[-72.79511,-50.5171],[-72.79521,-50.51756],[-72.79558,-50.51808],[-72.79558,-50.51814],[-72.79558,-50.51819],[-72.79586,-50.51848],[-72.79623,-50.51871],[-72.79722,-50.51859],[-72.7974,-50.51859],[-72.79776,-50.51858],[-72.79785,-50.51858],[-72.79794,-50.51858],[-72.79803,-50.51858],[-72.79812,-50.51858],[-72.79858,-50.51864],[-72.79994,-50.51903],[-72.80024,-50.52059],[-72.80234,-50.52155],[-72.80234,-50.52178],[-72.80253,-50.52195],[-72.80253,-50.52242],[-72.80281,-50.52288],[-72.80282,-50.52322],[-72.80282,-50.52328],[-72.80282,-50.52334],[-72.80291,-50.5234],[-72.80291,-50.52357],[-72.80365,-50.52414],[-72.80698,-50.52337],[-72.80926,-50.52456],[-72.81391,-50.52609],[-72.81574,-50.52538],[-72.81579,-50.52538],[-72.81598,-50.52538],[-72.81607,-50.52538],[-72.81625,-50.52538],[-72.81715,-50.52537],[-72.81743,-50.52543],[-72.8191,-50.52784],[-72.82438,-50.53039],[-72.82517,-50.53175],[-72.82632,-50.53207],[-72.82632,-50.53217],[-72.82641,-50.53217],[-72.82641,-50.53229],[-72.82715,-50.5328],[-72.82724,-50.53303],[-72.83239,-50.53005],[-72.83284,-50.52999],[-72.83303,-50.52999],[-72.83312,-50.52999],[-72.83384,-50.52998],[-72.83402,-50.53004],[-72.8504,-50.53979],[-72.84903,-50.54932],[-72.84946,-50.55006],[-72.85061,-50.55148],[-72.85139,-50.55197],[-72.91858,-50.57227],[-72.92363,-50.59668],[-72.9357,-50.58939],[-72.96522,-50.68769],[-72.99099,-50.68738],[-72.9894,-50.6888],[-72.9911,-50.69001],[-72.98686,-50.75181]]],[[[-72.98255,-50.21552],[-72.96565,-50.03685],[-72.82631,-50.04221],[-72.80381,-49.79447],[-72.85925,-49.79272],[-72.84708,-49.65583],[-72.74185,-49.43085],[-72.74817,-49.38267],[-72.80417,-49.37524],[-72.87815,-49.33429],[-72.89293,-49.31169],[-72.87517,-49.24993],[-72.93585,-49.24747],[-72.94703,-49.24701],[-72.98796,-49.28689],[-73.03427,-49.42357],[-72.96686,-49.48161],[-72.98703,-49.47996],[-73.00381,-49.50412],[-72.88916,-49.65534],[-73.02502,-49.66902],[-73.03749,-49.70499],[-73.29836,-49.99042],[-73.25181,-49.99906],[-73.23099,-50.04851],[-73.161,-50.09714],[-73.15362,-50.06657],[-73.18567,-50.05873],[-73.1962,-50.00573],[-73.22031,-49.99757],[-73.19913,-49.97549],[-73.16472,-50.01542],[-73.1444,-49.95635],[-73.1202,-49.98137],[-73.13969,-50.04866],[-73.11429,-50.11565],[-73.10477,-50.12508],[-73.09525,-50.09491],[-73.07993,-50.10867],[-73.10684,-50.06535],[-73.07383,-50.06995],[-73.04003,-50.17867],[-72.98255,-50.21552]]]]},"properties":{"fid":120,"SITE_ID":61823,"SITE_PID":"61823","SITE_TYPE":"PA","NAME_ENG":"Los Glaciares","NAME":"Los Glaciares","DESIG":"Reserva Nacional","DESIG_ENG":"National Reserve","DESIG_TYPE":"National","IUCN_CAT":"VI","INT_CRIT":"Not Applicable","REALM":"Terrestrial","REP_M_AREA":0,"GIS_M_AREA":0,"REP_AREA":1883.77,"GIS_AREA":1898.05811498121,"NO_TAKE":"Not Applicable","NO_TK_AREA":0,"STATUS":"Designated","STATUS_YR":1937,"GOV_TYPE":"Federal or national ministry or agency","GOVSUBTYPE":"Not Applicable","OWN_TYPE":"Not Reported","OWNSUBTYPE":"Not Applicable","MANG_AUTH":"Administración de Parques Nacionales","MANG_PLAN":"https://sib.gob.ar/archivos/PG_PN_LOS_GLACIARES_2019-2029__1_.pdf","VERIF":"State Verified","METADATAID":1935,"PRNT_ISO3":"ARG","ISO3":"ARG","SUPP_INFO":"Not Applicable","CONS_OBJ":"Not Applicable","INLND_WTRS":"Not Reported","OECM_ASMT":"Not Applicable","layer":"WDPA_W~1"}},{"type":"Feature","geometry":{"type":"MultiPolygon","coordinates":[[[[-71.49448,-41.14145],[-71.49268,-41.31175],[-71.52864,-41.35439],[-71.48882,-41.37631],[-71.4856,-41.44556],[-71.45449,-41.52013],[-71.46039,-41.54554],[-71.49949,-41.57488],[-71.49798,-41.58159],[-71.49282,-41.58588],[-71.49798,-41.58227],[-71.50089,-41.57715],[-71.5135,-41.5698],[-71.6061,-41.55173],[-71.62471,-41.53536],[-71.74882,-41.54221],[-71.78437,-41.4935],[-71.82832,-41.48209],[-71.83334,-41.48784],[-71.83399,-41.48844],[-71.83761,-41.49819],[-71.84183,-41.50187],[-71.77502,-41.56375],[-71.77464,-41.59163],[-71.72867,-41.5988],[-71.64689,-41.58037],[-71.61036,-41.60175],[-71.5213,-41.60055],[-71.51331,-41.57057],[-71.50078,-41.5774],[-71.49792,-41.58253],[-71.48896,-41.5894],[-71.48574,-41.58994],[-71.47716,-41.57819],[-71.45699,-41.58602],[-71.43197,-41.55959],[-71.45086,-41.52282],[-71.43926,-41.50019],[-71.2382,-41.42292],[-71.23047,-41.28649],[-71.16689,-41.24066],[-71.15446,-41.18282],[-71.11154,-41.14873],[-71.11558,-41.1244],[-71.13967,-41.1119],[-71.17345,-41.14219],[-71.2452,-41.1654],[-71.2431,-41.18593],[-71.31047,-41.18261],[-71.34342,-41.2065],[-71.35384,-41.18838],[-71.39141,-41.18598],[-71.40744,-41.16069],[-71.43017,-41.19927],[-71.45072,-41.19512],[-71.48651,-41.17024],[-71.45073,-41.14418],[-71.49448,-41.14145]]],[[[-71.49448,-41.14145],[-71.51971,-41.13946],[-71.51437,-41.11686],[-71.53499,-41.10786],[-71.54781,-41.12145],[-71.58132,-41.10681],[-71.57022,-41.09229],[-71.58801,-41.0782],[-71.58604,-41.13938],[-71.49448,-41.14145]]],[[[-71.15048,-40.6657],[-71.15048,-40.6657],[-71.15597,-40.6612],[-71.19997,-40.62515],[-71.2436,-40.65562],[-71.28311,-40.62345],[-71.31909,-40.64879],[-71.28655,-40.65784],[-71.29546,-40.67423],[-71.37707,-40.66166],[-71.38517,-40.67155],[-71.45507,-40.63543],[-71.48819,-40.62759],[-71.24375,-40.73829],[-71.1872,-40.81809],[-71.19708,-40.89571],[-71.25829,-40.93512],[-71.3074,-40.94667],[-71.34963,-40.91427],[-71.41259,-40.90638],[-71.44426,-40.90638],[-71.44449,-40.89533],[-71.46582,-40.88494],[-71.54787,-40.79124],[-71.58315,-40.79125],[-71.56557,-40.81916],[-71.53586,-40.81915],[-71.53952,-40.83972],[-71.57992,-40.8264],[-71.58704,-40.80216],[-71.61256,-40.80179],[-71.62745,-40.78086],[-71.65857,-40.78309],[-71.63837,-40.80479],[-71.63519,-40.80659],[-71.62064,-40.81632],[-71.60376,-40.83645],[-71.59825,-40.83951],[-71.59516,-40.84181],[-71.59996,-40.84134],[-71.60586,-40.8463],[-71.60596,-40.84671],[-71.60605,-40.84709],[-71.60574,-40.84744],[-71.60574,-40.84745],[-71.60567,-40.84752],[-71.60386,-40.849],[-71.60296,-40.84929],[-71.60263,-40.85234],[-71.603,-40.85321],[-71.60339,-40.85339],[-71.60381,-40.85292],[-71.60396,-40.85292],[-71.604,-40.85321],[-71.6041,-40.85357],[-71.60448,-40.85357],[-71.60486,-40.85371],[-71.60538,-40.85353],[-71.60557,-40.8531],[-71.60595,-40.85303],[-71.60733,-40.85342],[-71.60733,-40.85396],[-71.60828,-40.85468],[-71.61266,-40.85662],[-71.61266,-40.85756],[-71.61299,-40.85763],[-71.61314,-40.85755],[-71.61344,-40.85738],[-71.61406,-40.85761],[-71.61367,-40.85798],[-71.61351,-40.85813],[-71.61394,-40.85835],[-71.61405,-40.85825],[-71.61435,-40.85796],[-71.61449,-40.85784],[-71.61475,-40.8582],[-71.61472,-40.85866],[-71.6147,-40.85899],[-71.61479,-40.85939],[-71.61476,-40.85943],[-71.61437,-40.85989],[-71.61465,-40.86015],[-71.61408,-40.86122],[-71.61422,-40.86158],[-71.61484,-40.86209],[-71.61489,-40.86334],[-71.61836,-40.86482],[-71.61788,-40.86521],[-71.61722,-40.86539],[-71.61684,-40.8659],[-71.61688,-40.86629],[-71.61731,-40.86656],[-71.61741,-40.86662],[-71.62492,-40.86072],[-71.62578,-40.85959],[-71.62606,-40.85871],[-71.62606,-40.85709],[-71.62791,-40.85651],[-71.6634,-40.78635],[-71.6678,-40.74401],[-71.72397,-40.69075],[-71.7305,-40.71581],[-71.71008,-40.72509],[-71.70762,-40.72683],[-71.71873,-40.74609],[-71.78006,-40.72335],[-71.79693,-40.74237],[-71.71479,-40.75896],[-71.7067,-40.78961],[-71.74841,-40.79241],[-71.75258,-40.80644],[-71.70134,-40.81791],[-71.66792,-40.8679],[-71.61735,-40.90069],[-71.56228,-41.00227],[-71.57793,-41.0376],[-71.53039,-41.05487],[-71.52047,-41.04211],[-71.47115,-41.04686],[-71.42138,-41.0916],[-71.49116,-41.05937],[-71.43765,-41.10603],[-71.33816,-41.1315],[-71.25808,-41.1285],[-71.189,-41.10167],[-71.18504,-41.08006],[-71.16615,-41.0693],[-71.16557,-41.06791],[-71.16568,-41.06759],[-71.16585,-41.06707],[-71.16456,-41.06514],[-71.15242,-41.05574],[-71.14738,-41.05716],[-71.14487,-41.05716],[-71.14326,-41.05701],[-71.14106,-41.0562],[-71.14028,-41.0556],[-71.13929,-41.0551],[-71.13928,-41.05509],[-71.13896,-41.05495],[-71.13349,-41.0506],[-71.12884,-41.04565],[-71.12569,-41.03848],[-71.12538,-41.03737],[-71.12523,-41.03639],[-71.12628,-41.03012],[-71.12522,-41.02432],[-71.11439,-41.00735],[-71.11289,-41.00664],[-71.10755,-41.00751],[-71.10395,-41.00333],[-71.10103,-41.00133],[-71.088,-40.99721],[-71.08801,-40.99598],[-71.08864,-40.99475],[-71.08987,-40.99414],[-71.0913,-40.99354],[-71.09272,-40.9934],[-71.09454,-40.99357],[-71.09596,-40.99358],[-71.10024,-40.99284],[-71.10127,-40.99177],[-71.10119,-40.99079],[-71.08207,-40.98376],[-71.08053,-40.98376],[-71.07861,-40.98376],[-71.07854,-40.98377],[-71.07556,-40.98434],[-71.07293,-40.9837],[-71.06893,-40.98001],[-71.06078,-40.98191],[-71.05977,-40.98129],[-71.05914,-40.98002],[-71.05861,-40.97957],[-71.05746,-40.97742],[-71.05578,-40.97649],[-71.04999,-40.96258],[-71.03772,-40.95795],[-71.04208,-40.94786],[-71.0416,-40.94699],[-71.04113,-40.94625],[-71.04064,-40.94588],[-71.03984,-40.9455],[-71.03952,-40.94488],[-71.03921,-40.94426],[-71.03825,-40.94352],[-71.03747,-40.94276],[-71.03696,-40.94252],[-71.03681,-40.94154],[-71.0357,-40.94005],[-71.03671,-40.93828],[-71.03559,-40.93692],[-71.03456,-40.93677],[-71.0328,-40.93515],[-71.0328,-40.93511],[-71.03189,-40.93453],[-71.03126,-40.93304],[-71.03214,-40.9285],[-71.0333,-40.92703],[-71.03477,-40.92594],[-71.03495,-40.92495],[-71.03561,-40.92434],[-71.03498,-40.92264],[-71.03402,-40.92187],[-71.03391,-40.92153],[-71.03303,-40.92046],[-71.03291,-40.92038],[-71.03221,-40.9195],[-71.03136,-40.91932],[-71.03097,-40.91855],[-71.03426,-40.9155],[-71.03448,-40.91396],[-71.0353,-40.91336],[-71.03452,-40.91104],[-71.03372,-40.91042],[-71.03353,-40.90949],[-71.03342,-40.90349],[-71.03385,-40.90165],[-71.03529,-40.90043],[-71.03712,-40.89952],[-71.03734,-40.89845],[-71.03796,-40.89784],[-71.03858,-40.89677],[-71.03859,-40.89615],[-71.03893,-40.89588],[-71.03925,-40.89541],[-71.03874,-40.89435],[-71.03856,-40.89327],[-71.03817,-40.89203],[-71.03906,-40.88619],[-71.04071,-40.88467],[-71.04579,-40.88348],[-71.04904,-40.88351],[-71.05046,-40.88352],[-71.05249,-40.88277],[-71.05312,-40.88185],[-71.05213,-40.88008],[-71.04788,-40.87965],[-71.04687,-40.87933],[-71.04627,-40.87856],[-71.04659,-40.87056],[-71.0677,-40.85077],[-71.07291,-40.84921],[-71.07339,-40.84983],[-71.07338,-40.85032],[-71.07386,-40.85082],[-71.07451,-40.85082],[-71.07466,-40.85156],[-71.07724,-40.85257],[-71.07822,-40.85258],[-71.07983,-40.85283],[-71.08129,-40.85285],[-71.08341,-40.85225],[-71.08421,-40.85262],[-71.08567,-40.85239],[-71.08601,-40.8519],[-71.08585,-40.85104],[-71.08554,-40.85042],[-71.08588,-40.84919],[-71.08754,-40.84613],[-71.09248,-40.84075],[-71.09622,-40.83955],[-71.09978,-40.84007],[-71.10101,-40.83485],[-71.0908,-40.83187],[-71.0917,-40.82523],[-71.10114,-40.82199],[-71.10025,-40.81235],[-71.10308,-40.81139],[-71.10339,-40.81105],[-71.10486,-40.81057],[-71.10519,-40.8102],[-71.106,-40.81009],[-71.1091,-40.80851],[-71.1091,-40.80802],[-71.11188,-40.80631],[-71.11269,-40.80632],[-71.11318,-40.80583],[-71.1148,-40.80572],[-71.11724,-40.805],[-71.1183,-40.80403],[-71.1184,-40.80233],[-71.11745,-40.7995],[-71.11707,-40.79685],[-71.1172,-40.79655],[-71.11706,-40.79608],[-71.11859,-40.79018],[-71.11702,-40.78685],[-71.11736,-40.78324],[-71.11872,-40.78046],[-71.12051,-40.77973],[-71.12083,-40.77974],[-71.12181,-40.77962],[-71.12303,-40.77973],[-71.12303,-40.77902],[-71.12295,-40.77901],[-71.12273,-40.7788],[-71.12225,-40.7783],[-71.12194,-40.77719],[-71.12261,-40.7756],[-71.11915,-40.77067],[-71.11792,-40.7684],[-71.11754,-40.76731],[-71.1174,-40.76583],[-71.11855,-40.76449],[-71.11888,-40.76387],[-71.11888,-40.76351],[-71.11889,-40.76301],[-71.1189,-40.76252],[-71.12,-40.76109],[-71.12,-40.76018],[-71.11962,-40.75895],[-71.09382,-40.72737],[-71.09302,-40.72704],[-71.09184,-40.72711],[-71.0881,-40.72589],[-71.08678,-40.72574],[-71.08627,-40.72481],[-71.08353,-40.72529],[-71.0798,-40.7267],[-71.07911,-40.72602],[-71.07911,-40.72602],[-71.07812,-40.72504],[-71.07812,-40.72503],[-71.07809,-40.725],[-71.15048,-40.6657]]]]},"properties":{"fid":121,"SITE_ID":61824,"SITE_PID":"61824","SITE_TYPE":"PA","NAME_ENG":"Nahuel Huapi","NAME":"Nahuel Huapi","DESIG":"Reserva Nacional","DESIG_ENG":"National Reserve","DESIG_TYPE":"National","IUCN_CAT":"VI","INT_CRIT":"Not Applicable","REALM":"Terrestrial","REP_M_AREA":0,"GIS_M_AREA":0,"REP_AREA":2253.8,"GIS_AREA":2380.53031662711,"NO_TAKE":"Not Applicable","NO_TK_AREA":0,"STATUS":"Designated","STATUS_YR":1934,"GOV_TYPE":"Federal or national ministry or agency","GOVSUBTYPE":"Not Applicable","OWN_TYPE":"Not Reported","OWNSUBTYPE":"Not Applicable","MANG_AUTH":"Administración de Parques Nacionales","MANG_PLAN":"https://sib.gob.ar/archivos/PG_PNNH_2019.pdf","VERIF":"State Verified","METADATAID":1935,"PRNT_ISO3":"ARG","ISO3":"ARG","SUPP_INFO":"Not Applicable","CONS_OBJ":"Not Applicable","INLND_WTRS":"Not Reported","OECM_ASMT":"Not Applicable","layer":"WDPA_W~1"}},{"type":"Feature","geometry":{"type":"Polygon","coordinates":[[[-72.11425,-47.99724],[-71.98041,-48.00142],[-71.96762,-47.84822],[-72.01201,-47.83389],[-72.02445,-47.73003],[-72.08929,-47.72812],[-72.15579,-47.72617],[-72.15761,-47.72611],[-72.20841,-47.78013],[-72.11665,-47.79556],[-72.09028,-47.82011],[-72.12777,-47.83238],[-72.1212,-47.81042],[-72.17309,-47.80088],[-72.18962,-47.80926],[-72.17541,-47.83982],[-72.12545,-47.83275],[-72.05965,-47.86505],[-72.06705,-47.88018],[-72.10318,-47.87016],[-72.11425,-47.99724]]]},"properties":{"fid":122,"SITE_ID":61827,"SITE_PID":"61827","SITE_TYPE":"PA","NAME_ENG":"Perito Moreno","NAME":"Perito Moreno","DESIG":"Reserva Nacional","DESIG_ENG":"National Reserve","DESIG_TYPE":"National","IUCN_CAT":"VI","INT_CRIT":"Not Applicable","REALM":"Terrestrial","REP_M_AREA":0,"GIS_M_AREA":0,"REP_AREA":319.47,"GIS_AREA":320.021913296753,"NO_TAKE":"Not Applicable","NO_TK_AREA":0,"STATUS":"Designated","STATUS_YR":1937,"GOV_TYPE":"Federal or national ministry or agency","GOVSUBTYPE":"Not Applicable","OWN_TYPE":"Not Reported","OWNSUBTYPE":"Not Applicable","MANG_AUTH":"Administración de Parques Nacionales","MANG_PLAN":"https://sib.gob.ar/archivos/PG_PNPFPM.pdf","VERIF":"State Verified","METADATAID":1935,"PRNT_ISO3":"ARG","ISO3":"ARG","SUPP_INFO":"Not Applicable","CONS_OBJ":"Not Applicable","INLND_WTRS":"Not Reported","OECM_ASMT":"Not Applicable","layer":"WDPA_W~1"}},{"type":"Feature","geometry":{"type":"Polygon","coordinates":[[[-69.05701,-45.80259],[-69.08163,-45.81943],[-69.0691,-45.83866],[-68.9999,-45.81946],[-68.99663,-45.80603],[-69.05701,-45.80259]]]},"properties":{"fid":123,"SITE_ID":61847,"SITE_PID":"61847","SITE_TYPE":"PA","NAME_ENG":"Bosque Petrificado Sarmiento","NAME":"Bosque Petrificado Sarmiento","DESIG":"Reserva Natural Turística","DESIG_ENG":"Tourist Nature Reserve","DESIG_TYPE":"National","IUCN_CAT":"III","INT_CRIT":"Not Applicable","REALM":"Terrestrial","REP_M_AREA":0,"GIS_M_AREA":0,"REP_AREA":18.32,"GIS_AREA":18.862783722565,"NO_TAKE":"Not Applicable","NO_TK_AREA":0,"STATUS":"Designated","STATUS_YR":1973,"GOV_TYPE":"Sub-national ministry or agency","GOVSUBTYPE":"Not Applicable","OWN_TYPE":"Not Reported","OWNSUBTYPE":"Not Applicable","MANG_AUTH":"Not Reported","MANG_PLAN":"Not Reported","VERIF":"State Verified","METADATAID":1852,"PRNT_ISO3":"ARG","ISO3":"ARG","SUPP_INFO":"Not Applicable","CONS_OBJ":"Not Applicable","INLND_WTRS":"Not Reported","OECM_ASMT":"Not Applicable","layer":"WDPA_W~1"}},{"type":"Feature","geometry":{"type":"Polygon","coordinates":[[[-69.20757,-32.00691],[-69.13042,-31.99757],[-69.11807,-31.97096],[-69.10136,-31.84723],[-69.14744,-31.73532],[-69.30188,-31.71481],[-69.36992,-31.72418],[-69.40664,-32.07729],[-69.37978,-32.06424],[-69.31498,-32.09209],[-69.27856,-32.07333],[-69.25225,-32.02404],[-69.20757,-32.00691]]]},"properties":{"fid":124,"SITE_ID":61849,"SITE_PID":"61849","SITE_TYPE":"PA","NAME_ENG":"El Leoncito","NAME":"El Leoncito","DESIG":"Parque Nacional","DESIG_ENG":"National Park","DESIG_TYPE":"National","IUCN_CAT":"II","INT_CRIT":"Not Applicable","REALM":"Terrestrial","REP_M_AREA":0,"GIS_M_AREA":0,"REP_AREA":897.06,"GIS_AREA":901.718501754886,"NO_TAKE":"Not Applicable","NO_TK_AREA":0,"STATUS":"Designated","STATUS_YR":2002,"GOV_TYPE":"Federal or national ministry or agency","GOVSUBTYPE":"Not Applicable","OWN_TYPE":"Not Reported","OWNSUBTYPE":"Not Applicable","MANG_AUTH":"Administración de Parques Nacionales","MANG_PLAN":"http://www.sib.gov.ar/archivos/PM_PN_EL_LEONCITO_completo.pdf","VERIF":"State Verified","METADATAID":1935,"PRNT_ISO3":"ARG","ISO3":"ARG","SUPP_INFO":"Not Applicable","CONS_OBJ":"Not Applicable","INLND_WTRS":"Not Reported","OECM_ASMT":"Not Applicable","layer":"WDPA_W~1"}},{"type":"Feature","geometry":{"type":"Polygon","coordinates":[[[-55.14149,-27.4728],[-55.14125,-27.47647],[-55.13748,-27.47585],[-55.14149,-27.4728]]]},"properties":{"fid":125,"SITE_ID":61862,"SITE_PID":"61862","SITE_TYPE":"PA","NAME_ENG":"Mbotaby","NAME":"Mbotaby","DESIG":"Reserva Ecológica","DESIG_ENG":"Ecological Reserve","DESIG_TYPE":"National","IUCN_CAT":"VI","INT_CRIT":"Not Applicable","REALM":"Terrestrial","REP_M_AREA":0,"GIS_M_AREA":0,"REP_AREA":0.135,"GIS_AREA":0.132419107306096,"NO_TAKE":"Not Applicable","NO_TK_AREA":0,"STATUS":"Designated","STATUS_YR":1991,"GOV_TYPE":"Not Reported","GOVSUBTYPE":"Not Applicable","OWN_TYPE":"Not Reported","OWNSUBTYPE":"Not Applicable","MANG_AUTH":"Not Reported","MANG_PLAN":"Not Reported","VERIF":"State Verified","METADATAID":1852,"PRNT_ISO3":"ARG","ISO3":"ARG","SUPP_INFO":"Not Applicable","CONS_OBJ":"Not Applicable","INLND_WTRS":"Not Reported","OECM_ASMT":"Not Applicable","layer":"WDPA_W~1"}},{"type":"Feature","geometry":{"type":"Polygon","coordinates":[[[-65.64958,-25.02234],[-65.68074,-25.02347],[-65.70501,-25.03519],[-65.72427,-25.09123],[-65.70083,-25.06003],[-65.70117,-25.03337],[-65.68094,-25.03889],[-65.64958,-25.02234]]]},"properties":{"fid":126,"SITE_ID":61876,"SITE_PID":"61876","SITE_TYPE":"PA","NAME_ENG":"Carabajal","NAME":"Carabajal","DESIG":"Reserva de Fauna Silvestre","DESIG_ENG":"Wildlife Reserve","DESIG_TYPE":"National","IUCN_CAT":"IV","INT_CRIT":"Not Applicable","REALM":"Terrestrial","REP_M_AREA":0,"GIS_M_AREA":0,"REP_AREA":9.22,"GIS_AREA":10.9951072874773,"NO_TAKE":"Not Applicable","NO_TK_AREA":0,"STATUS":"Designated","STATUS_YR":1971,"GOV_TYPE":"Sub-national ministry or agency","GOVSUBTYPE":"Not Applicable","OWN_TYPE":"Not Reported","OWNSUBTYPE":"Not Applicable","MANG_AUTH":"Not Reported","MANG_PLAN":"Not Reported","VERIF":"State Verified","METADATAID":1852,"PRNT_ISO3":"ARG","ISO3":"ARG","SUPP_INFO":"Not Applicable","CONS_OBJ":"Not Applicable","INLND_WTRS":"Not Reported","OECM_ASMT":"Not Applicable","layer":"WDPA_W~1"}},{"type":"Feature","geometry":{"type":"Polygon","coordinates":[[[-57.36898,-37.69923],[-57.20181,-37.55428],[-57.21902,-37.54441],[-57.29656,-37.61449],[-57.37244,-37.69078],[-57.38986,-37.70903],[-57.41971,-37.74179],[-57.42206,-37.73987],[-57.42423,-37.7365],[-57.42833,-37.73469],[-57.42713,-37.73156],[-57.42339,-37.73023],[-57.42242,-37.72601],[-57.42749,-37.69744],[-57.42508,-37.69635],[-57.41881,-37.69117],[-57.41459,-37.68912],[-57.41121,-37.68562],[-57.4094,-37.68453],[-57.40714,-37.68325],[-57.40307,-37.68235],[-57.40036,-37.6828],[-57.3978,-37.68295],[-57.39524,-37.68341],[-57.39403,-37.68386],[-57.39313,-37.68386],[-57.39207,-37.68416],[-57.39162,-37.68461],[-57.39162,-37.68552],[-57.39162,-37.68612],[-57.39041,-37.68627],[-57.38876,-37.68582],[-57.3871,-37.68552],[-57.35379,-37.65794],[-57.38563,-37.62032],[-57.36679,-37.60562],[-57.34269,-37.60329],[-57.36337,-37.61993],[-57.34532,-37.61577],[-57.34112,-37.60454],[-57.34725,-37.57762],[-57.32323,-37.55973],[-57.3569,-37.56867],[-57.41212,-37.6251],[-57.40388,-37.64953],[-57.42331,-37.66602],[-57.40358,-37.66248],[-57.43214,-37.69898],[-57.43196,-37.73728],[-57.42466,-37.74293],[-57.42278,-37.74411],[-57.41923,-37.74521],[-57.41533,-37.73959],[-57.41009,-37.73432],[-57.4055,-37.73063],[-57.39747,-37.7238],[-57.39145,-37.71848],[-57.38701,-37.71455],[-57.36898,-37.69923]]]},"properties":{"fid":127,"SITE_ID":61878,"SITE_PID":"61878","SITE_TYPE":"PA","NAME_ENG":"Mar Chiquita","NAME":"Mar Chiquita","DESIG":"Reserva Natural de Uso Múltiple","DESIG_ENG":"Multiple Use Nature Reserve","DESIG_TYPE":"National","IUCN_CAT":"VI","INT_CRIT":"Not Applicable","REALM":"Coastal","REP_M_AREA":0,"GIS_M_AREA":42.2291058900622,"REP_AREA":90.07,"GIS_AREA":83.6519630524173,"NO_TAKE":"Not Reported","NO_TK_AREA":0,"STATUS":"Designated","STATUS_YR":1989,"GOV_TYPE":"Sub-national ministry or agency","GOVSUBTYPE":"Not Applicable","OWN_TYPE":"Not Reported","OWNSUBTYPE":"Not Applicable","MANG_AUTH":"Not Reported","MANG_PLAN":"Not Reported","VERIF":"State Verified","METADATAID":1852,"PRNT_ISO3":"ARG","ISO3":"ARG","SUPP_INFO":"Not Applicable","CONS_OBJ":"Not Applicable","INLND_WTRS":"Not Reported","OECM_ASMT":"Not Applicable","layer":"WDPA_W~1"}},{"type":"Feature","geometry":{"type":"Polygon","coordinates":[[[-65.9897,-22.47423],[-65.93889,-22.27477],[-66.01039,-22.21049],[-66.04317,-22.30745],[-66.06209,-22.40749],[-65.99456,-22.47427],[-65.9897,-22.47423]]]},"properties":{"fid":128,"SITE_ID":67757,"SITE_PID":"67757","SITE_TYPE":"PA","NAME_ENG":"Laguna de los Pozuelos","NAME":"Laguna de los Pozuelos","DESIG":"Sitio Ramsar, Humedal de Importancia Internacional","DESIG_ENG":"Wetland of International Importance (Ramsar Site)","DESIG_TYPE":"International","IUCN_CAT":"Not Reported","INT_CRIT":"(i);(ii);(iii);(iv);(v);(vi)","REALM":"Terrestrial","REP_M_AREA":0,"GIS_M_AREA":0,"REP_AREA":162.24,"GIS_AREA":211.099478892057,"NO_TAKE":"Not Applicable","NO_TK_AREA":0,"STATUS":"Designated","STATUS_YR":1992,"GOV_TYPE":"Not Reported","GOVSUBTYPE":"Not Applicable","OWN_TYPE":"Not Reported","OWNSUBTYPE":"Not Applicable","MANG_AUTH":"Not Reported","MANG_PLAN":"Management plan is not implented but is available","VERIF":"State Verified","METADATAID":1852,"PRNT_ISO3":"ARG","ISO3":"ARG","SUPP_INFO":"Not Applicable","CONS_OBJ":"Not Applicable","INLND_WTRS":"Not Reported","OECM_ASMT":"Not Applicable","layer":"WDPA_W~1"}},{"type":"Feature","geometry":{"type":"Polygon","coordinates":[[[-70.26115,-39.05606],[-70.38036,-38.95809],[-70.44318,-39.00455],[-70.40842,-39.03318],[-70.32398,-39.10258],[-70.26115,-39.05606]]]},"properties":{"fid":129,"SITE_ID":67758,"SITE_PID":"67758","SITE_TYPE":"PA","NAME_ENG":"Parque Nacional Laguna Blanca","NAME":"Parque Nacional Laguna Blanca","DESIG":"Sitio Ramsar, Humedal de Importancia Internacional","DESIG_ENG":"Wetland of International Importance (Ramsar Site)","DESIG_TYPE":"International","IUCN_CAT":"Not Reported","INT_CRIT":"Not Reported","REALM":"Terrestrial","REP_M_AREA":0,"GIS_M_AREA":0,"REP_AREA":112.5,"GIS_AREA":112.45739912636301,"NO_TAKE":"Not Applicable","NO_TK_AREA":0,"STATUS":"Designated","STATUS_YR":1992,"GOV_TYPE":"Not Reported","GOVSUBTYPE":"Not Applicable","OWN_TYPE":"Not Reported","OWNSUBTYPE":"Not Applicable","MANG_AUTH":"Not Reported","MANG_PLAN":"Not Reported","VERIF":"State Verified","METADATAID":1852,"PRNT_ISO3":"ARG","ISO3":"ARG","SUPP_INFO":"Not Applicable","CONS_OBJ":"Not Applicable","INLND_WTRS":"Not Reported","OECM_ASMT":"Not Applicable","layer":"WDPA_W~1"}},{"type":"Feature","geometry":{"type":"Polygon","coordinates":[[[-57.96666,-25.07858],[-57.97031,-25.07669],[-57.97561,-25.0854],[-57.98805,-25.08038],[-57.99106,-25.07423],[-57.99942,-25.07356],[-58.00013,-25.07118],[-58.00006,-25.06875],[-58.00091,-25.06649],[-57.99895,-25.06414],[-57.99937,-25.06185],[-57.99756,-25.06054],[-57.99619,-25.05878],[-57.99775,-25.05312],[-58.00241,-25.04866],[-58.00195,-25.04641],[-58.00359,-25.04507],[-58.00379,-25.0404],[-58.00469,-25.0385],[-58.00269,-25.03715],[-58.00602,-25.03412],[-58.01608,-25.04139],[-58.03158,-25.0348],[-58.03741,-25.04097],[-58.04869,-25.03728],[-58.05707,-25.04349],[-58.06158,-25.03982],[-58.07138,-25.0431],[-58.07044,-25.04095],[-58.07641,-25.03737],[-58.07662,-25.03336],[-58.07834,-25.03226],[-58.07793,-25.02952],[-58.07709,-25.02746],[-58.07979,-25.02626],[-58.07997,-25.02422],[-58.07829,-25.02271],[-58.07938,-25.02085],[-58.08282,-25.02231],[-58.0906,-25.00854],[-58.12908,-25.01316],[-58.12969,-25.01108],[-58.13211,-25.01066],[-58.13557,-25.00926],[-58.13766,-25.00583],[-58.13587,-25.00457],[-58.13652,-25.00244],[-58.13815,-25],[-58.1398,-24.99882],[-58.14238,-24.99116],[-58.14601,-24.98972],[-58.1557,-24.98022],[-58.15718,-24.97486],[-58.1898,-24.97107],[-58.21476,-24.95149],[-58.21273,-24.94386],[-58.2251,-24.92414],[-58.25617,-24.92961],[-58.32305,-24.9878],[-58.31883,-24.9933],[-58.18167,-25.13722],[-58.1825,-25.15527],[-58.16221,-25.16278],[-58.15167,-25.16388],[-58.14278,-25.1686],[-58.14112,-25.1775],[-58.13694,-25.17804],[-58.13055,-25.17666],[-58.12612,-25.17445],[-58.13055,-25.16666],[-57.96668,-25.16653],[-57.96666,-25.07858]]]},"properties":{"fid":130,"SITE_ID":67759,"SITE_PID":"67759","SITE_TYPE":"PA","NAME_ENG":"Parque Nacional Rio Pilcomayo","NAME":"Parque Nacional Rio Pilcomayo","DESIG":"Sitio Ramsar, Humedal de Importancia Internacional","DESIG_ENG":"Wetland of International Importance (Ramsar Site)","DESIG_TYPE":"International","IUCN_CAT":"Not Reported","INT_CRIT":"(i);(ii);(iv)","REALM":"Terrestrial","REP_M_AREA":0,"GIS_M_AREA":0,"REP_AREA":518.89,"GIS_AREA":515.013009099316,"NO_TAKE":"Not Applicable","NO_TK_AREA":0,"STATUS":"Designated","STATUS_YR":1992,"GOV_TYPE":"Not Reported","GOVSUBTYPE":"Not Applicable","OWN_TYPE":"Not Reported","OWNSUBTYPE":"Not Applicable","MANG_AUTH":"Not Reported","MANG_PLAN":"Not Reported","VERIF":"State Verified","METADATAID":1852,"PRNT_ISO3":"ARG","ISO3":"ARG","SUPP_INFO":"Not Applicable","CONS_OBJ":"Not Applicable","INLND_WTRS":"Not Reported","OECM_ASMT":"Not Applicable","layer":"WDPA_W~1"}},{"type":"Feature","geometry":{"type":"Polygon","coordinates":[[[-66.6308,-22.52717],[-66.64147,-22.51767],[-66.6482,-22.51715],[-66.66549,-22.50428],[-66.66758,-22.5007],[-66.69901,-22.48266],[-66.73214,-22.4783],[-66.74244,-22.48035],[-66.75665,-22.48252],[-66.7638,-22.47748],[-66.76443,-22.44511],[-66.77948,-22.43661],[-66.7896,-22.44207],[-66.86629,-22.47008],[-66.92783,-22.49133],[-66.97278,-22.54],[-67.02873,-22.54093],[-67.01488,-22.65448],[-67.1275,-22.72101],[-67.1802,-22.814],[-66.99164,-22.99805],[-67.11513,-23.38218],[-67.15487,-23.51391],[-67.22764,-23.73915],[-67.17467,-23.75203],[-67.12452,-23.78908],[-67.05621,-23.84018],[-67.03509,-23.8562],[-66.98137,-23.81666],[-66.96645,-23.63347],[-67.00531,-23.55213],[-66.85151,-23.00592],[-66.74127,-22.96938],[-66.8485,-22.91495],[-66.85856,-22.62364],[-66.83005,-22.58471],[-66.80809,-22.58112],[-66.61019,-22.62274],[-66.6308,-22.52717]]]},"properties":{"fid":131,"SITE_ID":81004,"SITE_PID":"81004","SITE_TYPE":"PA","NAME_ENG":"Alto Andina de la Chinchilla","NAME":"Alto Andina de la Chinchilla","DESIG":"Reserva Provincial","DESIG_ENG":"Provincial Reserve","DESIG_TYPE":"National","IUCN_CAT":"VI","INT_CRIT":"Not Applicable","REALM":"Terrestrial","REP_M_AREA":0,"GIS_M_AREA":0,"REP_AREA":3695.29,"GIS_AREA":3217.00840560536,"NO_TAKE":"Not Applicable","NO_TK_AREA":0,"STATUS":"Designated","STATUS_YR":1992,"GOV_TYPE":"Sub-national ministry or agency","GOVSUBTYPE":"Not Applicable","OWN_TYPE":"Not Reported","OWNSUBTYPE":"Not Applicable","MANG_AUTH":"Not Reported","MANG_PLAN":"Not Reported","VERIF":"State Verified","METADATAID":1852,"PRNT_ISO3":"ARG","ISO3":"ARG","SUPP_INFO":"Not Applicable","CONS_OBJ":"Not Applicable","INLND_WTRS":"Not Reported","OECM_ASMT":"Not Applicable","layer":"WDPA_W~1"}},{"type":"Feature","geometry":{"type":"Polygon","coordinates":[[[-69.39995,-31.47398],[-69.4005,-31.48279],[-69.38912,-31.48297],[-69.39995,-31.47398]]]},"properties":{"fid":132,"SITE_ID":81005,"SITE_PID":"81005","SITE_TYPE":"PA","NAME_ENG":"Cerro Alcázar","NAME":"Cerro Alcázar","DESIG":"Monumento Natural","DESIG_ENG":"Nature Monument","DESIG_TYPE":"National","IUCN_CAT":"III","INT_CRIT":"Not Applicable","REALM":"Terrestrial","REP_M_AREA":0,"GIS_M_AREA":0,"REP_AREA":1,"GIS_AREA":1.01605584346747,"NO_TAKE":"Not Applicable","NO_TK_AREA":0,"STATUS":"Designated","STATUS_YR":1993,"GOV_TYPE":"Not Reported","GOVSUBTYPE":"Not Applicable","OWN_TYPE":"Not Reported","OWNSUBTYPE":"Not Applicable","MANG_AUTH":"Not Reported","MANG_PLAN":"Not Reported","VERIF":"State Verified","METADATAID":1852,"PRNT_ISO3":"ARG","ISO3":"ARG","SUPP_INFO":"Not Applicable","CONS_OBJ":"Not Applicable","INLND_WTRS":"Not Reported","OECM_ASMT":"Not Applicable","layer":"WDPA_W~1"}},{"type":"Feature","geometry":{"type":"Polygon","coordinates":[[[-54.1178,-26.99315],[-54.09795,-27.01203],[-54.11348,-27.02263],[-54.08961,-27.08195],[-54.09839,-27.11243],[-54.07916,-27.1169],[-54.07395,-27.14498],[-54.04067,-27.13941],[-54.00634,-27.16972],[-54.00343,-27.19437],[-53.96283,-27.19496],[-53.95253,-27.15053],[-53.92538,-27.15992],[-53.91378,-27.17356],[-53.91069,-27.17374],[-53.8764,-27.12301],[-53.83681,-27.16617],[-53.82839,-27.14477],[-53.79941,-27.14501],[-53.82562,-27.13111],[-53.80519,-27.12108],[-53.81976,-27.10157],[-53.77684,-27.10248],[-53.80629,-27.07764],[-53.79831,-27.06531],[-53.77265,-27.07262],[-53.80239,-27.03938],[-53.76112,-27.06433],[-53.78563,-27.02493],[-53.76539,-27.04437],[-53.74784,-27.03145],[-53.7643,-27.0079],[-53.7411,-27.01368],[-53.74443,-26.99125],[-53.71912,-26.99022],[-53.73793,-26.97319],[-53.72672,-26.95741],[-53.70414,-26.95967],[-53.70885,-26.93261],[-53.67278,-26.94398],[-53.6979,-26.92914],[-53.67194,-26.89362],[-53.69694,-26.88699],[-53.68044,-26.86982],[-53.69749,-26.85927],[-53.66093,-26.85723],[-53.69467,-26.84711],[-53.71111,-26.81245],[-53.69837,-26.81287],[-53.70105,-26.79693],[-53.71756,-26.78265],[-53.69921,-26.76881],[-53.74499,-26.76342],[-53.71479,-26.74993],[-53.73149,-26.73034],[-53.74953,-26.74103],[-53.75864,-26.71956],[-53.7553,-26.70842],[-53.73465,-26.71559],[-53.74328,-26.6792],[-53.73011,-26.69092],[-53.71748,-26.68286],[-53.73181,-26.67749],[-53.7208,-26.64812],[-53.72795,-26.65733],[-53.75901,-26.63937],[-53.73871,-26.64291],[-53.72956,-26.6212],[-53.92896,-26.62151],[-53.92886,-26.69776],[-53.86251,-26.69766],[-53.84122,-26.72369],[-53.86029,-26.74311],[-53.84268,-26.75103],[-54.13993,-26.75934],[-54.13867,-26.74757],[-54.23513,-26.80204],[-54.21543,-26.85814],[-54.27919,-26.88508],[-54.29998,-26.87816],[-54.31762,-26.91196],[-54.29842,-26.91295],[-54.30661,-26.92861],[-54.29217,-26.93339],[-54.27373,-26.96284],[-54.28939,-26.97548],[-54.26944,-26.97719],[-54.26943,-26.97719],[-54.26828,-27.00853],[-54.24887,-27.01573],[-54.25448,-27.03396],[-54.23355,-27.05278],[-54.1178,-26.99315]]]},"properties":{"fid":133,"SITE_ID":93409,"SITE_PID":"93409","SITE_TYPE":"PA","NAME_ENG":"Yabotí","NAME":"Yabotí","DESIG":"Reserva de la Biósfera","DESIG_ENG":"UNESCO-MAB Biosphere Reserve","DESIG_TYPE":"International","IUCN_CAT":"Not Applicable","INT_CRIT":"Not Applicable","REALM":"Terrestrial","REP_M_AREA":0,"GIS_M_AREA":0,"REP_AREA":2538,"GIS_AREA":2280.88479151153,"NO_TAKE":"Not Applicable","NO_TK_AREA":0,"STATUS":"Designated","STATUS_YR":1995,"GOV_TYPE":"Not Reported","GOVSUBTYPE":"Not Applicable","OWN_TYPE":"Not Reported","OWNSUBTYPE":"Not Applicable","MANG_AUTH":"Not Reported","MANG_PLAN":"Not Reported","VERIF":"State Verified","METADATAID":1852,"PRNT_ISO3":"ARG","ISO3":"ARG","SUPP_INFO":"Not Applicable","CONS_OBJ":"Not Applicable","INLND_WTRS":"Not Reported","OECM_ASMT":"Not Applicable","layer":"WDPA_W~1"}},{"type":"Feature","geometry":{"type":"Polygon","coordinates":[[[-67.32456,-54.08263],[-67.17812,-54.1331],[-67.15642,-54.11572],[-67.15761,-54.11288],[-67.16495,-54.11329],[-67.17291,-54.10823],[-67.2468,-54.08332],[-67.25224,-54.08075],[-67.2835,-54.06422],[-67.2866,-54.05823],[-67.30937,-54.0521],[-67.33449,-54.018],[-67.4382,-53.98624],[-67.47376,-53.9635],[-67.51906,-53.9341],[-67.56034,-53.89891],[-67.57052,-53.84873],[-67.55637,-53.84795],[-67.54179,-53.84072],[-67.56347,-53.8365],[-67.58796,-53.83121],[-67.60737,-53.82038],[-67.62054,-53.81566],[-67.6745,-53.78539],[-67.6836,-53.78798],[-67.6731,-53.79349],[-67.67295,-53.79904],[-67.6808,-53.80625],[-67.73311,-53.81146],[-67.74073,-53.81959],[-67.75592,-53.82321],[-67.76512,-53.83307],[-67.77531,-53.83565],[-67.77828,-53.83375],[-67.77604,-53.83225],[-67.76904,-53.83155],[-67.73446,-53.80438],[-67.68169,-53.7973],[-67.68375,-53.79504],[-67.6872,-53.79361],[-67.68922,-53.79234],[-67.68998,-53.79153],[-67.69133,-53.79011],[-67.69133,-53.78433],[-67.70455,-53.76879],[-67.72442,-53.75469],[-67.83569,-53.69754],[-67.84297,-53.68948],[-67.85617,-53.682],[-67.88448,-53.66895],[-67.8875,-53.66718],[-67.89223,-53.6641],[-67.9031,-53.65793],[-67.91383,-53.65082],[-67.91884,-53.64816],[-67.95447,-53.62062],[-68.02418,-53.5479],[-68.04089,-53.51717],[-68.07319,-53.41529],[-68.07462,-53.40622],[-68.10109,-53.35957],[-68.15614,-53.32341],[-68.17425,-53.316],[-68.20713,-53.30575],[-68.29949,-53.31992],[-68.33633,-53.31767],[-68.44107,-53.30013],[-68.52518,-53.24317],[-68.52855,-53.18285],[-68.4997,-53.15776],[-68.49206,-53.11329],[-68.4938,-53.11187],[-68.50018,-53.1111],[-68.50311,-53.11003],[-68.5028,-53.10647],[-68.49292,-53.10181],[-68.48783,-53.10128],[-68.48044,-53.10075],[-68.47724,-53.10199],[-68.4667,-53.09981],[-68.45833,-53.09488],[-68.46071,-53.0927],[-68.46124,-53.09254],[-68.46185,-53.09229],[-68.46326,-53.09182],[-68.46507,-53.0906],[-68.46306,-53.0899],[-68.46062,-53.0902],[-68.45832,-53.09081],[-68.45719,-53.09097],[-68.45464,-53.09128],[-68.44838,-53.09372],[-68.45281,-53.08946],[-68.4519,-53.08857],[-68.45115,-53.0877],[-68.44972,-53.08693],[-68.44837,-53.08629],[-68.44691,-53.08535],[-68.44558,-53.08275],[-68.44749,-53.0823],[-68.44706,-53.07943],[-68.41736,-53.06379],[-68.41782,-53.05123],[-68.41051,-53.04919],[-68.40764,-53.04965],[-68.40461,-53.05059],[-68.39199,-53.05048],[-68.36477,-53.02246],[-68.28397,-53.00809],[-68.27808,-53.00919],[-68.27007,-53.0115],[-68.26713,-53.01572],[-68.27054,-53.03879],[-68.21155,-53.12599],[-68.21331,-53.14233],[-68.21443,-53.14414],[-68.21479,-53.14786],[-68.21569,-53.15108],[-68.21347,-53.15293],[-68.20188,-53.14278],[-68.21002,-53.12591],[-68.2461,-53.05989],[-68.25158,-53.03547],[-68.25807,-53.01783],[-68.26241,-53.00041],[-68.26794,-52.98561],[-68.26845,-52.98343],[-68.27142,-52.97643],[-68.27171,-52.97444],[-68.27228,-52.97343],[-68.30457,-52.96861],[-68.41723,-52.98781],[-68.5615,-53.11034],[-68.57826,-53.22022],[-68.57045,-53.2602],[-68.4718,-53.32046],[-68.38564,-53.33447],[-68.26762,-53.32758],[-68.21653,-53.32854],[-68.13379,-53.41272],[-67.98277,-53.69088],[-67.79765,-53.82545],[-67.49344,-54.00106],[-67.32456,-54.08263]]]},"properties":{"fid":134,"SITE_ID":95315,"SITE_PID":"95315","SITE_TYPE":"PA","NAME_ENG":"Reserva Costa Atlantica de Tierra del Fuego","NAME":"Reserva Costa Atlantica de Tierra del Fuego","DESIG":"Sitio Ramsar, Humedal de Importancia Internacional","DESIG_ENG":"Wetland of International Importance (Ramsar Site)","DESIG_TYPE":"International","IUCN_CAT":"Not Reported","INT_CRIT":"Not Reported","REALM":"Terrestrial","REP_M_AREA":0,"GIS_M_AREA":32.9934365001778,"REP_AREA":286,"GIS_AREA":794.261047024348,"NO_TAKE":"Not Applicable","NO_TK_AREA":0,"STATUS":"Designated","STATUS_YR":1995,"GOV_TYPE":"Not Reported","GOVSUBTYPE":"Not Applicable","OWN_TYPE":"Not Reported","OWNSUBTYPE":"Not Applicable","MANG_AUTH":"Not Reported","MANG_PLAN":"Management plan is not implented and not available","VERIF":"State Verified","METADATAID":1852,"PRNT_ISO3":"ARG","ISO3":"ARG","SUPP_INFO":"Not Applicable","CONS_OBJ":"Not Applicable","INLND_WTRS":"Not Reported","OECM_ASMT":"Not Applicable","layer":"WDPA_W~1"}},{"type":"Feature","geometry":{"type":"Polygon","coordinates":[[[-69.05605,-35.5031],[-69.18873,-35.50355],[-69.25472,-35.58338],[-69.2494,-35.70483],[-69.19816,-35.70729],[-69.18176,-35.7483],[-69.05472,-35.74857],[-69.08108,-35.65499],[-69.04759,-35.55672],[-69.05605,-35.5031]]]},"properties":{"fid":135,"SITE_ID":95316,"SITE_PID":"95316","SITE_TYPE":"PA","NAME_ENG":"Reserva Provincial Laguna de Llancanelo","NAME":"Reserva Provincial Laguna de Llancanelo","DESIG":"Sitio Ramsar, Humedal de Importancia Internacional","DESIG_ENG":"Wetland of International Importance (Ramsar Site)","DESIG_TYPE":"International","IUCN_CAT":"Not Reported","INT_CRIT":"(i);(iii);(iv);(v)","REALM":"Terrestrial","REP_M_AREA":0,"GIS_M_AREA":0,"REP_AREA":650,"GIS_AREA":422.250642581638,"NO_TAKE":"Not Applicable","NO_TK_AREA":0,"STATUS":"Designated","STATUS_YR":1995,"GOV_TYPE":"Not Reported","GOVSUBTYPE":"Not Applicable","OWN_TYPE":"Not Reported","OWNSUBTYPE":"Not Applicable","MANG_AUTH":"Not Reported","MANG_PLAN":"Not Reported","VERIF":"State Verified","METADATAID":1852,"PRNT_ISO3":"ARG","ISO3":"ARG","SUPP_INFO":"Not Applicable","CONS_OBJ":"Not Applicable","INLND_WTRS":"Not Reported","OECM_ASMT":"Not Applicable","layer":"WDPA_W~1"}},{"type":"Feature","geometry":{"type":"Polygon","coordinates":[[[-58.23158,-26.5334],[-58.23175,-26.53467],[-58.22516,-26.54648],[-58.21319,-26.55407],[-58.21244,-26.55301],[-58.21447,-26.55173],[-58.2182,-26.54831],[-58.22375,-26.54],[-58.22378,-26.53209],[-58.22013,-26.52554],[-58.22105,-26.51686],[-58.23001,-26.52592],[-58.23158,-26.5334]]]},"properties":{"fid":136,"SITE_ID":555587084,"SITE_PID":"555587084","SITE_TYPE":"PA","NAME_ENG":"Boca de la Laguna Herradura","NAME":"Boca de la Laguna Herradura","DESIG":"Reserva de Pesca","DESIG_ENG":"Fisheries Reserve","DESIG_TYPE":"National","IUCN_CAT":"VI","INT_CRIT":"Not Applicable","REALM":"Terrestrial","REP_M_AREA":0,"GIS_M_AREA":0,"REP_AREA":1.87,"GIS_AREA":2.19155462955991,"NO_TAKE":"Not Applicable","NO_TK_AREA":0,"STATUS":"Designated","STATUS_YR":1967,"GOV_TYPE":"Not Reported","GOVSUBTYPE":"Not Applicable","OWN_TYPE":"Not Reported","OWNSUBTYPE":"Not Applicable","MANG_AUTH":"Not Reported","MANG_PLAN":"Not Reported","VERIF":"State Verified","METADATAID":1852,"PRNT_ISO3":"ARG","ISO3":"ARG","SUPP_INFO":"Not Applicable","CONS_OBJ":"Not Applicable","INLND_WTRS":"Not Reported","OECM_ASMT":"Not Applicable","layer":"WDPA_W~1"}},{"type":"Feature","geometry":{"type":"Polygon","coordinates":[[[-58.39256,-26.84801],[-58.39596,-26.85974],[-58.39361,-26.8617],[-58.388,-26.86006],[-58.3868,-26.85963],[-58.38462,-26.85878],[-58.38036,-26.86007],[-58.38751,-26.86428],[-58.38744,-26.86506],[-58.38717,-26.86724],[-58.3869,-26.86885],[-58.38603,-26.87022],[-58.33353,-26.86907],[-58.36484,-26.85956],[-58.37891,-26.86208],[-58.37912,-26.86171],[-58.37934,-26.86128],[-58.37897,-26.85904],[-58.38026,-26.85754],[-58.38314,-26.85674],[-58.39244,-26.85731],[-58.39256,-26.84801]]]},"properties":{"fid":137,"SITE_ID":555587085,"SITE_PID":"555587085","SITE_TYPE":"PA","NAME_ENG":"Boca del Rio Bermejo","NAME":"Boca del Rio Bermejo","DESIG":"Reserva de Pesca","DESIG_ENG":"Fisheries Reserve","DESIG_TYPE":"National","IUCN_CAT":"VI","INT_CRIT":"Not Applicable","REALM":"Terrestrial","REP_M_AREA":0,"GIS_M_AREA":0,"REP_AREA":1.7,"GIS_AREA":3.57384948169803,"NO_TAKE":"Not Applicable","NO_TK_AREA":0,"STATUS":"Designated","STATUS_YR":1971,"GOV_TYPE":"Not Reported","GOVSUBTYPE":"Not Applicable","OWN_TYPE":"Not Reported","OWNSUBTYPE":"Not Applicable","MANG_AUTH":"Not Reported","MANG_PLAN":"Not Reported","VERIF":"State Verified","METADATAID":1852,"PRNT_ISO3":"ARG","ISO3":"ARG","SUPP_INFO":"Not Applicable","CONS_OBJ":"Not Applicable","INLND_WTRS":"Not Reported","OECM_ASMT":"Not Applicable","layer":"WDPA_W~1"}},{"type":"Feature","geometry":{"type":"Polygon","coordinates":[[[-58.26014,-26.67087],[-58.24656,-26.64122],[-58.26666,-26.64488],[-58.26014,-26.67087]]]},"properties":{"fid":138,"SITE_ID":555587086,"SITE_PID":"555587086","SITE_TYPE":"PA","NAME_ENG":"Arroyo Ramirez","NAME":"Arroyo Ramirez","DESIG":"Reserva de Pesca","DESIG_ENG":"Fisheries Reserve","DESIG_TYPE":"National","IUCN_CAT":"VI","INT_CRIT":"Not Applicable","REALM":"Terrestrial","REP_M_AREA":0,"GIS_M_AREA":0,"REP_AREA":1.8,"GIS_AREA":2.18956617527899,"NO_TAKE":"Not Applicable","NO_TK_AREA":0,"STATUS":"Designated","STATUS_YR":1967,"GOV_TYPE":"Not Reported","GOVSUBTYPE":"Not Applicable","OWN_TYPE":"Not Reported","OWNSUBTYPE":"Not Applicable","MANG_AUTH":"Not Reported","MANG_PLAN":"Not Reported","VERIF":"State Verified","METADATAID":1852,"PRNT_ISO3":"ARG","ISO3":"ARG","SUPP_INFO":"Not Applicable","CONS_OBJ":"Not Applicable","INLND_WTRS":"Not Reported","OECM_ASMT":"Not Applicable","layer":"WDPA_W~1"}},{"type":"Feature","geometry":{"type":"Polygon","coordinates":[[[-57.87941,-25.87803],[-57.86049,-25.84912],[-57.87569,-25.85728],[-57.87941,-25.87803]]]},"properties":{"fid":139,"SITE_ID":555587087,"SITE_PID":"555587087","SITE_TYPE":"PA","NAME_ENG":"Puerto Dalmacia","NAME":"Puerto Dalmacia","DESIG":"Reserva de Pesca","DESIG_ENG":"Fisheries Reserve","DESIG_TYPE":"National","IUCN_CAT":"VI","INT_CRIT":"Not Applicable","REALM":"Terrestrial","REP_M_AREA":0,"GIS_M_AREA":0,"REP_AREA":1.87,"GIS_AREA":1.64715435119794,"NO_TAKE":"Not Applicable","NO_TK_AREA":0,"STATUS":"Designated","STATUS_YR":1967,"GOV_TYPE":"Not Reported","GOVSUBTYPE":"Not Applicable","OWN_TYPE":"Not Reported","OWNSUBTYPE":"Not Applicable","MANG_AUTH":"Not Reported","MANG_PLAN":"Not Reported","VERIF":"State Verified","METADATAID":1852,"PRNT_ISO3":"ARG","ISO3":"ARG","SUPP_INFO":"Not Applicable","CONS_OBJ":"Not Applicable","INLND_WTRS":"Not Reported","OECM_ASMT":"Not Applicable","layer":"WDPA_W~1"}},{"type":"Feature","geometry":{"type":"Polygon","coordinates":[[[-58.40612,-31.79995],[-58.38313,-31.82137],[-58.35399,-31.82724],[-58.32313,-31.86062],[-58.3244,-31.85606],[-58.3206,-31.84468],[-58.31504,-31.82142],[-58.32667,-31.81054],[-58.33097,-31.82015],[-58.34412,-31.81762],[-58.3426,-31.80852],[-58.37364,-31.80395],[-58.37535,-31.81061],[-58.37978,-31.80321],[-58.40612,-31.79995]]]},"properties":{"fid":140,"SITE_ID":555587099,"SITE_PID":"555587099","SITE_TYPE":"PA","NAME_ENG":"La Aurora del Palmar","NAME":"La Aurora del Palmar","DESIG":"Refugio Privado de Vida Silvestre","DESIG_ENG":"Private Wildlife Refuge","DESIG_TYPE":"National","IUCN_CAT":"VI","INT_CRIT":"Not Applicable","REALM":"Terrestrial","REP_M_AREA":0,"GIS_M_AREA":0,"REP_AREA":11.39,"GIS_AREA":21.2335732456194,"NO_TAKE":"Not Applicable","NO_TK_AREA":0,"STATUS":"Designated","STATUS_YR":1998,"GOV_TYPE":"Not Reported","GOVSUBTYPE":"Not Applicable","OWN_TYPE":"Not Reported","OWNSUBTYPE":"Not Applicable","MANG_AUTH":"Not Reported","MANG_PLAN":"Not Reported","VERIF":"State Verified","METADATAID":1852,"PRNT_ISO3":"ARG","ISO3":"ARG","SUPP_INFO":"Not Applicable","CONS_OBJ":"Not Applicable","INLND_WTRS":"Not Reported","OECM_ASMT":"Not Applicable","layer":"WDPA_W~1"}},{"type":"Feature","geometry":{"type":"Polygon","coordinates":[[[-58.65212,-35.2219],[-58.65841,-35.22686],[-58.64369,-35.23926],[-58.65212,-35.2219]]]},"properties":{"fid":141,"SITE_ID":555587100,"SITE_PID":"555587100","SITE_TYPE":"PA","NAME_ENG":"Guardia del Juncal","NAME":"Guardia del Juncal","DESIG":"Reserva Natural","DESIG_ENG":"Municipal Nature Reserve","DESIG_TYPE":"National","IUCN_CAT":"IV","INT_CRIT":"Not Applicable","REALM":"Terrestrial","REP_M_AREA":0,"GIS_M_AREA":0,"REP_AREA":1.29,"GIS_AREA":1.30433182875445,"NO_TAKE":"Not Applicable","NO_TK_AREA":0,"STATUS":"Designated","STATUS_YR":2006,"GOV_TYPE":"Not Reported","GOVSUBTYPE":"Not Applicable","OWN_TYPE":"Not Reported","OWNSUBTYPE":"Not Applicable","MANG_AUTH":"Not Reported","MANG_PLAN":"Not Reported","VERIF":"State Verified","METADATAID":1852,"PRNT_ISO3":"ARG","ISO3":"ARG","SUPP_INFO":"Not Applicable","CONS_OBJ":"Not Applicable","INLND_WTRS":"Not Reported","OECM_ASMT":"Not Applicable","layer":"WDPA_W~1"}},{"type":"Feature","geometry":{"type":"Polygon","coordinates":[[[-58.78373,-34.27677],[-58.78477,-34.27516],[-58.78825,-34.26879],[-58.79224,-34.26347],[-58.80048,-34.2648],[-58.80288,-34.2539],[-58.82335,-34.24593],[-58.81617,-34.2313],[-58.8292,-34.22572],[-58.85499,-34.26241],[-58.84914,-34.25656],[-58.84222,-34.25949],[-58.83505,-34.26188],[-58.82521,-34.26799],[-58.82813,-34.27464],[-58.82707,-34.27437],[-58.82494,-34.27358],[-58.82361,-34.27331],[-58.82282,-34.27225],[-58.81936,-34.27464],[-58.81218,-34.26454],[-58.81138,-34.26454],[-58.80846,-34.26799],[-58.80553,-34.26401],[-58.80288,-34.26985],[-58.78373,-34.27677]]]},"properties":{"fid":142,"SITE_ID":555587101,"SITE_PID":"555587101","SITE_TYPE":"PA","NAME_ENG":"Rio Lujan","NAME":"Rio Lujan","DESIG":"Reserva Natural de Uso Múltiple","DESIG_ENG":"Multiple Use Nature Reserve","DESIG_TYPE":"National","IUCN_CAT":"VI","INT_CRIT":"Not Applicable","REALM":"Terrestrial","REP_M_AREA":0,"GIS_M_AREA":0,"REP_AREA":12.57,"GIS_AREA":12.5203633552091,"NO_TAKE":"Not Applicable","NO_TK_AREA":0,"STATUS":"Designated","STATUS_YR":1994,"GOV_TYPE":"Not Reported","GOVSUBTYPE":"Not Applicable","OWN_TYPE":"Not Reported","OWNSUBTYPE":"Not Applicable","MANG_AUTH":"Not Reported","MANG_PLAN":"Not Reported","VERIF":"State Verified","METADATAID":1852,"PRNT_ISO3":"ARG","ISO3":"ARG","SUPP_INFO":"Not Applicable","CONS_OBJ":"Not Applicable","INLND_WTRS":"Not Reported","OECM_ASMT":"Not Applicable","layer":"WDPA_W~1"}},{"type":"Feature","geometry":{"type":"Polygon","coordinates":[[[-59.42491,-33.83002],[-59.40791,-33.83863],[-59.39984,-33.83392],[-59.42491,-33.83002]]]},"properties":{"fid":143,"SITE_ID":555587102,"SITE_PID":"555587102","SITE_TYPE":"PA","NAME_ENG":"Barranca Norte","NAME":"Barranca Norte","DESIG":"Reserva Natural","DESIG_ENG":"Nature Reserve","DESIG_TYPE":"National","IUCN_CAT":"IV","INT_CRIT":"Not Applicable","REALM":"Terrestrial","REP_M_AREA":0,"GIS_M_AREA":0,"REP_AREA":1.17,"GIS_AREA":1.17288377956071,"NO_TAKE":"Not Applicable","NO_TK_AREA":0,"STATUS":"Designated","STATUS_YR":2011,"GOV_TYPE":"Not Reported","GOVSUBTYPE":"Not Applicable","OWN_TYPE":"Not Reported","OWNSUBTYPE":"Not Applicable","MANG_AUTH":"Not Reported","MANG_PLAN":"Not Reported","VERIF":"State Verified","METADATAID":1852,"PRNT_ISO3":"ARG","ISO3":"ARG","SUPP_INFO":"Not Applicable","CONS_OBJ":"Not Applicable","INLND_WTRS":"Not Reported","OECM_ASMT":"Not Applicable","layer":"WDPA_W~1"}},{"type":"Feature","geometry":{"type":"Polygon","coordinates":[[[-57.36898,-37.69923],[-57.33781,-37.67481],[-57.32319,-37.66349],[-57.32035,-37.66118],[-57.3091,-37.6524],[-57.29529,-37.64306],[-57.27328,-37.62344],[-57.25619,-37.61038],[-57.22198,-37.57644],[-57.21841,-37.57388],[-57.21312,-37.57003],[-57.21035,-37.56815],[-57.19812,-37.55954],[-57.195,-37.55665],[-57.18759,-37.54975],[-57.29033,-37.47588],[-57.36879,-37.41938],[-57.59542,-37.61383],[-57.5654,-37.6362],[-57.52772,-37.66504],[-57.45296,-37.72156],[-57.43196,-37.73728],[-57.42466,-37.74293],[-57.42278,-37.74411],[-57.42058,-37.7457],[-57.41046,-37.73452],[-57.37054,-37.70037],[-57.36898,-37.69923]]]},"properties":{"fid":144,"SITE_ID":555587103,"SITE_PID":"555587103","SITE_TYPE":"PA","NAME_ENG":"Mar Chiquita","NAME":"Mar Chiquita","DESIG":"Refugio de Vida Silvestre","DESIG_ENG":"Wildlife Refuge","DESIG_TYPE":"National","IUCN_CAT":"VI","INT_CRIT":"Not Applicable","REALM":"Terrestrial","REP_M_AREA":0,"GIS_M_AREA":43.6130017239058,"REP_AREA":560.3,"GIS_AREA":629.56521419182,"NO_TAKE":"Not Applicable","NO_TK_AREA":0,"STATUS":"Designated","STATUS_YR":1998,"GOV_TYPE":"Not Reported","GOVSUBTYPE":"Not Applicable","OWN_TYPE":"Not Reported","OWNSUBTYPE":"Not Applicable","MANG_AUTH":"Not Reported","MANG_PLAN":"Not Reported","VERIF":"State Verified","METADATAID":1852,"PRNT_ISO3":"ARG","ISO3":"ARG","SUPP_INFO":"Not Applicable","CONS_OBJ":"Not Applicable","INLND_WTRS":"Not Reported","OECM_ASMT":"Not Applicable","layer":"WDPA_W~1"}},{"type":"Feature","geometry":{"type":"Polygon","coordinates":[[[-58.92075,-34.71233],[-58.8654,-34.70134],[-58.90931,-34.69819],[-58.92075,-34.71233]]]},"properties":{"fid":145,"SITE_ID":555587104,"SITE_PID":"555587104","SITE_TYPE":"PA","NAME_ENG":"Arroyo El Durazno","NAME":"Arroyo El Durazno","DESIG":"Reserva Natural","DESIG_ENG":"Nature Reserve","DESIG_TYPE":"National","IUCN_CAT":"IV","INT_CRIT":"Not Applicable","REALM":"Terrestrial","REP_M_AREA":0,"GIS_M_AREA":0,"REP_AREA":5.14,"GIS_AREA":4.40885801446278,"NO_TAKE":"Not Applicable","NO_TK_AREA":0,"STATUS":"Designated","STATUS_YR":2011,"GOV_TYPE":"Not Reported","GOVSUBTYPE":"Not Applicable","OWN_TYPE":"Not Reported","OWNSUBTYPE":"Not Applicable","MANG_AUTH":"Not Reported","MANG_PLAN":"Not Reported","VERIF":"State Verified","METADATAID":1852,"PRNT_ISO3":"ARG","ISO3":"ARG","SUPP_INFO":"Not Applicable","CONS_OBJ":"Not Applicable","INLND_WTRS":"Not Reported","OECM_ASMT":"Not Applicable","layer":"WDPA_W~1"}},{"type":"Feature","geometry":{"type":"Polygon","coordinates":[[[-72.30903,-47.55159],[-72.32695,-47.57104],[-72.31186,-47.58997],[-72.35536,-47.63731],[-72.42125,-47.66173],[-72.40981,-47.67836],[-72.45087,-47.70447],[-72.44766,-47.71956],[-72.19399,-47.72629],[-72.19404,-47.64349],[-72.25951,-47.61579],[-72.26203,-47.55032],[-72.30903,-47.55159]]]},"properties":{"fid":146,"SITE_ID":555587105,"SITE_PID":"555587105","SITE_TYPE":"PA","NAME_ENG":"San Lorenzo","NAME":"San Lorenzo","DESIG":"Reserva Provincial","DESIG_ENG":"Provincial Reserve","DESIG_TYPE":"National","IUCN_CAT":"VI","INT_CRIT":"Not Applicable","REALM":"Terrestrial","REP_M_AREA":0,"GIS_M_AREA":0,"REP_AREA":294.14,"GIS_AREA":215.170315280958,"NO_TAKE":"Not Applicable","NO_TK_AREA":0,"STATUS":"Designated","STATUS_YR":1993,"GOV_TYPE":"Not Reported","GOVSUBTYPE":"Not Applicable","OWN_TYPE":"Not Reported","OWNSUBTYPE":"Not Applicable","MANG_AUTH":"Not Reported","MANG_PLAN":"Not Reported","VERIF":"State Verified","METADATAID":1852,"PRNT_ISO3":"ARG","ISO3":"ARG","SUPP_INFO":"Not Applicable","CONS_OBJ":"Not Applicable","INLND_WTRS":"Not Reported","OECM_ASMT":"Not Applicable","layer":"WDPA_W~1"}},{"type":"Feature","geometry":{"type":"Polygon","coordinates":[[[-72.82574,-48.9642],[-72.92103,-48.93738],[-72.9518,-48.95041],[-72.96125,-48.98466],[-72.99196,-48.99247],[-72.9815,-49.02837],[-73.01303,-49.03651],[-73.00593,-49.06227],[-73.04726,-49.08223],[-73.0615,-49.12512],[-73.1369,-49.17602],[-73.14267,-49.18691],[-73.13692,-49.19503],[-73.13549,-49.20093],[-73.1439,-49.21667],[-73.14312,-49.23779],[-73.13051,-49.26281],[-73.08665,-49.24952],[-73.06527,-49.26447],[-73.05249,-49.26734],[-73.04937,-49.26699],[-73.04591,-49.26892],[-73.04332,-49.26905],[-73.04,-49.2429],[-73.02308,-49.24388],[-72.98445,-49.24521],[-72.90194,-49.24899],[-72.90363,-49.23683],[-72.91013,-49.21736],[-72.91986,-49.20762],[-72.88092,-49.19464],[-72.8582,-49.14271],[-72.83872,-49.12648],[-72.816,-49.13297],[-72.74784,-49.07131],[-72.7446,-48.94797],[-72.76083,-48.94148],[-72.79328,-48.97069],[-72.82574,-48.9642]]]},"properties":{"fid":147,"SITE_ID":555587106,"SITE_PID":"555587106","SITE_TYPE":"PA","NAME_ENG":"Lago del Desierto","NAME":"Lago del Desierto","DESIG":"Reserva Provincial","DESIG_ENG":"Provincial Reserve","DESIG_TYPE":"National","IUCN_CAT":"VI","INT_CRIT":"Not Applicable","REALM":"Terrestrial","REP_M_AREA":0,"GIS_M_AREA":0,"REP_AREA":599.82,"GIS_AREA":597.472243348324,"NO_TAKE":"Not Applicable","NO_TK_AREA":0,"STATUS":"Designated","STATUS_YR":2005,"GOV_TYPE":"Not Reported","GOVSUBTYPE":"Not Applicable","OWN_TYPE":"Not Reported","OWNSUBTYPE":"Not Applicable","MANG_AUTH":"Not Reported","MANG_PLAN":"Not Reported","VERIF":"State Verified","METADATAID":1852,"PRNT_ISO3":"ARG","ISO3":"ARG","SUPP_INFO":"Not Applicable","CONS_OBJ":"Not Applicable","INLND_WTRS":"Not Reported","OECM_ASMT":"Not Applicable","layer":"WDPA_W~1"}},{"type":"Feature","geometry":{"type":"Polygon","coordinates":[[[-72.04926,-51.50227],[-72.06873,-51.55021],[-72.00656,-51.56069],[-72.00582,-51.49853],[-72.04926,-51.50227]]]},"properties":{"fid":148,"SITE_ID":555587107,"SITE_PID":"555587107","SITE_TYPE":"PA","NAME_ENG":"Punta Gruesa","NAME":"Punta Gruesa","DESIG":"Reserva Provincial","DESIG_ENG":"Provincial Reserve","DESIG_TYPE":"National","IUCN_CAT":"VI","INT_CRIT":"Not Applicable","REALM":"Terrestrial","REP_M_AREA":0,"GIS_M_AREA":0,"REP_AREA":22.94,"GIS_AREA":23.1714974676536,"NO_TAKE":"Not Applicable","NO_TK_AREA":0,"STATUS":"Designated","STATUS_YR":2002,"GOV_TYPE":"Not Reported","GOVSUBTYPE":"Not Applicable","OWN_TYPE":"Not Reported","OWNSUBTYPE":"Not Applicable","MANG_AUTH":"Not Reported","MANG_PLAN":"Not Reported","VERIF":"State Verified","METADATAID":1852,"PRNT_ISO3":"ARG","ISO3":"ARG","SUPP_INFO":"Not Applicable","CONS_OBJ":"Not Applicable","INLND_WTRS":"Not Reported","OECM_ASMT":"Not Applicable","layer":"WDPA_W~1"}},{"type":"Feature","geometry":{"type":"MultiPolygon","coordinates":[[[[-67.53758,-54.40295],[-67.57567,-54.42614],[-67.58665,-54.42166],[-67.60301,-54.41966],[-67.60854,-54.41761],[-67.62613,-54.41727],[-67.63076,-54.41401],[-67.63255,-54.41344],[-67.64131,-54.40832],[-67.65402,-54.40652],[-67.72,-54.40381],[-67.78085,-54.36196],[-67.81459,-54.38823],[-67.79844,-54.40253],[-68.24034,-54.40503],[-68.24052,-54.43162],[-68.38441,-54.43231],[-68.38573,-54.40001],[-68.49865,-54.41245],[-68.48929,-54.35743],[-68.60931,-54.35785],[-68.60773,-54.4284],[-68.5468,-54.42976],[-68.53265,-54.44238],[-68.55647,-54.45839],[-68.40414,-54.44731],[-68.36844,-54.45941],[-68.3684,-54.45943],[-68.36723,-54.53485],[-68.16353,-54.55922],[-67.89199,-54.54074],[-67.79052,-54.52499],[-67.76376,-54.50071],[-67.62206,-54.54364],[-67.30628,-54.53201],[-67.30812,-54.48833],[-67.51004,-54.50171],[-67.50828,-54.46448],[-67.53758,-54.40295]],[[-67.71211,-54.43867],[-67.70761,-54.44084],[-67.71029,-54.44054],[-67.71254,-54.43902],[-67.71211,-54.43867]],[[-67.75527,-54.46355],[-67.71376,-54.47154],[-67.73758,-54.48009],[-67.75527,-54.46355]]],[[[-67.63255,-54.41344],[-67.63076,-54.41401],[-67.62613,-54.41727],[-67.60854,-54.41761],[-67.60301,-54.41966],[-67.58665,-54.42166],[-67.57567,-54.42614],[-67.53758,-54.40295],[-67.5575,-54.37879],[-67.63242,-54.36909],[-67.65402,-54.40652],[-67.64131,-54.40832],[-67.63255,-54.41344]]]]},"properties":{"fid":149,"SITE_ID":555587110,"SITE_PID":"555587110","SITE_TYPE":"PA","NAME_ENG":"Corazon de la Isla","NAME":"Corazon de la Isla","DESIG":"Reserva Provincial de Uso Múltiple","DESIG_ENG":"Multiple Use Provincial Reserve","DESIG_TYPE":"National","IUCN_CAT":"VI","INT_CRIT":"Not Applicable","REALM":"Terrestrial","REP_M_AREA":0,"GIS_M_AREA":0,"REP_AREA":1000,"GIS_AREA":1022.57607078142,"NO_TAKE":"Not Applicable","NO_TK_AREA":0,"STATUS":"Designated","STATUS_YR":2000,"GOV_TYPE":"Not Reported","GOVSUBTYPE":"Not Applicable","OWN_TYPE":"Not Reported","OWNSUBTYPE":"Not Applicable","MANG_AUTH":"Not Reported","MANG_PLAN":"Not Reported","VERIF":"State Verified","METADATAID":1852,"PRNT_ISO3":"ARG","ISO3":"ARG","SUPP_INFO":"Not Applicable","CONS_OBJ":"Not Applicable","INLND_WTRS":"Not Reported","OECM_ASMT":"Not Applicable","layer":"WDPA_W~1"}},{"type":"Feature","geometry":{"type":"Polygon","coordinates":[[[-71.78438,-41.74411],[-71.65213,-41.74453],[-71.65097,-41.72944],[-71.68403,-41.72805],[-71.68314,-41.70608],[-71.72261,-41.71363],[-71.7341,-41.70007],[-71.68056,-41.67684],[-71.67918,-41.6532],[-71.70898,-41.65104],[-71.79271,-41.70335],[-71.79444,-41.70726],[-71.79716,-41.71043],[-71.80311,-41.71417],[-71.80658,-41.71845],[-71.80532,-41.72255],[-71.80333,-41.72627],[-71.79983,-41.73036],[-71.7956,-41.73277],[-71.79187,-41.73369],[-71.78789,-41.73536],[-71.7849,-41.73741],[-71.78439,-41.74038],[-71.78438,-41.74411]]]},"properties":{"fid":150,"SITE_ID":555587111,"SITE_PID":"555587111","SITE_TYPE":"PA","NAME_ENG":"Azul","NAME":"Azul","DESIG":"Parque Provincial","DESIG_ENG":"Provincial Park","DESIG_TYPE":"National","IUCN_CAT":"II","INT_CRIT":"Not Applicable","REALM":"Terrestrial","REP_M_AREA":0,"GIS_M_AREA":0,"REP_AREA":131.55,"GIS_AREA":71.8483844888274,"NO_TAKE":"Not Applicable","NO_TK_AREA":0,"STATUS":"Designated","STATUS_YR":2003,"GOV_TYPE":"Not Reported","GOVSUBTYPE":"Not Applicable","OWN_TYPE":"Not Reported","OWNSUBTYPE":"Not Applicable","MANG_AUTH":"Not Reported","MANG_PLAN":"Not Reported","VERIF":"State Verified","METADATAID":1852,"PRNT_ISO3":"ARG","ISO3":"ARG","SUPP_INFO":"Not Applicable","CONS_OBJ":"Not Applicable","INLND_WTRS":"Not Reported","OECM_ASMT":"Not Applicable","layer":"WDPA_W~1"}},{"type":"Feature","geometry":{"type":"Polygon","coordinates":[[[-71.39663,-41.72648],[-71.36907,-41.68741],[-71.38452,-41.67198],[-71.44721,-41.74683],[-71.42622,-41.78538],[-71.38578,-41.78461],[-71.40253,-41.7697],[-71.39663,-41.72648]]]},"properties":{"fid":151,"SITE_ID":555587112,"SITE_PID":"555587112","SITE_TYPE":"PA","NAME_ENG":"Cipresal de las Guaitecas","NAME":"Cipresal de las Guaitecas","DESIG":"Área Natural Protegida","DESIG_ENG":"Protected Nature Area","DESIG_TYPE":"National","IUCN_CAT":"V","INT_CRIT":"Not Applicable","REALM":"Terrestrial","REP_M_AREA":0,"GIS_M_AREA":0,"REP_AREA":39.11,"GIS_AREA":38.9126144724392,"NO_TAKE":"Not Applicable","NO_TK_AREA":0,"STATUS":"Designated","STATUS_YR":2005,"GOV_TYPE":"Not Reported","GOVSUBTYPE":"Not Applicable","OWN_TYPE":"Not Reported","OWNSUBTYPE":"Not Applicable","MANG_AUTH":"Not Reported","MANG_PLAN":"Not Reported","VERIF":"State Verified","METADATAID":1852,"PRNT_ISO3":"ARG","ISO3":"ARG","SUPP_INFO":"Not Applicable","CONS_OBJ":"Not Applicable","INLND_WTRS":"Not Reported","OECM_ASMT":"Not Applicable","layer":"WDPA_W~1"}},{"type":"Feature","geometry":{"type":"Polygon","coordinates":[[[-67.26252,-54.5226],[-67.26484,-54.4855],[-67.30825,-54.48505],[-67.30624,-54.53206],[-67.26252,-54.5226]]]},"properties":{"fid":152,"SITE_ID":555587113,"SITE_PID":"555587113","SITE_TYPE":"PA","NAME_ENG":"Laguna Negra","NAME":"Laguna Negra","DESIG":"Reserva Provincial de Uso Múltiple","DESIG_ENG":"Multiple Use Provincial Reserve","DESIG_TYPE":"National","IUCN_CAT":"VI","INT_CRIT":"Not Applicable","REALM":"Terrestrial","REP_M_AREA":0,"GIS_M_AREA":0,"REP_AREA":13.4,"GIS_AREA":13.3818483205678,"NO_TAKE":"Not Applicable","NO_TK_AREA":0,"STATUS":"Designated","STATUS_YR":2003,"GOV_TYPE":"Not Reported","GOVSUBTYPE":"Not Applicable","OWN_TYPE":"Not Reported","OWNSUBTYPE":"Not Applicable","MANG_AUTH":"Not Reported","MANG_PLAN":"Not Reported","VERIF":"State Verified","METADATAID":1852,"PRNT_ISO3":"ARG","ISO3":"ARG","SUPP_INFO":"Not Applicable","CONS_OBJ":"Not Applicable","INLND_WTRS":"Not Reported","OECM_ASMT":"Not Applicable","layer":"WDPA_W~1"}},{"type":"Feature","geometry":{"type":"Polygon","coordinates":[[[-67.26004,-54.56847],[-67.33676,-54.58276],[-67.25742,-54.64532],[-67.26004,-54.56847]]]},"properties":{"fid":153,"SITE_ID":555587114,"SITE_PID":"555587114","SITE_TYPE":"PA","NAME_ENG":"Rio Valdez","NAME":"Rio Valdez","DESIG":"Reserva Provincial de Uso Múltiple","DESIG_ENG":"Multiple Use Provincial Reserve","DESIG_TYPE":"National","IUCN_CAT":"VI","INT_CRIT":"Not Applicable","REALM":"Terrestrial","REP_M_AREA":0,"GIS_M_AREA":0,"REP_AREA":32.77,"GIS_AREA":27.4275414031415,"NO_TAKE":"Not Applicable","NO_TK_AREA":0,"STATUS":"Designated","STATUS_YR":2003,"GOV_TYPE":"Not Reported","GOVSUBTYPE":"Not Applicable","OWN_TYPE":"Not Reported","OWNSUBTYPE":"Not Applicable","MANG_AUTH":"Not Reported","MANG_PLAN":"Not Reported","VERIF":"State Verified","METADATAID":1852,"PRNT_ISO3":"ARG","ISO3":"ARG","SUPP_INFO":"Not Applicable","CONS_OBJ":"Not Applicable","INLND_WTRS":"Not Reported","OECM_ASMT":"Not Applicable","layer":"WDPA_W~1"}},{"type":"Feature","geometry":{"type":"Polygon","coordinates":[[[-66.24824,-24.8724],[-66.24418,-24.71615],[-66.16676,-24.64204],[-66.12814,-24.67953],[-66.12035,-24.62646],[-66.12547,-24.57591],[-66.20594,-24.57376],[-66.24252,-24.5366],[-66.306,-24.55565],[-66.32124,-24.86246],[-66.26103,-24.85849],[-66.24824,-24.8724]]]},"properties":{"fid":154,"SITE_ID":555587115,"SITE_PID":"555587115","SITE_TYPE":"PA","NAME_ENG":"Abra del Acay","NAME":"Abra del Acay","DESIG":"Monumento Natural","DESIG_ENG":"Nature Monument","DESIG_TYPE":"National","IUCN_CAT":"III","INT_CRIT":"Not Applicable","REALM":"Terrestrial","REP_M_AREA":0,"GIS_M_AREA":0,"REP_AREA":1200.6,"GIS_AREA":381.809098580905,"NO_TAKE":"Not Applicable","NO_TK_AREA":0,"STATUS":"Designated","STATUS_YR":1995,"GOV_TYPE":"Not Reported","GOVSUBTYPE":"Not Applicable","OWN_TYPE":"Not Reported","OWNSUBTYPE":"Not Applicable","MANG_AUTH":"Not Reported","MANG_PLAN":"Not Reported","VERIF":"State Verified","METADATAID":1852,"PRNT_ISO3":"ARG","ISO3":"ARG","SUPP_INFO":"Not Applicable","CONS_OBJ":"Not Applicable","INLND_WTRS":"Not Reported","OECM_ASMT":"Not Applicable","layer":"WDPA_W~1"}},{"type":"Feature","geometry":{"type":"Polygon","coordinates":[[[-58.99194,-30.60773],[-59.05953,-30.68858],[-59.21727,-30.76044],[-59.21607,-30.77754],[-59.18504,-30.79478],[-59.15348,-30.79139],[-58.90922,-30.89656],[-58.89126,-30.89728],[-58.85643,-30.85762],[-58.78254,-30.85918],[-58.5637,-30.69337],[-58.55746,-30.66969],[-58.56759,-30.65951],[-58.64794,-30.6984],[-58.77978,-30.68697],[-58.82147,-30.66014],[-58.85901,-30.66221],[-58.90377,-30.62008],[-58.99194,-30.60773]]]},"properties":{"fid":155,"SITE_ID":555587117,"SITE_PID":"555587117","SITE_TYPE":"PA","NAME_ENG":"El Gato y Lomas Limpias","NAME":"El Gato y Lomas Limpias","DESIG":"Reserva de Uso Múltiple","DESIG_ENG":"Multiple Use Reserve","DESIG_TYPE":"National","IUCN_CAT":"VI","INT_CRIT":"Not Applicable","REALM":"Terrestrial","REP_M_AREA":0,"GIS_M_AREA":0,"REP_AREA":680,"GIS_AREA":997.754848840678,"NO_TAKE":"Not Applicable","NO_TK_AREA":0,"STATUS":"Designated","STATUS_YR":2006,"GOV_TYPE":"Not Reported","GOVSUBTYPE":"Not Applicable","OWN_TYPE":"Not Reported","OWNSUBTYPE":"Not Applicable","MANG_AUTH":"Not Reported","MANG_PLAN":"Not Reported","VERIF":"State Verified","METADATAID":1852,"PRNT_ISO3":"ARG","ISO3":"ARG","SUPP_INFO":"Not Applicable","CONS_OBJ":"Not Applicable","INLND_WTRS":"Not Reported","OECM_ASMT":"Not Applicable","layer":"WDPA_W~1"}},{"type":"Feature","geometry":{"type":"Polygon","coordinates":[[[-60.52919,-31.83959],[-60.52295,-31.84027],[-60.5224,-31.83629],[-60.52919,-31.83959]]]},"properties":{"fid":156,"SITE_ID":555587118,"SITE_PID":"555587118","SITE_TYPE":"PA","NAME_ENG":"Escuela Rural Juan B. Alberdi","NAME":"Escuela Rural Juan B. Alberdi","DESIG":"Reserva de Uso Múltiple","DESIG_ENG":"Multiple Use Reserve","DESIG_TYPE":"National","IUCN_CAT":"VI","INT_CRIT":"Not Applicable","REALM":"Terrestrial","REP_M_AREA":0,"GIS_M_AREA":0,"REP_AREA":0.2,"GIS_AREA":0.149925883271223,"NO_TAKE":"Not Applicable","NO_TK_AREA":0,"STATUS":"Designated","STATUS_YR":1992,"GOV_TYPE":"Not Reported","GOVSUBTYPE":"Not Applicable","OWN_TYPE":"Not Reported","OWNSUBTYPE":"Not Applicable","MANG_AUTH":"Not Reported","MANG_PLAN":"Not Reported","VERIF":"State Verified","METADATAID":1852,"PRNT_ISO3":"ARG","ISO3":"ARG","SUPP_INFO":"Not Applicable","CONS_OBJ":"Not Applicable","INLND_WTRS":"Not Reported","OECM_ASMT":"Not Applicable","layer":"WDPA_W~1"}},{"type":"Feature","geometry":{"type":"Polygon","coordinates":[[[-60.32301,-31.72941],[-60.32997,-31.71979],[-60.35295,-31.72941],[-60.32052,-31.7544],[-60.32301,-31.72941]]]},"properties":{"fid":157,"SITE_ID":555587119,"SITE_PID":"555587119","SITE_TYPE":"PA","NAME_ENG":"Escuela Rural Enrique Berduc","NAME":"Escuela Rural Enrique Berduc","DESIG":"Reserva de Uso Múltiple","DESIG_ENG":"Multiple Use Reserve","DESIG_TYPE":"National","IUCN_CAT":"VI","INT_CRIT":"Not Applicable","REALM":"Terrestrial","REP_M_AREA":0,"GIS_M_AREA":0,"REP_AREA":5.94,"GIS_AREA":5.63945875685928,"NO_TAKE":"Not Applicable","NO_TK_AREA":0,"STATUS":"Designated","STATUS_YR":1997,"GOV_TYPE":"Not Reported","GOVSUBTYPE":"Not Applicable","OWN_TYPE":"Not Reported","OWNSUBTYPE":"Not Applicable","MANG_AUTH":"Not Reported","MANG_PLAN":"Not Reported","VERIF":"State Verified","METADATAID":1852,"PRNT_ISO3":"ARG","ISO3":"ARG","SUPP_INFO":"Not Applicable","CONS_OBJ":"Not Applicable","INLND_WTRS":"Not Reported","OECM_ASMT":"Not Applicable","layer":"WDPA_W~1"}},{"type":"Feature","geometry":{"type":"Polygon","coordinates":[[[-64.75398,-34.83071],[-64.91922,-34.83199],[-64.9184,-34.92343],[-64.75302,-34.92181],[-64.75398,-34.83071]]]},"properties":{"fid":158,"SITE_ID":555587121,"SITE_PID":"555587121","SITE_TYPE":"PA","NAME_ENG":"Estancia Ralicó","NAME":"Estancia Ralicó","DESIG":"Reserva Forestal Natural","DESIG_ENG":"Nature Forest Reserve","DESIG_TYPE":"National","IUCN_CAT":"VI","INT_CRIT":"Not Applicable","REALM":"Terrestrial","REP_M_AREA":0,"GIS_M_AREA":0,"REP_AREA":67,"GIS_AREA":152.479309695916,"NO_TAKE":"Not Applicable","NO_TK_AREA":0,"STATUS":"Designated","STATUS_YR":2004,"GOV_TYPE":"Not Reported","GOVSUBTYPE":"Not Applicable","OWN_TYPE":"Not Reported","OWNSUBTYPE":"Not Applicable","MANG_AUTH":"Not Reported","MANG_PLAN":"Not Reported","VERIF":"State Verified","METADATAID":1852,"PRNT_ISO3":"ARG","ISO3":"ARG","SUPP_INFO":"Not Applicable","CONS_OBJ":"Not Applicable","INLND_WTRS":"Not Reported","OECM_ASMT":"Not Applicable","layer":"WDPA_W~1"}},{"type":"Feature","geometry":{"type":"Polygon","coordinates":[[[-63.10756,-38.56843],[-63.10231,-38.59711],[-63.12951,-38.6063],[-63.13836,-38.62807],[-63.06918,-38.66643],[-63.00421,-38.67068],[-63.01554,-38.65803],[-62.99335,-38.63845],[-63.07052,-38.57501],[-63.10756,-38.56843]]]},"properties":{"fid":159,"SITE_ID":555587122,"SITE_PID":"555587122","SITE_TYPE":"PA","NAME_ENG":"Chasico","NAME":"Chasico","DESIG":"Reserva Natural de Objetos Definidos","DESIG_ENG":"Nature Reserve of Define Objects","DESIG_TYPE":"National","IUCN_CAT":"IV","INT_CRIT":"Not Applicable","REALM":"Terrestrial","REP_M_AREA":0,"GIS_M_AREA":0,"REP_AREA":78.07,"GIS_AREA":78.1289296559127,"NO_TAKE":"Not Applicable","NO_TK_AREA":0,"STATUS":"Designated","STATUS_YR":1999,"GOV_TYPE":"Not Reported","GOVSUBTYPE":"Not Applicable","OWN_TYPE":"Not Reported","OWNSUBTYPE":"Not Applicable","MANG_AUTH":"Not Reported","MANG_PLAN":"Not Reported","VERIF":"State Verified","METADATAID":1852,"PRNT_ISO3":"ARG","ISO3":"ARG","SUPP_INFO":"Not Applicable","CONS_OBJ":"Not Applicable","INLND_WTRS":"Not Reported","OECM_ASMT":"Not Applicable","layer":"WDPA_W~1"}},{"type":"Feature","geometry":{"type":"Polygon","coordinates":[[[-62.17998,-30.32907],[-62.52126,-30.32644],[-62.52232,-30.31977],[-62.52443,-30.30671],[-62.52555,-30.30115],[-62.52738,-30.29699],[-62.5761,-30.26299],[-62.58424,-30.25416],[-62.58879,-30.24905],[-62.59222,-30.24436],[-62.59859,-30.22368],[-62.59851,-30.21769],[-62.59777,-30.21337],[-62.58665,-30.18918],[-62.57816,-30.18909],[-62.57788,-30.1863],[-62.57746,-30.18128],[-62.57533,-30.17361],[-62.5408,-30.14039],[-62.53196,-30.09826],[-62.54839,-30.09606],[-62.55595,-30.09322],[-62.56142,-30.09049],[-62.56611,-30.08748],[-62.5706,-30.08613],[-62.60122,-30.08185],[-62.62279,-30.06578],[-62.62888,-30.06459],[-62.63688,-30.06439],[-62.68482,-30.05567],[-62.79485,-29.9879],[-62.81182,-29.96355],[-62.79251,-29.94013],[-62.83304,-29.88758],[-63.35458,-29.77947],[-63.32432,-29.94459],[-63.3349,-29.95831],[-63.33825,-30.01524],[-63.3451,-30.01522],[-63.35806,-30.07824],[-63.35956,-30.08761],[-63.36431,-30.08655],[-63.36449,-30.13467],[-63.396,-30.13438],[-63.40051,-30.15908],[-63.42004,-30.18033],[-63.43336,-30.21236],[-63.42649,-30.27019],[-63.41522,-30.29033],[-63.41492,-30.31923],[-63.43221,-30.34303],[-63.44464,-30.37271],[-63.45304,-30.38684],[-63.47193,-30.43108],[-63.46342,-30.43222],[-63.44451,-30.45547],[-63.44465,-30.48657],[-63.45219,-30.52233],[-63.44548,-30.5583],[-63.43978,-30.57293],[-63.38624,-30.58269],[-63.38792,-30.60329],[-63.21682,-30.63102],[-63.22051,-30.64903],[-63.17403,-30.65607],[-63.19973,-30.75856],[-63.16865,-30.75903],[-63.1642,-30.74966],[-63.14692,-30.74372],[-63.11212,-30.74918],[-63.09516,-30.77359],[-63.05718,-30.78085],[-62.96621,-30.77443],[-62.95295,-30.76755],[-62.953,-30.9044],[-62.86845,-30.95419],[-62.83328,-30.92553],[-62.8333,-30.91179],[-62.78548,-30.90943],[-62.77218,-30.91628],[-62.76149,-30.93917],[-62.75604,-30.99185],[-62.71882,-30.98719],[-62.68439,-30.94588],[-62.67384,-30.92065],[-62.65265,-30.90226],[-62.61121,-30.88125],[-62.58103,-30.87456],[-62.55994,-30.89356],[-62.59023,-30.95649],[-62.59232,-30.96867],[-62.593,-30.98301],[-62.58547,-30.99167],[-62.57268,-30.99232],[-62.52738,-30.98205],[-62.51243,-30.97677],[-62.50504,-30.97248],[-62.49633,-30.93666],[-62.48251,-30.92002],[-62.4435,-30.9275],[-62.43698,-30.94323],[-62.43931,-30.96838],[-62.40714,-30.97334],[-62.35495,-30.92174],[-62.33375,-30.91247],[-62.31074,-30.90385],[-62.28363,-30.89561],[-62.24896,-30.88222],[-62.21723,-30.86371],[-62.20143,-30.84757],[-62.18847,-30.81084],[-62.17358,-30.68932],[-62.2014,-30.52912],[-62.18096,-30.44193],[-62.17612,-30.3892],[-62.17691,-30.37353],[-62.17637,-30.35942],[-62.17644,-30.35026],[-62.17727,-30.33008],[-62.17998,-30.32907]]]},"properties":{"fid":160,"SITE_ID":555587123,"SITE_PID":"555587123","SITE_TYPE":"PA","NAME_ENG":"Bañados del Río Dulce y Laguna de Mar Chiquita","NAME":"Bañados del Río Dulce y Laguna de Mar Chiquita","DESIG":"Reserva Provincial de Uso Múltiple","DESIG_ENG":"Multiple Use Provincial Reserve","DESIG_TYPE":"National","IUCN_CAT":"VI","INT_CRIT":"Not Applicable","REALM":"Terrestrial","REP_M_AREA":0,"GIS_M_AREA":0,"REP_AREA":10600,"GIS_AREA":10486.816543834602,"NO_TAKE":"Not Applicable","NO_TK_AREA":0,"STATUS":"Designated","STATUS_YR":1994,"GOV_TYPE":"Not Reported","GOVSUBTYPE":"Not Applicable","OWN_TYPE":"Not Reported","OWNSUBTYPE":"Not Applicable","MANG_AUTH":"Not Reported","MANG_PLAN":"Not Reported","VERIF":"State Verified","METADATAID":1852,"PRNT_ISO3":"ARG","ISO3":"ARG","SUPP_INFO":"Not Applicable","CONS_OBJ":"Not Applicable","INLND_WTRS":"Not Reported","OECM_ASMT":"Not Applicable","layer":"WDPA_W~1"}},{"type":"Feature","geometry":{"type":"Polygon","coordinates":[[[-64.80012,-31.35724],[-64.83366,-31.29986],[-64.87426,-31.29944],[-64.88325,-31.32682],[-64.8954,-31.32265],[-64.91378,-31.3469],[-64.93262,-31.33966],[-64.93774,-31.35991],[-64.94199,-31.35072],[-64.94312,-31.41497],[-64.97907,-31.42019],[-64.98823,-31.4429],[-64.97126,-31.44925],[-64.99103,-31.45338],[-64.99442,-31.4758],[-64.97598,-31.52712],[-64.99595,-31.54445],[-64.9831,-31.54741],[-64.98633,-31.57179],[-64.96183,-31.51259],[-64.95469,-31.52438],[-64.96474,-31.60036],[-64.94672,-31.60548],[-64.9502,-31.63445],[-64.93008,-31.64473],[-64.92717,-31.70261],[-64.901,-31.70388],[-64.92598,-31.71333],[-64.88782,-31.82155],[-64.9674,-31.92298],[-64.96917,-32.04372],[-64.88959,-32.05582],[-64.87066,-32.07348],[-64.85134,-32.07142],[-64.87293,-32.04751],[-64.85864,-32.05919],[-64.84583,-32.04842],[-64.8352,-32.01942],[-64.84752,-31.99881],[-64.82691,-31.99709],[-64.8233,-31.96765],[-64.8426,-31.95838],[-64.81551,-31.90954],[-64.7687,-31.88126],[-64.74556,-31.84984],[-64.76524,-31.8225],[-64.73782,-31.82662],[-64.74751,-31.81643],[-64.71756,-31.79706],[-64.71601,-31.76436],[-64.6888,-31.76537],[-64.67235,-31.7294],[-64.67457,-31.71342],[-64.68001,-31.72202],[-64.6831,-31.70903],[-64.68678,-31.71029],[-64.68779,-31.70948],[-64.6889,-31.7099],[-64.68969,-31.70868],[-64.69037,-31.7088],[-64.69135,-31.70842],[-64.69189,-31.70829],[-64.69252,-31.70822],[-64.69349,-31.70772],[-64.69482,-31.70769],[-64.69511,-31.70745],[-64.69474,-31.7072],[-64.69217,-31.70739],[-64.69185,-31.70736],[-64.69146,-31.70732],[-64.69118,-31.70724],[-64.68871,-31.70504],[-64.6823,-31.70374],[-64.67491,-31.69524],[-64.68793,-31.68951],[-64.6834,-31.68148],[-64.69287,-31.68077],[-64.69431,-31.67803],[-64.69477,-31.67776],[-64.69542,-31.67775],[-64.69549,-31.67771],[-64.69561,-31.67761],[-64.69584,-31.67753],[-64.69655,-31.6764],[-64.69667,-31.67445],[-64.69513,-31.67115],[-64.68958,-31.67341],[-64.68096,-31.67082],[-64.68017,-31.67025],[-64.67979,-31.66993],[-64.67585,-31.66836],[-64.67019,-31.61952],[-64.69906,-31.59637],[-64.71146,-31.55081],[-64.73207,-31.55086],[-64.71821,-31.53814],[-64.73983,-31.50776],[-64.72184,-31.4943],[-64.74661,-31.48141],[-64.7286,-31.45757],[-64.76216,-31.45526],[-64.7352,-31.43155],[-64.72389,-31.4443],[-64.72368,-31.40097],[-64.69786,-31.39182],[-64.76897,-31.3992],[-64.7596,-31.37842],[-64.80012,-31.35724]]]},"properties":{"fid":161,"SITE_ID":555587124,"SITE_PID":"555587124","SITE_TYPE":"PA","NAME_ENG":"Pampa de Achala","NAME":"Pampa de Achala","DESIG":"Reserva Hídrica Provincial","DESIG_ENG":"Provincial Water Reserve","DESIG_TYPE":"National","IUCN_CAT":"VI","INT_CRIT":"Not Applicable","REALM":"Terrestrial","REP_M_AREA":0,"GIS_M_AREA":0,"REP_AREA":1460,"GIS_AREA":1543.71640525225,"NO_TAKE":"Not Applicable","NO_TK_AREA":0,"STATUS":"Designated","STATUS_YR":1999,"GOV_TYPE":"Not Reported","GOVSUBTYPE":"Not Applicable","OWN_TYPE":"Not Reported","OWNSUBTYPE":"Not Applicable","MANG_AUTH":"Not Reported","MANG_PLAN":"Not Reported","VERIF":"State Verified","METADATAID":1852,"PRNT_ISO3":"ARG","ISO3":"ARG","SUPP_INFO":"Not Applicable","CONS_OBJ":"Not Applicable","INLND_WTRS":"Not Reported","OECM_ASMT":"Not Applicable","layer":"WDPA_W~1"}},{"type":"Feature","geometry":{"type":"Polygon","coordinates":[[[-64.66085,-30.02252],[-64.68247,-29.93839],[-64.66947,-29.8726],[-64.75325,-29.80879],[-64.83604,-29.68351],[-64.82797,-29.57471],[-64.96479,-29.59805],[-64.93691,-29.84768],[-65.15761,-30.04618],[-65.19451,-30.1448],[-65.37279,-30.33105],[-65.44256,-30.43107],[-65.41577,-30.43546],[-65.37527,-30.41413],[-65.34313,-30.35881],[-65.31702,-30.3625],[-65.29715,-30.32592],[-65.19931,-30.26631],[-65.11281,-30.25258],[-64.97887,-30.18675],[-64.91898,-30.18474],[-64.91683,-30.21595],[-64.90491,-30.18217],[-64.88818,-30.19736],[-64.86768,-30.17052],[-64.84148,-30.17463],[-64.84377,-30.15933],[-64.82742,-30.17113],[-64.80856,-30.15717],[-64.75487,-30.1674],[-64.7043,-30.12738],[-64.66085,-30.02252]]]},"properties":{"fid":162,"SITE_ID":555587125,"SITE_PID":"555587125","SITE_TYPE":"PA","NAME_ENG":"Salinas Grandes","NAME":"Salinas Grandes","DESIG":"Reserva Provincial de Uso Múltiple","DESIG_ENG":"Multiple Use Provincial Reserve","DESIG_TYPE":"National","IUCN_CAT":"VI","INT_CRIT":"Not Applicable","REALM":"Terrestrial","REP_M_AREA":0,"GIS_M_AREA":0,"REP_AREA":2000,"GIS_AREA":2217.33554347522,"NO_TAKE":"Not Applicable","NO_TK_AREA":0,"STATUS":"Designated","STATUS_YR":2003,"GOV_TYPE":"Not Reported","GOVSUBTYPE":"Not Applicable","OWN_TYPE":"Not Reported","OWNSUBTYPE":"Not Applicable","MANG_AUTH":"Not Reported","MANG_PLAN":"Not Reported","VERIF":"State Verified","METADATAID":1852,"PRNT_ISO3":"ARG","ISO3":"ARG","SUPP_INFO":"Not Applicable","CONS_OBJ":"Not Applicable","INLND_WTRS":"Not Reported","OECM_ASMT":"Not Applicable","layer":"WDPA_W~1"}},{"type":"Feature","geometry":{"type":"Polygon","coordinates":[[[-60.21215,-24.37316],[-60.29911,-24.33097],[-60.33355,-24.33289],[-60.38943,-24.26414],[-60.45738,-24.23796],[-60.52471,-24.1455],[-60.5596,-24.13053],[-60.56629,-24.10525],[-60.56991,-24.11771],[-60.59896,-24.10186],[-60.63103,-24.10693],[-60.67592,-24.09099],[-60.69053,-24.0667],[-60.76145,-24.05272],[-60.7733,-24.03275],[-60.81141,-24.02394],[-60.79617,-24.01838],[-60.86647,-23.9423],[-60.87133,-23.90294],[-60.89579,-23.89742],[-60.91594,-23.85023],[-60.92843,-23.85923],[-60.92726,-23.84915],[-61.0141,-23.8291],[-61.01071,-23.81235],[-61.04072,-23.8031],[-61.06328,-23.76964],[-61.0952,-23.7689],[-61.09723,-23.74617],[-61.12818,-23.71913],[-61.13994,-23.72826],[-61.14591,-23.68876],[-61.1999,-23.65026],[-61.22389,-23.63692],[-61.25657,-23.64247],[-61.24744,-23.65689],[-61.26119,-23.66071],[-61.29436,-23.63925],[-61.3453,-23.63455],[-61.37562,-23.57313],[-61.41358,-23.57006],[-61.43068,-23.50688],[-61.45127,-23.50908],[-61.44825,-23.5214],[-61.47761,-23.5131],[-61.46508,-23.50229],[-61.47975,-23.48917],[-61.48124,-23.44203],[-61.53341,-23.43274],[-61.52611,-23.40204],[-61.56324,-23.37682],[-61.60984,-23.3743],[-61.62598,-23.34748],[-61.61127,-23.32407],[-61.6277,-23.33705],[-61.66541,-23.30557],[-61.72347,-23.29059],[-61.76521,-23.2447],[-61.75665,-23.22635],[-61.772,-23.18637],[-61.87474,-23.13196],[-61.98798,-23.0269],[-62.00576,-22.98802],[-61.99785,-22.96644],[-62.01182,-22.97674],[-61.99992,-22.93508],[-62.01983,-22.92188],[-62.02319,-22.93223],[-62.04166,-22.8745],[-62.07898,-22.87344],[-62.0839,-22.84379],[-62.10616,-22.83266],[-62.11322,-22.79859],[-62.13217,-22.79805],[-62.13942,-22.77715],[-62.2042,-22.75958],[-62.21763,-22.71107],[-62.21407,-22.7448],[-62.22915,-22.73325],[-62.23759,-22.75414],[-62.15568,-22.82702],[-62.16401,-22.88449],[-62.20204,-22.85195],[-62.21723,-22.86194],[-62.16923,-22.89787],[-62.1777,-22.93274],[-62.15809,-22.95783],[-62.1773,-22.95591],[-62.14688,-22.96297],[-62.13545,-23.00257],[-62.11938,-22.97593],[-62.11284,-23.0012],[-62.0686,-23.01117],[-62.05155,-23.05487],[-62.0605,-23.06961],[-62.03916,-23.08461],[-62.06215,-23.09334],[-62.06371,-23.07788],[-62.07619,-23.06326],[-62.07255,-23.05335],[-62.13101,-23.07936],[-62.07126,-23.08443],[-62.0587,-23.10289],[-62.0267,-23.12718],[-62.00154,-23.11064],[-61.96517,-23.12377],[-61.95893,-23.14362],[-61.9794,-23.17696],[-61.95267,-23.18613],[-61.93485,-23.22727],[-61.94486,-23.23132],[-61.94379,-23.25164],[-61.94918,-23.23029],[-61.94726,-23.24848],[-61.94207,-23.25551],[-61.95495,-23.24475],[-61.95494,-23.25775],[-61.8616,-23.29572],[-61.79872,-23.35051],[-61.7465,-23.36957],[-61.72088,-23.36192],[-61.62615,-23.42077],[-61.60236,-23.41198],[-61.60614,-23.42668],[-61.57309,-23.4408],[-61.59604,-23.44341],[-61.59478,-23.46707],[-61.57656,-23.45133],[-61.56692,-23.46355],[-61.582,-23.47528],[-61.53694,-23.4784],[-61.58514,-23.50164],[-61.64186,-23.48501],[-61.61242,-23.49873],[-61.62615,-23.50441],[-61.60929,-23.51622],[-61.55457,-23.51528],[-61.56436,-23.52999],[-61.54312,-23.52129],[-61.52037,-23.57656],[-61.4786,-23.60103],[-61.4676,-23.63525],[-61.4816,-23.64653],[-61.45614,-23.64578],[-61.45859,-23.66216],[-61.44101,-23.663],[-61.41998,-23.69327],[-61.39659,-23.70243],[-61.37562,-23.69237],[-61.36545,-23.72254],[-61.33646,-23.72724],[-61.34674,-23.74646],[-61.32254,-23.74704],[-61.32605,-23.73476],[-61.28783,-23.74455],[-61.26514,-23.78019],[-61.24061,-23.78238],[-61.23278,-23.80715],[-61.19475,-23.80911],[-61.16948,-23.85028],[-61.14497,-23.87118],[-61.14134,-23.85683],[-61.13018,-23.86327],[-61.11676,-23.88741],[-61.08408,-23.90465],[-61.07357,-23.89503],[-61.05978,-23.90806],[-61.04681,-23.89122],[-61.01091,-23.90911],[-61.01435,-23.92974],[-61.03591,-23.90399],[-61.05207,-23.90561],[-61.03891,-23.92743],[-61.05644,-23.92429],[-61.05678,-23.93763],[-61.05388,-23.92625],[-61.03428,-23.93456],[-61.0061,-23.98337],[-60.96997,-24.00598],[-60.95863,-24.02456],[-60.97765,-24.03046],[-60.94917,-24.0442],[-60.95672,-24.05082],[-60.92354,-24.05673],[-60.92137,-24.0704],[-60.89437,-24.04668],[-60.87778,-24.08195],[-60.84186,-24.082],[-60.81838,-24.10411],[-60.77015,-24.10169],[-60.71572,-24.14755],[-60.68204,-24.14637],[-60.66173,-24.16161],[-60.64636,-24.19583],[-60.62212,-24.20707],[-60.61884,-24.19728],[-60.58974,-24.24612],[-60.5517,-24.24953],[-60.5625,-24.29421],[-60.52735,-24.30961],[-60.48862,-24.37558],[-60.47239,-24.36982],[-60.46799,-24.39388],[-60.45079,-24.39156],[-60.44538,-24.41964],[-60.43593,-24.40749],[-60.41909,-24.41526],[-60.43664,-24.42121],[-60.43243,-24.4358],[-60.42593,-24.42445],[-60.39253,-24.43167],[-60.3887,-24.4501],[-60.41108,-24.44826],[-60.41438,-24.4634],[-60.39686,-24.46701],[-60.36967,-24.43627],[-60.32878,-24.42414],[-60.32019,-24.37939],[-60.29797,-24.42209],[-60.20043,-24.45521],[-60.167,-24.50724],[-60.08998,-24.55031],[-60.1,-24.55595],[-60.0846,-24.57816],[-60.05414,-24.57307],[-60.00616,-24.59387],[-60.01329,-24.60286],[-59.98947,-24.5963],[-59.97775,-24.64316],[-59.95294,-24.63934],[-59.95721,-24.65534],[-59.95159,-24.64515],[-59.93558,-24.63704],[-59.92632,-24.64532],[-59.93866,-24.64956],[-59.94194,-24.64163],[-59.95852,-24.66666],[-59.94867,-24.70032],[-59.92493,-24.71652],[-59.9055,-24.79632],[-59.88791,-24.7927],[-59.88563,-24.80497],[-59.87536,-24.79034],[-59.85717,-24.79357],[-59.84381,-24.84434],[-59.826,-24.85402],[-59.835,-24.86655],[-59.82029,-24.86721],[-59.81869,-24.83929],[-59.80196,-24.87071],[-59.7334,-24.84659],[-59.71614,-24.79165],[-59.73526,-24.78833],[-59.71497,-24.77402],[-59.75435,-24.77173],[-59.75438,-24.75169],[-59.79232,-24.72772],[-59.83952,-24.73068],[-59.81947,-24.6887],[-59.86587,-24.68263],[-59.87469,-24.62613],[-59.90693,-24.60805],[-59.92108,-24.50285],[-59.99154,-24.49781],[-60.03036,-24.45787],[-60.12151,-24.43594],[-60.13419,-24.41364],[-60.16471,-24.4081],[-60.16978,-24.36474],[-60.21215,-24.37316]]]},"properties":{"fid":163,"SITE_ID":555587126,"SITE_PID":"555587126","SITE_TYPE":"PA","NAME_ENG":"Bañado la Estrella","NAME":"Bañado la Estrella","DESIG":"Reserva Natural Provincial","DESIG_ENG":"Provincial Nature Reserve","DESIG_TYPE":"National","IUCN_CAT":"Not Reported","INT_CRIT":"Not Applicable","REALM":"Terrestrial","REP_M_AREA":0,"GIS_M_AREA":0,"REP_AREA":3816,"GIS_AREA":3728.13334711755,"NO_TAKE":"Not Applicable","NO_TK_AREA":0,"STATUS":"Designated","STATUS_YR":2005,"GOV_TYPE":"Not Reported","GOVSUBTYPE":"Not Applicable","OWN_TYPE":"Not Reported","OWNSUBTYPE":"Not Applicable","MANG_AUTH":"Not Reported","MANG_PLAN":"Not Reported","VERIF":"State Verified","METADATAID":1852,"PRNT_ISO3":"ARG","ISO3":"ARG","SUPP_INFO":"Not Applicable","CONS_OBJ":"Not Applicable","INLND_WTRS":"Not Reported","OECM_ASMT":"Not Applicable","layer":"WDPA_W~1"}},{"type":"Feature","geometry":{"type":"Polygon","coordinates":[[[-65.36418,-24.75669],[-65.39381,-24.74348],[-65.38942,-24.79869],[-65.37642,-24.77686],[-65.34022,-24.78412],[-65.34127,-24.76878],[-65.36905,-24.76347],[-65.33894,-24.76034],[-65.36418,-24.75669]]]},"properties":{"fid":164,"SITE_ID":555587127,"SITE_PID":"555587127","SITE_TYPE":"PA","NAME_ENG":"Bosques Protectores","NAME":"Bosques Petrificados","DESIG":"Reserva Pública","DESIG_ENG":"Reserva Pública","DESIG_TYPE":"National","IUCN_CAT":"VI","INT_CRIT":"Not Applicable","REALM":"Terrestrial","REP_M_AREA":0,"GIS_M_AREA":0,"REP_AREA":18.43,"GIS_AREA":18.3989732144464,"NO_TAKE":"Not Applicable","NO_TK_AREA":0,"STATUS":"Designated","STATUS_YR":1967,"GOV_TYPE":"Federal or national ministry or agency","GOVSUBTYPE":"Not Applicable","OWN_TYPE":"Not Reported","OWNSUBTYPE":"Not Applicable","MANG_AUTH":"Not Reported","MANG_PLAN":"Not Reported","VERIF":"State Verified","METADATAID":1852,"PRNT_ISO3":"ARG","ISO3":"ARG","SUPP_INFO":"Not Applicable","CONS_OBJ":"Not Applicable","INLND_WTRS":"Not Reported","OECM_ASMT":"Not Applicable","layer":"WDPA_W~1"}},{"type":"Feature","geometry":{"type":"Polygon","coordinates":[[[-62.22922,-26.05871],[-61.94845,-26.17605],[-61.95301,-26.04396],[-62.12696,-26.04873],[-62.15169,-25.93544],[-62.03724,-25.65707],[-62.24047,-25.65353],[-62.22922,-26.05871]]]},"properties":{"fid":165,"SITE_ID":555587128,"SITE_PID":"555587128","SITE_TYPE":"PA","NAME_ENG":"Copo","NAME":"Copo","DESIG":"Reserva Provincial de Uso Múltiple","DESIG_ENG":"Multiple Use Provincial Reserve","DESIG_TYPE":"National","IUCN_CAT":"VI","INT_CRIT":"Not Applicable","REALM":"Terrestrial","REP_M_AREA":0,"GIS_M_AREA":0,"REP_AREA":697.06,"GIS_AREA":773.8332601603931,"NO_TAKE":"Not Applicable","NO_TK_AREA":0,"STATUS":"Designated","STATUS_YR":2002,"GOV_TYPE":"Not Reported","GOVSUBTYPE":"Not Applicable","OWN_TYPE":"Not Reported","OWNSUBTYPE":"Not Applicable","MANG_AUTH":"Not Reported","MANG_PLAN":"Not Reported","VERIF":"State Verified","METADATAID":1852,"PRNT_ISO3":"ARG","ISO3":"ARG","SUPP_INFO":"Not Applicable","CONS_OBJ":"Not Applicable","INLND_WTRS":"Not Reported","OECM_ASMT":"Not Applicable","layer":"WDPA_W~1"}},{"type":"Feature","geometry":{"type":"Polygon","coordinates":[[[-61.69006,-25.18339],[-61.62123,-25.16627],[-61.62182,-25.10331],[-61.7545,-25.10222],[-61.75355,-25.16388],[-61.69006,-25.18339]]]},"properties":{"fid":166,"SITE_ID":555587129,"SITE_PID":"555587129","SITE_TYPE":"PA","NAME_ENG":"Fuerte Esperanza","NAME":"Fuerte Esperanza","DESIG":"Parque Provincial","DESIG_ENG":"Provincial Park","DESIG_TYPE":"National","IUCN_CAT":"II","INT_CRIT":"Not Applicable","REALM":"Terrestrial","REP_M_AREA":0,"GIS_M_AREA":0,"REP_AREA":282.2,"GIS_AREA":104.911049620566,"NO_TAKE":"Not Applicable","NO_TK_AREA":0,"STATUS":"Designated","STATUS_YR":2000,"GOV_TYPE":"Not Reported","GOVSUBTYPE":"Not Applicable","OWN_TYPE":"Not Reported","OWNSUBTYPE":"Not Applicable","MANG_AUTH":"Not Reported","MANG_PLAN":"Not Reported","VERIF":"State Verified","METADATAID":1852,"PRNT_ISO3":"ARG","ISO3":"ARG","SUPP_INFO":"Not Applicable","CONS_OBJ":"Not Applicable","INLND_WTRS":"Not Reported","OECM_ASMT":"Not Applicable","layer":"WDPA_W~1"}},{"type":"Feature","geometry":{"type":"Polygon","coordinates":[[[-70.36951,-38.61842],[-70.40601,-38.60628],[-70.40624,-38.61799],[-70.36951,-38.61842]]]},"properties":{"fid":167,"SITE_ID":555587130,"SITE_PID":"555587130","SITE_TYPE":"PA","NAME_ENG":"Cuchillo-Cura","NAME":"Cuchillo-Cura","DESIG":"Parque Provincial","DESIG_ENG":"Provincial Park","DESIG_TYPE":"National","IUCN_CAT":"II","INT_CRIT":"Not Applicable","REALM":"Terrestrial","REP_M_AREA":0,"GIS_M_AREA":0,"REP_AREA":3.86,"GIS_AREA":3.86066598330824,"NO_TAKE":"Not Applicable","NO_TK_AREA":0,"STATUS":"Designated","STATUS_YR":2003,"GOV_TYPE":"Not Reported","GOVSUBTYPE":"Not Applicable","OWN_TYPE":"Not Reported","OWNSUBTYPE":"Not Applicable","MANG_AUTH":"Not Reported","MANG_PLAN":"Not Reported","VERIF":"State Verified","METADATAID":1852,"PRNT_ISO3":"ARG","ISO3":"ARG","SUPP_INFO":"Not Applicable","CONS_OBJ":"Not Applicable","INLND_WTRS":"Not Reported","OECM_ASMT":"Not Applicable","layer":"WDPA_W~1"}},{"type":"Feature","geometry":{"type":"Polygon","coordinates":[[[-71.24418,-39.80766],[-71.19837,-39.8154],[-71.18976,-39.85639],[-71.13963,-39.90084],[-71.17259,-39.87086],[-71.16812,-39.81632],[-71.20659,-39.79126],[-71.21287,-39.79255],[-71.21384,-39.79438],[-71.21334,-39.7958],[-71.21473,-39.7962],[-71.214,-39.79918],[-71.21905,-39.80517],[-71.22402,-39.80571],[-71.22685,-39.8053],[-71.22852,-39.80563],[-71.23014,-39.80496],[-71.23269,-39.80434],[-71.23597,-39.80357],[-71.23881,-39.80352],[-71.24156,-39.80347],[-71.24423,-39.8037],[-71.24418,-39.80766]]]},"properties":{"fid":168,"SITE_ID":555587131,"SITE_PID":"555587131","SITE_TYPE":"PA","NAME_ENG":"Boca del Chimehuin","NAME":"Boca del Chimehuin","DESIG":"Parque Provincial","DESIG_ENG":"Provincial Park","DESIG_TYPE":"National","IUCN_CAT":"II","INT_CRIT":"Not Applicable","REALM":"Terrestrial","REP_M_AREA":0,"GIS_M_AREA":0,"REP_AREA":15,"GIS_AREA":18.281737069792,"NO_TAKE":"Not Applicable","NO_TK_AREA":0,"STATUS":"Designated","STATUS_YR":2000,"GOV_TYPE":"Not Reported","GOVSUBTYPE":"Not Applicable","OWN_TYPE":"Not Reported","OWNSUBTYPE":"Not Applicable","MANG_AUTH":"Not Reported","MANG_PLAN":"Not Reported","VERIF":"State Verified","METADATAID":1852,"PRNT_ISO3":"ARG","ISO3":"ARG","SUPP_INFO":"Not Applicable","CONS_OBJ":"Not Applicable","INLND_WTRS":"Not Reported","OECM_ASMT":"Not Applicable","layer":"WDPA_W~1"}},{"type":"Feature","geometry":{"type":"Polygon","coordinates":[[[-70.09321,-42.6391],[-70.08865,-42.63019],[-70.10739,-42.6661],[-70.09321,-42.6391]]]},"properties":{"fid":169,"SITE_ID":555587132,"SITE_PID":"555587132","SITE_TYPE":"PA","NAME_ENG":"Piedra Parada","NAME":"Piedra Parada","DESIG":"Reserva Natural Turística","DESIG_ENG":"Tourist Nature Reserve","DESIG_TYPE":"National","IUCN_CAT":"VI","INT_CRIT":"Not Applicable","REALM":"Terrestrial","REP_M_AREA":0,"GIS_M_AREA":0,"REP_AREA":1.32,"GIS_AREA":1.30959409200777,"NO_TAKE":"Not Applicable","NO_TK_AREA":0,"STATUS":"Designated","STATUS_YR":2006,"GOV_TYPE":"Not Reported","GOVSUBTYPE":"Not Applicable","OWN_TYPE":"Not Reported","OWNSUBTYPE":"Not Applicable","MANG_AUTH":"Not Reported","MANG_PLAN":"Not Reported","VERIF":"State Verified","METADATAID":1852,"PRNT_ISO3":"ARG","ISO3":"ARG","SUPP_INFO":"Not Applicable","CONS_OBJ":"Not Applicable","INLND_WTRS":"Not Reported","OECM_ASMT":"Not Applicable","layer":"WDPA_W~1"}},{"type":"Feature","geometry":{"type":"Polygon","coordinates":[[[-70.76369,-47.11215],[-70.7511,-47.1751],[-70.63274,-47.16251],[-70.61512,-47.1474],[-70.61512,-47.09452],[-70.63778,-47.07185],[-70.72088,-47.07689],[-70.76369,-47.11215]]]},"properties":{"fid":170,"SITE_ID":555587133,"SITE_PID":"555587133","SITE_TYPE":"PA","NAME_ENG":"Cueva de las Manos","NAME":"Cueva de las Manos","DESIG":"Patrimonio Histórico Cultural Natural","DESIG_ENG":"Nature Historical and Cultural Heritage Site","DESIG_TYPE":"National","IUCN_CAT":"III","INT_CRIT":"Not Applicable","REALM":"Terrestrial","REP_M_AREA":0,"GIS_M_AREA":0,"REP_AREA":120,"GIS_AREA":101.669596440602,"NO_TAKE":"Not Applicable","NO_TK_AREA":0,"STATUS":"Designated","STATUS_YR":1999,"GOV_TYPE":"Not Reported","GOVSUBTYPE":"Not Applicable","OWN_TYPE":"Not Reported","OWNSUBTYPE":"Not Applicable","MANG_AUTH":"Not Reported","MANG_PLAN":"Not Reported","VERIF":"State Verified","METADATAID":1852,"PRNT_ISO3":"ARG","ISO3":"ARG","SUPP_INFO":"Not Applicable","CONS_OBJ":"Not Applicable","INLND_WTRS":"Not Reported","OECM_ASMT":"Not Applicable","layer":"WDPA_W~1"}},{"type":"Feature","geometry":{"type":"Polygon","coordinates":[[[-72.32236,-48.13153],[-72.2992,-48.15863],[-72.32589,-48.21544],[-72.22723,-48.31895],[-72.24067,-48.3473],[-72.27813,-48.36215],[-72.38032,-48.34951],[-72.34781,-48.39069],[-72.40659,-48.4161],[-72.40909,-48.43194],[-72.37346,-48.44995],[-72.4427,-48.51414],[-72.50214,-48.51891],[-72.53884,-48.48259],[-72.58907,-48.49288],[-72.53852,-48.70228],[-72.35555,-48.78709],[-72.30769,-48.75253],[-72.29971,-48.69536],[-72.32231,-48.66612],[-72.31833,-48.64883],[-72.29838,-48.64883],[-72.29838,-48.61826],[-72.06042,-48.61959],[-72.03915,-48.60629],[-72.03649,-48.53583],[-71.90355,-48.53052],[-71.90355,-48.49063],[-71.83708,-48.4893],[-71.83841,-48.44145],[-71.90222,-48.44012],[-71.90089,-48.2181],[-71.97401,-48.21943],[-72.03649,-48.24602],[-72.11625,-48.31515],[-72.18538,-48.17157],[-72.26914,-48.17423],[-72.23457,-48.10377],[-72.25832,-48.10347],[-72.26049,-48.13189],[-72.32236,-48.13153]]]},"properties":{"fid":171,"SITE_ID":555587134,"SITE_PID":"555587134","SITE_TYPE":"PA","NAME_ENG":"Tucu-Tucu","NAME":"Tucu-Tucu","DESIG":"Reserva Provincial","DESIG_ENG":"Provincial Reserve","DESIG_TYPE":"National","IUCN_CAT":"VI","INT_CRIT":"Not Applicable","REALM":"Terrestrial","REP_M_AREA":0,"GIS_M_AREA":0,"REP_AREA":1820.17,"GIS_AREA":1826.32187868981,"NO_TAKE":"Not Applicable","NO_TK_AREA":0,"STATUS":"Designated","STATUS_YR":2006,"GOV_TYPE":"Not Reported","GOVSUBTYPE":"Not Applicable","OWN_TYPE":"Not Reported","OWNSUBTYPE":"Not Applicable","MANG_AUTH":"Not Reported","MANG_PLAN":"Not Reported","VERIF":"State Verified","METADATAID":1852,"PRNT_ISO3":"ARG","ISO3":"ARG","SUPP_INFO":"Not Applicable","CONS_OBJ":"Not Applicable","INLND_WTRS":"Not Reported","OECM_ASMT":"Not Applicable","layer":"WDPA_W~1"}},{"type":"Feature","geometry":{"type":"Polygon","coordinates":[[[-71.33988,-48.39625],[-71.18434,-48.47202],[-71.12584,-48.46139],[-71.13382,-48.43214],[-71.09394,-48.3896],[-71.14312,-48.36434],[-71.17237,-48.38295],[-71.33988,-48.39625]]]},"properties":{"fid":172,"SITE_ID":555587135,"SITE_PID":"555587135","SITE_TYPE":"PA","NAME_ENG":"Meseta Lago Strobel","NAME":"Meseta Lago Strobel","DESIG":"Reserva con fines de utilidad pública","DESIG_ENG":"Reserve with purposes of public utility","DESIG_TYPE":"National","IUCN_CAT":"VI","INT_CRIT":"Not Applicable","REALM":"Terrestrial","REP_M_AREA":0,"GIS_M_AREA":0,"REP_AREA":250,"GIS_AREA":121.26816494322,"NO_TAKE":"Not Applicable","NO_TK_AREA":0,"STATUS":"Designated","STATUS_YR":2003,"GOV_TYPE":"Not Reported","GOVSUBTYPE":"Not Applicable","OWN_TYPE":"Not Reported","OWNSUBTYPE":"Not Applicable","MANG_AUTH":"Not Reported","MANG_PLAN":"Not Reported","VERIF":"State Verified","METADATAID":1852,"PRNT_ISO3":"ARG","ISO3":"ARG","SUPP_INFO":"Not Applicable","CONS_OBJ":"Not Applicable","INLND_WTRS":"Not Reported","OECM_ASMT":"Not Applicable","layer":"WDPA_W~1"}},{"type":"Feature","geometry":{"type":"Polygon","coordinates":[[[-71.65907,-49.39529],[-71.66635,-49.5288],[-71.51707,-49.53123],[-71.51586,-49.44263],[-71.58989,-49.4402],[-71.59596,-49.39529],[-71.65907,-49.39529]]]},"properties":{"fid":173,"SITE_ID":555587136,"SITE_PID":"555587136","SITE_TYPE":"PA","NAME_ENG":"Pint Rupestres Rio Chalia o Shehuen","NAME":"Pint Rupestres Rio Chalia o Shehuen","DESIG":"Reserva Provincial","DESIG_ENG":"Provincial Reserve","DESIG_TYPE":"National","IUCN_CAT":"VI","INT_CRIT":"Not Applicable","REALM":"Terrestrial","REP_M_AREA":0,"GIS_M_AREA":0,"REP_AREA":123.3,"GIS_AREA":132.457124267895,"NO_TAKE":"Not Applicable","NO_TK_AREA":0,"STATUS":"Designated","STATUS_YR":2007,"GOV_TYPE":"Not Reported","GOVSUBTYPE":"Not Applicable","OWN_TYPE":"Not Reported","OWNSUBTYPE":"Not Applicable","MANG_AUTH":"Not Reported","MANG_PLAN":"Not Reported","VERIF":"State Verified","METADATAID":1852,"PRNT_ISO3":"ARG","ISO3":"ARG","SUPP_INFO":"Not Applicable","CONS_OBJ":"Not Applicable","INLND_WTRS":"Not Reported","OECM_ASMT":"Not Applicable","layer":"WDPA_W~1"}},{"type":"Feature","geometry":{"type":"Polygon","coordinates":[[[-72.23455,-50.1981],[-72.25392,-50.22958],[-72.24181,-50.26832],[-72.12801,-50.26348],[-72.12074,-50.21021],[-72.23455,-50.1981]]]},"properties":{"fid":174,"SITE_ID":555587137,"SITE_PID":"555587137","SITE_TYPE":"PA","NAME_ENG":"Isla Solitaria","NAME":"Isla Solitaria","DESIG":"Área de Uso Limitado Bajo Protección Especial","DESIG_ENG":"Limited Use Area Under Special Protection","DESIG_TYPE":"National","IUCN_CAT":"VI","INT_CRIT":"Not Applicable","REALM":"Terrestrial","REP_M_AREA":0,"GIS_M_AREA":0,"REP_AREA":15,"GIS_AREA":68.904368655104,"NO_TAKE":"Not Applicable","NO_TK_AREA":0,"STATUS":"Designated","STATUS_YR":2001,"GOV_TYPE":"Not Reported","GOVSUBTYPE":"Not Applicable","OWN_TYPE":"Not Reported","OWNSUBTYPE":"Not Applicable","MANG_AUTH":"Not Reported","MANG_PLAN":"Not Reported","VERIF":"State Verified","METADATAID":1852,"PRNT_ISO3":"ARG","ISO3":"ARG","SUPP_INFO":"Not Applicable","CONS_OBJ":"Not Applicable","INLND_WTRS":"Not Reported","OECM_ASMT":"Not Applicable","layer":"WDPA_W~1"}},{"type":"Feature","geometry":{"type":"Polygon","coordinates":[[[-71.5372,-50.36275],[-71.56141,-50.37244],[-71.53962,-50.39423],[-71.46698,-50.40149],[-71.47182,-50.3797],[-71.5372,-50.36275]]]},"properties":{"fid":175,"SITE_ID":555587138,"SITE_PID":"555587138","SITE_TYPE":"PA","NAME_ENG":"Los Escarchados","NAME":"Los Escarchados","DESIG":"Reserva Natural de Interés Provincial","DESIG_ENG":"Provincial Nature Reserve","DESIG_TYPE":"National","IUCN_CAT":"VI","INT_CRIT":"Not Applicable","REALM":"Terrestrial","REP_M_AREA":0,"GIS_M_AREA":0,"REP_AREA":29.3,"GIS_AREA":21.0355971158413,"NO_TAKE":"Not Applicable","NO_TK_AREA":0,"STATUS":"Designated","STATUS_YR":1979,"GOV_TYPE":"Not Reported","GOVSUBTYPE":"Not Applicable","OWN_TYPE":"Not Reported","OWNSUBTYPE":"Not Applicable","MANG_AUTH":"Not Reported","MANG_PLAN":"Not Reported","VERIF":"State Verified","METADATAID":1852,"PRNT_ISO3":"ARG","ISO3":"ARG","SUPP_INFO":"Not Applicable","CONS_OBJ":"Not Applicable","INLND_WTRS":"Not Reported","OECM_ASMT":"Not Applicable","layer":"WDPA_W~1"}},{"type":"Feature","geometry":{"type":"Polygon","coordinates":[[[-70.63063,-51.83813],[-70.61003,-51.86102],[-70.5208,-51.84729],[-70.51164,-51.81754],[-70.58029,-51.81525],[-70.63063,-51.83813]]]},"properties":{"fid":176,"SITE_ID":555587139,"SITE_PID":"555587139","SITE_TYPE":"PA","NAME_ENG":"Bloque Herratico","NAME":"Bloque Herratico","DESIG":"Monumento Natural","DESIG_ENG":"Nature Monument","DESIG_TYPE":"National","IUCN_CAT":"III","INT_CRIT":"Not Applicable","REALM":"Terrestrial","REP_M_AREA":0,"GIS_M_AREA":0,"REP_AREA":0,"GIS_AREA":26.2829659081109,"NO_TAKE":"Not Applicable","NO_TK_AREA":0,"STATUS":"Designated","STATUS_YR":2009,"GOV_TYPE":"Not Reported","GOVSUBTYPE":"Not Applicable","OWN_TYPE":"Not Reported","OWNSUBTYPE":"Not Applicable","MANG_AUTH":"Not Reported","MANG_PLAN":"Not Reported","VERIF":"State Verified","METADATAID":1852,"PRNT_ISO3":"ARG","ISO3":"ARG","SUPP_INFO":"Not Applicable","CONS_OBJ":"Not Applicable","INLND_WTRS":"Not Reported","OECM_ASMT":"Not Applicable","layer":"WDPA_W~1"}},{"type":"Feature","geometry":{"type":"Polygon","coordinates":[[[-69.59865,-52.01204],[-69.65585,-52.03034],[-69.6467,-52.05551],[-69.58492,-52.03721],[-69.57576,-52.02348],[-69.59865,-52.01204]]]},"properties":{"fid":177,"SITE_ID":555587140,"SITE_PID":"555587140","SITE_TYPE":"PA","NAME_ENG":"Laguna Azul","NAME":"Laguna Azul","DESIG":"Reserva Provincial","DESIG_ENG":"Provincial Reserve","DESIG_TYPE":"National","IUCN_CAT":"VI","INT_CRIT":"Not Applicable","REALM":"Terrestrial","REP_M_AREA":0,"GIS_M_AREA":0,"REP_AREA":0.6,"GIS_AREA":13.0344452128595,"NO_TAKE":"Not Applicable","NO_TK_AREA":0,"STATUS":"Designated","STATUS_YR":2005,"GOV_TYPE":"Not Reported","GOVSUBTYPE":"Not Applicable","OWN_TYPE":"Not Reported","OWNSUBTYPE":"Not Applicable","MANG_AUTH":"Not Reported","MANG_PLAN":"Not Reported","VERIF":"State Verified","METADATAID":1852,"PRNT_ISO3":"ARG","ISO3":"ARG","SUPP_INFO":"Not Applicable","CONS_OBJ":"Not Applicable","INLND_WTRS":"Not Reported","OECM_ASMT":"Not Applicable","layer":"WDPA_W~1"}},{"type":"Feature","geometry":{"type":"Polygon","coordinates":[[[-68.88643,-50.33157],[-68.90563,-50.36386],[-68.88102,-50.35984],[-68.88643,-50.33157]]]},"properties":{"fid":178,"SITE_ID":555587141,"SITE_PID":"555587141","SITE_TYPE":"PA","NAME_ENG":"Isla Monte Leon","NAME":"Isla Monte Leon","DESIG":"Reserva Provincial","DESIG_ENG":"Provincial Reserve","DESIG_TYPE":"National","IUCN_CAT":"VI","INT_CRIT":"Not Applicable","REALM":"Terrestrial","REP_M_AREA":0,"GIS_M_AREA":0.293520241676654,"REP_AREA":4,"GIS_AREA":4.9186656136267,"NO_TAKE":"Not Applicable","NO_TK_AREA":0,"STATUS":"Designated","STATUS_YR":1986,"GOV_TYPE":"Not Reported","GOVSUBTYPE":"Not Applicable","OWN_TYPE":"Not Reported","OWNSUBTYPE":"Not Applicable","MANG_AUTH":"Not Reported","MANG_PLAN":"Not Reported","VERIF":"State Verified","METADATAID":1852,"PRNT_ISO3":"ARG","ISO3":"ARG","SUPP_INFO":"Not Applicable","CONS_OBJ":"Not Applicable","INLND_WTRS":"Not Reported","OECM_ASMT":"Not Applicable","layer":"WDPA_W~1"}},{"type":"Feature","geometry":{"type":"Polygon","coordinates":[[[-67.47096,-46.49475],[-67.45537,-46.50459],[-67.46625,-46.48958],[-67.47096,-46.49475]]]},"properties":{"fid":179,"SITE_ID":555587142,"SITE_PID":"555587142","SITE_TYPE":"PA","NAME_ENG":"Caleta Olivia","NAME":"Caleta Olivia","DESIG":"Reserva Provincial","DESIG_ENG":"Provincial Reserve","DESIG_TYPE":"National","IUCN_CAT":"VI","INT_CRIT":"Not Applicable","REALM":"Marine","REP_M_AREA":0,"GIS_M_AREA":1.02743626414528,"REP_AREA":2,"GIS_AREA":1.02743626414528,"NO_TAKE":"Not Reported","NO_TK_AREA":0,"STATUS":"Designated","STATUS_YR":2008,"GOV_TYPE":"Not Reported","GOVSUBTYPE":"Not Applicable","OWN_TYPE":"Not Reported","OWNSUBTYPE":"Not Applicable","MANG_AUTH":"Not Reported","MANG_PLAN":"Not Reported","VERIF":"State Verified","METADATAID":1852,"PRNT_ISO3":"ARG","ISO3":"ARG","SUPP_INFO":"Not Applicable","CONS_OBJ":"Not Applicable","INLND_WTRS":"Not Applicable","OECM_ASMT":"Not Applicable","layer":"WDPA_W~1"}},{"type":"Feature","geometry":{"type":"Polygon","coordinates":[[[-67.50684,-46.68404],[-67.7618,-46.68208],[-67.90301,-46.64089],[-68.11678,-46.60363],[-68.18739,-46.6154],[-68.23054,-46.64874],[-68.18739,-46.65658],[-68.16189,-46.71934],[-68.19719,-46.73111],[-68.29722,-46.68012],[-68.36782,-46.68993],[-68.45608,-46.65855],[-68.5561,-46.66247],[-68.63651,-46.63305],[-68.68946,-46.64678],[-68.74046,-46.63893],[-68.70908,-46.67031],[-68.72477,-46.68012],[-68.76203,-46.64678],[-68.81106,-46.64874],[-68.82871,-46.63501],[-68.88167,-46.64678],[-68.94246,-46.59775],[-69.04837,-46.57617],[-69.05033,-46.67816],[-68.92089,-46.65658],[-68.78753,-46.70758],[-68.77576,-46.69581],[-68.61101,-46.68796],[-68.40901,-46.78799],[-68.35605,-46.79191],[-68.31879,-46.76837],[-68.2325,-46.7723],[-68.17758,-46.81348],[-68.15797,-46.89193],[-68.04422,-46.939],[-68.0403,-47.00372],[-68.0148,-47.01745],[-67.74219,-47.07433],[-67.65589,-47.07433],[-67.57156,-47.09982],[-67.51664,-47.09198],[-67.50684,-46.68404]]]},"properties":{"fid":180,"SITE_ID":555587143,"SITE_PID":"555587143","SITE_TYPE":"PA","NAME_ENG":"Meseta Espinosa y El Cordon","NAME":"Meseta Espinosa y El Cordon","DESIG":"Reserva Hidrogeologica","DESIG_ENG":"Hydrological Reserve","DESIG_TYPE":"National","IUCN_CAT":"VI","INT_CRIT":"Not Applicable","REALM":"Terrestrial","REP_M_AREA":0,"GIS_M_AREA":0,"REP_AREA":2469.88,"GIS_AREA":2635.01482562483,"NO_TAKE":"Not Applicable","NO_TK_AREA":0,"STATUS":"Designated","STATUS_YR":1990,"GOV_TYPE":"Not Reported","GOVSUBTYPE":"Not Applicable","OWN_TYPE":"Not Reported","OWNSUBTYPE":"Not Applicable","MANG_AUTH":"Not Reported","MANG_PLAN":"Not Reported","VERIF":"State Verified","METADATAID":1852,"PRNT_ISO3":"ARG","ISO3":"ARG","SUPP_INFO":"Not Applicable","CONS_OBJ":"Not Applicable","INLND_WTRS":"Not Reported","OECM_ASMT":"Not Applicable","layer":"WDPA_W~1"}},{"type":"Feature","geometry":{"type":"MultiPolygon","coordinates":[[[[-71.39085,-49.53123],[-71.3957,-49.70964],[-71.25249,-49.71571],[-71.25127,-49.53365],[-71.39085,-49.53123]]],[[[-71.19423,-49.6174],[-71.19666,-49.79824],[-71.11534,-49.8043],[-71.10927,-49.63075],[-71.19423,-49.6174]]]]},"properties":{"fid":181,"SITE_ID":555587144,"SITE_PID":"555587144","SITE_TYPE":"PA","NAME_ENG":"Bosque Petrificado Ea. La Urbana","NAME":"Bosque Petrificado Ea. La Urbana","DESIG":"Reserva Natural Provincial","DESIG_ENG":"Provincial Nature Reserve","DESIG_TYPE":"National","IUCN_CAT":"VI","INT_CRIT":"Not Applicable","REALM":"Terrestrial","REP_M_AREA":0,"GIS_M_AREA":0,"REP_AREA":300.86,"GIS_AREA":320.789282330008,"NO_TAKE":"Not Applicable","NO_TK_AREA":0,"STATUS":"Designated","STATUS_YR":2004,"GOV_TYPE":"Not Reported","GOVSUBTYPE":"Not Applicable","OWN_TYPE":"Not Reported","OWNSUBTYPE":"Not Applicable","MANG_AUTH":"Not Reported","MANG_PLAN":"Not Reported","VERIF":"State Verified","METADATAID":1852,"PRNT_ISO3":"ARG","ISO3":"ARG","SUPP_INFO":"Not Applicable","CONS_OBJ":"Not Applicable","INLND_WTRS":"Not Reported","OECM_ASMT":"Not Applicable","layer":"WDPA_W~1"}},{"type":"Feature","geometry":{"type":"Polygon","coordinates":[[[-55.91176,-27.35933],[-55.90971,-27.36212],[-55.90917,-27.35783],[-55.91176,-27.35933]]]},"properties":{"fid":182,"SITE_ID":555587145,"SITE_PID":"555587145","SITE_TYPE":"PA","NAME_ENG":"Rincon Nazari","NAME":"Rincon Nazari","DESIG":"Reserva Natural Urbana","DESIG_ENG":"Urban Nature Reserve","DESIG_TYPE":"National","IUCN_CAT":"VI","INT_CRIT":"Not Applicable","REALM":"Terrestrial","REP_M_AREA":0,"GIS_M_AREA":0,"REP_AREA":0.1,"GIS_AREA":0.1130837472611,"NO_TAKE":"Not Applicable","NO_TK_AREA":0,"STATUS":"Designated","STATUS_YR":2003,"GOV_TYPE":"Not Reported","GOVSUBTYPE":"Not Applicable","OWN_TYPE":"Not Reported","OWNSUBTYPE":"Not Applicable","MANG_AUTH":"Not Reported","MANG_PLAN":"Not Reported","VERIF":"State Verified","METADATAID":1852,"PRNT_ISO3":"ARG","ISO3":"ARG","SUPP_INFO":"Not Applicable","CONS_OBJ":"Not Applicable","INLND_WTRS":"Not Reported","OECM_ASMT":"Not Applicable","layer":"WDPA_W~1"}},{"type":"Feature","geometry":{"type":"Polygon","coordinates":[[[-55.72338,-27.61761],[-55.71159,-27.6228],[-55.71178,-27.61919],[-55.72338,-27.61761]]]},"properties":{"fid":183,"SITE_ID":555587146,"SITE_PID":"555587146","SITE_TYPE":"PA","NAME_ENG":"Tupa Poja - Lote 71 A","NAME":"Tupa Poja - Lote 71 A","DESIG":"Reserva Privada","DESIG_ENG":"Private Reserve","DESIG_TYPE":"National","IUCN_CAT":"VI","INT_CRIT":"Not Applicable","REALM":"Terrestrial","REP_M_AREA":0,"GIS_M_AREA":0,"REP_AREA":0.49,"GIS_AREA":0.445834854621346,"NO_TAKE":"Not Applicable","NO_TK_AREA":0,"STATUS":"Designated","STATUS_YR":2006,"GOV_TYPE":"Not Reported","GOVSUBTYPE":"Not Applicable","OWN_TYPE":"Not Reported","OWNSUBTYPE":"Not Applicable","MANG_AUTH":"Not Reported","MANG_PLAN":"Not Reported","VERIF":"State Verified","METADATAID":1852,"PRNT_ISO3":"ARG","ISO3":"ARG","SUPP_INFO":"Not Applicable","CONS_OBJ":"Not Applicable","INLND_WTRS":"Not Reported","OECM_ASMT":"Not Applicable","layer":"WDPA_W~1"}},{"type":"Feature","geometry":{"type":"Polygon","coordinates":[[[-69.76819,-32.92439],[-69.51564,-33.0328],[-69.61219,-33.15293],[-69.66088,-33.15268],[-69.66122,-33.19823],[-69.68192,-33.19812],[-69.68206,-33.21604],[-69.74778,-33.19783],[-69.69565,-33.30933],[-69.67841,-33.30525],[-69.6788,-33.35317],[-69.60341,-33.32821],[-69.60337,-33.24495],[-69.53848,-33.24524],[-69.53843,-33.23342],[-69.46363,-33.26791],[-69.33916,-33.10297],[-69.31347,-33.00825],[-69.34295,-33.00518],[-69.37076,-32.96364],[-69.33332,-32.97908],[-69.30147,-32.95444],[-69.30831,-32.81256],[-69.37415,-32.79352],[-69.45193,-32.70157],[-69.48443,-32.67685],[-69.51166,-32.67685],[-69.53844,-32.71253],[-69.54341,-32.71497],[-69.54553,-32.7177],[-69.54693,-32.71928],[-69.55552,-32.72465],[-69.56623,-32.7278],[-69.57637,-32.73532],[-69.57821,-32.74289],[-69.57826,-32.74496],[-69.57821,-32.74818],[-69.57827,-32.75049],[-69.57873,-32.7522],[-69.58504,-32.75877],[-69.58725,-32.75999],[-69.59261,-32.76174],[-69.5984,-32.76405],[-69.5995,-32.76472],[-69.62193,-32.78249],[-69.65381,-32.79179],[-69.68082,-32.81188],[-69.7466,-32.83754],[-69.75217,-32.84181],[-69.75428,-32.84395],[-69.75651,-32.84552],[-69.75735,-32.84643],[-69.76029,-32.84902],[-69.76177,-32.85056],[-69.76686,-32.85453],[-69.77432,-32.87165],[-69.76793,-32.91518],[-69.76819,-32.92439]]]},"properties":{"fid":184,"SITE_ID":555587147,"SITE_PID":"555587147","SITE_TYPE":"PA","NAME_ENG":"Cordon del Plata","NAME":"Cordon del Plata","DESIG":"Parque Provincial","DESIG_ENG":"Provincial Park","DESIG_TYPE":"National","IUCN_CAT":"II","INT_CRIT":"Not Applicable","REALM":"Terrestrial","REP_M_AREA":0,"GIS_M_AREA":0,"REP_AREA":1755,"GIS_AREA":1759.56189327176,"NO_TAKE":"Not Applicable","NO_TK_AREA":0,"STATUS":"Designated","STATUS_YR":2011,"GOV_TYPE":"Not Reported","GOVSUBTYPE":"Not Applicable","OWN_TYPE":"Not Reported","OWNSUBTYPE":"Not Applicable","MANG_AUTH":"Not Reported","MANG_PLAN":"Not Reported","VERIF":"State Verified","METADATAID":1852,"PRNT_ISO3":"ARG","ISO3":"ARG","SUPP_INFO":"Not Applicable","CONS_OBJ":"Not Applicable","INLND_WTRS":"Not Reported","OECM_ASMT":"Not Applicable","layer":"WDPA_W~1"}},{"type":"Feature","geometry":{"type":"Polygon","coordinates":[[[-69.80379,-35.51843],[-69.80396,-35.53549],[-69.78239,-35.53563],[-69.78214,-35.50966],[-69.80379,-35.51843]]]},"properties":{"fid":185,"SITE_ID":555587148,"SITE_PID":"555587148","SITE_TYPE":"PA","NAME_ENG":"Castillos de Pincheira","NAME":"Castillos de Pincheira","DESIG":"Reserva de Paisaje Protegido","DESIG_ENG":"Protected Landscape Reserve","DESIG_TYPE":"National","IUCN_CAT":"V","INT_CRIT":"Not Applicable","REALM":"Terrestrial","REP_M_AREA":0,"GIS_M_AREA":0,"REP_AREA":6.5,"GIS_AREA":4.68897566404837,"NO_TAKE":"Not Applicable","NO_TK_AREA":0,"STATUS":"Designated","STATUS_YR":1999,"GOV_TYPE":"Not Reported","GOVSUBTYPE":"Not Applicable","OWN_TYPE":"Not Reported","OWNSUBTYPE":"Not Applicable","MANG_AUTH":"Not Reported","MANG_PLAN":"Not Reported","VERIF":"State Verified","METADATAID":1852,"PRNT_ISO3":"ARG","ISO3":"ARG","SUPP_INFO":"Not Applicable","CONS_OBJ":"Not Applicable","INLND_WTRS":"Not Reported","OECM_ASMT":"Not Applicable","layer":"WDPA_W~1"}},{"type":"Feature","geometry":{"type":"Polygon","coordinates":[[[-69.91444,-32.82401],[-69.92393,-32.85156],[-69.90795,-32.85384],[-69.89562,-32.82663],[-69.91444,-32.82401]]]},"properties":{"fid":186,"SITE_ID":555587149,"SITE_PID":"555587149","SITE_TYPE":"PA","NAME_ENG":"Puente del Inca","NAME":"Puente del Inca","DESIG":"Monumento Natural","DESIG_ENG":"Nature Monument","DESIG_TYPE":"National","IUCN_CAT":"III","INT_CRIT":"Not Applicable","REALM":"Terrestrial","REP_M_AREA":0,"GIS_M_AREA":0,"REP_AREA":5,"GIS_AREA":5.48867135446558,"NO_TAKE":"Not Applicable","NO_TK_AREA":0,"STATUS":"Designated","STATUS_YR":1991,"GOV_TYPE":"Not Reported","GOVSUBTYPE":"Not Applicable","OWN_TYPE":"Not Reported","OWNSUBTYPE":"Not Applicable","MANG_AUTH":"Not Reported","MANG_PLAN":"Not Reported","VERIF":"State Verified","METADATAID":1852,"PRNT_ISO3":"ARG","ISO3":"ARG","SUPP_INFO":"Not Applicable","CONS_OBJ":"Not Applicable","INLND_WTRS":"Not Reported","OECM_ASMT":"Not Applicable","layer":"WDPA_W~1"}},{"type":"Feature","geometry":{"type":"Polygon","coordinates":[[[-58.16465,-25.98362],[-58.14096,-25.95906],[-58.15602,-25.95337],[-58.17915,-25.97365],[-58.16465,-25.98362]]]},"properties":{"fid":187,"SITE_ID":555587150,"SITE_PID":"555587150","SITE_TYPE":"PA","NAME_ENG":"Centro Biologico Pilaga - Zoo","NAME":"Centro Biologico Pilaga - Zoo","DESIG":"Reserva Provincial","DESIG_ENG":"Provincial Reserve","DESIG_TYPE":"National","IUCN_CAT":"VI","INT_CRIT":"Not Applicable","REALM":"Terrestrial","REP_M_AREA":0,"GIS_M_AREA":0,"REP_AREA":1.5,"GIS_AREA":5.95694173347208,"NO_TAKE":"Not Applicable","NO_TK_AREA":0,"STATUS":"Designated","STATUS_YR":1969,"GOV_TYPE":"Not Reported","GOVSUBTYPE":"Not Applicable","OWN_TYPE":"Not Reported","OWNSUBTYPE":"Not Applicable","MANG_AUTH":"Not Reported","MANG_PLAN":"Not Reported","VERIF":"State Verified","METADATAID":1852,"PRNT_ISO3":"ARG","ISO3":"ARG","SUPP_INFO":"Not Applicable","CONS_OBJ":"Not Applicable","INLND_WTRS":"Not Reported","OECM_ASMT":"Not Applicable","layer":"WDPA_W~1"}},{"type":"Feature","geometry":{"type":"Polygon","coordinates":[[[-68.82588,-35.04142],[-68.79404,-35.06132],[-68.78068,-35.05098],[-68.81096,-34.97948],[-68.83858,-34.96507],[-68.85526,-34.98367],[-68.82588,-35.04142]]]},"properties":{"fid":188,"SITE_ID":555587151,"SITE_PID":"555587151","SITE_TYPE":"PA","NAME_ENG":"Laguna La Salina","NAME":"Laguna La Salina","DESIG":"Reserva Natural","DESIG_ENG":"Nature Reserve","DESIG_TYPE":"National","IUCN_CAT":"VI","INT_CRIT":"Not Applicable","REALM":"Terrestrial","REP_M_AREA":0,"GIS_M_AREA":0,"REP_AREA":35,"GIS_AREA":36.8723621300702,"NO_TAKE":"Not Applicable","NO_TK_AREA":0,"STATUS":"Designated","STATUS_YR":1999,"GOV_TYPE":"Not Reported","GOVSUBTYPE":"Not Applicable","OWN_TYPE":"Not Reported","OWNSUBTYPE":"Not Applicable","MANG_AUTH":"Not Reported","MANG_PLAN":"Not Reported","VERIF":"State Verified","METADATAID":1852,"PRNT_ISO3":"ARG","ISO3":"ARG","SUPP_INFO":"Not Applicable","CONS_OBJ":"Not Applicable","INLND_WTRS":"Not Reported","OECM_ASMT":"Not Applicable","layer":"WDPA_W~1"}},{"type":"Feature","geometry":{"type":"Polygon","coordinates":[[[-67.21617,-33.55672],[-67.0419,-33.59549],[-67.05915,-33.57492],[-67.06605,-33.57534],[-67.06558,-33.57095],[-67.06961,-33.56827],[-67.06977,-33.56638],[-67.06779,-33.56384],[-67.06825,-33.56105],[-67.06179,-33.56384],[-67.0655,-33.55365],[-67.08421,-33.54126],[-67.08714,-33.54173],[-67.08919,-33.54418],[-67.0997,-33.51788],[-67.20422,-33.51785],[-67.21617,-33.55672]]]},"properties":{"fid":189,"SITE_ID":555587152,"SITE_PID":"555587152","SITE_TYPE":"PA","NAME_ENG":"Lote 11 Ñacuñan","NAME":"Lote 11 Ñacuñan","DESIG":"Reserva Forestal","DESIG_ENG":"Forest Reserve","DESIG_TYPE":"National","IUCN_CAT":"Not Reported","INT_CRIT":"Not Applicable","REALM":"Terrestrial","REP_M_AREA":0,"GIS_M_AREA":0,"REP_AREA":76.82,"GIS_AREA":77.5821996440951,"NO_TAKE":"Not Applicable","NO_TK_AREA":0,"STATUS":"Designated","STATUS_YR":1961,"GOV_TYPE":"Not Reported","GOVSUBTYPE":"Not Applicable","OWN_TYPE":"Not Reported","OWNSUBTYPE":"Not Applicable","MANG_AUTH":"Not Reported","MANG_PLAN":"Not Reported","VERIF":"State Verified","METADATAID":1852,"PRNT_ISO3":"ARG","ISO3":"ARG","SUPP_INFO":"Not Applicable","CONS_OBJ":"Not Applicable","INLND_WTRS":"Not Reported","OECM_ASMT":"Not Applicable","layer":"WDPA_W~1"}},{"type":"Feature","geometry":{"type":"Polygon","coordinates":[[[-67.83795,-33.72856],[-67.83692,-33.79206],[-67.71072,-33.78918],[-67.70684,-33.67495],[-67.83879,-33.67644],[-67.83795,-33.72856]]]},"properties":{"fid":190,"SITE_ID":555587153,"SITE_PID":"555587153","SITE_TYPE":"PA","NAME_ENG":"Lote 9 Ñacuñan","NAME":"Lote 9 Ñacuñan","DESIG":"Reserva Forestal","DESIG_ENG":"Forest Reserve","DESIG_TYPE":"National","IUCN_CAT":"Not Reported","INT_CRIT":"Not Applicable","REALM":"Terrestrial","REP_M_AREA":0,"GIS_M_AREA":0,"REP_AREA":195.6,"GIS_AREA":152.452659197669,"NO_TAKE":"Not Applicable","NO_TK_AREA":0,"STATUS":"Designated","STATUS_YR":1961,"GOV_TYPE":"Not Reported","GOVSUBTYPE":"Not Applicable","OWN_TYPE":"Not Reported","OWNSUBTYPE":"Not Applicable","MANG_AUTH":"Not Reported","MANG_PLAN":"Not Reported","VERIF":"State Verified","METADATAID":1852,"PRNT_ISO3":"ARG","ISO3":"ARG","SUPP_INFO":"Not Applicable","CONS_OBJ":"Not Applicable","INLND_WTRS":"Not Reported","OECM_ASMT":"Not Applicable","layer":"WDPA_W~1"}},{"type":"Feature","geometry":{"type":"Polygon","coordinates":[[[-68.68298,-31.52321],[-68.71063,-31.54702],[-68.72983,-31.53243],[-68.72177,-31.56353],[-68.70103,-31.55854],[-68.68298,-31.52321]]]},"properties":{"fid":191,"SITE_ID":555587154,"SITE_PID":"555587154","SITE_TYPE":"PA","NAME_ENG":"Presidente Sarmiento","NAME":"Presidente Sarmiento","DESIG":"Parque Provincial","DESIG_ENG":"Provincial Park","DESIG_TYPE":"National","IUCN_CAT":"II","INT_CRIT":"Not Applicable","REALM":"Terrestrial","REP_M_AREA":0,"GIS_M_AREA":0,"REP_AREA":7.48,"GIS_AREA":9.19519925818523,"NO_TAKE":"Not Applicable","NO_TK_AREA":0,"STATUS":"Designated","STATUS_YR":2005,"GOV_TYPE":"Not Reported","GOVSUBTYPE":"Not Applicable","OWN_TYPE":"Not Reported","OWNSUBTYPE":"Not Applicable","MANG_AUTH":"Not Reported","MANG_PLAN":"Not Reported","VERIF":"State Verified","METADATAID":1852,"PRNT_ISO3":"ARG","ISO3":"ARG","SUPP_INFO":"Not Applicable","CONS_OBJ":"Not Applicable","INLND_WTRS":"Not Reported","OECM_ASMT":"Not Applicable","layer":"WDPA_W~1"}},{"type":"Feature","geometry":{"type":"Polygon","coordinates":[[[-68.65614,-31.45022],[-68.65338,-31.4408],[-68.66455,-31.43259],[-68.68337,-31.44718],[-68.70871,-31.43873],[-68.69873,-31.45064],[-68.72753,-31.46216],[-68.6753,-31.45179],[-68.66954,-31.43835],[-68.65614,-31.45022]]]},"properties":{"fid":192,"SITE_ID":555587155,"SITE_PID":"555587155","SITE_TYPE":"PA","NAME_ENG":"Afloramiento Limoso","NAME":"Afloramiento Limoso","DESIG":"Paisaje Protegido","DESIG_ENG":"Protected Landscape","DESIG_TYPE":"National","IUCN_CAT":"V","INT_CRIT":"Not Applicable","REALM":"Terrestrial","REP_M_AREA":0,"GIS_M_AREA":0,"REP_AREA":12,"GIS_AREA":6.55055208762124,"NO_TAKE":"Not Applicable","NO_TK_AREA":0,"STATUS":"Designated","STATUS_YR":2002,"GOV_TYPE":"Not Reported","GOVSUBTYPE":"Not Applicable","OWN_TYPE":"Not Reported","OWNSUBTYPE":"Not Applicable","MANG_AUTH":"Not Reported","MANG_PLAN":"Not Reported","VERIF":"State Verified","METADATAID":1852,"PRNT_ISO3":"ARG","ISO3":"ARG","SUPP_INFO":"Not Applicable","CONS_OBJ":"Not Applicable","INLND_WTRS":"Not Reported","OECM_ASMT":"Not Applicable","layer":"WDPA_W~1"}},{"type":"Feature","geometry":{"type":"Polygon","coordinates":[[[-68.65614,-31.45022],[-68.63882,-31.50017],[-68.60273,-31.49172],[-68.56779,-31.45832],[-68.57124,-31.43873],[-68.64881,-31.40648],[-68.65338,-31.4408],[-68.65614,-31.45022]]]},"properties":{"fid":193,"SITE_ID":555587156,"SITE_PID":"555587156","SITE_TYPE":"PA","NAME_ENG":"Loma de las Tapias","NAME":"Loma de las Tapias","DESIG":"Parque Natural","DESIG_ENG":"Nature Park","DESIG_TYPE":"National","IUCN_CAT":"V","INT_CRIT":"Not Applicable","REALM":"Terrestrial","REP_M_AREA":0,"GIS_M_AREA":0,"REP_AREA":50,"GIS_AREA":55.81608201487109,"NO_TAKE":"Not Applicable","NO_TK_AREA":0,"STATUS":"Designated","STATUS_YR":2002,"GOV_TYPE":"Not Reported","GOVSUBTYPE":"Not Applicable","OWN_TYPE":"Not Reported","OWNSUBTYPE":"Not Applicable","MANG_AUTH":"Not Reported","MANG_PLAN":"Not Reported","VERIF":"State Verified","METADATAID":1852,"PRNT_ISO3":"ARG","ISO3":"ARG","SUPP_INFO":"Not Applicable","CONS_OBJ":"Not Applicable","INLND_WTRS":"Not Reported","OECM_ASMT":"Not Applicable","layer":"WDPA_W~1"}},{"type":"Feature","geometry":{"type":"Polygon","coordinates":[[[-68.82867,-39.36087],[-68.82766,-39.65319],[-68.66282,-39.78261],[-68.44623,-39.70806],[-68.39752,-39.14091],[-68.19129,-39.03991],[-68.18904,-38.97493],[-68.23163,-38.99454],[-68.30113,-38.98125],[-68.30743,-38.99491],[-68.54077,-39.08029],[-68.57354,-39.10452],[-68.5715,-39.12854],[-68.65627,-39.1784],[-68.65197,-39.21531],[-68.73778,-39.27054],[-68.81412,-39.2835],[-68.82867,-39.36087]]]},"properties":{"fid":194,"SITE_ID":555587157,"SITE_PID":"555587157","SITE_TYPE":"PA","NAME_ENG":"Valle Cretacico","NAME":"Valle Cretacico","DESIG":"Paisaje Protegido","DESIG_ENG":"Protected Landscape","DESIG_TYPE":"National","IUCN_CAT":"V","INT_CRIT":"Not Applicable","REALM":"Terrestrial","REP_M_AREA":0,"GIS_M_AREA":0,"REP_AREA":2410.99,"GIS_AREA":2407.30252261579,"NO_TAKE":"Not Applicable","NO_TK_AREA":0,"STATUS":"Designated","STATUS_YR":1993,"GOV_TYPE":"Not Reported","GOVSUBTYPE":"Not Applicable","OWN_TYPE":"Not Reported","OWNSUBTYPE":"Not Applicable","MANG_AUTH":"Not Reported","MANG_PLAN":"Not Reported","VERIF":"State Verified","METADATAID":1852,"PRNT_ISO3":"ARG","ISO3":"ARG","SUPP_INFO":"Not Applicable","CONS_OBJ":"Not Applicable","INLND_WTRS":"Not Reported","OECM_ASMT":"Not Applicable","layer":"WDPA_W~1"}},{"type":"Feature","geometry":{"type":"Polygon","coordinates":[[[-66.19692,-40.64659],[-66.18304,-40.66972],[-66.17842,-40.66046],[-66.19692,-40.64659]]]},"properties":{"fid":195,"SITE_ID":555587158,"SITE_PID":"555587158","SITE_TYPE":"PA","NAME_ENG":"Bosque Petrificado Valcheta","NAME":"Bosque Petrificado Valcheta","DESIG":"Monumento Natural","DESIG_ENG":"Nature Monument","DESIG_TYPE":"National","IUCN_CAT":"VI","INT_CRIT":"Not Applicable","REALM":"Terrestrial","REP_M_AREA":0,"GIS_M_AREA":0,"REP_AREA":1.66,"GIS_AREA":1.64117902356131,"NO_TAKE":"Not Applicable","NO_TK_AREA":0,"STATUS":"Designated","STATUS_YR":2002,"GOV_TYPE":"Not Reported","GOVSUBTYPE":"Not Applicable","OWN_TYPE":"Not Reported","OWNSUBTYPE":"Not Applicable","MANG_AUTH":"Not Reported","MANG_PLAN":"Not Reported","VERIF":"State Verified","METADATAID":1852,"PRNT_ISO3":"ARG","ISO3":"ARG","SUPP_INFO":"Not Applicable","CONS_OBJ":"Not Applicable","INLND_WTRS":"Not Reported","OECM_ASMT":"Not Applicable","layer":"WDPA_W~1"}},{"type":"Feature","geometry":{"type":"Polygon","coordinates":[[[-61.92419,-25.40753],[-61.92569,-25.49336],[-61.81051,-25.4933],[-61.80954,-25.47053],[-61.76844,-25.47077],[-61.76961,-25.49372],[-61.71073,-25.4932],[-61.70925,-25.41098],[-61.92419,-25.40753]]]},"properties":{"fid":196,"SITE_ID":555587159,"SITE_PID":"555587159","SITE_TYPE":"PA","NAME_ENG":"Loro Hablador","NAME":"Loro Hablador","DESIG":"Reserva Provincial","DESIG_ENG":"Provincial Reserve","DESIG_TYPE":"National","IUCN_CAT":"IV","INT_CRIT":"Not Applicable","REALM":"Terrestrial","REP_M_AREA":0,"GIS_M_AREA":0,"REP_AREA":175,"GIS_AREA":190.861778238386,"NO_TAKE":"Not Applicable","NO_TK_AREA":0,"STATUS":"Designated","STATUS_YR":1998,"GOV_TYPE":"Not Reported","GOVSUBTYPE":"Not Applicable","OWN_TYPE":"Not Reported","OWNSUBTYPE":"Not Applicable","MANG_AUTH":"Not Reported","MANG_PLAN":"Not Reported","VERIF":"State Verified","METADATAID":1852,"PRNT_ISO3":"ARG","ISO3":"ARG","SUPP_INFO":"Not Applicable","CONS_OBJ":"Not Applicable","INLND_WTRS":"Not Reported","OECM_ASMT":"Not Applicable","layer":"WDPA_W~1"}},{"type":"Feature","geometry":{"type":"Polygon","coordinates":[[[-59.25251,-29.09861],[-59.24336,-29.08483],[-59.30108,-29.11938],[-59.2905,-29.15026],[-59.25251,-29.09861]]]},"properties":{"fid":197,"SITE_ID":555587160,"SITE_PID":"555587160","SITE_TYPE":"PA","NAME_ENG":"Isla de Las Damas","NAME":"Isla de Las Damas","DESIG":"Reserva Natural Municipal","DESIG_ENG":"Municipal Nature Reserve","DESIG_TYPE":"National","IUCN_CAT":"VI","INT_CRIT":"Not Applicable","REALM":"Terrestrial","REP_M_AREA":0,"GIS_M_AREA":0,"REP_AREA":22,"GIS_AREA":15.0630371380903,"NO_TAKE":"Not Applicable","NO_TK_AREA":0,"STATUS":"Designated","STATUS_YR":2006,"GOV_TYPE":"Not Reported","GOVSUBTYPE":"Not Applicable","OWN_TYPE":"Not Reported","OWNSUBTYPE":"Not Applicable","MANG_AUTH":"Not Reported","MANG_PLAN":"Not Reported","VERIF":"State Verified","METADATAID":1852,"PRNT_ISO3":"ARG","ISO3":"ARG","SUPP_INFO":"Not Applicable","CONS_OBJ":"Not Applicable","INLND_WTRS":"Not Reported","OECM_ASMT":"Not Applicable","layer":"WDPA_W~1"}},{"type":"Feature","geometry":{"type":"Polygon","coordinates":[[[-58.59672,-27.23451],[-58.59971,-27.22293],[-58.61286,-27.21476],[-58.62626,-27.23729],[-58.68706,-27.22116],[-58.6898,-27.23338],[-58.64281,-27.2646],[-58.65083,-27.28522],[-58.67729,-27.29436],[-58.69022,-27.25512],[-58.71861,-27.24584],[-58.71059,-27.30152],[-58.76466,-27.31782],[-58.77357,-27.36805],[-58.7151,-27.36433],[-58.61594,-27.29662],[-58.59672,-27.23451]],[[-58.72746,-27.33703],[-58.71193,-27.34045],[-58.71911,-27.35155],[-58.74383,-27.34038],[-58.72536,-27.32672],[-58.72746,-27.33703]]]},"properties":{"fid":198,"SITE_ID":555587161,"SITE_PID":"555587161","SITE_TYPE":"PA","NAME_ENG":"Isla Del Cerrito","NAME":"Isla Del Cerrito","DESIG":"Parque Provincial","DESIG_ENG":"Provincial Park","DESIG_TYPE":"National","IUCN_CAT":"IV","INT_CRIT":"Not Applicable","REALM":"Terrestrial","REP_M_AREA":0,"GIS_M_AREA":0,"REP_AREA":116.4,"GIS_AREA":109.11942741701,"NO_TAKE":"Not Applicable","NO_TK_AREA":0,"STATUS":"Designated","STATUS_YR":2004,"GOV_TYPE":"Not Reported","GOVSUBTYPE":"Not Applicable","OWN_TYPE":"Not Reported","OWNSUBTYPE":"Not Applicable","MANG_AUTH":"Not Reported","MANG_PLAN":"Not Reported","VERIF":"State Verified","METADATAID":1852,"PRNT_ISO3":"ARG","ISO3":"ARG","SUPP_INFO":"Not Applicable","CONS_OBJ":"Not Applicable","INLND_WTRS":"Not Reported","OECM_ASMT":"Not Applicable","layer":"WDPA_W~1"}},{"type":"Feature","geometry":{"type":"MultiPolygon","coordinates":[[[[-69.20547,-28.69444],[-69.20435,-28.69359],[-69.20316,-28.69267],[-69.20298,-28.69121],[-69.20442,-28.6873],[-69.20601,-28.6865],[-69.20665,-28.68533],[-69.20844,-28.68437],[-69.20978,-28.68182],[-69.20986,-28.6806],[-69.20932,-28.67976],[-69.20831,-28.67997],[-69.2073,-28.68033],[-69.20673,-28.68039],[-69.20644,-28.67963],[-69.20725,-28.67879],[-69.2097,-28.67811],[-69.20999,-28.67731],[-69.20832,-28.67107],[-69.20849,-28.67031],[-69.21049,-28.66942],[-69.2113,-28.66785],[-69.2111,-28.66699],[-69.21046,-28.66638],[-69.20978,-28.66568],[-69.20986,-28.66489],[-69.21057,-28.66405],[-69.2118,-28.66399],[-69.21226,-28.66471],[-69.21281,-28.66462],[-69.21148,-28.65949],[-69.21266,-28.65929],[-69.21342,-28.65887],[-69.21364,-28.6582],[-69.21293,-28.65744],[-69.21286,-28.65672],[-69.21334,-28.65639],[-69.21405,-28.65472],[-69.21447,-28.65474],[-69.21624,-28.65308],[-69.21785,-28.64822],[-69.21705,-28.64642],[-69.21626,-28.64559],[-69.21628,-28.64518],[-69.21729,-28.64408],[-69.21738,-28.64349],[-69.21733,-28.64236],[-69.21749,-28.64135],[-69.21586,-28.64002],[-69.216,-28.63879],[-69.2153,-28.63841],[-69.21485,-28.6377],[-69.2139,-28.63309],[-69.21415,-28.63191],[-69.21504,-28.6303],[-69.21522,-28.6291],[-69.21406,-28.62578],[-69.21539,-28.62406],[-69.21495,-28.61878],[-69.21693,-28.61654],[-69.21659,-28.60661],[-69.21584,-28.60561],[-69.21471,-28.60506],[-69.21424,-28.60422],[-69.21433,-28.60352],[-69.21234,-28.60216],[-69.21113,-28.6016],[-69.21017,-28.60116],[-69.20773,-28.60021],[-69.20569,-28.60025],[-69.2024,-28.59645],[-69.20529,-28.59169],[-69.20886,-28.58604],[-69.21232,-28.57992],[-69.21729,-28.57244],[-69.2209,-28.56663],[-69.22351,-28.56258],[-69.22873,-28.55343],[-69.24149,-28.53282],[-69.24724,-28.5229],[-69.25466,-28.51157],[-69.26048,-28.50387],[-69.26792,-28.49146],[-69.27371,-28.47905],[-69.28943,-28.45423],[-69.31625,-28.4117],[-69.32433,-28.4237],[-69.32872,-28.42669],[-69.3314,-28.42886],[-69.34459,-28.43578],[-69.34889,-28.43709],[-69.35055,-28.43839],[-69.35578,-28.44004],[-69.36103,-28.44008],[-69.37596,-28.44862],[-69.4245,-28.45183],[-69.42667,-28.45148],[-69.42961,-28.45071],[-69.43247,-28.45001],[-69.4362,-28.44803],[-69.44065,-28.44421],[-69.44184,-28.44249],[-69.44499,-28.44058],[-69.44543,-28.43937],[-69.4473,-28.43858],[-69.44907,-28.43834],[-69.45113,-28.43716],[-69.45855,-28.42972],[-69.45952,-28.42452],[-69.46186,-28.42134],[-69.46344,-28.42047],[-69.46565,-28.41843],[-69.46871,-28.41592],[-69.46997,-28.41527],[-69.47119,-28.41559],[-69.4732,-28.41553],[-69.4759,-28.41568],[-69.47843,-28.41591],[-69.47935,-28.41607],[-69.48029,-28.41603],[-69.4817,-28.41592],[-69.4882,-28.41379],[-69.48963,-28.41472],[-69.49172,-28.41574],[-69.4932,-28.41649],[-69.49789,-28.41641],[-69.50039,-28.41766],[-69.50145,-28.41846],[-69.50311,-28.4202],[-69.50438,-28.42138],[-69.5061,-28.42222],[-69.50792,-28.42403],[-69.50812,-28.42546],[-69.50774,-28.4269],[-69.5097,-28.4308],[-69.51317,-28.43177],[-69.51611,-28.43188],[-69.5189,-28.43121],[-69.52193,-28.43011],[-69.52492,-28.4284],[-69.52626,-28.42674],[-69.52817,-28.42327],[-69.53039,-28.42126],[-69.53303,-28.41953],[-69.53661,-28.4161],[-69.5381,-28.41583],[-69.54079,-28.41565],[-69.54217,-28.41534],[-69.54337,-28.41498],[-69.54622,-28.41314],[-69.55351,-28.40656],[-69.55513,-28.40601],[-69.55654,-28.40556],[-69.55913,-28.40611],[-69.56031,-28.40639],[-69.57067,-28.40535],[-69.6062,-28.41928],[-69.63273,-28.39077],[-69.64922,-28.39728],[-69.65587,-28.41494],[-69.63253,-28.42987],[-69.68023,-28.47219],[-69.64931,-28.53842],[-69.66938,-28.55522],[-69.66176,-28.58313],[-69.69387,-28.59598],[-69.70051,-28.63907],[-69.73159,-28.68439],[-69.72962,-28.73765],[-69.69302,-28.77118],[-69.76636,-28.9003],[-69.75488,-28.98479],[-69.79202,-29.05011],[-69.78535,-29.12933],[-69.87532,-29.13887],[-69.92303,-29.1867],[-69.95181,-29.18959],[-69.935,-29.246],[-69.99526,-29.28268],[-70.0194,-29.32411],[-70.02079,-29.3824],[-69.96527,-29.41404],[-69.98241,-29.45192],[-69.94782,-29.48967],[-69.95622,-29.53519],[-69.93137,-29.58711],[-69.9392,-29.65467],[-69.90876,-29.6985],[-69.88066,-29.70804],[-69.87876,-29.73495],[-69.91507,-29.79301],[-69.89323,-29.8204],[-69.89779,-29.84893],[-69.87539,-29.86216],[-69.89551,-29.87865],[-69.88702,-29.90356],[-69.90575,-29.93955],[-69.19048,-29.5624],[-69.18961,-29.54772],[-69.19092,-29.54264],[-69.17994,-29.53628],[-69.17965,-29.52935],[-69.17128,-29.51491],[-69.15915,-29.48111],[-69.1629,-29.45829],[-69.15354,-29.43735],[-69.14702,-29.43548],[-69.14239,-29.43605],[-69.11553,-29.3416],[-69.09185,-29.31647],[-69.09117,-29.24595],[-69.08091,-29.21006],[-69.08296,-29.1834],[-69.08091,-29.16904],[-69.08501,-29.14853],[-69.07681,-29.127],[-69.08542,-29.10567],[-69.11085,-29.06383],[-69.13511,-29.05502],[-69.12726,-29.04661],[-69.14531,-29.04086],[-69.15515,-29.04332],[-69.17238,-29.02446],[-69.17566,-29.01461],[-69.19125,-29.01297],[-69.20847,-28.9859],[-69.19617,-28.95473],[-69.16664,-28.93504],[-69.14695,-28.8768],[-69.17156,-28.83086],[-69.15269,-28.79312],[-69.15983,-28.76428],[-69.16782,-28.75321],[-69.17078,-28.73635],[-69.18185,-28.72724],[-69.18155,-28.72218],[-69.18921,-28.71986],[-69.1904,-28.71934],[-69.19178,-28.71841],[-69.19874,-28.70959],[-69.20485,-28.69575],[-69.20546,-28.69527],[-69.20546,-28.69529],[-69.20546,-28.69527],[-69.20547,-28.69527],[-69.20547,-28.69518],[-69.20551,-28.69437],[-69.20547,-28.69515],[-69.20547,-28.69444]]],[[[-69.20546,-28.69527],[-69.20546,-28.69527],[-69.20547,-28.69515],[-69.20547,-28.69518],[-69.20546,-28.69527],[-69.20546,-28.69527]]]]},"properties":{"fid":199,"SITE_ID":555587162,"SITE_PID":"555587162","SITE_TYPE":"PA","NAME_ENG":"San Guillermo","NAME":"San Guillermo","DESIG":"Parque Provincial","DESIG_ENG":"Provincial Park","DESIG_TYPE":"National","IUCN_CAT":"II","INT_CRIT":"Not Applicable","REALM":"Terrestrial","REP_M_AREA":0,"GIS_M_AREA":0,"REP_AREA":8114.6,"GIS_AREA":9458.61523274869,"NO_TAKE":"Not Applicable","NO_TK_AREA":0,"STATUS":"Designated","STATUS_YR":1972,"GOV_TYPE":"Not Reported","GOVSUBTYPE":"Not Applicable","OWN_TYPE":"Not Reported","OWNSUBTYPE":"Not Applicable","MANG_AUTH":"Not Reported","MANG_PLAN":"Not Reported","VERIF":"State Verified","METADATAID":1852,"PRNT_ISO3":"ARG","ISO3":"ARG","SUPP_INFO":"Not Applicable","CONS_OBJ":"Not Applicable","INLND_WTRS":"Not Reported","OECM_ASMT":"Not Applicable","layer":"WDPA_W~1"}},{"type":"Feature","geometry":{"type":"Polygon","coordinates":[[[-65.37171,-24.43996],[-65.35192,-24.49724],[-65.28637,-24.5108],[-65.18804,-24.45314],[-65.20592,-24.37513],[-65.22678,-24.37174],[-65.35192,-24.3853],[-65.37171,-24.39535],[-65.37171,-24.43996]]]},"properties":{"fid":200,"SITE_ID":555587163,"SITE_PID":"555587163","SITE_TYPE":"PA","NAME_ENG":"Los Diques","NAME":"Los Diques","DESIG":"Reserva Provincial","DESIG_ENG":"Provincial Reserve","DESIG_TYPE":"National","IUCN_CAT":"VI","INT_CRIT":"Not Applicable","REALM":"Terrestrial","REP_M_AREA":0,"GIS_M_AREA":0,"REP_AREA":265.5,"GIS_AREA":216.132142199719,"NO_TAKE":"Not Applicable","NO_TK_AREA":0,"STATUS":"Designated","STATUS_YR":1983,"GOV_TYPE":"Not Reported","GOVSUBTYPE":"Not Applicable","OWN_TYPE":"Not Reported","OWNSUBTYPE":"Not Applicable","MANG_AUTH":"Not Reported","MANG_PLAN":"Not Reported","VERIF":"State Verified","METADATAID":1852,"PRNT_ISO3":"ARG","ISO3":"ARG","SUPP_INFO":"Not Applicable","CONS_OBJ":"Not Applicable","INLND_WTRS":"Not Reported","OECM_ASMT":"Not Applicable","layer":"WDPA_W~1"}},{"type":"Feature","geometry":{"type":"MultiPolygon","coordinates":[[[[-63.94494,-22.20735],[-63.94293,-22.14994],[-64.00527,-22.15065],[-64.03502,-22.19679],[-64.02881,-22.20966],[-63.94519,-22.20757],[-63.94962,-22.27691],[-63.8947,-22.27635],[-63.89591,-22.20893],[-63.94494,-22.20735]]],[[[-63.87108,-22.15136],[-63.87301,-22.20932],[-63.81276,-22.20608],[-63.81536,-22.14998],[-63.87108,-22.15136]]],[[[-63.88861,-22.0567],[-63.88771,-22.10985],[-63.8097,-22.10825],[-63.80833,-21.99811],[-63.88972,-21.99813],[-63.88861,-22.0567]]],[[[-63.81513,-22.15019],[-63.81254,-22.20629],[-63.77769,-22.20499],[-63.77941,-22.14952],[-63.81513,-22.15019]]]]},"properties":{"fid":201,"SITE_ID":555587165,"SITE_PID":"555587165","SITE_TYPE":"PA","NAME_ENG":"Lotes 1703-1704-4325-4326-4336-19866","NAME":"Lotes 1703-1704-4325-4326-4336-19866","DESIG":"Reserva de Uso Múltiple","DESIG_ENG":"Multiple Use Reserve","DESIG_TYPE":"National","IUCN_CAT":"VI","INT_CRIT":"Not Applicable","REALM":"Terrestrial","REP_M_AREA":0,"GIS_M_AREA":0,"REP_AREA":250.31,"GIS_AREA":253.523744370773,"NO_TAKE":"Not Applicable","NO_TK_AREA":0,"STATUS":"Designated","STATUS_YR":2004,"GOV_TYPE":"Not Reported","GOVSUBTYPE":"Not Applicable","OWN_TYPE":"Not Reported","OWNSUBTYPE":"Not Applicable","MANG_AUTH":"Not Reported","MANG_PLAN":"Not Reported","VERIF":"State Verified","METADATAID":1852,"PRNT_ISO3":"ARG","ISO3":"ARG","SUPP_INFO":"Not Applicable","CONS_OBJ":"Not Applicable","INLND_WTRS":"Not Reported","OECM_ASMT":"Not Applicable","layer":"WDPA_W~1"}},{"type":"Feature","geometry":{"type":"Polygon","coordinates":[[[-64.01259,-22.35558],[-64.01611,-22.33539],[-64.10413,-22.33399],[-64.12296,-22.40159],[-64.02176,-22.40509],[-64.01259,-22.35558]]]},"properties":{"fid":202,"SITE_ID":555587166,"SITE_PID":"555587166","SITE_TYPE":"PA","NAME_ENG":"Fracciones 50 y 51 del Lote Fiscal 3","NAME":"Fracciones 50 y 51 del Lote Fiscal 3","DESIG":"Reserva Natural de Uso Múltiple","DESIG_ENG":"Multiple Use Nature Reserve","DESIG_TYPE":"National","IUCN_CAT":"VI","INT_CRIT":"Not Applicable","REALM":"Terrestrial","REP_M_AREA":0,"GIS_M_AREA":0,"REP_AREA":78.81,"GIS_AREA":76.2151303120421,"NO_TAKE":"Not Applicable","NO_TK_AREA":0,"STATUS":"Designated","STATUS_YR":2002,"GOV_TYPE":"Not Reported","GOVSUBTYPE":"Not Applicable","OWN_TYPE":"Not Reported","OWNSUBTYPE":"Not Applicable","MANG_AUTH":"Not Reported","MANG_PLAN":"Not Reported","VERIF":"State Verified","METADATAID":1852,"PRNT_ISO3":"ARG","ISO3":"ARG","SUPP_INFO":"Not Applicable","CONS_OBJ":"Not Applicable","INLND_WTRS":"Not Reported","OECM_ASMT":"Not Applicable","layer":"WDPA_W~1"}},{"type":"Feature","geometry":{"type":"Polygon","coordinates":[[[-56.72916,-27.62219],[-56.66072,-27.56509],[-56.73576,-27.60509],[-56.72916,-27.62219]]]},"properties":{"fid":203,"SITE_ID":555587167,"SITE_PID":"555587167","SITE_TYPE":"PA","NAME_ENG":"Zanjon de Loreto","NAME":"Zanjon de Loreto","DESIG":"Reserva Natural Urbana de Uso Múltiple","DESIG_ENG":"Urban Multiple Use Nature Reserve","DESIG_TYPE":"National","IUCN_CAT":"VI","INT_CRIT":"Not Applicable","REALM":"Terrestrial","REP_M_AREA":0,"GIS_M_AREA":0,"REP_AREA":10.6,"GIS_AREA":12.1420462797072,"NO_TAKE":"Not Applicable","NO_TK_AREA":0,"STATUS":"Designated","STATUS_YR":2013,"GOV_TYPE":"Not Reported","GOVSUBTYPE":"Not Applicable","OWN_TYPE":"Not Reported","OWNSUBTYPE":"Not Applicable","MANG_AUTH":"Not Reported","MANG_PLAN":"Not Reported","VERIF":"State Verified","METADATAID":1852,"PRNT_ISO3":"ARG","ISO3":"ARG","SUPP_INFO":"Not Applicable","CONS_OBJ":"Not Applicable","INLND_WTRS":"Not Reported","OECM_ASMT":"Not Applicable","layer":"WDPA_W~1"}},{"type":"Feature","geometry":{"type":"Polygon","coordinates":[[[-63.56269,-42.00355],[-64.19849,-42.00239],[-64.75105,-42.00209],[-64.76402,-42.00025],[-65.01915,-42.00025],[-65.01929,-41.9998],[-65.06926,-41.9998],[-65.06925,-41.9997],[-65.11877,-41.99941],[-65.28682,-41.99946],[-65.30016,-42.01177],[-65.29515,-42.02553],[-65.29015,-42.11557],[-65.26889,-42.13558],[-65.23137,-42.16934],[-65.20386,-42.21186],[-65.19886,-42.23938],[-65.19636,-42.30441],[-65.19386,-42.32191],[-65.19636,-42.32817],[-65.08195,-42.60787],[-65.09767,-42.67616],[-65.20969,-42.67911],[-65.20085,-42.84567],[-65.16941,-42.8211],[-65.13673,-42.8367],[-65.17602,-43.02329],[-65.26902,-43.13738],[-65.2997,-43.23134],[-65.25047,-43.27704],[-65.31926,-43.35909],[-65.23377,-43.34484],[-65.08009,-43.42305],[-65.17519,-43.51029],[-64.88752,-43.51029],[-64.84819,-43.41316],[-64.66491,-43.33071],[-64.39374,-43.25388],[-64.19193,-43.1469],[-64.13786,-43.07766],[-63.67294,-43.00561],[-63.59407,-42.97544],[-63.48072,-42.90125],[-63.43739,-42.83641],[-63.42715,-42.73047],[-63.38647,-42.62786],[-63.40863,-42.42618],[-63.39814,-42.33014],[-63.43285,-42.2063],[-63.56269,-42.00355]]]},"properties":{"fid":204,"SITE_ID":555587168,"SITE_PID":"555587168","SITE_TYPE":"PA","NAME_ENG":"Valdés","NAME":"Valdés","DESIG":"Reserva de la Biósfera","DESIG_ENG":"UNESCO-MAB Biosphere Reserve","DESIG_TYPE":"International","IUCN_CAT":"Not Applicable","INT_CRIT":"Not Applicable","REALM":"Coastal","REP_M_AREA":0,"GIS_M_AREA":10101.80041587,"REP_AREA":21379,"GIS_AREA":19482.0662069212,"NO_TAKE":"Not Reported","NO_TK_AREA":0,"STATUS":"Designated","STATUS_YR":2014,"GOV_TYPE":"Not Reported","GOVSUBTYPE":"Not Applicable","OWN_TYPE":"Not Reported","OWNSUBTYPE":"Not Applicable","MANG_AUTH":"Not Reported","MANG_PLAN":"Not Reported","VERIF":"State Verified","METADATAID":1852,"PRNT_ISO3":"ARG","ISO3":"ARG","SUPP_INFO":"Not Applicable","CONS_OBJ":"Not Applicable","INLND_WTRS":"Not Reported","OECM_ASMT":"Not Applicable","layer":"WDPA_W~1"}},{"type":"Feature","geometry":{"type":"Polygon","coordinates":[[[-71.35763,-39.11215],[-71.36166,-39.11256],[-71.38162,-39.11473],[-71.38743,-39.11446],[-71.39607,-39.11734],[-71.39763,-39.11888],[-71.41746,-39.13002],[-71.41685,-39.1309],[-71.41522,-39.14541],[-71.41804,-39.14747],[-71.41935,-39.15271],[-71.41915,-39.15296],[-71.41397,-39.16171],[-71.40015,-39.1699],[-71.40015,-39.17057],[-71.39715,-39.17739],[-71.39763,-39.17887],[-71.39848,-39.18699],[-71.3946,-39.19432],[-71.38524,-39.20535],[-71.39167,-39.2185],[-71.39082,-39.2225],[-71.38561,-39.2362],[-71.38258,-39.23895],[-71.38519,-39.24495],[-71.38704,-39.24712],[-71.39242,-39.25056],[-71.3907,-39.25286],[-71.38867,-39.26534],[-71.37815,-39.26804],[-71.37512,-39.27564],[-71.38711,-39.28648],[-71.38854,-39.28782],[-71.39099,-39.31085],[-71.39391,-39.32215],[-71.3953,-39.34221],[-71.40603,-39.35251],[-71.41167,-39.35433],[-71.41582,-39.36024],[-71.42754,-39.3653],[-71.43278,-39.37036],[-71.43286,-39.37107],[-71.44303,-39.36924],[-71.44748,-39.37142],[-71.45633,-39.37002],[-71.45734,-39.37399],[-71.45496,-39.3862],[-71.45493,-39.38878],[-71.45181,-39.39275],[-71.44554,-39.4059],[-71.44606,-39.40958],[-71.45645,-39.41264],[-71.46027,-39.4135],[-71.4632,-39.41772],[-71.46417,-39.41953],[-71.45048,-39.42704],[-71.45578,-39.45135],[-71.46139,-39.45398],[-71.46178,-39.4541],[-71.46932,-39.47913],[-71.47188,-39.48893],[-71.47231,-39.48948],[-71.48107,-39.49424],[-71.50317,-39.50093],[-71.50573,-39.50167],[-71.50977,-39.50266],[-71.51474,-39.50309],[-71.5193,-39.50636],[-71.53004,-39.51996],[-71.53032,-39.52491],[-71.5343,-39.52945],[-71.52891,-39.53927],[-71.5149,-39.5451],[-71.51217,-39.54751],[-71.5111,-39.54917],[-71.50986,-39.554],[-71.49371,-39.556],[-71.49287,-39.55557],[-71.47826,-39.55236],[-71.46856,-39.55726],[-71.46752,-39.55877],[-71.47362,-39.57604],[-71.46624,-39.58729],[-71.47079,-39.59123],[-71.48658,-39.61131],[-71.49668,-39.61892],[-71.49873,-39.6267],[-71.50161,-39.63717],[-71.50797,-39.63397],[-71.51056,-39.63176],[-71.52609,-39.6266],[-71.54804,-39.6247],[-71.56001,-39.62881],[-71.56148,-39.63035],[-71.56738,-39.63439],[-71.56791,-39.63456],[-71.58739,-39.6319],[-71.58973,-39.63042],[-71.60687,-39.62711],[-71.61601,-39.60731],[-71.61635,-39.60335],[-71.62306,-39.59721],[-71.6613,-39.57731],[-71.68503,-39.56918],[-71.68959,-39.57705],[-71.69048,-39.58239],[-71.69836,-39.58695],[-71.69753,-39.62853],[-71.70082,-39.63321],[-71.71298,-39.63309],[-71.71575,-39.63923],[-71.71574,-39.64721],[-71.70961,-39.65116],[-71.70624,-39.65308],[-71.69138,-39.67123],[-71.68875,-39.67691],[-71.6713,-39.68067],[-71.67433,-39.6921],[-71.67732,-39.69263],[-71.67978,-39.69335],[-71.68697,-39.69267],[-71.69157,-39.6957],[-71.70406,-39.69614],[-71.70229,-39.6997],[-71.69453,-39.70802],[-71.70087,-39.71347],[-71.70269,-39.71592],[-71.71232,-39.72501],[-71.70839,-39.7346],[-71.70362,-39.74268],[-71.69813,-39.74904],[-71.68331,-39.7641],[-71.68257,-39.76458],[-71.68519,-39.77533],[-71.68584,-39.77637],[-71.68348,-39.80124],[-71.68199,-39.80181],[-71.67385,-39.80473],[-71.67809,-39.81089],[-71.68257,-39.81754],[-71.69061,-39.83803],[-71.69033,-39.84316],[-71.68047,-39.8592],[-71.65817,-39.85778],[-71.64348,-39.85357],[-71.63369,-39.88202],[-71.61282,-39.87474],[-71.59601,-39.89175],[-71.59606,-39.8962],[-71.59379,-39.89729],[-71.59358,-39.89915],[-71.59297,-39.89997],[-71.59267,-39.90149],[-71.59276,-39.90199],[-71.59299,-39.90231],[-71.59333,-39.90265],[-71.59372,-39.90302],[-71.5941,-39.9034],[-71.59433,-39.90358],[-71.59475,-39.90363],[-71.59524,-39.90395],[-71.59574,-39.90411],[-71.59617,-39.9044],[-71.59656,-39.90752],[-71.59594,-39.90927],[-71.59288,-39.91131],[-71.59285,-39.91174],[-71.59442,-39.91308],[-71.59697,-39.9134],[-71.60131,-39.91563],[-71.60192,-39.91597],[-71.60226,-39.91622],[-71.60274,-39.91658],[-71.60287,-39.91713],[-71.59797,-39.92674],[-71.59826,-39.92867],[-71.59824,-39.92904],[-71.59815,-39.92949],[-71.61476,-39.93751],[-71.61903,-39.93531],[-71.62108,-39.93667],[-71.62349,-39.93719],[-71.62401,-39.93758],[-71.62453,-39.93781],[-71.62499,-39.93806],[-71.62549,-39.93838],[-71.61543,-39.95801],[-71.62,-39.97294],[-71.62433,-39.97644],[-71.63264,-39.96873],[-71.63927,-39.96881],[-71.64478,-39.97036],[-71.64897,-39.97051],[-71.65593,-39.98254],[-71.66568,-39.99804],[-71.67087,-40.00075],[-71.67414,-40.02326],[-71.67664,-40.02692],[-71.68915,-40.03552],[-71.66622,-40.07346],[-71.67368,-40.08037],[-71.67368,-40.08128],[-71.67383,-40.08243],[-71.67371,-40.08331],[-71.67322,-40.08388],[-71.66853,-40.088],[-71.66722,-40.088],[-71.6668,-40.08828],[-71.66646,-40.08861],[-71.66768,-40.09376],[-71.66977,-40.09885],[-71.67092,-40.10049],[-71.67213,-40.10094],[-71.67283,-40.10088],[-71.67331,-40.10088],[-71.67343,-40.10106],[-71.67307,-40.10137],[-71.67265,-40.10158],[-71.6724,-40.10179],[-71.67228,-40.10221],[-71.67261,-40.10327],[-71.67549,-40.10567],[-71.68071,-40.10839],[-71.69007,-40.11018],[-71.69061,-40.11051],[-71.69085,-40.11091],[-71.69113,-40.11139],[-71.69095,-40.11227],[-71.68931,-40.11252],[-71.68858,-40.11297],[-71.68849,-40.11324],[-71.68846,-40.11357],[-71.68982,-40.11542],[-71.69749,-40.11727],[-71.71334,-40.10952],[-71.72028,-40.1097],[-71.73139,-40.10249],[-71.77166,-40.08976],[-71.78711,-40.08946],[-71.79972,-40.08546],[-71.80881,-40.08103],[-71.81287,-40.08049],[-71.81314,-40.08055],[-71.8135,-40.08079],[-71.81384,-40.08106],[-71.81438,-40.0814],[-71.81535,-40.0817],[-71.81653,-40.08285],[-71.81708,-40.08306],[-71.81741,-40.08331],[-71.81772,-40.08364],[-71.81775,-40.08423],[-71.8165,-40.085],[-71.81663,-40.08555],[-71.81696,-40.08573],[-71.81923,-40.08737],[-71.82035,-40.08791],[-71.82632,-40.08897],[-71.82738,-40.09115],[-71.82747,-40.09349],[-71.82735,-40.10021],[-71.8265,-40.11079],[-71.81129,-40.10446],[-71.80151,-40.11703],[-71.80258,-40.1185],[-71.81187,-40.14781],[-71.81041,-40.14924],[-71.82608,-40.1702],[-71.82844,-40.17404],[-71.80814,-40.18354],[-71.79984,-40.18593],[-71.81626,-40.20584],[-71.82835,-40.20617],[-71.82869,-40.21002],[-71.82617,-40.22641],[-71.80687,-40.23392],[-71.80378,-40.23719],[-71.79708,-40.24732],[-71.79877,-40.25159],[-71.79848,-40.25335],[-71.78872,-40.25874],[-71.78639,-40.26695],[-71.77588,-40.2711],[-71.7693,-40.27474],[-71.76303,-40.27637],[-71.76099,-40.27919],[-71.75606,-40.29189],[-71.75676,-40.29398],[-71.76027,-40.2997],[-71.75464,-40.30364],[-71.72188,-40.28943],[-71.71964,-40.2884],[-71.71692,-40.28298],[-71.71519,-40.28001],[-71.68428,-40.29534],[-71.68119,-40.29861],[-71.67686,-40.32706],[-71.67198,-40.33125],[-71.65617,-40.35005],[-71.65744,-40.35639],[-71.66217,-40.36417],[-71.67023,-40.36872],[-71.68826,-40.3729],[-71.68962,-40.39245],[-71.69164,-40.40039],[-71.70568,-40.41745],[-71.70752,-40.41998],[-71.73705,-40.44031],[-71.75119,-40.43265],[-71.75128,-40.4326],[-71.75494,-40.4234],[-71.75498,-40.42135],[-71.78092,-40.41423],[-71.78111,-40.41404],[-71.80846,-40.40659],[-71.80875,-40.40691],[-71.82532,-40.42334],[-71.82502,-40.42368],[-71.83014,-40.44091],[-71.84169,-40.45256],[-71.84088,-40.45537],[-71.83798,-40.46082],[-71.83648,-40.46367],[-71.83817,-40.4646],[-71.83953,-40.46626],[-71.84501,-40.47196],[-71.84623,-40.47531],[-71.84258,-40.49112],[-71.84606,-40.4934],[-71.8463,-40.49435],[-71.8476,-40.49944],[-71.8494,-40.50274],[-71.85539,-40.51142],[-71.8541,-40.51487],[-71.84932,-40.52085],[-71.84616,-40.51991],[-71.8427,-40.52479],[-71.84271,-40.52511],[-71.85196,-40.52615],[-71.85841,-40.55454],[-71.85908,-40.55535],[-71.86634,-40.55706],[-71.86647,-40.55712],[-71.88528,-40.55285],[-71.88759,-40.5521],[-71.88392,-40.56283],[-71.87702,-40.5662],[-71.86144,-40.58883],[-71.84546,-40.58259],[-71.84002,-40.58668],[-71.82434,-40.5778],[-71.82397,-40.57785],[-71.82407,-40.57849],[-71.82447,-40.5792],[-71.82456,-40.57936],[-71.82547,-40.58011],[-71.82887,-40.5834],[-71.83,-40.58474],[-71.83059,-40.58571],[-71.83129,-40.58679],[-71.83178,-40.58776],[-71.83237,-40.58857],[-71.83323,-40.58916],[-71.83404,-40.58975],[-71.83549,-40.59379],[-71.83646,-40.59509],[-71.84332,-40.62653],[-71.85058,-40.63478],[-71.85284,-40.63699],[-71.86813,-40.64976],[-71.86647,-40.65357],[-71.86561,-40.65706],[-71.87793,-40.66517],[-71.89609,-40.67898],[-71.90853,-40.68471],[-71.9627,-40.72228],[-71.96084,-40.72543],[-71.96319,-40.74717],[-71.96234,-40.74705],[-71.92069,-40.78615],[-71.93476,-40.82214],[-71.91247,-40.84146],[-71.90758,-40.85851],[-71.89229,-40.87004],[-71.89003,-40.87314],[-71.87564,-40.88121],[-71.85901,-40.87828],[-71.86117,-40.93534],[-71.85724,-40.96033],[-71.89861,-40.96118],[-71.90306,-40.961],[-71.90595,-40.96257],[-71.90883,-40.97196],[-71.9067,-40.98575],[-71.90643,-40.98586],[-71.9064,-40.98585],[-71.90637,-40.98582],[-71.90634,-40.9858],[-71.9063,-40.98573],[-71.90556,-40.98517],[-71.90118,-40.9836],[-71.8983,-40.98392],[-71.87891,-40.99736],[-71.87229,-41.00324],[-71.8714,-41.00469],[-71.86559,-41.01806],[-71.86556,-41.01855],[-71.8438,-41.03508],[-71.83415,-41.04641],[-71.83541,-41.04797],[-71.82707,-41.0561],[-71.82377,-41.05716],[-71.82337,-41.05773],[-71.82124,-41.06732],[-71.8367,-41.07708],[-71.84156,-41.07872],[-71.84959,-41.08315],[-71.84656,-41.08711],[-71.84693,-41.08798],[-71.84892,-41.09514],[-71.84849,-41.09537],[-71.84969,-41.09607],[-71.85159,-41.09761],[-71.84596,-41.1045],[-71.84333,-41.12995],[-71.83996,-41.14061],[-71.83903,-41.14467],[-71.88706,-41.16748],[-71.87243,-41.1978],[-71.87427,-41.20313],[-71.87453,-41.20476],[-71.87447,-41.20563],[-71.8742,-41.20613],[-71.87377,-41.20663],[-71.87187,-41.20749],[-71.86507,-41.21012],[-71.85864,-41.21192],[-71.85625,-41.21382],[-71.85441,-41.21422],[-71.85405,-41.21462],[-71.85381,-41.21489],[-71.85771,-41.22145],[-71.85618,-41.22828],[-71.85754,-41.23268],[-71.85888,-41.23318],[-71.85918,-41.23348],[-71.85911,-41.23391],[-71.85818,-41.23464],[-71.85458,-41.23611],[-71.85121,-41.23624],[-71.85015,-41.23861],[-71.84895,-41.23931],[-71.84855,-41.24034],[-71.84748,-41.24081],[-71.84718,-41.24107],[-71.84681,-41.24312],[-71.85121,-41.24397],[-71.85565,-41.24647],[-71.85618,-41.24803],[-71.85581,-41.24863],[-71.85548,-41.24913],[-71.85441,-41.24983],[-71.85142,-41.25023],[-71.83449,-41.27165],[-71.83456,-41.27215],[-71.83569,-41.27295],[-71.83622,-41.27338],[-71.83659,-41.27342],[-71.83809,-41.27155],[-71.83861,-41.27125],[-71.83863,-41.27123],[-71.84015,-41.27043],[-71.84072,-41.27009],[-71.84628,-41.26969],[-71.85601,-41.2576],[-71.8777,-41.26066],[-71.88496,-41.26019],[-71.88779,-41.25753],[-71.89352,-41.25679],[-71.89622,-41.25526],[-71.89692,-41.25526],[-71.89709,-41.25543],[-71.89729,-41.25566],[-71.89705,-41.25646],[-71.89601,-41.2576],[-71.89149,-41.26086],[-71.89135,-41.26154],[-71.88829,-41.26469],[-71.88832,-41.26516],[-71.88836,-41.26572],[-71.88863,-41.26602],[-71.88882,-41.26642],[-71.89296,-41.26932],[-71.89419,-41.26999],[-71.89666,-41.27057],[-71.89753,-41.27096],[-71.89682,-41.27302],[-71.89742,-41.27492],[-71.89679,-41.27902],[-71.87627,-41.30733],[-71.8819,-41.32409],[-71.88283,-41.32491],[-71.88844,-41.32749],[-71.88946,-41.32778],[-71.89,-41.32801],[-71.89143,-41.32831],[-71.89201,-41.32854],[-71.89357,-41.32882],[-71.8959,-41.3299],[-71.89868,-41.33106],[-71.90023,-41.333],[-71.90063,-41.3361],[-71.90209,-41.3377],[-71.91156,-41.34077],[-71.90083,-41.36312],[-71.90033,-41.36345],[-71.86715,-41.39277],[-71.86635,-41.3936],[-71.86934,-41.41171],[-71.83674,-41.43154],[-71.8355,-41.43238],[-71.83537,-41.43817],[-71.83855,-41.44656],[-71.82821,-41.48011],[-71.82827,-41.48194],[-71.83334,-41.48784],[-71.83399,-41.48844],[-71.83761,-41.49819],[-71.84183,-41.50187],[-71.84807,-41.534],[-71.81761,-41.57553],[-71.84697,-41.56558],[-71.88556,-41.60599],[-71.86729,-41.62275],[-71.86641,-41.62468],[-71.86641,-41.6257],[-71.86491,-41.62958],[-71.8647,-41.63011],[-71.85971,-41.63734],[-71.857,-41.64527],[-71.83623,-41.6459],[-71.83376,-41.65273],[-71.83501,-41.65536],[-71.83505,-41.66183],[-71.83532,-41.66237],[-71.83581,-41.66326],[-71.83665,-41.66523],[-71.83655,-41.66613],[-71.83602,-41.66686],[-71.83555,-41.66696],[-71.83555,-41.66696],[-71.83525,-41.66706],[-71.83462,-41.66766],[-71.83312,-41.67026],[-71.83258,-41.67376],[-71.82972,-41.67552],[-71.81779,-41.66993],[-71.81553,-41.67522],[-71.81576,-41.67782],[-71.81593,-41.67879],[-71.81606,-41.67935],[-71.81609,-41.68082],[-71.81689,-41.68285],[-71.81686,-41.68548],[-71.81799,-41.68765],[-71.81793,-41.68868],[-71.81769,-41.68905],[-71.81701,-41.68984],[-71.81697,-41.68989],[-71.80881,-41.69294],[-71.79725,-41.69205],[-71.79438,-41.69474],[-71.79128,-41.70231],[-71.79124,-41.70264],[-71.79128,-41.70307],[-71.7916,-41.7037],[-71.79294,-41.70442],[-71.79508,-41.70509],[-71.79567,-41.70554],[-71.80014,-41.71103],[-71.80563,-41.71357],[-71.81037,-41.72053],[-71.80903,-41.72209],[-71.80563,-41.72299],[-71.80454,-41.72349],[-71.80361,-41.72415],[-71.80335,-41.72425],[-71.7996,-41.72513],[-71.79108,-41.73202],[-71.78418,-41.73495],[-71.78405,-41.73618],[-71.78421,-41.73652],[-71.78463,-41.73688],[-71.78505,-41.73732],[-71.78531,-41.73785],[-71.78535,-41.73912],[-71.78501,-41.74002],[-71.78478,-41.74045],[-71.78455,-41.74108],[-71.78435,-41.74162],[-71.78408,-41.74211],[-71.78398,-41.74345],[-71.78375,-41.74425],[-71.78308,-41.74528],[-71.78305,-41.74581],[-71.78281,-41.74667],[-71.78278,-41.74678],[-71.78268,-41.74715],[-71.78265,-41.74744],[-71.78252,-41.74775],[-71.78238,-41.74814],[-71.78212,-41.74841],[-71.78222,-41.74874],[-71.78248,-41.74874],[-71.78274,-41.74873],[-71.78365,-41.74919],[-71.78408,-41.75131],[-71.78291,-41.75282],[-71.782,-41.75322],[-71.78132,-41.75334],[-71.78038,-41.75374],[-71.77875,-41.75484],[-71.77462,-41.76004],[-71.77525,-41.76773],[-71.75393,-41.78745],[-71.76402,-41.78651],[-71.7653,-41.78658],[-71.76656,-41.78715],[-71.76789,-41.78715],[-71.77399,-41.79365],[-71.77192,-41.80058],[-71.77124,-41.80099],[-71.7711,-41.80104],[-71.76858,-41.80177],[-71.76786,-41.80241],[-71.76639,-41.80251],[-71.76613,-41.80284],[-71.76686,-41.80607],[-71.76746,-41.80657],[-71.76789,-41.80685],[-71.76836,-41.80714],[-71.76902,-41.80771],[-71.76929,-41.80887],[-71.76513,-41.8166],[-71.75137,-41.82493],[-71.79771,-41.84232],[-71.79778,-41.84282],[-71.79658,-41.84392],[-71.79591,-41.84505],[-71.79552,-41.84551],[-71.79515,-41.84605],[-71.79485,-41.84645],[-71.79475,-41.84721],[-71.79092,-41.85141],[-71.78949,-41.85981],[-71.79009,-41.8658],[-71.79042,-41.86687],[-71.79105,-41.8677],[-71.79175,-41.86833],[-71.79222,-41.86963],[-71.79192,-41.87093],[-71.79162,-41.8716],[-71.79139,-41.87194],[-71.79132,-41.87206],[-71.79148,-41.87273],[-71.79215,-41.8732],[-71.79232,-41.87373],[-71.79215,-41.87403],[-71.79185,-41.87433],[-71.79129,-41.87483],[-71.78949,-41.87829],[-71.78952,-41.88146],[-71.78775,-41.88342],[-71.78922,-41.89025],[-71.77436,-41.90814],[-71.7727,-41.93093],[-71.77286,-41.93702],[-71.77336,-41.93729],[-71.77416,-41.93769],[-71.77516,-41.93809],[-71.77799,-41.93906],[-71.78166,-41.94279],[-71.79402,-41.94412],[-71.79438,-41.96117],[-71.79428,-41.96164],[-71.79382,-41.96218],[-71.79328,-41.96267],[-71.79242,-41.96347],[-71.79179,-41.96421],[-71.79115,-41.96541],[-71.78955,-41.9706],[-71.77963,-41.98329],[-71.77659,-41.99599],[-71.77285,-41.99886],[-71.77302,-41.99972],[-71.77428,-42.00126],[-71.77458,-42.00202],[-71.77461,-42.00262],[-71.77278,-42.00746],[-71.75396,-42.02361],[-71.75649,-42.03697],[-71.72691,-42.04653],[-71.74097,-42.08254],[-71.7409,-42.08315],[-71.74088,-42.08333],[-71.74087,-42.0834],[-71.74044,-42.08417],[-71.73291,-42.09127],[-71.72668,-42.10069],[-71.72651,-42.10283],[-71.72788,-42.10453],[-71.72811,-42.10506],[-71.72808,-42.10579],[-71.72538,-42.11012],[-71.73087,-42.12281],[-71.73207,-42.12371],[-71.74453,-42.12744],[-71.74676,-42.13034],[-71.74716,-42.13031],[-71.74743,-42.12991],[-71.74763,-42.12934],[-71.74836,-42.12904],[-71.75397,-42.12972],[-71.75706,-42.12824],[-71.75955,-42.12905],[-71.76096,-42.12912],[-71.76236,-42.12938],[-71.76569,-42.12888],[-71.76635,-42.12884],[-71.76702,-42.12884],[-71.76771,-42.12884],[-71.76822,-42.12884],[-71.76895,-42.12891],[-71.77023,-42.12875],[-71.77174,-42.12887],[-71.77242,-42.12881],[-71.77318,-42.12911],[-71.77337,-42.12925],[-71.77392,-42.12964],[-71.77445,-42.12987],[-71.77517,-42.12983],[-71.77655,-42.13044],[-71.77653,-42.13056],[-71.77651,-42.13064],[-71.77639,-42.1307],[-71.77625,-42.13077],[-71.77558,-42.13104],[-71.77505,-42.13124],[-71.77465,-42.13154],[-71.77468,-42.13234],[-71.77488,-42.13264],[-71.77501,-42.13297],[-71.77495,-42.13361],[-71.77455,-42.13497],[-71.77418,-42.13557],[-71.77381,-42.13631],[-71.77385,-42.13664],[-71.77398,-42.1371],[-71.77405,-42.13734],[-71.77458,-42.138],[-71.77545,-42.13857],[-71.77615,-42.13884],[-71.77681,-42.13884],[-71.77705,-42.13904],[-71.77701,-42.13922],[-71.77697,-42.13938],[-71.77691,-42.13967],[-71.77668,-42.1399],[-71.77569,-42.14044],[-71.77545,-42.1423],[-71.77548,-42.1424],[-71.77558,-42.1427],[-71.77618,-42.14357],[-71.77721,-42.14417],[-71.77748,-42.14432],[-71.77838,-42.14483],[-71.77901,-42.1453],[-71.77944,-42.14575],[-71.77965,-42.14596],[-71.77975,-42.14663],[-71.77978,-42.14689],[-71.77984,-42.14743],[-71.78003,-42.14745],[-71.78014,-42.14746],[-71.78098,-42.14797],[-71.78204,-42.14817],[-71.78427,-42.14846],[-71.78541,-42.1485],[-71.78661,-42.1488],[-71.78807,-42.14913],[-71.78854,-42.14934],[-71.78911,-42.1496],[-71.7897,-42.1496],[-71.79577,-42.14637],[-71.79872,-42.14558],[-71.79909,-42.14546],[-71.80272,-42.14546],[-71.80336,-42.14567],[-71.80546,-42.14646],[-71.80564,-42.14656],[-71.80613,-42.1468],[-71.80786,-42.14803],[-71.80826,-42.14855],[-71.80839,-42.14873],[-71.8084,-42.14875],[-71.80853,-42.14926],[-71.80849,-42.15003],[-71.80853,-42.15063],[-71.80869,-42.15083],[-71.80886,-42.15103],[-71.80956,-42.15143],[-71.81073,-42.15196],[-71.81339,-42.15353],[-71.81615,-42.15619],[-71.82898,-42.15926],[-71.83028,-42.16136],[-71.83098,-42.16162],[-71.83155,-42.16198],[-71.83178,-42.162],[-71.83301,-42.16226],[-71.83401,-42.16246],[-71.83469,-42.16215],[-71.83628,-42.16219],[-71.83694,-42.16206],[-71.83741,-42.16192],[-71.84121,-42.16032],[-71.84177,-42.1571],[-71.8431,-42.15571],[-71.84484,-42.15444],[-71.84726,-42.15424],[-71.84921,-42.15444],[-71.85794,-42.15933],[-71.85849,-42.15938],[-71.8586,-42.1594],[-71.8627,-42.15783],[-71.8633,-42.1574],[-71.86407,-42.15683],[-71.8647,-42.15626],[-71.868,-42.15636],[-71.8686,-42.15613],[-71.86902,-42.15597],[-71.87086,-42.15484],[-71.87242,-42.15503],[-71.87313,-42.15493],[-71.87466,-42.155],[-71.87869,-42.15833],[-71.87883,-42.15873],[-71.87902,-42.15936],[-71.87926,-42.16003],[-71.87993,-42.16123],[-71.88029,-42.16313],[-71.87972,-42.16466],[-71.87982,-42.16562],[-71.87989,-42.16646],[-71.88016,-42.16732],[-71.88086,-42.16776],[-71.88152,-42.16799],[-71.88236,-42.16859],[-71.88259,-42.16922],[-71.88276,-42.16972],[-71.88456,-42.17135],[-71.88532,-42.17172],[-71.88702,-42.17345],[-71.88919,-42.17429],[-71.89038,-42.17609],[-71.89269,-42.17767],[-71.89325,-42.17851],[-71.89331,-42.17948],[-71.89302,-42.18032],[-71.89318,-42.18095],[-71.89414,-42.18102],[-71.89554,-42.18059],[-71.89823,-42.18086],[-71.90088,-42.18149],[-71.90364,-42.18188],[-71.90597,-42.18278],[-71.90644,-42.18358],[-71.90694,-42.18435],[-71.91271,-42.18835],[-71.91383,-42.18873],[-71.91493,-42.18902],[-71.91585,-42.18926],[-71.9175,-42.18944],[-71.91893,-42.18963],[-71.9198,-42.18948],[-71.9209,-42.18904],[-71.9217,-42.18914],[-71.9224,-42.18928],[-71.92343,-42.19001],[-71.92485,-42.19041],[-71.9268,-42.18981],[-71.92701,-42.18947],[-71.92755,-42.18856],[-71.92815,-42.18766],[-71.93286,-42.18423],[-71.93434,-42.18362],[-71.93635,-42.18174],[-71.93776,-42.17838],[-71.93924,-42.17636],[-71.94012,-42.17333],[-71.94032,-42.17252],[-71.94075,-42.17199],[-71.94195,-42.17142],[-71.94289,-42.17135],[-71.9453,-42.17044],[-71.94637,-42.16903],[-71.94718,-42.16748],[-71.9533,-42.16533],[-71.95431,-42.16446],[-71.95727,-42.14133],[-71.96081,-42.13994],[-71.96364,-42.13921],[-71.96464,-42.13937],[-71.96501,-42.13977],[-71.96505,-42.13992],[-71.9653,-42.14067],[-71.9669,-42.14261],[-71.97013,-42.14514],[-71.97387,-42.14254],[-71.97704,-42.14267],[-71.97966,-42.14173],[-71.98524,-42.13951],[-71.9882,-42.13924],[-71.99075,-42.14012],[-71.99107,-42.1402],[-71.99162,-42.14054],[-71.99225,-42.14074],[-71.99342,-42.14084],[-71.99398,-42.1407],[-71.9945,-42.14063],[-71.99539,-42.14051],[-71.99618,-42.14054],[-71.99915,-42.14137],[-72.00073,-42.14112],[-72.00151,-42.14092],[-72.00427,-42.14012],[-72.0075,-42.13985],[-72.00918,-42.13837],[-72.01133,-42.13729],[-72.01206,-42.1368],[-72.01274,-42.13634],[-72.01284,-42.13628],[-72.01274,-42.13454],[-72.01421,-42.13308],[-72.01547,-42.13205],[-72.02294,-42.12895],[-72.02803,-42.12232],[-72.04212,-42.12615],[-72.05263,-42.11465],[-72.07969,-42.13002],[-72.06712,-42.14723],[-72.12362,-42.15526],[-72.17182,-42.13954],[-72.18801,-42.15889],[-72.15709,-42.1939],[-72.16825,-42.26003],[-72.1203,-42.32453],[-72.13783,-42.32726],[-72.13133,-42.38486],[-72.11234,-42.39872],[-72.07633,-42.38313],[-72.0266,-42.40971],[-72.04715,-42.45248],[-72.01191,-42.49563],[-72.05585,-42.56888],[-72.05635,-42.56945],[-72.05642,-42.56981],[-72.05647,-42.56988],[-72.05679,-42.57031],[-72.05902,-42.57108],[-72.06448,-42.57265],[-72.06541,-42.57245],[-72.0664,-42.57145],[-72.0683,-42.56967],[-72.07154,-42.56698],[-72.07284,-42.56628],[-72.07344,-42.56612],[-72.07407,-42.56602],[-72.07497,-42.56621],[-72.07517,-42.56632],[-72.07637,-42.56715],[-72.07724,-42.56822],[-72.07777,-42.56882],[-72.07827,-42.56908],[-72.07874,-42.56945],[-72.07914,-42.56981],[-72.07993,-42.57161],[-72.07997,-42.57164],[-72.07998,-42.57166],[-72.08024,-42.57241],[-72.08254,-42.57468],[-72.0834,-42.57544],[-72.0852,-42.57678],[-72.0873,-42.57917],[-72.0878,-42.57961],[-72.08857,-42.58004],[-72.0893,-42.58037],[-72.0905,-42.58064],[-72.09236,-42.58204],[-72.09296,-42.58327],[-72.093,-42.58394],[-72.09283,-42.58444],[-72.09283,-42.58457],[-72.09286,-42.58517],[-72.09413,-42.58624],[-72.09503,-42.58684],[-72.09592,-42.58734],[-72.09636,-42.5879],[-72.09639,-42.58795],[-72.09703,-42.589],[-72.09716,-42.58937],[-72.09691,-42.58984],[-72.09689,-42.58987],[-72.09663,-42.5903],[-72.09657,-42.59039],[-72.09643,-42.5906],[-72.09609,-42.591],[-72.09611,-42.59164],[-72.09613,-42.59181],[-72.09619,-42.59237],[-72.09669,-42.593],[-72.09693,-42.59311],[-72.09803,-42.5936],[-72.09925,-42.59432],[-72.10006,-42.59483],[-72.10066,-42.59544],[-72.10139,-42.59656],[-72.10162,-42.59716],[-72.10199,-42.59813],[-72.10202,-42.59817],[-72.10256,-42.59883],[-72.10279,-42.5994],[-72.10545,-42.60135],[-72.1098,-42.60185],[-72.11858,-42.60356],[-72.11808,-42.60403],[-72.11751,-42.60433],[-72.11701,-42.60473],[-72.11651,-42.60534],[-72.11618,-42.60573],[-72.11571,-42.60634],[-72.11466,-42.60806],[-72.11412,-42.60909],[-72.11415,-42.61175],[-72.11446,-42.6124],[-72.11452,-42.61256],[-72.11452,-42.61319],[-72.11375,-42.61465],[-72.11345,-42.61518],[-72.11308,-42.61585],[-72.11305,-42.61639],[-72.11309,-42.61653],[-72.11322,-42.61692],[-72.11358,-42.61718],[-72.11395,-42.61752],[-72.11442,-42.61962],[-72.11468,-42.62032],[-72.11491,-42.62112],[-72.11491,-42.62172],[-72.11485,-42.62285],[-72.11507,-42.62425],[-72.11545,-42.62548],[-72.11595,-42.6258],[-72.11665,-42.62631],[-72.11688,-42.62671],[-72.11708,-42.62751],[-72.11711,-42.62759],[-72.11731,-42.62811],[-72.11746,-42.62839],[-72.11755,-42.62854],[-72.11755,-42.62861],[-72.11768,-42.62911],[-72.11755,-42.62928],[-72.11701,-42.62971],[-72.11631,-42.6298],[-72.11556,-42.6303],[-72.11369,-42.6309],[-72.11212,-42.63068],[-72.10927,-42.6303],[-72.10763,-42.63008],[-72.10739,-42.63008],[-72.10406,-42.63008],[-72.10381,-42.63022],[-72.10312,-42.63061],[-72.10272,-42.63111],[-72.10156,-42.63277],[-72.10112,-42.63337],[-72.10059,-42.63384],[-72.10019,-42.63424],[-72.09989,-42.63464],[-72.09999,-42.63514],[-72.09979,-42.63561],[-72.09976,-42.63641],[-72.09976,-42.63732],[-72.09939,-42.63802],[-72.09789,-42.63802],[-72.09722,-42.63967],[-72.09589,-42.64144],[-72.09586,-42.6415],[-72.09603,-42.64203],[-72.09603,-42.64204],[-72.09683,-42.6424],[-72.09759,-42.64273],[-72.09876,-42.64306],[-72.09946,-42.64341],[-72.09952,-42.64343],[-72.09979,-42.64367],[-72.10049,-42.64437],[-72.10079,-42.64503],[-72.10102,-42.64567],[-72.10116,-42.64633],[-72.10152,-42.64683],[-72.10162,-42.64696],[-72.10591,-42.6482],[-72.10604,-42.64828],[-72.10689,-42.6487],[-72.10785,-42.64933],[-72.10842,-42.65003],[-72.10902,-42.65086],[-72.10927,-42.6514],[-72.10935,-42.65149],[-72.10934,-42.652],[-72.10919,-42.6522],[-72.10902,-42.65236],[-72.10899,-42.65273],[-72.10915,-42.65319],[-72.10958,-42.65406],[-72.10985,-42.65433],[-72.1106,-42.65465],[-72.11152,-42.65509],[-72.11192,-42.65523],[-72.11312,-42.65699],[-72.11355,-42.65786],[-72.11399,-42.65801],[-72.11473,-42.65842],[-72.11571,-42.65872],[-72.11788,-42.66042],[-72.1186,-42.66112],[-72.11861,-42.66116],[-72.11881,-42.66182],[-72.11895,-42.66249],[-72.11901,-42.66277],[-72.11908,-42.66305],[-72.11941,-42.66372],[-72.12021,-42.66432],[-72.121,-42.66607],[-72.12234,-42.67118],[-72.12234,-42.67184],[-72.12254,-42.67298],[-72.12254,-42.67302],[-72.12322,-42.67339],[-72.12632,-42.67271],[-72.13645,-42.68084],[-72.1413,-42.68127],[-72.15572,-42.67814],[-72.16395,-42.67751],[-72.17158,-42.67218],[-72.17838,-42.68917],[-72.17861,-42.68977],[-72.17864,-42.69083],[-72.17814,-42.6912],[-72.17724,-42.692],[-72.17681,-42.69247],[-72.17668,-42.6929],[-72.17671,-42.6935],[-72.17981,-42.6967],[-72.1798,-42.69686],[-72.17978,-42.69736],[-72.17814,-42.69833],[-72.1741,-42.70119],[-72.16718,-42.70499],[-72.15739,-42.70566],[-72.15212,-42.70719],[-72.15126,-42.70802],[-72.15103,-42.70866],[-72.15121,-42.70919],[-72.15126,-42.70932],[-72.13812,-42.71173],[-72.13757,-42.71252],[-72.1395,-42.71772],[-72.13927,-42.71912],[-72.13625,-42.727],[-72.12937,-42.73061],[-72.12887,-42.73087],[-72.12841,-42.73137],[-72.12857,-42.73214],[-72.12906,-42.73255],[-72.13577,-42.73767],[-72.1459,-42.7411],[-72.14656,-42.7416],[-72.14706,-42.74213],[-72.14616,-42.7438],[-72.14501,-42.74505],[-72.14474,-42.74596],[-72.1446,-42.74763],[-72.1452,-42.74863],[-72.14533,-42.74926],[-72.14493,-42.75013],[-72.14186,-42.75179],[-72.1368,-42.75389],[-72.13634,-42.75536],[-72.13397,-42.75899],[-72.13534,-42.76079],[-72.13539,-42.76111],[-72.13476,-42.76216],[-72.13466,-42.76294],[-72.1344,-42.76345],[-72.13406,-42.7647],[-72.13434,-42.76655],[-72.13429,-42.76801],[-72.1332,-42.77165],[-72.1337,-42.77291],[-72.13214,-42.77619],[-72.13134,-42.77711],[-72.13135,-42.7772],[-72.13141,-42.77755],[-72.13157,-42.77798],[-72.13573,-42.78057],[-72.13863,-42.78208],[-72.14037,-42.78241],[-72.14083,-42.78299],[-72.14083,-42.78331],[-72.14078,-42.78373],[-72.14073,-42.78411],[-72.13973,-42.78632],[-72.1392,-42.78697],[-72.13863,-42.78817],[-72.13853,-42.79004],[-72.14072,-42.79391],[-72.14366,-42.7962],[-72.14928,-42.79926],[-72.15193,-42.79886],[-72.16222,-42.79843],[-72.16492,-42.79888],[-72.16492,-42.79948],[-72.16462,-42.8009],[-72.16392,-42.80216],[-72.16245,-42.8041],[-72.16209,-42.80496],[-72.16209,-42.80559],[-72.16218,-42.80719],[-72.16216,-42.80746],[-72.16195,-42.80843],[-72.16105,-42.81009],[-72.15636,-42.81466],[-72.15586,-42.81659],[-72.15573,-42.81705],[-72.15559,-42.81752],[-72.15597,-42.81973],[-72.15646,-42.82079],[-72.15938,-42.82355],[-72.15945,-42.82412],[-72.15938,-42.82421],[-72.15922,-42.82442],[-72.15875,-42.82488],[-72.15929,-42.82652],[-72.15924,-42.82682],[-72.15919,-42.82711],[-72.15132,-42.8319],[-72.15045,-42.8323],[-72.14999,-42.83257],[-72.14936,-42.83304],[-72.14826,-42.84236],[-72.14657,-42.84566],[-72.14669,-42.84772],[-72.14626,-42.84876],[-72.14629,-42.85079],[-72.14616,-42.85184],[-72.14599,-42.85219],[-72.13556,-42.85462],[-72.13463,-42.85462],[-72.13449,-42.85467],[-72.1341,-42.85482],[-72.13241,-42.85478],[-72.13323,-42.86675],[-72.13313,-42.86861],[-72.133,-42.86964],[-72.12141,-42.87627],[-72.12084,-42.87671],[-72.11965,-42.87772],[-72.11937,-42.87797],[-72.11647,-42.88471],[-72.13953,-42.89723],[-72.14083,-42.89989],[-72.14083,-42.90039],[-72.14082,-42.90071],[-72.14079,-42.90132],[-72.14063,-42.90223],[-72.1402,-42.90306],[-72.13233,-42.90825],[-72.13185,-42.90855],[-72.13173,-42.90862],[-72.13113,-42.90892],[-72.1299,-42.91075],[-72.13073,-42.91239],[-72.1307,-42.91298],[-72.11902,-42.92],[-72.11605,-42.92331],[-72.11538,-42.92359],[-72.11432,-42.92406],[-72.11238,-42.92454],[-72.11225,-42.92478],[-72.11644,-42.93601],[-72.11538,-42.93673],[-72.11493,-42.93752],[-72.10633,-42.93949],[-72.10631,-42.93948],[-72.10458,-42.93907],[-72.10398,-42.939],[-72.10332,-42.93933],[-72.1033,-42.94185],[-72.10318,-42.94231],[-72.10295,-42.94302],[-72.09712,-42.94307],[-72.09646,-42.94307],[-72.09599,-42.94327],[-72.09565,-42.94375],[-72.09479,-42.94436],[-72.09256,-42.94719],[-72.09208,-42.94974],[-72.09199,-42.95056],[-72.09166,-42.95129],[-72.09054,-42.95238],[-72.08777,-42.95382],[-72.08506,-42.95436],[-72.0821,-42.94989],[-72.07867,-42.9496],[-72.07373,-42.94996],[-72.07251,-42.95027],[-72.07084,-42.95257],[-72.0699,-42.95486],[-72.07002,-42.95615],[-72.06952,-42.95747],[-72.06647,-42.95929],[-72.06521,-42.95939],[-72.06494,-42.95943],[-72.0639,-42.95966],[-72.06361,-42.96017],[-72.0639,-42.96082],[-72.06425,-42.9614],[-72.06335,-42.96369],[-72.05849,-42.97126],[-72.05907,-42.9731],[-72.05733,-42.97439],[-72.05597,-42.97523],[-72.05448,-42.97621],[-72.05681,-42.98186],[-72.0561,-42.98315],[-72.0554,-42.98452],[-72.04873,-42.98618],[-72.04373,-42.98995],[-72.04014,-43.00226],[-72.04042,-43.0033],[-72.03739,-43.01123],[-72.03663,-43.01326],[-72.03541,-43.01407],[-72.03378,-43.01484],[-72.02961,-43.01437],[-72.0229,-43.01679],[-72.01777,-43.02152],[-72.01661,-43.02425],[-72.00891,-43.03218],[-72.00518,-43.03515],[-72.00271,-43.03765],[-71.99842,-43.03873],[-71.99665,-43.03868],[-71.99549,-43.03761],[-71.99463,-43.03677],[-71.98256,-43.03571],[-71.98173,-43.03598],[-71.9802,-43.03695],[-71.98046,-43.03978],[-71.97953,-43.04374],[-71.97836,-43.04577],[-71.97663,-43.04571],[-71.97387,-43.04581],[-71.9732,-43.04601],[-71.9718,-43.04541],[-71.96477,-43.04015],[-71.95849,-43.04054],[-71.95208,-43.04465],[-71.94564,-43.04578],[-71.93957,-43.05261],[-71.93751,-43.05311],[-71.93583,-43.05422],[-71.93581,-43.06633],[-71.93707,-43.06833],[-71.93424,-43.08022],[-71.93467,-43.08136],[-71.93724,-43.08385],[-71.93941,-43.08695],[-71.94095,-43.08921],[-71.94107,-43.09065],[-71.94114,-43.09138],[-71.94176,-43.09191],[-71.94201,-43.09197],[-71.94314,-43.09235],[-71.94353,-43.09252],[-71.93358,-43.10174],[-71.93338,-43.10234],[-71.93181,-43.10251],[-71.92846,-43.10174],[-71.92258,-43.10101],[-71.89317,-43.10707],[-71.89064,-43.1156],[-71.889,-43.12456],[-71.88814,-43.12619],[-71.88637,-43.12703],[-71.88182,-43.12701],[-71.88113,-43.12745],[-71.88043,-43.12787],[-71.87978,-43.12826],[-71.87884,-43.12859],[-71.87514,-43.12909],[-71.87035,-43.12933],[-71.86474,-43.12823],[-71.86039,-43.12982],[-71.85336,-43.12733],[-71.85443,-43.13489],[-71.76867,-43.16651],[-71.72931,-43.20029],[-71.75752,-43.22807],[-71.7346,-43.31375],[-71.75521,-43.31764],[-71.7854,-43.29676],[-71.8401,-43.33521],[-71.90392,-43.32135],[-71.89343,-43.38],[-71.93321,-43.38656],[-71.91366,-43.41607],[-71.93045,-43.45688],[-71.88024,-43.45152],[-71.84885,-43.48201],[-71.78571,-43.4806],[-71.78804,-43.42908],[-71.72455,-43.38251],[-71.6881,-43.39622],[-71.64846,-43.38708],[-71.63735,-43.35779],[-71.68609,-43.32335],[-71.62606,-43.30823],[-71.62589,-43.26315],[-71.59717,-43.25939],[-71.61577,-43.21661],[-71.59728,-43.22078],[-71.57971,-43.18319],[-71.55801,-43.19772],[-71.508,-43.17263],[-71.46347,-43.20324],[-71.4522,-43.19608],[-71.49511,-43.16507],[-71.43173,-43.13198],[-71.48263,-43.10931],[-71.44022,-43.02931],[-71.48726,-42.98415],[-71.42374,-42.91732],[-71.46779,-42.88604],[-71.4422,-42.86615],[-71.40252,-42.9059],[-71.37283,-42.88911],[-71.32763,-42.90248],[-71.29096,-42.87955],[-71.31087,-42.83171],[-71.35035,-42.80168],[-71.33421,-42.78574],[-71.36509,-42.76381],[-71.39282,-42.77818],[-71.38963,-42.75063],[-71.44483,-42.68972],[-71.45013,-42.63723],[-71.51006,-42.56866],[-71.5334,-42.58406],[-71.62143,-42.58297],[-71.6212,-42.57875],[-71.63122,-42.57845],[-71.63122,-42.57791],[-71.64081,-42.5777],[-71.64229,-42.57766],[-71.6364,-42.57097],[-71.63539,-42.57051],[-71.63399,-42.57019],[-71.63332,-42.56971],[-71.63206,-42.56658],[-71.63409,-42.56142],[-71.64499,-42.55613],[-71.57868,-42.55266],[-71.53574,-42.52832],[-71.53755,-42.5021],[-71.3762,-42.36505],[-71.43104,-42.32257],[-71.42867,-42.30425],[-71.23904,-42.45802],[-71.07155,-42.3334],[-71.30391,-42.16122],[-71.29602,-42.13584],[-71.34919,-42.11746],[-71.41583,-42.1436],[-71.49842,-42.08814],[-71.54446,-42.10219],[-71.59453,-42.15676],[-71.54869,-42.08785],[-71.57411,-42.02923],[-71.59657,-42.09014],[-71.61483,-42.0865],[-71.65214,-42.0852],[-71.65272,-42.00267],[-71.05118,-41.99924],[-71.00315,-41.90986],[-71.01661,-41.85359],[-70.93901,-41.6889],[-70.99798,-41.6374],[-70.98629,-41.49767],[-71.0333,-41.42087],[-71.01317,-41.3768],[-70.96713,-41.3759],[-70.89865,-41.32532],[-70.88791,-41.26109],[-71.00073,-41.1371],[-70.98689,-41.04778],[-70.98845,-41.03479],[-70.99035,-41.01107],[-70.99151,-40.99652],[-70.99817,-40.97988],[-70.99963,-40.97532],[-71.00564,-40.95961],[-71.01453,-40.93639],[-71.00449,-40.89836],[-71.00822,-40.88206],[-71.01491,-40.85035],[-71.03331,-40.83625],[-71.07083,-40.83613],[-71.0753,-40.82747],[-71.05988,-40.81106],[-71.05243,-40.80313],[-71.06649,-40.79534],[-71.07143,-40.76045],[-71.07718,-40.74989],[-71.08599,-40.73183],[-71.08878,-40.72612],[-71.08678,-40.72574],[-71.08656,-40.72468],[-71.08353,-40.72529],[-71.0798,-40.7267],[-71.07812,-40.72504],[-71.07948,-40.72396],[-71.07955,-40.72391],[-71.0796,-40.72387],[-71.08309,-40.72111],[-71.10139,-40.70667],[-71.15063,-40.66594],[-71.14952,-40.66415],[-71.14932,-40.66322],[-71.14995,-40.6613],[-71.15,-40.65748],[-71.15422,-40.65447],[-71.15459,-40.65221],[-71.15436,-40.65174],[-71.15367,-40.65134],[-71.15295,-40.65064],[-71.15112,-40.64966],[-71.15108,-40.6474],[-71.14984,-40.64639],[-71.1496,-40.64581],[-71.15324,-40.64109],[-71.15498,-40.63773],[-71.15489,-40.63732],[-71.15426,-40.63685],[-71.15351,-40.63585],[-71.15307,-40.63488],[-71.15208,-40.63385],[-71.15126,-40.6335],[-71.15091,-40.63312],[-71.151,-40.63249],[-71.15075,-40.63204],[-71.15044,-40.63158],[-71.14991,-40.63073],[-71.15128,-40.62322],[-71.14612,-40.61906],[-71.14569,-40.59183],[-71.14812,-40.58433],[-71.14928,-40.5818],[-71.15499,-40.57301],[-71.15503,-40.57294],[-71.15729,-40.56354],[-71.17748,-40.53315],[-71.18118,-40.51379],[-71.17449,-40.50162],[-71.20426,-40.49799],[-71.23826,-40.47959],[-71.23258,-40.45441],[-71.23006,-40.45122],[-71.23598,-40.42692],[-71.24487,-40.40475],[-71.26201,-40.37895],[-71.26152,-40.37845],[-71.25911,-40.37463],[-71.26523,-40.36724],[-71.27998,-40.36097],[-71.29201,-40.35511],[-71.29811,-40.35381],[-71.30202,-40.34911],[-71.30318,-40.34875],[-71.32023,-40.33363],[-71.32504,-40.33565],[-71.32868,-40.33818],[-71.33418,-40.33903],[-71.33841,-40.34009],[-71.34933,-40.32742],[-71.37786,-40.31953],[-71.37833,-40.31641],[-71.38235,-40.31194],[-71.38361,-40.30637],[-71.385,-40.30327],[-71.38695,-40.30162],[-71.38719,-40.30127],[-71.38724,-40.30107],[-71.38774,-40.30002],[-71.38782,-40.29969],[-71.3876,-40.29926],[-71.38709,-40.29888],[-71.38661,-40.29868],[-71.38604,-40.29844],[-71.38555,-40.29807],[-71.38518,-40.29765],[-71.38504,-40.29742],[-71.38451,-40.29643],[-71.38416,-40.29574],[-71.38403,-40.29538],[-71.38368,-40.29311],[-71.38388,-40.29233],[-71.38463,-40.29039],[-71.38871,-40.28777],[-71.38899,-40.28401],[-71.38891,-40.28245],[-71.38875,-40.27917],[-71.38817,-40.27113],[-71.32814,-40.2253],[-71.326,-40.16733],[-71.32659,-40.16744],[-71.33016,-40.17001],[-71.33181,-40.17061],[-71.33275,-40.17168],[-71.33756,-40.17207],[-71.34535,-40.1624],[-71.35294,-40.16926],[-71.35347,-40.16927],[-71.35619,-40.14495],[-71.35179,-40.1444],[-71.3492,-40.14675],[-71.3317,-40.14676],[-71.33102,-40.12308],[-71.31115,-40.11325],[-71.31731,-40.1091],[-71.36826,-40.10838],[-71.37241,-40.01747],[-71.37168,-40.01747],[-71.36572,-40.01287],[-71.35371,-40.00286],[-71.32195,-39.98752],[-71.32519,-39.98488],[-71.29448,-39.91809],[-71.29423,-39.91754],[-71.27194,-39.869],[-71.31629,-39.85551],[-71.31713,-39.83884],[-71.31858,-39.81024],[-71.31747,-39.7932],[-71.29676,-39.79461],[-71.28306,-39.79712],[-71.25468,-39.79906],[-71.24832,-39.80118],[-71.24535,-39.80271],[-71.23975,-39.80349],[-71.23919,-39.8035],[-71.23802,-39.80348],[-71.23722,-39.80354],[-71.2358,-39.80366],[-71.23476,-39.80387],[-71.23359,-39.80413],[-71.232,-39.8045],[-71.23132,-39.80461],[-71.2299,-39.80488],[-71.22857,-39.80552],[-71.22806,-39.80553],[-71.22755,-39.80551],[-71.2269,-39.80555],[-71.22591,-39.80547],[-71.22486,-39.80544],[-71.22388,-39.80551],[-71.22308,-39.80562],[-71.22245,-39.80554],[-71.22147,-39.8056],[-71.22085,-39.80562],[-71.21788,-39.80529],[-71.21064,-39.79742],[-71.21263,-39.79672],[-71.21358,-39.7807],[-71.2138,-39.77696],[-71.21564,-39.74605],[-71.24134,-39.72621],[-71.27157,-39.70287],[-71.31841,-39.69193],[-71.33715,-39.61096],[-71.33747,-39.58613],[-71.2326,-39.58721],[-71.1821,-39.58118],[-71.18019,-39.37254],[-71.17181,-39.37776],[-71.17049,-39.37849],[-71.16657,-39.37873],[-71.16514,-39.3755],[-71.16463,-39.37518],[-71.16034,-39.37603],[-71.15797,-39.37487],[-71.1546,-39.37014],[-71.15248,-39.36955],[-71.15102,-39.37109],[-71.1481,-39.36879],[-71.14711,-39.36532],[-71.14349,-39.36791],[-71.13948,-39.37384],[-71.13417,-39.37731],[-71.13348,-39.37701],[-71.13407,-39.21308],[-71.14937,-39.21861],[-71.15332,-39.22015],[-71.15378,-39.21971],[-71.15697,-39.21832],[-71.16881,-39.22476],[-71.17098,-39.22354],[-71.2123,-39.24412],[-71.21432,-39.13842],[-71.2207,-39.14091],[-71.22197,-39.14138],[-71.26845,-39.14099],[-71.27333,-39.13558],[-71.27717,-39.13568],[-71.27953,-39.13562],[-71.28832,-39.13314],[-71.29532,-39.13257],[-71.29692,-39.1299],[-71.31018,-39.12346],[-71.31176,-39.12224],[-71.32185,-39.12713],[-71.32792,-39.13123],[-71.33757,-39.13059],[-71.34202,-39.12924],[-71.34953,-39.12568],[-71.35707,-39.1192],[-71.35424,-39.11704],[-71.35763,-39.11215]]]},"properties":{"fid":205,"SITE_ID":555587169,"SITE_PID":"555587169","SITE_TYPE":"PA","NAME_ENG":"Andino Norpatagónica","NAME":"Andino Norpatagónica","DESIG":"Reserva de la Biósfera","DESIG_ENG":"UNESCO-MAB Biosphere Reserve","DESIG_TYPE":"International","IUCN_CAT":"Not Applicable","INT_CRIT":"Not Applicable","REALM":"Terrestrial","REP_M_AREA":0,"GIS_M_AREA":0,"REP_AREA":22669,"GIS_AREA":23574.3192460995,"NO_TAKE":"Not Applicable","NO_TK_AREA":0,"STATUS":"Designated","STATUS_YR":2007,"GOV_TYPE":"Not Reported","GOVSUBTYPE":"Not Applicable","OWN_TYPE":"Not Reported","OWNSUBTYPE":"Not Applicable","MANG_AUTH":"Not Reported","MANG_PLAN":"Not Reported","VERIF":"State Verified","METADATAID":1852,"PRNT_ISO3":"ARG","ISO3":"ARG","SUPP_INFO":"Not Applicable","CONS_OBJ":"Not Applicable","INLND_WTRS":"Not Reported","OECM_ASMT":"Not Applicable","layer":"WDPA_W~1"}},{"type":"Feature","geometry":{"type":"Polygon","coordinates":[[[-72.08929,-47.72812],[-72.07607,-47.5483],[-72.20864,-47.54377],[-72.21545,-47.63353],[-72.14906,-47.63582],[-72.15579,-47.72617],[-72.08929,-47.72812]]]},"properties":{"fid":206,"SITE_ID":555624152,"SITE_PID":"555624152","SITE_TYPE":"PA","NAME_ENG":"El Rincón","NAME":"El Rincón","DESIG":"Reserva Natural Silvestre","DESIG_ENG":"Wilderness Nature Reserve","DESIG_TYPE":"National","IUCN_CAT":"Ib","INT_CRIT":"Not Applicable","REALM":"Terrestrial","REP_M_AREA":0,"GIS_M_AREA":0,"REP_AREA":150,"GIS_AREA":150.005364833557,"NO_TAKE":"Not Applicable","NO_TK_AREA":0,"STATUS":"Designated","STATUS_YR":2016,"GOV_TYPE":"Federal or national ministry or agency","GOVSUBTYPE":"Not Applicable","OWN_TYPE":"Not Reported","OWNSUBTYPE":"Not Applicable","MANG_AUTH":"Administración de Parques Nacionales","MANG_PLAN":"https://sib.gob.ar/archivos/PG_PNPFPM.pdf","VERIF":"State Verified","METADATAID":1935,"PRNT_ISO3":"ARG","ISO3":"ARG","SUPP_INFO":"Not Applicable","CONS_OBJ":"Not Applicable","INLND_WTRS":"Not Reported","OECM_ASMT":"Not Applicable","layer":"WDPA_W~1"}},{"type":"Feature","geometry":{"type":"Polygon","coordinates":[[[-59.39683,-29.10048],[-59.40805,-29.08975],[-59.42706,-29.10072],[-59.43072,-29.12485],[-59.49946,-29.16824],[-59.47362,-29.17995],[-59.45997,-29.15971],[-59.43511,-29.17629],[-59.38001,-29.15825],[-59.34954,-29.10852],[-59.35929,-29.09585],[-59.39683,-29.10048]]]},"properties":{"fid":207,"SITE_ID":555624153,"SITE_PID":"555624153","SITE_TYPE":"PA","NAME_ENG":"Isla El Tala","NAME":"Isla El Tala","DESIG":"Reserva Natural de la Defensa","DESIG_ENG":"Nature Reserve of Defense","DESIG_TYPE":"National","IUCN_CAT":"Not Reported","INT_CRIT":"Not Applicable","REALM":"Terrestrial","REP_M_AREA":0,"GIS_M_AREA":0,"REP_AREA":12,"GIS_AREA":69.2921040068716,"NO_TAKE":"Not Applicable","NO_TK_AREA":0,"STATUS":"Designated","STATUS_YR":2012,"GOV_TYPE":"Federal or national ministry or agency","GOVSUBTYPE":"Not Applicable","OWN_TYPE":"Not Reported","OWNSUBTYPE":"Not Applicable","MANG_AUTH":"Fuerza Áerea Argentina","MANG_PLAN":"Not Reported","VERIF":"State Verified","METADATAID":1935,"PRNT_ISO3":"ARG","ISO3":"ARG","SUPP_INFO":"Not Applicable","CONS_OBJ":"Not Applicable","INLND_WTRS":"Not Reported","OECM_ASMT":"Not Applicable","layer":"WDPA_W~1"}},{"type":"Feature","geometry":{"type":"Polygon","coordinates":[[[-60.13623,-28.9035],[-60.23669,-28.88745],[-60.24219,-28.91406],[-60.1402,-28.92419],[-60.13623,-28.9035]]]},"properties":{"fid":208,"SITE_ID":555624154,"SITE_PID":"555624154","SITE_TYPE":"PA","NAME_ENG":"Campo Garabato","NAME":"Campo Garabato","DESIG":"Reserva Natural de la Defensa","DESIG_ENG":"Nature Reserve of Defense","DESIG_TYPE":"National","IUCN_CAT":"Not Reported","INT_CRIT":"Not Applicable","REALM":"Terrestrial","REP_M_AREA":0,"GIS_M_AREA":0,"REP_AREA":27,"GIS_AREA":26.5480387640529,"NO_TAKE":"Not Applicable","NO_TK_AREA":0,"STATUS":"Designated","STATUS_YR":2012,"GOV_TYPE":"Federal or national ministry or agency","GOVSUBTYPE":"Not Applicable","OWN_TYPE":"Not Reported","OWNSUBTYPE":"Not Applicable","MANG_AUTH":"Fuerza Áerea Argentina","MANG_PLAN":"Not Reported","VERIF":"State Verified","METADATAID":1935,"PRNT_ISO3":"ARG","ISO3":"ARG","SUPP_INFO":"Not Applicable","CONS_OBJ":"Not Applicable","INLND_WTRS":"Not Reported","OECM_ASMT":"Not Applicable","layer":"WDPA_W~1"}},{"type":"Feature","geometry":{"type":"Polygon","coordinates":[[[-64.4029,-31.35654],[-64.42286,-31.35655],[-64.41718,-31.36983],[-64.42846,-31.3634],[-64.45796,-31.3926],[-64.42419,-31.45347],[-64.27133,-31.4188],[-64.26742,-31.39642],[-64.3161,-31.35855],[-64.35063,-31.37098],[-64.4029,-31.35654]]]},"properties":{"fid":209,"SITE_ID":555624155,"SITE_PID":"555624155","SITE_TYPE":"PA","NAME_ENG":"La Calera","NAME":"La Calera","DESIG":"Reserva Natural de la Defensa","DESIG_ENG":"Nature Reserve of Defense","DESIG_TYPE":"National","IUCN_CAT":"Not Reported","INT_CRIT":"Not Applicable","REALM":"Terrestrial","REP_M_AREA":0,"GIS_M_AREA":0,"REP_AREA":113.77,"GIS_AREA":136.225313622449,"NO_TAKE":"Not Applicable","NO_TK_AREA":0,"STATUS":"Designated","STATUS_YR":2009,"GOV_TYPE":"Federal or national ministry or agency","GOVSUBTYPE":"Not Applicable","OWN_TYPE":"Not Reported","OWNSUBTYPE":"Not Applicable","MANG_AUTH":"Ejercito Argentino","MANG_PLAN":"Not Reported","VERIF":"State Verified","METADATAID":1935,"PRNT_ISO3":"ARG","ISO3":"ARG","SUPP_INFO":"Not Applicable","CONS_OBJ":"Not Applicable","INLND_WTRS":"Not Reported","OECM_ASMT":"Not Applicable","layer":"WDPA_W~1"}},{"type":"Feature","geometry":{"type":"MultiPolygon","coordinates":[[[[-54.4463,-25.74867],[-54.45044,-25.75155],[-54.39223,-25.75427],[-54.39216,-25.75354],[-54.39208,-25.75121],[-54.39934,-25.73954],[-54.4017,-25.73672],[-54.40297,-25.73543],[-54.40378,-25.73298],[-54.40371,-25.73212],[-54.40278,-25.72831],[-54.40302,-25.72715],[-54.40596,-25.72292],[-54.44504,-25.73752],[-54.44549,-25.7376],[-54.44702,-25.73791],[-54.44715,-25.73916],[-54.44838,-25.74245],[-54.4463,-25.74867]]],[[[-54.57006,-25.66958],[-54.57898,-25.65783],[-54.58685,-25.66946],[-54.65269,-25.66969],[-54.63236,-25.7469],[-54.60115,-25.74714],[-54.58781,-25.74765],[-54.57549,-25.74811],[-54.56706,-25.69358],[-54.56446,-25.67699],[-54.57006,-25.66958]]]]},"properties":{"fid":210,"SITE_ID":555624156,"SITE_PID":"555624156","SITE_TYPE":"PA","NAME_ENG":"Puerto Península","NAME":"Puerto Península","DESIG":"Reserva Natural de la Defensa","DESIG_ENG":"Nature Reserve of Defense","DESIG_TYPE":"National","IUCN_CAT":"Not Reported","INT_CRIT":"Not Applicable","REALM":"Terrestrial","REP_M_AREA":0,"GIS_M_AREA":0,"REP_AREA":88,"GIS_AREA":80.6149546135834,"NO_TAKE":"Not Applicable","NO_TK_AREA":0,"STATUS":"Designated","STATUS_YR":2008,"GOV_TYPE":"Federal or national ministry or agency","GOVSUBTYPE":"Not Applicable","OWN_TYPE":"Not Reported","OWNSUBTYPE":"Not Applicable","MANG_AUTH":"Ejercito Argentino","MANG_PLAN":"Not Reported","VERIF":"State Verified","METADATAID":1935,"PRNT_ISO3":"ARG","ISO3":"ARG","SUPP_INFO":"Not Applicable","CONS_OBJ":"Not Applicable","INLND_WTRS":"Not Reported","OECM_ASMT":"Not Applicable","layer":"WDPA_W~1"}},{"type":"Feature","geometry":{"type":"Polygon","coordinates":[[[-57.4179,-37.74287],[-57.41668,-37.74242],[-57.41574,-37.74159],[-57.41503,-37.74097],[-57.40754,-37.73278],[-57.40404,-37.72969],[-57.40104,-37.72648],[-57.37477,-37.7041],[-57.37987,-37.69814],[-57.38761,-37.68913],[-57.38987,-37.68622],[-57.39095,-37.68604],[-57.39156,-37.68568],[-57.39218,-37.68524],[-57.39212,-37.6847],[-57.39196,-37.68422],[-57.39374,-37.68384],[-57.39709,-37.68281],[-57.40111,-37.68264],[-57.40271,-37.68244],[-57.4057,-37.68297],[-57.40676,-37.68324],[-57.40833,-37.68374],[-57.41173,-37.68561],[-57.42539,-37.69617],[-57.42786,-37.69696],[-57.42851,-37.73461],[-57.42728,-37.73541],[-57.42419,-37.73596],[-57.42324,-37.7374],[-57.42294,-37.73874],[-57.42268,-37.7407],[-57.42192,-37.74265],[-57.41988,-37.74316],[-57.4179,-37.74287]]]},"properties":{"fid":211,"SITE_ID":555624157,"SITE_PID":"555624157","SITE_TYPE":"PA","NAME_ENG":"Mar Chiquita - Dragones de Malvinas","NAME":"Mar Chiquita - Dragones de Malvinas","DESIG":"Reserva Natural de la Defensa","DESIG_ENG":"Nature Reserve of Defense","DESIG_TYPE":"National","IUCN_CAT":"Not Reported","INT_CRIT":"Not Applicable","REALM":"Terrestrial","REP_M_AREA":0,"GIS_M_AREA":0.484017876163193,"REP_AREA":17.53,"GIS_AREA":18.6153112558206,"NO_TAKE":"Not Applicable","NO_TK_AREA":0,"STATUS":"Designated","STATUS_YR":2009,"GOV_TYPE":"Federal or national ministry or agency","GOVSUBTYPE":"Not Applicable","OWN_TYPE":"Not Reported","OWNSUBTYPE":"Not Applicable","MANG_AUTH":"Fuerza Áerea Argentina","MANG_PLAN":"Not Reported","VERIF":"State Verified","METADATAID":1935,"PRNT_ISO3":"ARG","ISO3":"ARG","SUPP_INFO":"Not Applicable","CONS_OBJ":"Not Applicable","INLND_WTRS":"Not Reported","OECM_ASMT":"Not Applicable","layer":"WDPA_W~1"}},{"type":"Feature","geometry":{"type":"Polygon","coordinates":[[[-61.69538,-38.96695],[-61.66723,-38.98943],[-61.66507,-38.99016],[-61.66098,-38.99042],[-61.65919,-38.99074],[-61.64657,-38.99549],[-61.6393,-38.98318],[-61.65578,-38.97151],[-61.68044,-38.95424],[-61.69538,-38.96695]]]},"properties":{"fid":212,"SITE_ID":555624158,"SITE_PID":"555624158","SITE_TYPE":"PA","NAME_ENG":"Baterías - Charles Darwin","NAME":"Baterías - Charles Darwin","DESIG":"Reserva Natural de la Defensa","DESIG_ENG":"Nature Reserve of Defense","DESIG_TYPE":"National","IUCN_CAT":"Not Reported","INT_CRIT":"Not Applicable","REALM":"Terrestrial","REP_M_AREA":0,"GIS_M_AREA":0.031434227065101,"REP_AREA":10,"GIS_AREA":10.1134245405107,"NO_TAKE":"Not Applicable","NO_TK_AREA":0,"STATUS":"Designated","STATUS_YR":2013,"GOV_TYPE":"Federal or national ministry or agency","GOVSUBTYPE":"Not Applicable","OWN_TYPE":"Not Reported","OWNSUBTYPE":"Not Applicable","MANG_AUTH":"Armada Argentina","MANG_PLAN":"Not Reported","VERIF":"State Verified","METADATAID":1935,"PRNT_ISO3":"ARG","ISO3":"ARG","SUPP_INFO":"Not Applicable","CONS_OBJ":"Not Applicable","INLND_WTRS":"Not Reported","OECM_ASMT":"Not Applicable","layer":"WDPA_W~1"}},{"type":"Feature","geometry":{"type":"MultiPolygon","coordinates":[[[[-64.25944,-30.963],[-64.27139,-30.96391],[-64.25477,-30.98231],[-64.26313,-30.99722],[-64.23657,-31.00642],[-64.2328,-30.97786],[-64.25563,-30.9769],[-64.25944,-30.963]]],[[[-64.31193,-30.93334],[-64.34637,-30.94068],[-64.33309,-30.9696],[-64.26337,-30.99711],[-64.27301,-30.95913],[-64.29984,-30.95818],[-64.30813,-30.94364],[-64.28306,-30.95495],[-64.31193,-30.93334]]]]},"properties":{"fid":213,"SITE_ID":555624160,"SITE_PID":"555624160","SITE_TYPE":"PA","NAME_ENG":"Ascochinga","NAME":"Ascochinga","DESIG":"Reserva Natural de la Defensa","DESIG_ENG":"Nature Reserve of Defense","DESIG_TYPE":"National","IUCN_CAT":"Not Reported","INT_CRIT":"Not Applicable","REALM":"Terrestrial","REP_M_AREA":0,"GIS_M_AREA":0,"REP_AREA":33.89,"GIS_AREA":33.9733235486386,"NO_TAKE":"Not Applicable","NO_TK_AREA":0,"STATUS":"Designated","STATUS_YR":2014,"GOV_TYPE":"Federal or national ministry or agency","GOVSUBTYPE":"Not Applicable","OWN_TYPE":"Not Reported","OWNSUBTYPE":"Not Applicable","MANG_AUTH":"Fuerza Áerea Argentina","MANG_PLAN":"Not Reported","VERIF":"State Verified","METADATAID":1935,"PRNT_ISO3":"ARG","ISO3":"ARG","SUPP_INFO":"Not Applicable","CONS_OBJ":"Not Applicable","INLND_WTRS":"Not Reported","OECM_ASMT":"Not Applicable","layer":"WDPA_W~1"}},{"type":"Feature","geometry":{"type":"Polygon","coordinates":[[[-64.10216,-42.25114],[-64.09834,-42.18297],[-64.1402,-42.1958],[-64.2619,-42.21631],[-64.30688,-42.22198],[-64.3465,-42.22931],[-64.3689,-42.23431],[-64.37,-42.2356],[-64.37341,-42.23529],[-64.37482,-42.23621],[-64.3761,-42.2373],[-64.37878,-42.23761],[-64.31079,-42.25269],[-64.28998,-42.24432],[-64.27509,-42.2475],[-64.27051,-42.24451],[-64.27191,-42.2439],[-64.27368,-42.24213],[-64.27289,-42.24042],[-64.2702,-42.23871],[-64.25513,-42.23993],[-64.24579,-42.23401],[-64.23029,-42.24573],[-64.18518,-42.2489],[-64.1579,-42.23999],[-64.14038,-42.24371],[-64.13849,-42.24219],[-64.1366,-42.23907],[-64.13129,-42.23993],[-64.12628,-42.24109],[-64.12128,-42.2431],[-64.10669,-42.25189],[-64.10216,-42.25114]]]},"properties":{"fid":214,"SITE_ID":555624161,"SITE_PID":"555624161","SITE_TYPE":"PA","NAME_ENG":"Punta Buenos Aires","NAME":"Punta Buenos Aires","DESIG":"Reserva Natural de la Defensa","DESIG_ENG":"Nature Reserve of Defense","DESIG_TYPE":"National","IUCN_CAT":"Not Reported","INT_CRIT":"Not Applicable","REALM":"Terrestrial","REP_M_AREA":0,"GIS_M_AREA":1.60305185613494,"REP_AREA":75,"GIS_AREA":82.3982870928962,"NO_TAKE":"Not Applicable","NO_TK_AREA":0,"STATUS":"Designated","STATUS_YR":2008,"GOV_TYPE":"Federal or national ministry or agency","GOVSUBTYPE":"Not Applicable","OWN_TYPE":"Not Reported","OWNSUBTYPE":"Not Applicable","MANG_AUTH":"Armada Argentina","MANG_PLAN":"Not Reported","VERIF":"State Verified","METADATAID":1935,"PRNT_ISO3":"ARG","ISO3":"ARG","SUPP_INFO":"Not Applicable","CONS_OBJ":"Not Applicable","INLND_WTRS":"Not Reported","OECM_ASMT":"Not Applicable","layer":"WDPA_W~1"}},{"type":"Feature","geometry":{"type":"Polygon","coordinates":[[[-60.83352,-31.81916],[-60.84686,-31.8114],[-60.8636,-31.83266],[-60.8597,-31.85176],[-60.91394,-31.94767],[-60.94118,-32.0966],[-60.92419,-32.12221],[-60.93481,-32.21195],[-60.90707,-32.25538],[-60.91107,-32.29572],[-60.84408,-32.36523],[-60.79911,-32.44731],[-60.80075,-32.54863],[-60.72593,-32.67669],[-60.72127,-32.67489],[-60.71696,-32.67399],[-60.71692,-32.67409],[-60.70715,-32.6685],[-60.70355,-32.66609],[-60.7002,-32.66344],[-60.69079,-32.65494],[-60.67542,-32.62693],[-60.60748,-32.62501],[-60.53811,-32.59243],[-60.5253,-32.58114],[-60.52305,-32.57797],[-60.52283,-32.57405],[-60.52243,-32.57012],[-60.52122,-32.56635],[-60.51298,-32.55726],[-60.51214,-32.55352],[-60.51396,-32.54991],[-60.51566,-32.54616],[-60.51653,-32.54246],[-60.51391,-32.53928],[-60.51148,-32.53596],[-60.50935,-32.53253],[-60.50026,-32.51476],[-60.49461,-32.48026],[-60.46806,-32.46569],[-60.47762,-32.43599],[-60.42257,-32.41053],[-60.47805,-32.36782],[-60.52567,-32.26122],[-60.57131,-32.22765],[-60.58416,-32.14367],[-60.61973,-32.12788],[-60.62062,-32.12774],[-60.62155,-32.12797],[-60.62262,-32.12834],[-60.62339,-32.12857],[-60.62465,-32.12958],[-60.62954,-32.12807],[-60.63238,-32.12308],[-60.63446,-32.12145],[-60.63485,-32.11999],[-60.63518,-32.11913],[-60.63585,-32.11813],[-60.64026,-32.11513],[-60.65117,-32.0938],[-60.6521,-32.06732],[-60.62262,-32.04237],[-60.62797,-32.02347],[-60.68294,-31.96022],[-60.72851,-31.95918],[-60.74675,-31.90787],[-60.72349,-31.86983],[-60.82494,-31.88102],[-60.83352,-31.81916]]]},"properties":{"fid":215,"SITE_ID":555624186,"SITE_PID":"555624186","SITE_TYPE":"PA","NAME_ENG":"Delta del Paraná","NAME":"Delta del Paraná","DESIG":"Sitio Ramsar, Humedal de Importancia Internacional","DESIG_ENG":"Wetland of International Importance (Ramsar Site)","DESIG_TYPE":"International","IUCN_CAT":"Not Reported","INT_CRIT":"(i);(ii);(iii);(iv);(vii);(viii)","REALM":"Terrestrial","REP_M_AREA":0,"GIS_M_AREA":0,"REP_AREA":2431.26,"GIS_AREA":2430.9788531444206,"NO_TAKE":"Not Applicable","NO_TK_AREA":0,"STATUS":"Designated","STATUS_YR":2015,"GOV_TYPE":"Not Reported","GOVSUBTYPE":"Not Applicable","OWN_TYPE":"Not Reported","OWNSUBTYPE":"Not Applicable","MANG_AUTH":"Not Reported","MANG_PLAN":"https://rsis.ramsar.org/ris/2255","VERIF":"State Verified","METADATAID":1852,"PRNT_ISO3":"ARG","ISO3":"ARG","SUPP_INFO":"Not Applicable","CONS_OBJ":"Not Applicable","INLND_WTRS":"Not Reported","OECM_ASMT":"Not Applicable","layer":"WDPA_W~1"}},{"type":"Feature","geometry":{"type":"Polygon","coordinates":[[[-71.63277,-42.56761],[-71.6361,-42.56492],[-71.63486,-42.56278],[-71.64109,-42.55982],[-71.64249,-42.55779],[-71.64744,-42.55809],[-71.65771,-42.56993],[-71.66249,-42.57616],[-71.66311,-42.57794],[-72.05429,-42.56741],[-72.05585,-42.56888],[-72.05642,-42.56981],[-72.05647,-42.56988],[-72.05679,-42.57031],[-72.05902,-42.57108],[-72.06448,-42.57265],[-72.0664,-42.57145],[-72.06812,-42.56992],[-72.0683,-42.56967],[-72.07077,-42.56731],[-72.07154,-42.56698],[-72.07284,-42.56628],[-72.07344,-42.56612],[-72.07407,-42.56602],[-72.07497,-42.56621],[-72.07517,-42.56632],[-72.07637,-42.56715],[-72.07687,-42.56768],[-72.07724,-42.56822],[-72.07777,-42.56882],[-72.07827,-42.56908],[-72.07853,-42.56928],[-72.07874,-42.56945],[-72.07914,-42.56981],[-72.07993,-42.57161],[-72.07997,-42.57164],[-72.07998,-42.57166],[-72.08024,-42.57241],[-72.0814,-42.57351],[-72.0834,-42.57544],[-72.0852,-42.57678],[-72.0873,-42.57917],[-72.0878,-42.57961],[-72.08857,-42.58004],[-72.0905,-42.58064],[-72.09236,-42.58204],[-72.09296,-42.58327],[-72.093,-42.58394],[-72.09283,-42.58444],[-72.09283,-42.58457],[-72.09286,-42.58517],[-72.09359,-42.58574],[-72.09413,-42.58624],[-72.09503,-42.58684],[-72.09592,-42.58734],[-72.09636,-42.5879],[-72.09639,-42.58795],[-72.09703,-42.589],[-72.09716,-42.58937],[-72.09691,-42.58984],[-72.09689,-42.58987],[-72.09663,-42.5903],[-72.09657,-42.59039],[-72.09643,-42.5906],[-72.09609,-42.591],[-72.09609,-42.59147],[-72.09611,-42.59164],[-72.09613,-42.59181],[-72.09619,-42.59237],[-72.09669,-42.593],[-72.09693,-42.59311],[-72.09803,-42.5936],[-72.09925,-42.59432],[-72.10006,-42.59483],[-72.10066,-42.59544],[-72.10139,-42.59656],[-72.10162,-42.59716],[-72.10199,-42.59813],[-72.10202,-42.59817],[-72.10279,-42.5994],[-72.10545,-42.60135],[-72.1074,-42.60155],[-72.1098,-42.60185],[-72.11858,-42.60356],[-72.11808,-42.60403],[-72.11751,-42.60433],[-72.11701,-42.60473],[-72.11651,-42.60534],[-72.11618,-42.60573],[-72.11571,-42.60634],[-72.11466,-42.60806],[-72.11412,-42.60909],[-72.11392,-42.61032],[-72.11395,-42.61106],[-72.11415,-42.61175],[-72.11446,-42.6124],[-72.11452,-42.61256],[-72.11452,-42.61262],[-72.11452,-42.61319],[-72.11375,-42.61465],[-72.11345,-42.61518],[-72.11308,-42.61585],[-72.11305,-42.61639],[-72.11309,-42.61653],[-72.11318,-42.61681],[-72.11358,-42.61718],[-72.11395,-42.61752],[-72.11442,-42.61962],[-72.11468,-42.62032],[-72.11491,-42.62112],[-72.11491,-42.62172],[-72.11485,-42.62285],[-72.11507,-42.62425],[-72.11509,-42.62427],[-72.11545,-42.62548],[-72.11595,-42.6258],[-72.11665,-42.62631],[-72.11688,-42.62671],[-72.11708,-42.62751],[-72.11711,-42.62759],[-72.11731,-42.62811],[-72.11746,-42.62839],[-72.11755,-42.62861],[-72.11768,-42.62911],[-72.11755,-42.62928],[-72.11701,-42.62971],[-72.11631,-42.6298],[-72.11556,-42.6303],[-72.11369,-42.6309],[-72.11212,-42.63068],[-72.10927,-42.6303],[-72.10763,-42.63008],[-72.10739,-42.63008],[-72.10599,-42.62991],[-72.10406,-42.63008],[-72.10312,-42.63061],[-72.10272,-42.63111],[-72.10156,-42.63277],[-72.10112,-42.63337],[-72.10059,-42.63384],[-72.10019,-42.63424],[-72.09989,-42.63464],[-72.09999,-42.63514],[-72.09979,-42.63561],[-72.09976,-42.63641],[-72.09976,-42.63732],[-72.09939,-42.63802],[-72.09789,-42.63802],[-72.09722,-42.63967],[-72.09589,-42.64144],[-72.09586,-42.6415],[-72.09603,-42.64203],[-72.09603,-42.64204],[-72.09683,-42.6424],[-72.09759,-42.64273],[-72.09946,-42.64341],[-72.09952,-42.64343],[-72.10049,-42.64437],[-72.10079,-42.64503],[-72.10102,-42.64567],[-72.10116,-42.64633],[-72.10152,-42.64683],[-72.10162,-42.64696],[-72.10321,-42.64797],[-72.10591,-42.6482],[-72.10604,-42.64828],[-72.10689,-42.6487],[-72.10785,-42.64933],[-72.10842,-42.65003],[-72.10902,-42.65086],[-72.10927,-42.6514],[-72.10935,-42.65149],[-72.10934,-42.652],[-72.10919,-42.6522],[-72.10902,-42.65236],[-72.10915,-42.65319],[-72.10958,-42.65406],[-72.10985,-42.65433],[-72.1106,-42.65465],[-72.11152,-42.65509],[-72.11192,-42.65523],[-72.11312,-42.65699],[-72.11355,-42.65786],[-72.11399,-42.65801],[-72.11473,-42.65842],[-72.11571,-42.65872],[-72.11788,-42.66042],[-72.1186,-42.66112],[-72.11895,-42.66249],[-72.11901,-42.66277],[-72.11908,-42.66305],[-72.11941,-42.66372],[-72.12021,-42.66432],[-72.121,-42.66607],[-72.12234,-42.67118],[-72.12234,-42.67184],[-72.12254,-42.67298],[-72.12254,-42.67302],[-72.12322,-42.67339],[-72.12632,-42.67271],[-72.13645,-42.68084],[-72.1413,-42.68127],[-72.15572,-42.67814],[-72.16395,-42.67751],[-72.17158,-42.67218],[-72.17838,-42.68917],[-72.17861,-42.68977],[-72.17864,-42.69083],[-72.17814,-42.6912],[-72.17724,-42.692],[-72.17681,-42.69247],[-72.17668,-42.6929],[-72.17671,-42.6935],[-72.17981,-42.6967],[-72.1798,-42.69686],[-72.17978,-42.69736],[-72.17814,-42.69833],[-72.1741,-42.70119],[-72.16718,-42.70499],[-72.15739,-42.70566],[-72.15212,-42.70719],[-72.15126,-42.70802],[-72.15103,-42.70866],[-72.15121,-42.70919],[-72.15126,-42.70932],[-72.13812,-42.71173],[-72.13757,-42.71252],[-72.1395,-42.71772],[-72.13927,-42.71912],[-72.13625,-42.727],[-72.12937,-42.73061],[-72.12887,-42.73087],[-72.12841,-42.73137],[-72.12857,-42.73214],[-72.12906,-42.73255],[-72.13577,-42.73767],[-72.1459,-42.7411],[-72.14656,-42.7416],[-72.14706,-42.74213],[-72.14616,-42.7438],[-72.14501,-42.74505],[-72.14474,-42.74596],[-72.1446,-42.74763],[-72.1452,-42.74863],[-72.14533,-42.74926],[-72.14493,-42.75013],[-72.14186,-42.75179],[-72.1368,-42.75389],[-72.13634,-42.75536],[-72.13397,-42.75899],[-72.13534,-42.76079],[-72.13539,-42.76111],[-72.13476,-42.76216],[-72.13466,-42.76294],[-72.1344,-42.76345],[-72.13406,-42.7647],[-72.13434,-42.76655],[-72.13429,-42.76801],[-72.1332,-42.77165],[-72.1337,-42.77291],[-72.13214,-42.77619],[-72.13134,-42.77711],[-72.13135,-42.7772],[-72.13141,-42.77755],[-72.13157,-42.77798],[-72.13573,-42.78057],[-72.13863,-42.78208],[-72.14037,-42.78241],[-72.14083,-42.78299],[-72.14083,-42.78331],[-72.14078,-42.78373],[-72.14073,-42.78411],[-72.13973,-42.78632],[-72.1392,-42.78697],[-72.13863,-42.78817],[-72.13853,-42.79004],[-72.14072,-42.79391],[-72.14366,-42.7962],[-72.14928,-42.79926],[-72.15193,-42.79886],[-72.16222,-42.79843],[-72.16492,-42.79888],[-72.16492,-42.79948],[-72.16462,-42.8009],[-72.16392,-42.80216],[-72.16245,-42.8041],[-72.16209,-42.80496],[-72.16209,-42.80559],[-72.16218,-42.80719],[-72.16216,-42.80746],[-72.16195,-42.80843],[-72.16105,-42.81009],[-72.15636,-42.81466],[-72.15586,-42.81659],[-72.15573,-42.81705],[-72.15559,-42.81752],[-72.15597,-42.81973],[-72.15646,-42.82079],[-72.15938,-42.82355],[-72.15945,-42.82412],[-72.15938,-42.82421],[-72.15922,-42.82442],[-72.15875,-42.82488],[-72.15929,-42.82652],[-72.15924,-42.82682],[-72.15919,-42.82711],[-72.15132,-42.8319],[-72.15045,-42.8323],[-72.14999,-42.83257],[-72.14936,-42.83304],[-72.14826,-42.84236],[-72.14657,-42.84566],[-72.14669,-42.84772],[-72.14626,-42.84876],[-72.14629,-42.85079],[-72.14616,-42.85184],[-72.14599,-42.85219],[-72.13556,-42.85462],[-72.13463,-42.85462],[-72.13449,-42.85467],[-72.1341,-42.85482],[-72.13241,-42.85478],[-72.13323,-42.86675],[-72.13313,-42.86861],[-72.133,-42.86964],[-72.12141,-42.87627],[-72.12084,-42.87671],[-72.11965,-42.87772],[-72.11937,-42.87797],[-72.11647,-42.88471],[-72.13953,-42.89723],[-72.14083,-42.89989],[-72.14083,-42.90039],[-72.14082,-42.90071],[-72.14079,-42.90132],[-72.14063,-42.90223],[-72.1402,-42.90306],[-72.13233,-42.90825],[-72.13185,-42.90855],[-72.13173,-42.90862],[-72.13113,-42.90892],[-72.1299,-42.91075],[-72.13073,-42.91239],[-72.1307,-42.91298],[-72.11902,-42.92],[-72.11605,-42.92331],[-72.11538,-42.92359],[-72.11432,-42.92406],[-72.11238,-42.92454],[-72.11225,-42.92478],[-72.11644,-42.93601],[-72.11538,-42.93673],[-72.11493,-42.93752],[-72.10633,-42.93949],[-72.10631,-42.93948],[-72.10458,-42.93907],[-72.10398,-42.939],[-72.10362,-42.939],[-72.10332,-42.93933],[-72.1033,-42.94185],[-72.10318,-42.94231],[-72.10295,-42.94302],[-72.09712,-42.94307],[-72.09646,-42.94307],[-72.09599,-42.94327],[-72.09565,-42.94375],[-72.09479,-42.94436],[-72.09256,-42.94719],[-72.09208,-42.94974],[-72.09199,-42.95056],[-72.09166,-42.95129],[-72.09054,-42.95238],[-72.08777,-42.95382],[-72.08506,-42.95436],[-72.0821,-42.94989],[-72.07867,-42.9496],[-72.07373,-42.94996],[-72.07251,-42.95027],[-72.07084,-42.95257],[-72.0699,-42.95486],[-72.07002,-42.95615],[-72.06952,-42.95747],[-72.06647,-42.95929],[-72.06521,-42.95939],[-72.06393,-42.95961],[-72.06361,-42.96017],[-72.0639,-42.96082],[-72.06425,-42.9614],[-72.06335,-42.96369],[-72.05849,-42.97126],[-72.05907,-42.9731],[-72.05733,-42.97439],[-72.05597,-42.97523],[-72.05448,-42.97621],[-72.05681,-42.98186],[-72.0561,-42.98315],[-72.0554,-42.98452],[-72.04873,-42.98618],[-72.04373,-42.98995],[-72.04014,-43.00226],[-72.04042,-43.0033],[-72.03739,-43.01123],[-72.03663,-43.01326],[-72.03541,-43.01407],[-72.03378,-43.01484],[-72.02961,-43.01437],[-72.0229,-43.01679],[-72.01777,-43.02152],[-72.01661,-43.02425],[-72.00891,-43.03218],[-72.00518,-43.03515],[-72.00271,-43.03765],[-71.99842,-43.03873],[-71.99665,-43.03868],[-71.99549,-43.03761],[-71.99463,-43.03677],[-71.99073,-43.03518],[-71.98256,-43.03571],[-71.98173,-43.03598],[-71.9802,-43.03695],[-71.98046,-43.03978],[-71.97953,-43.04374],[-71.97836,-43.04577],[-71.97663,-43.04571],[-71.97387,-43.04581],[-71.9732,-43.04601],[-71.9718,-43.04541],[-71.96477,-43.04015],[-71.95849,-43.04054],[-71.95208,-43.04465],[-71.94564,-43.04578],[-71.93957,-43.05261],[-71.93751,-43.05311],[-71.93583,-43.05422],[-71.93581,-43.06633],[-71.93707,-43.06833],[-71.93424,-43.08022],[-71.93467,-43.08136],[-71.93724,-43.08385],[-71.93941,-43.08695],[-71.94095,-43.08921],[-71.94107,-43.09065],[-71.94114,-43.09138],[-71.94176,-43.09191],[-71.94201,-43.09197],[-71.94314,-43.09235],[-71.94353,-43.09252],[-71.93358,-43.10174],[-71.93338,-43.10234],[-71.93181,-43.10251],[-71.92846,-43.10174],[-71.92258,-43.10101],[-71.89317,-43.10707],[-71.89064,-43.1156],[-71.889,-43.12456],[-71.88814,-43.12619],[-71.88637,-43.12703],[-71.88182,-43.12701],[-71.88067,-43.12772],[-71.87991,-43.12708],[-71.87837,-43.12627],[-71.87551,-43.12521],[-71.87427,-43.12373],[-71.87305,-43.12099],[-71.86826,-43.11619],[-71.86688,-43.11034],[-71.84757,-43.0891],[-71.84338,-43.08172],[-71.83012,-43.04127],[-71.82347,-43.03944],[-71.80456,-43.03506],[-71.765,-43.02258],[-71.72368,-42.97696],[-71.72245,-42.9576],[-71.66108,-42.95548],[-71.61374,-42.88809],[-71.6115,-42.88707],[-71.59768,-42.88362],[-71.60561,-42.86127],[-71.60365,-42.85537],[-71.60388,-42.85398],[-71.61227,-42.82775],[-71.61875,-42.82315],[-71.62364,-42.82271],[-71.65109,-42.81229],[-71.66084,-42.80778],[-71.66836,-42.80547],[-71.67313,-42.80528],[-71.68189,-42.80849],[-71.68855,-42.81146],[-71.70497,-42.81612],[-71.71692,-42.81476],[-71.71718,-42.80703],[-71.73495,-42.77717],[-71.73575,-42.76834],[-71.73909,-42.76573],[-71.75143,-42.75495],[-71.74137,-42.72885],[-71.73838,-42.72334],[-71.73289,-42.72233],[-71.72565,-42.71676],[-71.72479,-42.7103],[-71.7191,-42.69974],[-71.71491,-42.69133],[-71.70971,-42.69299],[-71.70597,-42.69051],[-71.7084,-42.68771],[-71.69756,-42.67242],[-71.68978,-42.66735],[-71.68837,-42.66701],[-71.67846,-42.66644],[-71.67515,-42.66127],[-71.67157,-42.65466],[-71.67473,-42.63797],[-71.67339,-42.63269],[-71.66063,-42.62126],[-71.65899,-42.62015],[-71.6453,-42.60686],[-71.64523,-42.60529],[-71.64288,-42.59723],[-71.64173,-42.5886],[-71.64428,-42.58206],[-71.64338,-42.58011],[-71.6418,-42.57823],[-71.64079,-42.57691],[-71.64007,-42.57631],[-71.6374,-42.57274],[-71.63587,-42.571],[-71.6341,-42.57046],[-71.63362,-42.56907],[-71.63291,-42.56832],[-71.63277,-42.56761]]]},"properties":{"fid":216,"SITE_ID":555624858,"SITE_PID":"555624858","SITE_TYPE":"PA","NAME_ENG":"Los Alerces National Park","NAME":"Parque Nacional Los Alerces","DESIG":"Sitio Patrimonio de la Humanidad (natural o mixto)","DESIG_ENG":"World Heritage Site (natural or mixed)","DESIG_TYPE":"International","IUCN_CAT":"Not Applicable","INT_CRIT":"(vii);(x)","REALM":"Terrestrial","REP_M_AREA":0,"GIS_M_AREA":0,"REP_AREA":1883.79,"GIS_AREA":1884.16597436111,"NO_TAKE":"Not Applicable","NO_TK_AREA":0,"STATUS":"Inscribed","STATUS_YR":2017,"GOV_TYPE":"Federal or national ministry or agency","GOVSUBTYPE":"Not Applicable","OWN_TYPE":"Not Reported","OWNSUBTYPE":"Not Applicable","MANG_AUTH":"Not Reported","MANG_PLAN":"Not Reported","VERIF":"State Verified","METADATAID":946,"PRNT_ISO3":"ARG","ISO3":"ARG","SUPP_INFO":"Not Applicable","CONS_OBJ":"Not Applicable","INLND_WTRS":"Not Reported","OECM_ASMT":"Not Applicable","layer":"WDPA_W~1"}},{"type":"Feature","geometry":{"type":"MultiPolygon","coordinates":[[[[-63.75668,-25.12456],[-63.86532,-25.11255],[-63.85955,-25.13494],[-63.75668,-25.12456]]],[[[-63.74167,-25.18618],[-63.8068,-25.16271],[-63.80348,-25.18013],[-63.74167,-25.18618]]],[[[-63.75369,-25.00191],[-63.81995,-25.00997],[-63.82236,-25.02343],[-63.75949,-25.03213],[-63.75369,-25.00191]]],[[[-63.59862,-25.30195],[-63.59857,-25.29009],[-63.62928,-25.28996],[-63.62927,-25.30195],[-63.59862,-25.30195]]],[[[-63.59803,-25.24667],[-63.63898,-25.25327],[-63.60311,-25.26393],[-63.59803,-25.24667]]],[[[-63.59975,-25.21704],[-63.61971,-25.21676],[-63.61957,-25.23153],[-63.56808,-25.2316],[-63.59965,-25.22789],[-63.59975,-25.21704]]],[[[-63.59943,-25.14545],[-63.59904,-25.1285],[-63.70093,-25.13294],[-63.7025,-25.1475],[-63.59943,-25.14545]]],[[[-63.69288,-25.08792],[-63.69066,-25.07116],[-63.76416,-25.05928],[-63.76612,-25.08949],[-63.69288,-25.08792]]],[[[-63.76825,-25.08286],[-63.87719,-25.06568],[-63.86724,-25.10465],[-63.79557,-25.11228],[-63.76293,-25.10182],[-63.76825,-25.08286]]]]},"properties":{"fid":217,"SITE_ID":555626116,"SITE_PID":"555626116","SITE_TYPE":"PA","NAME_ENG":"Inversora Juramento","NAME":"Inversora Juramento","DESIG":"Reserva Privada","DESIG_ENG":"Private Reserve","DESIG_TYPE":"National","IUCN_CAT":"VI","INT_CRIT":"Not Applicable","REALM":"Terrestrial","REP_M_AREA":0,"GIS_M_AREA":0,"REP_AREA":140.89,"GIS_AREA":126.390970219507,"NO_TAKE":"Not Applicable","NO_TK_AREA":0,"STATUS":"Designated","STATUS_YR":2015,"GOV_TYPE":"Not Reported","GOVSUBTYPE":"Not Applicable","OWN_TYPE":"Not Reported","OWNSUBTYPE":"Not Applicable","MANG_AUTH":"Not Reported","MANG_PLAN":"Not Reported","VERIF":"State Verified","METADATAID":1852,"PRNT_ISO3":"ARG","ISO3":"ARG","SUPP_INFO":"Not Applicable","CONS_OBJ":"Not Applicable","INLND_WTRS":"Not Reported","OECM_ASMT":"Not Applicable","layer":"WDPA_W~1"}},{"type":"Feature","geometry":{"type":"Polygon","coordinates":[[[-64.76451,-24.63299],[-64.8227,-24.63541],[-64.78713,-24.69853],[-64.80537,-24.75483],[-64.76874,-24.73604],[-64.77584,-24.71179],[-64.75346,-24.66117],[-64.76451,-24.63299]]]},"properties":{"fid":218,"SITE_ID":555626118,"SITE_PID":"555626118","SITE_TYPE":"PA","NAME_ENG":"Garrapata","NAME":"Garrapata","DESIG":"Reserva Natural Privada","DESIG_ENG":"Private Nature Reserve","DESIG_TYPE":"National","IUCN_CAT":"VI","INT_CRIT":"Not Applicable","REALM":"Terrestrial","REP_M_AREA":0,"GIS_M_AREA":0,"REP_AREA":48.11,"GIS_AREA":43.5266745394813,"NO_TAKE":"Not Applicable","NO_TK_AREA":0,"STATUS":"Designated","STATUS_YR":2015,"GOV_TYPE":"Not Reported","GOVSUBTYPE":"Not Applicable","OWN_TYPE":"Not Reported","OWNSUBTYPE":"Not Applicable","MANG_AUTH":"Not Reported","MANG_PLAN":"Not Reported","VERIF":"State Verified","METADATAID":1852,"PRNT_ISO3":"ARG","ISO3":"ARG","SUPP_INFO":"Not Applicable","CONS_OBJ":"Not Applicable","INLND_WTRS":"Not Reported","OECM_ASMT":"Not Applicable","layer":"WDPA_W~1"}},{"type":"Feature","geometry":{"type":"Polygon","coordinates":[[[-61.08129,-33.79316],[-60.97261,-33.69126],[-61.04186,-33.60153],[-61.0737,-33.53001],[-61.13667,-33.56062],[-61.26487,-33.60097],[-61.2681,-33.60168],[-61.28203,-33.60409],[-61.29585,-33.60649],[-61.24315,-33.67464],[-61.31681,-33.71375],[-61.38179,-33.74882],[-61.47415,-33.79838],[-61.45531,-33.82276],[-61.36445,-33.80427],[-61.3616,-33.80305],[-61.35944,-33.80178],[-61.35725,-33.80043],[-61.35441,-33.79964],[-61.35172,-33.79978],[-61.35099,-33.80005],[-61.35021,-33.8004],[-61.33759,-33.80732],[-61.24916,-33.81433],[-61.18469,-33.87004],[-61.15745,-33.86446],[-61.08129,-33.79316]]]},"properties":{"fid":219,"SITE_ID":555626120,"SITE_PID":"555626120","SITE_TYPE":"PA","NAME_ENG":"Arroyo Sauce-Pavón","NAME":"Arroyo Sauce-Pavón","DESIG":"Reserva Hídrica Natural","DESIG_ENG":"Natural Water Reserve","DESIG_TYPE":"National","IUCN_CAT":"Not Reported","INT_CRIT":"Not Applicable","REALM":"Terrestrial","REP_M_AREA":0,"GIS_M_AREA":0,"REP_AREA":0,"GIS_AREA":803.323899218245,"NO_TAKE":"Not Applicable","NO_TK_AREA":0,"STATUS":"Designated","STATUS_YR":0,"GOV_TYPE":"Not Reported","GOVSUBTYPE":"Not Applicable","OWN_TYPE":"Not Reported","OWNSUBTYPE":"Not Applicable","MANG_AUTH":"Not Reported","MANG_PLAN":"Not Reported","VERIF":"State Verified","METADATAID":1852,"PRNT_ISO3":"ARG","ISO3":"ARG","SUPP_INFO":"Not Applicable","CONS_OBJ":"Not Applicable","INLND_WTRS":"Not Reported","OECM_ASMT":"Not Applicable","layer":"WDPA_W~1"}},{"type":"Feature","geometry":{"type":"Polygon","coordinates":[[[-61.39961,-31.99004],[-61.39592,-31.97469],[-61.41595,-31.97108],[-61.43247,-32.03675],[-61.40851,-32.04095],[-61.39961,-31.99004]]]},"properties":{"fid":220,"SITE_ID":555626121,"SITE_PID":"555626121","SITE_TYPE":"PA","NAME_ENG":"Federico Wildermuth","NAME":"Federico Wildermuth","DESIG":"Reserva Privada de Uso Múltiple","DESIG_ENG":"Private Multiple Use Reserve","DESIG_TYPE":"National","IUCN_CAT":"VI","INT_CRIT":"Not Applicable","REALM":"Terrestrial","REP_M_AREA":0,"GIS_M_AREA":0,"REP_AREA":16.24,"GIS_AREA":16.4807365326099,"NO_TAKE":"Not Applicable","NO_TK_AREA":0,"STATUS":"Designated","STATUS_YR":2014,"GOV_TYPE":"Not Reported","GOVSUBTYPE":"Not Applicable","OWN_TYPE":"Not Reported","OWNSUBTYPE":"Not Applicable","MANG_AUTH":"Not Reported","MANG_PLAN":"Not Reported","VERIF":"State Verified","METADATAID":1852,"PRNT_ISO3":"ARG","ISO3":"ARG","SUPP_INFO":"Not Applicable","CONS_OBJ":"Not Applicable","INLND_WTRS":"Not Reported","OECM_ASMT":"Not Applicable","layer":"WDPA_W~1"}},{"type":"Feature","geometry":{"type":"Polygon","coordinates":[[[-61.01697,-28.70943],[-61.14428,-28.68997],[-61.17484,-28.84774],[-61.0487,-28.86656],[-61.01697,-28.70943]]]},"properties":{"fid":221,"SITE_ID":555626122,"SITE_PID":"555626122","SITE_TYPE":"PA","NAME_ENG":"Isleta Linda","NAME":"Isleta Linda","DESIG":"Reserva Privada de Uso Múltiple","DESIG_ENG":"Private Multiple Use Reserve","DESIG_TYPE":"National","IUCN_CAT":"VI","INT_CRIT":"Not Applicable","REALM":"Terrestrial","REP_M_AREA":0,"GIS_M_AREA":0,"REP_AREA":22.154,"GIS_AREA":222.381009629087,"NO_TAKE":"Not Applicable","NO_TK_AREA":0,"STATUS":"Designated","STATUS_YR":2010,"GOV_TYPE":"Not Reported","GOVSUBTYPE":"Not Applicable","OWN_TYPE":"Not Reported","OWNSUBTYPE":"Not Applicable","MANG_AUTH":"Not Reported","MANG_PLAN":"Not Reported","VERIF":"State Verified","METADATAID":1852,"PRNT_ISO3":"ARG","ISO3":"ARG","SUPP_INFO":"Not Applicable","CONS_OBJ":"Not Applicable","INLND_WTRS":"Not Reported","OECM_ASMT":"Not Applicable","layer":"WDPA_W~1"}},{"type":"Feature","geometry":{"type":"Polygon","coordinates":[[[-60.21272,-29.28817],[-60.24022,-29.28392],[-60.25297,-29.35033],[-60.22555,-29.35425],[-60.21272,-29.28817]]]},"properties":{"fid":222,"SITE_ID":555626123,"SITE_PID":"555626123","SITE_TYPE":"PA","NAME_ENG":"Potrero 7b","NAME":"Potrero 7b","DESIG":"Reserva Natural Manejada","DESIG_ENG":"Nature Reserve","DESIG_TYPE":"National","IUCN_CAT":"IV","INT_CRIT":"Not Applicable","REALM":"Terrestrial","REP_M_AREA":0,"GIS_M_AREA":0,"REP_AREA":20,"GIS_AREA":20.1485694251315,"NO_TAKE":"Not Applicable","NO_TK_AREA":0,"STATUS":"Designated","STATUS_YR":1992,"GOV_TYPE":"Not Reported","GOVSUBTYPE":"Not Applicable","OWN_TYPE":"Not Reported","OWNSUBTYPE":"Not Applicable","MANG_AUTH":"Not Reported","MANG_PLAN":"Not Reported","VERIF":"State Verified","METADATAID":1852,"PRNT_ISO3":"ARG","ISO3":"ARG","SUPP_INFO":"Not Applicable","CONS_OBJ":"Not Applicable","INLND_WTRS":"Not Reported","OECM_ASMT":"Not Applicable","layer":"WDPA_W~1"}},{"type":"Feature","geometry":{"type":"Polygon","coordinates":[[[-62.06411,-33.30903],[-62.31497,-33.64046],[-62.29431,-33.65595],[-62.01398,-33.7058],[-61.9974,-33.72269],[-61.51201,-33.46129],[-61.53524,-33.43421],[-61.79446,-33.35113],[-62.06411,-33.30903]]]},"properties":{"fid":223,"SITE_ID":555626124,"SITE_PID":"555626124","SITE_TYPE":"PA","NAME_ENG":"Arroyo Saladillo","NAME":"Arroyo Saladillo","DESIG":"Reserva Hídrica Natural","DESIG_ENG":"Reserva Hídrica Natural","DESIG_TYPE":"National","IUCN_CAT":"VI","INT_CRIT":"Not Applicable","REALM":"Terrestrial","REP_M_AREA":0,"GIS_M_AREA":0,"REP_AREA":1894,"GIS_AREA":1883.81027075226,"NO_TAKE":"Not Applicable","NO_TK_AREA":0,"STATUS":"Designated","STATUS_YR":2015,"GOV_TYPE":"Not Reported","GOVSUBTYPE":"Not Applicable","OWN_TYPE":"Not Reported","OWNSUBTYPE":"Not Applicable","MANG_AUTH":"Not Reported","MANG_PLAN":"Not Reported","VERIF":"State Verified","METADATAID":1852,"PRNT_ISO3":"ARG","ISO3":"ARG","SUPP_INFO":"Not Applicable","CONS_OBJ":"Not Applicable","INLND_WTRS":"Not Reported","OECM_ASMT":"Not Applicable","layer":"WDPA_W~1"}},{"type":"Feature","geometry":{"type":"Polygon","coordinates":[[[-60.26453,-28.80331],[-60.31444,-28.78439],[-60.33342,-28.82156],[-60.26453,-28.82672],[-60.26453,-28.80331]]]},"properties":{"fid":224,"SITE_ID":555626125,"SITE_PID":"555626125","SITE_TYPE":"PA","NAME_ENG":"La Loca","NAME":"La Loca","DESIG":"Reserva Natural","DESIG_ENG":"Nature Reserve","DESIG_TYPE":"National","IUCN_CAT":"VI","INT_CRIT":"Not Applicable","REALM":"Terrestrial","REP_M_AREA":0,"GIS_M_AREA":0,"REP_AREA":21.69,"GIS_AREA":21.7538455672925,"NO_TAKE":"Not Applicable","NO_TK_AREA":0,"STATUS":"Designated","STATUS_YR":1969,"GOV_TYPE":"Not Reported","GOVSUBTYPE":"Not Applicable","OWN_TYPE":"Not Reported","OWNSUBTYPE":"Not Applicable","MANG_AUTH":"Not Reported","MANG_PLAN":"Not Reported","VERIF":"State Verified","METADATAID":1852,"PRNT_ISO3":"ARG","ISO3":"ARG","SUPP_INFO":"Not Applicable","CONS_OBJ":"Not Applicable","INLND_WTRS":"Not Reported","OECM_ASMT":"Not Applicable","layer":"WDPA_W~1"}},{"type":"Feature","geometry":{"type":"Polygon","coordinates":[[[-60.99789,-30.19476],[-60.98901,-30.1554],[-61.01774,-30.15122],[-61.02736,-30.20079],[-61.00702,-30.20678],[-60.99789,-30.19476]]]},"properties":{"fid":225,"SITE_ID":555626126,"SITE_PID":"555626126","SITE_TYPE":"PA","NAME_ENG":"El Fisco","NAME":"El Fisco","DESIG":"Reserva Natural Manejada","DESIG_ENG":"Managed Nature Reserve","DESIG_TYPE":"National","IUCN_CAT":"VI","INT_CRIT":"Not Applicable","REALM":"Terrestrial","REP_M_AREA":0,"GIS_M_AREA":0,"REP_AREA":15.74,"GIS_AREA":15.9318139098843,"NO_TAKE":"Not Applicable","NO_TK_AREA":0,"STATUS":"Designated","STATUS_YR":2008,"GOV_TYPE":"Not Reported","GOVSUBTYPE":"Not Applicable","OWN_TYPE":"Not Reported","OWNSUBTYPE":"Not Applicable","MANG_AUTH":"Not Reported","MANG_PLAN":"Not Reported","VERIF":"State Verified","METADATAID":1852,"PRNT_ISO3":"ARG","ISO3":"ARG","SUPP_INFO":"Not Applicable","CONS_OBJ":"Not Applicable","INLND_WTRS":"Not Reported","OECM_ASMT":"Not Applicable","layer":"WDPA_W~1"}},{"type":"Feature","geometry":{"type":"Polygon","coordinates":[[[-60.65819,-31.31938],[-60.65968,-31.34274],[-60.62249,-31.35048],[-60.60866,-31.33054],[-60.65819,-31.31938]]]},"properties":{"fid":226,"SITE_ID":555626127,"SITE_PID":"555626127","SITE_TYPE":"PA","NAME_ENG":"Estancia Santa Catalina","NAME":"Estancia Santa Catalina","DESIG":"Reserva Privada de Uso Múltiple","DESIG_ENG":"Private Multiple Use Reserve","DESIG_TYPE":"National","IUCN_CAT":"VI","INT_CRIT":"Not Applicable","REALM":"Terrestrial","REP_M_AREA":0,"GIS_M_AREA":0,"REP_AREA":17.73,"GIS_AREA":10.1432176641208,"NO_TAKE":"Not Applicable","NO_TK_AREA":0,"STATUS":"Designated","STATUS_YR":2014,"GOV_TYPE":"Not Reported","GOVSUBTYPE":"Not Applicable","OWN_TYPE":"Not Reported","OWNSUBTYPE":"Not Applicable","MANG_AUTH":"Not Reported","MANG_PLAN":"Not Reported","VERIF":"State Verified","METADATAID":1852,"PRNT_ISO3":"ARG","ISO3":"ARG","SUPP_INFO":"Not Applicable","CONS_OBJ":"Not Applicable","INLND_WTRS":"Not Reported","OECM_ASMT":"Not Applicable","layer":"WDPA_W~1"}},{"type":"Feature","geometry":{"type":"Polygon","coordinates":[[[-60.16138,-31.20714],[-60.16703,-31.22123],[-60.15329,-31.2163],[-60.16138,-31.20714]]]},"properties":{"fid":227,"SITE_ID":555626128,"SITE_PID":"555626128","SITE_TYPE":"PA","NAME_ENG":"Santa Fe la Vieja","NAME":"Santa Fe la Vieja","DESIG":"Parque Arqueológico","DESIG_ENG":"Archaeological Park","DESIG_TYPE":"National","IUCN_CAT":"VI","INT_CRIT":"Not Applicable","REALM":"Terrestrial","REP_M_AREA":0,"GIS_M_AREA":0,"REP_AREA":0.69,"GIS_AREA":0.980322655644349,"NO_TAKE":"Not Applicable","NO_TK_AREA":0,"STATUS":"Designated","STATUS_YR":1970,"GOV_TYPE":"Not Reported","GOVSUBTYPE":"Not Applicable","OWN_TYPE":"Not Reported","OWNSUBTYPE":"Not Applicable","MANG_AUTH":"Not Reported","MANG_PLAN":"Not Reported","VERIF":"State Verified","METADATAID":1852,"PRNT_ISO3":"ARG","ISO3":"ARG","SUPP_INFO":"Not Applicable","CONS_OBJ":"Not Applicable","INLND_WTRS":"Not Reported","OECM_ASMT":"Not Applicable","layer":"WDPA_W~1"}},{"type":"Feature","geometry":{"type":"Polygon","coordinates":[[[-60.62827,-30.79898],[-60.64891,-30.79563],[-60.64903,-30.79625],[-60.62827,-30.79898]]]},"properties":{"fid":228,"SITE_ID":555626129,"SITE_PID":"555626129","SITE_TYPE":"PA","NAME_ENG":"San Justo","NAME":"San Justo","DESIG":"Reserva Municipal","DESIG_ENG":"Municipal Reserve","DESIG_TYPE":"National","IUCN_CAT":"II","INT_CRIT":"Not Applicable","REALM":"Terrestrial","REP_M_AREA":0,"GIS_M_AREA":0,"REP_AREA":0.2,"GIS_AREA":0.140139493415064,"NO_TAKE":"Not Applicable","NO_TK_AREA":0,"STATUS":"Designated","STATUS_YR":1991,"GOV_TYPE":"Not Reported","GOVSUBTYPE":"Not Applicable","OWN_TYPE":"Not Reported","OWNSUBTYPE":"Not Applicable","MANG_AUTH":"Not Reported","MANG_PLAN":"Not Reported","VERIF":"State Verified","METADATAID":1852,"PRNT_ISO3":"ARG","ISO3":"ARG","SUPP_INFO":"Not Applicable","CONS_OBJ":"Not Applicable","INLND_WTRS":"Not Reported","OECM_ASMT":"Not Applicable","layer":"WDPA_W~1"}},{"type":"Feature","geometry":{"type":"Polygon","coordinates":[[[-60.91056,-31.38319],[-60.92205,-31.38077],[-60.91497,-31.38891],[-60.91056,-31.38319]]]},"properties":{"fid":229,"SITE_ID":555626130,"SITE_PID":"555626130","SITE_TYPE":"PA","NAME_ENG":"Granja Esperanza","NAME":"Granja Esperanza","DESIG":"Reserva Universitaria de Recursos","DESIG_ENG":"University Resource Reserve","DESIG_TYPE":"National","IUCN_CAT":"VI","INT_CRIT":"Not Applicable","REALM":"Terrestrial","REP_M_AREA":0,"GIS_M_AREA":0,"REP_AREA":0.33,"GIS_AREA":0.654061394943634,"NO_TAKE":"Not Applicable","NO_TK_AREA":0,"STATUS":"Designated","STATUS_YR":1979,"GOV_TYPE":"Not Reported","GOVSUBTYPE":"Not Applicable","OWN_TYPE":"Not Reported","OWNSUBTYPE":"Not Applicable","MANG_AUTH":"Not Reported","MANG_PLAN":"Not Reported","VERIF":"State Verified","METADATAID":1852,"PRNT_ISO3":"ARG","ISO3":"ARG","SUPP_INFO":"Not Applicable","CONS_OBJ":"Not Applicable","INLND_WTRS":"Not Reported","OECM_ASMT":"Not Applicable","layer":"WDPA_W~1"}},{"type":"Feature","geometry":{"type":"Polygon","coordinates":[[[-56.81502,-27.86261],[-56.8129,-27.82946],[-56.83878,-27.81266],[-56.86931,-27.86665],[-56.89346,-27.86178],[-56.91344,-27.90193],[-56.97594,-27.89529],[-56.97814,-27.87801],[-56.96438,-27.88128],[-56.98421,-27.87337],[-56.98697,-27.88904],[-57.02322,-27.88207],[-57.02821,-27.90104],[-57.03584,-27.89945],[-57.03827,-27.90828],[-57.0453,-27.93394],[-57.04728,-27.94117],[-56.99498,-27.96559],[-57.00186,-28.02528],[-56.90328,-27.96486],[-56.8379,-27.96654],[-56.82482,-27.94586],[-56.86315,-27.89571],[-56.83293,-27.90199],[-56.82357,-27.93509],[-56.81502,-27.86261]]]},"properties":{"fid":230,"SITE_ID":555635835,"SITE_PID":"555635835_1","SITE_TYPE":"PA","NAME_ENG":"Iberá - Núcleo Cambyretá","NAME":"Iberá - Núcleo Cambyretá","DESIG":"Parque Nacional","DESIG_ENG":"National Park","DESIG_TYPE":"National","IUCN_CAT":"II","INT_CRIT":"Not Applicable","REALM":"Terrestrial","REP_M_AREA":0,"GIS_M_AREA":0,"REP_AREA":240,"GIS_AREA":234.818165069314,"NO_TAKE":"Not Applicable","NO_TK_AREA":0,"STATUS":"Designated","STATUS_YR":2018,"GOV_TYPE":"Federal or national ministry or agency","GOVSUBTYPE":"Not Applicable","OWN_TYPE":"Not Reported","OWNSUBTYPE":"Not Applicable","MANG_AUTH":"Administración de Parques Nacionales","MANG_PLAN":"https://sib.gob.ar/archivos/PG_PN_Ibera.pdf","VERIF":"State Verified","METADATAID":1935,"PRNT_ISO3":"ARG","ISO3":"ARG","SUPP_INFO":"Not Applicable","CONS_OBJ":"Not Applicable","INLND_WTRS":"Not Reported","OECM_ASMT":"Not Applicable","layer":"WDPA_W~1"}},{"type":"Feature","geometry":{"type":"MultiPolygon","coordinates":[[[[-57.42873,-28.68991],[-57.42996,-28.72571],[-57.42617,-28.70796],[-57.42873,-28.68991]]],[[[-57.26143,-28.60598],[-57.23659,-28.58349],[-57.23559,-28.58251],[-57.23375,-28.58079],[-57.22836,-28.57573],[-57.22557,-28.57313],[-57.22123,-28.56903],[-57.21811,-28.56608],[-57.20712,-28.55572],[-57.21385,-28.55007],[-57.22631,-28.55934],[-57.23094,-28.56372],[-57.23703,-28.57023],[-57.24632,-28.5758],[-57.31903,-28.60885],[-57.44737,-28.63164],[-57.48205,-28.62271],[-57.48202,-28.626],[-57.48202,-28.62726],[-57.48201,-28.62849],[-57.48199,-28.63031],[-57.482,-28.63155],[-57.48189,-28.64025],[-57.48166,-28.64784],[-57.44948,-28.64891],[-57.43442,-28.68943],[-57.39653,-28.68619],[-57.36363,-28.66601],[-57.31881,-28.65955],[-57.26143,-28.60598]],[[-57.43519,-28.6639],[-57.44027,-28.6377],[-57.42128,-28.63789],[-57.43519,-28.6639]]],[[[-57.27361,-28.71904],[-57.23382,-28.69781],[-57.20583,-28.70891],[-57.20054,-28.63428],[-57.2106,-28.63626],[-57.18487,-28.6062],[-57.19324,-28.59906],[-57.19459,-28.59382],[-57.18834,-28.58892],[-57.19362,-28.584],[-57.18165,-28.57859],[-57.19901,-28.55245],[-57.19522,-28.58752],[-57.19928,-28.59829],[-57.21158,-28.61345],[-57.21554,-28.63464],[-57.21136,-28.69469],[-57.24422,-28.68595],[-57.27512,-28.69984],[-57.27361,-28.71904]]]]},"properties":{"fid":231,"SITE_ID":555635835,"SITE_PID":"555635835_2","SITE_TYPE":"PA","NAME_ENG":"Iberá - Rincón del Socorro/Iberá","NAME":"Iberá - Rincón del Socorro/Iberá","DESIG":"Parque Nacional","DESIG_ENG":"National Park","DESIG_TYPE":"National","IUCN_CAT":"II","INT_CRIT":"Not Applicable","REALM":"Terrestrial","REP_M_AREA":0,"GIS_M_AREA":0,"REP_AREA":145,"GIS_AREA":149.819505864681,"NO_TAKE":"Not Applicable","NO_TK_AREA":0,"STATUS":"Designated","STATUS_YR":2018,"GOV_TYPE":"Federal or national ministry or agency","GOVSUBTYPE":"Not Applicable","OWN_TYPE":"Not Reported","OWNSUBTYPE":"Not Applicable","MANG_AUTH":"Administración de Parques Nacionales","MANG_PLAN":"https://sib.gob.ar/archivos/PG_PN_Ibera.pdf","VERIF":"State Verified","METADATAID":1935,"PRNT_ISO3":"ARG","ISO3":"ARG","SUPP_INFO":"Not Applicable","CONS_OBJ":"Not Applicable","INLND_WTRS":"Not Reported","OECM_ASMT":"Not Applicable","layer":"WDPA_W~1"}},{"type":"Feature","geometry":{"type":"MultiPolygon","coordinates":[[[[-57.10214,-28.06092],[-57.12043,-28.05671],[-57.13642,-28.07295],[-57.10843,-28.10492],[-57.10214,-28.06092]]],[[[-57.45269,-28.07633],[-57.46768,-28.09041],[-57.43818,-28.10978],[-57.45379,-28.13337],[-57.44305,-28.13626],[-57.54397,-28.21314],[-57.56018,-28.26498],[-57.58415,-28.28343],[-57.57311,-28.34004],[-57.62668,-28.39573],[-57.56216,-28.36502],[-57.56913,-28.39708],[-57.49143,-28.37355],[-57.48235,-28.34794],[-57.44882,-28.34324],[-57.42966,-28.31912],[-57.32254,-28.26316],[-57.34211,-28.23342],[-57.3115,-28.25196],[-57.33083,-28.22765],[-57.28995,-28.20175],[-57.26549,-28.21334],[-57.28221,-28.18509],[-57.38288,-28.25018],[-57.39808,-28.23083],[-57.37388,-28.2061],[-57.38002,-28.13612],[-57.30427,-28.138],[-57.28864,-28.1577],[-57.31612,-28.18478],[-57.29667,-28.18336],[-57.25584,-28.12927],[-57.22323,-28.13812],[-57.21004,-28.17691],[-57.15156,-28.15364],[-57.12223,-28.09552],[-57.16408,-28.07195],[-57.12052,-28.02508],[-57.15509,-28.07273],[-57.13108,-28.06414],[-57.09669,-27.9857],[-57.11179,-27.96746],[-57.19211,-27.98671],[-57.21332,-28.0617],[-57.29535,-28.07368],[-57.2455,-28.03843],[-57.22708,-28.00314],[-57.27881,-28.0251],[-57.28091,-28.0017],[-57.22427,-27.95556],[-57.26581,-27.90998],[-57.22691,-27.90102],[-57.2203,-27.95266],[-57.19679,-27.93551],[-57.22291,-27.87415],[-57.26712,-27.87727],[-57.24856,-27.85856],[-57.29522,-27.87831],[-57.28193,-27.84219],[-57.40201,-27.97586],[-57.40381,-28.01114],[-57.4308,-28.0402],[-57.41342,-28.04932],[-57.41779,-28.06666],[-57.44332,-28.05007],[-57.45269,-28.07633]],[[-57.40046,-28.03348],[-57.40947,-28.04525],[-57.3924,-28.00419],[-57.40046,-28.03348]],[[-57.29718,-27.91848],[-57.33113,-27.948],[-57.32424,-27.9222],[-57.29718,-27.91848]]]]},"properties":{"fid":232,"SITE_ID":555635835,"SITE_PID":"555635835_3","SITE_TYPE":"PA","NAME_ENG":"Iberá - Núcleo San Nicolás/San Alonso","NAME":"Iberá - Núcleo San Nicolás/San Alonso","DESIG":"Parque Nacional","DESIG_ENG":"National Park","DESIG_TYPE":"National","IUCN_CAT":"II","INT_CRIT":"Not Applicable","REALM":"Terrestrial","REP_M_AREA":0,"GIS_M_AREA":0,"REP_AREA":1110,"GIS_AREA":1079.7539895131,"NO_TAKE":"Not Applicable","NO_TK_AREA":0,"STATUS":"Designated","STATUS_YR":2018,"GOV_TYPE":"Federal or national ministry or agency","GOVSUBTYPE":"Not Applicable","OWN_TYPE":"Not Reported","OWNSUBTYPE":"Not Applicable","MANG_AUTH":"Administración de Parques Nacionales","MANG_PLAN":"https://sib.gob.ar/archivos/PG_PN_Ibera.pdf","VERIF":"State Verified","METADATAID":1935,"PRNT_ISO3":"ARG","ISO3":"ARG","SUPP_INFO":"Not Applicable","CONS_OBJ":"Not Applicable","INLND_WTRS":"Not Reported","OECM_ASMT":"Not Applicable","layer":"WDPA_W~1"}},{"type":"Feature","geometry":{"type":"MultiPolygon","coordinates":[[[[-57.57688,-28.47217],[-57.60938,-28.50547],[-57.55583,-28.50049],[-57.54432,-28.48477],[-57.56412,-28.46388],[-57.57688,-28.47217]]],[[[-57.70566,-28.39871],[-57.69313,-28.42664],[-57.76578,-28.46787],[-57.76576,-28.46801],[-57.80113,-28.48676],[-57.75527,-28.46532],[-57.76465,-28.50981],[-57.71761,-28.51786],[-57.68946,-28.44909],[-57.67453,-28.43487],[-57.67319,-28.46071],[-57.64173,-28.43247],[-57.65016,-28.40329],[-57.70566,-28.39871]]],[[[-57.6686,-28.38567],[-57.64366,-28.39128],[-57.63114,-28.36432],[-57.65161,-28.33917],[-57.65845,-28.35914],[-57.6686,-28.38567]]]]},"properties":{"fid":233,"SITE_ID":555635835,"SITE_PID":"555635835_4","SITE_TYPE":"PA","NAME_ENG":"Iberá - Núcleo Carambola","NAME":"Iberá - Núcleo Carambola","DESIG":"Parque Nacional","DESIG_ENG":"National Park","DESIG_TYPE":"National","IUCN_CAT":"II","INT_CRIT":"Not Applicable","REALM":"Terrestrial","REP_M_AREA":0,"GIS_M_AREA":0,"REP_AREA":103,"GIS_AREA":103.120856440454,"NO_TAKE":"Not Applicable","NO_TK_AREA":0,"STATUS":"Designated","STATUS_YR":2018,"GOV_TYPE":"Federal or national ministry or agency","GOVSUBTYPE":"Not Applicable","OWN_TYPE":"Not Reported","OWNSUBTYPE":"Not Applicable","MANG_AUTH":"Administración de Parques Nacionales","MANG_PLAN":"https://sib.gob.ar/archivos/PG_PN_Ibera.pdf","VERIF":"State Verified","METADATAID":1935,"PRNT_ISO3":"ARG","ISO3":"ARG","SUPP_INFO":"Not Applicable","CONS_OBJ":"Not Applicable","INLND_WTRS":"Not Reported","OECM_ASMT":"Not Applicable","layer":"WDPA_W~1"}},{"type":"Feature","geometry":{"type":"MultiPolygon","coordinates":[[[[-57.43519,-28.6639],[-57.42128,-28.63789],[-57.44027,-28.6377],[-57.43519,-28.6639]]],[[[-57.27361,-28.71904],[-57.27512,-28.69984],[-57.24422,-28.68595],[-57.21136,-28.69469],[-57.21554,-28.63464],[-57.21158,-28.61345],[-57.19928,-28.59829],[-57.19522,-28.58752],[-57.19901,-28.55245],[-57.20084,-28.55113],[-57.20188,-28.55209],[-57.21322,-28.56282],[-57.22491,-28.57407],[-57.22521,-28.57414],[-57.23458,-28.58294],[-57.24551,-28.59293],[-57.27228,-28.61778],[-57.31654,-28.65898],[-57.31797,-28.6601],[-57.36296,-28.66706],[-57.39585,-28.68715],[-57.42873,-28.68991],[-57.42617,-28.70796],[-57.42262,-28.72389],[-57.34189,-28.70457],[-57.27361,-28.71904]]]]},"properties":{"fid":234,"SITE_ID":555635836,"SITE_PID":"555635836_1","SITE_TYPE":"PA","NAME_ENG":"Iberá - Rincón del Socorro/Iberá","NAME":"Iberá - Rincón del Socorro/Iberá","DESIG":"Reserva Nacional","DESIG_ENG":"National Reserve","DESIG_TYPE":"National","IUCN_CAT":"VI","INT_CRIT":"Not Applicable","REALM":"Terrestrial","REP_M_AREA":0,"GIS_M_AREA":0,"REP_AREA":160,"GIS_AREA":159.998663576326,"NO_TAKE":"Not Applicable","NO_TK_AREA":0,"STATUS":"Designated","STATUS_YR":2018,"GOV_TYPE":"Federal or national ministry or agency","GOVSUBTYPE":"Not Applicable","OWN_TYPE":"Not Reported","OWNSUBTYPE":"Not Applicable","MANG_AUTH":"Administración de Parques Nacionales","MANG_PLAN":"https://sib.gob.ar/archivos/PG_PN_Ibera.pdf","VERIF":"State Verified","METADATAID":1935,"PRNT_ISO3":"ARG","ISO3":"ARG","SUPP_INFO":"Not Applicable","CONS_OBJ":"Not Applicable","INLND_WTRS":"Not Reported","OECM_ASMT":"Not Applicable","layer":"WDPA_W~1"}},{"type":"Feature","geometry":{"type":"MultiPolygon","coordinates":[[[[-57.76576,-28.46801],[-57.80492,-28.46277],[-57.80113,-28.48676],[-57.76576,-28.46801]]],[[[-57.81318,-28.47082],[-57.80442,-28.43801],[-57.8295,-28.42003],[-57.83599,-28.44331],[-57.81318,-28.47082]]],[[[-57.65845,-28.35914],[-57.66836,-28.34965],[-57.78412,-28.42453],[-57.7937,-28.45057],[-57.76578,-28.46787],[-57.69313,-28.42664],[-57.70566,-28.39871],[-57.6686,-28.38567],[-57.65845,-28.35914]]]]},"properties":{"fid":235,"SITE_ID":555635836,"SITE_PID":"555635836_2","SITE_TYPE":"PA","NAME_ENG":"Iberá - Núcleo Carambola","NAME":"Iberá - Núcleo Carambola","DESIG":"Reserva Nacional","DESIG_ENG":"National Reserve","DESIG_TYPE":"National","IUCN_CAT":"VI","INT_CRIT":"Not Applicable","REALM":"Terrestrial","REP_M_AREA":0,"GIS_M_AREA":0,"REP_AREA":77,"GIS_AREA":75.1363406079596,"NO_TAKE":"Not Applicable","NO_TK_AREA":0,"STATUS":"Designated","STATUS_YR":2018,"GOV_TYPE":"Federal or national ministry or agency","GOVSUBTYPE":"Not Applicable","OWN_TYPE":"Not Reported","OWNSUBTYPE":"Not Applicable","MANG_AUTH":"Administración de Parques Nacionales","MANG_PLAN":"https://sib.gob.ar/archivos/PG_PN_Ibera.pdf","VERIF":"State Verified","METADATAID":1935,"PRNT_ISO3":"ARG","ISO3":"ARG","SUPP_INFO":"Not Applicable","CONS_OBJ":"Not Applicable","INLND_WTRS":"Not Reported","OECM_ASMT":"Not Applicable","layer":"WDPA_W~1"}},{"type":"Feature","geometry":{"type":"Polygon","coordinates":[[[-68.92051,-32.54391],[-68.965,-32.45995],[-68.94873,-32.43998],[-68.98178,-32.42934],[-68.99692,-32.435],[-69.02359,-32.44373],[-69.03995,-32.44681],[-69.0499,-32.45797],[-69.11656,-32.43885],[-69.11182,-32.45729],[-69.11545,-32.50982],[-69.14292,-32.51959],[-69.15092,-32.55305],[-69.14704,-32.58633],[-69.16222,-32.59989],[-69.1558,-32.62106],[-69.14923,-32.62492],[-69.14074,-32.67619],[-69.11482,-32.70538],[-69.08892,-32.71811],[-69.07909,-32.71233],[-69.06334,-32.70639],[-69.02969,-32.70203],[-69.00992,-32.67391],[-68.99307,-32.67933],[-68.88214,-32.70088],[-68.86564,-32.69385],[-68.80726,-32.69609],[-68.84043,-32.66645],[-68.86526,-32.62153],[-68.89884,-32.58099],[-68.92051,-32.54391]]]},"properties":{"fid":236,"SITE_ID":555635842,"SITE_PID":"555635842","SITE_TYPE":"PA","NAME_ENG":"Reserva Natural Villavicencio","NAME":"Reserva Natural Villavicencio","DESIG":"Sitio Ramsar, Humedal de Importancia Internacional","DESIG_ENG":"Wetland of International Importance (Ramsar Site)","DESIG_TYPE":"International","IUCN_CAT":"V","INT_CRIT":"(ii);(iii)","REALM":"Terrestrial","REP_M_AREA":0,"GIS_M_AREA":0,"REP_AREA":622.44,"GIS_AREA":624.2923578150911,"NO_TAKE":"Not Applicable","NO_TK_AREA":0,"STATUS":"Designated","STATUS_YR":2017,"GOV_TYPE":"Not Reported","GOVSUBTYPE":"Not Applicable","OWN_TYPE":"Multiple ownership","OWNSUBTYPE":"Not Reported","MANG_AUTH":"Dirección de Recursos Naturales Renovables;\r Gobierno de Mendoza","MANG_PLAN":"Yes","VERIF":"State Verified","METADATAID":1852,"PRNT_ISO3":"ARG","ISO3":"ARG","SUPP_INFO":"Not Applicable","CONS_OBJ":"Not Applicable","INLND_WTRS":"Not Reported","OECM_ASMT":"Not Applicable","layer":"WDPA_W~1"}},{"type":"Feature","geometry":{"type":"Polygon","coordinates":[[[-58.49998,-35.03114],[-58.53283,-35.02715],[-58.50594,-35.03394],[-58.52284,-35.03792],[-58.52099,-35.05407],[-58.50706,-35.0527],[-58.52683,-35.06502],[-58.50563,-35.06194],[-58.49998,-35.03114]]]},"properties":{"fid":237,"SITE_ID":555636344,"SITE_PID":"555636344","SITE_TYPE":"PA","NAME_ENG":"Lagunas de San Vicente","NAME":"Lagunas de San Vicente","DESIG":"Reserva Natural Municipal","DESIG_ENG":"Municipal Nature Reserve","DESIG_TYPE":"National","IUCN_CAT":"Not Reported","INT_CRIT":"Not Applicable","REALM":"Terrestrial","REP_M_AREA":0,"GIS_M_AREA":0,"REP_AREA":1.32,"GIS_AREA":7.18673482352112,"NO_TAKE":"Not Applicable","NO_TK_AREA":0,"STATUS":"Designated","STATUS_YR":1998,"GOV_TYPE":"Not Reported","GOVSUBTYPE":"Not Applicable","OWN_TYPE":"Not Reported","OWNSUBTYPE":"Not Applicable","MANG_AUTH":"Not Reported","MANG_PLAN":"Not Reported","VERIF":"State Verified","METADATAID":1852,"PRNT_ISO3":"ARG","ISO3":"ARG","SUPP_INFO":"Not Applicable","CONS_OBJ":"Not Applicable","INLND_WTRS":"Not Reported","OECM_ASMT":"Not Applicable","layer":"WDPA_W~1"}},{"type":"Feature","geometry":{"type":"Polygon","coordinates":[[[-58.71589,-27.50008],[-58.71366,-27.48973],[-58.72247,-27.48922],[-58.71589,-27.50008]]]},"properties":{"fid":238,"SITE_ID":555636419,"SITE_PID":"555636419","SITE_TYPE":"PA","NAME_ENG":"Laguna Brava","NAME":"Laguna Brava","DESIG":"Reserva Natural Provincial","DESIG_ENG":"Provincial Nature Reserve","DESIG_TYPE":"National","IUCN_CAT":"VI","INT_CRIT":"Not Applicable","REALM":"Terrestrial","REP_M_AREA":0,"GIS_M_AREA":0,"REP_AREA":2.08,"GIS_AREA":0.798034484380206,"NO_TAKE":"Not Applicable","NO_TK_AREA":0,"STATUS":"Designated","STATUS_YR":2012,"GOV_TYPE":"Not Reported","GOVSUBTYPE":"Not Applicable","OWN_TYPE":"Not Reported","OWNSUBTYPE":"Not Applicable","MANG_AUTH":"Not Reported","MANG_PLAN":"Not Reported","VERIF":"State Verified","METADATAID":1852,"PRNT_ISO3":"ARG","ISO3":"ARG","SUPP_INFO":"Not Applicable","CONS_OBJ":"Not Applicable","INLND_WTRS":"Not Reported","OECM_ASMT":"Not Applicable","layer":"WDPA_W~1"}},{"type":"Feature","geometry":{"type":"Polygon","coordinates":[[[-65.70747,-30.90541],[-65.77198,-31.04477],[-65.44158,-31.04718],[-65.43848,-31.03088],[-65.41241,-31.04293],[-65.40711,-31.00606],[-65.61136,-31.00472],[-65.61053,-30.90551],[-65.70747,-30.90541]]]},"properties":{"fid":239,"SITE_ID":555637344,"SITE_PID":"555637344","SITE_TYPE":"PA","NAME_ENG":"Traslasierra","NAME":"Traslasierra","DESIG":"Parque Nacional","DESIG_ENG":"National Park","DESIG_TYPE":"National","IUCN_CAT":"II","INT_CRIT":"Not Applicable","REALM":"Terrestrial","REP_M_AREA":0,"GIS_M_AREA":0,"REP_AREA":271.69,"GIS_AREA":278.363646749409,"NO_TAKE":"Not Applicable","NO_TK_AREA":0,"STATUS":"Designated","STATUS_YR":2018,"GOV_TYPE":"Federal or national ministry or agency","GOVSUBTYPE":"Not Applicable","OWN_TYPE":"Not Reported","OWNSUBTYPE":"Not Applicable","MANG_AUTH":"Administración de Parques Nacionales","MANG_PLAN":"Not Reported","VERIF":"State Verified","METADATAID":1935,"PRNT_ISO3":"ARG","ISO3":"ARG","SUPP_INFO":"Not Applicable","CONS_OBJ":"Not Applicable","INLND_WTRS":"Not Reported","OECM_ASMT":"Not Applicable","layer":"WDPA_W~1"}},{"type":"Feature","geometry":{"type":"MultiPolygon","coordinates":[[[[-65.87162,-27.57635],[-65.84389,-27.55291],[-65.86614,-27.52981],[-65.95244,-27.5783],[-65.94294,-27.60201],[-65.87162,-27.57635]]],[[[-65.88634,-27.50997],[-65.87619,-27.51618],[-65.87942,-27.49908],[-65.87242,-27.49961],[-65.86013,-27.49178],[-65.85581,-27.45323],[-65.89886,-27.4697],[-65.87818,-27.45168],[-65.90471,-27.43807],[-65.86025,-27.45465],[-65.82656,-27.43184],[-65.81163,-27.40689],[-65.81243,-27.40489],[-65.80854,-27.3723],[-65.80561,-27.35915],[-65.8914,-27.37101],[-65.9115,-27.39708],[-65.92983,-27.38394],[-65.93461,-27.40389],[-65.94821,-27.39838],[-65.95931,-27.40311],[-65.96774,-27.40015],[-65.97492,-27.45514],[-65.93922,-27.46115],[-65.89488,-27.50702],[-65.88634,-27.50997]]],[[[-65.90587,-27.3218],[-65.92781,-27.3242],[-65.91873,-27.32906],[-65.91863,-27.32951],[-65.91911,-27.32981],[-65.92269,-27.32893],[-65.92187,-27.3295],[-65.92202,-27.32983],[-65.92614,-27.32807],[-65.92583,-27.32831],[-65.92589,-27.32852],[-65.93019,-27.32772],[-65.93676,-27.33316],[-65.95016,-27.33436],[-65.95195,-27.33136],[-65.96458,-27.38161],[-65.95809,-27.40196],[-65.94799,-27.39752],[-65.9348,-27.40317],[-65.93119,-27.38308],[-65.90115,-27.36739],[-65.8433,-27.36162],[-65.85468,-27.34414],[-65.90587,-27.3218]]],[[[-65.94439,-27.32083],[-65.95616,-27.32611],[-65.95502,-27.33644],[-65.95198,-27.33125],[-65.95016,-27.33424],[-65.9399,-27.3333],[-65.93197,-27.32712],[-65.92595,-27.32841],[-65.92694,-27.32778],[-65.92673,-27.32762],[-65.92199,-27.32971],[-65.92283,-27.32883],[-65.91945,-27.3297],[-65.91876,-27.32944],[-65.92823,-27.32493],[-65.93018,-27.32251],[-65.93571,-27.32508],[-65.93881,-27.32351],[-65.94031,-27.32409],[-65.94048,-27.32535],[-65.94291,-27.32657],[-65.94339,-27.32793],[-65.94601,-27.32991],[-65.94668,-27.33317],[-65.94712,-27.33099],[-65.94299,-27.32647],[-65.94051,-27.32514],[-65.94034,-27.32368],[-65.94439,-27.32083]]],[[[-65.90423,-27.28886],[-65.92686,-27.29005],[-65.88359,-27.31388],[-65.85429,-27.31118],[-65.85174,-27.2948],[-65.90423,-27.28886]]],[[[-65.92317,-27.1719],[-66.00536,-27.10859],[-66.05472,-27.1442],[-66.08401,-27.21157],[-65.9564,-27.32554],[-65.94495,-27.32054],[-65.94339,-27.32081],[-65.94042,-27.32338],[-65.93759,-27.32328],[-65.93607,-27.32485],[-65.92695,-27.32006],[-65.89566,-27.32121],[-65.80879,-27.3532],[-65.80483,-27.33076],[-65.82703,-27.31502],[-65.88394,-27.31466],[-65.95434,-27.2875],[-65.96644,-27.27887],[-65.97555,-27.24947],[-66.05138,-27.20035],[-65.9753,-27.24949],[-65.9672,-27.27597],[-65.96242,-27.2542],[-65.95323,-27.28733],[-65.90845,-27.28721],[-65.92882,-27.28356],[-65.91452,-27.28279],[-65.91896,-27.26116],[-65.96505,-27.21701],[-65.92852,-27.24712],[-65.91853,-27.25947],[-65.91564,-27.27565],[-65.9103,-27.28083],[-65.84386,-27.2945],[-65.86706,-27.27709],[-65.85984,-27.24505],[-65.92317,-27.1719]]],[[[-65.67792,-27.20679],[-65.69715,-27.18636],[-65.77437,-27.1633],[-65.80949,-27.11539],[-65.92784,-27.01808],[-65.93202,-27.01781],[-65.93343,-27.01819],[-65.93379,-27.01865],[-65.93546,-27.019],[-65.93706,-27.01924],[-65.93767,-27.01932],[-65.9388,-27.01962],[-65.94366,-27.02179],[-65.94814,-27.02696],[-65.95429,-27.02997],[-65.95465,-27.03057],[-65.82652,-27.12642],[-65.79451,-27.1537],[-65.78884,-27.18379],[-65.69747,-27.1889],[-65.67792,-27.20679]]]]},"properties":{"fid":240,"SITE_ID":555637345,"SITE_PID":"555637345","SITE_TYPE":"PA","NAME_ENG":"Aconquija","NAME":"Aconquija","DESIG":"Parque Nacional","DESIG_ENG":"National Park","DESIG_TYPE":"National","IUCN_CAT":"II","INT_CRIT":"Not Applicable","REALM":"Terrestrial","REP_M_AREA":0,"GIS_M_AREA":0,"REP_AREA":4.9994,"GIS_AREA":651.278107472392,"NO_TAKE":"Not Applicable","NO_TK_AREA":0,"STATUS":"Designated","STATUS_YR":2018,"GOV_TYPE":"Federal or national ministry or agency","GOVSUBTYPE":"Not Applicable","OWN_TYPE":"Not Reported","OWNSUBTYPE":"Not Applicable","MANG_AUTH":"Administración de Parques Nacionales","MANG_PLAN":"https://sib.gob.ar/archivos/PG_PNCAlisos_julio_2016_comp.pdf","VERIF":"State Verified","METADATAID":1935,"PRNT_ISO3":"ARG","ISO3":"ARG","SUPP_INFO":"Not Applicable","CONS_OBJ":"Not Applicable","INLND_WTRS":"Not Reported","OECM_ASMT":"Not Applicable","layer":"WDPA_W~1"}},{"type":"Feature","geometry":{"type":"Polygon","coordinates":[[[-66.89406,-36.69549],[-66.94681,-36.76427],[-66.94644,-36.87959],[-66.76522,-36.87945],[-66.8122,-36.74076],[-66.869,-36.69567],[-66.89406,-36.69549]]]},"properties":{"fid":241,"SITE_ID":555637346,"SITE_PID":"555637346","SITE_TYPE":"PA","NAME_ENG":"Ñochilei-co","NAME":"Ñochilei-co","DESIG":"Reserva Natural","DESIG_ENG":"Nature Reserve","DESIG_TYPE":"National","IUCN_CAT":"VI","INT_CRIT":"Not Applicable","REALM":"Terrestrial","REP_M_AREA":0,"GIS_M_AREA":0,"REP_AREA":400,"GIS_AREA":247.695351232778,"NO_TAKE":"Not Applicable","NO_TK_AREA":0,"STATUS":"Designated","STATUS_YR":2013,"GOV_TYPE":"Not Reported","GOVSUBTYPE":"Not Applicable","OWN_TYPE":"Not Reported","OWNSUBTYPE":"Not Applicable","MANG_AUTH":"Not Reported","MANG_PLAN":"Not Reported","VERIF":"State Verified","METADATAID":1852,"PRNT_ISO3":"ARG","ISO3":"ARG","SUPP_INFO":"Not Applicable","CONS_OBJ":"Not Applicable","INLND_WTRS":"Not Reported","OECM_ASMT":"Not Applicable","layer":"WDPA_W~1"}},{"type":"Feature","geometry":{"type":"Polygon","coordinates":[[[-66.76172,-37.22539],[-66.88652,-37.22452],[-66.88616,-37.24124],[-67.10334,-37.24033],[-67.1009,-37.32107],[-67.22735,-37.32847],[-67.23178,-37.37887],[-67.2065,-37.37913],[-67.2056,-37.43535],[-67.13946,-37.48356],[-67.11302,-37.52994],[-66.85967,-37.53061],[-66.87451,-37.34769],[-66.76009,-37.34825],[-66.76172,-37.22539]]]},"properties":{"fid":242,"SITE_ID":555637347,"SITE_PID":"555637347","SITE_TYPE":"PA","NAME_ENG":"Salitral Encantado","NAME":"Salitral Encantado","DESIG":"Reserva Natural","DESIG_ENG":"Nature Reserve","DESIG_TYPE":"National","IUCN_CAT":"VI","INT_CRIT":"Not Applicable","REALM":"Terrestrial","REP_M_AREA":0,"GIS_M_AREA":0,"REP_AREA":600,"GIS_AREA":968.644396952945,"NO_TAKE":"Not Applicable","NO_TK_AREA":0,"STATUS":"Designated","STATUS_YR":2017,"GOV_TYPE":"Not Reported","GOVSUBTYPE":"Not Applicable","OWN_TYPE":"Not Reported","OWNSUBTYPE":"Not Applicable","MANG_AUTH":"Not Reported","MANG_PLAN":"Not Reported","VERIF":"State Verified","METADATAID":1852,"PRNT_ISO3":"ARG","ISO3":"ARG","SUPP_INFO":"Not Applicable","CONS_OBJ":"Not Applicable","INLND_WTRS":"Not Reported","OECM_ASMT":"Not Applicable","layer":"WDPA_W~1"}},{"type":"Feature","geometry":{"type":"Polygon","coordinates":[[[-65.05388,-24.01442],[-65.10265,-24.02339],[-65.13128,-24.08666],[-65.15835,-24.09536],[-65.20077,-24.08241],[-65.20914,-24.10816],[-65.24076,-24.12938],[-65.22999,-24.1293],[-65.2249,-24.13119],[-65.22366,-24.13217],[-65.22348,-24.13241],[-65.2234,-24.13254],[-65.22335,-24.13264],[-65.22333,-24.13268],[-65.22325,-24.13281],[-65.22316,-24.13294],[-65.22271,-24.13338],[-65.22098,-24.13411],[-65.22023,-24.13542],[-65.21531,-24.13577],[-65.21341,-24.13885],[-65.21751,-24.20816],[-65.20422,-24.2307],[-65.11634,-24.26875],[-65.08804,-24.31754],[-65.02128,-24.36166],[-65.03481,-24.31878],[-65.07382,-24.27283],[-65.07429,-24.17084],[-65.04897,-24.18041],[-65.04885,-24.17062],[-65.05287,-24.04559],[-65.05388,-24.01442]]]},"properties":{"fid":243,"SITE_ID":555637348,"SITE_PID":"555637348","SITE_TYPE":"PA","NAME_ENG":"Serranias de Zapla","NAME":"Serranias de Zapla","DESIG":"Reserva Ecologica Municipal de Uso Multiple","DESIG_ENG":"Multiple Use Municipal Ecological Reserve","DESIG_TYPE":"National","IUCN_CAT":"VI","INT_CRIT":"Not Applicable","REALM":"Terrestrial","REP_M_AREA":0,"GIS_M_AREA":0,"REP_AREA":371.39,"GIS_AREA":371.318784809109,"NO_TAKE":"Not Applicable","NO_TK_AREA":0,"STATUS":"Designated","STATUS_YR":2003,"GOV_TYPE":"Not Reported","GOVSUBTYPE":"Not Applicable","OWN_TYPE":"Not Reported","OWNSUBTYPE":"Not Applicable","MANG_AUTH":"Not Reported","MANG_PLAN":"Not Reported","VERIF":"State Verified","METADATAID":1852,"PRNT_ISO3":"ARG","ISO3":"ARG","SUPP_INFO":"Not Applicable","CONS_OBJ":"Not Applicable","INLND_WTRS":"Not Reported","OECM_ASMT":"Not Applicable","layer":"WDPA_W~1"}},{"type":"Feature","geometry":{"type":"Polygon","coordinates":[[[-70.09535,-34.53958],[-70.12243,-34.61982],[-70.08964,-34.73163],[-70.03695,-34.78777],[-70.00231,-34.79853],[-69.94457,-34.69477],[-69.94428,-34.64824],[-70.01192,-34.55897],[-70.0673,-34.53023],[-70.09535,-34.53958]]]},"properties":{"fid":244,"SITE_ID":555637349,"SITE_PID":"555637349","SITE_TYPE":"PA","NAME_ENG":"Laguna del Atuel","NAME":"Laguna del Atuel","DESIG":"Reserva Natural Hídrica","DESIG_ENG":"Natural Water Reserve","DESIG_TYPE":"National","IUCN_CAT":"VI","INT_CRIT":"Not Applicable","REALM":"Terrestrial","REP_M_AREA":0,"GIS_M_AREA":0,"REP_AREA":700,"GIS_AREA":321.905094767593,"NO_TAKE":"Not Applicable","NO_TK_AREA":0,"STATUS":"Designated","STATUS_YR":2017,"GOV_TYPE":"Not Reported","GOVSUBTYPE":"Not Applicable","OWN_TYPE":"Not Reported","OWNSUBTYPE":"Not Applicable","MANG_AUTH":"Not Reported","MANG_PLAN":"Not Reported","VERIF":"State Verified","METADATAID":1852,"PRNT_ISO3":"ARG","ISO3":"ARG","SUPP_INFO":"Not Applicable","CONS_OBJ":"Not Applicable","INLND_WTRS":"Not Reported","OECM_ASMT":"Not Applicable","layer":"WDPA_W~1"}},{"type":"Feature","geometry":{"type":"Polygon","coordinates":[[[-65.8183,-43.85349],[-65.88494,-43.9162],[-66.11935,-44.23427],[-66.52118,-44.58455],[-66.67547,-44.74072],[-66.74156,-44.83937],[-67.0625,-44.99481],[-67.09284,-45.01938],[-67.08699,-45.07172],[-67.29981,-45.25952],[-67.35229,-45.34882],[-67.4153,-45.39973],[-67.46186,-45.41055],[-67.57508,-45.48055],[-67.60747,-45.52507],[-67.66343,-45.55857],[-67.66225,-45.57491],[-65.09491,-45.57759],[-65.07732,-45.46452],[-64.90354,-45.30464],[-64.87317,-45.24799],[-64.86004,-45.02865],[-64.93537,-44.88443],[-64.93574,-44.82252],[-64.87965,-44.7624],[-64.75718,-44.70688],[-64.69714,-44.66023],[-64.58542,-44.48039],[-64.58275,-44.34081],[-64.65631,-44.25217],[-64.60373,-43.91751],[-64.68071,-43.82018],[-64.69765,-43.74369],[-64.6609,-43.66281],[-65.6186,-43.67559],[-65.8183,-43.85349]]]},"properties":{"fid":245,"SITE_ID":555637432,"SITE_PID":"555637432","SITE_TYPE":"PA","NAME_ENG":"Patagonia Azul","NAME":"Patagonia Azul","DESIG":"Reserva de la Biósfera","DESIG_ENG":"UNESCO-MAB Biosphere Reserve","DESIG_TYPE":"International","IUCN_CAT":"Not Applicable","INT_CRIT":"Not Applicable","REALM":"Coastal","REP_M_AREA":0,"GIS_M_AREA":17820.7895173322,"REP_AREA":31020,"GIS_AREA":30595.693750086597,"NO_TAKE":"Not Reported","NO_TK_AREA":0,"STATUS":"Designated","STATUS_YR":2015,"GOV_TYPE":"Not Reported","GOVSUBTYPE":"Not Applicable","OWN_TYPE":"Not Reported","OWNSUBTYPE":"Not Applicable","MANG_AUTH":"Not Reported","MANG_PLAN":"Not Reported","VERIF":"State Verified","METADATAID":1852,"PRNT_ISO3":"ARG","ISO3":"ARG","SUPP_INFO":"Not Applicable","CONS_OBJ":"Not Applicable","INLND_WTRS":"Not Reported","OECM_ASMT":"Not Applicable","layer":"WDPA_W~1"}},{"type":"Feature","geometry":{"type":"Polygon","coordinates":[[[-63.26973,-23.30273],[-63.2781,-23.28262],[-63.30718,-23.44278],[-63.28642,-23.45433],[-63.26973,-23.30273]]]},"properties":{"fid":246,"SITE_ID":555637445,"SITE_PID":"555637445","SITE_TYPE":"PA","NAME_ENG":"Dragones","NAME":"Dragones","DESIG":"Refugio de Vida Silvestre","DESIG_ENG":"Wildlife Refuge","DESIG_TYPE":"National","IUCN_CAT":"VI","INT_CRIT":"Not Applicable","REALM":"Terrestrial","REP_M_AREA":0,"GIS_M_AREA":0,"REP_AREA":40.43,"GIS_AREA":36.9377475219552,"NO_TAKE":"Not Applicable","NO_TK_AREA":0,"STATUS":"Designated","STATUS_YR":2004,"GOV_TYPE":"Not Reported","GOVSUBTYPE":"Not Applicable","OWN_TYPE":"Not Reported","OWNSUBTYPE":"Not Applicable","MANG_AUTH":"Not Reported","MANG_PLAN":"Not Reported","VERIF":"State Verified","METADATAID":1852,"PRNT_ISO3":"ARG","ISO3":"ARG","SUPP_INFO":"Not Applicable","CONS_OBJ":"Not Applicable","INLND_WTRS":"Not Reported","OECM_ASMT":"Not Applicable","layer":"WDPA_W~1"}},{"type":"Feature","geometry":{"type":"MultiPolygon","coordinates":[[[[-65.89488,-27.50702],[-65.92085,-27.52207],[-65.88634,-27.50997],[-65.89488,-27.50702]]],[[[-65.83344,-26.95993],[-65.86859,-26.93113],[-65.89002,-26.9702],[-65.86108,-26.98366],[-65.85528,-26.99111],[-65.85519,-26.99253],[-65.85471,-26.9927],[-65.8498,-27.01296],[-65.82764,-27.03036],[-65.81683,-27.03737],[-65.80505,-27.04501],[-65.79631,-27.05328],[-65.78011,-27.04724],[-65.7526,-27.03897],[-65.74838,-27.03721],[-65.74243,-27.03523],[-65.74539,-27.03345],[-65.74266,-27.02846],[-65.74333,-27.0225],[-65.74252,-27.01984],[-65.7301,-27.00763],[-65.7313,-27.00163],[-65.72865,-26.99605],[-65.72747,-26.99545],[-65.72612,-26.99362],[-65.72367,-26.99317],[-65.72483,-26.98712],[-65.71708,-26.98164],[-65.74614,-26.95809],[-65.79253,-26.98108],[-65.8084,-26.96139],[-65.83344,-26.95993]]]]},"properties":{"fid":247,"SITE_ID":555643561,"SITE_PID":"555643561","SITE_TYPE":"PA","NAME_ENG":"Aconquija","NAME":"Aconquija","DESIG":"Reserva Nacional","DESIG_ENG":"National Reserve","DESIG_TYPE":"National","IUCN_CAT":"VI","INT_CRIT":"Not Applicable","REALM":"Terrestrial","REP_M_AREA":0,"GIS_M_AREA":0,"REP_AREA":240.06,"GIS_AREA":120.463150638547,"NO_TAKE":"Not Applicable","NO_TK_AREA":0,"STATUS":"Designated","STATUS_YR":2018,"GOV_TYPE":"Federal or national ministry or agency","GOVSUBTYPE":"Not Applicable","OWN_TYPE":"Not Reported","OWNSUBTYPE":"Not Applicable","MANG_AUTH":"Administración de Parques Nacionales","MANG_PLAN":"https://sib.gob.ar/archivos/PG_PNCAlisos_julio_2016_comp.pdf","VERIF":"State Verified","METADATAID":1935,"PRNT_ISO3":"ARG","ISO3":"ARG","SUPP_INFO":"Not Applicable","CONS_OBJ":"Not Applicable","INLND_WTRS":"Not Reported","OECM_ASMT":"Not Applicable","layer":"WDPA_W~1"}},{"type":"Feature","geometry":{"type":"Polygon","coordinates":[[[-58.86466,-34.18758],[-58.86097,-34.18508],[-58.85755,-34.18256],[-58.86412,-34.18077],[-58.86852,-34.1805],[-58.86966,-34.18048],[-58.87088,-34.18043],[-58.87219,-34.18032],[-58.8888,-34.18308],[-58.89341,-34.18527],[-58.90488,-34.2063],[-58.9061,-34.20521],[-58.90729,-34.20355],[-58.91183,-34.19631],[-58.92001,-34.1926],[-58.90285,-34.21654],[-58.90069,-34.21543],[-58.89934,-34.21474],[-58.89584,-34.22256],[-58.89726,-34.22619],[-58.89964,-34.2228],[-58.90188,-34.22322],[-58.90409,-34.22421],[-58.90249,-34.22649],[-58.90109,-34.22846],[-58.89692,-34.23454],[-58.89669,-34.23475],[-58.90154,-34.23616],[-58.90513,-34.23865],[-58.90802,-34.24009],[-58.90746,-34.24848],[-58.89353,-34.27964],[-58.89124,-34.27832],[-58.89126,-34.27719],[-58.89025,-34.27703],[-58.88989,-34.28233],[-58.88959,-34.28405],[-58.88917,-34.28552],[-58.88883,-34.2865],[-58.88809,-34.28758],[-58.88685,-34.2893],[-58.88628,-34.28993],[-58.88184,-34.29325],[-58.8814,-34.29332],[-58.87984,-34.29178],[-58.87878,-34.29221],[-58.87854,-34.29216],[-58.87832,-34.29203],[-58.87818,-34.29158],[-58.87833,-34.2912],[-58.87956,-34.29041],[-58.88134,-34.29135],[-58.88186,-34.29123],[-58.8819,-34.29058],[-58.88188,-34.29037],[-58.88168,-34.28976],[-58.88215,-34.28943],[-58.88275,-34.28948],[-58.88312,-34.28904],[-58.88232,-34.28811],[-58.88325,-34.28669],[-58.88267,-34.28603],[-58.88176,-34.28619],[-58.88145,-34.28655],[-58.8811,-34.28697],[-58.88099,-34.28751],[-58.88108,-34.28783],[-58.88136,-34.28831],[-58.88113,-34.28857],[-58.87939,-34.28843],[-58.87908,-34.28829],[-58.87901,-34.28813],[-58.87895,-34.28786],[-58.87886,-34.28757],[-58.87871,-34.28722],[-58.87858,-34.28687],[-58.87873,-34.28665],[-58.87923,-34.28656],[-58.87983,-34.28669],[-58.88048,-34.28649],[-58.88067,-34.28583],[-58.87937,-34.28519],[-58.87843,-34.28533],[-58.87817,-34.28534],[-58.87794,-34.28526],[-58.87766,-34.28514],[-58.87714,-34.28478],[-58.87692,-34.2844],[-58.87805,-34.27469],[-58.86378,-34.27768],[-58.86024,-34.27334],[-58.86031,-34.27278],[-58.86049,-34.27265],[-58.86111,-34.27249],[-58.86175,-34.27201],[-58.86307,-34.27073],[-58.86317,-34.27029],[-58.86304,-34.2701],[-58.86286,-34.26972],[-58.86273,-34.26928],[-58.86269,-34.26821],[-58.86287,-34.26778],[-58.8634,-34.26764],[-58.86386,-34.26752],[-58.86425,-34.2674],[-58.86462,-34.26715],[-58.86458,-34.26678],[-58.86431,-34.26629],[-58.86398,-34.2658],[-58.86308,-34.26476],[-58.86247,-34.26416],[-58.86198,-34.2641],[-58.8607,-34.26438],[-58.85993,-34.26415],[-58.85809,-34.26205],[-58.85731,-34.26212],[-58.85682,-34.26204],[-58.85616,-34.26192],[-58.85569,-34.26204],[-58.85532,-34.26233],[-58.85504,-34.26271],[-58.85202,-34.26312],[-58.8464,-34.25688],[-58.83235,-34.26229],[-58.82268,-34.26801],[-58.82736,-34.27405],[-58.82538,-34.27498],[-58.81675,-34.27467],[-58.80946,-34.26749],[-58.80988,-34.26437],[-58.80915,-34.26437],[-58.80603,-34.26822],[-58.8028,-34.26416],[-58.79989,-34.26988],[-58.79011,-34.27228],[-58.78064,-34.27706],[-58.79843,-34.25563],[-58.8207,-34.24595],[-58.81383,-34.23149],[-58.82809,-34.22494],[-58.81204,-34.22208],[-58.8126,-34.21913],[-58.81948,-34.21422],[-58.82487,-34.21023],[-58.85325,-34.25493],[-58.85621,-34.25084],[-58.86469,-34.23909],[-58.87016,-34.22716],[-58.86466,-34.18758]]]},"properties":{"fid":248,"SITE_ID":555643562,"SITE_PID":"555643562","SITE_TYPE":"PA","NAME_ENG":"Ciervo de los Pantanos","NAME":"Ciervo de los Pantanos","DESIG":"Parque Nacional","DESIG_ENG":"National Park","DESIG_TYPE":"National","IUCN_CAT":"II","INT_CRIT":"Not Applicable","REALM":"Terrestrial","REP_M_AREA":0,"GIS_M_AREA":0,"REP_AREA":52,"GIS_AREA":55.5902451093195,"NO_TAKE":"Not Applicable","NO_TK_AREA":0,"STATUS":"Designated","STATUS_YR":2018,"GOV_TYPE":"Federal or national ministry or agency","GOVSUBTYPE":"Not Applicable","OWN_TYPE":"Not Reported","OWNSUBTYPE":"Not Applicable","MANG_AUTH":"Administración de Parques Nacionales","MANG_PLAN":"https://sib.gob.ar/archivos/Plan_de_Gestion_de_la_RNO_2016_2021.pdf","VERIF":"State Verified","METADATAID":1935,"PRNT_ISO3":"ARG","ISO3":"ARG","SUPP_INFO":"Not Applicable","CONS_OBJ":"Not Applicable","INLND_WTRS":"Not Reported","OECM_ASMT":"Not Applicable","layer":"WDPA_W~1"}},{"type":"Feature","geometry":{"type":"MultiPolygon","coordinates":[[[[-71.20906,-47.42686],[-71.20739,-47.39485],[-71.33971,-47.39138],[-71.34165,-47.42472],[-71.20906,-47.42686]]],[[[-71.18976,-47.07875],[-71.25426,-47.07076],[-71.26828,-47.30322],[-71.20225,-47.30506],[-71.20736,-47.39487],[-71.12902,-47.39687],[-71.13274,-47.30529],[-71.20229,-47.305],[-71.18976,-47.07875]]],[[[-71.18976,-47.07875],[-71.1812,-47.03879],[-71.14954,-47.02646],[-71.19389,-46.96748],[-71.30939,-46.92963],[-71.366,-46.94777],[-71.47593,-46.95125],[-71.42818,-47.0322],[-71.33181,-47.00924],[-71.3186,-47.03312],[-71.25292,-47.03474],[-71.25023,-46.9899],[-71.18465,-46.9916],[-71.18976,-47.07875]]]]},"properties":{"fid":249,"SITE_ID":555643563,"SITE_PID":"555643563","SITE_TYPE":"PA","NAME_ENG":"Patagonia","NAME":"Patagonia","DESIG":"Reserva Natural Silvestre","DESIG_ENG":"Wilderness Nature Reserve","DESIG_TYPE":"National","IUCN_CAT":"Ib","INT_CRIT":"Not Applicable","REALM":"Terrestrial","REP_M_AREA":0,"GIS_M_AREA":0,"REP_AREA":387.87,"GIS_AREA":391.412788862751,"NO_TAKE":"Not Applicable","NO_TK_AREA":0,"STATUS":"Designated","STATUS_YR":2018,"GOV_TYPE":"Federal or national ministry or agency","GOVSUBTYPE":"Not Applicable","OWN_TYPE":"Not Reported","OWNSUBTYPE":"Not Applicable","MANG_AUTH":"Administración de Parques Nacionales","MANG_PLAN":"Not Reported","VERIF":"State Verified","METADATAID":1935,"PRNT_ISO3":"ARG","ISO3":"ARG","SUPP_INFO":"Not Applicable","CONS_OBJ":"Not Applicable","INLND_WTRS":"Not Reported","OECM_ASMT":"Not Applicable","layer":"WDPA_W~1"}},{"type":"Feature","geometry":{"type":"Polygon","coordinates":[[[-58.01415,-54.79037],[-58.07026,-54.79002],[-58.24216,-54.72893],[-58.26902,-54.70889],[-58.26544,-54.65459],[-58.37108,-54.6217],[-58.56626,-54.66393],[-58.68027,-54.70509],[-58.80919,-54.72306],[-59.42755,-54.69402],[-59.50754,-54.76898],[-59.56782,-54.79002],[-59.7636,-54.75483],[-59.95878,-54.7493],[-60.22379,-54.76622],[-60.54192,-54.83243],[-60.74904,-54.75483],[-60.75,-54.75455],[-60.75,-55.5],[-60.75,-55.75026],[-58,-55.75],[-58.01415,-54.79037]]]},"properties":{"fid":250,"SITE_ID":555643564,"SITE_PID":"555643564","SITE_TYPE":"PA","NAME_ENG":"Namuncurá - Banco Burdwood II","NAME":"Namuncurá - Banco Burdwood II","DESIG":"Reserva Nacional Estricta Marina","DESIG_ENG":"Marine Strict Nature Reserve","DESIG_TYPE":"National","IUCN_CAT":"Ia","INT_CRIT":"Not Applicable","REALM":"Marine","REP_M_AREA":24697.37,"GIS_M_AREA":19733.839093611,"REP_AREA":24697.37,"GIS_AREA":19733.839093611,"NO_TAKE":"Not Reported","NO_TK_AREA":0,"STATUS":"Designated","STATUS_YR":2018,"GOV_TYPE":"Federal or national ministry or agency","GOVSUBTYPE":"Not Applicable","OWN_TYPE":"Not Reported","OWNSUBTYPE":"Not Applicable","MANG_AUTH":"Administración de Parques Nacionales","MANG_PLAN":"Not Reported","VERIF":"State Verified","METADATAID":1935,"PRNT_ISO3":"ARG","ISO3":"ARG","SUPP_INFO":"Not Applicable","CONS_OBJ":"Not Applicable","INLND_WTRS":"Not Applicable","OECM_ASMT":"Not Applicable","layer":"WDPA_W~1"}},{"type":"Feature","geometry":{"type":"Polygon","coordinates":[[[-60.75262,-54.75379],[-61.12626,-54.64871],[-61.3877,-54.64005],[-61.52438,-54.61581],[-61.6157,-54.56451],[-61.74881,-54.43285],[-61.75,-55.5],[-60.75,-55.5],[-60.75,-54.75455],[-60.75262,-54.75379]]]},"properties":{"fid":251,"SITE_ID":555643565,"SITE_PID":"555643565","SITE_TYPE":"PA","NAME_ENG":"Namuncurá - Banco Burdwood II","NAME":"Namuncurá - Banco Burdwood II","DESIG":"Reserva Nacional Marina","DESIG_ENG":"Marine National Reserve","DESIG_TYPE":"National","IUCN_CAT":"VI","INT_CRIT":"Not Applicable","REALM":"Marine","REP_M_AREA":7638.93,"GIS_M_AREA":6121.49270855675,"REP_AREA":7638.93,"GIS_AREA":6121.49270855675,"NO_TAKE":"Not Reported","NO_TK_AREA":0,"STATUS":"Designated","STATUS_YR":2018,"GOV_TYPE":"Federal or national ministry or agency","GOVSUBTYPE":"Not Applicable","OWN_TYPE":"Not Reported","OWNSUBTYPE":"Not Applicable","MANG_AUTH":"Administración de Parques Nacionales","MANG_PLAN":"Not Reported","VERIF":"State Verified","METADATAID":1935,"PRNT_ISO3":"ARG","ISO3":"ARG","SUPP_INFO":"Not Applicable","CONS_OBJ":"Not Applicable","INLND_WTRS":"Not Applicable","OECM_ASMT":"Not Applicable","layer":"WDPA_W~1"}},{"type":"Feature","geometry":{"type":"Polygon","coordinates":[[[-67.26667,-57],[-67.26667,-58.36435],[-66.76224,-58.38808],[-66.14403,-58.38271],[-65.53093,-58.34244],[-64.60107,-58.24289],[-64,-58.22559],[-64,-55.5],[-64.75,-55.5],[-64.75,-55.75],[-65.72667,-55.75],[-65.72667,-56.38],[-66.25,-56.38],[-66.25,-57],[-67.26667,-57]]]},"properties":{"fid":252,"SITE_ID":555643566,"SITE_PID":"555643566","SITE_TYPE":"PA","NAME_ENG":"Yaganes","NAME":"Yaganes","DESIG":"Parque Nacional Marino","DESIG_ENG":"Marine National Park","DESIG_TYPE":"National","IUCN_CAT":"II","INT_CRIT":"Not Applicable","REALM":"Marine","REP_M_AREA":55829.85,"GIS_M_AREA":47173.0224964555,"REP_AREA":55829.85,"GIS_AREA":47173.0224964555,"NO_TAKE":"Not Reported","NO_TK_AREA":0,"STATUS":"Designated","STATUS_YR":2018,"GOV_TYPE":"Federal or national ministry or agency","GOVSUBTYPE":"Not Applicable","OWN_TYPE":"Not Reported","OWNSUBTYPE":"Not Applicable","MANG_AUTH":"Administración de Parques Nacionales","MANG_PLAN":"Not Reported","VERIF":"State Verified","METADATAID":1935,"PRNT_ISO3":"ARG","ISO3":"ARG","SUPP_INFO":"Not Applicable","CONS_OBJ":"Not Applicable","INLND_WTRS":"Not Applicable","OECM_ASMT":"Not Applicable","layer":"WDPA_W~1"}},{"type":"Feature","geometry":{"type":"Polygon","coordinates":[[[-67.26667,-57],[-67.26667,-58.36435],[-66.76224,-58.38808],[-66.14403,-58.38271],[-65.53093,-58.34244],[-64.60107,-58.24289],[-64,-58.22559],[-64,-55.5],[-64.00001,-55.05179],[-64.13028,-55.07719],[-64.71778,-55.11583],[-64.88307,-55.08879],[-65.00928,-55.01633],[-65.11438,-55.0844],[-65.28731,-55.13307],[-65.43823,-55.13822],[-65.66325,-55.17911],[-65.91164,-55.17165],[-66.06253,-55.19224],[-65.72667,-55.38167],[-65.72667,-55.75],[-65.72667,-56.38],[-66.25,-56.38],[-67.26667,-56.38],[-67.26667,-57]]]},"properties":{"fid":253,"SITE_ID":555643567,"SITE_PID":"555643567","SITE_TYPE":"PA","NAME_ENG":"Yaganes","NAME":"Yaganes","DESIG":"Reserva Nacional Estricta Marina","DESIG_ENG":"Marine Strict Nature Reserve","DESIG_TYPE":"National","IUCN_CAT":"Ia","INT_CRIT":"Not Applicable","REALM":"Marine","REP_M_AREA":68834.31,"GIS_M_AREA":58234.8599189952,"REP_AREA":68834.31,"GIS_AREA":58234.8599189952,"NO_TAKE":"Not Reported","NO_TK_AREA":0,"STATUS":"Designated","STATUS_YR":2018,"GOV_TYPE":"Federal or national ministry or agency","GOVSUBTYPE":"Not Applicable","OWN_TYPE":"Not Reported","OWNSUBTYPE":"Not Applicable","MANG_AUTH":"Administración de Parques Nacionales","MANG_PLAN":"Not Reported","VERIF":"State Verified","METADATAID":1935,"PRNT_ISO3":"ARG","ISO3":"ARG","SUPP_INFO":"Not Applicable","CONS_OBJ":"Not Applicable","INLND_WTRS":"Not Applicable","OECM_ASMT":"Not Applicable","layer":"WDPA_W~1"}},{"type":"Feature","geometry":{"type":"MultiPolygon","coordinates":[[[[-67.26667,-57],[-66.25,-57],[-66.25,-56.38],[-67.26667,-56.38],[-67.26667,-57]]],[[[-64,-55.5],[-64.00001,-55.05179],[-64.13028,-55.07719],[-64.71778,-55.11583],[-64.88307,-55.08879],[-65.00928,-55.01633],[-65.11438,-55.0844],[-65.28731,-55.13307],[-65.43823,-55.13822],[-65.66325,-55.17911],[-65.91164,-55.17165],[-66.06253,-55.19224],[-65.72667,-55.38167],[-65.72667,-55.75],[-64.75,-55.75],[-64.75,-55.5],[-64,-55.5]]]]},"properties":{"fid":254,"SITE_ID":555643568,"SITE_PID":"555643568","SITE_TYPE":"PA","NAME_ENG":"Yaganes","NAME":"Yaganes","DESIG":"Reserva Nacional Marina","DESIG_ENG":"Marine National Reserve","DESIG_TYPE":"National","IUCN_CAT":"VI","INT_CRIT":"Not Applicable","REALM":"Marine","REP_M_AREA":13004.46,"GIS_M_AREA":11061.8374225397,"REP_AREA":13004.46,"GIS_AREA":11061.8374225397,"NO_TAKE":"Not Reported","NO_TK_AREA":0,"STATUS":"Designated","STATUS_YR":2018,"GOV_TYPE":"Federal or national ministry or agency","GOVSUBTYPE":"Not Applicable","OWN_TYPE":"Not Reported","OWNSUBTYPE":"Not Applicable","MANG_AUTH":"Administración de Parques Nacionales","MANG_PLAN":"Not Reported","VERIF":"State Verified","METADATAID":1935,"PRNT_ISO3":"ARG","ISO3":"ARG","SUPP_INFO":"Not Applicable","CONS_OBJ":"Not Applicable","INLND_WTRS":"Not Applicable","OECM_ASMT":"Not Applicable","layer":"WDPA_W~1"}},{"type":"Feature","geometry":{"type":"Polygon","coordinates":[[[-60.74712,-53.75819],[-60.82365,-53.76774],[-61.01883,-53.7536],[-61.10597,-53.76527],[-61.2528,-53.82252],[-61.36322,-53.91283],[-61.41933,-53.93291],[-61.46589,-53.91812],[-61.42411,-53.85112],[-61.43127,-53.82429],[-61.47782,-53.81546],[-61.55303,-53.84865],[-61.63063,-53.95686],[-61.79238,-54.05425],[-61.81924,-54.13074],[-61.75955,-54.17558],[-61.58288,-54.19204],[-61.55064,-54.21828],[-61.55602,-54.2536],[-61.68255,-54.30285],[-61.76671,-54.31576],[-61.83714,-54.31087],[-61.95115,-54.26094],[-61.9989,-54.26094],[-62.01442,-54.28015],[-61.96965,-54.34576],[-61.85684,-54.36981],[-61.74881,-54.43285],[-61.6157,-54.56451],[-61.52438,-54.61581],[-61.3877,-54.64005],[-61.12626,-54.64871],[-60.75262,-54.75379],[-60.74933,-54.75474],[-60.74712,-53.75819]]]},"properties":{"fid":255,"SITE_ID":555703454,"SITE_PID":"555703454","SITE_TYPE":"PA","NAME_ENG":"Namuncurá - Banco Burdwood I","NAME":"Namuncurá - Banco Burdwood I","DESIG":"Reserva Nacional Marina","DESIG_ENG":"Marine National Reserve","DESIG_TYPE":"National","IUCN_CAT":"VI","INT_CRIT":"Not Applicable","REALM":"Marine","REP_M_AREA":5395.98,"GIS_M_AREA":5906.472161731039,"REP_AREA":5395.98,"GIS_AREA":5906.472161731039,"NO_TAKE":"Not Reported","NO_TK_AREA":0,"STATUS":"Designated","STATUS_YR":2019,"GOV_TYPE":"Federal or national ministry or agency","GOVSUBTYPE":"Not Applicable","OWN_TYPE":"Not Reported","OWNSUBTYPE":"Not Applicable","MANG_AUTH":"Administración de Parques Nacionales","MANG_PLAN":"Not Reported","VERIF":"State Verified","METADATAID":1935,"PRNT_ISO3":"ARG","ISO3":"ARG","SUPP_INFO":"Not Applicable","CONS_OBJ":"Not Applicable","INLND_WTRS":"Not Applicable","OECM_ASMT":"Not Applicable","layer":"WDPA_W~1"}},{"type":"Feature","geometry":{"type":"Polygon","coordinates":[[[-60.74933,-54.75474],[-60.74904,-54.75483],[-60.54192,-54.83243],[-60.22379,-54.76622],[-59.95878,-54.7493],[-59.7636,-54.75483],[-59.56782,-54.79002],[-59.50754,-54.76898],[-59.42755,-54.69402],[-58.80919,-54.72306],[-58.68027,-54.70509],[-58.56626,-54.66393],[-58.37108,-54.6217],[-58.26544,-54.65459],[-58.26902,-54.70889],[-58.24216,-54.72893],[-58.07026,-54.79002],[-58.01415,-54.79037],[-57.8524,-54.73307],[-57.79749,-54.74447],[-57.77063,-54.80623],[-57.69542,-54.83828],[-57.57605,-54.83243],[-57.47875,-54.79037],[-57.38385,-54.82519],[-57.18032,-54.8114],[-57.09974,-54.77174],[-56.98872,-54.78451],[-56.94336,-54.81692],[-56.85442,-54.83518],[-56.70759,-54.83243],[-56.55718,-54.74792],[-56.52256,-54.70474],[-56.39841,-54.67916],[-56.23188,-54.60576],[-56.22114,-54.51974],[-56.15906,-54.44572],[-56.16622,-54.3942],[-56.23845,-54.35866],[-56.48376,-54.36005],[-56.58225,-54.30424],[-56.74579,-54.28958],[-56.8592,-54.23926],[-57.08362,-54.22947],[-57.44652,-54.07883],[-57.5474,-54.06619],[-57.84404,-54.08269],[-57.91806,-54.07075],[-58.08339,-54.02123],[-58.22067,-53.94524],[-58.50419,-53.88463],[-58.72205,-53.76032],[-58.78591,-53.76669],[-58.95543,-53.8257],[-59.15598,-53.81228],[-59.2282,-53.85359],[-59.19597,-53.89767],[-59.24849,-53.92375],[-59.69615,-53.90331],[-59.92236,-53.92058],[-60.11456,-53.90966],[-60.16887,-53.88992],[-60.20767,-53.83559],[-60.34376,-53.77128],[-60.60042,-53.7444],[-60.74712,-53.75819],[-60.74933,-54.75474]]]},"properties":{"fid":256,"SITE_ID":555703455,"SITE_PID":"555703455","SITE_TYPE":"PA","NAME_ENG":"Namuncurá - Banco Burdwood I","NAME":"Namuncurá - Banco Burdwood I","DESIG":"Parque Nacional Marino","DESIG_ENG":"Marine National Park","DESIG_TYPE":"National","IUCN_CAT":"II","INT_CRIT":"Not Applicable","REALM":"Marine","REP_M_AREA":22604.02,"GIS_M_AREA":24834.1723761555,"REP_AREA":22604.02,"GIS_AREA":24834.1723761555,"NO_TAKE":"Not Reported","NO_TK_AREA":0,"STATUS":"Designated","STATUS_YR":2019,"GOV_TYPE":"Federal or national ministry or agency","GOVSUBTYPE":"Not Applicable","OWN_TYPE":"Not Reported","OWNSUBTYPE":"Not Applicable","MANG_AUTH":"Administración de Parques Nacionales","MANG_PLAN":"Not Reported","VERIF":"State Verified","METADATAID":1935,"PRNT_ISO3":"ARG","ISO3":"ARG","SUPP_INFO":"Not Applicable","CONS_OBJ":"Not Applicable","INLND_WTRS":"Not Applicable","OECM_ASMT":"Not Applicable","layer":"WDPA_W~1"}},{"type":"Feature","geometry":{"type":"Polygon","coordinates":[[[-71.52719,-46.57295],[-71.53462,-46.69399],[-71.46937,-46.69608],[-71.47305,-46.75872],[-71.36847,-46.76157],[-71.36311,-46.66819],[-71.46799,-46.66519],[-71.46299,-46.59015],[-71.52719,-46.57295]]]},"properties":{"fid":257,"SITE_ID":555703456,"SITE_PID":"555703456","SITE_TYPE":"PA","NAME_ENG":"La Ascensión","NAME":"La Ascensión","DESIG":"Reserva Natural Silvestre","DESIG_ENG":"Wilderness Nature Reserve","DESIG_TYPE":"National","IUCN_CAT":"Ib","INT_CRIT":"Not Applicable","REALM":"Terrestrial","REP_M_AREA":0,"GIS_M_AREA":0,"REP_AREA":148.26,"GIS_AREA":145.764510441524,"NO_TAKE":"Not Applicable","NO_TK_AREA":0,"STATUS":"Designated","STATUS_YR":2019,"GOV_TYPE":"Federal or national ministry or agency","GOVSUBTYPE":"Not Applicable","OWN_TYPE":"Not Reported","OWNSUBTYPE":"Not Applicable","MANG_AUTH":"Administración de Parques Nacionales","MANG_PLAN":"Not Reported","VERIF":"State Verified","METADATAID":1935,"PRNT_ISO3":"ARG","ISO3":"ARG","SUPP_INFO":"Not Applicable","CONS_OBJ":"Not Applicable","INLND_WTRS":"Not Reported","OECM_ASMT":"Not Applicable","layer":"WDPA_W~1"}},{"type":"Feature","geometry":{"type":"Polygon","coordinates":[[[-54.1644,-25.58299],[-54.16426,-25.58817],[-54.16289,-25.58818],[-54.16293,-25.58835],[-54.16297,-25.58842],[-54.16298,-25.58844],[-54.163,-25.58847],[-54.16301,-25.5885],[-54.16304,-25.58854],[-54.16308,-25.58861],[-54.16359,-25.58925],[-54.16327,-25.58961],[-54.16317,-25.58968],[-54.16307,-25.58982],[-54.16292,-25.58998],[-54.16289,-25.59002],[-54.16287,-25.59005],[-54.16285,-25.5901],[-54.16277,-25.59089],[-54.15949,-25.59364],[-54.15497,-25.59466],[-54.15474,-25.59501],[-54.15443,-25.59516],[-54.15424,-25.59558],[-54.15419,-25.59561],[-54.15414,-25.59563],[-54.15409,-25.59565],[-54.15408,-25.59565],[-54.15405,-25.59567],[-54.15404,-25.59567],[-54.15402,-25.59569],[-54.15398,-25.59594],[-54.154,-25.59597],[-54.15401,-25.59601],[-54.15403,-25.59605],[-54.15403,-25.59607],[-54.15406,-25.59611],[-54.1542,-25.59635],[-54.15432,-25.59685],[-54.15428,-25.59733],[-54.15421,-25.59739],[-54.15405,-25.59746],[-54.15399,-25.59748],[-54.15396,-25.5975],[-54.15393,-25.59753],[-54.15384,-25.5977],[-54.15385,-25.59782],[-54.15393,-25.59795],[-54.15393,-25.59797],[-54.15393,-25.59799],[-54.15397,-25.59805],[-54.15405,-25.59832],[-54.15402,-25.59849],[-54.15328,-25.59847],[-54.1532,-25.59811],[-54.15324,-25.598],[-54.15328,-25.59794],[-54.1533,-25.59788],[-54.15333,-25.59783],[-54.15334,-25.5978],[-54.15335,-25.59778],[-54.15335,-25.59776],[-54.15337,-25.59774],[-54.15343,-25.59754],[-54.15354,-25.59686],[-54.15334,-25.59674],[-54.15325,-25.59672],[-54.15313,-25.59671],[-54.15295,-25.59667],[-54.1527,-25.59663],[-54.1525,-25.59659],[-54.15208,-25.59643],[-54.15205,-25.5964],[-54.15223,-25.59377],[-54.1609,-25.58819],[-54.1609,-25.58294],[-54.1644,-25.58299]]]},"properties":{"fid":258,"SITE_ID":555703457,"SITE_PID":"555703457","SITE_TYPE":"PA","NAME_ENG":"Alto Iguazu","NAME":"Alto Iguazu","DESIG":"Reserva Natural Silvestre","DESIG_ENG":"Wilderness Nature Reserve","DESIG_TYPE":"National","IUCN_CAT":"Ib","INT_CRIT":"Not Applicable","REALM":"Terrestrial","REP_M_AREA":0,"GIS_M_AREA":0,"REP_AREA":0.78,"GIS_AREA":0.749893185694189,"NO_TAKE":"Not Applicable","NO_TK_AREA":0,"STATUS":"Designated","STATUS_YR":2019,"GOV_TYPE":"Federal or national ministry or agency","GOVSUBTYPE":"Not Applicable","OWN_TYPE":"Not Reported","OWNSUBTYPE":"Not Applicable","MANG_AUTH":"Administración de Parques Nacionales","MANG_PLAN":"Not Reported","VERIF":"State Verified","METADATAID":1935,"PRNT_ISO3":"ARG","ISO3":"ARG","SUPP_INFO":"Not Applicable","CONS_OBJ":"Not Applicable","INLND_WTRS":"Not Reported","OECM_ASMT":"Not Applicable","layer":"WDPA_W~1"}},{"type":"Feature","geometry":{"type":"Polygon","coordinates":[[[-73.03988,-49.24318],[-72.94409,-49.24713],[-72.9437,-49.24002],[-72.94906,-49.23703],[-72.94195,-49.22707],[-72.91012,-49.23075],[-72.93801,-49.2005],[-72.93486,-49.19436],[-72.94663,-49.18546],[-72.95296,-49.2006],[-72.93697,-49.20442],[-72.94331,-49.20675],[-72.94068,-49.20777],[-72.94292,-49.20997],[-72.94125,-49.21097],[-72.94299,-49.21596],[-72.94222,-49.21611],[-72.94236,-49.21695],[-72.94177,-49.21733],[-72.94153,-49.21785],[-72.94275,-49.21805],[-72.9415,-49.22104],[-72.96226,-49.23516],[-73.06372,-49.20851],[-73.1359,-49.20786],[-73.13755,-49.2486],[-73.03988,-49.24318]]]},"properties":{"fid":259,"SITE_ID":555703458,"SITE_PID":"555703458","SITE_TYPE":"PA","NAME_ENG":"Piedra del Fraile","NAME":"Piedra del Fraile","DESIG":"Reserva Natural Silvestre","DESIG_ENG":"Wilderness Nature Reserve","DESIG_TYPE":"National","IUCN_CAT":"Ib","INT_CRIT":"Not Applicable","REALM":"Terrestrial","REP_M_AREA":0,"GIS_M_AREA":0,"REP_AREA":50.05,"GIS_AREA":48.0876701819133,"NO_TAKE":"Not Applicable","NO_TK_AREA":0,"STATUS":"Designated","STATUS_YR":2019,"GOV_TYPE":"Federal or national ministry or agency","GOVSUBTYPE":"Not Applicable","OWN_TYPE":"Not Reported","OWNSUBTYPE":"Not Applicable","MANG_AUTH":"Administración de Parques Nacionales","MANG_PLAN":"https://sib.gob.ar/archivos/PG_PN_LOS_GLACIARES_2019-2029__1_.pdf","VERIF":"State Verified","METADATAID":1935,"PRNT_ISO3":"ARG","ISO3":"ARG","SUPP_INFO":"Not Applicable","CONS_OBJ":"Not Applicable","INLND_WTRS":"Not Reported","OECM_ASMT":"Not Applicable","layer":"WDPA_W~1"}},{"type":"Feature","geometry":{"type":"Polygon","coordinates":[[[-57.09681,-27.93148],[-57.10757,-27.95433],[-57.09282,-27.97877],[-57.10034,-28.07181],[-57.08291,-28.08547],[-57.01218,-28.04511],[-56.99942,-27.98894],[-57.02802,-27.97555],[-57.01624,-27.95567],[-57.04728,-27.94116],[-57.08753,-27.92218],[-57.0911,-27.91787],[-57.09681,-27.93148]]]},"properties":{"fid":260,"SITE_ID":555703459,"SITE_PID":"555703459","SITE_TYPE":"PA","NAME_ENG":"Cambyreta","NAME":"Cambyreta","DESIG":"Reserva Natural Silvestre","DESIG_ENG":"Wilderness Nature Reserve","DESIG_TYPE":"National","IUCN_CAT":"Ib","INT_CRIT":"Not Applicable","REALM":"Terrestrial","REP_M_AREA":0,"GIS_M_AREA":0,"REP_AREA":115.94,"GIS_AREA":117.167411749907,"NO_TAKE":"Not Applicable","NO_TK_AREA":0,"STATUS":"Designated","STATUS_YR":2019,"GOV_TYPE":"Federal or national ministry or agency","GOVSUBTYPE":"Not Applicable","OWN_TYPE":"Not Reported","OWNSUBTYPE":"Not Applicable","MANG_AUTH":"Administración de Parques Nacionales","MANG_PLAN":"Not Reported","VERIF":"State Verified","METADATAID":1935,"PRNT_ISO3":"ARG","ISO3":"ARG","SUPP_INFO":"Not Applicable","CONS_OBJ":"Not Applicable","INLND_WTRS":"Not Reported","OECM_ASMT":"Not Applicable","layer":"WDPA_W~1"}},{"type":"Feature","geometry":{"type":"Polygon","coordinates":[[[-65.03251,-41.5937],[-65.03158,-41.5966],[-65.0307,-41.59934],[-65.02939,-41.60342],[-65.01973,-41.60734],[-65.00102,-41.57583],[-64.99623,-41.50126],[-65.05602,-41.45773],[-65.06139,-41.43201],[-65.07741,-41.41622],[-65.0758,-41.40823],[-65.07937,-41.39679],[-65.08037,-41.39418],[-65.08407,-41.38569],[-65.08529,-41.38283],[-65.08661,-41.37962],[-65.09987,-41.38068],[-65.09892,-41.38622],[-65.09809,-41.39106],[-65.06629,-41.46267],[-65.02133,-41.49807],[-65.01275,-41.51724],[-65.00696,-41.53359],[-65.01313,-41.53934],[-65.02584,-41.55254],[-65.02617,-41.55816],[-65.0261,-41.56801],[-65.02661,-41.5768],[-65.02662,-41.58597],[-65.03251,-41.5937]]]},"properties":{"fid":261,"SITE_ID":555745323,"SITE_PID":"555745323","SITE_TYPE":"PA","NAME_ENG":"Islote Lobos","NAME":"Islote Lobos","DESIG":"Reserva Nacional","DESIG_ENG":"National Reserve","DESIG_TYPE":"National","IUCN_CAT":"VI","INT_CRIT":"Not Applicable","REALM":"Terrestrial","REP_M_AREA":0,"GIS_M_AREA":0,"REP_AREA":34.862,"GIS_AREA":34.9471266606858,"NO_TAKE":"Not Applicable","NO_TK_AREA":0,"STATUS":"Designated","STATUS_YR":2022,"GOV_TYPE":"Federal or national ministry or agency","GOVSUBTYPE":"Not Applicable","OWN_TYPE":"Not Reported","OWNSUBTYPE":"Not Applicable","MANG_AUTH":"Administración de Parques Nacionales","MANG_PLAN":"Not Reported","VERIF":"State Verified","METADATAID":1935,"PRNT_ISO3":"ARG","ISO3":"ARG","SUPP_INFO":"Not Applicable","CONS_OBJ":"Not Applicable","INLND_WTRS":"Not Reported","OECM_ASMT":"Not Applicable","layer":"WDPA_W~1"}},{"type":"Feature","geometry":{"type":"Polygon","coordinates":[[[-65.03251,-41.5937],[-65.03729,-41.59956],[-65.03636,-41.6066],[-65.02339,-41.62045],[-64.98158,-41.62007],[-64.93683,-41.57864],[-64.94797,-41.49318],[-64.9742,-41.43502],[-65.0019,-41.3903],[-65.03789,-41.37483],[-65.08661,-41.37962],[-65.08529,-41.38283],[-65.08407,-41.38569],[-65.08037,-41.39418],[-65.07937,-41.39679],[-65.0758,-41.40823],[-65.07741,-41.41622],[-65.06139,-41.43201],[-65.05602,-41.45773],[-64.99623,-41.50126],[-65.00102,-41.57583],[-65.01973,-41.60734],[-65.02939,-41.60342],[-65.0307,-41.59934],[-65.03158,-41.5966],[-65.03251,-41.5937]]]},"properties":{"fid":262,"SITE_ID":555745324,"SITE_PID":"555745324","SITE_TYPE":"PA","NAME_ENG":"Islote Lobos","NAME":"Islote Lobos","DESIG":"Parque Nacional","DESIG_ENG":"National Park","DESIG_TYPE":"National","IUCN_CAT":"II","INT_CRIT":"Not Applicable","REALM":"Marine","REP_M_AREA":141.55,"GIS_M_AREA":142.659460329009,"REP_AREA":143.8,"GIS_AREA":155.810071469712,"NO_TAKE":"Not Reported","NO_TK_AREA":0,"STATUS":"Designated","STATUS_YR":2022,"GOV_TYPE":"Federal or national ministry or agency","GOVSUBTYPE":"Not Applicable","OWN_TYPE":"Not Reported","OWNSUBTYPE":"Not Applicable","MANG_AUTH":"Administración de Parques Nacionales","MANG_PLAN":"Not Reported","VERIF":"State Verified","METADATAID":1935,"PRNT_ISO3":"ARG","ISO3":"ARG","SUPP_INFO":"Not Applicable","CONS_OBJ":"Not Applicable","INLND_WTRS":"Not Applicable","OECM_ASMT":"Not Applicable","layer":"WDPA_W~1"}},{"type":"Feature","geometry":{"type":"Polygon","coordinates":[[[-55.70997,-27.41115],[-55.66712,-27.41739],[-55.64733,-27.4416],[-55.59325,-27.38698],[-55.61299,-27.37117],[-55.60845,-27.35442],[-55.67863,-27.3772],[-55.70997,-27.41115]]]},"properties":{"fid":263,"SITE_ID":555745325,"SITE_PID":"555745325","SITE_TYPE":"PA","NAME_ENG":"Parque Federal Campo San Juan","NAME":"Parque Federal Campo San Juan","DESIG":"Reserva Natural Silvestre","DESIG_ENG":"Wilderness Nature Reserve","DESIG_TYPE":"National","IUCN_CAT":"Ib","INT_CRIT":"Not Applicable","REALM":"Terrestrial","REP_M_AREA":0,"GIS_M_AREA":0,"REP_AREA":51.31,"GIS_AREA":57.2344561763456,"NO_TAKE":"Not Applicable","NO_TK_AREA":0,"STATUS":"Designated","STATUS_YR":2022,"GOV_TYPE":"Federal or national ministry or agency","GOVSUBTYPE":"Not Applicable","OWN_TYPE":"Not Reported","OWNSUBTYPE":"Not Applicable","MANG_AUTH":"Administración de Parques Nacionales y provincia de Misiones","MANG_PLAN":"Not Reported","VERIF":"State Verified","METADATAID":1935,"PRNT_ISO3":"ARG","ISO3":"ARG","SUPP_INFO":"Not Applicable","CONS_OBJ":"Not Applicable","INLND_WTRS":"Not Reported","OECM_ASMT":"Not Applicable","layer":"WDPA_W~1"}},{"type":"Feature","geometry":{"type":"Polygon","coordinates":[[[-62.51161,-30.65858],[-62.56438,-30.66051],[-62.58238,-30.68079],[-62.61203,-30.69701],[-62.58419,-30.58388],[-62.67979,-30.56723],[-62.78619,-30.59395],[-62.84267,-30.62545],[-63.01997,-30.59576],[-63.04386,-30.69281],[-62.93242,-30.71486],[-62.88597,-30.79347],[-62.82731,-30.79664],[-62.81367,-30.82756],[-62.50508,-30.84072],[-62.41256,-30.82047],[-62.31392,-30.85247],[-62.25606,-30.84836],[-62.21858,-30.79869],[-62.21756,-30.63233],[-62.238,-30.55103],[-62.28358,-30.54851],[-62.28497,-30.57012],[-62.30688,-30.56995],[-62.30544,-30.54731],[-62.32745,-30.5461],[-62.34224,-30.5753],[-62.46882,-30.56809],[-62.48002,-30.6059],[-62.45068,-30.6098],[-62.51161,-30.65858]]]},"properties":{"fid":264,"SITE_ID":555745326,"SITE_PID":"555745326","SITE_TYPE":"PA","NAME_ENG":"Ansenuza","NAME":"Ansenuza","DESIG":"Parque Nacional","DESIG_ENG":"National Park","DESIG_TYPE":"National","IUCN_CAT":"II","INT_CRIT":"Not Applicable","REALM":"Terrestrial","REP_M_AREA":0,"GIS_M_AREA":0,"REP_AREA":1859.39,"GIS_AREA":1859.09439210303,"NO_TAKE":"Not Applicable","NO_TK_AREA":0,"STATUS":"Designated","STATUS_YR":2022,"GOV_TYPE":"Federal or national ministry or agency","GOVSUBTYPE":"Not Applicable","OWN_TYPE":"Not Reported","OWNSUBTYPE":"Not Applicable","MANG_AUTH":"Administración de Parques Nacionales","MANG_PLAN":"Not Reported","VERIF":"State Verified","METADATAID":1935,"PRNT_ISO3":"ARG","ISO3":"ARG","SUPP_INFO":"Not Applicable","CONS_OBJ":"Not Applicable","INLND_WTRS":"Not Reported","OECM_ASMT":"Not Applicable","layer":"WDPA_W~1"}},{"type":"Feature","geometry":{"type":"Polygon","coordinates":[[[-62.238,-30.55103],[-62.26531,-30.46225],[-62.2485,-30.46478],[-62.19752,-30.3451],[-62.52008,-30.3419],[-62.59362,-30.25958],[-62.59329,-30.2524],[-62.59244,-30.24855],[-62.59192,-30.24667],[-62.59138,-30.24498],[-62.59129,-30.2447],[-62.59073,-30.243],[-62.58969,-30.23598],[-62.59016,-30.22855],[-62.59151,-30.22402],[-62.59575,-30.221],[-62.59778,-30.21907],[-62.59899,-30.21702],[-62.60132,-30.19089],[-62.59265,-30.1815],[-62.5968,-30.16574],[-62.56766,-30.12307],[-62.56151,-30.10161],[-62.56481,-30.09275],[-62.56365,-30.09043],[-62.56345,-30.08919],[-62.5633,-30.08824],[-62.56338,-30.08645],[-62.56088,-30.08206],[-62.56017,-30.07909],[-62.55839,-30.07635],[-62.55648,-30.06279],[-62.57171,-30.06112],[-62.57564,-30.06088],[-62.58254,-30.06421],[-62.60557,-30.05945],[-62.60701,-30.0583],[-62.60813,-30.05741],[-62.60907,-30.05505],[-62.61291,-30.05384],[-62.62272,-30.05283],[-62.62307,-30.05285],[-62.62796,-30.05309],[-62.62807,-30.05309],[-62.63444,-30.05404],[-62.63464,-30.05468],[-62.65137,-30.13477],[-62.71248,-30.12369],[-62.71865,-30.15111],[-62.73737,-30.14408],[-62.72796,-30.17881],[-62.75029,-30.19633],[-62.83613,-30.18189],[-62.83948,-30.19651],[-62.8747,-30.18965],[-62.89787,-30.21841],[-62.95276,-30.20882],[-62.96189,-30.24869],[-63.31306,-30.18591],[-63.32991,-30.24785],[-63.37556,-30.24812],[-63.37936,-30.46332],[-63.42067,-30.46388],[-63.42019,-30.48722],[-63.32353,-30.5062],[-63.32306,-30.5591],[-63.29897,-30.56383],[-63.31036,-30.60975],[-63.28629,-30.61041],[-63.28953,-30.62366],[-63.2652,-30.62688],[-63.25171,-30.62268],[-63.23161,-30.62402],[-63.19497,-30.63075],[-63.20305,-30.66382],[-63.15503,-30.67259],[-63.04386,-30.69281],[-63.01997,-30.59576],[-62.84267,-30.62545],[-62.78619,-30.59395],[-62.67979,-30.56723],[-62.58419,-30.58388],[-62.61203,-30.69701],[-62.58238,-30.68079],[-62.56438,-30.66051],[-62.51161,-30.65858],[-62.4885,-30.62943],[-62.45068,-30.6098],[-62.48002,-30.6059],[-62.46882,-30.56809],[-62.34224,-30.5753],[-62.32745,-30.5461],[-62.30544,-30.54731],[-62.30688,-30.56995],[-62.28497,-30.57012],[-62.28358,-30.54851],[-62.238,-30.55103]]]},"properties":{"fid":265,"SITE_ID":555745327,"SITE_PID":"555745327","SITE_TYPE":"PA","NAME_ENG":"Ansenuza","NAME":"Ansenuza","DESIG":"Reserva Nacional","DESIG_ENG":"National Reserve","DESIG_TYPE":"National","IUCN_CAT":"VI","INT_CRIT":"Not Applicable","REALM":"Terrestrial","REP_M_AREA":0,"GIS_M_AREA":0,"REP_AREA":4754.77,"GIS_AREA":4519.15953954311,"NO_TAKE":"Not Applicable","NO_TK_AREA":0,"STATUS":"Designated","STATUS_YR":2022,"GOV_TYPE":"Federal or national ministry or agency","GOVSUBTYPE":"Not Applicable","OWN_TYPE":"Not Reported","OWNSUBTYPE":"Not Applicable","MANG_AUTH":"Administración de Parques Nacionales","MANG_PLAN":"Not Reported","VERIF":"State Verified","METADATAID":1935,"PRNT_ISO3":"ARG","ISO3":"ARG","SUPP_INFO":"Not Applicable","CONS_OBJ":"Not Applicable","INLND_WTRS":"Not Reported","OECM_ASMT":"Not Applicable","layer":"WDPA_W~1"}},{"type":"Feature","geometry":{"type":"Polygon","coordinates":[[[-69.87878,-32.56235],[-69.8916,-32.57792],[-69.83758,-32.62388],[-69.80521,-32.75503],[-69.7919,-32.78438],[-69.77918,-32.82431],[-69.75618,-32.85209],[-69.61186,-32.78284],[-69.56713,-32.73273],[-69.5458,-32.7189],[-69.5224,-32.67698],[-69.48518,-32.62731],[-69.4167,-32.6194],[-69.34149,-32.69345],[-69.31545,-32.79123],[-69.26408,-32.8471],[-69.21586,-32.77913],[-69.19706,-32.671],[-69.14753,-32.5933],[-69.14298,-32.54201],[-69.11199,-32.45989],[-69.19171,-32.4529],[-69.41954,-32.43632],[-69.49527,-32.37899],[-69.68081,-32.30347],[-69.7215,-32.31417],[-69.73054,-32.33964],[-69.73316,-32.39056],[-69.69027,-32.42298],[-69.70496,-32.49644],[-69.75612,-32.50941],[-69.79086,-32.54677],[-69.82239,-32.54439],[-69.83512,-32.56795],[-69.84725,-32.57056],[-69.85332,-32.56556],[-69.85665,-32.56366],[-69.85879,-32.56259],[-69.86284,-32.56152],[-69.87878,-32.56235]]]},"properties":{"fid":266,"SITE_ID":555745328,"SITE_PID":"555745328","SITE_TYPE":"PA","NAME_ENG":"Uspallata","NAME":"Uspallata","DESIG":"Reserva Natural de la Defensa","DESIG_ENG":"Nature Reserve of Defense","DESIG_TYPE":"National","IUCN_CAT":"Not Reported","INT_CRIT":"Not Applicable","REALM":"Terrestrial","REP_M_AREA":0,"GIS_M_AREA":0,"REP_AREA":2153.75,"GIS_AREA":2275.7472032745,"NO_TAKE":"Not Applicable","NO_TK_AREA":0,"STATUS":"Designated","STATUS_YR":2021,"GOV_TYPE":"Federal or national ministry or agency","GOVSUBTYPE":"Not Applicable","OWN_TYPE":"Not Reported","OWNSUBTYPE":"Not Applicable","MANG_AUTH":"Ejercito Argentino","MANG_PLAN":"Not Reported","VERIF":"State Verified","METADATAID":1935,"PRNT_ISO3":"ARG","ISO3":"ARG","SUPP_INFO":"Not Applicable","CONS_OBJ":"Not Applicable","INLND_WTRS":"Not Reported","OECM_ASMT":"Not Applicable","layer":"WDPA_W~1"}},{"type":"Feature","geometry":{"type":"Polygon","coordinates":[[[-60.70869,-32.77684],[-60.68163,-32.80295],[-60.68307,-32.79127],[-60.70869,-32.77684]]]},"properties":{"fid":267,"SITE_ID":555745329,"SITE_PID":"555745329","SITE_TYPE":"PA","NAME_ENG":"Martín Fierro","NAME":"Martín Fierro","DESIG":"Reserva Natural de la Defensa","DESIG_ENG":"Nature Reserve of Defense","DESIG_TYPE":"National","IUCN_CAT":"Not Reported","INT_CRIT":"Not Applicable","REALM":"Terrestrial","REP_M_AREA":0,"GIS_M_AREA":0,"REP_AREA":2.11,"GIS_AREA":2.76185152066695,"NO_TAKE":"Not Applicable","NO_TK_AREA":0,"STATUS":"Designated","STATUS_YR":2021,"GOV_TYPE":"Federal or national ministry or agency","GOVSUBTYPE":"Not Applicable","OWN_TYPE":"Not Reported","OWNSUBTYPE":"Not Applicable","MANG_AUTH":"Ejercito Argentino","MANG_PLAN":"Not Reported","VERIF":"State Verified","METADATAID":1935,"PRNT_ISO3":"ARG","ISO3":"ARG","SUPP_INFO":"Not Applicable","CONS_OBJ":"Not Applicable","INLND_WTRS":"Not Reported","OECM_ASMT":"Not Applicable","layer":"WDPA_W~1"}},{"type":"Feature","geometry":{"type":"Polygon","coordinates":[[[-69.68081,-32.30347],[-69.60312,-32.21079],[-69.59253,-32.14012],[-69.76697,-32.13391],[-69.74902,-32.10638],[-69.7597,-32.02618],[-69.69757,-31.90289],[-69.92371,-31.91126],[-69.96564,-31.8634],[-70.01593,-31.86822],[-70.11646,-31.9328],[-70.12482,-31.97833],[-70.22685,-31.98102],[-70.25014,-31.99324],[-70.24826,-32.02386],[-70.28903,-32.05203],[-70.3802,-32.02652],[-70.38797,-32.04584],[-70.33519,-32.07044],[-70.35022,-32.08823],[-70.34166,-32.10864],[-70.30388,-32.13632],[-70.31726,-32.17701],[-70.30095,-32.20681],[-70.32332,-32.26651],[-70.22237,-32.325],[-70.21733,-32.3822],[-70.23859,-32.40483],[-70.23665,-32.42929],[-70.14875,-32.46567],[-70.1262,-32.57415],[-70.09127,-32.60221],[-70.08996,-32.62232],[-70.06616,-32.62582],[-70.06349,-32.62416],[-70.06164,-32.61898],[-70.06063,-32.61732],[-70.0598,-32.61649],[-70.05873,-32.61536],[-70.05379,-32.61304],[-70.0457,-32.60518],[-70.04439,-32.6028],[-70.04409,-32.60209],[-70.04386,-32.60114],[-70.04368,-32.59632],[-70.04118,-32.59233],[-70.04177,-32.58853],[-70.04177,-32.58758],[-70.04189,-32.58615],[-70.04166,-32.58508],[-70.02583,-32.57877],[-70.02571,-32.55985],[-70.02309,-32.55771],[-70.02024,-32.55307],[-70.01941,-32.55117],[-70.01863,-32.55018],[-70.01857,-32.5501],[-70.01774,-32.54689],[-70.01524,-32.54308],[-70.01417,-32.54225],[-70.01292,-32.54136],[-70.01167,-32.54046],[-70.0106,-32.53999],[-70.00941,-32.53749],[-70.00884,-32.53614],[-70.00881,-32.53608],[-70.0087,-32.53582],[-70.0081,-32.53416],[-70.00703,-32.53273],[-70.00596,-32.53118],[-70.00501,-32.52987],[-70.00418,-32.52833],[-70.00275,-32.52892],[-70.00192,-32.52928],[-69.99966,-32.52987],[-69.99228,-32.53118],[-69.98252,-32.53154],[-69.96432,-32.54582],[-69.92658,-32.54248],[-69.90067,-32.56152],[-69.89865,-32.56188],[-69.89567,-32.56188],[-69.89187,-32.56033],[-69.89044,-32.55997],[-69.88913,-32.55997],[-69.87878,-32.56235],[-69.86284,-32.56152],[-69.85879,-32.56259],[-69.85665,-32.56366],[-69.85332,-32.56556],[-69.84725,-32.57056],[-69.83512,-32.56795],[-69.82239,-32.54439],[-69.79086,-32.54677],[-69.75612,-32.50941],[-69.70496,-32.49644],[-69.69027,-32.42298],[-69.73316,-32.39056],[-69.73054,-32.33964],[-69.7215,-32.31417],[-69.68081,-32.30347]]]},"properties":{"fid":268,"SITE_ID":555745330,"SITE_PID":"555745330","SITE_TYPE":"PA","NAME_ENG":"Manantiales","NAME":"Manantiales","DESIG":"Reserva Natural de la Defensa","DESIG_ENG":"Nature Reserve of Defense","DESIG_TYPE":"National","IUCN_CAT":"Not Reported","INT_CRIT":"Not Applicable","REALM":"Terrestrial","REP_M_AREA":0,"GIS_M_AREA":0,"REP_AREA":3829.92,"GIS_AREA":3711.57681188175,"NO_TAKE":"Not Applicable","NO_TK_AREA":0,"STATUS":"Designated","STATUS_YR":2021,"GOV_TYPE":"Federal or national ministry or agency","GOVSUBTYPE":"Not Applicable","OWN_TYPE":"Not Reported","OWNSUBTYPE":"Not Applicable","MANG_AUTH":"Ejercito Argentino","MANG_PLAN":"Not Reported","VERIF":"State Verified","METADATAID":1935,"PRNT_ISO3":"ARG","ISO3":"ARG","SUPP_INFO":"Not Applicable","CONS_OBJ":"Not Applicable","INLND_WTRS":"Not Reported","OECM_ASMT":"Not Applicable","layer":"WDPA_W~1"}},{"type":"Feature","geometry":{"type":"Polygon","coordinates":[[[-63.65,-42.77227],[-63.62999,-42.7573],[-63.63189,-42.75327],[-63.63257,-42.75245],[-63.63298,-42.75217],[-63.63339,-42.75177],[-63.63374,-42.75111],[-63.63496,-42.75038],[-63.6356,-42.74637],[-63.6305,-42.73941],[-63.63816,-42.73093],[-63.65456,-42.73041],[-63.65,-42.77227]]]},"properties":{"fid":269,"SITE_ID":555745331,"SITE_PID":"555745331","SITE_TYPE":"PA","NAME_ENG":"Punta Delgada","NAME":"Punta Delgada","DESIG":"Reserva Natural de la Defensa","DESIG_ENG":"Nature Reserve of Defense","DESIG_TYPE":"National","IUCN_CAT":"Not Reported","INT_CRIT":"Not Applicable","REALM":"Terrestrial","REP_M_AREA":0,"GIS_M_AREA":0.001589532606649,"REP_AREA":5.5,"GIS_AREA":6.34538534572729,"NO_TAKE":"Not Applicable","NO_TK_AREA":0,"STATUS":"Designated","STATUS_YR":2021,"GOV_TYPE":"Federal or national ministry or agency","GOVSUBTYPE":"Not Applicable","OWN_TYPE":"Not Reported","OWNSUBTYPE":"Not Applicable","MANG_AUTH":"Servicio de Hidrografía Naval","MANG_PLAN":"Not Reported","VERIF":"State Verified","METADATAID":1935,"PRNT_ISO3":"ARG","ISO3":"ARG","SUPP_INFO":"Not Applicable","CONS_OBJ":"Not Applicable","INLND_WTRS":"Not Reported","OECM_ASMT":"Not Applicable","layer":"WDPA_W~1"}},{"type":"Feature","geometry":{"type":"Polygon","coordinates":[[[-57.11012,-37.46991],[-57.11654,-37.4604],[-57.11958,-37.46307],[-57.11012,-37.46991]]]},"properties":{"fid":270,"SITE_ID":555745332,"SITE_PID":"555745332","SITE_TYPE":"PA","NAME_ENG":"Faro Querandí","NAME":"Faro Querandí","DESIG":"Reserva Natural de la Defensa","DESIG_ENG":"Nature Reserve of Defense","DESIG_TYPE":"National","IUCN_CAT":"Not Reported","INT_CRIT":"Not Applicable","REALM":"Terrestrial","REP_M_AREA":0,"GIS_M_AREA":0,"REP_AREA":0.44,"GIS_AREA":0.446224853661612,"NO_TAKE":"Not Applicable","NO_TK_AREA":0,"STATUS":"Designated","STATUS_YR":2021,"GOV_TYPE":"Federal or national ministry or agency","GOVSUBTYPE":"Not Applicable","OWN_TYPE":"Not Reported","OWNSUBTYPE":"Not Applicable","MANG_AUTH":"Servicio de Hidrografía Naval","MANG_PLAN":"Not Reported","VERIF":"State Verified","METADATAID":1935,"PRNT_ISO3":"ARG","ISO3":"ARG","SUPP_INFO":"Not Applicable","CONS_OBJ":"Not Applicable","INLND_WTRS":"Not Reported","OECM_ASMT":"Not Applicable","layer":"WDPA_W~1"}},{"type":"Feature","geometry":{"type":"Polygon","coordinates":[[[-71.09576,-40.73106],[-71.10121,-40.74701],[-71.11086,-40.75246],[-71.11548,-40.7575],[-71.11809,-40.75946],[-71.12051,-40.76127],[-71.1164,-40.7668],[-71.12387,-40.77721],[-71.11797,-40.78271],[-71.11904,-40.79357],[-71.117,-40.79792],[-71.11925,-40.80281],[-71.11324,-40.8059],[-71.10037,-40.8133],[-71.10193,-40.82157],[-71.09134,-40.8317],[-71.10247,-40.83469],[-71.09995,-40.84015],[-71.09366,-40.84057],[-71.08758,-40.84709],[-71.08527,-40.85274],[-71.07873,-40.8535],[-71.0731,-40.84938],[-71.06921,-40.85113],[-71.05591,-40.86959],[-71.04668,-40.87202],[-71.04761,-40.87952],[-71.05174,-40.87899],[-71.05306,-40.88012],[-71.05338,-40.88252],[-71.04331,-40.88504],[-71.0387,-40.89091],[-71.0387,-40.89763],[-71.03439,-40.90181],[-71.03381,-40.90893],[-71.03492,-40.91441],[-71.03286,-40.92071],[-71.03534,-40.9249],[-71.03206,-40.93054],[-71.03576,-40.94084],[-71.04205,-40.94756],[-71.03744,-40.94756],[-71.03534,-40.95762],[-71.04961,-40.96392],[-71.05606,-40.97753],[-71.06206,-40.98153],[-71.06857,-40.97965],[-71.07286,-40.9821],[-71.08245,-40.98414],[-71.08695,-40.98699],[-71.10121,-40.99161],[-71.08737,-40.99664],[-71.09134,-41.00104],[-71.10289,-41.00294],[-71.10667,-41.00839],[-71.11338,-41.00671],[-71.11553,-41.00926],[-71.11799,-41.01804],[-71.12387,-41.02224],[-71.12512,-41.03692],[-71.12839,-41.04377],[-71.14253,-41.05821],[-71.15331,-41.0552],[-71.16086,-41.05357],[-71.17434,-41.05622],[-71.17311,-41.06745],[-71.15203,-41.06792],[-71.09899,-41.06847],[-71.02806,-41.02053],[-70.99807,-41.00653],[-70.98807,-40.99953],[-70.97907,-40.99153],[-70.99703,-40.97393],[-71.0132,-40.95624],[-71.01194,-40.94307],[-71.00885,-40.92475],[-70.99807,-40.88555],[-71.00906,-40.87155],[-71.01906,-40.85755],[-71.03106,-40.84456],[-71.05623,-40.83768],[-71.06204,-40.82247],[-71.06304,-40.81445],[-71.05606,-40.80856],[-71.05381,-40.79675],[-71.05706,-40.78157],[-71.06905,-40.74957],[-71.08405,-40.73558],[-71.09576,-40.73106]]]},"properties":{"fid":271,"SITE_ID":97478,"SITE_PID":"97478","SITE_TYPE":"PA","NAME_ENG":"Rio Limay","NAME":"Rio Limay","DESIG":"Área Natural Protegida - Paisaje Protegido","DESIG_ENG":"Protected Nature Area - Protected Landscape","DESIG_TYPE":"National","IUCN_CAT":"V","INT_CRIT":"Not Applicable","REALM":"Terrestrial","REP_M_AREA":0,"GIS_M_AREA":0,"REP_AREA":155.14,"GIS_AREA":170.075081002572,"NO_TAKE":"Not Applicable","NO_TK_AREA":0,"STATUS":"Designated","STATUS_YR":1996,"GOV_TYPE":"Sub-national ministry or agency","GOVSUBTYPE":"Not Applicable","OWN_TYPE":"Not Reported","OWNSUBTYPE":"Not Applicable","MANG_AUTH":"Not Reported","MANG_PLAN":"Not Reported","VERIF":"State Verified","METADATAID":1852,"PRNT_ISO3":"ARG","ISO3":"ARG","SUPP_INFO":"Not Applicable","CONS_OBJ":"Not Applicable","INLND_WTRS":"Not Reported","OECM_ASMT":"Not Applicable","layer":"WDPA_W~1"}},{"type":"Feature","geometry":{"type":"Polygon","coordinates":[[[-64.7184,-40.94675],[-64.72245,-40.71308],[-64.91907,-40.7068],[-64.98859,-40.71206],[-64.98574,-40.72813],[-64.93107,-40.72848],[-64.92441,-40.73971],[-64.98518,-40.74141],[-65.11186,-40.82846],[-65.16223,-40.94675],[-64.7184,-40.94675]]]},"properties":{"fid":272,"SITE_ID":97481,"SITE_PID":"97481","SITE_TYPE":"PA","NAME_ENG":"Bahía de San Antonio","NAME":"Bahía de San Antonio","DESIG":"Paisaje Protegido","DESIG_ENG":"Protected Landscape","DESIG_TYPE":"National","IUCN_CAT":"V","INT_CRIT":"Not Applicable","REALM":"Coastal","REP_M_AREA":0,"GIS_M_AREA":600.020122373499,"REP_AREA":808.56,"GIS_AREA":807.788568389437,"NO_TAKE":"Not Reported","NO_TK_AREA":0,"STATUS":"Designated","STATUS_YR":1993,"GOV_TYPE":"Sub-national ministry or agency","GOVSUBTYPE":"Not Applicable","OWN_TYPE":"Not Reported","OWNSUBTYPE":"Not Applicable","MANG_AUTH":"Not Reported","MANG_PLAN":"Not Reported","VERIF":"State Verified","METADATAID":1852,"PRNT_ISO3":"ARG","ISO3":"ARG","SUPP_INFO":"Not Applicable","CONS_OBJ":"Not Applicable","INLND_WTRS":"Not Reported","OECM_ASMT":"Not Applicable","layer":"WDPA_W~1"}},{"type":"Feature","geometry":{"type":"Polygon","coordinates":[[[-67.26063,-38.15608],[-67.25893,-38.18696],[-67.23668,-38.19249],[-67.23441,-38.25688],[-67.21383,-38.29678],[-67.18601,-38.30588],[-67.18732,-38.24943],[-67.17279,-38.24958],[-67.17561,-38.21604],[-67.15101,-38.21541],[-67.15157,-38.18013],[-67.17501,-38.17901],[-67.17799,-38.15606],[-67.26063,-38.15608]]]},"properties":{"fid":273,"SITE_ID":97482,"SITE_PID":"97482","SITE_TYPE":"PA","NAME_ENG":"Embalse Casa de Piedra","NAME":"Embalse Casa de Piedra","DESIG":"Reserva Natural","DESIG_ENG":"Nature Reserve","DESIG_TYPE":"National","IUCN_CAT":"VI","INT_CRIT":"Not Applicable","REALM":"Terrestrial","REP_M_AREA":0,"GIS_M_AREA":0,"REP_AREA":46,"GIS_AREA":89.4385752389248,"NO_TAKE":"Not Applicable","NO_TK_AREA":0,"STATUS":"Designated","STATUS_YR":1993,"GOV_TYPE":"Sub-national ministry or agency","GOVSUBTYPE":"Not Applicable","OWN_TYPE":"Not Reported","OWNSUBTYPE":"Not Applicable","MANG_AUTH":"Not Reported","MANG_PLAN":"Not Reported","VERIF":"State Verified","METADATAID":1852,"PRNT_ISO3":"ARG","ISO3":"ARG","SUPP_INFO":"Not Applicable","CONS_OBJ":"Not Applicable","INLND_WTRS":"Not Reported","OECM_ASMT":"Not Applicable","layer":"WDPA_W~1"}},{"type":"Feature","geometry":{"type":"Polygon","coordinates":[[[-71.83577,-41.65445],[-71.83572,-41.66005],[-71.83521,-41.66438],[-71.8362,-41.66801],[-71.83257,-41.67633],[-71.81903,-41.67506],[-71.81445,-41.68018],[-71.81575,-41.68633],[-71.81755,-41.68941],[-71.81577,-41.69205],[-71.79299,-41.70016],[-71.79257,-41.70403],[-71.79548,-41.70922],[-71.80296,-41.71446],[-71.80525,-41.71657],[-71.80676,-41.71918],[-71.80416,-41.72401],[-71.80174,-41.72844],[-71.79981,-41.73022],[-71.79682,-41.73239],[-71.79202,-41.73345],[-71.78604,-41.73643],[-71.78417,-41.73763],[-71.78486,-41.74374],[-71.78261,-41.74686],[-71.78246,-41.74959],[-71.78092,-41.75534],[-71.77622,-41.76039],[-71.77587,-41.77069],[-71.76337,-41.78536],[-71.7671,-41.78872],[-71.76922,-41.79019],[-71.77218,-41.79755],[-71.77017,-41.8049],[-71.76772,-41.8067],[-71.7682,-41.81001],[-71.76721,-41.81264],[-71.75055,-41.82544],[-71.79549,-41.84422],[-71.79487,-41.84766],[-71.7914,-41.85326],[-71.79013,-41.86247],[-71.79253,-41.87905],[-71.78857,-41.89294],[-71.77706,-41.90778],[-71.77292,-41.93007],[-71.77313,-41.93641],[-71.77708,-41.94298],[-71.79282,-41.94813],[-71.79226,-41.9611],[-71.79472,-41.96583],[-71.77777,-42.00148],[-71.77382,-42.00162],[-71.58082,-42.0018],[-71.55174,-41.8925],[-71.56918,-41.76623],[-71.52964,-41.74986],[-71.51823,-41.69089],[-71.56901,-41.67384],[-71.58705,-41.68763],[-71.67815,-41.63851],[-71.67795,-41.6399],[-71.68712,-41.63848],[-71.79573,-41.6326],[-71.80958,-41.63185],[-71.86582,-41.62874],[-71.8592,-41.64731],[-71.83813,-41.64892],[-71.83577,-41.65445]]]},"properties":{"fid":274,"SITE_ID":97483,"SITE_PID":"97483","SITE_TYPE":"PA","NAME_ENG":"Ría Azul - Lago Escondido","NAME":"Ría Azul - Lago Escondido","DESIG":"Área Natural Protegida","DESIG_ENG":"Protected Nature Area","DESIG_TYPE":"National","IUCN_CAT":"VI","INT_CRIT":"Not Applicable","REALM":"Terrestrial","REP_M_AREA":0,"GIS_M_AREA":0,"REP_AREA":495.26,"GIS_AREA":766.374955653644,"NO_TAKE":"Not Applicable","NO_TK_AREA":0,"STATUS":"Designated","STATUS_YR":1994,"GOV_TYPE":"Sub-national ministry or agency","GOVSUBTYPE":"Not Applicable","OWN_TYPE":"Not Reported","OWNSUBTYPE":"Not Applicable","MANG_AUTH":"Not Reported","MANG_PLAN":"Not Reported","VERIF":"State Verified","METADATAID":1852,"PRNT_ISO3":"ARG","ISO3":"ARG","SUPP_INFO":"Not Applicable","CONS_OBJ":"Not Applicable","INLND_WTRS":"Not Reported","OECM_ASMT":"Not Applicable","layer":"WDPA_W~1"}},{"type":"Feature","geometry":{"type":"Polygon","coordinates":[[[-53.94096,-25.83637],[-53.96577,-25.83212],[-53.94982,-25.87292],[-53.92019,-25.85409],[-53.93066,-25.87647],[-53.9151,-25.89988],[-53.91351,-25.87223],[-53.9045,-25.8957],[-53.8483,-25.85685],[-53.86393,-25.83772],[-53.89937,-25.8544],[-53.91795,-25.82287],[-53.92002,-25.83968],[-53.94096,-25.83637]]]},"properties":{"fid":275,"SITE_ID":97538,"SITE_PID":"97538","SITE_TYPE":"PA","NAME_ENG":"Guardaparque Horacio Foerster","NAME":"Guardaparque Horacio Foerster","DESIG":"Parque Provincial","DESIG_ENG":"Provincial Park","DESIG_TYPE":"National","IUCN_CAT":"II","INT_CRIT":"Not Applicable","REALM":"Terrestrial","REP_M_AREA":0,"GIS_M_AREA":0,"REP_AREA":49.8,"GIS_AREA":41.63766352913171,"NO_TAKE":"Not Applicable","NO_TK_AREA":0,"STATUS":"Designated","STATUS_YR":1992,"GOV_TYPE":"Sub-national ministry or agency","GOVSUBTYPE":"Not Applicable","OWN_TYPE":"Not Reported","OWNSUBTYPE":"Not Applicable","MANG_AUTH":"Not Reported","MANG_PLAN":"Not Reported","VERIF":"State Verified","METADATAID":1852,"PRNT_ISO3":"ARG","ISO3":"ARG","SUPP_INFO":"Not Applicable","CONS_OBJ":"Not Applicable","INLND_WTRS":"Not Reported","OECM_ASMT":"Not Applicable","layer":"WDPA_W~1"}},{"type":"Feature","geometry":{"type":"Polygon","coordinates":[[[-57.992,-27.95656],[-58.00187,-27.93952],[-58.06803,-27.96263],[-58.09526,-27.96431],[-58.10919,-27.94776],[-58.10372,-27.97828],[-58.13812,-27.97568],[-58.16037,-28.01468],[-58.09455,-28.09652],[-57.9869,-28.0319],[-57.992,-27.95656]]]},"properties":{"fid":276,"SITE_ID":97545,"SITE_PID":"97545","SITE_TYPE":"PA","NAME_ENG":"Mburucuyá","NAME":"Mburucuyá","DESIG":"Parque Nacional","DESIG_ENG":"National Park","DESIG_TYPE":"National","IUCN_CAT":"II","INT_CRIT":"Not Applicable","REALM":"Terrestrial","REP_M_AREA":0,"GIS_M_AREA":0,"REP_AREA":170.86,"GIS_AREA":177.189382426808,"NO_TAKE":"Not Applicable","NO_TK_AREA":0,"STATUS":"Designated","STATUS_YR":2002,"GOV_TYPE":"Federal or national ministry or agency","GOVSUBTYPE":"Not Applicable","OWN_TYPE":"Not Reported","OWNSUBTYPE":"Not Applicable","MANG_AUTH":"Administración de Parques Nacionales","MANG_PLAN":"https://sib.gob.ar/archivos/pg_mburucuya.pdf","VERIF":"State Verified","METADATAID":1935,"PRNT_ISO3":"ARG","ISO3":"ARG","SUPP_INFO":"Not Applicable","CONS_OBJ":"Not Applicable","INLND_WTRS":"Not Reported","OECM_ASMT":"Not Applicable","layer":"WDPA_W~1"}},{"type":"Feature","geometry":{"type":"Polygon","coordinates":[[[-69.09725,-31.18363],[-69.08031,-31.17135],[-69.1028,-31.15741],[-69.09845,-31.13507],[-69.06714,-31.11906],[-69.06342,-31.08978],[-69.09704,-31.07623],[-69.0602,-30.89244],[-69.12167,-30.87156],[-69.14384,-30.88793],[-69.15706,-31.00613],[-69.22142,-31.10376],[-69.26228,-31.21197],[-69.0959,-31.24171],[-69.09725,-31.18363]]]},"properties":{"fid":277,"SITE_ID":97551,"SITE_PID":"97551","SITE_TYPE":"PA","NAME_ENG":"Don Carmelo","NAME":"Don Carmelo","DESIG":"Reserva Privada","DESIG_ENG":"Private Reserve","DESIG_TYPE":"National","IUCN_CAT":"VI","INT_CRIT":"Not Applicable","REALM":"Terrestrial","REP_M_AREA":0,"GIS_M_AREA":0,"REP_AREA":350,"GIS_AREA":399.691239855551,"NO_TAKE":"Not Applicable","NO_TK_AREA":0,"STATUS":"Designated","STATUS_YR":1993,"GOV_TYPE":"Not Reported","GOVSUBTYPE":"Not Applicable","OWN_TYPE":"Not Reported","OWNSUBTYPE":"Not Applicable","MANG_AUTH":"Not Reported","MANG_PLAN":"Not Reported","VERIF":"State Verified","METADATAID":1852,"PRNT_ISO3":"ARG","ISO3":"ARG","SUPP_INFO":"Not Applicable","CONS_OBJ":"Not Applicable","INLND_WTRS":"Not Reported","OECM_ASMT":"Not Applicable","layer":"WDPA_W~1"}},{"type":"Feature","geometry":{"type":"Polygon","coordinates":[[[-60.63027,-32.12091],[-60.63479,-32.11973],[-60.63533,-32.119],[-60.63758,-32.11771],[-60.63926,-32.11613],[-60.64038,-32.11569],[-60.6475,-32.10168],[-60.68398,-32.13068],[-60.6416,-32.15915],[-60.64953,-32.1703],[-60.62925,-32.16397],[-60.61435,-32.18035],[-60.6029,-32.15632],[-60.63703,-32.13688],[-60.62471,-32.1332],[-60.62219,-32.12828],[-60.62218,-32.12828],[-60.62176,-32.12803],[-60.62076,-32.12742],[-60.61865,-32.12615],[-60.61566,-32.11365],[-60.62701,-32.11136],[-60.63027,-32.12091]]]},"properties":{"fid":278,"SITE_ID":97554,"SITE_PID":"97554","SITE_TYPE":"PA","NAME_ENG":"Pre-Delta","NAME":"Pre-Delta","DESIG":"Parque Nacional","DESIG_ENG":"National Park","DESIG_TYPE":"National","IUCN_CAT":"II","INT_CRIT":"Not Applicable","REALM":"Terrestrial","REP_M_AREA":0,"GIS_M_AREA":0,"REP_AREA":26.08,"GIS_AREA":26.7348006281502,"NO_TAKE":"Not Applicable","NO_TK_AREA":0,"STATUS":"Designated","STATUS_YR":1992,"GOV_TYPE":"Federal or national ministry or agency","GOVSUBTYPE":"Not Applicable","OWN_TYPE":"Not Reported","OWNSUBTYPE":"Not Applicable","MANG_AUTH":"Administración de Parques Nacionales","MANG_PLAN":"https://sib.gob.ar/archivos/IF_2019_81998897_PG_PN_PREDELTA.pdf","VERIF":"State Verified","METADATAID":1935,"PRNT_ISO3":"ARG","ISO3":"ARG","SUPP_INFO":"Not Applicable","CONS_OBJ":"Not Applicable","INLND_WTRS":"Not Reported","OECM_ASMT":"Not Applicable","layer":"WDPA_W~1"}},{"type":"Feature","geometry":{"type":"Polygon","coordinates":[[[-54.37747,-26.33341],[-54.38047,-26.34563],[-54.37425,-26.32457],[-54.37747,-26.33341]]]},"properties":{"fid":279,"SITE_ID":97559,"SITE_PID":"97559","SITE_TYPE":"PA","NAME_ENG":"Lapacho Cué","NAME":"Lapacho Cué","DESIG":"Refugio Privado de Vida Silvestre","DESIG_ENG":"Private Wildlife Refuge","DESIG_TYPE":"National","IUCN_CAT":"VI","INT_CRIT":"Not Applicable","REALM":"Terrestrial","REP_M_AREA":0,"GIS_M_AREA":0,"REP_AREA":1.6,"GIS_AREA":1.61723809737467,"NO_TAKE":"Not Applicable","NO_TK_AREA":0,"STATUS":"Designated","STATUS_YR":1991,"GOV_TYPE":"Not Reported","GOVSUBTYPE":"Not Applicable","OWN_TYPE":"Not Reported","OWNSUBTYPE":"Not Applicable","MANG_AUTH":"Not Reported","MANG_PLAN":"Not Reported","VERIF":"State Verified","METADATAID":1852,"PRNT_ISO3":"ARG","ISO3":"ARG","SUPP_INFO":"Not Applicable","CONS_OBJ":"Not Applicable","INLND_WTRS":"Not Reported","OECM_ASMT":"Not Applicable","layer":"WDPA_W~1"}},{"type":"Feature","geometry":{"type":"Polygon","coordinates":[[[-54.06499,-27.15532],[-54.08476,-27.15169],[-54.09139,-27.12454],[-54.12765,-27.14014],[-54.10184,-27.21567],[-54.04112,-27.22937],[-54.03297,-27.18822],[-54.06708,-27.17827],[-54.05485,-27.16153],[-54.07146,-27.16594],[-54.06499,-27.15532]]]},"properties":{"fid":280,"SITE_ID":97563,"SITE_PID":"97563","SITE_TYPE":"PA","NAME_ENG":"San Miguel de la Frontera","NAME":"San Miguel de la Frontera","DESIG":"Reserva Privada","DESIG_ENG":"Private Reserve","DESIG_TYPE":"National","IUCN_CAT":"VI","INT_CRIT":"Not Applicable","REALM":"Terrestrial","REP_M_AREA":0,"GIS_M_AREA":0,"REP_AREA":55,"GIS_AREA":52.0906897269675,"NO_TAKE":"Not Applicable","NO_TK_AREA":0,"STATUS":"Designated","STATUS_YR":1993,"GOV_TYPE":"Not Reported","GOVSUBTYPE":"Not Applicable","OWN_TYPE":"Not Reported","OWNSUBTYPE":"Not Applicable","MANG_AUTH":"Not Reported","MANG_PLAN":"Not Reported","VERIF":"State Verified","METADATAID":1852,"PRNT_ISO3":"ARG","ISO3":"ARG","SUPP_INFO":"Not Applicable","CONS_OBJ":"Not Applicable","INLND_WTRS":"Not Reported","OECM_ASMT":"Not Applicable","layer":"WDPA_W~1"}},{"type":"Feature","geometry":{"type":"Polygon","coordinates":[[[-67.32456,-54.08263],[-67.20601,-54.12367],[-67.15885,-54.1036],[-67.18238,-54.09095],[-67.19901,-54.0955],[-67.22689,-54.0853],[-67.23373,-54.085],[-67.24174,-54.08251],[-67.2474,-54.08157],[-67.25332,-54.08109],[-67.28249,-54.06711],[-67.29525,-54.06836],[-67.30937,-54.0521],[-67.4382,-53.98624],[-67.47376,-53.9635],[-67.51906,-53.9341],[-67.56034,-53.89891],[-67.57052,-53.84873],[-67.55637,-53.84795],[-67.54179,-53.84072],[-67.56347,-53.8365],[-67.58796,-53.83121],[-67.60737,-53.82038],[-67.62054,-53.81566],[-67.64055,-53.80904],[-67.66433,-53.79744],[-67.67341,-53.79399],[-67.68004,-53.8026],[-67.73847,-53.81151],[-67.74972,-53.81765],[-67.76647,-53.83258],[-67.77334,-53.8341],[-67.78068,-53.82994],[-67.73559,-53.80438],[-67.69158,-53.79804],[-67.68883,-53.79392],[-67.68995,-53.78952],[-67.69133,-53.7808],[-67.69723,-53.77242],[-67.73535,-53.74436],[-67.83569,-53.69754],[-67.84297,-53.68948],[-67.85617,-53.682],[-67.89241,-53.67377],[-67.8875,-53.66982],[-67.89254,-53.66333],[-67.89623,-53.65932],[-67.93254,-53.63605],[-67.99284,-53.57847],[-68.04089,-53.51717],[-68.07319,-53.41529],[-68.07462,-53.40622],[-68.10109,-53.35957],[-68.15614,-53.32341],[-68.17425,-53.316],[-68.29949,-53.31992],[-68.33633,-53.31767],[-68.44107,-53.30013],[-68.55603,-53.24043],[-68.55601,-53.18179],[-68.53099,-53.1392],[-68.49902,-53.117],[-68.4949,-53.11324],[-68.49188,-53.10905],[-68.48877,-53.1049],[-68.48592,-53.10069],[-68.478,-53.09594],[-68.46348,-53.0935],[-68.4572,-53.09093],[-68.45103,-53.08835],[-68.44639,-53.08472],[-68.43415,-53.0732],[-68.41015,-53.06269],[-68.4077,-53.05841],[-68.40631,-53.05389],[-68.40499,-53.0494],[-68.40297,-53.04501],[-68.35964,-53.01769],[-68.28172,-53.00725],[-68.27688,-53.00891],[-68.27372,-53.01171],[-68.26952,-53.02022],[-68.27299,-53.04278],[-68.2242,-53.11372],[-68.2182,-53.1498],[-68.21259,-53.14777],[-68.20715,-53.13938],[-68.21002,-53.12591],[-68.2461,-53.05989],[-68.25634,-53.00641],[-68.27046,-52.97372],[-68.30457,-52.96861],[-68.41723,-52.98781],[-68.5615,-53.11034],[-68.57826,-53.22022],[-68.57045,-53.2602],[-68.4718,-53.32046],[-68.38564,-53.33447],[-68.26762,-53.32758],[-68.21653,-53.32854],[-68.13379,-53.41272],[-67.98277,-53.69088],[-67.79765,-53.82545],[-67.49344,-54.00106],[-67.32456,-54.08263]]]},"properties":{"fid":281,"SITE_ID":98129,"SITE_PID":"98129","SITE_TYPE":"PA","NAME_ENG":"Costa Atlántica Tierra del Fuego","NAME":"Costa Atlántica Tierra del Fuego","DESIG":"Reserva Hemisférica","DESIG_ENG":"Hemispheric Shorebird Reserve","DESIG_TYPE":"National","IUCN_CAT":"IV","INT_CRIT":"Not Applicable","REALM":"Terrestrial","REP_M_AREA":0,"GIS_M_AREA":23.1409956304128,"REP_AREA":286,"GIS_AREA":761.64019119807,"NO_TAKE":"Not Applicable","NO_TK_AREA":0,"STATUS":"Designated","STATUS_YR":1992,"GOV_TYPE":"Sub-national ministry or agency","GOVSUBTYPE":"Not Applicable","OWN_TYPE":"Not Reported","OWNSUBTYPE":"Not Applicable","MANG_AUTH":"Not Reported","MANG_PLAN":"Not Reported","VERIF":"State Verified","METADATAID":1852,"PRNT_ISO3":"ARG","ISO3":"ARG","SUPP_INFO":"Not Applicable","CONS_OBJ":"Not Applicable","INLND_WTRS":"Not Reported","OECM_ASMT":"Not Applicable","layer":"WDPA_W~1"}},{"type":"Feature","geometry":{"type":"Polygon","coordinates":[[[-61.6873,-33.72247],[-61.77594,-33.83183],[-61.64932,-33.85524],[-61.52422,-33.83605],[-61.45899,-33.82262],[-61.34253,-33.79825],[-61.38129,-33.74799],[-61.3172,-33.71307],[-61.24295,-33.67297],[-61.29437,-33.6062],[-61.30109,-33.59757],[-61.34905,-33.53425],[-61.39663,-33.5331],[-61.42426,-33.53963],[-61.45765,-33.5803],[-61.51271,-33.59546],[-61.56643,-33.64304],[-61.60519,-33.64918],[-61.69325,-33.69964],[-61.6873,-33.72247]]]},"properties":{"fid":282,"SITE_ID":109001,"SITE_PID":"109001","SITE_TYPE":"PA","NAME_ENG":"Humedal Laguna Melincué","NAME":"Humedal Laguna Melincué","DESIG":"Sitio Ramsar, Humedal de Importancia Internacional","DESIG_ENG":"Wetland of International Importance (Ramsar Site)","DESIG_TYPE":"International","IUCN_CAT":"Not Reported","INT_CRIT":"(ii);(iv);(v);(vi)","REALM":"Terrestrial","REP_M_AREA":0,"GIS_M_AREA":0,"REP_AREA":920,"GIS_AREA":935.8640834273199,"NO_TAKE":"Not Applicable","NO_TK_AREA":0,"STATUS":"Designated","STATUS_YR":2008,"GOV_TYPE":"Not Reported","GOVSUBTYPE":"Not Applicable","OWN_TYPE":"Not Reported","OWNSUBTYPE":"Not Applicable","MANG_AUTH":"Not Reported","MANG_PLAN":"Management plan is not implented and not available","VERIF":"State Verified","METADATAID":1852,"PRNT_ISO3":"ARG","ISO3":"ARG","SUPP_INFO":"Not Applicable","CONS_OBJ":"Not Applicable","INLND_WTRS":"Not Reported","OECM_ASMT":"Not Applicable","layer":"WDPA_W~1"}},{"type":"Feature","geometry":{"type":"MultiPolygon","coordinates":[[[[-68.83915,-27.15898],[-68.87046,-27.25112],[-68.80827,-27.30091],[-68.86967,-27.31764],[-68.8928,-27.35805],[-68.88716,-27.39832],[-68.93049,-27.40949],[-68.93517,-27.44498],[-68.98048,-27.43179],[-68.98825,-27.45307],[-68.96024,-27.47099],[-68.94195,-27.52384],[-68.98794,-27.52384],[-68.97442,-27.55922],[-69.05068,-27.61474],[-69.05928,-27.66407],[-69.04335,-27.69875],[-69.0891,-27.72058],[-69.09522,-27.79462],[-68.79934,-27.75568],[-68.72476,-27.78902],[-68.71566,-27.81511],[-68.6249,-27.79162],[-68.58249,-27.81957],[-68.54337,-27.70979],[-68.53817,-27.78665],[-68.51412,-27.83947],[-68.45792,-27.85094],[-68.26436,-27.70037],[-68.28243,-27.55684],[-68.53708,-27.11187],[-68.55871,-27.11651],[-68.5742,-27.17797],[-68.59986,-27.15909],[-68.62951,-27.16468],[-68.67046,-27.09884],[-68.7513,-27.11211],[-68.778,-27.09923],[-68.80669,-27.15213],[-68.83915,-27.15898]]],[[[-66.84904,-25.93044],[-66.85066,-25.92032],[-66.85237,-25.91752],[-66.85264,-25.91571],[-66.85228,-25.91281],[-66.92233,-25.93512],[-67.08824,-25.92971],[-67.16898,-26.04129],[-67.39689,-26.27244],[-67.55392,-26.09779],[-67.67215,-26.57368],[-67.7283,-26.63089],[-67.84405,-26.53601],[-67.91764,-26.58173],[-67.96315,-26.46431],[-68.19385,-26.44806],[-68.11473,-26.61996],[-67.99796,-26.76323],[-67.67516,-26.83845],[-67.29477,-26.71143],[-67.27043,-26.68274],[-67.15866,-26.63897],[-67.15531,-26.6114],[-67.13158,-26.60615],[-67.11244,-26.585],[-67.11888,-26.55919],[-67.10084,-26.54315],[-67.10734,-26.51602],[-67.06344,-26.44381],[-67.0759,-26.39183],[-66.72894,-26.35579],[-66.63898,-26.11722],[-66.66017,-26.10741],[-66.6567,-26.10055],[-66.65399,-26.09606],[-66.65375,-26.09214],[-66.65774,-26.08824],[-66.65936,-26.08251],[-66.6599,-26.07797],[-66.66411,-26.07493],[-66.66877,-26.07654],[-66.67176,-26.07853],[-66.68054,-26.07993],[-66.68789,-26.07756],[-66.6916,-26.08467],[-66.72222,-26.07646],[-66.72828,-26.07329],[-66.73199,-26.06434],[-66.7352,-26.06507],[-66.74313,-26.06517],[-66.75075,-26.06043],[-66.75578,-26.0572],[-66.7592,-26.04911],[-66.76914,-26.04941],[-66.77806,-26.04906],[-66.78039,-26.03344],[-66.80781,-26.01594],[-66.81006,-26.01365],[-66.81212,-26.00955],[-66.81924,-25.9999],[-66.82598,-25.99524],[-66.83221,-25.98758],[-66.8367,-25.98449],[-66.84018,-25.97969],[-66.84391,-25.97153],[-66.84401,-25.963],[-66.84744,-25.94439],[-66.84684,-25.93284],[-66.84904,-25.93044]]]]},"properties":{"fid":283,"SITE_ID":109002,"SITE_PID":"109002","SITE_TYPE":"PA","NAME_ENG":"Lagunas Altoandinas y Puneñas de Catamarca","NAME":"Lagunas Altoandinas y Puneñas de Catamarca","DESIG":"Sitio Ramsar, Humedal de Importancia Internacional","DESIG_ENG":"Wetland of International Importance (Ramsar Site)","DESIG_TYPE":"International","IUCN_CAT":"Not Reported","INT_CRIT":"(i);(ii);(iii);(iv);(v);(vi)","REALM":"Terrestrial","REP_M_AREA":0,"GIS_M_AREA":0,"REP_AREA":12281.75,"GIS_AREA":10826.4370541381,"NO_TAKE":"Not Applicable","NO_TK_AREA":0,"STATUS":"Designated","STATUS_YR":2009,"GOV_TYPE":"Not Reported","GOVSUBTYPE":"Not Applicable","OWN_TYPE":"Not Reported","OWNSUBTYPE":"Not Applicable","MANG_AUTH":"Not Reported","MANG_PLAN":"http://sites.wetlands.org/reports/ris/6AR018.html","VERIF":"State Verified","METADATAID":1852,"PRNT_ISO3":"ARG","ISO3":"ARG","SUPP_INFO":"Not Applicable","CONS_OBJ":"Not Applicable","INLND_WTRS":"Not Reported","OECM_ASMT":"Not Applicable","layer":"WDPA_W~1"}},{"type":"Feature","geometry":{"type":"Polygon","coordinates":[[[-57.44458,-37.76754],[-57.44138,-37.76979],[-57.41462,-37.74212],[-57.41641,-37.74054],[-57.41162,-37.73532],[-57.40847,-37.73266],[-57.40462,-37.72965],[-57.40156,-37.72751],[-57.39957,-37.72537],[-57.39521,-37.72193],[-57.39142,-37.71872],[-57.38734,-37.71498],[-57.37495,-37.70465],[-57.371,-37.70116],[-57.36696,-37.69762],[-57.31221,-37.65477],[-57.30843,-37.65221],[-57.30382,-37.64912],[-57.29554,-37.64344],[-57.29085,-37.63987],[-57.25567,-37.61051],[-57.23589,-37.59123],[-57.22882,-37.58335],[-57.22458,-37.57917],[-57.22057,-37.5754],[-57.21505,-37.57164],[-57.21227,-37.56949],[-57.21051,-37.56841],[-57.20889,-37.56709],[-57.20606,-37.56531],[-57.20013,-37.56121],[-57.19501,-37.55672],[-57.1906,-37.55259],[-57.18864,-37.55109],[-57.18752,-37.5495],[-57.19688,-37.54296],[-57.23653,-37.51452],[-57.2531,-37.50274],[-57.26538,-37.49403],[-57.2751,-37.48694],[-57.29095,-37.47563],[-57.41712,-37.61531],[-57.43999,-37.68212],[-57.43977,-37.70178],[-57.44482,-37.71298],[-57.44521,-37.71773],[-57.44487,-37.72254],[-57.44485,-37.72422],[-57.44494,-37.72748],[-57.44497,-37.73316],[-57.45687,-37.74439],[-57.44458,-37.76754]]]},"properties":{"fid":284,"SITE_ID":145501,"SITE_PID":"145501","SITE_TYPE":"PA","NAME_ENG":"Parque Atlántico Mar Chiquito","NAME":"Parque Atlántico Mar Chiquito","DESIG":"Reserva de la Biósfera","DESIG_ENG":"UNESCO-MAB Biosphere Reserve","DESIG_TYPE":"International","IUCN_CAT":"Not Applicable","INT_CRIT":"Not Applicable","REALM":"Coastal","REP_M_AREA":0,"GIS_M_AREA":44.1991025239037,"REP_AREA":265,"GIS_AREA":286.227067562848,"NO_TAKE":"Not Reported","NO_TK_AREA":0,"STATUS":"Designated","STATUS_YR":1996,"GOV_TYPE":"Not Reported","GOVSUBTYPE":"Not Applicable","OWN_TYPE":"Not Reported","OWNSUBTYPE":"Not Applicable","MANG_AUTH":"Not Reported","MANG_PLAN":"Not Reported","VERIF":"State Verified","METADATAID":1852,"PRNT_ISO3":"ARG","ISO3":"ARG","SUPP_INFO":"Not Applicable","CONS_OBJ":"Not Applicable","INLND_WTRS":"Not Reported","OECM_ASMT":"Not Applicable","layer":"WDPA_W~1"}},{"type":"Feature","geometry":{"type":"Polygon","coordinates":[[[-56.71738,-36.35111],[-56.78466,-36.28811],[-56.76154,-36.34682],[-56.78006,-36.32249],[-56.79308,-36.32929],[-56.79714,-36.32719],[-56.79724,-36.32303],[-56.80058,-36.3229],[-56.80633,-36.32438],[-56.81214,-36.32558],[-56.82407,-36.32638],[-56.82966,-36.3283],[-56.84162,-36.32735],[-56.8528,-36.32395],[-56.85681,-36.32798],[-56.86052,-36.33053],[-56.86303,-36.32557],[-56.86549,-36.32263],[-56.87106,-36.32395],[-56.87237,-36.32931],[-56.87673,-36.33057],[-56.87543,-36.32559],[-56.8904,-36.32247],[-56.91197,-36.33454],[-56.9144,-36.33722],[-56.91645,-36.34077],[-56.91808,-36.34554],[-56.91657,-36.35045],[-56.9288,-36.36354],[-56.92882,-36.35791],[-56.92329,-36.34918],[-56.92028,-36.33972],[-56.91756,-36.33525],[-56.92315,-36.32786],[-56.94427,-36.33084],[-56.94612,-36.33557],[-56.94537,-36.34079],[-56.94899,-36.34029],[-56.95225,-36.33625],[-56.94963,-36.33193],[-56.94938,-36.32733],[-56.95335,-36.33028],[-56.95549,-36.33511],[-56.95837,-36.33913],[-56.96206,-36.33932],[-56.96135,-36.3359],[-56.95846,-36.33102],[-56.96021,-36.3275],[-56.97249,-36.32854],[-56.97575,-36.33318],[-56.9793,-36.33406],[-56.97999,-36.32836],[-56.98956,-36.32691],[-56.99217,-36.33093],[-56.99695,-36.33111],[-56.99775,-36.32603],[-57.00134,-36.32213],[-57.01619,-36.32334],[-57.02063,-36.31462],[-57.06198,-36.29853],[-57.10544,-36.27251],[-57.11427,-36.27223],[-57.11862,-36.26359],[-57.18117,-36.21749],[-57.20288,-36.1948],[-57.21978,-36.18046],[-57.23008,-36.17572],[-57.24216,-36.16183],[-57.24667,-36.15872],[-57.25182,-36.15605],[-57.25585,-36.15257],[-57.26165,-36.14395],[-57.26474,-36.13973],[-57.26882,-36.13627],[-57.2739,-36.13357],[-57.27927,-36.13073],[-57.28085,-36.12677],[-57.27897,-36.12179],[-57.29181,-36.10054],[-57.2966,-36.09845],[-57.30278,-36.09739],[-57.32038,-36.06698],[-57.32111,-36.06202],[-57.32211,-36.05721],[-57.32854,-36.05227],[-57.33136,-36.04807],[-57.33447,-36.04399],[-57.3393,-36.04084],[-57.34053,-36.03153],[-57.349,-36.02449],[-57.34914,-36.01472],[-57.3557,-36.00682],[-57.36149,-35.99061],[-57.3644,-35.98622],[-57.36823,-35.97784],[-57.36994,-35.97682],[-57.37297,-35.96432],[-57.37309,-35.96222],[-57.37436,-35.95954],[-57.36987,-35.95433],[-57.36912,-35.95074],[-57.37345,-35.94827],[-57.385,-35.90709],[-57.38447,-35.90152],[-57.3855,-35.89499],[-57.38513,-35.89083],[-57.38489,-35.8853],[-57.38525,-35.8788],[-57.3855,-35.8694],[-57.38594,-35.8644],[-57.38386,-35.85041],[-57.38403,-35.84409],[-57.38325,-35.83814],[-57.38417,-35.82953],[-57.36849,-35.79087],[-57.36128,-35.7538],[-57.36112,-35.74943],[-57.36358,-35.74638],[-57.36205,-35.74357],[-57.35902,-35.7403],[-57.35524,-35.73593],[-57.34743,-35.72359],[-57.34529,-35.71905],[-57.34686,-35.7177],[-57.34699,-35.71631],[-57.34372,-35.71506],[-57.3427,-35.7142],[-57.34126,-35.71299],[-57.34041,-35.71191],[-57.33919,-35.71037],[-57.33765,-35.70837],[-57.33622,-35.70673],[-57.33453,-35.70454],[-57.33293,-35.70207],[-57.32914,-35.69913],[-57.32622,-35.69607],[-57.32424,-35.69476],[-57.28577,-35.64538],[-57.28496,-35.64373],[-57.28288,-35.64084],[-57.28112,-35.6388],[-57.27785,-35.63421],[-57.27644,-35.63132],[-57.27423,-35.62973],[-57.27112,-35.62587],[-57.25805,-35.60839],[-57.25762,-35.60643],[-57.25656,-35.60463],[-57.25399,-35.60282],[-57.25279,-35.60022],[-57.25046,-35.59608],[-57.24261,-35.5865],[-57.23953,-35.58482],[-57.23762,-35.58336],[-57.2375,-35.5805],[-57.23519,-35.57834],[-57.23067,-35.57292],[-57.22772,-35.56992],[-57.22596,-35.56868],[-57.22387,-35.56634],[-57.22047,-35.56314],[-57.21836,-35.56028],[-57.21428,-35.55528],[-57.21225,-35.55391],[-57.20644,-35.54856],[-57.20268,-35.54453],[-57.19714,-35.53955],[-57.19544,-35.5378],[-57.19308,-35.53562],[-57.19084,-35.5333],[-57.18982,-35.53152],[-57.18818,-35.52978],[-57.18474,-35.52631],[-57.18262,-35.52291],[-57.181,-35.52226],[-57.17977,-35.52091],[-57.17839,-35.52035],[-57.17735,-35.51827],[-57.17379,-35.51429],[-57.16557,-35.50685],[-57.16213,-35.50272],[-57.1612,-35.50135],[-57.1586,-35.5003],[-57.15745,-35.49903],[-57.15295,-35.49477],[-57.15014,-35.48951],[-57.14895,-35.48636],[-57.14746,-35.4851],[-57.14625,-35.48245],[-57.14556,-35.48039],[-57.14305,-35.47789],[-57.14127,-35.47634],[-57.14035,-35.47337],[-57.14036,-35.46985],[-57.13637,-35.46135],[-57.13332,-35.45558],[-57.1305,-35.44984],[-57.12855,-35.44627],[-57.12706,-35.44497],[-57.12865,-35.43952],[-57.12912,-35.43287],[-57.12886,-35.42884],[-57.13027,-35.42225],[-57.22846,-35.5509],[-57.24989,-35.5685],[-57.29132,-35.60932],[-57.34687,-35.67819],[-57.44354,-35.87249],[-57.46111,-36.0061],[-57.33564,-36.48731],[-57.31164,-36.5171],[-57.27378,-36.52742],[-57.16651,-36.48938],[-57.0955,-36.49121],[-57.0577,-36.52141],[-56.98754,-36.50626],[-56.92717,-36.4552],[-56.78965,-36.40118],[-56.75283,-36.40611],[-56.72505,-36.39845],[-56.7073,-36.38992],[-56.71738,-36.35111]]]},"properties":{"fid":285,"SITE_ID":145514,"SITE_PID":"145514","SITE_TYPE":"PA","NAME_ENG":"Bahía de Samborombón","NAME":"Bahía de Samborombón","DESIG":"Sitio Ramsar, Humedal de Importancia Internacional","DESIG_ENG":"Wetland of International Importance (Ramsar Site)","DESIG_TYPE":"International","IUCN_CAT":"Not Reported","INT_CRIT":"(i);(iii);(v)","REALM":"Terrestrial","REP_M_AREA":0,"GIS_M_AREA":33.523838763667,"REP_AREA":2439.65,"GIS_AREA":1826.20275031117,"NO_TAKE":"Not Applicable","NO_TK_AREA":0,"STATUS":"Designated","STATUS_YR":1997,"GOV_TYPE":"Not Reported","GOVSUBTYPE":"Not Applicable","OWN_TYPE":"Not Reported","OWNSUBTYPE":"Not Applicable","MANG_AUTH":"Not Reported","MANG_PLAN":"Management plan is not implented and not available","VERIF":"State Verified","METADATAID":1852,"PRNT_ISO3":"ARG","ISO3":"ARG","SUPP_INFO":"Not Applicable","CONS_OBJ":"Not Applicable","INLND_WTRS":"Not Reported","OECM_ASMT":"Not Applicable","layer":"WDPA_W~1"}},{"type":"Feature","geometry":{"type":"Polygon","coordinates":[[[-54.57858,-25.59477],[-54.57576,-25.59658],[-54.5769,-25.59298],[-54.56582,-25.59213],[-54.5769,-25.59259],[-54.57858,-25.59477]]]},"properties":{"fid":286,"SITE_ID":146616,"SITE_PID":"146616","SITE_TYPE":"PA","NAME_ENG":"Luís Honorio Rolón","NAME":"Luís Honorio Rolón","DESIG":"Parque Natural Municipal","DESIG_ENG":"Municipal Nature Park","DESIG_TYPE":"National","IUCN_CAT":"VI","INT_CRIT":"Not Applicable","REALM":"Terrestrial","REP_M_AREA":0,"GIS_M_AREA":0,"REP_AREA":0.06,"GIS_AREA":0.133669780483889,"NO_TAKE":"Not Applicable","NO_TK_AREA":0,"STATUS":"Designated","STATUS_YR":1996,"GOV_TYPE":"Not Reported","GOVSUBTYPE":"Not Applicable","OWN_TYPE":"Not Reported","OWNSUBTYPE":"Not Applicable","MANG_AUTH":"Not Reported","MANG_PLAN":"Not Reported","VERIF":"State Verified","METADATAID":1852,"PRNT_ISO3":"ARG","ISO3":"ARG","SUPP_INFO":"Not Applicable","CONS_OBJ":"Not Applicable","INLND_WTRS":"Not Reported","OECM_ASMT":"Not Applicable","layer":"WDPA_W~1"}},{"type":"Feature","geometry":{"type":"Polygon","coordinates":[[[-53.86409,-26.46564],[-53.72457,-26.46688],[-53.8322,-26.42075],[-53.85375,-26.432],[-53.86409,-26.46564]]]},"properties":{"fid":287,"SITE_ID":146618,"SITE_PID":"146618","SITE_TYPE":"PA","NAME_ENG":"Piñalito","NAME":"Piñalito","DESIG":"Parque Provincial","DESIG_ENG":"Provincial Park","DESIG_TYPE":"National","IUCN_CAT":"II","INT_CRIT":"Not Applicable","REALM":"Terrestrial","REP_M_AREA":0,"GIS_M_AREA":0,"REP_AREA":38.03,"GIS_AREA":37.868483693345,"NO_TAKE":"Not Applicable","NO_TK_AREA":0,"STATUS":"Designated","STATUS_YR":1993,"GOV_TYPE":"Sub-national ministry or agency","GOVSUBTYPE":"Not Applicable","OWN_TYPE":"Not Reported","OWNSUBTYPE":"Not Applicable","MANG_AUTH":"Not Reported","MANG_PLAN":"Not Reported","VERIF":"State Verified","METADATAID":1852,"PRNT_ISO3":"ARG","ISO3":"ARG","SUPP_INFO":"Not Applicable","CONS_OBJ":"Not Applicable","INLND_WTRS":"Not Reported","OECM_ASMT":"Not Applicable","layer":"WDPA_W~1"}},{"type":"Feature","geometry":{"type":"Polygon","coordinates":[[[-55.42612,-27.67147],[-55.43152,-27.64543],[-55.45145,-27.65315],[-55.44727,-27.66954],[-55.42612,-27.67147]]]},"properties":{"fid":288,"SITE_ID":146619,"SITE_PID":"146619","SITE_TYPE":"PA","NAME_ENG":"Cerro Azul","NAME":"Cerro Azul","DESIG":"Reserva de Uso Múltiple","DESIG_ENG":"Multiple Use Reserve","DESIG_TYPE":"National","IUCN_CAT":"VI","INT_CRIT":"Not Applicable","REALM":"Terrestrial","REP_M_AREA":0,"GIS_M_AREA":0,"REP_AREA":3.84,"GIS_AREA":3.84624903819892,"NO_TAKE":"Not Applicable","NO_TK_AREA":0,"STATUS":"Designated","STATUS_YR":1992,"GOV_TYPE":"Not Reported","GOVSUBTYPE":"Not Applicable","OWN_TYPE":"Not Reported","OWNSUBTYPE":"Not Applicable","MANG_AUTH":"Not Reported","MANG_PLAN":"Not Reported","VERIF":"State Verified","METADATAID":1852,"PRNT_ISO3":"ARG","ISO3":"ARG","SUPP_INFO":"Not Applicable","CONS_OBJ":"Not Applicable","INLND_WTRS":"Not Reported","OECM_ASMT":"Not Applicable","layer":"WDPA_W~1"}},{"type":"Feature","geometry":{"type":"Polygon","coordinates":[[[-54.43895,-26.92688],[-54.41759,-26.94155],[-54.41175,-26.9217],[-54.43895,-26.92688]]]},"properties":{"fid":289,"SITE_ID":146620,"SITE_PID":"146620","SITE_TYPE":"PA","NAME_ENG":"Cuartel Victoria","NAME":"Cuartel Victoria","DESIG":"Reserva de Uso Múltiple","DESIG_ENG":"Multiple Use Reserve","DESIG_TYPE":"National","IUCN_CAT":"VI","INT_CRIT":"Not Applicable","REALM":"Terrestrial","REP_M_AREA":0,"GIS_M_AREA":0,"REP_AREA":4,"GIS_AREA":4.381833455980521,"NO_TAKE":"Not Applicable","NO_TK_AREA":0,"STATUS":"Designated","STATUS_YR":1992,"GOV_TYPE":"Not Reported","GOVSUBTYPE":"Not Applicable","OWN_TYPE":"Not Reported","OWNSUBTYPE":"Not Applicable","MANG_AUTH":"Not Reported","MANG_PLAN":"Not Reported","VERIF":"State Verified","METADATAID":1852,"PRNT_ISO3":"ARG","ISO3":"ARG","SUPP_INFO":"Not Applicable","CONS_OBJ":"Not Applicable","INLND_WTRS":"Not Reported","OECM_ASMT":"Not Applicable","layer":"WDPA_W~1"}},{"type":"Feature","geometry":{"type":"Polygon","coordinates":[[[-55.72421,-27.63908],[-55.73234,-27.63296],[-55.73437,-27.63934],[-55.72421,-27.63908]]]},"properties":{"fid":290,"SITE_ID":146622,"SITE_PID":"146622","SITE_TYPE":"PA","NAME_ENG":"Fachinal","NAME":"Fachinal","DESIG":"Parque Provincial","DESIG_ENG":"Provincial Park","DESIG_TYPE":"National","IUCN_CAT":"II","INT_CRIT":"Not Applicable","REALM":"Terrestrial","REP_M_AREA":0,"GIS_M_AREA":0,"REP_AREA":0.52,"GIS_AREA":0.51300417745178,"NO_TAKE":"Not Applicable","NO_TK_AREA":0,"STATUS":"Designated","STATUS_YR":1996,"GOV_TYPE":"Sub-national ministry or agency","GOVSUBTYPE":"Not Applicable","OWN_TYPE":"Not Reported","OWNSUBTYPE":"Not Applicable","MANG_AUTH":"Not Reported","MANG_PLAN":"Not Reported","VERIF":"State Verified","METADATAID":1852,"PRNT_ISO3":"ARG","ISO3":"ARG","SUPP_INFO":"Not Applicable","CONS_OBJ":"Not Applicable","INLND_WTRS":"Not Reported","OECM_ASMT":"Not Applicable","layer":"WDPA_W~1"}},{"type":"Feature","geometry":{"type":"Polygon","coordinates":[[[-53.79046,-26.00686],[-53.80384,-26.02313],[-53.7853,-26.02934],[-53.77658,-26.01642],[-53.79046,-26.00686]]]},"properties":{"fid":291,"SITE_ID":146711,"SITE_PID":"146711","SITE_TYPE":"PA","NAME_ENG":"San Antonio","NAME":"San Antonio","DESIG":"Reserva Natural Estricta","DESIG_ENG":"Strict Nature Reserve","DESIG_TYPE":"National","IUCN_CAT":"Ia","INT_CRIT":"Not Applicable","REALM":"Terrestrial","REP_M_AREA":0,"GIS_M_AREA":0,"REP_AREA":4.8,"GIS_AREA":4.78562922303699,"NO_TAKE":"Not Applicable","NO_TK_AREA":0,"STATUS":"Designated","STATUS_YR":1990,"GOV_TYPE":"Federal or national ministry or agency","GOVSUBTYPE":"Not Applicable","OWN_TYPE":"Not Reported","OWNSUBTYPE":"Not Applicable","MANG_AUTH":"Administración de Parques Nacionales","MANG_PLAN":"https://sib.gob.ar/archivos/PG_RNE_SAN_ANTONIO.pdf","VERIF":"State Verified","METADATAID":1935,"PRNT_ISO3":"ARG","ISO3":"ARG","SUPP_INFO":"Not Applicable","CONS_OBJ":"Not Applicable","INLND_WTRS":"Not Reported","OECM_ASMT":"Not Applicable","layer":"WDPA_W~1"}},{"type":"Feature","geometry":{"type":"Polygon","coordinates":[[[-65.8434,-25.09912],[-65.85268,-25.07517],[-65.89835,-25.06338],[-65.88169,-25.07365],[-65.90124,-25.09953],[-66.02586,-25.12985],[-66.03925,-25.16171],[-66.04621,-25.21094],[-65.99882,-25.32289],[-66.0097,-25.37946],[-65.97331,-25.38555],[-65.9789,-25.41124],[-65.95634,-25.43222],[-65.95642,-25.53139],[-65.892,-25.52846],[-65.88088,-25.36276],[-65.89428,-25.31717],[-65.8163,-25.30072],[-65.83919,-25.22251],[-65.83065,-25.1926],[-65.88522,-25.16304],[-65.86977,-25.13575],[-65.83515,-25.12718],[-65.8434,-25.09912]]]},"properties":{"fid":292,"SITE_ID":166722,"SITE_PID":"166722","SITE_TYPE":"PA","NAME_ENG":"Los Cardones","NAME":"Los Cardones","DESIG":"Parque Nacional","DESIG_ENG":"National Park","DESIG_TYPE":"National","IUCN_CAT":"II","INT_CRIT":"Not Applicable","REALM":"Terrestrial","REP_M_AREA":0,"GIS_M_AREA":0,"REP_AREA":641.17,"GIS_AREA":646.69518535036,"NO_TAKE":"Not Applicable","NO_TK_AREA":0,"STATUS":"Designated","STATUS_YR":1996,"GOV_TYPE":"Federal or national ministry or agency","GOVSUBTYPE":"Not Applicable","OWN_TYPE":"Not Reported","OWNSUBTYPE":"Not Applicable","MANG_AUTH":"Administración de Parques Nacionales","MANG_PLAN":"https://sib.gob.ar/archivos/PG_PN_LosCardones.pdf","VERIF":"State Verified","METADATAID":1935,"PRNT_ISO3":"ARG","ISO3":"ARG","SUPP_INFO":"Not Applicable","CONS_OBJ":"Not Applicable","INLND_WTRS":"Not Reported","OECM_ASMT":"Not Applicable","layer":"WDPA_W~1"}},{"type":"Feature","geometry":{"type":"Polygon","coordinates":[[[-54.11652,-25.9692],[-54.10127,-26.01955],[-54.05161,-26.02834],[-54.0314,-25.9994],[-54.11652,-25.9692]]]},"properties":{"fid":293,"SITE_ID":166725,"SITE_PID":"166725","SITE_TYPE":"PA","NAME_ENG":"Urugua-í","NAME":"Urugua-í","DESIG":"Reserva de Vida Silvestre","DESIG_ENG":"Wildlife Reserve","DESIG_TYPE":"National","IUCN_CAT":"Ia","INT_CRIT":"Not Applicable","REALM":"Terrestrial","REP_M_AREA":0,"GIS_M_AREA":0,"REP_AREA":31.492,"GIS_AREA":31.4932403792142,"NO_TAKE":"Not Applicable","NO_TK_AREA":0,"STATUS":"Designated","STATUS_YR":2002,"GOV_TYPE":"Not Reported","GOVSUBTYPE":"Not Applicable","OWN_TYPE":"Not Reported","OWNSUBTYPE":"Not Applicable","MANG_AUTH":"Not Reported","MANG_PLAN":"Not Reported","VERIF":"State Verified","METADATAID":1852,"PRNT_ISO3":"ARG","ISO3":"ARG","SUPP_INFO":"Not Applicable","CONS_OBJ":"Not Applicable","INLND_WTRS":"Not Reported","OECM_ASMT":"Not Applicable","layer":"WDPA_W~1"}},{"type":"Feature","geometry":{"type":"MultiPolygon","coordinates":[[[[-71.67138,-42.26364],[-71.66807,-42.25076],[-71.66873,-42.24932],[-71.66933,-42.24791],[-71.66997,-42.24661],[-71.6688,-42.24356],[-71.67356,-42.2353],[-71.66694,-42.22738],[-71.6957,-42.20186],[-71.72253,-42.20079],[-71.73837,-42.19084],[-71.76034,-42.18845],[-71.76311,-42.18845],[-71.76484,-42.18841],[-71.76622,-42.18838],[-71.76794,-42.18834],[-71.77541,-42.18856],[-71.78348,-42.18509],[-71.7876,-42.26021],[-71.67138,-42.26364]]],[[[-71.59686,-42.09065],[-71.61498,-42.08679],[-71.73871,-42.08309],[-71.74091,-42.08303],[-71.74168,-42.083],[-71.72831,-42.1046],[-71.72813,-42.10471],[-71.72756,-42.10499],[-71.72673,-42.10541],[-71.72558,-42.10585],[-71.72343,-42.10608],[-71.71611,-42.10185],[-71.7072,-42.10452],[-71.67733,-42.09621],[-71.6477,-42.10371],[-71.63286,-42.09319],[-71.6074,-42.09943],[-71.59686,-42.09065]]]]},"properties":{"fid":294,"SITE_ID":166726,"SITE_PID":"166726","SITE_TYPE":"PA","NAME_ENG":"Lago Puelo","NAME":"Lago Puelo","DESIG":"Reserva Nacional","DESIG_ENG":"National Reserve","DESIG_TYPE":"National","IUCN_CAT":"VI","INT_CRIT":"Not Applicable","REALM":"Terrestrial","REP_M_AREA":0,"GIS_M_AREA":0,"REP_AREA":84.27,"GIS_AREA":85.4340458512397,"NO_TAKE":"Not Applicable","NO_TK_AREA":0,"STATUS":"Designated","STATUS_YR":1937,"GOV_TYPE":"Federal or national ministry or agency","GOVSUBTYPE":"Not Applicable","OWN_TYPE":"Not Reported","OWNSUBTYPE":"Not Applicable","MANG_AUTH":"Administración de Parques Nacionales","MANG_PLAN":"https://sib.gob.ar/archivos/PLAN_DE_GESTION_PN_LAGO_PUELO_2019_2029.pdf","VERIF":"State Verified","METADATAID":1935,"PRNT_ISO3":"ARG","ISO3":"ARG","SUPP_INFO":"Not Applicable","CONS_OBJ":"Not Applicable","INLND_WTRS":"Not Reported","OECM_ASMT":"Not Applicable","layer":"WDPA_W~1"}},{"type":"Feature","geometry":{"type":"Polygon","coordinates":[[[-68.89363,-50.20155],[-68.97819,-50.20136],[-68.97979,-50.23318],[-69.05829,-50.26023],[-69.05834,-50.29176],[-68.9779,-50.29169],[-68.94047,-50.27144],[-68.91284,-50.2408],[-68.91251,-50.21723],[-68.90001,-50.21721],[-68.89363,-50.20155]]]},"properties":{"fid":295,"SITE_ID":166727,"SITE_PID":"166727","SITE_TYPE":"PA","NAME_ENG":"Monte León","NAME":"Monte León","DESIG":"Reserva Nacional","DESIG_ENG":"National Reserve","DESIG_TYPE":"National","IUCN_CAT":"VI","INT_CRIT":"Not Applicable","REALM":"Terrestrial","REP_M_AREA":0,"GIS_M_AREA":0,"REP_AREA":65.49,"GIS_AREA":65.5155729760553,"NO_TAKE":"Not Applicable","NO_TK_AREA":0,"STATUS":"Designated","STATUS_YR":2004,"GOV_TYPE":"Federal or national ministry or agency","GOVSUBTYPE":"Not Applicable","OWN_TYPE":"Not Reported","OWNSUBTYPE":"Not Applicable","MANG_AUTH":"Administración de Parques Nacionales","MANG_PLAN":"Not Reported","VERIF":"State Verified","METADATAID":1935,"PRNT_ISO3":"ARG","ISO3":"ARG","SUPP_INFO":"Not Applicable","CONS_OBJ":"Not Applicable","INLND_WTRS":"Not Reported","OECM_ASMT":"Not Applicable","layer":"WDPA_W~1"}},{"type":"Feature","geometry":{"type":"Polygon","coordinates":[[[-68.74441,-37.73656],[-68.83688,-37.6223],[-68.92611,-37.65642],[-69.13018,-37.52996],[-69.15376,-37.56104],[-69.03805,-37.68138],[-69.09542,-37.72125],[-69.02366,-37.78135],[-69.11973,-37.82305],[-69.17353,-37.89145],[-69.19384,-37.9485],[-69.09944,-37.99033],[-69.09681,-37.96462],[-69.14472,-37.91891],[-69.14051,-37.9064],[-69.13195,-37.92258],[-69.08916,-37.92966],[-69.04939,-37.88467],[-68.91333,-37.83164],[-68.8855,-37.83557],[-68.89397,-37.81558],[-68.87476,-37.8052],[-68.77275,-37.79569],[-68.74441,-37.73656]]]},"properties":{"fid":296,"SITE_ID":166732,"SITE_PID":"166732","SITE_TYPE":"PA","NAME_ENG":"Auca Mahuida","NAME":"Auca Mahuida","DESIG":"Reserva Natural de Uso Múltiple","DESIG_ENG":"Multiple Use Nature Reserve","DESIG_TYPE":"National","IUCN_CAT":"VI","INT_CRIT":"Not Applicable","REALM":"Terrestrial","REP_M_AREA":0,"GIS_M_AREA":0,"REP_AREA":770.2,"GIS_AREA":764.363989210894,"NO_TAKE":"Not Applicable","NO_TK_AREA":0,"STATUS":"Designated","STATUS_YR":1996,"GOV_TYPE":"Sub-national ministry or agency","GOVSUBTYPE":"Not Applicable","OWN_TYPE":"Not Reported","OWNSUBTYPE":"Not Applicable","MANG_AUTH":"Not Reported","MANG_PLAN":"Not Reported","VERIF":"State Verified","METADATAID":1852,"PRNT_ISO3":"ARG","ISO3":"ARG","SUPP_INFO":"Not Applicable","CONS_OBJ":"Not Applicable","INLND_WTRS":"Not Reported","OECM_ASMT":"Not Applicable","layer":"WDPA_W~1"}},{"type":"Feature","geometry":{"type":"Polygon","coordinates":[[[-69.3432,-33.59788],[-69.40243,-33.59215],[-69.41006,-33.60436],[-69.38978,-33.61696],[-69.3432,-33.59788]]]},"properties":{"fid":297,"SITE_ID":166734,"SITE_PID":"166734","SITE_TYPE":"PA","NAME_ENG":"Manzano Historico","NAME":"Manzano Historico","DESIG":"Reserva Cultural y Paisajística","DESIG_ENG":"Protected Nature and Cultural and Landscape Reserve","DESIG_TYPE":"National","IUCN_CAT":"V","INT_CRIT":"Not Applicable","REALM":"Terrestrial","REP_M_AREA":0,"GIS_M_AREA":0,"REP_AREA":1,"GIS_AREA":9.30468830968793,"NO_TAKE":"Not Applicable","NO_TK_AREA":0,"STATUS":"Designated","STATUS_YR":1995,"GOV_TYPE":"Not Reported","GOVSUBTYPE":"Not Applicable","OWN_TYPE":"Not Reported","OWNSUBTYPE":"Not Applicable","MANG_AUTH":"Not Reported","MANG_PLAN":"Not Reported","VERIF":"State Verified","METADATAID":1852,"PRNT_ISO3":"ARG","ISO3":"ARG","SUPP_INFO":"Not Applicable","CONS_OBJ":"Not Applicable","INLND_WTRS":"Not Reported","OECM_ASMT":"Not Applicable","layer":"WDPA_W~1"}},{"type":"Feature","geometry":{"type":"Polygon","coordinates":[[[-55.58058,-27.7273],[-55.57069,-27.75324],[-55.54212,-27.75835],[-55.53842,-27.73195],[-55.58058,-27.7273]]]},"properties":{"fid":298,"SITE_ID":166784,"SITE_PID":"166784","SITE_TYPE":"PA","NAME_ENG":"Sierra Crovetto","NAME":"Sierra Crovetto","DESIG":"Parque Provincial","DESIG_ENG":"Provincial Park","DESIG_TYPE":"National","IUCN_CAT":"II","INT_CRIT":"Not Applicable","REALM":"Terrestrial","REP_M_AREA":0,"GIS_M_AREA":0,"REP_AREA":10.88,"GIS_AREA":10.2214128592417,"NO_TAKE":"Not Applicable","NO_TK_AREA":0,"STATUS":"Designated","STATUS_YR":1996,"GOV_TYPE":"Sub-national ministry or agency","GOVSUBTYPE":"Not Applicable","OWN_TYPE":"Not Reported","OWNSUBTYPE":"Not Applicable","MANG_AUTH":"Not Reported","MANG_PLAN":"Not Reported","VERIF":"State Verified","METADATAID":1852,"PRNT_ISO3":"ARG","ISO3":"ARG","SUPP_INFO":"Not Applicable","CONS_OBJ":"Not Applicable","INLND_WTRS":"Not Reported","OECM_ASMT":"Not Applicable","layer":"WDPA_W~1"}},{"type":"Feature","geometry":{"type":"Polygon","coordinates":[[[-54.38401,-25.89842],[-54.39097,-25.92077],[-54.40685,-25.92165],[-54.38361,-25.88644],[-54.44147,-25.86912],[-54.38615,-25.8468],[-54.39881,-25.83831],[-54.43077,-25.84192],[-54.43696,-25.85924],[-54.45673,-25.85645],[-54.46003,-25.84051],[-54.497,-25.85271],[-54.46176,-25.81265],[-54.51303,-25.84971],[-54.50822,-25.81866],[-54.53044,-25.8202],[-54.52395,-25.84759],[-54.55615,-25.84097],[-54.54803,-25.86609],[-54.57199,-25.87974],[-54.53814,-25.92019],[-54.51706,-25.91016],[-54.53976,-25.89837],[-54.51089,-25.89516],[-54.52651,-25.87598],[-54.50492,-25.86593],[-54.49413,-25.90727],[-54.49147,-25.88449],[-54.46762,-25.89701],[-54.4937,-25.87243],[-54.45029,-25.87291],[-54.45881,-25.9058],[-54.44629,-25.9104],[-54.45127,-25.93562],[-54.4321,-25.92197],[-54.43496,-25.96157],[-54.42311,-25.91931],[-54.43147,-25.90791],[-54.41467,-25.9124],[-54.42276,-25.92619],[-54.40418,-25.94171],[-54.39676,-25.92652],[-54.38191,-25.93083],[-54.37577,-25.90303],[-54.36825,-25.93264],[-54.35479,-25.91467],[-54.33333,-25.91643],[-54.3278,-25.90708],[-54.29661,-25.93742],[-54.31905,-25.8994],[-54.33497,-25.91203],[-54.35958,-25.90333],[-54.35298,-25.89468],[-54.38401,-25.89842]]]},"properties":{"fid":299,"SITE_ID":166785,"SITE_PID":"166785","SITE_TYPE":"PA","NAME_ENG":"Lago Urugua-i","NAME":"Lago Urugua-i","DESIG":"Paisaje Protegido","DESIG_ENG":"Protected Landscape","DESIG_TYPE":"National","IUCN_CAT":"V","INT_CRIT":"Not Applicable","REALM":"Terrestrial","REP_M_AREA":0,"GIS_M_AREA":0,"REP_AREA":80,"GIS_AREA":120.141608910869,"NO_TAKE":"Not Applicable","NO_TK_AREA":0,"STATUS":"Designated","STATUS_YR":1996,"GOV_TYPE":"Sub-national ministry or agency","GOVSUBTYPE":"Not Applicable","OWN_TYPE":"Not Reported","OWNSUBTYPE":"Not Applicable","MANG_AUTH":"Not Reported","MANG_PLAN":"Not Reported","VERIF":"State Verified","METADATAID":1852,"PRNT_ISO3":"ARG","ISO3":"ARG","SUPP_INFO":"Not Applicable","CONS_OBJ":"Not Applicable","INLND_WTRS":"Not Reported","OECM_ASMT":"Not Applicable","layer":"WDPA_W~1"}},{"type":"Feature","geometry":{"type":"Polygon","coordinates":[[[-53.82754,-26.88647],[-54.04582,-26.8875],[-54.04899,-26.90242],[-54.02079,-26.90292],[-54.00629,-26.933],[-54.03401,-26.94247],[-54.01341,-26.96184],[-54.01975,-26.99148],[-53.99563,-26.984],[-53.99649,-27.00924],[-54.01789,-27.00626],[-54.00383,-27.02504],[-53.97646,-27.01754],[-53.96489,-27.0517],[-53.93553,-27.03504],[-53.94573,-27.06387],[-53.92365,-27.05938],[-53.91974,-27.043],[-53.90834,-27.06886],[-53.88514,-27.05821],[-53.90236,-27.04572],[-53.86713,-27.01971],[-53.86941,-27.00173],[-53.83259,-27.00749],[-53.84109,-26.99232],[-53.81636,-26.98528],[-53.84055,-26.97553],[-53.81198,-26.96387],[-53.80487,-26.93902],[-53.82533,-26.93943],[-53.81099,-26.9321],[-53.82823,-26.9147],[-53.80427,-26.8965],[-53.82754,-26.88647]]]},"properties":{"fid":300,"SITE_ID":166786,"SITE_PID":"166786","SITE_TYPE":"PA","NAME_ENG":"Esmeralda","NAME":"Esmeralda","DESIG":"Parque Provincial","DESIG_ENG":"Provincial Park","DESIG_TYPE":"National","IUCN_CAT":"II","INT_CRIT":"Not Applicable","REALM":"Terrestrial","REP_M_AREA":0,"GIS_M_AREA":0,"REP_AREA":315.96,"GIS_AREA":312.751519196266,"NO_TAKE":"Not Applicable","NO_TK_AREA":0,"STATUS":"Designated","STATUS_YR":1992,"GOV_TYPE":"Sub-national ministry or agency","GOVSUBTYPE":"Not Applicable","OWN_TYPE":"Not Reported","OWNSUBTYPE":"Not Applicable","MANG_AUTH":"Not Reported","MANG_PLAN":"Not Reported","VERIF":"State Verified","METADATAID":1852,"PRNT_ISO3":"ARG","ISO3":"ARG","SUPP_INFO":"Not Applicable","CONS_OBJ":"Not Applicable","INLND_WTRS":"Not Reported","OECM_ASMT":"Not Applicable","layer":"WDPA_W~1"}},{"type":"Feature","geometry":{"type":"Polygon","coordinates":[[[-65.03288,-42.02239],[-65.06403,-42.02288],[-65.2967,-42.02289],[-65.29144,-42.11524],[-65.23374,-42.16699],[-65.2037,-42.2131],[-65.19804,-42.25073],[-65.19507,-42.32419],[-65.08085,-42.6093],[-65.11972,-42.77167],[-65.03002,-42.76924],[-65.03633,-42.73146],[-64.99575,-42.69751],[-64.32635,-42.75071],[-64.3092,-42.79615],[-64.21647,-42.89397],[-64.07971,-42.92457],[-63.66479,-42.85039],[-63.56372,-42.78966],[-63.55816,-42.69647],[-63.52385,-42.59865],[-63.5512,-42.27737],[-63.69677,-42.04974],[-63.74963,-42.03074],[-63.84513,-42.02795],[-64.17429,-42.16008],[-64.42927,-42.19485],[-64.86876,-42.14803],[-65.03288,-42.02239]]]},"properties":{"fid":301,"SITE_ID":198291,"SITE_PID":"198291","SITE_TYPE":"PA","NAME_ENG":"Península Valdés","NAME":"Península Valdés","DESIG":"Sitio Patrimonio de la Humanidad (natural o mixto)","DESIG_ENG":"World Heritage Site (natural or mixed)","DESIG_TYPE":"International","IUCN_CAT":"Not Applicable","INT_CRIT":"(x)","REALM":"Coastal","REP_M_AREA":0,"GIS_M_AREA":3456.54240138627,"REP_AREA":3600,"GIS_AREA":10037.7606333435,"NO_TAKE":"Not Reported","NO_TK_AREA":0,"STATUS":"Inscribed","STATUS_YR":1999,"GOV_TYPE":"Not Reported","GOVSUBTYPE":"Not Applicable","OWN_TYPE":"Not Reported","OWNSUBTYPE":"Not Applicable","MANG_AUTH":"Not Reported","MANG_PLAN":"Not Reported","VERIF":"State Verified","METADATAID":946,"PRNT_ISO3":"ARG","ISO3":"ARG","SUPP_INFO":"Not Applicable","CONS_OBJ":"Not Applicable","INLND_WTRS":"Not Reported","OECM_ASMT":"Not Applicable","layer":"WDPA_W~1"}},{"type":"Feature","geometry":{"type":"Polygon","coordinates":[[[-68.2795,-32.63303],[-68.23227,-32.45065],[-68.23229,-32.27442],[-67.59702,-32.2745],[-67.52436,-32.3068],[-67.39462,-32.44956],[-67.39113,-32.47084],[-67.36035,-32.47771],[-67.35027,-32.51504],[-67.21792,-32.69351],[-67.21761,-32.8277],[-67.23647,-32.90262],[-67.19548,-33.05583],[-67.21043,-33.0984],[-67.19556,-33.19629],[-67.18361,-33.19746],[-67.17291,-33.36769],[-67.15704,-33.38518],[-67.13451,-33.46397],[-67.11415,-33.48806],[-67.09861,-33.5157],[-67.08874,-33.54149],[-67.0671,-33.56699],[-67.05629,-33.58107],[-67.03568,-33.60756],[-67.01533,-33.61781],[-67.00459,-33.66728],[-66.95758,-33.72311],[-66.89166,-33.76631],[-66.87413,-33.83016],[-66.67396,-33.95248],[-66.66924,-33.98988],[-66.70682,-34.02343],[-66.70957,-34.08852],[-66.52501,-33.98933],[-66.49408,-33.77887],[-66.52558,-33.45628],[-66.62921,-33.37492],[-66.77193,-33.51937],[-66.80364,-33.57623],[-66.80521,-33.66428],[-66.94955,-33.65516],[-66.97079,-33.59578],[-67.06654,-33.50967],[-67.12249,-33.41773],[-67.11094,-33.3559],[-67.14432,-33.23227],[-67.09237,-33.11245],[-67.09154,-33.0448],[-67.04754,-32.96986],[-67.08667,-32.89585],[-67.08162,-32.81439],[-67.09869,-32.78536],[-67.04049,-32.77189],[-67.03974,-32.70713],[-67.03104,-32.61549],[-67.03591,-32.61545],[-67.02665,-32.60243],[-67.02278,-32.58755],[-67.01893,-32.58621],[-67.01861,-32.57736],[-67.02552,-32.56556],[-67.0267,-32.54265],[-66.91437,-32.54352],[-66.93606,-32.52735],[-66.94684,-32.48168],[-66.95674,-32.46806],[-66.99631,-32.43152],[-67.0119,-32.38749],[-67.0383,-32.37194],[-67.17241,-32.36627],[-67.15037,-32.14189],[-67.17348,-31.99951],[-68.47335,-31.99953],[-68.53233,-32.24865],[-68.57511,-32.35045],[-68.65552,-32.44536],[-68.70707,-32.63278],[-68.2795,-32.63303]]]},"properties":{"fid":302,"SITE_ID":198305,"SITE_PID":"198305","SITE_TYPE":"PA","NAME_ENG":"Lagunas de Guanacache, Desaguadero y del Bebedero","NAME":"Lagunas de Guanacache, Desaguadero y del Bebedero","DESIG":"Sitio Ramsar, Humedal de Importancia Internacional","DESIG_ENG":"Wetland of International Importance (Ramsar Site)","DESIG_TYPE":"International","IUCN_CAT":"Not Reported","INT_CRIT":"(i);(ii);(v);(vii)","REALM":"Terrestrial","REP_M_AREA":0,"GIS_M_AREA":0,"REP_AREA":9623.7,"GIS_AREA":9630.56031071332,"NO_TAKE":"Not Applicable","NO_TK_AREA":0,"STATUS":"Designated","STATUS_YR":1999,"GOV_TYPE":"Not Reported","GOVSUBTYPE":"Not Applicable","OWN_TYPE":"Not Reported","OWNSUBTYPE":"Not Applicable","MANG_AUTH":"Not Reported","MANG_PLAN":"Management plan is not implented and not available","VERIF":"State Verified","METADATAID":1852,"PRNT_ISO3":"ARG","ISO3":"ARG","SUPP_INFO":"Not Applicable","CONS_OBJ":"Not Applicable","INLND_WTRS":"Not Reported","OECM_ASMT":"Not Applicable","layer":"WDPA_W~1"}},{"type":"Feature","geometry":{"type":"Polygon","coordinates":[[[-58.55602,-34.29402],[-58.53522,-34.2611],[-58.46945,-34.27389],[-58.4154,-34.26329],[-58.40372,-34.22582],[-58.35524,-34.19071],[-58.3737,-34.15828],[-58.36217,-34.05457],[-58.41612,-34.0027],[-58.47704,-34.00271],[-58.63111,-34.04035],[-58.67536,-34.02588],[-58.80677,-34.08114],[-58.74636,-34.16486],[-58.69246,-34.1726],[-58.71255,-34.24799],[-58.55602,-34.29402]]]},"properties":{"fid":303,"SITE_ID":220252,"SITE_PID":"220252","SITE_TYPE":"PA","NAME_ENG":"Delta del Parana","NAME":"Delta del Parana","DESIG":"Reserva de la Biósfera","DESIG_ENG":"UNESCO-MAB Biosphere Reserve","DESIG_TYPE":"International","IUCN_CAT":"Not Applicable","INT_CRIT":"Not Applicable","REALM":"Terrestrial","REP_M_AREA":0,"GIS_M_AREA":28.8333452340169,"REP_AREA":886,"GIS_AREA":910.640007811504,"NO_TAKE":"Not Applicable","NO_TK_AREA":0,"STATUS":"Designated","STATUS_YR":2000,"GOV_TYPE":"Not Reported","GOVSUBTYPE":"Not Applicable","OWN_TYPE":"Not Reported","OWNSUBTYPE":"Not Applicable","MANG_AUTH":"Not Reported","MANG_PLAN":"Not Reported","VERIF":"State Verified","METADATAID":1852,"PRNT_ISO3":"ARG","ISO3":"ARG","SUPP_INFO":"Not Applicable","CONS_OBJ":"Not Applicable","INLND_WTRS":"Not Reported","OECM_ASMT":"Not Applicable","layer":"WDPA_W~1"}},{"type":"Feature","geometry":{"type":"Polygon","coordinates":[[[-61.49586,-24.34797],[-61.34309,-24.43254],[-61.31402,-24.34056],[-61.22728,-24.27405],[-61.24615,-24.26227],[-61.30226,-24.32754],[-61.35992,-24.29441],[-61.38135,-24.26301],[-61.4188,-24.27838],[-61.41234,-24.25127],[-61.45893,-24.21844],[-61.54717,-24.32454],[-61.71006,-24.225],[-61.66367,-24.14518],[-61.91694,-24.02106],[-61.94704,-24.12093],[-61.79487,-24.17903],[-61.79463,-24.24247],[-61.79448,-24.33237],[-61.77436,-24.3042],[-61.7706,-24.30616],[-61.76887,-24.31082],[-61.76339,-24.31265],[-61.7495,-24.32536],[-61.74477,-24.33886],[-61.7185,-24.33483],[-61.72423,-24.35614],[-61.69001,-24.36535],[-61.71209,-24.38248],[-61.70084,-24.39299],[-61.66338,-24.35744],[-61.58399,-24.37616],[-61.51566,-24.34264],[-61.49586,-24.34797]]]},"properties":{"fid":304,"SITE_ID":220253,"SITE_PID":"220253","SITE_TYPE":"PA","NAME_ENG":"Riacho Teuquito","NAME":"Riacho Teuquito","DESIG":"Reserva de la Biósfera","DESIG_ENG":"UNESCO-MAB Biosphere Reserve","DESIG_TYPE":"International","IUCN_CAT":"Not Applicable","INT_CRIT":"Not Applicable","REALM":"Terrestrial","REP_M_AREA":0,"GIS_M_AREA":0,"REP_AREA":810,"GIS_AREA":897.2277051648858,"NO_TAKE":"Not Applicable","NO_TK_AREA":0,"STATUS":"Designated","STATUS_YR":1995,"GOV_TYPE":"Not Reported","GOVSUBTYPE":"Not Applicable","OWN_TYPE":"Not Reported","OWNSUBTYPE":"Not Applicable","MANG_AUTH":"Not Reported","MANG_PLAN":"Not Reported","VERIF":"State Verified","METADATAID":1852,"PRNT_ISO3":"ARG","ISO3":"ARG","SUPP_INFO":"Not Applicable","CONS_OBJ":"Not Applicable","INLND_WTRS":"Not Reported","OECM_ASMT":"Not Applicable","layer":"WDPA_W~1"}},{"type":"Feature","geometry":{"type":"Polygon","coordinates":[[[-67.89884,-29.58381],[-67.90646,-29.69552],[-68.25174,-29.66379],[-68.27332,-29.66505],[-68.25936,-29.7463],[-68.26444,-29.7628],[-68.24412,-29.77169],[-68.24286,-29.78565],[-68.23778,-29.79327],[-68.21257,-29.79997],[-68.20041,-29.81153],[-68.19189,-29.81457],[-68.17912,-29.82004],[-68.17486,-29.8395],[-68.14932,-29.8614],[-68.13351,-29.86566],[-68.12195,-29.88147],[-68.1104,-29.88694],[-68.09945,-29.89302],[-68.09641,-29.89667],[-68.13412,-29.89606],[-68.14932,-29.91613],[-68.1554,-29.92769],[-68.16452,-29.94411],[-68.10432,-30.04324],[-68.01917,-30.17217],[-68.01857,-30.17947],[-67.92552,-30.23298],[-67.78382,-30.16122],[-67.82213,-30.10831],[-67.72422,-30.19406],[-67.70719,-30.18007],[-67.66827,-29.62057],[-67.89884,-29.58381]]]},"properties":{"fid":305,"SITE_ID":220291,"SITE_PID":"220291","SITE_TYPE":"PA","NAME_ENG":"Ischigualasto / Talampaya Natural Parks","NAME":"Parques Naturales de Ischigualasto y Talampaya","DESIG":"Sitio Patrimonio de la Humanidad (natural o mixto)","DESIG_ENG":"World Heritage Site (natural or mixed)","DESIG_TYPE":"International","IUCN_CAT":"Not Applicable","INT_CRIT":"(viii)","REALM":"Terrestrial","REP_M_AREA":0,"GIS_M_AREA":0,"REP_AREA":2753.69,"GIS_AREA":2694.78823331868,"NO_TAKE":"Not Applicable","NO_TK_AREA":0,"STATUS":"Inscribed","STATUS_YR":2000,"GOV_TYPE":"Not Reported","GOVSUBTYPE":"Not Applicable","OWN_TYPE":"Not Reported","OWNSUBTYPE":"Not Applicable","MANG_AUTH":"Not Reported","MANG_PLAN":"Not Reported","VERIF":"State Verified","METADATAID":946,"PRNT_ISO3":"ARG","ISO3":"ARG","SUPP_INFO":"Not Applicable","CONS_OBJ":"Not Applicable","INLND_WTRS":"Not Reported","OECM_ASMT":"Not Applicable","layer":"WDPA_W~1"}},{"type":"Feature","geometry":{"type":"Polygon","coordinates":[[[-56.86377,-27.43607],[-56.89551,-27.49189],[-56.95447,-27.51252],[-56.90186,-27.54138],[-56.84941,-27.50163],[-56.83709,-27.46146],[-56.86377,-27.43607]]]},"properties":{"fid":306,"SITE_ID":300019,"SITE_PID":"300019","SITE_TYPE":"PA","NAME_ENG":"Apipé Grande","NAME":"Apipé Grande","DESIG":"Reserva Natural Provincial","DESIG_ENG":"Provincial Nature Reserve","DESIG_TYPE":"National","IUCN_CAT":"VI","INT_CRIT":"Not Applicable","REALM":"Terrestrial","REP_M_AREA":0,"GIS_M_AREA":0,"REP_AREA":27.5,"GIS_AREA":47.0725174329513,"NO_TAKE":"Not Applicable","NO_TK_AREA":0,"STATUS":"Designated","STATUS_YR":1994,"GOV_TYPE":"Not Reported","GOVSUBTYPE":"Not Applicable","OWN_TYPE":"Not Reported","OWNSUBTYPE":"Not Applicable","MANG_AUTH":"Not Reported","MANG_PLAN":"Not Reported","VERIF":"State Verified","METADATAID":1852,"PRNT_ISO3":"ARG","ISO3":"ARG","SUPP_INFO":"Not Applicable","CONS_OBJ":"Not Applicable","INLND_WTRS":"Not Reported","OECM_ASMT":"Not Applicable","layer":"WDPA_W~1"}},{"type":"Feature","geometry":{"type":"Polygon","coordinates":[[[-70.61633,-37.12926],[-70.5875,-37.12856],[-70.59908,-37.12329],[-70.61633,-37.12926]]]},"properties":{"fid":307,"SITE_ID":300021,"SITE_PID":"300021","SITE_TYPE":"PA","NAME_ENG":"Cañada Molina","NAME":"Cañada Molina","DESIG":"Monumento Natural Provincial","DESIG_ENG":"Provincial Nature Monument","DESIG_TYPE":"National","IUCN_CAT":"III","INT_CRIT":"Not Applicable","REALM":"Terrestrial","REP_M_AREA":0,"GIS_M_AREA":0,"REP_AREA":0.5,"GIS_AREA":1.70166794195074,"NO_TAKE":"Not Applicable","NO_TK_AREA":0,"STATUS":"Designated","STATUS_YR":1993,"GOV_TYPE":"Sub-national ministry or agency","GOVSUBTYPE":"Not Applicable","OWN_TYPE":"Not Reported","OWNSUBTYPE":"Not Applicable","MANG_AUTH":"Not Reported","MANG_PLAN":"Not Reported","VERIF":"State Verified","METADATAID":1852,"PRNT_ISO3":"ARG","ISO3":"ARG","SUPP_INFO":"Not Applicable","CONS_OBJ":"Not Applicable","INLND_WTRS":"Not Reported","OECM_ASMT":"Not Applicable","layer":"WDPA_W~1"}},{"type":"Feature","geometry":{"type":"Polygon","coordinates":[[[-69.81333,-35.79115],[-69.82742,-35.80405],[-69.82026,-35.80907],[-69.81333,-35.79115]]]},"properties":{"fid":308,"SITE_ID":300024,"SITE_PID":"300024","SITE_TYPE":"PA","NAME_ENG":"Caverna de las Brujas","NAME":"Caverna de las Brujas","DESIG":"Reserva Natural","DESIG_ENG":"Nature Reserve","DESIG_TYPE":"National","IUCN_CAT":"IV","INT_CRIT":"Not Applicable","REALM":"Terrestrial","REP_M_AREA":0,"GIS_M_AREA":0,"REP_AREA":4.51,"GIS_AREA":1.30524729046758,"NO_TAKE":"Not Applicable","NO_TK_AREA":0,"STATUS":"Designated","STATUS_YR":1990,"GOV_TYPE":"Sub-national ministry or agency","GOVSUBTYPE":"Not Applicable","OWN_TYPE":"Not Reported","OWNSUBTYPE":"Not Applicable","MANG_AUTH":"Not Reported","MANG_PLAN":"Not Reported","VERIF":"State Verified","METADATAID":1852,"PRNT_ISO3":"ARG","ISO3":"ARG","SUPP_INFO":"Not Applicable","CONS_OBJ":"Not Applicable","INLND_WTRS":"Not Reported","OECM_ASMT":"Not Applicable","layer":"WDPA_W~1"}},{"type":"Feature","geometry":{"type":"Polygon","coordinates":[[[-55.55596,-27.15344],[-55.54794,-27.11022],[-55.47047,-27.11016],[-55.54883,-27.10304],[-55.56755,-27.12664],[-55.55596,-27.15344]]]},"properties":{"fid":309,"SITE_ID":300029,"SITE_PID":"300029","SITE_TYPE":"PA","NAME_ENG":"Corpus","NAME":"Corpus","DESIG":"Reserva Ictica","DESIG_ENG":"Ichthyic Reserve","DESIG_TYPE":"National","IUCN_CAT":"VI","INT_CRIT":"Not Applicable","REALM":"Terrestrial","REP_M_AREA":0,"GIS_M_AREA":0,"REP_AREA":8.8272,"GIS_AREA":8.34813052041309,"NO_TAKE":"Not Applicable","NO_TK_AREA":0,"STATUS":"Designated","STATUS_YR":1978,"GOV_TYPE":"Sub-national ministry or agency","GOVSUBTYPE":"Not Applicable","OWN_TYPE":"Not Reported","OWNSUBTYPE":"Not Applicable","MANG_AUTH":"Not Reported","MANG_PLAN":"Not Reported","VERIF":"State Verified","METADATAID":1852,"PRNT_ISO3":"ARG","ISO3":"ARG","SUPP_INFO":"Not Applicable","CONS_OBJ":"Not Applicable","INLND_WTRS":"Not Reported","OECM_ASMT":"Not Applicable","layer":"WDPA_W~1"}},{"type":"Feature","geometry":{"type":"Polygon","coordinates":[[[-71.44941,-42.12626],[-71.50184,-42.09232],[-71.55134,-42.1112],[-71.59668,-42.18646],[-71.58412,-42.23077],[-71.4578,-42.26093],[-71.42771,-42.20726],[-71.44666,-42.20685],[-71.44232,-42.17792],[-71.41805,-42.17177],[-71.44941,-42.12626]]]},"properties":{"fid":310,"SITE_ID":300031,"SITE_PID":"300031","SITE_TYPE":"PA","NAME_ENG":"Lago Epuyén","NAME":"Lago Epuyén","DESIG":"Reserva Forestal","DESIG_ENG":"Forest Reserve","DESIG_TYPE":"National","IUCN_CAT":"VI","INT_CRIT":"Not Applicable","REALM":"Terrestrial","REP_M_AREA":0,"GIS_M_AREA":0,"REP_AREA":200,"GIS_AREA":189.156517168198,"NO_TAKE":"Not Applicable","NO_TK_AREA":0,"STATUS":"Designated","STATUS_YR":2003,"GOV_TYPE":"Sub-national ministry or agency","GOVSUBTYPE":"Not Applicable","OWN_TYPE":"Not Reported","OWNSUBTYPE":"Not Applicable","MANG_AUTH":"Not Reported","MANG_PLAN":"Not Reported","VERIF":"State Verified","METADATAID":1852,"PRNT_ISO3":"ARG","ISO3":"ARG","SUPP_INFO":"Not Applicable","CONS_OBJ":"Not Applicable","INLND_WTRS":"Not Reported","OECM_ASMT":"Not Applicable","layer":"WDPA_W~1"}},{"type":"Feature","geometry":{"type":"Polygon","coordinates":[[[-54.927,-27.09378],[-54.96894,-27.10211],[-54.99591,-27.07378],[-55.01618,-27.16731],[-54.97537,-27.15986],[-54.91529,-27.11868],[-54.92037,-27.09629],[-54.94016,-27.11455],[-54.95195,-27.1087],[-54.927,-27.09378]]]},"properties":{"fid":311,"SITE_ID":300032,"SITE_PID":"300032","SITE_TYPE":"PA","NAME_ENG":"Cuña Pirú","NAME":"Cuña Pirú","DESIG":"Reserva Privada","DESIG_ENG":"Private Reserve","DESIG_TYPE":"National","IUCN_CAT":"Not Reported","INT_CRIT":"Not Applicable","REALM":"Terrestrial","REP_M_AREA":0,"GIS_M_AREA":0,"REP_AREA":54.9263,"GIS_AREA":54.91348991925211,"NO_TAKE":"Not Applicable","NO_TK_AREA":0,"STATUS":"Designated","STATUS_YR":2000,"GOV_TYPE":"Not Reported","GOVSUBTYPE":"Not Applicable","OWN_TYPE":"Not Reported","OWNSUBTYPE":"Not Applicable","MANG_AUTH":"Not Reported","MANG_PLAN":"Not Reported","VERIF":"State Verified","METADATAID":1852,"PRNT_ISO3":"ARG","ISO3":"ARG","SUPP_INFO":"Not Applicable","CONS_OBJ":"Not Applicable","INLND_WTRS":"Not Reported","OECM_ASMT":"Not Applicable","layer":"WDPA_W~1"}},{"type":"Feature","geometry":{"type":"Polygon","coordinates":[[[-69.08237,-39.40588],[-69.06653,-39.39894],[-69.08817,-39.38317],[-69.18076,-39.42273],[-69.19055,-39.43114],[-69.1807,-39.43892],[-69.16403,-39.42811],[-69.16987,-39.42227],[-69.1657,-39.41894],[-69.15807,-39.42798],[-69.13362,-39.43061],[-69.15987,-39.46561],[-69.0807,-39.44311],[-69.07232,-39.46723],[-69.02439,-39.44775],[-68.98444,-39.4077],[-68.92444,-39.38725],[-69.02903,-39.39794],[-69.09348,-39.42339],[-69.08237,-39.40588]]]},"properties":{"fid":312,"SITE_ID":300035,"SITE_PID":"300035","SITE_TYPE":"PA","NAME_ENG":"El Mangrullo","NAME":"El Mangrullo","DESIG":"Reserva de Uso Múltiple","DESIG_ENG":"Multiple Use Reserve","DESIG_TYPE":"National","IUCN_CAT":"VI","INT_CRIT":"Not Applicable","REALM":"Terrestrial","REP_M_AREA":0,"GIS_M_AREA":0,"REP_AREA":92.4,"GIS_AREA":87.5168005559834,"NO_TAKE":"Not Applicable","NO_TK_AREA":0,"STATUS":"Designated","STATUS_YR":1996,"GOV_TYPE":"Sub-national ministry or agency","GOVSUBTYPE":"Not Applicable","OWN_TYPE":"Not Reported","OWNSUBTYPE":"Not Applicable","MANG_AUTH":"Not Reported","MANG_PLAN":"Not Reported","VERIF":"State Verified","METADATAID":1852,"PRNT_ISO3":"ARG","ISO3":"ARG","SUPP_INFO":"Not Applicable","CONS_OBJ":"Not Applicable","INLND_WTRS":"Not Reported","OECM_ASMT":"Not Applicable","layer":"WDPA_W~1"}},{"type":"Feature","geometry":{"type":"Polygon","coordinates":[[[-54.00207,-25.72317],[-53.99775,-25.74874],[-53.99127,-25.71798],[-54.00207,-25.72317]]]},"properties":{"fid":313,"SITE_ID":300042,"SITE_PID":"300042","SITE_TYPE":"PA","NAME_ENG":"Florencio de Basaldua","NAME":"Florencio de Basaldua","DESIG":"Monumento Natural","DESIG_ENG":"Nature Monument","DESIG_TYPE":"National","IUCN_CAT":"VI","INT_CRIT":"Not Applicable","REALM":"Terrestrial","REP_M_AREA":0,"GIS_M_AREA":0,"REP_AREA":2.49,"GIS_AREA":2.49463766008322,"NO_TAKE":"Not Applicable","NO_TK_AREA":0,"STATUS":"Designated","STATUS_YR":1996,"GOV_TYPE":"Sub-national ministry or agency","GOVSUBTYPE":"Not Applicable","OWN_TYPE":"Not Reported","OWNSUBTYPE":"Not Applicable","MANG_AUTH":"Not Reported","MANG_PLAN":"Not Reported","VERIF":"State Verified","METADATAID":1852,"PRNT_ISO3":"ARG","ISO3":"ARG","SUPP_INFO":"Not Applicable","CONS_OBJ":"Not Applicable","INLND_WTRS":"Not Reported","OECM_ASMT":"Not Applicable","layer":"WDPA_W~1"}},{"type":"Feature","geometry":{"type":"Polygon","coordinates":[[[-68.47398,-50.06275],[-68.46649,-50.04714],[-68.50311,-50.02197],[-68.51207,-50.05347],[-68.47398,-50.06275]]]},"properties":{"fid":314,"SITE_ID":300049,"SITE_PID":"300049","SITE_TYPE":"PA","NAME_ENG":"Isla Leones","NAME":"Isla Leones","DESIG":"Área de Uso Limitado Bajo Protección Especial","DESIG_ENG":"Limited Use Area Under Special Protection","DESIG_TYPE":"National","IUCN_CAT":"VI","INT_CRIT":"Not Applicable","REALM":"Marine","REP_M_AREA":0,"GIS_M_AREA":11.7382143773937,"REP_AREA":11.5,"GIS_AREA":11.7382143773937,"NO_TAKE":"Not Reported","NO_TK_AREA":0,"STATUS":"Designated","STATUS_YR":1991,"GOV_TYPE":"Sub-national ministry or agency","GOVSUBTYPE":"Not Applicable","OWN_TYPE":"Not Reported","OWNSUBTYPE":"Not Applicable","MANG_AUTH":"Not Reported","MANG_PLAN":"Not Reported","VERIF":"State Verified","METADATAID":1852,"PRNT_ISO3":"ARG","ISO3":"ARG","SUPP_INFO":"Not Applicable","CONS_OBJ":"Not Applicable","INLND_WTRS":"Not Applicable","OECM_ASMT":"Not Applicable","layer":"WDPA_W~1"}},{"type":"Feature","geometry":{"type":"Polygon","coordinates":[[[-65.81211,-47.94073],[-65.81433,-47.95184],[-65.80767,-47.95628],[-65.801,-47.95628],[-65.79434,-47.96072],[-65.73657,-47.95406],[-65.73657,-47.94073],[-65.75212,-47.9385],[-65.76767,-47.94517],[-65.781,-47.95184],[-65.81211,-47.94073]]]},"properties":{"fid":315,"SITE_ID":300054,"SITE_PID":"300054","SITE_TYPE":"PA","NAME_ENG":"Isla Pinguinos","NAME":"Isla Pinguinos","DESIG":"Reserva Provincial","DESIG_ENG":"Provincial Reserve","DESIG_TYPE":"National","IUCN_CAT":"VI","INT_CRIT":"Not Applicable","REALM":"Coastal","REP_M_AREA":0,"GIS_M_AREA":7.14823799820401,"REP_AREA":9.3,"GIS_AREA":9.30531126464287,"NO_TAKE":"Not Reported","NO_TK_AREA":0,"STATUS":"Designated","STATUS_YR":1992,"GOV_TYPE":"Sub-national ministry or agency","GOVSUBTYPE":"Not Applicable","OWN_TYPE":"Not Reported","OWNSUBTYPE":"Not Applicable","MANG_AUTH":"Not Reported","MANG_PLAN":"Not Reported","VERIF":"State Verified","METADATAID":1852,"PRNT_ISO3":"ARG","ISO3":"ARG","SUPP_INFO":"Not Applicable","CONS_OBJ":"Not Applicable","INLND_WTRS":"Not Reported","OECM_ASMT":"Not Applicable","layer":"WDPA_W~1"}},{"type":"Feature","geometry":{"type":"Polygon","coordinates":[[[-65.69392,-26.89528],[-65.71648,-26.90281],[-65.71799,-26.94341],[-65.67587,-26.9389],[-65.69392,-26.89528]]]},"properties":{"fid":316,"SITE_ID":300057,"SITE_PID":"300057","SITE_TYPE":"PA","NAME_ENG":"La Angostura","NAME":"La Angostura","DESIG":"Reserva Natural Estricta","DESIG_ENG":"Strict Nature Reserve","DESIG_TYPE":"National","IUCN_CAT":"Ia","INT_CRIT":"Not Applicable","REALM":"Terrestrial","REP_M_AREA":0,"GIS_M_AREA":0,"REP_AREA":9.182,"GIS_AREA":16.7173800235179,"NO_TAKE":"Not Applicable","NO_TK_AREA":0,"STATUS":"Designated","STATUS_YR":1996,"GOV_TYPE":"Sub-national ministry or agency","GOVSUBTYPE":"Not Applicable","OWN_TYPE":"Not Reported","OWNSUBTYPE":"Not Applicable","MANG_AUTH":"Not Reported","MANG_PLAN":"Not Reported","VERIF":"State Verified","METADATAID":1852,"PRNT_ISO3":"ARG","ISO3":"ARG","SUPP_INFO":"Not Applicable","CONS_OBJ":"Not Applicable","INLND_WTRS":"Not Reported","OECM_ASMT":"Not Applicable","layer":"WDPA_W~1"}},{"type":"Feature","geometry":{"type":"Polygon","coordinates":[[[-71.74573,-43.26145],[-71.7232,-43.28122],[-71.65389,-43.28291],[-71.6554,-43.25053],[-71.6993,-43.26621],[-71.74573,-43.26145]]]},"properties":{"fid":317,"SITE_ID":300059,"SITE_PID":"300059","SITE_TYPE":"PA","NAME_ENG":"Lago Baggilt","NAME":"Lago Baggilt","DESIG":"Área Natural Protegida","DESIG_ENG":"Protected Nature Area","DESIG_TYPE":"National","IUCN_CAT":"VI","INT_CRIT":"Not Applicable","REALM":"Terrestrial","REP_M_AREA":0,"GIS_M_AREA":0,"REP_AREA":15,"GIS_AREA":17.6537767736227,"NO_TAKE":"Not Applicable","NO_TK_AREA":0,"STATUS":"Designated","STATUS_YR":1996,"GOV_TYPE":"Sub-national ministry or agency","GOVSUBTYPE":"Not Applicable","OWN_TYPE":"Not Reported","OWNSUBTYPE":"Not Applicable","MANG_AUTH":"Not Reported","MANG_PLAN":"Not Reported","VERIF":"State Verified","METADATAID":1852,"PRNT_ISO3":"ARG","ISO3":"ARG","SUPP_INFO":"Not Applicable","CONS_OBJ":"Not Applicable","INLND_WTRS":"Not Reported","OECM_ASMT":"Not Applicable","layer":"WDPA_W~1"}},{"type":"Feature","geometry":{"type":"Polygon","coordinates":[[[-69.87005,-34.13514],[-69.8329,-34.16024],[-69.80592,-34.24563],[-69.89736,-34.26447],[-69.91113,-34.29154],[-69.58125,-34.39733],[-69.43327,-34.41135],[-69.42271,-34.34541],[-69.30582,-34.3219],[-69.2621,-34.26561],[-69.24184,-34.08367],[-69.41194,-33.93319],[-69.43688,-33.94994],[-69.47562,-33.93093],[-69.50102,-33.94729],[-69.50914,-34.04455],[-69.55513,-34.10032],[-69.85012,-34.0491],[-69.83423,-34.0867],[-69.86039,-34.10383],[-69.87005,-34.13514]]]},"properties":{"fid":318,"SITE_ID":300062,"SITE_PID":"300062","SITE_TYPE":"PA","NAME_ENG":"Laguna del Diamante","NAME":"Laguna del Diamante","DESIG":"Reserva Natural","DESIG_ENG":"Nature Reserve","DESIG_TYPE":"National","IUCN_CAT":"II","INT_CRIT":"Not Applicable","REALM":"Terrestrial","REP_M_AREA":0,"GIS_M_AREA":0,"REP_AREA":1920,"GIS_AREA":1978.8009434819603,"NO_TAKE":"Not Applicable","NO_TK_AREA":0,"STATUS":"Designated","STATUS_YR":1994,"GOV_TYPE":"Sub-national ministry or agency","GOVSUBTYPE":"Not Applicable","OWN_TYPE":"Not Reported","OWNSUBTYPE":"Not Applicable","MANG_AUTH":"Not Reported","MANG_PLAN":"Not Reported","VERIF":"State Verified","METADATAID":1852,"PRNT_ISO3":"ARG","ISO3":"ARG","SUPP_INFO":"Not Applicable","CONS_OBJ":"Not Applicable","INLND_WTRS":"Not Reported","OECM_ASMT":"Not Applicable","layer":"WDPA_W~1"}},{"type":"Feature","geometry":{"type":"Polygon","coordinates":[[[-63.53253,-37.67512],[-63.57409,-37.72073],[-63.61378,-37.72286],[-63.61633,-37.74659],[-63.52354,-37.746],[-63.4991,-37.73364],[-63.49461,-37.67037],[-63.53253,-37.67512]]]},"properties":{"fid":319,"SITE_ID":300064,"SITE_PID":"300064","SITE_TYPE":"PA","NAME_ENG":"Laguna Guatrache","NAME":"Laguna Guatrache","DESIG":"Reserva Natural","DESIG_ENG":"Nature Reserve","DESIG_TYPE":"National","IUCN_CAT":"VI","INT_CRIT":"Not Applicable","REALM":"Terrestrial","REP_M_AREA":0,"GIS_M_AREA":0,"REP_AREA":85,"GIS_AREA":54.6195617321655,"NO_TAKE":"Not Applicable","NO_TK_AREA":0,"STATUS":"Designated","STATUS_YR":1991,"GOV_TYPE":"Sub-national ministry or agency","GOVSUBTYPE":"Not Applicable","OWN_TYPE":"Not Reported","OWNSUBTYPE":"Not Applicable","MANG_AUTH":"Not Reported","MANG_PLAN":"Not Reported","VERIF":"State Verified","METADATAID":1852,"PRNT_ISO3":"ARG","ISO3":"ARG","SUPP_INFO":"Not Applicable","CONS_OBJ":"Not Applicable","INLND_WTRS":"Not Reported","OECM_ASMT":"Not Applicable","layer":"WDPA_W~1"}},{"type":"Feature","geometry":{"type":"Polygon","coordinates":[[[-65.35657,-23.10017],[-65.36651,-23.09023],[-65.37645,-23.10017],[-65.36651,-23.11011],[-65.35657,-23.10017]]]},"properties":{"fid":320,"SITE_ID":300065,"SITE_PID":"300065","SITE_TYPE":"PA","NAME_ENG":"Laguna Leandro","NAME":"Laguna Leandro","DESIG":"Monumento Natural","DESIG_ENG":"Nature Monument","DESIG_TYPE":"National","IUCN_CAT":"III","INT_CRIT":"Not Applicable","REALM":"Terrestrial","REP_M_AREA":0,"GIS_M_AREA":0,"REP_AREA":2.9,"GIS_AREA":3.52144882281591,"NO_TAKE":"Not Applicable","NO_TK_AREA":0,"STATUS":"Designated","STATUS_YR":1985,"GOV_TYPE":"Sub-national ministry or agency","GOVSUBTYPE":"Not Applicable","OWN_TYPE":"Not Reported","OWNSUBTYPE":"Not Applicable","MANG_AUTH":"Not Reported","MANG_PLAN":"Not Reported","VERIF":"State Verified","METADATAID":1852,"PRNT_ISO3":"ARG","ISO3":"ARG","SUPP_INFO":"Not Applicable","CONS_OBJ":"Not Applicable","INLND_WTRS":"Not Reported","OECM_ASMT":"Not Applicable","layer":"WDPA_W~1"}},{"type":"Feature","geometry":{"type":"Polygon","coordinates":[[[-69.59345,-31.79604],[-69.55388,-31.74898],[-69.87009,-31.66518],[-69.89288,-31.73231],[-69.84115,-31.72961],[-69.79958,-31.7479],[-69.69303,-31.75885],[-69.61361,-31.81364],[-69.59345,-31.79604]]]},"properties":{"fid":321,"SITE_ID":300069,"SITE_PID":"300069","SITE_TYPE":"PA","NAME_ENG":"Los Morrillos","NAME":"Los Morrillos","DESIG":"Refugio de Vida Silvestre","DESIG_ENG":"Wildlife Refuge","DESIG_TYPE":"National","IUCN_CAT":"Ia","INT_CRIT":"Not Applicable","REALM":"Terrestrial","REP_M_AREA":0,"GIS_M_AREA":0,"REP_AREA":235,"GIS_AREA":195.532306658438,"NO_TAKE":"Not Applicable","NO_TK_AREA":0,"STATUS":"Designated","STATUS_YR":1993,"GOV_TYPE":"Not Reported","GOVSUBTYPE":"Not Applicable","OWN_TYPE":"Not Reported","OWNSUBTYPE":"Not Applicable","MANG_AUTH":"Not Reported","MANG_PLAN":"Not Reported","VERIF":"State Verified","METADATAID":1852,"PRNT_ISO3":"ARG","ISO3":"ARG","SUPP_INFO":"Not Applicable","CONS_OBJ":"Not Applicable","INLND_WTRS":"Not Reported","OECM_ASMT":"Not Applicable","layer":"WDPA_W~1"}},{"type":"Feature","geometry":{"type":"Polygon","coordinates":[[[-54.41119,-26.03737],[-54.41172,-26.03114],[-54.42541,-26.02649],[-54.41119,-26.03737]]]},"properties":{"fid":322,"SITE_ID":300070,"SITE_PID":"300070","SITE_TYPE":"PA","NAME_ENG":"Lote \"C\" Huerto Municipal","NAME":"Lote \"C\" Huerto Municipal","DESIG":"Parque Natural Municipal","DESIG_ENG":"Municipal Nature Park","DESIG_TYPE":"National","IUCN_CAT":"VI","INT_CRIT":"Not Applicable","REALM":"Terrestrial","REP_M_AREA":0,"GIS_M_AREA":0,"REP_AREA":0.83,"GIS_AREA":0.954653888080499,"NO_TAKE":"Not Applicable","NO_TK_AREA":0,"STATUS":"Designated","STATUS_YR":1995,"GOV_TYPE":"Not Reported","GOVSUBTYPE":"Not Applicable","OWN_TYPE":"Not Reported","OWNSUBTYPE":"Not Applicable","MANG_AUTH":"Not Reported","MANG_PLAN":"Not Reported","VERIF":"State Verified","METADATAID":1852,"PRNT_ISO3":"ARG","ISO3":"ARG","SUPP_INFO":"Not Applicable","CONS_OBJ":"Not Applicable","INLND_WTRS":"Not Reported","OECM_ASMT":"Not Applicable","layer":"WDPA_W~1"}},{"type":"Feature","geometry":{"type":"Polygon","coordinates":[[[-71.46331,-43.20312],[-71.45251,-43.1958],[-71.49524,-43.16536],[-71.50768,-43.17265],[-71.46331,-43.20312]]]},"properties":{"fid":323,"SITE_ID":300073,"SITE_PID":"300073","SITE_TYPE":"PA","NAME_ENG":"Nant y Fall (Arroyo Las Caídas)","NAME":"Nant y Fall (Arroyo Las Caídas)","DESIG":"Reserva Natural Turística","DESIG_ENG":"Tourist Nature Reserve","DESIG_TYPE":"National","IUCN_CAT":"VI","INT_CRIT":"Not Applicable","REALM":"Terrestrial","REP_M_AREA":0,"GIS_M_AREA":0,"REP_AREA":5,"GIS_AREA":6.07016501536873,"NO_TAKE":"Not Applicable","NO_TK_AREA":0,"STATUS":"Designated","STATUS_YR":1995,"GOV_TYPE":"Sub-national ministry or agency","GOVSUBTYPE":"Not Applicable","OWN_TYPE":"Not Reported","OWNSUBTYPE":"Not Applicable","MANG_AUTH":"Not Reported","MANG_PLAN":"Not Reported","VERIF":"State Verified","METADATAID":1852,"PRNT_ISO3":"ARG","ISO3":"ARG","SUPP_INFO":"Not Applicable","CONS_OBJ":"Not Applicable","INLND_WTRS":"Not Reported","OECM_ASMT":"Not Applicable","layer":"WDPA_W~1"}},{"type":"Feature","geometry":{"type":"Polygon","coordinates":[[[-54.1178,-26.99315],[-54.18471,-26.93348],[-54.26507,-26.97486],[-54.26943,-26.97719],[-54.26828,-27.00853],[-54.24887,-27.01573],[-54.25448,-27.03396],[-54.23355,-27.05278],[-54.1178,-26.99315]]]},"properties":{"fid":324,"SITE_ID":300074,"SITE_PID":"300074","SITE_TYPE":"PA","NAME_ENG":"Papel Misionero","NAME":"Papel Misionero","DESIG":"Reserva Natural Cultural","DESIG_ENG":"Cultural Nature Reserve","DESIG_TYPE":"National","IUCN_CAT":"VI","INT_CRIT":"Not Applicable","REALM":"Terrestrial","REP_M_AREA":0,"GIS_M_AREA":0,"REP_AREA":103.97,"GIS_AREA":104.807007756538,"NO_TAKE":"Not Applicable","NO_TK_AREA":0,"STATUS":"Designated","STATUS_YR":1995,"GOV_TYPE":"Not Reported","GOVSUBTYPE":"Not Applicable","OWN_TYPE":"Not Reported","OWNSUBTYPE":"Not Applicable","MANG_AUTH":"Not Reported","MANG_PLAN":"Not Reported","VERIF":"State Verified","METADATAID":1852,"PRNT_ISO3":"ARG","ISO3":"ARG","SUPP_INFO":"Not Applicable","CONS_OBJ":"Not Applicable","INLND_WTRS":"Not Reported","OECM_ASMT":"Not Applicable","layer":"WDPA_W~1"}},{"type":"Feature","geometry":{"type":"Polygon","coordinates":[[[-72.83296,-50.32049],[-72.94013,-50.3181],[-72.9694,-50.33964],[-73.01026,-50.34629],[-73.01588,-50.34958],[-73.02281,-50.34946],[-73.02536,-50.35206],[-73.02829,-50.35284],[-73.02887,-50.3592],[-73.03113,-50.36869],[-73.0337,-50.377],[-73.03635,-50.38338],[-73.03885,-50.39061],[-73.04116,-50.39666],[-73.03003,-50.48],[-72.99307,-50.47485],[-72.96451,-50.49034],[-72.8465,-50.4822],[-72.7832,-50.46158],[-72.76432,-50.44666],[-72.76192,-50.44059],[-72.7526,-50.42948],[-72.74753,-50.42666],[-72.7163,-50.43156],[-72.72222,-50.44214],[-72.74678,-50.43986],[-72.75055,-50.45251],[-72.7482,-50.45568],[-72.74482,-50.45989],[-72.74579,-50.46299],[-72.74981,-50.46469],[-72.7524,-50.46322],[-72.75678,-50.46925],[-72.76764,-50.47503],[-72.77595,-50.49051],[-72.78044,-50.49213],[-72.79764,-50.49438],[-72.80084,-50.49104],[-72.80165,-50.49218],[-72.80578,-50.49613],[-72.80822,-50.49687],[-72.81101,-50.49757],[-72.81439,-50.49849],[-72.82044,-50.50283],[-72.83144,-50.51028],[-72.85279,-50.50749],[-72.85915,-50.51231],[-72.86039,-50.51732],[-72.86077,-50.52347],[-72.86234,-50.52485],[-72.87412,-50.52802],[-72.87587,-50.5299],[-72.88164,-50.52362],[-72.88294,-50.52501],[-72.88353,-50.5282],[-72.8917,-50.53723],[-72.89268,-50.54798],[-72.89822,-50.55391],[-72.89711,-50.55681],[-72.89772,-50.55826],[-72.89707,-50.5592],[-72.8961,-50.55911],[-72.89422,-50.55821],[-72.89298,-50.55817],[-72.88924,-50.55995],[-72.88457,-50.55919],[-72.8823,-50.55882],[-72.88096,-50.55792],[-72.88099,-50.55669],[-72.88096,-50.55561],[-72.87725,-50.55725],[-72.87528,-50.55761],[-72.87372,-50.55694],[-72.86874,-50.54648],[-72.87,-50.53783],[-72.86842,-50.5375],[-72.86762,-50.53753],[-72.86525,-50.53912],[-72.86528,-50.55013],[-72.8553,-50.54793],[-72.8537,-50.54812],[-72.85082,-50.55006],[-72.8498,-50.55049],[-72.84816,-50.55015],[-72.84852,-50.53957],[-72.84519,-50.53841],[-72.84391,-50.53659],[-72.83556,-50.53213],[-72.83396,-50.53062],[-72.83237,-50.52949],[-72.83156,-50.52939],[-72.83014,-50.5301],[-72.82685,-50.53189],[-72.82525,-50.53278],[-72.82455,-50.53305],[-72.82236,-50.52957],[-72.81984,-50.52878],[-72.81702,-50.52598],[-72.81648,-50.52562],[-72.81507,-50.52482],[-72.81299,-50.5254],[-72.81182,-50.52531],[-72.8069,-50.52288],[-72.80377,-50.52351],[-72.80171,-50.52312],[-72.80048,-50.52251],[-72.79841,-50.51873],[-72.79714,-50.51828],[-72.79361,-50.51795],[-72.79282,-50.51549],[-72.78283,-50.50848],[-72.78261,-50.50777],[-72.78105,-50.50792],[-72.77981,-50.50809],[-72.77837,-50.50709],[-72.77728,-50.50657],[-72.77632,-50.50654],[-72.77485,-50.50636],[-72.77401,-50.50605],[-72.77258,-50.5056],[-72.77097,-50.50508],[-72.7676,-50.50421],[-72.76586,-50.50434],[-72.76255,-50.50869],[-72.76311,-50.50962],[-72.76424,-50.50998],[-72.76396,-50.5103],[-72.7623,-50.50991],[-72.76083,-50.50956],[-72.75396,-50.50525],[-72.74654,-50.5023],[-72.72047,-50.48857],[-72.71507,-50.48423],[-72.68779,-50.44704],[-72.66424,-50.43836],[-72.71011,-50.40613],[-72.71309,-50.27353],[-72.77642,-50.26753],[-72.78228,-50.28216],[-72.74509,-50.28612],[-72.74368,-50.30227],[-72.79372,-50.29169],[-72.78971,-50.31095],[-72.80809,-50.31157],[-72.81721,-50.31753],[-72.83296,-50.32049]]]},"properties":{"fid":325,"SITE_ID":300076,"SITE_PID":"300076","SITE_TYPE":"PA","NAME_ENG":"Península de Magallanes","NAME":"Península de Magallanes","DESIG":"Parque y Reserva Provincial","DESIG_ENG":"Provincial Reserve and Park","DESIG_TYPE":"National","IUCN_CAT":"VI","INT_CRIT":"Not Applicable","REALM":"Terrestrial","REP_M_AREA":0,"GIS_M_AREA":0,"REP_AREA":457.88,"GIS_AREA":454.765381728934,"NO_TAKE":"Not Applicable","NO_TK_AREA":0,"STATUS":"Designated","STATUS_YR":1993,"GOV_TYPE":"Sub-national ministry or agency","GOVSUBTYPE":"Not Applicable","OWN_TYPE":"Not Reported","OWNSUBTYPE":"Not Applicable","MANG_AUTH":"Not Reported","MANG_PLAN":"Not Reported","VERIF":"State Verified","METADATAID":1852,"PRNT_ISO3":"ARG","ISO3":"ARG","SUPP_INFO":"Not Applicable","CONS_OBJ":"Not Applicable","INLND_WTRS":"Not Reported","OECM_ASMT":"Not Applicable","layer":"WDPA_W~1"}},{"type":"Feature","geometry":{"type":"Polygon","coordinates":[[[-55.6297,-27.37347],[-55.65268,-27.37198],[-55.63779,-27.3812],[-55.6297,-27.37347]]]},"properties":{"fid":326,"SITE_ID":300078,"SITE_PID":"300078","SITE_TYPE":"PA","NAME_ENG":"Puerto San Juan","NAME":"Puerto San Juan","DESIG":"Reserva Privada","DESIG_ENG":"Private Reserve","DESIG_TYPE":"National","IUCN_CAT":"VI","INT_CRIT":"Not Applicable","REALM":"Terrestrial","REP_M_AREA":0,"GIS_M_AREA":0,"REP_AREA":2.5,"GIS_AREA":2.62494586582472,"NO_TAKE":"Not Applicable","NO_TK_AREA":0,"STATUS":"Designated","STATUS_YR":1997,"GOV_TYPE":"Not Reported","GOVSUBTYPE":"Not Applicable","OWN_TYPE":"Not Reported","OWNSUBTYPE":"Not Applicable","MANG_AUTH":"Not Reported","MANG_PLAN":"Not Reported","VERIF":"State Verified","METADATAID":1852,"PRNT_ISO3":"ARG","ISO3":"ARG","SUPP_INFO":"Not Applicable","CONS_OBJ":"Not Applicable","INLND_WTRS":"Not Reported","OECM_ASMT":"Not Applicable","layer":"WDPA_W~1"}},{"type":"Feature","geometry":{"type":"Polygon","coordinates":[[[-65.91322,-27.00918],[-65.82091,-27.03837],[-65.75571,-27.05723],[-65.74852,-27.029],[-65.73338,-27.02307],[-65.71761,-27.00829],[-65.72951,-26.98943],[-65.7361,-26.98944],[-65.80625,-27.01263],[-65.82376,-27.00952],[-65.85108,-26.99764],[-65.89931,-26.9789],[-65.90335,-26.97858],[-65.91322,-27.00918]]]},"properties":{"fid":327,"SITE_ID":300079,"SITE_PID":"300079","SITE_TYPE":"PA","NAME_ENG":"Quebrada del Portugués","NAME":"Quebrada del Portugués","DESIG":"Reserva Natural","DESIG_ENG":"Nature Reserve","DESIG_TYPE":"National","IUCN_CAT":"Ia","INT_CRIT":"Not Applicable","REALM":"Terrestrial","REP_M_AREA":0,"GIS_M_AREA":0,"REP_AREA":120,"GIS_AREA":76.910857992318,"NO_TAKE":"Not Applicable","NO_TK_AREA":0,"STATUS":"Designated","STATUS_YR":1996,"GOV_TYPE":"Sub-national ministry or agency","GOVSUBTYPE":"Not Applicable","OWN_TYPE":"Not Reported","OWNSUBTYPE":"Not Applicable","MANG_AUTH":"Not Reported","MANG_PLAN":"Not Reported","VERIF":"State Verified","METADATAID":1852,"PRNT_ISO3":"ARG","ISO3":"ARG","SUPP_INFO":"Not Applicable","CONS_OBJ":"Not Applicable","INLND_WTRS":"Not Reported","OECM_ASMT":"Not Applicable","layer":"WDPA_W~1"}},{"type":"Feature","geometry":{"type":"Polygon","coordinates":[[[-58.63599,-29.86184],[-58.61373,-29.88829],[-58.56328,-29.87623],[-58.53696,-29.81754],[-58.60441,-29.78354],[-58.63599,-29.86184]]]},"properties":{"fid":328,"SITE_ID":300080,"SITE_PID":"300080","SITE_TYPE":"PA","NAME_ENG":"Rincón de Santa María","NAME":"Rincón de Santa María","DESIG":"Reserva Natural Provincial","DESIG_ENG":"Provincial Nature Reserve","DESIG_TYPE":"National","IUCN_CAT":"Ia","INT_CRIT":"Not Applicable","REALM":"Terrestrial","REP_M_AREA":0,"GIS_M_AREA":0,"REP_AREA":24.5,"GIS_AREA":71.3784541524186,"NO_TAKE":"Not Applicable","NO_TK_AREA":0,"STATUS":"Designated","STATUS_YR":1994,"GOV_TYPE":"Not Reported","GOVSUBTYPE":"Not Applicable","OWN_TYPE":"Not Reported","OWNSUBTYPE":"Not Applicable","MANG_AUTH":"Not Reported","MANG_PLAN":"Not Reported","VERIF":"State Verified","METADATAID":1852,"PRNT_ISO3":"ARG","ISO3":"ARG","SUPP_INFO":"Not Applicable","CONS_OBJ":"Not Applicable","INLND_WTRS":"Not Reported","OECM_ASMT":"Not Applicable","layer":"WDPA_W~1"}},{"type":"Feature","geometry":{"type":"Polygon","coordinates":[[[-72.05789,-42.17184],[-72.04305,-42.19456],[-72.0845,-42.22442],[-72.12943,-42.30132],[-72.04034,-42.36765],[-72.04038,-42.38471],[-71.90826,-42.39213],[-71.83822,-42.35745],[-71.72376,-42.36255],[-71.67106,-42.3344],[-71.63971,-42.29428],[-71.63045,-42.26699],[-71.63167,-42.25563],[-71.63197,-42.2502],[-71.77192,-42.2435],[-71.76909,-42.20533],[-71.76677,-42.17542],[-71.76544,-42.15183],[-71.76453,-42.12919],[-71.76826,-42.12882],[-71.76897,-42.12895],[-71.77034,-42.12874],[-71.7724,-42.1288],[-71.77328,-42.12914],[-71.77383,-42.12961],[-71.77445,-42.1299],[-71.77516,-42.12979],[-71.77661,-42.13038],[-71.7765,-42.13067],[-71.7757,-42.13105],[-71.77506,-42.13119],[-71.7746,-42.13154],[-71.77499,-42.13342],[-71.77382,-42.13632],[-71.77395,-42.13718],[-71.77454,-42.13793],[-71.77534,-42.13841],[-71.77612,-42.13887],[-71.7768,-42.13891],[-71.77706,-42.13904],[-71.77687,-42.13963],[-71.77661,-42.13992],[-71.7758,-42.14043],[-71.77548,-42.14232],[-71.77558,-42.14269],[-71.77628,-42.14359],[-71.77766,-42.14439],[-71.77919,-42.14545],[-71.77986,-42.1473],[-71.78095,-42.14796],[-71.78144,-42.14811],[-71.78403,-42.14842],[-71.7853,-42.14849],[-71.78731,-42.14893],[-71.78806,-42.14912],[-71.78903,-42.14957],[-71.78961,-42.1496],[-71.79076,-42.14881],[-71.79186,-42.14821],[-71.79568,-42.14637],[-71.79896,-42.14553],[-71.80417,-42.14595],[-71.8062,-42.14681],[-71.80788,-42.14803],[-71.8083,-42.14863],[-71.80855,-42.14932],[-71.80852,-42.15066],[-71.80892,-42.15109],[-71.81623,-42.15641],[-71.82753,-42.15893],[-71.82988,-42.16121],[-71.83107,-42.16177],[-71.83304,-42.1624],[-71.83463,-42.16204],[-71.83654,-42.16219],[-71.84073,-42.16042],[-71.84166,-42.15696],[-71.84474,-42.15454],[-71.84689,-42.1543],[-71.84921,-42.15435],[-71.85139,-42.15565],[-71.85909,-42.15967],[-71.86266,-42.15789],[-71.86459,-42.15625],[-71.86841,-42.15629],[-71.871,-42.15492],[-71.87405,-42.15493],[-71.87619,-42.1569],[-71.87895,-42.1588],[-71.87984,-42.16114],[-71.87952,-42.16567],[-71.88142,-42.16822],[-71.88564,-42.17212],[-71.8861,-42.17468],[-71.89445,-42.18079],[-71.89826,-42.18071],[-71.90145,-42.182],[-71.90535,-42.18308],[-71.90815,-42.18504],[-71.91119,-42.18703],[-71.91464,-42.18925],[-71.91802,-42.18936],[-71.92065,-42.18918],[-71.92284,-42.19015],[-71.9254,-42.1904],[-71.9275,-42.18875],[-71.93193,-42.18434],[-71.93492,-42.18253],[-71.93781,-42.17961],[-71.93934,-42.17564],[-71.94378,-42.17166],[-71.94604,-42.16977],[-71.94665,-42.16735],[-71.95475,-42.16439],[-71.95767,-42.14123],[-71.96327,-42.13939],[-71.96535,-42.14017],[-71.96984,-42.14466],[-71.97296,-42.14242],[-71.9773,-42.1421],[-71.98852,-42.13884],[-71.99147,-42.14061],[-71.99542,-42.14061],[-71.99958,-42.14172],[-72.00368,-42.13985],[-72.00678,-42.13988],[-72.00927,-42.13758],[-72.01267,-42.1364],[-72.01229,-42.1341],[-72.01519,-42.13237],[-72.03744,-42.14762],[-72.05789,-42.17184]]]},"properties":{"fid":329,"SITE_ID":300083,"SITE_PID":"300083","SITE_TYPE":"PA","NAME_ENG":"Río Turbio","NAME":"Río Turbio","DESIG":"Parque Provincial y Reserva Forestal","DESIG_ENG":"Provincial Park and Forest Reserve","DESIG_TYPE":"National","IUCN_CAT":"II","INT_CRIT":"Not Applicable","REALM":"Terrestrial","REP_M_AREA":0,"GIS_M_AREA":0,"REP_AREA":500,"GIS_AREA":748.857606758727,"NO_TAKE":"Not Applicable","NO_TK_AREA":0,"STATUS":"Designated","STATUS_YR":1994,"GOV_TYPE":"Sub-national ministry or agency","GOVSUBTYPE":"Not Applicable","OWN_TYPE":"Not Reported","OWNSUBTYPE":"Not Applicable","MANG_AUTH":"Not Reported","MANG_PLAN":"Not Reported","VERIF":"State Verified","METADATAID":1852,"PRNT_ISO3":"ARG","ISO3":"ARG","SUPP_INFO":"Not Applicable","CONS_OBJ":"Not Applicable","INLND_WTRS":"Not Reported","OECM_ASMT":"Not Applicable","layer":"WDPA_W~1"}},{"type":"Feature","geometry":{"type":"Polygon","coordinates":[[[-67.36799,-34.77457],[-67.35722,-34.84452],[-67.28774,-34.83294],[-67.32827,-34.75187],[-67.36799,-34.77457]]]},"properties":{"fid":330,"SITE_ID":300087,"SITE_PID":"300087","SITE_TYPE":"PA","NAME_ENG":"Sierra Pintada","NAME":"Sierra Pintada","DESIG":"Reserva de Uso Múltiple","DESIG_ENG":"Multiple Use Reserve","DESIG_TYPE":"National","IUCN_CAT":"VI","INT_CRIT":"Not Applicable","REALM":"Terrestrial","REP_M_AREA":0,"GIS_M_AREA":0,"REP_AREA":135,"GIS_AREA":46.3374198104209,"NO_TAKE":"Not Applicable","NO_TK_AREA":0,"STATUS":"Designated","STATUS_YR":1996,"GOV_TYPE":"Not Reported","GOVSUBTYPE":"Not Applicable","OWN_TYPE":"Not Reported","OWNSUBTYPE":"Not Applicable","MANG_AUTH":"Not Reported","MANG_PLAN":"Not Reported","VERIF":"State Verified","METADATAID":1852,"PRNT_ISO3":"ARG","ISO3":"ARG","SUPP_INFO":"Not Applicable","CONS_OBJ":"Not Applicable","INLND_WTRS":"Not Reported","OECM_ASMT":"Not Applicable","layer":"WDPA_W~1"}},{"type":"Feature","geometry":{"type":"Polygon","coordinates":[[[-56.7417,-36.38774],[-56.80667,-36.39172],[-56.83452,-36.41559],[-56.94192,-36.43415],[-57.00292,-36.48454],[-57.07453,-36.5031],[-57.109,-36.4673],[-57.18458,-36.47128],[-57.29862,-36.50973],[-57.2721,-36.53758],[-57.24558,-36.61316],[-57.26282,-36.67018],[-57.23497,-36.7272],[-57.22967,-36.84654],[-57.14878,-36.93273],[-57.11431,-36.99506],[-57.12359,-37.0176],[-57.08513,-37.0229],[-57.02944,-37.07594],[-56.96844,-37.10246],[-56.88756,-37.10379],[-56.69794,-36.85317],[-56.7112,-36.82135],[-56.69926,-36.70333],[-56.71518,-36.42885],[-56.72976,-36.40233],[-56.7417,-36.38774]]]},"properties":{"fid":331,"SITE_ID":300088,"SITE_PID":"300088","SITE_TYPE":"PA","NAME_ENG":"Laguna Salada Grande","NAME":"Laguna Salada Grande","DESIG":"Reserva Forestal","DESIG_ENG":"Forest Reserve","DESIG_TYPE":"National","IUCN_CAT":"VI","INT_CRIT":"Not Applicable","REALM":"Terrestrial","REP_M_AREA":0,"GIS_M_AREA":0,"REP_AREA":2919.72,"GIS_AREA":2976.23259717618,"NO_TAKE":"Not Applicable","NO_TK_AREA":0,"STATUS":"Designated","STATUS_YR":2000,"GOV_TYPE":"Sub-national ministry or agency","GOVSUBTYPE":"Not Applicable","OWN_TYPE":"Not Reported","OWNSUBTYPE":"Not Applicable","MANG_AUTH":"Not Reported","MANG_PLAN":"Not Reported","VERIF":"State Verified","METADATAID":1852,"PRNT_ISO3":"ARG","ISO3":"ARG","SUPP_INFO":"Not Applicable","CONS_OBJ":"Not Applicable","INLND_WTRS":"Not Reported","OECM_ASMT":"Not Applicable","layer":"WDPA_W~1"}},{"type":"Feature","geometry":{"type":"Polygon","coordinates":[[[-54.88629,-27.04511],[-54.87801,-27.00708],[-54.89485,-26.99195],[-54.85699,-26.99148],[-54.85492,-26.94036],[-54.8914,-26.94043],[-54.89539,-26.95815],[-54.96831,-26.94756],[-54.96979,-26.97177],[-54.93496,-26.97475],[-54.93073,-27.00979],[-54.96694,-27.02349],[-54.97586,-27.07656],[-54.92837,-27.09363],[-54.89852,-27.0879],[-54.88809,-27.06729],[-54.88629,-27.04511]]]},"properties":{"fid":332,"SITE_ID":300091,"SITE_PID":"300091","SITE_TYPE":"PA","NAME_ENG":"Valle del Arroyo Cuña-Pirú","NAME":"Valle del Arroyo Cuña-Pirú","DESIG":"Parque Provincial","DESIG_ENG":"Provincial Park","DESIG_TYPE":"National","IUCN_CAT":"II","INT_CRIT":"Not Applicable","REALM":"Terrestrial","REP_M_AREA":0,"GIS_M_AREA":0,"REP_AREA":125.22,"GIS_AREA":123.71526246262898,"NO_TAKE":"Not Applicable","NO_TK_AREA":0,"STATUS":"Designated","STATUS_YR":1993,"GOV_TYPE":"Sub-national ministry or agency","GOVSUBTYPE":"Not Applicable","OWN_TYPE":"Not Reported","OWNSUBTYPE":"Not Applicable","MANG_AUTH":"Not Reported","MANG_PLAN":"Not Reported","VERIF":"State Verified","METADATAID":1852,"PRNT_ISO3":"ARG","ISO3":"ARG","SUPP_INFO":"Not Applicable","CONS_OBJ":"Not Applicable","INLND_WTRS":"Not Reported","OECM_ASMT":"Not Applicable","layer":"WDPA_W~1"}},{"type":"Feature","geometry":{"type":"Polygon","coordinates":[[[-54.61069,-26.02041],[-54.61244,-26.02307],[-54.60936,-26.02302],[-54.61069,-26.02041]]]},"properties":{"fid":333,"SITE_ID":300092,"SITE_PID":"300092","SITE_TYPE":"PA","NAME_ENG":"Yarará","NAME":"Yarará","DESIG":"Parque Natural Municipal","DESIG_ENG":"Municipal Nature Park","DESIG_TYPE":"National","IUCN_CAT":"VI","INT_CRIT":"Not Applicable","REALM":"Terrestrial","REP_M_AREA":0,"GIS_M_AREA":0,"REP_AREA":0.1038,"GIS_AREA":0.103795923945944,"NO_TAKE":"Not Applicable","NO_TK_AREA":0,"STATUS":"Designated","STATUS_YR":1995,"GOV_TYPE":"Not Reported","GOVSUBTYPE":"Not Applicable","OWN_TYPE":"Not Reported","OWNSUBTYPE":"Not Applicable","MANG_AUTH":"Not Reported","MANG_PLAN":"Not Reported","VERIF":"State Verified","METADATAID":1852,"PRNT_ISO3":"ARG","ISO3":"ARG","SUPP_INFO":"Not Applicable","CONS_OBJ":"Not Applicable","INLND_WTRS":"Not Reported","OECM_ASMT":"Not Applicable","layer":"WDPA_W~1"}},{"type":"Feature","geometry":{"type":"Polygon","coordinates":[[[-66.61186,-22.56935],[-66.6248,-22.5513],[-66.62737,-22.53715],[-66.63123,-22.5275],[-66.64092,-22.51789],[-66.64795,-22.51656],[-66.66623,-22.50355],[-66.67096,-22.49567],[-66.67805,-22.48819],[-66.68987,-22.48346],[-66.70248,-22.48306],[-66.73048,-22.47897],[-66.75646,-22.48267],[-66.76355,-22.47676],[-66.76434,-22.44485],[-66.77896,-22.43487],[-66.85784,-22.46679],[-66.87139,-22.47149],[-66.88522,-22.47647],[-66.90348,-22.48311],[-66.92561,-22.49058],[-66.93865,-22.50289],[-66.95405,-22.51873],[-66.96365,-22.53034],[-66.9738,-22.54011],[-66.98149,-22.54004],[-66.99184,-22.54022],[-67.00074,-22.54006],[-67.02837,-22.54069],[-67.0242,-22.57628],[-67.02102,-22.59876],[-67.01978,-22.61333],[-67.01893,-22.62209],[-67.0178,-22.62755],[-67.01552,-22.64685],[-67.01533,-22.65102],[-67.01545,-22.65489],[-67.01472,-22.6581],[-66.96957,-22.70953],[-66.97535,-22.79894],[-66.99529,-22.81116],[-67.00044,-22.84525],[-66.95293,-22.85779],[-66.8589,-22.82909],[-66.8552,-22.84721],[-66.85149,-22.84968],[-66.84038,-22.84968],[-66.82103,-22.85462],[-66.8128,-22.86697],[-66.78013,-22.84351],[-66.77492,-22.80851],[-66.71688,-22.79204],[-66.6082,-22.84803],[-66.60491,-22.83074],[-66.5798,-22.82498],[-66.57527,-22.80604],[-66.59914,-22.79493],[-66.60244,-22.76982],[-66.57321,-22.7233],[-66.61186,-22.56935]]]},"properties":{"fid":334,"SITE_ID":900557,"SITE_PID":"900557","SITE_TYPE":"PA","NAME_ENG":"Lagunas de Vilama","NAME":"Lagunas de Vilama","DESIG":"Sitio Ramsar, Humedal de Importancia Internacional","DESIG_ENG":"Wetland of International Importance (Ramsar Site)","DESIG_TYPE":"International","IUCN_CAT":"Not Reported","INT_CRIT":"(i);(ii);(iii);(iv);(vi)","REALM":"Terrestrial","REP_M_AREA":0,"GIS_M_AREA":0,"REP_AREA":1570,"GIS_AREA":1574.13170482928,"NO_TAKE":"Not Applicable","NO_TK_AREA":0,"STATUS":"Designated","STATUS_YR":2000,"GOV_TYPE":"Not Reported","GOVSUBTYPE":"Not Applicable","OWN_TYPE":"Not Reported","OWNSUBTYPE":"Not Applicable","MANG_AUTH":"Not Reported","MANG_PLAN":"Management plan is not implented and not available","VERIF":"State Verified","METADATAID":1852,"PRNT_ISO3":"ARG","ISO3":"ARG","SUPP_INFO":"Not Applicable","CONS_OBJ":"Not Applicable","INLND_WTRS":"Not Reported","OECM_ASMT":"Not Applicable","layer":"WDPA_W~1"}},{"type":"Feature","geometry":{"type":"MultiPolygon","coordinates":[[[[-58.64065,-26.23709],[-58.64006,-26.25816],[-58.61356,-26.2752],[-58.56877,-26.27529],[-58.56327,-26.3033],[-58.46027,-26.34741],[-58.48216,-26.38396],[-58.45848,-26.38681],[-58.46049,-26.40628],[-58.41863,-26.4393],[-58.40049,-26.43823],[-58.35566,-26.40376],[-58.36999,-26.3874],[-58.52388,-26.29592],[-58.55066,-26.26642],[-58.64065,-26.23709]]],[[[-58.11313,-26.21841],[-58.16335,-26.18041],[-58.12177,-26.18488],[-58.11211,-26.13693],[-58.15353,-26.12377],[-58.20176,-26.13463],[-58.24652,-26.1013],[-58.29858,-26.2541],[-58.26935,-26.26781],[-58.28523,-26.28779],[-58.27267,-26.37017],[-58.27249,-26.36924],[-58.27046,-26.36728],[-58.26817,-26.3661],[-58.25157,-26.36673],[-58.27226,-26.36941],[-58.27265,-26.37152],[-58.27169,-26.37478],[-58.26332,-26.37485],[-58.26088,-26.41178],[-58.28527,-26.42045],[-58.34259,-26.38878],[-58.34512,-26.39651],[-58.36667,-26.41485],[-58.34669,-26.42726],[-58.35875,-26.44636],[-58.32495,-26.45],[-58.3328,-26.45881],[-58.31204,-26.48201],[-58.32726,-26.49811],[-58.30998,-26.49858],[-58.33033,-26.51581],[-58.31316,-26.52056],[-58.30795,-26.55028],[-58.29781,-26.52408],[-58.31464,-26.5026],[-58.29392,-26.50878],[-58.30667,-26.48598],[-58.2867,-26.49481],[-58.28305,-26.53198],[-58.29974,-26.55997],[-58.28374,-26.56914],[-58.20038,-26.5677],[-58.20524,-26.55637],[-58.20878,-26.55425],[-58.2137,-26.55216],[-58.21567,-26.55148],[-58.21804,-26.55059],[-58.22118,-26.5488],[-58.23103,-26.53458],[-58.22968,-26.52689],[-58.22518,-26.52418],[-58.22201,-26.52009],[-58.2201,-26.51731],[-58.21813,-26.51418],[-58.21195,-26.50663],[-58.21003,-26.4977],[-58.23663,-26.47143],[-58.18289,-26.4548],[-58.22136,-26.41645],[-58.22319,-26.39389],[-58.24667,-26.40954],[-58.25751,-26.37288],[-58.24757,-26.36507],[-58.25167,-26.35558],[-58.23898,-26.35344],[-58.23989,-26.33869],[-58.21189,-26.32173],[-58.17306,-26.33044],[-58.20506,-26.36941],[-58.16803,-26.35357],[-58.15651,-26.31744],[-58.16996,-26.26459],[-58.1097,-26.23745],[-58.11313,-26.21841]],[[-58.25968,-26.35048],[-58.25724,-26.31467],[-58.21847,-26.28942],[-58.25968,-26.35048]],[[-58.30657,-26.47541],[-58.33704,-26.41726],[-58.29713,-26.42279],[-58.31391,-26.45256],[-58.30657,-26.47541]],[[-58.25802,-26.42905],[-58.27578,-26.42234],[-58.24126,-26.41594],[-58.25802,-26.42905]],[[-58.30477,-26.45864],[-58.29672,-26.44135],[-58.27947,-26.44342],[-58.28736,-26.46284],[-58.30477,-26.45864]]]]},"properties":{"fid":335,"SITE_ID":900662,"SITE_PID":"900662","SITE_TYPE":"PA","NAME_ENG":"Laguna Oca del Rio Paraguay","NAME":"Laguna Oca del Rio Paraguay","DESIG":"Reserva de la Biósfera","DESIG_ENG":"UNESCO-MAB Biosphere Reserve","DESIG_TYPE":"International","IUCN_CAT":"Not Applicable","INT_CRIT":"Not Applicable","REALM":"Terrestrial","REP_M_AREA":0,"GIS_M_AREA":0,"REP_AREA":618,"GIS_AREA":617.175420603947,"NO_TAKE":"Not Applicable","NO_TK_AREA":0,"STATUS":"Designated","STATUS_YR":2001,"GOV_TYPE":"Not Reported","GOVSUBTYPE":"Not Applicable","OWN_TYPE":"Not Reported","OWNSUBTYPE":"Not Applicable","MANG_AUTH":"Not Reported","MANG_PLAN":"Not Reported","VERIF":"State Verified","METADATAID":1852,"PRNT_ISO3":"ARG","ISO3":"ARG","SUPP_INFO":"Not Applicable","CONS_OBJ":"Not Applicable","INLND_WTRS":"Not Reported","OECM_ASMT":"Not Applicable","layer":"WDPA_W~1"}},{"type":"Feature","geometry":{"type":"Polygon","coordinates":[[[-59.76297,-29.50398],[-59.58542,-29.50546],[-59.58029,-29.4593],[-59.60425,-29.394],[-59.51768,-29.34049],[-59.5085,-29.25097],[-59.40748,-29.22143],[-59.34674,-29.11435],[-59.27527,-29.09954],[-59.20495,-29.0411],[-59.21021,-28.97143],[-59.15782,-28.87649],[-59.16044,-28.79462],[-59.07877,-28.66796],[-59.10553,-28.6319],[-59.09945,-28.57462],[-59.04887,-28.49316],[-59.08605,-28.43596],[-59.07567,-28.3685],[-59.10376,-28.32848],[-59.10922,-28.22746],[-59.06244,-28.1281],[-58.95577,-28.13674],[-58.89828,-28.08131],[-58.88358,-28.06848],[-58.88074,-28.06672],[-58.88164,-28.06066],[-58.88191,-28.0594],[-58.88248,-28.05827],[-58.88326,-28.05712],[-58.88405,-28.05575],[-58.88535,-28.05401],[-58.88679,-28.05201],[-58.88816,-28.05028],[-58.89025,-28.04871],[-58.89164,-28.04699],[-58.89245,-28.04558],[-58.89373,-28.03574],[-58.89133,-28.0255],[-58.88621,-28.01553],[-58.88543,-28.00914],[-58.8849,-28.00623],[-58.88392,-27.99947],[-58.88899,-27.99933],[-58.94246,-27.99939],[-58.96207,-28.00034],[-58.97916,-28.00035],[-59.06034,-28.00031],[-59.0781,-28.00028],[-59.11942,-28.00028],[-59.14136,-28.0004],[-59.22983,-28.00026],[-59.23448,-28.10987],[-59.26411,-28.14393],[-59.26834,-28.41088],[-59.34501,-28.47132],[-59.34615,-28.54402],[-59.41658,-28.5923],[-59.43419,-28.71384],[-59.46755,-28.74224],[-59.49635,-28.83547],[-59.54849,-28.88096],[-59.62171,-29.08286],[-59.64944,-29.10088],[-59.67579,-29.22707],[-59.73958,-29.37822],[-59.76297,-29.50398]]]},"properties":{"fid":336,"SITE_ID":900669,"SITE_PID":"900669","SITE_TYPE":"PA","NAME_ENG":"Jaaukanigás","NAME":"Jaaukanigás","DESIG":"Sitio Ramsar, Humedal de Importancia Internacional","DESIG_ENG":"Wetland of International Importance (Ramsar Site)","DESIG_TYPE":"International","IUCN_CAT":"Not Reported","INT_CRIT":"(i);(iii);(v);(viii)","REALM":"Terrestrial","REP_M_AREA":0,"GIS_M_AREA":0,"REP_AREA":4920,"GIS_AREA":4402.95758270723,"NO_TAKE":"Not Applicable","NO_TK_AREA":0,"STATUS":"Designated","STATUS_YR":2001,"GOV_TYPE":"Not Reported","GOVSUBTYPE":"Not Applicable","OWN_TYPE":"Not Reported","OWNSUBTYPE":"Not Applicable","MANG_AUTH":"Not Reported","MANG_PLAN":"Management plan is not implented and not available","VERIF":"State Verified","METADATAID":1852,"PRNT_ISO3":"ARG","ISO3":"ARG","SUPP_INFO":"Not Applicable","CONS_OBJ":"Not Applicable","INLND_WTRS":"Not Reported","OECM_ASMT":"Not Applicable","layer":"WDPA_W~1"}},{"type":"Feature","geometry":{"type":"Polygon","coordinates":[[[-57.22942,-28.59683],[-57.08745,-28.59619],[-57.08862,-28.45059],[-57.22924,-28.45094],[-57.22942,-28.59683]]]},"properties":{"fid":337,"SITE_ID":900670,"SITE_PID":"900670","SITE_TYPE":"PA","NAME_ENG":"Lagunas y Esteros del Iberá","NAME":"Lagunas y Esteros del Iberá","DESIG":"Sitio Ramsar, Humedal de Importancia Internacional","DESIG_ENG":"Wetland of International Importance (Ramsar Site)","DESIG_TYPE":"International","IUCN_CAT":"Not Reported","INT_CRIT":"(i);(ii);(iii);(vii)","REALM":"Terrestrial","REP_M_AREA":0,"GIS_M_AREA":0,"REP_AREA":245.5,"GIS_AREA":223.389303184915,"NO_TAKE":"Not Applicable","NO_TK_AREA":0,"STATUS":"Designated","STATUS_YR":2002,"GOV_TYPE":"Not Reported","GOVSUBTYPE":"Not Applicable","OWN_TYPE":"Not Reported","OWNSUBTYPE":"Not Applicable","MANG_AUTH":"Not Reported","MANG_PLAN":"Management plan is not implented and not available","VERIF":"State Verified","METADATAID":1852,"PRNT_ISO3":"ARG","ISO3":"ARG","SUPP_INFO":"Not Applicable","CONS_OBJ":"Not Applicable","INLND_WTRS":"Not Reported","OECM_ASMT":"Not Applicable","layer":"WDPA_W~1"}},{"type":"Feature","geometry":{"type":"Polygon","coordinates":[[[-64.66737,-22.1877],[-64.77502,-22.18926],[-64.78621,-22.24425],[-64.79253,-22.24525],[-64.79985,-22.25436],[-64.89731,-22.28016],[-64.93522,-22.33312],[-65.02701,-22.39312],[-65.07804,-22.453],[-65.13999,-22.59587],[-65.12981,-22.69172],[-65.07934,-22.79573],[-64.98428,-22.83179],[-65.07923,-22.86412],[-65.09007,-22.89352],[-65.13691,-22.92531],[-65.17125,-22.91491],[-65.1784,-22.83467],[-65.26985,-22.81924],[-65.27786,-22.81912],[-65.27924,-22.8275],[-65.27899,-22.84672],[-65.27536,-22.86848],[-65.27776,-22.87482],[-65.27791,-22.87763],[-65.27787,-22.88003],[-65.27707,-22.88479],[-65.27653,-22.88817],[-65.27469,-22.8917],[-65.17655,-22.98097],[-65.17418,-22.98227],[-65.17182,-22.98287],[-65.16988,-22.98451],[-65.16725,-22.98608],[-65.16377,-22.98684],[-65.16135,-22.98773],[-65.15809,-22.98988],[-65.15651,-22.99232],[-65.15153,-22.99777],[-65.1491,-22.99889],[-65.14697,-22.99999],[-65.14304,-23.00203],[-65.13689,-23.00171],[-65.13477,-23.0016],[-65.13147,-23.00408],[-65.12993,-23.008],[-65.1291,-23.00987],[-65.12669,-23.0118],[-65.12256,-23.01593],[-65.11137,-23.02245],[-65.10636,-23.02496],[-65.10263,-23.02509],[-65.09802,-23.02501],[-65.09633,-23.02483],[-65.095,-23.02517],[-65.09366,-23.02519],[-65.09013,-23.02589],[-65.08819,-23.02685],[-65.08419,-23.02981],[-65.06787,-23.04504],[-65.06702,-23.04832],[-65.06778,-23.05018],[-65.06877,-23.05243],[-65.06948,-23.05396],[-65.06943,-23.05745],[-65.06846,-23.05894],[-65.06762,-23.06059],[-65.06471,-23.06342],[-65.06234,-23.06436],[-65.0603,-23.06792],[-65.06639,-23.08935],[-65.06161,-23.11725],[-65.07088,-23.134],[-65.04479,-23.15568],[-65.04658,-23.16418],[-65.04869,-23.1687],[-65.04989,-23.171],[-65.05082,-23.17326],[-65.05208,-23.17574],[-65.05746,-23.1854],[-65.06471,-23.19723],[-65.07237,-23.20201],[-65.07746,-23.23168],[-65.04368,-23.22424],[-65.03464,-23.24297],[-65.17603,-23.32237],[-65.12286,-23.41289],[-65.1406,-23.53895],[-65.02025,-23.70135],[-65.1006,-23.81244],[-65.13805,-23.79087],[-65.23286,-23.8224],[-65.21018,-23.8754],[-65.17952,-23.87296],[-65.17726,-23.94211],[-65.22944,-23.98503],[-65.23778,-23.99994],[-65.22275,-24.01654],[-65.25195,-24.06125],[-65.34049,-24.08349],[-65.38803,-24.0759],[-65.40757,-24.0934],[-65.42736,-24.0912],[-65.42743,-24.0912],[-65.43261,-24.09122],[-65.43786,-24.09108],[-65.44691,-24.09211],[-65.44999,-24.08963],[-65.45199,-24.08731],[-65.45418,-24.08482],[-65.45762,-24.08483],[-65.46196,-24.08501],[-65.46703,-24.08503],[-65.46938,-24.08438],[-65.47571,-24.08656],[-65.48097,-24.08209],[-65.48495,-24.0821],[-65.48803,-24.08228],[-65.49745,-24.07982],[-65.57401,-24.08146],[-65.55573,-24.13233],[-65.57209,-24.20513],[-65.55519,-24.22254],[-65.42541,-24.21387],[-65.32062,-24.13665],[-65.25791,-24.13138],[-65.25659,-24.13138],[-65.22335,-24.13264],[-65.19864,-24.13358],[-65.1903,-24.13424],[-65.13877,-24.12023],[-65.07612,-24.05592],[-65.07168,-24.05501],[-65.07109,-24.05284],[-65.06643,-24.05234],[-65.06161,-24.04913],[-65.05649,-24.04754],[-65.05391,-24.04541],[-65.05287,-24.04559],[-65.05266,-24.04563],[-65.04873,-24.04358],[-65.04628,-24.03623],[-65.01415,-24.0329],[-64.98133,-24.01267],[-64.89911,-24.01863],[-64.85342,-24.04909],[-64.85082,-24.07364],[-64.81569,-24.0844],[-64.79259,-23.99595],[-64.82436,-23.88314],[-64.77485,-23.76704],[-64.64649,-23.74633],[-64.58621,-23.71386],[-64.50341,-23.57511],[-64.40101,-23.512],[-64.36884,-23.44342],[-64.21917,-23.30789],[-64.33581,-23.15472],[-64.3257,-23.09186],[-64.3737,-22.97959],[-64.34623,-22.75426],[-64.35977,-22.7233],[-64.39711,-22.71724],[-64.39178,-22.68378],[-64.4146,-22.67762],[-64.41174,-22.65593],[-64.43307,-22.64624],[-64.43505,-22.63477],[-64.41842,-22.63302],[-64.42977,-22.62422],[-64.41642,-22.54125],[-64.48387,-22.47909],[-64.47537,-22.46774],[-64.48116,-22.45992],[-64.4892,-22.45644],[-64.4898,-22.45411],[-64.49039,-22.45181],[-64.49072,-22.4499],[-64.4897,-22.44494],[-64.49164,-22.43719],[-64.49248,-22.43557],[-64.49566,-22.43439],[-64.51766,-22.44677],[-64.52528,-22.44164],[-64.51284,-22.4141],[-64.56512,-22.37139],[-64.56525,-22.33376],[-64.5292,-22.28479],[-64.59704,-22.24144],[-64.61551,-22.2025],[-64.66737,-22.1877]]]},"properties":{"fid":338,"SITE_ID":900725,"SITE_PID":"900725","SITE_TYPE":"PA","NAME_ENG":"Las Yungas","NAME":"Las Yungas","DESIG":"Reserva de la Biósfera","DESIG_ENG":"UNESCO-MAB Biosphere Reserve","DESIG_TYPE":"International","IUCN_CAT":"Not Applicable","INT_CRIT":"Not Applicable","REALM":"Terrestrial","REP_M_AREA":0,"GIS_M_AREA":0,"REP_AREA":13500,"GIS_AREA":13490.1936550071,"NO_TAKE":"Not Applicable","NO_TK_AREA":0,"STATUS":"Designated","STATUS_YR":2002,"GOV_TYPE":"Not Reported","GOVSUBTYPE":"Not Applicable","OWN_TYPE":"Not Reported","OWNSUBTYPE":"Not Applicable","MANG_AUTH":"Not Reported","MANG_PLAN":"Not Reported","VERIF":"State Verified","METADATAID":1852,"PRNT_ISO3":"ARG","ISO3":"ARG","SUPP_INFO":"Not Applicable","CONS_OBJ":"Not Applicable","INLND_WTRS":"Not Reported","OECM_ASMT":"Not Applicable","layer":"WDPA_W~1"}},{"type":"Feature","geometry":{"type":"Polygon","coordinates":[[[-62.48091,-30.32548],[-62.49976,-30.32587],[-62.522,-30.32632],[-62.58013,-30.27289],[-62.58304,-30.2575],[-62.58311,-30.25487],[-62.58274,-30.25217],[-62.58275,-30.24961],[-62.58796,-30.24354],[-62.58155,-30.23799],[-62.58946,-30.2272],[-62.57481,-30.18662],[-62.57725,-30.18166],[-62.57885,-30.18011],[-62.58246,-30.18367],[-62.59255,-30.17693],[-62.55538,-30.10347],[-62.56101,-30.09269],[-62.56019,-30.09012],[-62.55992,-30.08235],[-62.56229,-30.08066],[-62.56459,-30.07876],[-62.56608,-30.07667],[-62.56573,-30.072],[-62.56791,-30.07018],[-62.5706,-30.06254],[-62.57226,-30.06088],[-62.58664,-30.05875],[-62.60108,-30.05981],[-62.60403,-30.05931],[-62.60689,-30.0583],[-62.60968,-30.05745],[-62.61813,-30.05904],[-62.62073,-30.05769],[-62.62543,-30.05442],[-62.62801,-30.05306],[-62.63671,-30.05117],[-62.63785,-30.04589],[-62.66926,-30.02851],[-62.72558,-29.95427],[-62.76353,-29.93917],[-62.81067,-29.84223],[-62.78357,-29.81477],[-63.34059,-29.77652],[-63.3395,-29.79171],[-63.33572,-29.80307],[-63.30795,-29.86868],[-63.32184,-29.95449],[-63.31048,-29.97972],[-63.313,-29.99613],[-63.33067,-30.01884],[-63.36852,-30.07563],[-63.43162,-30.07563],[-63.42783,-30.15512],[-63.42405,-30.25481],[-63.42405,-30.26491],[-63.42657,-30.29393],[-63.42783,-30.3116],[-63.472,-30.38352],[-63.45938,-30.38857],[-63.47452,-30.42642],[-63.46695,-30.434],[-63.45812,-30.44661],[-63.44676,-30.47437],[-63.45433,-30.51728],[-63.44676,-30.53116],[-63.44045,-30.53873],[-63.44676,-30.54883],[-63.44676,-30.57154],[-63.43414,-30.5728],[-63.41395,-30.57532],[-63.38745,-30.57659],[-63.38493,-30.58163],[-63.38745,-30.59047],[-63.3925,-30.60309],[-63.39376,-30.62327],[-63.22215,-30.64851],[-63.22593,-30.66996],[-63.2171,-30.67249],[-63.20322,-30.67249],[-63.17798,-30.67375],[-63.1906,-30.73558],[-63.19691,-30.73937],[-63.20574,-30.74063],[-63.21079,-30.75451],[-63.20448,-30.75829],[-63.1906,-30.75199],[-63.18303,-30.75072],[-63.17294,-30.75451],[-63.16284,-30.75829],[-63.15401,-30.74946],[-63.13887,-30.74694],[-63.11868,-30.74694],[-63.05054,-30.76208],[-63.05306,-30.77722],[-63.04423,-30.78227],[-63.03287,-30.77848],[-63.02151,-30.7747],[-62.9622,-30.77091],[-62.92309,-30.81634],[-62.91425,-30.8277],[-62.91804,-30.90719],[-62.87892,-30.94757],[-62.87009,-30.94757],[-62.85495,-30.94883],[-62.82719,-30.94505],[-62.82719,-30.92865],[-62.79312,-30.91476],[-62.77293,-30.91855],[-62.76535,-30.92738],[-62.76031,-30.93622],[-62.76662,-30.94631],[-62.78933,-30.9766],[-62.78681,-30.99931],[-62.75147,-30.993],[-62.73633,-30.98164],[-62.72119,-30.97029],[-62.70352,-30.95767],[-62.68712,-30.94505],[-62.67072,-30.92991],[-62.65936,-30.91981],[-62.63538,-30.89457],[-62.61898,-30.88827],[-62.57229,-30.90846],[-62.59627,-30.93622],[-62.59627,-30.97155],[-62.59122,-30.98543],[-62.58743,-30.98795],[-62.57986,-30.98922],[-62.56977,-30.99174],[-62.5521,-30.98669],[-62.53191,-30.98291],[-62.5092,-30.9766],[-62.49405,-30.9665],[-62.47891,-30.93874],[-62.45494,-30.93874],[-62.43727,-30.94505],[-62.45241,-30.99805],[-62.43096,-31.01067],[-62.35399,-30.92234],[-62.34137,-30.9135],[-62.33254,-30.90846],[-62.32496,-30.90593],[-62.2972,-30.90088],[-62.27323,-30.89079],[-62.25178,-30.88196],[-62.23285,-30.87312],[-62.22023,-30.86177],[-62.19752,-30.8277],[-62.18237,-30.6687],[-62.21266,-30.53621],[-62.2013,-30.47437],[-62.18616,-30.44409],[-62.18616,-30.4239],[-62.17859,-30.39488],[-62.17102,-30.37469],[-62.16678,-30.36516],[-62.17497,-30.3381],[-62.1773,-30.33039],[-62.18707,-30.32672],[-62.26029,-30.32536],[-62.48091,-30.32548]]]},"properties":{"fid":339,"SITE_ID":900779,"SITE_PID":"900779","SITE_TYPE":"PA","NAME_ENG":"Bañados del Río Dulce y Laguna de Mar Chiquita","NAME":"Bañados del Río Dulce y Laguna de Mar Chiquita","DESIG":"Sitio Ramsar, Humedal de Importancia Internacional","DESIG_ENG":"Wetland of International Importance (Ramsar Site)","DESIG_TYPE":"International","IUCN_CAT":"Not Reported","INT_CRIT":"(i);(ii);(iii);(iv);(v);(vi);(vii);(viii)","REALM":"Terrestrial","REP_M_AREA":0,"GIS_M_AREA":0,"REP_AREA":9960,"GIS_AREA":10902.8859493886,"NO_TAKE":"Not Applicable","NO_TK_AREA":0,"STATUS":"Designated","STATUS_YR":2002,"GOV_TYPE":"Not Reported","GOVSUBTYPE":"Not Applicable","OWN_TYPE":"Not Reported","OWNSUBTYPE":"Not Applicable","MANG_AUTH":"Not Reported","MANG_PLAN":"Management plan is not implented and not available","VERIF":"State Verified","METADATAID":1852,"PRNT_ISO3":"ARG","ISO3":"ARG","SUPP_INFO":"Not Applicable","CONS_OBJ":"Not Applicable","INLND_WTRS":"Not Reported","OECM_ASMT":"Not Applicable","layer":"WDPA_W~1"}},{"type":"Feature","geometry":{"type":"Polygon","coordinates":[[[-68.97434,-28.06883],[-69.28851,-28.06122],[-69.30067,-28.07152],[-69.30673,-28.1284],[-69.33536,-28.16401],[-69.38071,-28.18143],[-69.39049,-28.22629],[-69.39449,-28.22006],[-69.39817,-28.21899],[-69.40065,-28.2172],[-69.40171,-28.21673],[-69.40252,-28.21617],[-69.40332,-28.21572],[-69.40457,-28.21503],[-69.40854,-28.21368],[-69.41012,-28.20526],[-69.45668,-28.18371],[-69.46373,-28.19736],[-69.47165,-28.20221],[-69.47214,-28.20404],[-69.47345,-28.20514],[-69.47901,-28.20718],[-69.47465,-28.23707],[-69.50235,-28.26268],[-69.52295,-28.3292],[-69.53045,-28.33522],[-69.53937,-28.33581],[-69.54218,-28.33809],[-69.54472,-28.33817],[-69.54615,-28.33795],[-69.55731,-28.34193],[-69.58327,-28.35343],[-69.58762,-28.37822],[-69.59081,-28.38138],[-69.59408,-28.38616],[-69.59598,-28.38862],[-69.59656,-28.39186],[-69.63486,-28.38449],[-69.60569,-28.41907],[-69.57061,-28.4052],[-69.56131,-28.40621],[-69.55911,-28.4061],[-69.55788,-28.40591],[-69.55643,-28.40569],[-69.55527,-28.40576],[-69.55382,-28.40624],[-69.55138,-28.40802],[-69.54563,-28.41342],[-69.54393,-28.41463],[-69.54238,-28.41522],[-69.54157,-28.41558],[-69.53752,-28.41577],[-69.53647,-28.41641],[-69.53569,-28.41695],[-69.5341,-28.41862],[-69.5301,-28.42143],[-69.52856,-28.42279],[-69.52831,-28.42345],[-69.52768,-28.4246],[-69.52634,-28.42649],[-69.52568,-28.42749],[-69.52472,-28.42846],[-69.51875,-28.43124],[-69.51611,-28.43172],[-69.51497,-28.43179],[-69.51304,-28.43178],[-69.51088,-28.43116],[-69.5096,-28.43058],[-69.50881,-28.42876],[-69.50793,-28.42777],[-69.50765,-28.42665],[-69.50821,-28.42535],[-69.5075,-28.424],[-69.507,-28.42307],[-69.50641,-28.42248],[-69.50413,-28.42095],[-69.50283,-28.42012],[-69.50164,-28.41874],[-69.50099,-28.41798],[-69.49855,-28.41661],[-69.49601,-28.41641],[-69.49279,-28.41642],[-69.48933,-28.41463],[-69.48833,-28.4138],[-69.48439,-28.41541],[-69.48298,-28.41593],[-69.48157,-28.41608],[-69.47699,-28.41598],[-69.47312,-28.41558],[-69.47137,-28.41572],[-69.46988,-28.4155],[-69.46855,-28.41611],[-69.46648,-28.41823],[-69.4654,-28.41868],[-69.46484,-28.41945],[-69.46366,-28.42056],[-69.46237,-28.42099],[-69.46065,-28.42266],[-69.45123,-28.43702],[-69.44928,-28.43844],[-69.44668,-28.43867],[-69.44534,-28.4396],[-69.44449,-28.44083],[-69.44124,-28.44285],[-69.44059,-28.44395],[-69.43709,-28.44712],[-69.43549,-28.44851],[-69.43156,-28.45031],[-69.4262,-28.45165],[-69.42462,-28.45169],[-69.37615,-28.4485],[-69.36328,-28.44097],[-69.3604,-28.43982],[-69.35592,-28.43994],[-69.35322,-28.43936],[-69.35066,-28.43852],[-69.34901,-28.43706],[-69.3429,-28.43469],[-69.3377,-28.43156],[-69.33166,-28.42884],[-69.33108,-28.42865],[-69.32415,-28.42361],[-69.32137,-28.41957],[-69.31966,-28.41689],[-69.31599,-28.41145],[-69.29981,-28.43795],[-69.28781,-28.45766],[-69.26774,-28.48995],[-69.24627,-28.52509],[-69.23297,-28.54669],[-69.22055,-28.567],[-69.21403,-28.57718],[-69.20623,-28.59012],[-69.20241,-28.59625],[-69.20305,-28.59653],[-69.20354,-28.59676],[-69.20388,-28.59715],[-69.20569,-28.60017],[-69.20704,-28.60023],[-69.20754,-28.60034],[-69.21019,-28.60119],[-69.21074,-28.60139],[-69.2114,-28.60162],[-69.21269,-28.60242],[-69.2131,-28.60297],[-69.21404,-28.60339],[-69.21421,-28.60365],[-69.21474,-28.60493],[-69.21497,-28.60526],[-69.21584,-28.60578],[-69.21629,-28.60621],[-69.21652,-28.60639],[-69.21658,-28.60709],[-69.21652,-28.60755],[-69.21586,-28.60951],[-69.21575,-28.61102],[-69.21688,-28.61649],[-69.21479,-28.61871],[-69.21537,-28.6241],[-69.214,-28.62568],[-69.21427,-28.62776],[-69.21449,-28.62834],[-69.21524,-28.62927],[-69.21487,-28.63043],[-69.21405,-28.63174],[-69.21384,-28.63275],[-69.21408,-28.63361],[-69.21427,-28.63447],[-69.21465,-28.63494],[-69.21493,-28.63779],[-69.21545,-28.63859],[-69.21595,-28.63879],[-69.21581,-28.64023],[-69.21743,-28.6413],[-69.21724,-28.64242],[-69.21733,-28.64303],[-69.21735,-28.64393],[-69.21691,-28.64458],[-69.21628,-28.645],[-69.21631,-28.64559],[-69.21707,-28.64649],[-69.21716,-28.64701],[-69.21749,-28.64753],[-69.21769,-28.64782],[-69.21786,-28.64816],[-69.21762,-28.6489],[-69.21647,-28.64904],[-69.21686,-28.65068],[-69.21612,-28.65319],[-69.21485,-28.65412],[-69.21438,-28.65463],[-69.21394,-28.6549],[-69.21292,-28.65663],[-69.2129,-28.65719],[-69.21341,-28.65798],[-69.21354,-28.65875],[-69.21318,-28.65906],[-69.21287,-28.65917],[-69.21144,-28.6594],[-69.21153,-28.66233],[-69.21175,-28.66299],[-69.21202,-28.66336],[-69.21286,-28.66475],[-69.21215,-28.66462],[-69.2117,-28.66406],[-69.21058,-28.664],[-69.20986,-28.66465],[-69.20981,-28.6658],[-69.21109,-28.66703],[-69.21133,-28.6679],[-69.21045,-28.66948],[-69.20854,-28.67032],[-69.2083,-28.671],[-69.2065,-28.67952],[-69.20669,-28.68028],[-69.20749,-28.6802],[-69.20859,-28.68008],[-69.20931,-28.67985],[-69.20983,-28.68056],[-69.20986,-28.68141],[-69.20945,-28.68262],[-69.20892,-28.68369],[-69.20808,-28.68475],[-69.20655,-28.68543],[-69.2042,-28.68744],[-69.20348,-28.68911],[-69.20294,-28.69139],[-69.20309,-28.69269],[-69.20441,-28.69357],[-69.20554,-28.69463],[-69.20551,-28.69523],[-69.20427,-28.6962],[-69.19868,-28.70958],[-69.19463,-28.71223],[-69.19344,-28.71414],[-69.19352,-28.71509],[-69.19265,-28.71699],[-69.19216,-28.71773],[-69.19155,-28.71867],[-69.19092,-28.71897],[-69.18996,-28.71941],[-69.18579,-28.72088],[-69.18362,-28.72104],[-69.18137,-28.72223],[-69.18181,-28.72718],[-69.17067,-28.73638],[-69.16188,-28.76126],[-69.09785,-28.7861],[-69.08187,-28.79412],[-69.04058,-28.81034],[-68.95291,-28.84203],[-68.94348,-28.8466],[-68.90914,-28.86021],[-68.75547,-28.43333],[-68.7079,-28.30762],[-68.97434,-28.06883]]]},"properties":{"fid":340,"SITE_ID":900780,"SITE_PID":"900780","SITE_TYPE":"PA","NAME_ENG":"Laguna Brava","NAME":"Laguna Brava","DESIG":"Sitio Ramsar, Humedal de Importancia Internacional","DESIG_ENG":"Wetland of International Importance (Ramsar Site)","DESIG_TYPE":"International","IUCN_CAT":"Not Reported","INT_CRIT":"(i);(ii);(iii);(iv)","REALM":"Terrestrial","REP_M_AREA":0,"GIS_M_AREA":0,"REP_AREA":4050,"GIS_AREA":4227.68458650343,"NO_TAKE":"Not Applicable","NO_TK_AREA":0,"STATUS":"Designated","STATUS_YR":2003,"GOV_TYPE":"Not Reported","GOVSUBTYPE":"Not Applicable","OWN_TYPE":"Not Reported","OWNSUBTYPE":"Not Applicable","MANG_AUTH":"Not Reported","MANG_PLAN":"http://sites.wetlands.org/reports/ris/6AR012.html","VERIF":"State Verified","METADATAID":1852,"PRNT_ISO3":"ARG","ISO3":"ARG","SUPP_INFO":"Not Applicable","CONS_OBJ":"Not Applicable","INLND_WTRS":"Not Reported","OECM_ASMT":"Not Applicable","layer":"WDPA_W~1"}},{"type":"Feature","geometry":{"type":"Polygon","coordinates":[[[-58.65827,-27.15047],[-58.63968,-27.1185],[-58.55637,-27.10933],[-58.55859,-27.03656],[-58.52512,-27.03938],[-58.51707,-27.06307],[-58.50232,-27.05153],[-58.51821,-27.00151],[-58.47897,-27.00255],[-58.47015,-26.98691],[-58.49776,-26.92721],[-58.45405,-26.92914],[-58.37931,-26.88282],[-58.38917,-26.86882],[-58.38901,-26.86697],[-58.38591,-26.86552],[-58.38179,-26.86419],[-58.37958,-26.8622],[-58.37849,-26.85991],[-58.37964,-26.85644],[-58.38122,-26.85645],[-58.38292,-26.85696],[-58.3852,-26.85715],[-58.38642,-26.8595],[-58.38816,-26.86247],[-58.39143,-26.86429],[-58.39649,-26.86088],[-58.39774,-26.83391],[-58.4075,-26.84551],[-58.42785,-26.82498],[-58.44605,-26.83194],[-58.44541,-26.81839],[-58.4778,-26.82458],[-58.46836,-26.80018],[-58.48651,-26.80455],[-58.50043,-26.76048],[-58.53123,-26.75875],[-58.53755,-26.73818],[-58.5485,-26.74982],[-58.56913,-26.72851],[-58.57224,-26.68762],[-58.61169,-26.68149],[-58.63015,-26.66159],[-58.70378,-26.76715],[-58.70623,-26.81185],[-58.94681,-27.07888],[-58.98348,-27.20334],[-59.00293,-27.33311],[-58.99218,-27.38473],[-59.01154,-27.43492],[-59.14561,-27.55451],[-59.29308,-27.82907],[-59.26959,-27.91423],[-59.22517,-27.96305],[-59.22983,-28.00026],[-59.11927,-28.00025],[-59.06021,-28.0004],[-58.97868,-28.00034],[-58.96225,-28.00034],[-58.93954,-27.99947],[-58.9364,-27.99943],[-58.91862,-27.99944],[-58.9096,-27.9994],[-58.88395,-27.99939],[-58.88519,-28.0076],[-58.88616,-28.01542],[-58.89372,-28.0357],[-58.89237,-28.04552],[-58.89164,-28.04678],[-58.89027,-28.04883],[-58.88822,-28.0503],[-58.88655,-28.05201],[-58.88568,-28.05354],[-58.8843,-28.05527],[-58.8832,-28.05709],[-58.88175,-28.0599],[-58.88083,-28.06681],[-58.86557,-28.05684],[-58.85967,-28.05024],[-58.82935,-27.96191],[-58.84345,-27.87721],[-58.80969,-27.7835],[-58.82029,-27.67735],[-58.88345,-27.60489],[-58.87094,-27.57518],[-58.88168,-27.49848],[-58.78066,-27.38178],[-58.67117,-27.36004],[-58.6231,-27.32737],[-58.59469,-27.26055],[-58.59519,-27.22501],[-58.60643,-27.21443],[-58.6569,-27.19101],[-58.65827,-27.15047]]]},"properties":{"fid":341,"SITE_ID":902258,"SITE_PID":"902258","SITE_TYPE":"PA","NAME_ENG":"Humedales Chaco","NAME":"Humedales Chaco","DESIG":"Sitio Ramsar, Humedal de Importancia Internacional","DESIG_ENG":"Wetland of International Importance (Ramsar Site)","DESIG_TYPE":"International","IUCN_CAT":"Not Reported","INT_CRIT":"(i);(ii);(iii);(iv);(v);(viii)","REALM":"Terrestrial","REP_M_AREA":0,"GIS_M_AREA":0,"REP_AREA":5080,"GIS_AREA":4821.60762384183,"NO_TAKE":"Not Applicable","NO_TK_AREA":0,"STATUS":"Designated","STATUS_YR":2004,"GOV_TYPE":"Not Reported","GOVSUBTYPE":"Not Applicable","OWN_TYPE":"Not Reported","OWNSUBTYPE":"Not Applicable","MANG_AUTH":"Not Reported","MANG_PLAN":"Management plan is implented and available","VERIF":"State Verified","METADATAID":1852,"PRNT_ISO3":"ARG","ISO3":"ARG","SUPP_INFO":"Not Applicable","CONS_OBJ":"Not Applicable","INLND_WTRS":"Not Reported","OECM_ASMT":"Not Applicable","layer":"WDPA_W~1"}},{"type":"Feature","geometry":{"type":"Polygon","coordinates":[[[-58.36349,-34.59655],[-58.35758,-34.61935],[-58.3398,-34.61599],[-58.34929,-34.59477],[-58.36349,-34.59655]]]},"properties":{"fid":342,"SITE_ID":902401,"SITE_PID":"902401","SITE_TYPE":"PA","NAME_ENG":"Costanera Sur","NAME":"Costanera Sur","DESIG":"Sitio Ramsar, Humedal de Importancia Internacional","DESIG_ENG":"Wetland of International Importance (Ramsar Site)","DESIG_TYPE":"International","IUCN_CAT":"Not Reported","INT_CRIT":"(ii);(iii)","REALM":"Terrestrial","REP_M_AREA":0,"GIS_M_AREA":0.013339028016047,"REP_AREA":3.5,"GIS_AREA":3.58916915596651,"NO_TAKE":"Not Applicable","NO_TK_AREA":0,"STATUS":"Designated","STATUS_YR":2005,"GOV_TYPE":"Not Reported","GOVSUBTYPE":"Not Applicable","OWN_TYPE":"Not Reported","OWNSUBTYPE":"Not Applicable","MANG_AUTH":"Not Reported","MANG_PLAN":"http://sites.wetlands.org/reports/ris/6AR014.html","VERIF":"State Verified","METADATAID":1852,"PRNT_ISO3":"ARG","ISO3":"ARG","SUPP_INFO":"Not Applicable","CONS_OBJ":"Not Applicable","INLND_WTRS":"Not Reported","OECM_ASMT":"Not Applicable","layer":"WDPA_W~1"}},{"type":"Feature","geometry":{"type":"Polygon","coordinates":[[[-69.91728,-37.05395],[-70.15966,-37.04568],[-70.17015,-37.24017],[-70.03953,-37.24471],[-70.03652,-37.14454],[-69.92236,-37.14838],[-69.91728,-37.05395]]]},"properties":{"fid":343,"SITE_ID":902887,"SITE_PID":"902887","SITE_TYPE":"PA","NAME_ENG":"Parque Provincial El Tromen","NAME":"Parque Provincial El Tromen","DESIG":"Sitio Ramsar, Humedal de Importancia Internacional","DESIG_ENG":"Wetland of International Importance (Ramsar Site)","DESIG_TYPE":"International","IUCN_CAT":"Not Reported","INT_CRIT":"(i);(ii);(iii);(iv);(ix)","REALM":"Terrestrial","REP_M_AREA":0,"GIS_M_AREA":0,"REP_AREA":300,"GIS_AREA":354.167741163865,"NO_TAKE":"Not Applicable","NO_TK_AREA":0,"STATUS":"Designated","STATUS_YR":2006,"GOV_TYPE":"Not Reported","GOVSUBTYPE":"Not Applicable","OWN_TYPE":"Not Reported","OWNSUBTYPE":"Not Applicable","MANG_AUTH":"Not Reported","MANG_PLAN":"Management plan is implented and available","VERIF":"State Verified","METADATAID":1852,"PRNT_ISO3":"ARG","ISO3":"ARG","SUPP_INFO":"Not Applicable","CONS_OBJ":"Not Applicable","INLND_WTRS":"Not Reported","OECM_ASMT":"Not Applicable","layer":"WDPA_W~1"}},{"type":"Feature","geometry":{"type":"Polygon","coordinates":[[[-58.90847,-34.23801],[-58.90768,-34.23955],[-58.90727,-34.24126],[-58.90728,-34.24831],[-58.89334,-34.27913],[-58.8908,-34.2778],[-58.88961,-34.28453],[-58.88923,-34.28554],[-58.88877,-34.2866],[-58.88833,-34.28739],[-58.88682,-34.28944],[-58.88519,-34.29117],[-58.88278,-34.29288],[-58.88135,-34.29352],[-58.87961,-34.29198],[-58.8786,-34.2923],[-58.87832,-34.29191],[-58.87837,-34.29157],[-58.87956,-34.29048],[-58.88111,-34.29145],[-58.88159,-34.29128],[-58.88165,-34.29101],[-58.88166,-34.29033],[-58.88175,-34.28972],[-58.88234,-34.28957],[-58.88279,-34.28931],[-58.88288,-34.28913],[-58.88229,-34.28813],[-58.88312,-34.28681],[-58.88249,-34.2862],[-58.88224,-34.28619],[-58.88159,-34.28629],[-58.88117,-34.28688],[-58.88109,-34.2872],[-58.88107,-34.28751],[-58.8812,-34.28792],[-58.88127,-34.28834],[-58.88108,-34.28852],[-58.8793,-34.28838],[-58.87897,-34.28798],[-58.87874,-34.28752],[-58.87859,-34.28699],[-58.87874,-34.28677],[-58.88002,-34.28671],[-58.88039,-34.28656],[-58.88051,-34.28605],[-58.88033,-34.28573],[-58.87934,-34.28541],[-58.87864,-34.2854],[-58.87799,-34.28528],[-58.87727,-34.285],[-58.87698,-34.28451],[-58.87699,-34.28386],[-58.87747,-34.28366],[-58.88093,-34.28371],[-58.87803,-34.27462],[-58.86383,-34.27732],[-58.86335,-34.27446],[-58.86078,-34.27374],[-58.86037,-34.273],[-58.86091,-34.27244],[-58.86145,-34.27218],[-58.86303,-34.27075],[-58.86305,-34.27035],[-58.86293,-34.26996],[-58.86281,-34.26939],[-58.86271,-34.26839],[-58.86285,-34.26796],[-58.86317,-34.26773],[-58.86372,-34.26753],[-58.86444,-34.2673],[-58.86458,-34.26703],[-58.86449,-34.2667],[-58.86425,-34.26615],[-58.86393,-34.26569],[-58.86268,-34.2643],[-58.86224,-34.26413],[-58.86185,-34.26403],[-58.86002,-34.26402],[-58.85818,-34.26206],[-58.85641,-34.26189],[-58.85584,-34.26198],[-58.85545,-34.26228],[-58.85519,-34.26259],[-58.82727,-34.22238],[-58.82423,-34.22183],[-58.82439,-34.21662],[-58.82136,-34.21577],[-58.81258,-34.22071],[-58.81309,-34.21922],[-58.81326,-34.21791],[-58.82546,-34.20984],[-58.83153,-34.21485],[-58.85447,-34.25344],[-58.87075,-34.22677],[-58.86549,-34.18713],[-58.86059,-34.18334],[-58.85706,-34.18314],[-58.85699,-34.18301],[-58.85789,-34.18205],[-58.85977,-34.18097],[-58.87024,-34.1798],[-58.87105,-34.18098],[-58.8724,-34.18124],[-58.89714,-34.1878],[-58.90252,-34.19958],[-58.90393,-34.20237],[-58.90568,-34.20604],[-58.90237,-34.2093],[-58.8998,-34.21388],[-58.89777,-34.21868],[-58.89671,-34.22165],[-58.89666,-34.22157],[-58.89763,-34.22354],[-58.89877,-34.22203],[-58.90404,-34.22333],[-58.90246,-34.22701],[-58.89762,-34.23383],[-58.90847,-34.23801]]]},"properties":{"fid":344,"SITE_ID":903114,"SITE_PID":"903114","SITE_TYPE":"PA","NAME_ENG":"Reserva Natural Otamendi","NAME":"Reserva Natural Otamendi","DESIG":"Sitio Ramsar, Humedal de Importancia Internacional","DESIG_ENG":"Wetland of International Importance (Ramsar Site)","DESIG_TYPE":"International","IUCN_CAT":"Not Reported","INT_CRIT":"(i);(ii);(iii);(iv)","REALM":"Terrestrial","REP_M_AREA":0,"GIS_M_AREA":0,"REP_AREA":30,"GIS_AREA":40.8485059494998,"NO_TAKE":"Not Applicable","NO_TK_AREA":0,"STATUS":"Designated","STATUS_YR":2008,"GOV_TYPE":"Not Reported","GOVSUBTYPE":"Not Applicable","OWN_TYPE":"Not Reported","OWNSUBTYPE":"Not Applicable","MANG_AUTH":"Not Reported","MANG_PLAN":"Management plan is implented and available","VERIF":"State Verified","METADATAID":1852,"PRNT_ISO3":"ARG","ISO3":"ARG","SUPP_INFO":"Not Applicable","CONS_OBJ":"Not Applicable","INLND_WTRS":"Not Reported","OECM_ASMT":"Not Applicable","layer":"WDPA_W~1"}},{"type":"Feature","geometry":{"type":"Polygon","coordinates":[[[-68.29372,-54.73195],[-68.32237,-54.71769],[-68.37341,-54.72075],[-68.37452,-54.77114],[-68.30797,-54.77127],[-68.28109,-54.74867],[-68.29372,-54.73195]]]},"properties":{"fid":345,"SITE_ID":555542775,"SITE_PID":"555542775","SITE_TYPE":"PA","NAME_ENG":"Glaciar Vinciguerra y Turberas Asociadas","NAME":"Glaciar Vinciguerra y Turberas Asociadas","DESIG":"Sitio Ramsar, Humedal de Importancia Internacional","DESIG_ENG":"Wetland of International Importance (Ramsar Site)","DESIG_TYPE":"International","IUCN_CAT":"Not Reported","INT_CRIT":"(i);(ii)","REALM":"Terrestrial","REP_M_AREA":0,"GIS_M_AREA":0,"REP_AREA":27.6,"GIS_AREA":27.5954014545753,"NO_TAKE":"Not Applicable","NO_TK_AREA":0,"STATUS":"Designated","STATUS_YR":2009,"GOV_TYPE":"Not Reported","GOVSUBTYPE":"Not Applicable","OWN_TYPE":"Not Reported","OWNSUBTYPE":"Not Applicable","MANG_AUTH":"Not Reported","MANG_PLAN":"Management plan is not implented and not available","VERIF":"State Verified","METADATAID":1852,"PRNT_ISO3":"ARG","ISO3":"ARG","SUPP_INFO":"Not Applicable","CONS_OBJ":"Not Applicable","INLND_WTRS":"Not Reported","OECM_ASMT":"Not Applicable","layer":"WDPA_W~1"}},{"type":"Feature","geometry":{"type":"Polygon","coordinates":[[[-58.228,-31.85294],[-58.23638,-31.85078],[-58.25804,-31.84565],[-58.26009,-31.86402],[-58.3175,-31.84479],[-58.32425,-31.85644],[-58.32037,-31.84393],[-58.315,-31.82149],[-58.31653,-31.81999],[-58.32091,-31.81593],[-58.32652,-31.81054],[-58.3288,-31.8102],[-58.33103,-31.82011],[-58.34413,-31.81771],[-58.3426,-31.80866],[-58.37323,-31.8043],[-58.37456,-31.81091],[-58.38146,-31.80993],[-58.37998,-31.80348],[-58.40587,-31.79984],[-58.43645,-31.78355],[-58.46082,-31.78316],[-58.4488,-31.8709],[-58.44,-31.85895],[-58.41067,-31.86406],[-58.33026,-31.92105],[-58.30589,-31.90253],[-58.3124,-31.91427],[-58.3099,-31.91494],[-58.28937,-31.90969],[-58.25917,-31.91111],[-58.25436,-31.91229],[-58.25147,-31.91341],[-58.24973,-31.91485],[-58.24968,-31.91511],[-58.24995,-31.91545],[-58.2498,-31.91574],[-58.24938,-31.91609],[-58.24839,-31.91608],[-58.2465,-31.91768],[-58.24478,-31.91761],[-58.24359,-31.91865],[-58.24234,-31.91861],[-58.24166,-31.91928],[-58.2376,-31.9197],[-58.23161,-31.92273],[-58.22965,-31.92263],[-58.22585,-31.92417],[-58.22299,-31.92275],[-58.22088,-31.92276],[-58.21529,-31.92774],[-58.21288,-31.92776],[-58.20967,-31.92459],[-58.20646,-31.92522],[-58.20101,-31.92246],[-58.19967,-31.92238],[-58.19884,-31.9225],[-58.1983,-31.92288],[-58.19737,-31.92365],[-58.19626,-31.9239],[-58.19497,-31.92454],[-58.19408,-31.92558],[-58.19341,-31.92571],[-58.19227,-31.92445],[-58.19173,-31.92353],[-58.19156,-31.92304],[-58.19152,-31.92268],[-58.1699,-31.9367],[-58.1549,-31.9959],[-58.17069,-32.10483],[-58.14344,-32.06266],[-58.13809,-32.00315],[-58.1651,-31.9386],[-58.1969,-31.9007],[-58.1927,-31.8574],[-58.2063,-31.8259],[-58.228,-31.85294]]]},"properties":{"fid":346,"SITE_ID":555542782,"SITE_PID":"555542782","SITE_TYPE":"PA","NAME_ENG":"Palmar Yatay","NAME":"Palmar Yatay","DESIG":"Sitio Ramsar, Humedal de Importancia Internacional","DESIG_ENG":"Wetland of International Importance (Ramsar Site)","DESIG_TYPE":"International","IUCN_CAT":"Not Reported","INT_CRIT":"(ii);(iii);(iv);(vii)","REALM":"Terrestrial","REP_M_AREA":0,"GIS_M_AREA":0,"REP_AREA":214.5,"GIS_AREA":228.060975287913,"NO_TAKE":"Not Applicable","NO_TK_AREA":0,"STATUS":"Designated","STATUS_YR":2011,"GOV_TYPE":"Not Reported","GOVSUBTYPE":"Not Applicable","OWN_TYPE":"Not Reported","OWNSUBTYPE":"Not Applicable","MANG_AUTH":"Not Reported","MANG_PLAN":"Management plan is implented and available","VERIF":"State Verified","METADATAID":1852,"PRNT_ISO3":"ARG","ISO3":"ARG","SUPP_INFO":"Not Applicable","CONS_OBJ":"Not Applicable","INLND_WTRS":"Not Reported","OECM_ASMT":"Not Applicable","layer":"WDPA_W~1"}},{"type":"Feature","geometry":{"type":"Polygon","coordinates":[[[-58.09956,-34.77078],[-58.10519,-34.7752],[-58.11881,-34.78701],[-58.13032,-34.79806],[-58.13534,-34.80372],[-58.16857,-34.82863],[-58.15167,-34.83909],[-58.1924,-34.83673],[-58.15143,-34.88273],[-58.09362,-34.83655],[-58.06915,-34.85087],[-58.06072,-34.84407],[-58.05471,-34.83962],[-58.0116,-34.80026],[-58.0073,-34.7978],[-58.00566,-34.79519],[-58.00252,-34.79248],[-57.99905,-34.78912],[-58.00279,-34.7862],[-58.00453,-34.78491],[-58.00919,-34.78301],[-58.01354,-34.78115],[-58.01559,-34.78066],[-58.02102,-34.77937],[-58.02428,-34.77848],[-58.03113,-34.77788],[-58.04755,-34.77715],[-58.05166,-34.77682],[-58.0561,-34.77571],[-58.06304,-34.77376],[-58.06981,-34.77155],[-58.07114,-34.7709],[-58.07345,-34.77004],[-58.07934,-34.76724],[-58.08732,-34.76306],[-58.09956,-34.77078]]]},"properties":{"fid":347,"SITE_ID":555547531,"SITE_PID":"555547531","SITE_TYPE":"PA","NAME_ENG":"Pereyra Iraola","NAME":"Pereyra Iraola","DESIG":"Reserva de la Biósfera","DESIG_ENG":"UNESCO-MAB Biosphere Reserve","DESIG_TYPE":"International","IUCN_CAT":"Not Applicable","INT_CRIT":"Not Applicable","REALM":"Terrestrial","REP_M_AREA":0,"GIS_M_AREA":0.023380290515891,"REP_AREA":102,"GIS_AREA":102.779546920741,"NO_TAKE":"Not Applicable","NO_TK_AREA":0,"STATUS":"Designated","STATUS_YR":2007,"GOV_TYPE":"Not Reported","GOVSUBTYPE":"Not Applicable","OWN_TYPE":"Not Reported","OWNSUBTYPE":"Not Applicable","MANG_AUTH":"Not Reported","MANG_PLAN":"Not Reported","VERIF":"State Verified","METADATAID":1852,"PRNT_ISO3":"ARG","ISO3":"ARG","SUPP_INFO":"Not Applicable","CONS_OBJ":"Not Applicable","INLND_WTRS":"Not Reported","OECM_ASMT":"Not Applicable","layer":"WDPA_W~1"}},{"type":"Feature","geometry":{"type":"Polygon","coordinates":[[[-59.3605,-38.74165],[-59.35494,-38.75015],[-59.24164,-38.72707],[-59.3605,-38.74165]]]},"properties":{"fid":348,"SITE_ID":555558341,"SITE_PID":"555558341","SITE_TYPE":"PA","NAME_ENG":"Arroyo Zabala","NAME":"Arroyo Zabala","DESIG":"Reserva Natural de Uso Múltiple","DESIG_ENG":"Multiple Use Nature Reserve","DESIG_TYPE":"National","IUCN_CAT":"VI","INT_CRIT":"Not Applicable","REALM":"Coastal","REP_M_AREA":12,"GIS_M_AREA":10.1956890364132,"REP_AREA":18.47,"GIS_AREA":15.8044376427526,"NO_TAKE":"Not Reported","NO_TK_AREA":0,"STATUS":"Designated","STATUS_YR":2001,"GOV_TYPE":"Sub-national ministry or agency","GOVSUBTYPE":"Not Applicable","OWN_TYPE":"Not Reported","OWNSUBTYPE":"Not Applicable","MANG_AUTH":"Not Reported","MANG_PLAN":"Not Reported","VERIF":"State Verified","METADATAID":1852,"PRNT_ISO3":"ARG","ISO3":"ARG","SUPP_INFO":"Not Applicable","CONS_OBJ":"Not Applicable","INLND_WTRS":"Not Reported","OECM_ASMT":"Not Applicable","layer":"WDPA_W~1"}},{"type":"Feature","geometry":{"type":"Polygon","coordinates":[[[-62.22747,-38.8387],[-62.33384,-38.83339],[-62.32673,-38.89502],[-62.34387,-38.94826],[-62.30254,-39.03302],[-62.35314,-39.10166],[-62.3475,-39.15702],[-62.28509,-39.22516],[-62.08059,-39.31337],[-62.00582,-39.3697],[-62.00136,-39.83295],[-61.83323,-39.83245],[-61.8352,-39.08861],[-62.22747,-38.8387]]]},"properties":{"fid":349,"SITE_ID":555558342,"SITE_PID":"555558342","SITE_TYPE":"PA","NAME_ENG":"Bahía Blanca, Bahía Falsa y Bahía Verde","NAME":"Bahía Blanca, Bahía Falsa y Bahía Verde","DESIG":"Reserva Natural de Uso Múltiple","DESIG_ENG":"Multiple Use Nature Reserve","DESIG_TYPE":"National","IUCN_CAT":"VI","INT_CRIT":"Not Applicable","REALM":"Coastal","REP_M_AREA":1800,"GIS_M_AREA":1835.18435613276,"REP_AREA":2543.54,"GIS_AREA":2546.2020136738,"NO_TAKE":"Not Reported","NO_TK_AREA":0,"STATUS":"Designated","STATUS_YR":1998,"GOV_TYPE":"Sub-national ministry or agency","GOVSUBTYPE":"Not Applicable","OWN_TYPE":"Not Reported","OWNSUBTYPE":"Not Applicable","MANG_AUTH":"Not Reported","MANG_PLAN":"Not Reported","VERIF":"State Verified","METADATAID":1852,"PRNT_ISO3":"ARG","ISO3":"ARG","SUPP_INFO":"Not Applicable","CONS_OBJ":"Not Applicable","INLND_WTRS":"Not Reported","OECM_ASMT":"Not Applicable","layer":"WDPA_W~1"}},{"type":"Feature","geometry":{"type":"Polygon","coordinates":[[[-62.00048,-39.83383],[-62.27172,-39.83085],[-62.27634,-39.85439],[-62.33026,-39.85964],[-62.32196,-39.93396],[-62.33915,-39.95728],[-62.3384,-39.96429],[-62.34468,-39.97304],[-62.33185,-40.00732],[-62.33382,-40.01799],[-62.3434,-40.05862],[-62.34345,-40.07282],[-62.34628,-40.08183],[-62.34531,-40.09429],[-62.34204,-40.10422],[-62.3398,-40.11894],[-62.32843,-40.14311],[-62.32646,-40.16549],[-62.33928,-40.18759],[-62.37137,-40.22034],[-62.38313,-40.22946],[-62.40178,-40.2407],[-62.45194,-40.26144],[-62.49197,-40.30646],[-62.49238,-40.33201],[-62.42181,-40.43085],[-62.42152,-40.46067],[-62.17509,-40.58162],[-62.17544,-40.64312],[-62.22534,-40.67868],[-62.27266,-40.7768],[-62.16764,-40.77599],[-61.79965,-40.50141],[-61.79903,-40.16502],[-62.00048,-39.83383]]]},"properties":{"fid":350,"SITE_ID":555558343,"SITE_PID":"555558343","SITE_TYPE":"PA","NAME_ENG":"Bahía San Blas","NAME":"Bahia San Blas","DESIG":"Reserva Natural de Uso Múltiple","DESIG_ENG":"Multiple Use Nature Reserve","DESIG_TYPE":"National","IUCN_CAT":"VI","INT_CRIT":"Not Applicable","REALM":"Coastal","REP_M_AREA":2350,"GIS_M_AREA":3239.94759236796,"REP_AREA":3967.48,"GIS_AREA":3971.64872120021,"NO_TAKE":"Not Reported","NO_TK_AREA":0,"STATUS":"Designated","STATUS_YR":2001,"GOV_TYPE":"Sub-national ministry or agency","GOVSUBTYPE":"Not Applicable","OWN_TYPE":"Not Reported","OWNSUBTYPE":"Not Applicable","MANG_AUTH":"Not Reported","MANG_PLAN":"Not Reported","VERIF":"State Verified","METADATAID":1852,"PRNT_ISO3":"ARG","ISO3":"ARG","SUPP_INFO":"Not Applicable","CONS_OBJ":"Not Applicable","INLND_WTRS":"Not Reported","OECM_ASMT":"Not Applicable","layer":"WDPA_W~1"}},{"type":"Feature","geometry":{"type":"Polygon","coordinates":[[[-65.08104,-42.00194],[-64.80329,-42.00097],[-64.73229,-41.7667],[-65.00665,-41.77105],[-65.02694,-41.78844],[-65.02259,-41.82805],[-65.05157,-41.82805],[-65.08635,-41.97972],[-65.08104,-42.00194]]]},"properties":{"fid":351,"SITE_ID":555558344,"SITE_PID":"555558344","SITE_TYPE":"PA","NAME_ENG":"Puerto Lobos","NAME":"Puerto Lobos","DESIG":"Paisaje Protegido","DESIG_ENG":"Protected Landscape","DESIG_TYPE":"National","IUCN_CAT":"V","INT_CRIT":"Not Applicable","REALM":"Marine","REP_M_AREA":315,"GIS_M_AREA":600.644990601807,"REP_AREA":621.21,"GIS_AREA":623.4439568337849,"NO_TAKE":"Not Reported","NO_TK_AREA":0,"STATUS":"Designated","STATUS_YR":1998,"GOV_TYPE":"Sub-national ministry or agency","GOVSUBTYPE":"Not Applicable","OWN_TYPE":"Not Reported","OWNSUBTYPE":"Not Applicable","MANG_AUTH":"Not Reported","MANG_PLAN":"Not Reported","VERIF":"State Verified","METADATAID":1852,"PRNT_ISO3":"ARG","ISO3":"ARG","SUPP_INFO":"Not Applicable","CONS_OBJ":"Not Applicable","INLND_WTRS":"Not Applicable","OECM_ASMT":"Not Applicable","layer":"WDPA_W~1"}},{"type":"Feature","geometry":{"type":"Polygon","coordinates":[[[-66.92831,-46.8796],[-66.91935,-46.85269],[-67.02101,-46.79887],[-67.03895,-46.76299],[-67.14659,-46.68226],[-67.19144,-46.67927],[-67.21835,-46.6404],[-67.28114,-46.61648],[-67.34692,-46.61648],[-67.34692,-46.62844],[-67.24526,-46.65834],[-67.19742,-46.7002],[-67.15855,-46.7002],[-67.07483,-46.76598],[-67.04792,-46.81382],[-66.9941,-46.82877],[-66.92831,-46.8796]]]},"properties":{"fid":352,"SITE_ID":555558349,"SITE_PID":"555558349","SITE_TYPE":"PA","NAME_ENG":"Barco Hundido","NAME":"Barco Hundido","DESIG":"Reserva Provincial","DESIG_ENG":"Provincial Reserve","DESIG_TYPE":"National","IUCN_CAT":"III","INT_CRIT":"Not Applicable","REALM":"Coastal","REP_M_AREA":0,"GIS_M_AREA":90.9937201759617,"REP_AREA":103.7,"GIS_AREA":111.322131131157,"NO_TAKE":"Not Reported","NO_TK_AREA":0,"STATUS":"Designated","STATUS_YR":2002,"GOV_TYPE":"Sub-national ministry or agency","GOVSUBTYPE":"Not Applicable","OWN_TYPE":"Not Reported","OWNSUBTYPE":"Not Applicable","MANG_AUTH":"Not Reported","MANG_PLAN":"Not Reported","VERIF":"State Verified","METADATAID":1852,"PRNT_ISO3":"ARG","ISO3":"ARG","SUPP_INFO":"Not Applicable","CONS_OBJ":"Not Applicable","INLND_WTRS":"Not Reported","OECM_ASMT":"Not Applicable","layer":"WDPA_W~1"}},{"type":"Feature","geometry":{"type":"Polygon","coordinates":[[[-67.5465,-46.402],[-67.52269,-46.42371],[-67.53467,-46.39664],[-67.5465,-46.402]]]},"properties":{"fid":353,"SITE_ID":555558350,"SITE_PID":"555558350","SITE_TYPE":"PA","NAME_ENG":"Humedal Caleta Olivia","NAME":"Humedal Caleta Olivia","DESIG":"Reserva Provincial","DESIG_ENG":"Provincial Reserve","DESIG_TYPE":"National","IUCN_CAT":"VI","INT_CRIT":"Not Applicable","REALM":"Coastal","REP_M_AREA":0,"GIS_M_AREA":0.635648244895921,"REP_AREA":3.1,"GIS_AREA":2.73712247115015,"NO_TAKE":"Not Reported","NO_TK_AREA":0,"STATUS":"Designated","STATUS_YR":2000,"GOV_TYPE":"Sub-national ministry or agency","GOVSUBTYPE":"Not Applicable","OWN_TYPE":"Not Reported","OWNSUBTYPE":"Not Applicable","MANG_AUTH":"Not Reported","MANG_PLAN":"Not Reported","VERIF":"State Verified","METADATAID":1852,"PRNT_ISO3":"ARG","ISO3":"ARG","SUPP_INFO":"Not Applicable","CONS_OBJ":"Not Applicable","INLND_WTRS":"Not Reported","OECM_ASMT":"Not Applicable","layer":"WDPA_W~1"}},{"type":"Feature","geometry":{"type":"Polygon","coordinates":[[[-66.49177,-47.05003],[-66.42599,-47.08292],[-66.15988,-47.12478],[-66.01935,-47.11282],[-66.02832,-47.09189],[-66.22267,-47.09787],[-66.49177,-47.05003]]]},"properties":{"fid":354,"SITE_ID":555558351,"SITE_PID":"555558351","SITE_TYPE":"PA","NAME_ENG":"Monte Loayza","NAME":"Monte Loayza","DESIG":"Reserva Provincial","DESIG_ENG":"Provincial Reserve","DESIG_TYPE":"National","IUCN_CAT":"Not Reported","INT_CRIT":"Not Applicable","REALM":"Terrestrial","REP_M_AREA":0,"GIS_M_AREA":0,"REP_AREA":174,"GIS_AREA":76.0618986258188,"NO_TAKE":"Not Applicable","NO_TK_AREA":0,"STATUS":"Designated","STATUS_YR":2004,"GOV_TYPE":"Sub-national ministry or agency","GOVSUBTYPE":"Not Applicable","OWN_TYPE":"Not Reported","OWNSUBTYPE":"Not Applicable","MANG_AUTH":"Not Reported","MANG_PLAN":"Not Reported","VERIF":"State Verified","METADATAID":1852,"PRNT_ISO3":"ARG","ISO3":"ARG","SUPP_INFO":"Not Applicable","CONS_OBJ":"Not Applicable","INLND_WTRS":"Not Reported","OECM_ASMT":"Not Applicable","layer":"WDPA_W~1"}},{"type":"Feature","geometry":{"type":"Polygon","coordinates":[[[-67.60062,-49.1452],[-67.60062,-49.16228],[-67.61376,-49.18724],[-67.60587,-49.19381],[-67.58616,-49.18593],[-67.58354,-49.15571],[-67.5796,-49.14257],[-67.5796,-49.13731],[-67.60062,-49.1452]]]},"properties":{"fid":355,"SITE_ID":555558353,"SITE_PID":"555558353","SITE_TYPE":"PA","NAME_ENG":"Isla Cormorán y Banco de Justicia","NAME":"Isla Cormorán y Banco de Justicia","DESIG":"Área de Uso Limitado Bajo Protección Especial","DESIG_ENG":"Limited Use Area Under Special Protection","DESIG_TYPE":"National","IUCN_CAT":"VI","INT_CRIT":"Not Applicable","REALM":"Marine","REP_M_AREA":0,"GIS_M_AREA":8.24673081129099,"REP_AREA":2.85,"GIS_AREA":8.24673081129099,"NO_TAKE":"Not Reported","NO_TK_AREA":0,"STATUS":"Designated","STATUS_YR":1990,"GOV_TYPE":"Sub-national ministry or agency","GOVSUBTYPE":"Not Applicable","OWN_TYPE":"Not Reported","OWNSUBTYPE":"Not Applicable","MANG_AUTH":"Not Reported","MANG_PLAN":"Not Reported","VERIF":"State Verified","METADATAID":1852,"PRNT_ISO3":"ARG","ISO3":"ARG","SUPP_INFO":"Not Applicable","CONS_OBJ":"Not Applicable","INLND_WTRS":"Not Applicable","OECM_ASMT":"Not Applicable","layer":"WDPA_W~1"}},{"type":"Feature","geometry":{"type":"Polygon","coordinates":[[[-67.78964,-49.37273],[-67.77302,-49.37979],[-67.73858,-49.35411],[-67.72304,-49.31493],[-67.79756,-49.328],[-67.78964,-49.37273]]]},"properties":{"fid":356,"SITE_ID":555558354,"SITE_PID":"555558354","SITE_TYPE":"PA","NAME_ENG":"Bahía San Julián","NAME":"Bahía San Julián","DESIG":"Área de Uso Limitado Bajo Protección Especial","DESIG_ENG":"Limited Use Area Under Special Protection","DESIG_TYPE":"National","IUCN_CAT":"V","INT_CRIT":"Not Applicable","REALM":"Coastal","REP_M_AREA":25,"GIS_M_AREA":3.83682106733705,"REP_AREA":33.97,"GIS_AREA":28.5591277905336,"NO_TAKE":"Not Reported","NO_TK_AREA":0,"STATUS":"Designated","STATUS_YR":1990,"GOV_TYPE":"Not Reported","GOVSUBTYPE":"Not Applicable","OWN_TYPE":"Not Reported","OWNSUBTYPE":"Not Applicable","MANG_AUTH":"Not Reported","MANG_PLAN":"Not Reported","VERIF":"State Verified","METADATAID":1852,"PRNT_ISO3":"ARG","ISO3":"ARG","SUPP_INFO":"Not Applicable","CONS_OBJ":"Not Applicable","INLND_WTRS":"Not Reported","OECM_ASMT":"Not Applicable","layer":"WDPA_W~1"}},{"type":"Feature","geometry":{"type":"Polygon","coordinates":[[[-69.05829,-50.26023],[-69.1781,-50.29176],[-69.15448,-50.29177],[-69.15452,-50.38218],[-69.1986,-50.38216],[-69.19919,-50.47279],[-69.00976,-50.47292],[-68.92542,-50.37873],[-68.87931,-50.36084],[-68.86744,-50.32665],[-68.6355,-50.25148],[-68.71352,-50.20178],[-68.89363,-50.20155],[-68.90001,-50.21721],[-68.91251,-50.21723],[-68.91284,-50.2408],[-68.94047,-50.27144],[-68.9779,-50.29169],[-69.05834,-50.29176],[-69.05829,-50.26023]]]},"properties":{"fid":357,"SITE_ID":555558355,"SITE_PID":"555558355","SITE_TYPE":"PA","NAME_ENG":"Monte León","NAME":"Monte León","DESIG":"Parque Nacional","DESIG_ENG":"National Park","DESIG_TYPE":"National","IUCN_CAT":"II","INT_CRIT":"Not Applicable","REALM":"Terrestrial","REP_M_AREA":0,"GIS_M_AREA":5.33950623227788,"REP_AREA":556.2,"GIS_AREA":562.691919586142,"NO_TAKE":"Not Applicable","NO_TK_AREA":0,"STATUS":"Designated","STATUS_YR":2004,"GOV_TYPE":"Federal or national ministry or agency","GOVSUBTYPE":"Not Applicable","OWN_TYPE":"Not Reported","OWNSUBTYPE":"Not Applicable","MANG_AUTH":"Administración de Parques Nacionales","MANG_PLAN":"Not Reported","VERIF":"State Verified","METADATAID":1935,"PRNT_ISO3":"ARG","ISO3":"ARG","SUPP_INFO":"Not Applicable","CONS_OBJ":"Not Applicable","INLND_WTRS":"Not Reported","OECM_ASMT":"Not Applicable","layer":"WDPA_W~1"}},{"type":"Feature","geometry":{"type":"Polygon","coordinates":[[[-68.97894,-51.61341],[-69.01438,-51.60621],[-69.12935,-51.65957],[-69.09071,-51.68438],[-69.02664,-51.68209],[-68.97401,-51.64319],[-68.97894,-51.61341]]]},"properties":{"fid":358,"SITE_ID":555558356,"SITE_PID":"555558356","SITE_TYPE":"PA","NAME_ENG":"Aves Migratorias","NAME":"Aves Migratorias","DESIG":"Reserva Provincial","DESIG_ENG":"Provincial Reserve","DESIG_TYPE":"National","IUCN_CAT":"IV","INT_CRIT":"Not Applicable","REALM":"Terrestrial","REP_M_AREA":0,"GIS_M_AREA":3.75860768767076,"REP_AREA":26.9,"GIS_AREA":58.8286684250524,"NO_TAKE":"Not Applicable","NO_TK_AREA":0,"STATUS":"Designated","STATUS_YR":2001,"GOV_TYPE":"Sub-national ministry or agency","GOVSUBTYPE":"Not Applicable","OWN_TYPE":"Not Reported","OWNSUBTYPE":"Not Applicable","MANG_AUTH":"Not Reported","MANG_PLAN":"Not Reported","VERIF":"State Verified","METADATAID":1852,"PRNT_ISO3":"ARG","ISO3":"ARG","SUPP_INFO":"Not Applicable","CONS_OBJ":"Not Applicable","INLND_WTRS":"Not Reported","OECM_ASMT":"Not Applicable","layer":"WDPA_W~1"}},{"type":"Feature","geometry":{"type":"Polygon","coordinates":[[[-68.20455,-54.81645],[-68.22662,-54.80472],[-68.20564,-54.81696],[-68.18658,-54.8203],[-68.20455,-54.81645]]]},"properties":{"fid":359,"SITE_ID":555558359,"SITE_PID":"555558359","SITE_TYPE":"PA","NAME_ENG":"Playa Larga","NAME":"Playa Larga","DESIG":"Reserva Cultural Natural","DESIG_ENG":"Nature and Cultural Reserve","DESIG_TYPE":"National","IUCN_CAT":"V","INT_CRIT":"Not Applicable","REALM":"Marine","REP_M_AREA":0,"GIS_M_AREA":0.319053981693572,"REP_AREA":0.24,"GIS_AREA":0.321572593475688,"NO_TAKE":"Not Reported","NO_TK_AREA":0,"STATUS":"Designated","STATUS_YR":1997,"GOV_TYPE":"Sub-national ministry or agency","GOVSUBTYPE":"Not Applicable","OWN_TYPE":"Not Reported","OWNSUBTYPE":"Not Applicable","MANG_AUTH":"Not Reported","MANG_PLAN":"Not Reported","VERIF":"State Verified","METADATAID":1852,"PRNT_ISO3":"ARG","ISO3":"ARG","SUPP_INFO":"Not Applicable","CONS_OBJ":"Not Applicable","INLND_WTRS":"Not Applicable","OECM_ASMT":"Not Applicable","layer":"WDPA_W~1"}},{"type":"Feature","geometry":{"type":"Polygon","coordinates":[[[-61.66042,-39.08294],[-61.11257,-39.08294],[-61.11257,-38.97429],[-61.66042,-38.97429],[-61.66042,-39.08294]]]},"properties":{"fid":360,"SITE_ID":555558360,"SITE_PID":"555558360","SITE_TYPE":"PA","NAME_ENG":"Pehuen Co-Monte Hermoso","NAME":"Pehuen Co-Monte Hermoso","DESIG":"Reserva Natural","DESIG_ENG":"Nature Reserve","DESIG_TYPE":"National","IUCN_CAT":"IV","INT_CRIT":"Not Applicable","REALM":"Coastal","REP_M_AREA":0,"GIS_M_AREA":456.489470195205,"REP_AREA":254.2,"GIS_AREA":572.243883074281,"NO_TAKE":"Not Reported","NO_TK_AREA":0,"STATUS":"Designated","STATUS_YR":2005,"GOV_TYPE":"Sub-national ministry or agency","GOVSUBTYPE":"Not Applicable","OWN_TYPE":"Not Reported","OWNSUBTYPE":"Not Applicable","MANG_AUTH":"Not Reported","MANG_PLAN":"Not Reported","VERIF":"State Verified","METADATAID":1852,"PRNT_ISO3":"ARG","ISO3":"ARG","SUPP_INFO":"Not Applicable","CONS_OBJ":"Not Applicable","INLND_WTRS":"Not Reported","OECM_ASMT":"Not Applicable","layer":"WDPA_W~1"}},{"type":"Feature","geometry":{"type":"MultiPolygon","coordinates":[[[[-66.40028,-45.21213],[-66.37794,-45.18657],[-66.41075,-45.16842],[-66.42558,-45.20261],[-66.40028,-45.21213]]],[[[-66.35874,-45.17317],[-66.34496,-45.15079],[-66.36189,-45.13422],[-66.38231,-45.15255],[-66.35874,-45.17317]]],[[[-66.07396,-45.11548],[-66.10725,-45.10311],[-66.12183,-45.11713],[-66.07064,-45.14855],[-66.02556,-45.1328],[-66.03886,-45.11426],[-66.07396,-45.11548]]],[[[-65.48104,-45.02675],[-65.45804,-45.00405],[-65.48438,-44.98197],[-65.51011,-45.00375],[-65.48104,-45.02675]]],[[[-65.49553,-44.94278],[-65.51551,-44.90007],[-65.56932,-44.90015],[-65.59284,-44.90019],[-65.57093,-44.93243],[-65.61304,-44.95201],[-65.63879,-45.02204],[-65.66423,-45.02701],[-65.8509,-44.98826],[-65.89943,-44.99544],[-65.94959,-45.02982],[-66.01435,-44.98431],[-66.19691,-44.96643],[-66.28356,-45.03294],[-66.37197,-45.02891],[-66.52914,-45.08632],[-66.5646,-45.12904],[-66.61199,-45.12922],[-66.61156,-45.17899],[-66.54708,-45.20125],[-66.71663,-45.21022],[-66.71774,-45.26081],[-66.68102,-45.26002],[-66.66326,-45.22964],[-66.5409,-45.24247],[-66.49357,-45.23214],[-66.43519,-45.1578],[-66.44507,-45.13328],[-66.51315,-45.1226],[-66.45487,-45.10288],[-66.41716,-45.11312],[-66.38855,-45.10118],[-66.0332,-45.10137],[-66.00003,-45.12691],[-65.9339,-45.13753],[-65.92237,-45.11486],[-66.00448,-45.06543],[-66.00489,-45.02662],[-65.98345,-45.06931],[-65.93667,-45.07686],[-65.89381,-45.05609],[-65.80446,-45.08511],[-65.7818,-45.05299],[-65.71722,-45.07602],[-65.66279,-45.06777],[-65.5628,-45.08232],[-65.54788,-45.06753],[-65.57575,-45.02388],[-65.54902,-45.01717],[-65.54396,-44.96226],[-65.49553,-44.94278]]]]},"properties":{"fid":361,"SITE_ID":555558361,"SITE_PID":"555558361","SITE_TYPE":"PA","NAME_ENG":"Patagonia Austral","NAME":"Patagonia Austral","DESIG":"Parque Interjurisdiccional Marino Costero","DESIG_ENG":"Interjurisdictional Coastal Marine Park","DESIG_TYPE":"National","IUCN_CAT":"Not Reported","INT_CRIT":"Not Applicable","REALM":"Coastal","REP_M_AREA":737.6,"GIS_M_AREA":740.521506202084,"REP_AREA":1048.12,"GIS_AREA":1035.69951845251,"NO_TAKE":"Not Reported","NO_TK_AREA":0,"STATUS":"Designated","STATUS_YR":2009,"GOV_TYPE":"Federal or national ministry or agency","GOVSUBTYPE":"Not Applicable","OWN_TYPE":"Not Reported","OWNSUBTYPE":"Not Applicable","MANG_AUTH":"Administración de Parques Nacionales y Pcia. de Chubut","MANG_PLAN":"https://sib.gob.ar/archivos/Plan_de_Gestion_2018_PIMCPA_FINAL_APROBADO.pdf","VERIF":"State Verified","METADATAID":1935,"PRNT_ISO3":"ARG","ISO3":"ARG","SUPP_INFO":"Not Applicable","CONS_OBJ":"Not Applicable","INLND_WTRS":"Not Reported","OECM_ASMT":"Not Applicable","layer":"WDPA_W~1"}},{"type":"Feature","geometry":{"type":"Polygon","coordinates":[[[-65.88927,-47.76646],[-65.84454,-47.89349],[-65.76146,-47.91622],[-65.79063,-47.93168],[-65.786,-47.94533],[-65.76994,-47.94314],[-65.76754,-47.94499],[-65.76751,-47.9451],[-65.76747,-47.94523],[-65.76764,-47.94574],[-65.76739,-47.94604],[-65.76566,-47.94669],[-65.76509,-47.95014],[-65.7705,-47.95291],[-65.79832,-47.95162],[-65.80185,-47.95414],[-65.80069,-47.95611],[-65.80069,-47.95625],[-65.80083,-47.95639],[-65.80084,-47.95639],[-65.80408,-47.95706],[-65.80429,-47.96085],[-65.8401,-47.96373],[-65.83883,-47.94217],[-65.86774,-47.9487],[-65.89706,-47.93156],[-65.94122,-47.95428],[-65.93187,-48.01721],[-65.95324,-48.01446],[-65.94087,-48.03085],[-65.9803,-48.05098],[-65.90437,-48.08037],[-65.89424,-48.10135],[-65.91776,-48.09682],[-65.9081,-48.10561],[-65.94091,-48.12473],[-65.97553,-48.09999],[-66.12107,-48.12359],[-66.15993,-48.19046],[-66.22826,-48.2013],[-66.33756,-48.27716],[-66.36018,-48.31472],[-66.33388,-48.35469],[-66.33472,-48.36075],[-66.33607,-48.36149],[-66.33617,-48.36151],[-66.33654,-48.36158],[-66.33704,-48.36174],[-66.33806,-48.36217],[-66.34026,-48.36364],[-66.343,-48.3688],[-66.34978,-48.36722],[-66.3434,-48.36586],[-66.34318,-48.36102],[-66.34207,-48.36],[-66.34175,-48.35911],[-66.34167,-48.35898],[-66.3414,-48.35863],[-66.34135,-48.35855],[-66.34129,-48.35845],[-66.3412,-48.35833],[-66.34006,-48.35754],[-66.34015,-48.35703],[-66.34986,-48.35507],[-66.35091,-48.35504],[-66.35096,-48.35505],[-66.35141,-48.35518],[-66.35592,-48.36078],[-66.35842,-48.36178],[-66.39469,-48.34959],[-66.45346,-48.35388],[-66.48917,-48.41667],[-66.22944,-48.42111],[-66.18518,-48.39257],[-66.15185,-48.33305],[-66.02957,-48.27768],[-65.9812,-48.27851],[-65.92178,-48.23368],[-65.79343,-48.18363],[-65.72832,-48.11025],[-65.74381,-48.06904],[-65.68501,-48.05809],[-65.55648,-47.96713],[-65.55886,-47.87731],[-65.6143,-47.85022],[-65.62111,-47.79278],[-65.88927,-47.76646]]]},"properties":{"fid":362,"SITE_ID":555558362,"SITE_PID":"555558362","SITE_TYPE":"PA","NAME_ENG":"Isla Pingüino","NAME":"Isla Pingüino","DESIG":"Parque Interjurisdiccional Marino","DESIG_ENG":"Interjurisdictional Marine Park","DESIG_TYPE":"National","IUCN_CAT":"Not Reported","INT_CRIT":"Not Applicable","REALM":"Marine","REP_M_AREA":1595.26,"GIS_M_AREA":1572.66090058057,"REP_AREA":1595.26,"GIS_AREA":1577.68273095839,"NO_TAKE":"Not Reported","NO_TK_AREA":0,"STATUS":"Designated","STATUS_YR":2012,"GOV_TYPE":"Federal or national ministry or agency","GOVSUBTYPE":"Not Applicable","OWN_TYPE":"Not Reported","OWNSUBTYPE":"Not Applicable","MANG_AUTH":"Administración de Parques Nacionales y Pcia. de Santa Cruz","MANG_PLAN":"Not Reported","VERIF":"State Verified","METADATAID":1935,"PRNT_ISO3":"ARG","ISO3":"ARG","SUPP_INFO":"Not Applicable","CONS_OBJ":"Not Applicable","INLND_WTRS":"Not Applicable","OECM_ASMT":"Not Applicable","layer":"WDPA_W~1"}},{"type":"Feature","geometry":{"type":"Polygon","coordinates":[[[-67.61667,-49.14167],[-67.637,-49.14823],[-67.61389,-49.18518],[-67.67468,-49.22259],[-67.66731,-49.24354],[-67.61276,-49.25027],[-67.61264,-49.25103],[-67.61253,-49.25142],[-67.61244,-49.25253],[-67.61207,-49.25337],[-67.61193,-49.25379],[-67.61176,-49.25417],[-67.60931,-49.26322],[-67.6096,-49.26474],[-67.6096,-49.26546],[-67.6096,-49.26591],[-67.6096,-49.26693],[-67.60914,-49.27087],[-67.60803,-49.27236],[-67.60727,-49.27274],[-67.6071,-49.27287],[-67.60687,-49.27309],[-67.60616,-49.27361],[-67.60583,-49.27396],[-67.60529,-49.27421],[-67.6043,-49.27571],[-67.6036,-49.29567],[-67.60644,-49.30287],[-67.60893,-49.30669],[-67.60968,-49.30768],[-67.61038,-49.30831],[-67.62161,-49.32658],[-67.63157,-49.35546],[-67.66719,-49.40667],[-67.66746,-49.40762],[-67.66778,-49.4087],[-67.66819,-49.41061],[-67.66862,-49.41347],[-67.66902,-49.42252],[-67.68758,-49.48193],[-67.68881,-49.50585],[-67.69764,-49.52974],[-67.70827,-49.61519],[-67.72049,-49.63596],[-67.72473,-49.75777],[-67.78256,-49.86505],[-67.62532,-49.86891],[-67.51924,-49.44106],[-67.56106,-49.15872],[-67.61667,-49.14167]]]},"properties":{"fid":363,"SITE_ID":555558363,"SITE_PID":"555558363","SITE_TYPE":"PA","NAME_ENG":"Makenke","NAME":"Makenke","DESIG":"Parque Interjurisdiccional Marino","DESIG_ENG":"Interjurisdictional Marine Park","DESIG_TYPE":"National","IUCN_CAT":"Not Reported","INT_CRIT":"Not Applicable","REALM":"Marine","REP_M_AREA":726.63,"GIS_M_AREA":723.579067743689,"REP_AREA":726.63,"GIS_AREA":724.567375674436,"NO_TAKE":"Not Reported","NO_TK_AREA":0,"STATUS":"Designated","STATUS_YR":2012,"GOV_TYPE":"Federal or national ministry or agency","GOVSUBTYPE":"Not Applicable","OWN_TYPE":"Not Reported","OWNSUBTYPE":"Not Applicable","MANG_AUTH":"Administración de Parques Nacionales y Pcia. de Santa Cruz","MANG_PLAN":"Not Reported","VERIF":"State Verified","METADATAID":1935,"PRNT_ISO3":"ARG","ISO3":"ARG","SUPP_INFO":"Not Applicable","CONS_OBJ":"Not Applicable","INLND_WTRS":"Not Applicable","OECM_ASMT":"Not Applicable","layer":"WDPA_W~1"}},{"type":"Feature","geometry":{"type":"Polygon","coordinates":[[[-57.54594,-38.10309],[-57.54595,-38.13047],[-57.51951,-38.13042],[-57.51925,-38.10318],[-57.54594,-38.10309]]]},"properties":{"fid":364,"SITE_ID":555558364,"SITE_PID":"555558364","SITE_TYPE":"PA","NAME_ENG":"Restinga del Faro","NAME":"Restinga del Faro","DESIG":"Reserva Natural Provincial","DESIG_ENG":"Provincial Nature Reserve","DESIG_TYPE":"National","IUCN_CAT":"IV","INT_CRIT":"Not Applicable","REALM":"Marine","REP_M_AREA":7,"GIS_M_AREA":7.06237832474754,"REP_AREA":7.06,"GIS_AREA":7.06237832474754,"NO_TAKE":"Not Reported","NO_TK_AREA":0,"STATUS":"Designated","STATUS_YR":2011,"GOV_TYPE":"Sub-national ministry or agency","GOVSUBTYPE":"Not Applicable","OWN_TYPE":"Not Reported","OWNSUBTYPE":"Not Applicable","MANG_AUTH":"Not Reported","MANG_PLAN":"Not Reported","VERIF":"State Verified","METADATAID":1852,"PRNT_ISO3":"ARG","ISO3":"ARG","SUPP_INFO":"Not Applicable","CONS_OBJ":"Not Applicable","INLND_WTRS":"Not Applicable","OECM_ASMT":"Not Applicable","layer":"WDPA_W~1"}},{"type":"Feature","geometry":{"type":"Polygon","coordinates":[[[-60.61721,-38.92681],[-60.61479,-38.93995],[-60.55333,-38.93116],[-60.61721,-38.92681]]]},"properties":{"fid":365,"SITE_ID":555558365,"SITE_PID":"555558365","SITE_TYPE":"PA","NAME_ENG":"Arroyo Los Gauchos","NAME":"Arroyo Los Gauchos","DESIG":"Reserva Natural de Uso Múltiple","DESIG_ENG":"Multiple Use Nature Reserve","DESIG_TYPE":"National","IUCN_CAT":"VI","INT_CRIT":"Not Applicable","REALM":"Terrestrial","REP_M_AREA":0,"GIS_M_AREA":0,"REP_AREA":7.7,"GIS_AREA":5.65767379232479,"NO_TAKE":"Not Applicable","NO_TK_AREA":0,"STATUS":"Designated","STATUS_YR":2011,"GOV_TYPE":"Sub-national ministry or agency","GOVSUBTYPE":"Not Applicable","OWN_TYPE":"Not Reported","OWNSUBTYPE":"Not Applicable","MANG_AUTH":"Not Reported","MANG_PLAN":"Not Reported","VERIF":"State Verified","METADATAID":1852,"PRNT_ISO3":"ARG","ISO3":"ARG","SUPP_INFO":"Not Applicable","CONS_OBJ":"Not Applicable","INLND_WTRS":"Not Reported","OECM_ASMT":"Not Applicable","layer":"WDPA_W~1"}},{"type":"Feature","geometry":{"type":"Polygon","coordinates":[[[-62.26384,-38.82179],[-62.25939,-38.81363],[-62.27771,-38.79914],[-62.26384,-38.82179]]]},"properties":{"fid":366,"SITE_ID":555558366,"SITE_PID":"555558366","SITE_TYPE":"PA","NAME_ENG":"Islote de la Gaviota Cangrejera","NAME":"Islote de la Gaviota Cangrejera","DESIG":"Reserva Natural Integral","DESIG_ENG":"Integral Nature Reserve","DESIG_TYPE":"National","IUCN_CAT":"Not Reported","INT_CRIT":"Not Applicable","REALM":"Terrestrial","REP_M_AREA":0,"GIS_M_AREA":0.179739739360305,"REP_AREA":0.81,"GIS_AREA":2.92473393416059,"NO_TAKE":"Not Applicable","NO_TK_AREA":0,"STATUS":"Designated","STATUS_YR":2011,"GOV_TYPE":"Sub-national ministry or agency","GOVSUBTYPE":"Not Applicable","OWN_TYPE":"Not Reported","OWNSUBTYPE":"Not Applicable","MANG_AUTH":"Not Reported","MANG_PLAN":"Not Reported","VERIF":"State Verified","METADATAID":1852,"PRNT_ISO3":"ARG","ISO3":"ARG","SUPP_INFO":"Not Applicable","CONS_OBJ":"Not Applicable","INLND_WTRS":"Not Reported","OECM_ASMT":"Not Applicable","layer":"WDPA_W~1"}},{"type":"Feature","geometry":{"type":"MultiPolygon","coordinates":[[[[-64.24314,-42.70528],[-64.16166,-42.71253],[-64.15991,-42.6049],[-64.24238,-42.58309],[-64.25762,-42.61247],[-64.26214,-42.61936],[-64.2672,-42.62286],[-64.2672,-42.62432],[-64.23669,-42.61494],[-64.21843,-42.61994],[-64.21322,-42.62315],[-64.21117,-42.62521],[-64.21117,-42.62696],[-64.20912,-42.62902],[-64.20501,-42.63078],[-64.20471,-42.63283],[-64.20765,-42.63576],[-64.2141,-42.63576],[-64.21498,-42.63664],[-64.21586,-42.63664],[-64.21909,-42.63987],[-64.21997,-42.63987],[-64.22114,-42.64104],[-64.22114,-42.6428],[-64.22056,-42.64368],[-64.22056,-42.64456],[-64.21704,-42.64779],[-64.22085,-42.65395],[-64.23728,-42.65688],[-64.24314,-42.70528]]],[[[-64.07828,-42.39731],[-64.12434,-42.43338],[-64.28509,-42.41813],[-64.30152,-42.40669],[-64.35433,-42.42986],[-64.47079,-42.44248],[-64.48458,-42.43104],[-64.48458,-42.42781],[-64.48135,-42.4237],[-64.48076,-42.41813],[-64.48428,-42.41813],[-64.48956,-42.42195],[-64.49162,-42.4325],[-64.49602,-42.4325],[-64.49924,-42.43338],[-64.61013,-42.42576],[-64.61218,-42.4237],[-64.61218,-42.42283],[-64.61307,-42.42195],[-64.61365,-42.41373],[-64.61629,-42.41021],[-64.61541,-42.40112],[-64.58979,-42.36925],[-64.59395,-42.3692],[-64.67604,-42.3718],[-64.67041,-42.46784],[-64.57089,-42.47337],[-64.4958,-42.46404],[-64.48797,-42.46473],[-64.41231,-42.46933],[-64.38641,-42.46686],[-64.36665,-42.46984],[-64.10776,-42.46438],[-63.9914,-42.36189],[-64.00245,-42.25041],[-64.09707,-42.2504],[-64.10497,-42.25153],[-64.10322,-42.25153],[-64.09999,-42.25505],[-64.08327,-42.25505],[-64.08092,-42.26063],[-64.07241,-42.26151],[-64.06508,-42.27148],[-64.0642,-42.27148],[-64.06097,-42.27412],[-64.05921,-42.27412],[-64.05745,-42.27588],[-64.05657,-42.27588],[-64.05393,-42.28116],[-64.05481,-42.28204],[-64.05452,-42.28292],[-64.0554,-42.2838],[-64.0554,-42.28468],[-64.05129,-42.28878],[-64.04806,-42.29465],[-64.04806,-42.29612],[-64.04865,-42.297],[-64.04894,-42.30022],[-64.04718,-42.30374],[-64.04366,-42.30697],[-64.0422,-42.31372],[-64.04601,-42.32398],[-64.05246,-42.32486],[-64.05246,-42.3275],[-64.06097,-42.32897],[-64.06156,-42.32985],[-64.06508,-42.33073],[-64.06625,-42.3319],[-64.0551,-42.34334],[-64.05012,-42.34569],[-64.04513,-42.34569],[-64.04425,-42.34481],[-64.04337,-42.34481],[-64.03956,-42.3495],[-64.04806,-42.37795],[-64.07828,-42.39731]]]]},"properties":{"fid":367,"SITE_ID":555558375,"SITE_PID":"555558375","SITE_TYPE":"PA","NAME_ENG":"Humedales de Península Valdés","NAME":"Humedales de Península Valdés","DESIG":"Sitio Ramsar, Humedal de Importancia Internacional","DESIG_ENG":"Wetland of International Importance (Ramsar Site)","DESIG_TYPE":"International","IUCN_CAT":"Not Reported","INT_CRIT":"(ii);(iv);(v);(vi)","REALM":"Terrestrial","REP_M_AREA":0,"GIS_M_AREA":5.18880232201357,"REP_AREA":426.95,"GIS_AREA":427.552529318775,"NO_TAKE":"Not Applicable","NO_TK_AREA":0,"STATUS":"Designated","STATUS_YR":2012,"GOV_TYPE":"Not Reported","GOVSUBTYPE":"Not Applicable","OWN_TYPE":"Not Reported","OWNSUBTYPE":"Not Applicable","MANG_AUTH":"Not Reported","MANG_PLAN":"Management plan is implented and available","VERIF":"State Verified","METADATAID":1852,"PRNT_ISO3":"ARG","ISO3":"ARG","SUPP_INFO":"Not Applicable","CONS_OBJ":"Not Applicable","INLND_WTRS":"Not Reported","OECM_ASMT":"Not Applicable","layer":"WDPA_W~1"}},{"type":"Feature","geometry":{"type":"Polygon","coordinates":[[[-61.14769,-24.75656],[-61.15399,-24.74397],[-61.37829,-24.96063],[-61.35146,-24.95221],[-61.31014,-24.99658],[-61.26287,-24.99862],[-61.27888,-24.99993],[-61.26436,-25.00705],[-61.27067,-25.02455],[-61.25721,-25.04157],[-61.23352,-25.04102],[-61.24733,-25.05355],[-61.23252,-25.05744],[-61.25336,-25.06239],[-61.22927,-25.089],[-61.23628,-25.10219],[-61.21605,-25.09777],[-61.21586,-25.12346],[-61.15924,-25.11407],[-61.15366,-25.131],[-61.1368,-25.1191],[-61.09817,-25.15047],[-61.09604,-25.18009],[-61.07142,-25.18385],[-61.08686,-25.19943],[-61.06702,-25.20381],[-61.0785,-25.21626],[-61.0648,-25.26308],[-60.83158,-25.04801],[-60.83955,-25.03759],[-60.81921,-25.03662],[-60.86924,-25.03457],[-60.89328,-25.01132],[-60.94188,-25.00516],[-60.92206,-24.97946],[-60.94434,-24.98803],[-60.9396,-24.95987],[-60.94559,-24.97735],[-60.99824,-24.92093],[-61.02195,-24.92158],[-61.02531,-24.89117],[-61.04136,-24.90031],[-61.07688,-24.87581],[-61.06906,-24.85639],[-61.0915,-24.85479],[-61.09167,-24.83795],[-61.14734,-24.80333],[-61.13891,-24.78846],[-61.1569,-24.78666],[-61.16173,-24.76306],[-61.14769,-24.75656]]]},"properties":{"fid":368,"SITE_ID":555577536,"SITE_PID":"555577536","SITE_TYPE":"PA","NAME_ENG":"El Impenetrable","NAME":"El Impenetrable","DESIG":"Parque Nacional","DESIG_ENG":"National Park","DESIG_TYPE":"National","IUCN_CAT":"II","INT_CRIT":"Not Applicable","REALM":"Terrestrial","REP_M_AREA":0,"GIS_M_AREA":0,"REP_AREA":1280,"GIS_AREA":1278.23272371025,"NO_TAKE":"Not Applicable","NO_TK_AREA":0,"STATUS":"Designated","STATUS_YR":2014,"GOV_TYPE":"Federal or national ministry or agency","GOVSUBTYPE":"Not Applicable","OWN_TYPE":"Not Reported","OWNSUBTYPE":"Not Applicable","MANG_AUTH":"Administración de Parques Nacionales","MANG_PLAN":"Not Reported","VERIF":"State Verified","METADATAID":1935,"PRNT_ISO3":"ARG","ISO3":"ARG","SUPP_INFO":"Not Applicable","CONS_OBJ":"Not Applicable","INLND_WTRS":"Not Reported","OECM_ASMT":"Not Applicable","layer":"WDPA_W~1"}},{"type":"Feature","geometry":{"type":"MultiPolygon","coordinates":[[[[-71.18976,-47.07875],[-71.18465,-46.9916],[-71.25023,-46.9899],[-71.25292,-47.03474],[-71.3186,-47.03312],[-71.33181,-47.00924],[-71.42818,-47.0322],[-71.51583,-47.02993],[-71.52249,-47.1313],[-71.50691,-47.11938],[-71.32497,-47.12241],[-71.33341,-47.2914],[-71.39753,-47.28904],[-71.40045,-47.29988],[-71.40285,-47.34465],[-71.3373,-47.34648],[-71.33971,-47.39138],[-71.20739,-47.39485],[-71.20906,-47.42686],[-71.12811,-47.426],[-71.12902,-47.39687],[-71.20736,-47.39487],[-71.20225,-47.30506],[-71.26828,-47.30322],[-71.25426,-47.07076],[-71.18976,-47.07875]]],[[[-71.30939,-46.92963],[-71.30185,-46.91296],[-71.3723,-46.90596],[-71.37367,-46.94396],[-71.51001,-46.93777],[-71.47593,-46.95125],[-71.366,-46.94777],[-71.30939,-46.92963]]]]},"properties":{"fid":369,"SITE_ID":555577537,"SITE_PID":"555577537","SITE_TYPE":"PA","NAME_ENG":"Patagonia","NAME":"Patagonia","DESIG":"Parque Nacional","DESIG_ENG":"National Park","DESIG_TYPE":"National","IUCN_CAT":"II","INT_CRIT":"Not Applicable","REALM":"Terrestrial","REP_M_AREA":0,"GIS_M_AREA":0,"REP_AREA":528.11,"GIS_AREA":536.257730999604,"NO_TAKE":"Not Applicable","NO_TK_AREA":0,"STATUS":"Designated","STATUS_YR":2015,"GOV_TYPE":"Federal or national ministry or agency","GOVSUBTYPE":"Not Applicable","OWN_TYPE":"Not Reported","OWNSUBTYPE":"Not Applicable","MANG_AUTH":"Administración de Parques Nacionales","MANG_PLAN":"Not Reported","VERIF":"State Verified","METADATAID":1935,"PRNT_ISO3":"ARG","ISO3":"ARG","SUPP_INFO":"Not Applicable","CONS_OBJ":"Not Applicable","INLND_WTRS":"Not Reported","OECM_ASMT":"Not Applicable","layer":"WDPA_W~1"}},{"type":"Feature","geometry":{"type":"MultiPolygon","coordinates":[[[[-63.92349,-24.19428],[-63.9206,-24.17894],[-63.98651,-24.16715],[-63.98436,-24.19927],[-63.92639,-24.20965],[-63.92349,-24.19428]]],[[[-63.99699,-24.16555],[-64.15559,-24.15494],[-64.16796,-24.23607],[-64.13392,-24.23631],[-64.11757,-24.17337],[-63.99589,-24.1823],[-63.99699,-24.16555]]]]},"properties":{"fid":370,"SITE_ID":555577538,"SITE_PID":"555577538","SITE_TYPE":"PA","NAME_ENG":"Pizarro","NAME":"Pizarro","DESIG":"Reserva Nacional","DESIG_ENG":"National Reserve","DESIG_TYPE":"National","IUCN_CAT":"VI","INT_CRIT":"Not Applicable","REALM":"Terrestrial","REP_M_AREA":0,"GIS_M_AREA":0,"REP_AREA":78.37,"GIS_AREA":78.7354257084087,"NO_TAKE":"Not Applicable","NO_TK_AREA":0,"STATUS":"Designated","STATUS_YR":2015,"GOV_TYPE":"Federal or national ministry or agency","GOVSUBTYPE":"Not Applicable","OWN_TYPE":"Not Reported","OWNSUBTYPE":"Not Applicable","MANG_AUTH":"Administración de Parques Nacionales","MANG_PLAN":"Not Reported","VERIF":"State Verified","METADATAID":1935,"PRNT_ISO3":"ARG","ISO3":"ARG","SUPP_INFO":"Not Applicable","CONS_OBJ":"Not Applicable","INLND_WTRS":"Not Reported","OECM_ASMT":"Not Applicable","layer":"WDPA_W~1"}},{"type":"Feature","geometry":{"type":"Polygon","coordinates":[[[-69.20481,-29.00085],[-69.22571,-29.01248],[-69.28894,-28.98845],[-69.36901,-28.98193],[-69.40103,-28.95726],[-69.40113,-29.16769],[-69.44771,-29.14968],[-69.46781,-29.12061],[-69.46781,-29.30385],[-69.44045,-29.3514],[-69.37563,-29.37097],[-69.35568,-29.39385],[-69.36444,-29.41641],[-69.33473,-29.44518],[-69.29988,-29.44915],[-69.27539,-29.52102],[-69.19433,-29.55807],[-69.1908,-29.54484],[-69.18872,-29.54264],[-69.18659,-29.54291],[-69.18192,-29.54031],[-69.1797,-29.53777],[-69.17854,-29.53449],[-69.18013,-29.53226],[-69.17996,-29.52322],[-69.17214,-29.51392],[-69.17004,-29.50875],[-69.17214,-29.50423],[-69.16057,-29.48054],[-69.16706,-29.47345],[-69.1625,-29.44206],[-69.15267,-29.4363],[-69.14801,-29.43483],[-69.14366,-29.43577],[-69.11753,-29.34133],[-69.09387,-29.31592],[-69.09237,-29.24385],[-69.08174,-29.20925],[-69.08538,-29.18296],[-69.08117,-29.16876],[-69.08307,-29.15852],[-69.08475,-29.15368],[-69.08516,-29.14651],[-69.07884,-29.12807],[-69.08225,-29.11988],[-69.08771,-29.10692],[-69.11978,-29.06393],[-69.13821,-29.05574],[-69.13275,-29.04755],[-69.14025,-29.04482],[-69.14298,-29.04141],[-69.14844,-29.04141],[-69.15591,-29.04274],[-69.17779,-29.02434],[-69.17779,-29.01547],[-69.18939,-29.01479],[-69.1962,-29.01244],[-69.20167,-29.00592],[-69.20481,-29.00085]]]},"properties":{"fid":371,"SITE_ID":555577539,"SITE_PID":"555577539","SITE_TYPE":"PA","NAME_ENG":"San Guillermo","NAME":"San Guillermo","DESIG":"Parque Nacional","DESIG_ENG":"National Park","DESIG_TYPE":"National","IUCN_CAT":"II","INT_CRIT":"Not Applicable","REALM":"Terrestrial","REP_M_AREA":0,"GIS_M_AREA":0,"REP_AREA":1660,"GIS_AREA":1639.74679631247,"NO_TAKE":"Not Applicable","NO_TK_AREA":0,"STATUS":"Designated","STATUS_YR":1999,"GOV_TYPE":"Federal or national ministry or agency","GOVSUBTYPE":"Not Applicable","OWN_TYPE":"Not Reported","OWNSUBTYPE":"Not Applicable","MANG_AUTH":"Administración de Parques Nacionales","MANG_PLAN":"http://www.sib.gov.ar/archivos/PLAN_MANEJO_PNSG_con_anexos.pdf","VERIF":"State Verified","METADATAID":1935,"PRNT_ISO3":"ARG","ISO3":"ARG","SUPP_INFO":"Not Applicable","CONS_OBJ":"Not Applicable","INLND_WTRS":"Not Reported","OECM_ASMT":"Not Applicable","layer":"WDPA_W~1"}},{"type":"Feature","geometry":{"type":"Polygon","coordinates":[[[-64.79022,-22.24546],[-64.79677,-22.25908],[-64.77144,-22.28471],[-64.70497,-22.2879],[-64.73473,-22.26394],[-64.74337,-22.23403],[-64.7736,-22.2466],[-64.79022,-22.24546]]]},"properties":{"fid":372,"SITE_ID":555577540,"SITE_PID":"555577540","SITE_TYPE":"PA","NAME_ENG":"El Nogalar de Los Toldos","NAME":"El Nogalar de Los Toldos","DESIG":"Reserva Nacional","DESIG_ENG":"National Reserve","DESIG_TYPE":"National","IUCN_CAT":"VI","INT_CRIT":"Not Applicable","REALM":"Terrestrial","REP_M_AREA":0,"GIS_M_AREA":0,"REP_AREA":32.75,"GIS_AREA":32.7390476110514,"NO_TAKE":"Not Applicable","NO_TK_AREA":0,"STATUS":"Designated","STATUS_YR":2006,"GOV_TYPE":"Federal or national ministry or agency","GOVSUBTYPE":"Not Applicable","OWN_TYPE":"Not Reported","OWNSUBTYPE":"Not Applicable","MANG_AUTH":"Administración de Parques Nacionales","MANG_PLAN":"https://sib.gob.ar/archivos/PG_BA_NOG.pdf","VERIF":"State Verified","METADATAID":1935,"PRNT_ISO3":"ARG","ISO3":"ARG","SUPP_INFO":"Not Applicable","CONS_OBJ":"Not Applicable","INLND_WTRS":"Not Reported","OECM_ASMT":"Not Applicable","layer":"WDPA_W~1"}},{"type":"Feature","geometry":{"type":"Polygon","coordinates":[[[-68.15798,-47.66728],[-68.26449,-47.66748],[-68.30434,-47.70935],[-68.30415,-47.79029],[-68.27746,-47.79026],[-68.27733,-47.83523],[-68.09033,-47.83484],[-68.08847,-47.81235],[-68.05709,-47.81225],[-68.05725,-47.78976],[-67.97127,-47.78822],[-67.97171,-47.76573],[-67.94504,-47.76549],[-67.94455,-47.78934],[-67.80947,-47.78887],[-67.87696,-47.77387],[-67.8473,-47.63897],[-67.89204,-47.63178],[-67.90189,-47.58685],[-67.92573,-47.58696],[-67.92594,-47.56447],[-67.94255,-47.56455],[-67.94296,-47.51958],[-67.99417,-47.50854],[-68.02586,-47.53113],[-68.12542,-47.53863],[-68.12488,-47.63262],[-68.14485,-47.63267],[-68.14473,-47.65515],[-67.95837,-47.65455],[-67.95756,-47.74444],[-68.15758,-47.74508],[-68.15798,-47.66728]]]},"properties":{"fid":373,"SITE_ID":555577541,"SITE_PID":"555577541","SITE_TYPE":"PA","NAME_ENG":"Bosques Petrificados de Jaramillo","NAME":"Bosques Petrificados de Jaramillo","DESIG":"Parque Nacional","DESIG_ENG":"National Park","DESIG_TYPE":"National","IUCN_CAT":"II","INT_CRIT":"Not Applicable","REALM":"Terrestrial","REP_M_AREA":0,"GIS_M_AREA":0,"REP_AREA":635.43,"GIS_AREA":634.929925376232,"NO_TAKE":"Not Applicable","NO_TK_AREA":0,"STATUS":"Designated","STATUS_YR":2012,"GOV_TYPE":"Federal or national ministry or agency","GOVSUBTYPE":"Not Applicable","OWN_TYPE":"Not Reported","OWNSUBTYPE":"Not Applicable","MANG_AUTH":"Administración de Parques Nacionales","MANG_PLAN":"https://sib.gob.ar/archivos/IF-2018-60876708-APN-DRPA-APNAC.pdf","VERIF":"State Verified","METADATAID":1935,"PRNT_ISO3":"ARG","ISO3":"ARG","SUPP_INFO":"Not Applicable","CONS_OBJ":"Not Applicable","INLND_WTRS":"Not Reported","OECM_ASMT":"Not Applicable","layer":"WDPA_W~1"}},{"type":"Feature","geometry":{"type":"MultiPolygon","coordinates":[[[[-60.69274,-32.30165],[-60.7077,-32.30307],[-60.69667,-32.32293],[-60.68245,-32.31795],[-60.68643,-32.30367],[-60.69274,-32.30165]]],[[[-60.68127,-32.24773],[-60.70276,-32.22438],[-60.71282,-32.2669],[-60.74806,-32.30944],[-60.73565,-32.32699],[-60.72852,-32.30583],[-60.71459,-32.30061],[-60.68792,-32.30131],[-60.69596,-32.26739],[-60.68488,-32.27662],[-60.68127,-32.24773]]]]},"properties":{"fid":374,"SITE_ID":555577542,"SITE_PID":"555577542","SITE_TYPE":"PA","NAME_ENG":"Islas de Santa Fé","NAME":"Islas de Santa Fé","DESIG":"Parque Nacional","DESIG_ENG":"National Park","DESIG_TYPE":"National","IUCN_CAT":"II","INT_CRIT":"Not Applicable","REALM":"Terrestrial","REP_M_AREA":0,"GIS_M_AREA":0,"REP_AREA":40.96,"GIS_AREA":35.2098438578804,"NO_TAKE":"Not Applicable","NO_TK_AREA":0,"STATUS":"Designated","STATUS_YR":2010,"GOV_TYPE":"Federal or national ministry or agency","GOVSUBTYPE":"Not Applicable","OWN_TYPE":"Not Reported","OWNSUBTYPE":"Not Applicable","MANG_AUTH":"Administración de Parques Nacionales","MANG_PLAN":"Not Reported","VERIF":"State Verified","METADATAID":1935,"PRNT_ISO3":"ARG","ISO3":"ARG","SUPP_INFO":"Not Applicable","CONS_OBJ":"Not Applicable","INLND_WTRS":"Not Reported","OECM_ASMT":"Not Applicable","layer":"WDPA_W~1"}},{"type":"Feature","geometry":{"type":"Polygon","coordinates":[[[-56.87538,-36.32903],[-56.87623,-36.3291],[-56.87633,-36.32913],[-56.87635,-36.32914],[-56.87638,-36.32916],[-56.87641,-36.32917],[-56.87653,-36.32918],[-56.87705,-36.32919],[-56.87807,-36.32969],[-56.87827,-36.32984],[-56.87827,-36.32987],[-56.87832,-36.32995],[-56.87833,-36.32995],[-56.87835,-36.32999],[-56.87836,-36.33001],[-56.87843,-36.33031],[-56.8787,-36.33073],[-56.88773,-36.33121],[-56.88819,-36.33145],[-56.8895,-36.33182],[-56.88973,-36.33195],[-56.88974,-36.33195],[-56.88977,-36.33196],[-56.88979,-36.33196],[-56.88987,-36.33202],[-56.89008,-36.33209],[-56.89019,-36.33217],[-56.89062,-36.33231],[-56.89088,-36.33249],[-56.8909,-36.33249],[-56.89238,-36.33321],[-56.89372,-36.33385],[-56.89372,-36.33387],[-56.89639,-36.33371],[-56.90266,-36.33558],[-56.9047,-36.33816],[-56.90682,-36.33816],[-56.91974,-36.36037],[-56.86924,-36.38728],[-56.86898,-36.36946],[-56.83121,-36.36241],[-56.8242,-36.3473],[-56.85258,-36.34376],[-56.85475,-36.32949],[-56.85548,-36.32962],[-56.85756,-36.32919],[-56.8581,-36.32916],[-56.85818,-36.32917],[-56.85832,-36.32917],[-56.85835,-36.32916],[-56.85845,-36.32916],[-56.85851,-36.32916],[-56.85855,-36.32916],[-56.85856,-36.32916],[-56.85885,-36.32916],[-56.85959,-36.3291],[-56.85962,-36.32908],[-56.85964,-36.32908],[-56.85977,-36.32906],[-56.85982,-36.32906],[-56.86031,-36.32894],[-56.86098,-36.32888],[-56.86139,-36.32879],[-56.8614,-36.32879],[-56.86146,-36.32879],[-56.8615,-36.32879],[-56.86162,-36.32879],[-56.86163,-36.32878],[-56.8617,-36.32878],[-56.86193,-36.32875],[-56.86194,-36.32875],[-56.86196,-36.32875],[-56.86201,-36.32875],[-56.86236,-36.32869],[-56.86424,-36.32873],[-56.86861,-36.33078],[-56.87137,-36.32935],[-56.87255,-36.32938],[-56.87256,-36.32937],[-56.87259,-36.32937],[-56.87261,-36.32937],[-56.87269,-36.32937],[-56.87275,-36.32935],[-56.87288,-36.32933],[-56.8731,-36.32933],[-56.87341,-36.32921],[-56.87369,-36.32916],[-56.87376,-36.32916],[-56.8739,-36.32913],[-56.87392,-36.32912],[-56.87538,-36.32903]]]},"properties":{"fid":375,"SITE_ID":555577543,"SITE_PID":"555577543","SITE_TYPE":"PA","NAME_ENG":"Campos del Tuyú","NAME":"Campos del Tuyú","DESIG":"Parque Nacional","DESIG_ENG":"National Park","DESIG_TYPE":"National","IUCN_CAT":"II","INT_CRIT":"Not Applicable","REALM":"Terrestrial","REP_M_AREA":0,"GIS_M_AREA":0.844895435281364,"REP_AREA":30.3999996185,"GIS_AREA":30.4846832371493,"NO_TAKE":"Not Applicable","NO_TK_AREA":0,"STATUS":"Designated","STATUS_YR":2009,"GOV_TYPE":"Federal or national ministry or agency","GOVSUBTYPE":"Not Applicable","OWN_TYPE":"Not Reported","OWNSUBTYPE":"Not Applicable","MANG_AUTH":"Administración de Parques Nacionales","MANG_PLAN":"https://sib.gob.ar/archivos/PG_PN_Campos_del_Tuyu_2018.pdf","VERIF":"State Verified","METADATAID":1935,"PRNT_ISO3":"ARG","ISO3":"ARG","SUPP_INFO":"Not Applicable","CONS_OBJ":"Not Applicable","INLND_WTRS":"Not Reported","OECM_ASMT":"Not Applicable","layer":"WDPA_W~1"}},{"type":"Feature","geometry":{"type":"MultiPolygon","coordinates":[[[[-64.73779,-31.76686],[-64.85447,-31.7684],[-64.85809,-31.82784],[-64.79201,-31.82784],[-64.74192,-31.78945],[-64.73779,-31.76686]]],[[[-64.82149,-31.63455],[-64.82234,-31.59735],[-64.82344,-31.55384],[-64.87079,-31.55556],[-64.87715,-31.63445],[-64.82149,-31.63455]]]]},"properties":{"fid":376,"SITE_ID":555577544,"SITE_PID":"555577544","SITE_TYPE":"PA","NAME_ENG":"Quebrada del Condorito","NAME":"Quebrada del Condorito","DESIG":"Reserva Nacional","DESIG_ENG":"National Reserve","DESIG_TYPE":"National","IUCN_CAT":"VI","INT_CRIT":"Not Applicable","REALM":"Terrestrial","REP_M_AREA":0,"GIS_M_AREA":0,"REP_AREA":108.07,"GIS_AREA":108.030359203086,"NO_TAKE":"Not Applicable","NO_TK_AREA":0,"STATUS":"Designated","STATUS_YR":1996,"GOV_TYPE":"Federal or national ministry or agency","GOVSUBTYPE":"Not Applicable","OWN_TYPE":"Not Reported","OWNSUBTYPE":"Not Applicable","MANG_AUTH":"Administración de Parques Nacionales","MANG_PLAN":"https://sib.gob.ar/archivos/PG_PNQC_2017-2023__1_.pdf","VERIF":"State Verified","METADATAID":1935,"PRNT_ISO3":"ARG","ISO3":"ARG","SUPP_INFO":"Not Applicable","CONS_OBJ":"Not Applicable","INLND_WTRS":"Not Reported","OECM_ASMT":"Not Applicable","layer":"WDPA_W~1"}},{"type":"Feature","geometry":{"type":"Polygon","coordinates":[[[-54.60923,-26.2082],[-54.60902,-26.21257],[-54.59875,-26.21286],[-54.60923,-26.2082]]]},"properties":{"fid":377,"SITE_ID":555587055,"SITE_PID":"555587055","SITE_TYPE":"PA","NAME_ENG":"Santa Maria del Aguaray mini","NAME":"Santa Maria del Aguaray mini","DESIG":"Reserva Privada","DESIG_ENG":"Private Reserve","DESIG_TYPE":"National","IUCN_CAT":"VI","INT_CRIT":"Not Applicable","REALM":"Terrestrial","REP_M_AREA":0,"GIS_M_AREA":0,"REP_AREA":0.64,"GIS_AREA":0.236114887645699,"NO_TAKE":"Not Applicable","NO_TK_AREA":0,"STATUS":"Designated","STATUS_YR":1999,"GOV_TYPE":"Not Reported","GOVSUBTYPE":"Not Applicable","OWN_TYPE":"Not Reported","OWNSUBTYPE":"Not Applicable","MANG_AUTH":"Not Reported","MANG_PLAN":"Not Reported","VERIF":"State Verified","METADATAID":1852,"PRNT_ISO3":"ARG","ISO3":"ARG","SUPP_INFO":"Not Applicable","CONS_OBJ":"Not Applicable","INLND_WTRS":"Not Reported","OECM_ASMT":"Not Applicable","layer":"WDPA_W~1"}},{"type":"Feature","geometry":{"type":"Polygon","coordinates":[[[-54.55811,-25.63164],[-54.54867,-25.6259],[-54.54959,-25.62482],[-54.55811,-25.63164]]]},"properties":{"fid":378,"SITE_ID":555587056,"SITE_PID":"555587056","SITE_TYPE":"PA","NAME_ENG":"Andres Giai","NAME":"Andres Giai","DESIG":"Paisaje Protegido","DESIG_ENG":"Protected Landscape","DESIG_TYPE":"National","IUCN_CAT":"V","INT_CRIT":"Not Applicable","REALM":"Terrestrial","REP_M_AREA":0,"GIS_M_AREA":0,"REP_AREA":0.12,"GIS_AREA":0.117111468207954,"NO_TAKE":"Not Applicable","NO_TK_AREA":0,"STATUS":"Designated","STATUS_YR":1997,"GOV_TYPE":"Not Reported","GOVSUBTYPE":"Not Applicable","OWN_TYPE":"Not Reported","OWNSUBTYPE":"Not Applicable","MANG_AUTH":"Not Reported","MANG_PLAN":"Not Reported","VERIF":"State Verified","METADATAID":1852,"PRNT_ISO3":"ARG","ISO3":"ARG","SUPP_INFO":"Not Applicable","CONS_OBJ":"Not Applicable","INLND_WTRS":"Not Reported","OECM_ASMT":"Not Applicable","layer":"WDPA_W~1"}},{"type":"Feature","geometry":{"type":"Polygon","coordinates":[[[-54.32504,-26.48953],[-54.32496,-26.44052],[-54.34728,-26.44032],[-54.35035,-26.50398],[-54.33134,-26.50443],[-54.33897,-26.49121],[-54.32504,-26.48953]]]},"properties":{"fid":379,"SITE_ID":555587057,"SITE_PID":"555587057","SITE_TYPE":"PA","NAME_ENG":"Tomo","NAME":"Tomo","DESIG":"Reserva Privada","DESIG_ENG":"Private Reserve","DESIG_TYPE":"National","IUCN_CAT":"VI","INT_CRIT":"Not Applicable","REALM":"Terrestrial","REP_M_AREA":0,"GIS_M_AREA":0,"REP_AREA":14.41,"GIS_AREA":15.2168901644788,"NO_TAKE":"Not Applicable","NO_TK_AREA":0,"STATUS":"Designated","STATUS_YR":1997,"GOV_TYPE":"Not Reported","GOVSUBTYPE":"Not Applicable","OWN_TYPE":"Not Reported","OWNSUBTYPE":"Not Applicable","MANG_AUTH":"Not Reported","MANG_PLAN":"Not Reported","VERIF":"State Verified","METADATAID":1852,"PRNT_ISO3":"ARG","ISO3":"ARG","SUPP_INFO":"Not Applicable","CONS_OBJ":"Not Applicable","INLND_WTRS":"Not Reported","OECM_ASMT":"Not Applicable","layer":"WDPA_W~1"}},{"type":"Feature","geometry":{"type":"Polygon","coordinates":[[[-55.14991,-27.20717],[-55.14959,-27.17581],[-55.16243,-27.1757],[-55.16255,-27.20697],[-55.14991,-27.20717]]]},"properties":{"fid":380,"SITE_ID":555587058,"SITE_PID":"555587058","SITE_TYPE":"PA","NAME_ENG":"El Paraíso","NAME":"El Paraíso","DESIG":"Reserva Privada","DESIG_ENG":"Private Reserve","DESIG_TYPE":"National","IUCN_CAT":"VI","INT_CRIT":"Not Applicable","REALM":"Terrestrial","REP_M_AREA":0,"GIS_M_AREA":0,"REP_AREA":4.4,"GIS_AREA":4.38163764098133,"NO_TAKE":"Not Applicable","NO_TK_AREA":0,"STATUS":"Designated","STATUS_YR":1998,"GOV_TYPE":"Not Reported","GOVSUBTYPE":"Not Applicable","OWN_TYPE":"Not Reported","OWNSUBTYPE":"Not Applicable","MANG_AUTH":"Not Reported","MANG_PLAN":"Not Reported","VERIF":"State Verified","METADATAID":1852,"PRNT_ISO3":"ARG","ISO3":"ARG","SUPP_INFO":"Not Applicable","CONS_OBJ":"Not Applicable","INLND_WTRS":"Not Reported","OECM_ASMT":"Not Applicable","layer":"WDPA_W~1"}},{"type":"Feature","geometry":{"type":"Polygon","coordinates":[[[-54.09824,-25.49969],[-54.11999,-25.50601],[-54.10815,-25.50809],[-54.09824,-25.49969]]]},"properties":{"fid":381,"SITE_ID":555587059,"SITE_PID":"555587059","SITE_TYPE":"PA","NAME_ENG":"Ingeniero Agrónomo Roberto Cametti","NAME":"Ingeniero Agrónomo Roberto Cametti","DESIG":"Parque Provincial","DESIG_ENG":"Provincial Park","DESIG_TYPE":"National","IUCN_CAT":"II","INT_CRIT":"Not Applicable","REALM":"Terrestrial","REP_M_AREA":0,"GIS_M_AREA":0,"REP_AREA":1.36,"GIS_AREA":1.30255386315908,"NO_TAKE":"Not Applicable","NO_TK_AREA":0,"STATUS":"Designated","STATUS_YR":2001,"GOV_TYPE":"Not Reported","GOVSUBTYPE":"Not Applicable","OWN_TYPE":"Not Reported","OWNSUBTYPE":"Not Applicable","MANG_AUTH":"Not Reported","MANG_PLAN":"Not Reported","VERIF":"State Verified","METADATAID":1852,"PRNT_ISO3":"ARG","ISO3":"ARG","SUPP_INFO":"Not Applicable","CONS_OBJ":"Not Applicable","INLND_WTRS":"Not Reported","OECM_ASMT":"Not Applicable","layer":"WDPA_W~1"}},{"type":"Feature","geometry":{"type":"Polygon","coordinates":[[[-54.2884,-26.69162],[-54.28357,-26.70546],[-54.26245,-26.69861],[-54.27014,-26.68424],[-54.2884,-26.69162]]]},"properties":{"fid":382,"SITE_ID":555587060,"SITE_PID":"555587060","SITE_TYPE":"PA","NAME_ENG":"Yaguarundi","NAME":"Yaguarundi","DESIG":"Reserva Privada de Vida Silvestre","DESIG_ENG":"Private Wildlife Refuge","DESIG_TYPE":"National","IUCN_CAT":"II","INT_CRIT":"Not Applicable","REALM":"Terrestrial","REP_M_AREA":0,"GIS_M_AREA":0,"REP_AREA":4,"GIS_AREA":4.026383871281651,"NO_TAKE":"Not Applicable","NO_TK_AREA":0,"STATUS":"Designated","STATUS_YR":2003,"GOV_TYPE":"Not Reported","GOVSUBTYPE":"Not Applicable","OWN_TYPE":"Not Reported","OWNSUBTYPE":"Not Applicable","MANG_AUTH":"Not Reported","MANG_PLAN":"Not Reported","VERIF":"State Verified","METADATAID":1852,"PRNT_ISO3":"ARG","ISO3":"ARG","SUPP_INFO":"Not Applicable","CONS_OBJ":"Not Applicable","INLND_WTRS":"Not Reported","OECM_ASMT":"Not Applicable","layer":"WDPA_W~1"}},{"type":"Feature","geometry":{"type":"Polygon","coordinates":[[[-55.20433,-27.40698],[-55.20038,-27.40447],[-55.20585,-27.3972],[-55.20433,-27.40698]]]},"properties":{"fid":383,"SITE_ID":555587061,"SITE_PID":"555587061","SITE_TYPE":"PA","NAME_ENG":"Paraje los Indios","NAME":"Paraje los Indios","DESIG":"Parque Natural Municipal","DESIG_ENG":"Municipal Nature Park","DESIG_TYPE":"National","IUCN_CAT":"II","INT_CRIT":"Not Applicable","REALM":"Terrestrial","REP_M_AREA":0,"GIS_M_AREA":0,"REP_AREA":0.11,"GIS_AREA":0.205542134136915,"NO_TAKE":"Not Applicable","NO_TK_AREA":0,"STATUS":"Designated","STATUS_YR":1989,"GOV_TYPE":"Not Reported","GOVSUBTYPE":"Not Applicable","OWN_TYPE":"Not Reported","OWNSUBTYPE":"Not Applicable","MANG_AUTH":"Not Reported","MANG_PLAN":"Not Reported","VERIF":"State Verified","METADATAID":1852,"PRNT_ISO3":"ARG","ISO3":"ARG","SUPP_INFO":"Not Applicable","CONS_OBJ":"Not Applicable","INLND_WTRS":"Not Reported","OECM_ASMT":"Not Applicable","layer":"WDPA_W~1"}},{"type":"Feature","geometry":{"type":"Polygon","coordinates":[[[-54.00385,-26.35165],[-54.00399,-26.39075],[-53.99031,-26.39075],[-53.99027,-26.35444],[-54.00385,-26.35165]]]},"properties":{"fid":384,"SITE_ID":555587062,"SITE_PID":"555587062","SITE_TYPE":"PA","NAME_ENG":"Julian Freaza","NAME":"Julian Freaza","DESIG":"Reserva Privada","DESIG_ENG":"Private Reserve","DESIG_TYPE":"National","IUCN_CAT":"VI","INT_CRIT":"Not Applicable","REALM":"Terrestrial","REP_M_AREA":0,"GIS_M_AREA":0,"REP_AREA":6.4153,"GIS_AREA":6.2279658547503,"NO_TAKE":"Not Applicable","NO_TK_AREA":0,"STATUS":"Designated","STATUS_YR":2003,"GOV_TYPE":"Not Reported","GOVSUBTYPE":"Not Applicable","OWN_TYPE":"Not Reported","OWNSUBTYPE":"Not Applicable","MANG_AUTH":"Not Reported","MANG_PLAN":"Not Reported","VERIF":"State Verified","METADATAID":1852,"PRNT_ISO3":"ARG","ISO3":"ARG","SUPP_INFO":"Not Applicable","CONS_OBJ":"Not Applicable","INLND_WTRS":"Not Reported","OECM_ASMT":"Not Applicable","layer":"WDPA_W~1"}},{"type":"Feature","geometry":{"type":"Polygon","coordinates":[[[-54.4115,-25.90049],[-54.40232,-25.88413],[-54.42117,-25.89158],[-54.4115,-25.90049]]]},"properties":{"fid":385,"SITE_ID":555587063,"SITE_PID":"555587063","SITE_TYPE":"PA","NAME_ENG":"Isla Palacios","NAME":"Isla Palacios","DESIG":"Monumento Natural","DESIG_ENG":"Nature Monument","DESIG_TYPE":"National","IUCN_CAT":"III","INT_CRIT":"Not Applicable","REALM":"Terrestrial","REP_M_AREA":0,"GIS_M_AREA":0,"REP_AREA":1.6761,"GIS_AREA":1.6760501165093,"NO_TAKE":"Not Applicable","NO_TK_AREA":0,"STATUS":"Designated","STATUS_YR":1996,"GOV_TYPE":"Not Reported","GOVSUBTYPE":"Not Applicable","OWN_TYPE":"Not Reported","OWNSUBTYPE":"Not Applicable","MANG_AUTH":"Not Reported","MANG_PLAN":"Not Reported","VERIF":"State Verified","METADATAID":1852,"PRNT_ISO3":"ARG","ISO3":"ARG","SUPP_INFO":"Not Applicable","CONS_OBJ":"Not Applicable","INLND_WTRS":"Not Reported","OECM_ASMT":"Not Applicable","layer":"WDPA_W~1"}},{"type":"Feature","geometry":{"type":"Polygon","coordinates":[[[-55.00438,-27.47884],[-54.99929,-27.46985],[-55.00737,-27.47513],[-55.00438,-27.47884]]]},"properties":{"fid":386,"SITE_ID":555587064,"SITE_PID":"555587064","SITE_TYPE":"PA","NAME_ENG":"Ing. Barney","NAME":"Ing. Barney","DESIG":"Reserva Privada","DESIG_ENG":"Private Reserve","DESIG_TYPE":"National","IUCN_CAT":"VI","INT_CRIT":"Not Applicable","REALM":"Terrestrial","REP_M_AREA":0,"GIS_M_AREA":0,"REP_AREA":0.5,"GIS_AREA":0.500356144059913,"NO_TAKE":"Not Applicable","NO_TK_AREA":0,"STATUS":"Designated","STATUS_YR":2000,"GOV_TYPE":"Not Reported","GOVSUBTYPE":"Not Applicable","OWN_TYPE":"Not Reported","OWNSUBTYPE":"Not Applicable","MANG_AUTH":"Not Reported","MANG_PLAN":"Not Reported","VERIF":"State Verified","METADATAID":1852,"PRNT_ISO3":"ARG","ISO3":"ARG","SUPP_INFO":"Not Applicable","CONS_OBJ":"Not Applicable","INLND_WTRS":"Not Reported","OECM_ASMT":"Not Applicable","layer":"WDPA_W~1"}},{"type":"Feature","geometry":{"type":"Polygon","coordinates":[[[-54.06615,-25.79781],[-54.06963,-25.78746],[-54.07274,-25.78905],[-54.06615,-25.79781]]]},"properties":{"fid":387,"SITE_ID":555587065,"SITE_PID":"555587065","SITE_TYPE":"PA","NAME_ENG":"Caa Pora","NAME":"Caa Pora","DESIG":"Reserva Privada","DESIG_ENG":"Private Reserve","DESIG_TYPE":"National","IUCN_CAT":"Not Reported","INT_CRIT":"Not Applicable","REALM":"Terrestrial","REP_M_AREA":0,"GIS_M_AREA":0,"REP_AREA":0.41,"GIS_AREA":0.395956460618172,"NO_TAKE":"Not Applicable","NO_TK_AREA":0,"STATUS":"Designated","STATUS_YR":1990,"GOV_TYPE":"Not Reported","GOVSUBTYPE":"Not Applicable","OWN_TYPE":"Not Reported","OWNSUBTYPE":"Not Applicable","MANG_AUTH":"Not Reported","MANG_PLAN":"Not Reported","VERIF":"State Verified","METADATAID":1852,"PRNT_ISO3":"ARG","ISO3":"ARG","SUPP_INFO":"Not Applicable","CONS_OBJ":"Not Applicable","INLND_WTRS":"Not Reported","OECM_ASMT":"Not Applicable","layer":"WDPA_W~1"}},{"type":"Feature","geometry":{"type":"Polygon","coordinates":[[[-54.54915,-26.95955],[-54.53903,-26.95349],[-54.54833,-26.94084],[-54.54915,-26.95955]]]},"properties":{"fid":388,"SITE_ID":555587066,"SITE_PID":"555587066","SITE_TYPE":"PA","NAME_ENG":"La Ponderosa","NAME":"La Ponderosa","DESIG":"Reserva Privada","DESIG_ENG":"Private Reserve","DESIG_TYPE":"National","IUCN_CAT":"Not Reported","INT_CRIT":"Not Applicable","REALM":"Terrestrial","REP_M_AREA":0,"GIS_M_AREA":0,"REP_AREA":1.99,"GIS_AREA":1.98874249828817,"NO_TAKE":"Not Applicable","NO_TK_AREA":0,"STATUS":"Designated","STATUS_YR":2004,"GOV_TYPE":"Not Reported","GOVSUBTYPE":"Not Applicable","OWN_TYPE":"Not Reported","OWNSUBTYPE":"Not Applicable","MANG_AUTH":"Not Reported","MANG_PLAN":"Not Reported","VERIF":"State Verified","METADATAID":1852,"PRNT_ISO3":"ARG","ISO3":"ARG","SUPP_INFO":"Not Applicable","CONS_OBJ":"Not Applicable","INLND_WTRS":"Not Reported","OECM_ASMT":"Not Applicable","layer":"WDPA_W~1"}},{"type":"Feature","geometry":{"type":"Polygon","coordinates":[[[-54.21431,-25.84836],[-54.18383,-25.83573],[-54.17511,-25.84934],[-54.16949,-25.83715],[-54.16701,-25.79347],[-54.21021,-25.79226],[-54.21431,-25.84836]]]},"properties":{"fid":389,"SITE_ID":555587067,"SITE_PID":"555587067","SITE_TYPE":"PA","NAME_ENG":"Uruzu","NAME":"Uruzu","DESIG":"Parque Provincial","DESIG_ENG":"Provincial Park","DESIG_TYPE":"National","IUCN_CAT":"II","INT_CRIT":"Not Applicable","REALM":"Terrestrial","REP_M_AREA":0,"GIS_M_AREA":0,"REP_AREA":24.9412,"GIS_AREA":24.8831128173702,"NO_TAKE":"Not Applicable","NO_TK_AREA":0,"STATUS":"Designated","STATUS_YR":2004,"GOV_TYPE":"Not Reported","GOVSUBTYPE":"Not Applicable","OWN_TYPE":"Not Reported","OWNSUBTYPE":"Not Applicable","MANG_AUTH":"Not Reported","MANG_PLAN":"Not Reported","VERIF":"State Verified","METADATAID":1852,"PRNT_ISO3":"ARG","ISO3":"ARG","SUPP_INFO":"Not Applicable","CONS_OBJ":"Not Applicable","INLND_WTRS":"Not Reported","OECM_ASMT":"Not Applicable","layer":"WDPA_W~1"}},{"type":"Feature","geometry":{"type":"Polygon","coordinates":[[[-54.12644,-25.55352],[-54.11974,-25.54237],[-54.12358,-25.54463],[-54.12644,-25.55352]]]},"properties":{"fid":390,"SITE_ID":555587068,"SITE_PID":"555587068","SITE_TYPE":"PA","NAME_ENG":"Grupo de la Isla","NAME":"Grupo de la Isla","DESIG":"Parque Provincial","DESIG_ENG":"Provincial Park","DESIG_TYPE":"National","IUCN_CAT":"II","INT_CRIT":"Not Applicable","REALM":"Terrestrial","REP_M_AREA":0,"GIS_M_AREA":0,"REP_AREA":0.15,"GIS_AREA":0.171576924688353,"NO_TAKE":"Not Applicable","NO_TK_AREA":0,"STATUS":"Designated","STATUS_YR":2005,"GOV_TYPE":"Not Reported","GOVSUBTYPE":"Not Applicable","OWN_TYPE":"Not Reported","OWNSUBTYPE":"Not Applicable","MANG_AUTH":"Not Reported","MANG_PLAN":"Not Reported","VERIF":"State Verified","METADATAID":1852,"PRNT_ISO3":"ARG","ISO3":"ARG","SUPP_INFO":"Not Applicable","CONS_OBJ":"Not Applicable","INLND_WTRS":"Not Reported","OECM_ASMT":"Not Applicable","layer":"WDPA_W~1"}},{"type":"Feature","geometry":{"type":"Polygon","coordinates":[[[-54.25849,-27.14027],[-54.23503,-27.19199],[-54.2004,-27.1751],[-54.22371,-27.17441],[-54.20654,-27.15803],[-54.22485,-27.12281],[-54.25849,-27.14027]]]},"properties":{"fid":391,"SITE_ID":555587069,"SITE_PID":"555587069","SITE_TYPE":"PA","NAME_ENG":"Guaramboca","NAME":"Guaramboca","DESIG":"Parque Provincial","DESIG_ENG":"Provincial Park","DESIG_TYPE":"National","IUCN_CAT":"II","INT_CRIT":"Not Applicable","REALM":"Terrestrial","REP_M_AREA":0,"GIS_M_AREA":0,"REP_AREA":20.84,"GIS_AREA":21.6949473470669,"NO_TAKE":"Not Applicable","NO_TK_AREA":0,"STATUS":"Designated","STATUS_YR":2006,"GOV_TYPE":"Not Reported","GOVSUBTYPE":"Not Applicable","OWN_TYPE":"Not Reported","OWNSUBTYPE":"Not Applicable","MANG_AUTH":"Not Reported","MANG_PLAN":"Not Reported","VERIF":"State Verified","METADATAID":1852,"PRNT_ISO3":"ARG","ISO3":"ARG","SUPP_INFO":"Not Applicable","CONS_OBJ":"Not Applicable","INLND_WTRS":"Not Reported","OECM_ASMT":"Not Applicable","layer":"WDPA_W~1"}},{"type":"Feature","geometry":{"type":"Polygon","coordinates":[[[-54.44987,-25.75241],[-54.50136,-25.73032],[-54.4898,-25.72393],[-54.48805,-25.71809],[-54.48804,-25.71684],[-54.49,-25.70779],[-54.50618,-25.67979],[-54.52498,-25.66457],[-54.52942,-25.66231],[-54.53353,-25.66159],[-54.53442,-25.66102],[-54.53562,-25.66088],[-54.53619,-25.65915],[-54.53755,-25.65711],[-54.55698,-25.67131],[-54.56441,-25.67721],[-54.57563,-25.74856],[-54.44987,-25.75241]]]},"properties":{"fid":392,"SITE_ID":555587070,"SITE_PID":"555587070","SITE_TYPE":"PA","NAME_ENG":"Puerto Peninsula","NAME":"Puerto Peninsula","DESIG":"Parque Provincial","DESIG_ENG":"Provincial Park","DESIG_TYPE":"National","IUCN_CAT":"II","INT_CRIT":"Not Applicable","REALM":"Terrestrial","REP_M_AREA":0,"GIS_M_AREA":0,"REP_AREA":69,"GIS_AREA":69.8027377067003,"NO_TAKE":"Not Applicable","NO_TK_AREA":0,"STATUS":"Designated","STATUS_YR":2004,"GOV_TYPE":"Not Reported","GOVSUBTYPE":"Not Applicable","OWN_TYPE":"Not Reported","OWNSUBTYPE":"Not Applicable","MANG_AUTH":"Not Reported","MANG_PLAN":"Not Reported","VERIF":"State Verified","METADATAID":1852,"PRNT_ISO3":"ARG","ISO3":"ARG","SUPP_INFO":"Not Applicable","CONS_OBJ":"Not Applicable","INLND_WTRS":"Not Reported","OECM_ASMT":"Not Applicable","layer":"WDPA_W~1"}},{"type":"Feature","geometry":{"type":"Polygon","coordinates":[[[-65.7182,-26.35248],[-65.77161,-26.47797],[-65.79156,-26.63321],[-65.75996,-26.70575],[-65.68919,-26.67211],[-65.67449,-26.59503],[-65.6296,-26.50796],[-65.64141,-26.44755],[-65.61177,-26.41062],[-65.61588,-26.29003],[-65.58665,-26.12132],[-65.6743,-26.11763],[-65.69784,-26.20857],[-65.69189,-26.24568],[-65.71343,-26.28459],[-65.70493,-26.3391],[-65.7182,-26.35248]]]},"properties":{"fid":393,"SITE_ID":555587071,"SITE_PID":"555587071","SITE_TYPE":"PA","NAME_ENG":"Cumbres Calchaquies","NAME":"Cumbres Calchaquies","DESIG":"Parque Provincial","DESIG_ENG":"Provincial Park","DESIG_TYPE":"National","IUCN_CAT":"II","INT_CRIT":"Not Applicable","REALM":"Terrestrial","REP_M_AREA":0,"GIS_M_AREA":0,"REP_AREA":400,"GIS_AREA":679.312394123291,"NO_TAKE":"Not Applicable","NO_TK_AREA":0,"STATUS":"Designated","STATUS_YR":1965,"GOV_TYPE":"Not Reported","GOVSUBTYPE":"Not Applicable","OWN_TYPE":"Not Reported","OWNSUBTYPE":"Not Applicable","MANG_AUTH":"Not Reported","MANG_PLAN":"Not Reported","VERIF":"State Verified","METADATAID":1852,"PRNT_ISO3":"ARG","ISO3":"ARG","SUPP_INFO":"Not Applicable","CONS_OBJ":"Not Applicable","INLND_WTRS":"Not Reported","OECM_ASMT":"Not Applicable","layer":"WDPA_W~1"}},{"type":"Feature","geometry":{"type":"Polygon","coordinates":[[[-64.37727,-24.04701],[-64.42676,-24.12941],[-64.43793,-24.1201],[-64.42475,-24.1004],[-64.45625,-24.10652],[-64.4563,-24.16812],[-64.4104,-24.17562],[-64.41321,-24.14014],[-64.39821,-24.13998],[-64.36533,-24.17949],[-64.33814,-24.08282],[-64.3117,-24.05282],[-64.37727,-24.04701]]]},"properties":{"fid":394,"SITE_ID":555587072,"SITE_PID":"555587072","SITE_TYPE":"PA","NAME_ENG":"Las Lancitas","NAME":"Las Lancitas","DESIG":"Reserva Natural Provincial","DESIG_ENG":"Provincial Nature Reserve","DESIG_TYPE":"National","IUCN_CAT":"VI","INT_CRIT":"Not Applicable","REALM":"Terrestrial","REP_M_AREA":0,"GIS_M_AREA":0,"REP_AREA":95.36,"GIS_AREA":110.8282702076,"NO_TAKE":"Not Applicable","NO_TK_AREA":0,"STATUS":"Designated","STATUS_YR":2002,"GOV_TYPE":"Not Reported","GOVSUBTYPE":"Not Applicable","OWN_TYPE":"Not Reported","OWNSUBTYPE":"Not Applicable","MANG_AUTH":"Not Reported","MANG_PLAN":"Not Reported","VERIF":"State Verified","METADATAID":1852,"PRNT_ISO3":"ARG","ISO3":"ARG","SUPP_INFO":"Not Applicable","CONS_OBJ":"Not Applicable","INLND_WTRS":"Not Reported","OECM_ASMT":"Not Applicable","layer":"WDPA_W~1"}},{"type":"Feature","geometry":{"type":"Polygon","coordinates":[[[-64.57033,-22.69268],[-64.53909,-22.71118],[-64.5182,-22.7558],[-64.52115,-22.83122],[-64.50272,-22.86651],[-64.48711,-22.86543],[-64.50237,-22.88132],[-64.49734,-22.90758],[-64.46247,-22.896],[-64.44401,-22.91191],[-64.47011,-22.68158],[-64.57033,-22.69268]]]},"properties":{"fid":395,"SITE_ID":555587073,"SITE_PID":"555587073","SITE_TYPE":"PA","NAME_ENG":"Laguna Pintascayo","NAME":"Laguna Pintascayo","DESIG":"Parque Provincial","DESIG_ENG":"Provincial Park","DESIG_TYPE":"National","IUCN_CAT":"II","INT_CRIT":"Not Applicable","REALM":"Terrestrial","REP_M_AREA":0,"GIS_M_AREA":0,"REP_AREA":121.38,"GIS_AREA":158.108889856201,"NO_TAKE":"Not Applicable","NO_TK_AREA":0,"STATUS":"Designated","STATUS_YR":2000,"GOV_TYPE":"Not Reported","GOVSUBTYPE":"Not Applicable","OWN_TYPE":"Not Reported","OWNSUBTYPE":"Not Applicable","MANG_AUTH":"Not Reported","MANG_PLAN":"Not Reported","VERIF":"State Verified","METADATAID":1852,"PRNT_ISO3":"ARG","ISO3":"ARG","SUPP_INFO":"Not Applicable","CONS_OBJ":"Not Applicable","INLND_WTRS":"Not Reported","OECM_ASMT":"Not Applicable","layer":"WDPA_W~1"}},{"type":"Feature","geometry":{"type":"MultiPolygon","coordinates":[[[[-65.55824,-24.69292],[-65.59473,-24.70702],[-65.59852,-24.80169],[-65.54191,-24.81794],[-65.52678,-24.7841],[-65.4753,-24.78587],[-65.47995,-24.78343],[-65.48247,-24.77894],[-65.48519,-24.76233],[-65.48371,-24.75415],[-65.51507,-24.74385],[-65.55824,-24.69292]]],[[[-65.48066,-24.78085],[-65.47471,-24.78433],[-65.46684,-24.76728],[-65.48399,-24.76619],[-65.48066,-24.78085]]]]},"properties":{"fid":396,"SITE_ID":555587074,"SITE_PID":"555587074","SITE_TYPE":"PA","NAME_ENG":"Finca Las Costas","NAME":"Finca Las Costas","DESIG":"Reserva Natural de Uso Múltiple","DESIG_ENG":"Multiple Use Nature Reserve","DESIG_TYPE":"National","IUCN_CAT":"VI","INT_CRIT":"Not Applicable","REALM":"Terrestrial","REP_M_AREA":0,"GIS_M_AREA":0,"REP_AREA":105.14,"GIS_AREA":108.087262037636,"NO_TAKE":"Not Applicable","NO_TK_AREA":0,"STATUS":"Designated","STATUS_YR":1995,"GOV_TYPE":"Not Reported","GOVSUBTYPE":"Not Applicable","OWN_TYPE":"Not Reported","OWNSUBTYPE":"Not Applicable","MANG_AUTH":"Not Reported","MANG_PLAN":"Not Reported","VERIF":"State Verified","METADATAID":1852,"PRNT_ISO3":"ARG","ISO3":"ARG","SUPP_INFO":"Not Applicable","CONS_OBJ":"Not Applicable","INLND_WTRS":"Not Reported","OECM_ASMT":"Not Applicable","layer":"WDPA_W~1"}},{"type":"Feature","geometry":{"type":"Polygon","coordinates":[[[-65.07017,-23.19916],[-65.05919,-23.1882],[-65.05488,-23.1798],[-65.04912,-23.17052],[-65.04804,-23.16718],[-65.04497,-23.16227],[-65.0439,-23.15557],[-65.0705,-23.13368],[-65.0613,-23.11684],[-65.0662,-23.08934],[-65.0601,-23.06812],[-65.06218,-23.06414],[-65.06497,-23.06318],[-65.0667,-23.06163],[-65.0691,-23.05835],[-65.06956,-23.05732],[-65.0696,-23.05392],[-65.06909,-23.05316],[-65.06822,-23.05121],[-65.06634,-23.04906],[-65.0675,-23.04355],[-65.08597,-23.02785],[-65.08961,-23.02616],[-65.09639,-23.02476],[-65.10183,-23.02506],[-65.10671,-23.025],[-65.12237,-23.01659],[-65.129,-23.01],[-65.13121,-23.00436],[-65.13522,-23.00161],[-65.14228,-23.00211],[-65.14597,-23.00074],[-65.15365,-22.99502],[-65.1576,-22.9903],[-65.16124,-22.98784],[-65.1665,-22.9864],[-65.16921,-22.98505],[-65.1724,-22.98286],[-65.17673,-22.9807],[-65.23734,-22.91374],[-65.27027,-22.89529],[-65.27627,-22.88819],[-65.27846,-22.88212],[-65.2771,-22.87516],[-65.27531,-22.86849],[-65.27838,-22.82713],[-65.27703,-22.82293],[-65.27725,-22.81814],[-65.27599,-22.81488],[-65.27654,-22.80717],[-65.27414,-22.78942],[-65.30259,-22.76279],[-65.30509,-22.72496],[-65.27134,-22.65064],[-65.34925,-22.60477],[-65.4109,-22.745],[-65.44273,-22.7631],[-65.50733,-22.76534],[-65.52334,-22.82591],[-65.57734,-22.86095],[-65.60926,-22.92283],[-65.6724,-22.95484],[-65.69443,-22.99384],[-65.70457,-23.06543],[-65.69289,-23.08692],[-65.73695,-23.22996],[-65.72061,-23.27073],[-65.74425,-23.31964],[-65.73075,-23.35152],[-65.74273,-23.41259],[-65.69013,-23.37577],[-65.64881,-23.37867],[-65.58628,-23.42748],[-65.56909,-23.46221],[-65.56676,-23.54378],[-65.6184,-23.56775],[-65.62792,-23.62885],[-65.66018,-23.65872],[-65.67139,-23.70194],[-65.6519,-23.73169],[-65.67116,-23.7943],[-65.63537,-23.85678],[-65.57542,-23.86408],[-65.57685,-23.92367],[-65.54591,-23.96529],[-65.47288,-23.98739],[-65.42569,-24.02595],[-65.39333,-24.00944],[-65.4086,-23.86204],[-65.34802,-23.66815],[-65.35458,-23.64881],[-65.30625,-23.61434],[-65.32131,-23.51609],[-65.30695,-23.48177],[-65.31144,-23.43035],[-65.33856,-23.39101],[-65.16861,-23.31573],[-65.08434,-23.19695],[-65.07017,-23.19916]]]},"properties":{"fid":397,"SITE_ID":555587075,"SITE_PID":"555587075","SITE_TYPE":"PA","NAME_ENG":"Quebrada de Humahuaca","NAME":"Quebrada de Humahuaca","DESIG":"Paisaje Protegido","DESIG_ENG":"Protected Landscape","DESIG_TYPE":"National","IUCN_CAT":"V","INT_CRIT":"Not Applicable","REALM":"Terrestrial","REP_M_AREA":0,"GIS_M_AREA":0,"REP_AREA":5417.65,"GIS_AREA":5460.31130683013,"NO_TAKE":"Not Applicable","NO_TK_AREA":0,"STATUS":"Designated","STATUS_YR":2000,"GOV_TYPE":"Not Reported","GOVSUBTYPE":"Not Applicable","OWN_TYPE":"Not Reported","OWNSUBTYPE":"Not Applicable","MANG_AUTH":"Not Reported","MANG_PLAN":"Not Reported","VERIF":"State Verified","METADATAID":1852,"PRNT_ISO3":"ARG","ISO3":"ARG","SUPP_INFO":"Not Applicable","CONS_OBJ":"Not Applicable","INLND_WTRS":"Not Reported","OECM_ASMT":"Not Applicable","layer":"WDPA_W~1"}},{"type":"Feature","geometry":{"type":"Polygon","coordinates":[[[-66.10256,-25.61282],[-66.12363,-25.61871],[-66.1586,-25.71581],[-66.18317,-25.72278],[-66.21112,-25.80261],[-66.20388,-25.82087],[-66.18374,-25.79567],[-66.12856,-25.79502],[-66.09825,-25.75701],[-66.07506,-25.69184],[-66.10256,-25.61282]]]},"properties":{"fid":398,"SITE_ID":555587076,"SITE_PID":"555587076","SITE_TYPE":"PA","NAME_ENG":"Angastaco","NAME":"Angastaco","DESIG":"Monumento Natural","DESIG_ENG":"Nature Monument","DESIG_TYPE":"National","IUCN_CAT":"III","INT_CRIT":"Not Applicable","REALM":"Terrestrial","REP_M_AREA":0,"GIS_M_AREA":0,"REP_AREA":131.75,"GIS_AREA":137.417737622217,"NO_TAKE":"Not Applicable","NO_TK_AREA":0,"STATUS":"Designated","STATUS_YR":1995,"GOV_TYPE":"Not Reported","GOVSUBTYPE":"Not Applicable","OWN_TYPE":"Not Reported","OWNSUBTYPE":"Not Applicable","MANG_AUTH":"Not Reported","MANG_PLAN":"Not Reported","VERIF":"State Verified","METADATAID":1852,"PRNT_ISO3":"ARG","ISO3":"ARG","SUPP_INFO":"Not Applicable","CONS_OBJ":"Not Applicable","INLND_WTRS":"Not Reported","OECM_ASMT":"Not Applicable","layer":"WDPA_W~1"}},{"type":"Feature","geometry":{"type":"Polygon","coordinates":[[[-65.72638,-25.5913],[-65.76397,-25.62318],[-65.76445,-25.66718],[-65.7866,-25.66646],[-65.79563,-25.68787],[-65.80271,-25.79122],[-65.79355,-25.88382],[-65.80563,-25.91527],[-65.75232,-25.97255],[-65.7758,-25.97382],[-65.7965,-26.00735],[-65.88945,-26.02511],[-65.92737,-26.06012],[-65.90923,-26.07972],[-65.91657,-26.09896],[-65.76111,-26.09829],[-65.74592,-26.12072],[-65.69511,-26.14064],[-65.66301,-26.05713],[-65.63295,-26.03057],[-65.62717,-25.97932],[-65.647,-25.95283],[-65.62929,-25.89666],[-65.64079,-25.84214],[-65.62546,-25.77968],[-65.64911,-25.67602],[-65.61271,-25.62358],[-65.71699,-25.60629],[-65.72638,-25.5913]]]},"properties":{"fid":399,"SITE_ID":555587077,"SITE_PID":"555587077","SITE_TYPE":"PA","NAME_ENG":"Quebrada de Cafayate","NAME":"Quebrada de Cafayate","DESIG":"Reserva Natural Manejada","DESIG_ENG":"Managed Nature Reserve","DESIG_TYPE":"National","IUCN_CAT":"VI","INT_CRIT":"Not Applicable","REALM":"Terrestrial","REP_M_AREA":0,"GIS_M_AREA":0,"REP_AREA":258.74,"GIS_AREA":953.298762234475,"NO_TAKE":"Not Applicable","NO_TK_AREA":0,"STATUS":"Designated","STATUS_YR":1995,"GOV_TYPE":"Not Reported","GOVSUBTYPE":"Not Applicable","OWN_TYPE":"Not Reported","OWNSUBTYPE":"Not Applicable","MANG_AUTH":"Not Reported","MANG_PLAN":"Not Reported","VERIF":"State Verified","METADATAID":1852,"PRNT_ISO3":"ARG","ISO3":"ARG","SUPP_INFO":"Not Applicable","CONS_OBJ":"Not Applicable","INLND_WTRS":"Not Reported","OECM_ASMT":"Not Applicable","layer":"WDPA_W~1"}},{"type":"Feature","geometry":{"type":"Polygon","coordinates":[[[-68.89352,-31.94833],[-68.84309,-32.12441],[-68.72452,-32.00231],[-68.70506,-31.94922],[-68.89352,-31.94833]]]},"properties":{"fid":400,"SITE_ID":555587078,"SITE_PID":"555587078","SITE_TYPE":"PA","NAME_ENG":"Pedernal","NAME":"Pedernal","DESIG":"Paisaje Protegido","DESIG_ENG":"Protected Landscape","DESIG_TYPE":"National","IUCN_CAT":"V","INT_CRIT":"Not Applicable","REALM":"Terrestrial","REP_M_AREA":0,"GIS_M_AREA":0,"REP_AREA":177,"GIS_AREA":193.695056209016,"NO_TAKE":"Not Applicable","NO_TK_AREA":0,"STATUS":"Designated","STATUS_YR":2000,"GOV_TYPE":"Not Reported","GOVSUBTYPE":"Not Applicable","OWN_TYPE":"Not Reported","OWNSUBTYPE":"Not Applicable","MANG_AUTH":"Not Reported","MANG_PLAN":"Not Reported","VERIF":"State Verified","METADATAID":1852,"PRNT_ISO3":"ARG","ISO3":"ARG","SUPP_INFO":"Not Applicable","CONS_OBJ":"Not Applicable","INLND_WTRS":"Not Reported","OECM_ASMT":"Not Applicable","layer":"WDPA_W~1"}},{"type":"Feature","geometry":{"type":"Polygon","coordinates":[[[-68.60417,-30.05604],[-68.61784,-30.14882],[-68.64812,-30.21621],[-68.56803,-30.22012],[-68.53385,-30.1498],[-68.52994,-30.05702],[-68.60417,-30.05604]]]},"properties":{"fid":401,"SITE_ID":555587079,"SITE_PID":"555587079","SITE_TYPE":"PA","NAME_ENG":"La Ciénaga","NAME":"La Ciénaga","DESIG":"Área Natural Protegida","DESIG_ENG":"Protected Nature Area","DESIG_TYPE":"National","IUCN_CAT":"VI","INT_CRIT":"Not Applicable","REALM":"Terrestrial","REP_M_AREA":0,"GIS_M_AREA":0,"REP_AREA":96,"GIS_AREA":139.661538285572,"NO_TAKE":"Not Applicable","NO_TK_AREA":0,"STATUS":"Designated","STATUS_YR":2005,"GOV_TYPE":"Not Reported","GOVSUBTYPE":"Not Applicable","OWN_TYPE":"Not Reported","OWNSUBTYPE":"Not Applicable","MANG_AUTH":"Not Reported","MANG_PLAN":"Not Reported","VERIF":"State Verified","METADATAID":1852,"PRNT_ISO3":"ARG","ISO3":"ARG","SUPP_INFO":"Not Applicable","CONS_OBJ":"Not Applicable","INLND_WTRS":"Not Reported","OECM_ASMT":"Not Applicable","layer":"WDPA_W~1"}},{"type":"Feature","geometry":{"type":"Polygon","coordinates":[[[-68.92051,-32.54391],[-68.965,-32.45995],[-68.94873,-32.43998],[-68.98178,-32.42934],[-68.99692,-32.435],[-69.02359,-32.44373],[-69.03995,-32.44681],[-69.0499,-32.45797],[-69.11656,-32.43885],[-69.11182,-32.45729],[-69.11545,-32.50982],[-69.14292,-32.51959],[-69.15092,-32.55305],[-69.14704,-32.58633],[-69.16222,-32.59989],[-69.1558,-32.62106],[-69.14923,-32.62492],[-69.14074,-32.67619],[-69.11482,-32.70538],[-69.08892,-32.71811],[-69.07909,-32.71233],[-69.06334,-32.70639],[-69.02969,-32.70203],[-69.00992,-32.67391],[-68.99307,-32.67933],[-68.88214,-32.70088],[-68.86564,-32.69385],[-68.80726,-32.69609],[-68.84043,-32.66645],[-68.86526,-32.62153],[-68.89884,-32.58099],[-68.92051,-32.54391]]]},"properties":{"fid":402,"SITE_ID":555587080,"SITE_PID":"555587080","SITE_TYPE":"PA","NAME_ENG":"Villavicencio","NAME":"Villavicencio","DESIG":"Reserva Privada","DESIG_ENG":"Private Reserve","DESIG_TYPE":"National","IUCN_CAT":"Not Reported","INT_CRIT":"Not Applicable","REALM":"Terrestrial","REP_M_AREA":0,"GIS_M_AREA":0,"REP_AREA":620,"GIS_AREA":624.2923581307481,"NO_TAKE":"Not Applicable","NO_TK_AREA":0,"STATUS":"Designated","STATUS_YR":2000,"GOV_TYPE":"Not Reported","GOVSUBTYPE":"Not Applicable","OWN_TYPE":"Not Reported","OWNSUBTYPE":"Not Applicable","MANG_AUTH":"Not Reported","MANG_PLAN":"Not Reported","VERIF":"State Verified","METADATAID":1852,"PRNT_ISO3":"ARG","ISO3":"ARG","SUPP_INFO":"Not Applicable","CONS_OBJ":"Not Applicable","INLND_WTRS":"Not Reported","OECM_ASMT":"Not Applicable","layer":"WDPA_W~1"}},{"type":"Feature","geometry":{"type":"Polygon","coordinates":[[[-68.76353,-31.44965],[-68.77495,-31.45863],[-68.74967,-31.47494],[-68.74559,-31.45699],[-68.76353,-31.44965]]]},"properties":{"fid":403,"SITE_ID":555587081,"SITE_PID":"555587081","SITE_TYPE":"PA","NAME_ENG":"Dique Quebrada de Ullum","NAME":"Dique Quebrada de Ullum","DESIG":"Paisaje Protegido","DESIG_ENG":"Protected Landscape","DESIG_TYPE":"National","IUCN_CAT":"V","INT_CRIT":"Not Applicable","REALM":"Terrestrial","REP_M_AREA":0,"GIS_M_AREA":0,"REP_AREA":7.6,"GIS_AREA":4.39626933761693,"NO_TAKE":"Not Applicable","NO_TK_AREA":0,"STATUS":"Designated","STATUS_YR":1981,"GOV_TYPE":"Not Reported","GOVSUBTYPE":"Not Applicable","OWN_TYPE":"Not Reported","OWNSUBTYPE":"Not Applicable","MANG_AUTH":"Not Reported","MANG_PLAN":"Not Reported","VERIF":"State Verified","METADATAID":1852,"PRNT_ISO3":"ARG","ISO3":"ARG","SUPP_INFO":"Not Applicable","CONS_OBJ":"Not Applicable","INLND_WTRS":"Not Reported","OECM_ASMT":"Not Applicable","layer":"WDPA_W~1"}},{"type":"Feature","geometry":{"type":"Polygon","coordinates":[[[-60.52841,-31.71568],[-60.51981,-31.71628],[-60.51822,-31.71426],[-60.52841,-31.71568]]]},"properties":{"fid":404,"SITE_ID":555587082,"SITE_PID":"555587082","SITE_TYPE":"PA","NAME_ENG":"Islote Muicipal Curupi","NAME":"Islote Muicipal Curupi","DESIG":"Reserva Municipal","DESIG_ENG":"Municipal Reserve","DESIG_TYPE":"National","IUCN_CAT":"VI","INT_CRIT":"Not Applicable","REALM":"Terrestrial","REP_M_AREA":0,"GIS_M_AREA":0,"REP_AREA":0.15,"GIS_AREA":0.165299850903327,"NO_TAKE":"Not Applicable","NO_TK_AREA":0,"STATUS":"Designated","STATUS_YR":1995,"GOV_TYPE":"Not Reported","GOVSUBTYPE":"Not Applicable","OWN_TYPE":"Not Reported","OWNSUBTYPE":"Not Applicable","MANG_AUTH":"Not Reported","MANG_PLAN":"Not Reported","VERIF":"State Verified","METADATAID":1852,"PRNT_ISO3":"ARG","ISO3":"ARG","SUPP_INFO":"Not Applicable","CONS_OBJ":"Not Applicable","INLND_WTRS":"Not Reported","OECM_ASMT":"Not Applicable","layer":"WDPA_W~1"}},{"type":"Feature","geometry":{"type":"Polygon","coordinates":[[[-59.90832,-33.2359],[-59.90588,-33.2243],[-59.89081,-33.23431],[-59.8747,-33.27728],[-59.83698,-33.2746],[-59.79102,-33.24017],[-59.81879,-33.20148],[-59.77904,-33.16282],[-59.83877,-33.09581],[-59.8576,-33.0932],[-59.89282,-33.03717],[-59.92853,-33.0224],[-59.93683,-33.04071],[-59.95563,-33.00458],[-60.01111,-33.01801],[-60.03979,-33.0069],[-60.04071,-32.98981],[-60.00671,-32.99902],[-60.00311,-32.97919],[-59.96771,-32.97211],[-59.979,-32.95081],[-60.01721,-32.948],[-59.99559,-32.91466],[-59.97094,-32.90976],[-59.9816,-32.87867],[-60.00943,-32.84449],[-60.02959,-32.84514],[-60.02211,-32.82891],[-60.12955,-32.69694],[-60.17517,-32.66806],[-60.20269,-32.61326],[-60.42137,-32.44146],[-60.45142,-32.43579],[-60.4375,-32.47992],[-60.47192,-32.51318],[-60.48431,-32.57898],[-60.50098,-32.55261],[-60.50281,-32.55139],[-60.50568,-32.55341],[-60.50781,-32.552],[-60.5119,-32.55243],[-60.51898,-32.55139],[-60.52478,-32.54761],[-60.52521,-32.5451],[-60.52148,-32.5434],[-60.51959,-32.5412],[-60.5152,-32.53882],[-60.51251,-32.53827],[-60.51208,-32.53772],[-60.51239,-32.53711],[-60.51343,-32.53522],[-60.51361,-32.53418],[-60.51941,-32.53088],[-60.52502,-32.53558],[-60.52692,-32.51721],[-60.54291,-32.52698],[-60.52918,-32.52948],[-60.53119,-32.5733],[-60.52899,-32.5755],[-60.52448,-32.57458],[-60.52087,-32.57532],[-60.52319,-32.58331],[-60.51099,-32.59198],[-60.51563,-32.60901],[-60.56439,-32.61499],[-60.60852,-32.64069],[-60.66858,-32.63031],[-60.68512,-32.68018],[-60.69299,-32.67712],[-60.69513,-32.67297],[-60.70367,-32.66791],[-60.70752,-32.66492],[-60.7113,-32.66242],[-60.72449,-32.66278],[-60.7215,-32.67029],[-60.7196,-32.67981],[-60.71838,-32.6919],[-60.72351,-32.74829],[-60.716,-32.77362],[-60.65888,-32.83118],[-60.6825,-32.87341],[-60.6756,-32.90088],[-60.59363,-32.96088],[-60.59808,-33.01111],[-60.534,-33.06659],[-60.49439,-33.13202],[-60.37097,-33.1767],[-60.31592,-33.1767],[-60.23431,-33.21948],[-60.22729,-33.25598],[-60.198,-33.2243],[-60.17853,-33.25531],[-60.14642,-33.25409],[-60.14911,-33.23187],[-60.1189,-33.22138],[-60.07959,-33.26288],[-60.03619,-33.24829],[-60.05542,-33.23462],[-60.03522,-33.2312],[-60.02521,-33.28589],[-59.94568,-33.23999],[-59.94531,-33.27539],[-59.92169,-33.28241],[-59.8999,-33.27051],[-59.90832,-33.2359]]]},"properties":{"fid":405,"SITE_ID":555587083,"SITE_PID":"555587083","SITE_TYPE":"PA","NAME_ENG":"Islas de Victoria","NAME":"Islas de Victoria","DESIG":"Reserva Natural de Uso Múltiple","DESIG_ENG":"Multiple Use Nature Reserve","DESIG_TYPE":"National","IUCN_CAT":"VI","INT_CRIT":"Not Applicable","REALM":"Terrestrial","REP_M_AREA":0,"GIS_M_AREA":0,"REP_AREA":3760,"GIS_AREA":4303.1773672922,"NO_TAKE":"Not Applicable","NO_TK_AREA":0,"STATUS":"Designated","STATUS_YR":2003,"GOV_TYPE":"Not Reported","GOVSUBTYPE":"Not Applicable","OWN_TYPE":"Not Reported","OWNSUBTYPE":"Not Applicable","MANG_AUTH":"Not Reported","MANG_PLAN":"Not Reported","VERIF":"State Verified","METADATAID":1852,"PRNT_ISO3":"ARG","ISO3":"ARG","SUPP_INFO":"Not Applicable","CONS_OBJ":"Not Applicable","INLND_WTRS":"Not Reported","OECM_ASMT":"Not Applicable","layer":"WDPA_W~1"}}]}