{"type":"FeatureCollection","features":[{"type":"Feature","geometry":{"type":"MultiPolygon","coordinates":[[[[-58.96614,-51.23465],[-58.94748,-51.25613],[-58.95944,-51.26699],[-58.86126,-51.35318],[-58.86679,-51.3717],[-58.88026,-51.3838],[-59.00539,-51.3853],[-58.9995,-51.40917],[-59.01976,-51.41916],[-58.96917,-51.42412],[-58.95875,-51.44723],[-58.98434,-51.44195],[-58.98008,-51.42683],[-59.05155,-51.43379],[-59.1002,-51.41114],[-59.14404,-51.46211],[-59.11487,-51.47909],[-59.09316,-51.46851],[-59.00119,-51.50476],[-58.95276,-51.50785],[-58.94903,-51.51615],[-58.92423,-51.51996],[-58.92005,-51.52776],[-58.91831,-51.52081],[-58.8994,-51.52159],[-58.87959,-51.53035],[-58.85519,-51.50965],[-58.83083,-51.51945],[-58.85226,-51.5111],[-58.84641,-51.52224],[-58.87802,-51.53185],[-58.91658,-51.5243],[-58.93431,-51.54528],[-58.92558,-51.52177],[-58.9503,-51.52124],[-58.98055,-51.50616],[-59.04556,-51.50464],[-59.06531,-51.51969],[-59.02684,-51.56099],[-59.04568,-51.56026],[-59.0369,-51.57231],[-59.04967,-51.57537],[-59.0292,-51.57739],[-59.03633,-51.59115],[-59.01448,-51.60225],[-59.04448,-51.60366],[-59.05937,-51.57995],[-59.07834,-51.58731],[-59.06559,-51.57248],[-59.07995,-51.56817],[-59.08757,-51.52806],[-59.12837,-51.49655],[-59.11326,-51.52867],[-59.1788,-51.58434],[-59.10829,-51.61224],[-59.07662,-51.64304],[-59.04112,-51.64104],[-58.97671,-51.67099],[-59.04832,-51.65379],[-58.9982,-51.67749],[-58.99616,-51.68636],[-59.02499,-51.67245],[-59.00292,-51.69391],[-59.03403,-51.67719],[-59.01952,-51.69034],[-59.04112,-51.70004],[-59.02484,-51.71991],[-59.00866,-51.71123],[-59.00336,-51.75961],[-58.98701,-51.76785],[-59.00169,-51.76331],[-59.00382,-51.77249],[-58.98964,-51.78339],[-58.98306,-51.7748],[-58.97863,-51.78467],[-58.96408,-51.77072],[-58.94917,-51.77415],[-58.97551,-51.78826],[-58.9849,-51.78502],[-59.00979,-51.82383],[-59.02888,-51.81627],[-59.0286,-51.83158],[-59.04894,-51.82742],[-59.04188,-51.81315],[-59.06276,-51.81307],[-59.0309,-51.81248],[-59.04373,-51.78578],[-59.07174,-51.78362],[-59.02463,-51.77521],[-59.02923,-51.7557],[-59.05259,-51.75314],[-59.035,-51.74527],[-59.061,-51.74592],[-59.04069,-51.74207],[-59.05893,-51.72378],[-59.04387,-51.71149],[-59.05597,-51.69047],[-59.08579,-51.69099],[-59.10421,-51.70526],[-59.12564,-51.69694],[-59.15324,-51.70497],[-59.18099,-51.73418],[-59.1978,-51.7221],[-59.22459,-51.76507],[-59.21059,-51.72091],[-59.23099,-51.72139],[-59.24933,-51.73632],[-59.24844,-51.76632],[-59.26135,-51.76682],[-59.26929,-51.74332],[-59.30607,-51.7606],[-59.30225,-51.78078],[-59.29101,-51.77642],[-59.27236,-51.79815],[-59.29167,-51.79623],[-59.30044,-51.80776],[-59.30127,-51.80225],[-59.28889,-51.79258],[-59.30107,-51.78923],[-59.32423,-51.81058],[-59.33621,-51.786],[-59.36145,-51.77763],[-59.35451,-51.82736],[-59.37694,-51.83265],[-59.37927,-51.85815],[-59.393,-51.83307],[-59.41491,-51.83999],[-59.41041,-51.81241],[-59.45613,-51.84714],[-59.44696,-51.82318],[-59.49797,-51.83555],[-59.4954,-51.8486],[-59.51517,-51.85732],[-59.48715,-51.86107],[-59.48954,-51.8691],[-59.45886,-51.86553],[-59.48688,-51.8845],[-59.44481,-51.88917],[-59.50032,-51.89396],[-59.51997,-51.87117],[-59.5378,-51.88188],[-59.51292,-51.91248],[-59.47457,-51.91615],[-59.47468,-51.93007],[-59.50386,-51.92348],[-59.49579,-51.9362],[-59.51597,-51.93849],[-59.5288,-51.92302],[-59.53607,-51.93189],[-59.57503,-51.92238],[-59.5919,-51.90408],[-59.60919,-51.9165],[-59.61472,-51.95063],[-59.57697,-51.96012],[-59.56021,-51.95184],[-59.55358,-51.96362],[-59.52636,-51.96602],[-59.59621,-51.98519],[-59.60937,-51.96809],[-59.64715,-51.96212],[-59.6204,-51.96856],[-59.62314,-51.9796],[-59.60712,-51.97897],[-59.58827,-51.99991],[-59.54564,-52.00515],[-59.57449,-52.00967],[-59.60819,-51.99762],[-59.65394,-52.00582],[-59.64548,-52.01816],[-59.59532,-52.02444],[-59.59287,-52.03406],[-59.62005,-52.03408],[-59.61375,-52.0486],[-59.57431,-52.05149],[-59.57037,-52.06637],[-59.5543,-52.06688],[-59.60396,-52.09301],[-59.61473,-52.0791],[-59.64115,-52.08427],[-59.60739,-52.12205],[-59.63715,-52.12901],[-59.64008,-52.11105],[-59.66197,-52.12712],[-59.67928,-52.12445],[-59.66785,-52.10018],[-59.68379,-52.10914],[-59.69509,-52.09617],[-59.73155,-52.09712],[-59.70706,-52.10756],[-59.73512,-52.12691],[-59.67845,-52.14556],[-59.66215,-52.16976],[-59.6443,-52.15984],[-59.62342,-52.17401],[-59.64569,-52.18142],[-59.61377,-52.18838],[-59.63066,-52.20974],[-59.5523,-52.20499],[-59.59441,-52.24418],[-59.58373,-52.25957],[-59.56251,-52.25148],[-59.54654,-52.25985],[-59.50858,-52.24283],[-59.51478,-52.25494],[-59.49278,-52.26426],[-59.51054,-52.27305],[-59.47832,-52.2754],[-59.49771,-52.31189],[-59.41486,-52.31028],[-59.40702,-52.32589],[-59.42591,-52.33115],[-59.37352,-52.33409],[-59.37018,-52.34284],[-59.39179,-52.34596],[-59.36718,-52.34848],[-59.36408,-52.35937],[-59.30818,-52.35066],[-59.29659,-52.33271],[-59.3166,-52.3275],[-59.33509,-52.34614],[-59.33541,-52.33449],[-59.38315,-52.3191],[-59.37475,-52.29265],[-59.35126,-52.29506],[-59.33602,-52.28352],[-59.34803,-52.26788],[-59.39704,-52.28796],[-59.41466,-52.28399],[-59.34181,-52.25372],[-59.34356,-52.23839],[-59.38782,-52.22638],[-59.32958,-52.21222],[-59.36361,-52.21454],[-59.37791,-52.20511],[-59.43564,-52.24357],[-59.417,-52.2208],[-59.42957,-52.22151],[-59.40031,-52.20371],[-59.46146,-52.22447],[-59.42274,-52.19415],[-59.46432,-52.19612],[-59.3984,-52.17819],[-59.45331,-52.16082],[-59.48687,-52.1658],[-59.43561,-52.1522],[-59.45343,-52.12546],[-59.41515,-52.14093],[-59.41431,-52.16155],[-59.38652,-52.15878],[-59.40872,-52.11643],[-59.37076,-52.14479],[-59.36791,-52.11346],[-59.34931,-52.1612],[-59.29099,-52.14112],[-59.29807,-52.16042],[-59.32466,-52.16987],[-59.31761,-52.18445],[-59.29662,-52.16271],[-59.24883,-52.17262],[-59.25944,-52.19128],[-59.24118,-52.219],[-59.21507,-52.22382],[-59.20102,-52.20325],[-59.17175,-52.21517],[-59.16024,-52.20944],[-59.10496,-52.24196],[-59.06352,-52.23285],[-59.06855,-52.24387],[-59.024,-52.26237],[-59.01136,-52.25561],[-59.05428,-52.2425],[-59.02649,-52.23115],[-59.05059,-52.23548],[-59.05332,-52.21817],[-59.02311,-52.20455],[-59.07135,-52.19803],[-59.0927,-52.2146],[-59.08896,-52.19699],[-59.10282,-52.19717],[-59.08705,-52.18087],[-59.05917,-52.18129],[-59.0726,-52.16868],[-59.03886,-52.16616],[-59.04588,-52.15798],[-59.02554,-52.15552],[-59.02337,-52.14435],[-59.07423,-52.1371],[-59.11654,-52.16397],[-59.10165,-52.14763],[-59.11069,-52.13549],[-59.15787,-52.16214],[-59.14351,-52.14367],[-59.17167,-52.15381],[-59.16205,-52.14277],[-59.17951,-52.14457],[-59.13877,-52.14009],[-59.11408,-52.11745],[-59.10498,-52.12639],[-59.07359,-52.11768],[-59.06798,-52.10295],[-59.09832,-52.09962],[-59.11527,-52.10932],[-59.1347,-52.094],[-59.14748,-52.1067],[-59.1567,-52.09519],[-59.17779,-52.10271],[-59.17715,-52.09182],[-59.14276,-52.09421],[-59.09896,-52.08016],[-59.14943,-52.05775],[-59.1321,-52.03873],[-59.21082,-52.08018],[-59.19069,-52.06552],[-59.19877,-52.05262],[-59.23589,-52.05375],[-59.19068,-52.04418],[-59.18641,-52.02761],[-59.26576,-52.00681],[-59.29459,-52.02928],[-59.26976,-51.99758],[-59.24867,-51.99718],[-59.23892,-52.01098],[-59.16823,-52.01208],[-59.15756,-51.99905],[-59.1895,-51.97175],[-59.15601,-51.99611],[-59.13459,-51.98252],[-59.13977,-51.99439],[-59.11043,-52.00177],[-59.11748,-52.01641],[-59.1008,-52.03043],[-59.07218,-52.016],[-59.059,-52.04306],[-59.01555,-52.0203],[-59.01817,-52.04391],[-58.98486,-52.04513],[-59.00463,-52.04604],[-58.98868,-52.09753],[-58.95284,-52.06051],[-58.92821,-52.11736],[-58.88703,-52.07464],[-58.85975,-52.08456],[-58.89723,-52.0337],[-58.85729,-52.05333],[-58.81472,-52.05658],[-58.82258,-52.02394],[-58.78037,-52.04754],[-58.76615,-52.04107],[-58.77286,-52.04825],[-58.73592,-52.05075],[-58.73915,-52.07866],[-58.72156,-52.0636],[-58.70497,-52.06916],[-58.70119,-52.08743],[-58.67424,-52.09629],[-58.69402,-52.12325],[-58.66847,-52.12258],[-58.65963,-52.14147],[-58.65461,-52.11581],[-58.63728,-52.11403],[-58.66347,-52.05426],[-58.63586,-52.05115],[-58.64597,-52.03608],[-58.66531,-52.03096],[-58.67243,-52.04103],[-58.68801,-52.02376],[-58.64565,-52.02722],[-58.58606,-52.01503],[-58.63153,-52.006],[-58.62997,-51.99534],[-58.60388,-51.9911],[-58.62248,-51.98954],[-58.6068,-51.98324],[-58.614,-51.97554],[-58.6276,-51.98193],[-58.62438,-51.96628],[-58.65543,-51.97523],[-58.65282,-51.96231],[-58.67744,-51.96045],[-58.69384,-51.97352],[-58.69934,-51.95258],[-58.72581,-51.95177],[-58.7257,-51.96693],[-58.73254,-51.95233],[-58.76083,-51.9618],[-58.7659,-51.99312],[-58.76362,-51.97033],[-58.78132,-51.96218],[-58.76911,-51.95616],[-58.79543,-51.95293],[-58.8051,-51.96723],[-58.81655,-51.95306],[-58.80477,-51.94792],[-58.89569,-51.92709],[-58.89757,-51.91761],[-58.88256,-51.90842],[-58.8878,-51.91864],[-58.83233,-51.9201],[-58.79168,-51.94715],[-58.78766,-51.9363],[-58.76028,-51.93681],[-58.89283,-51.90211],[-58.91064,-51.88173],[-58.95454,-51.87504],[-58.97683,-51.85643],[-58.98946,-51.87351],[-58.99151,-51.85741],[-59.01325,-51.87374],[-59.00657,-51.85995],[-59.02358,-51.85287],[-59.04202,-51.86218],[-59.09281,-51.85847],[-59.11563,-51.8765],[-59.09282,-51.85457],[-59.09956,-51.84068],[-59.08274,-51.84424],[-59.08637,-51.85759],[-59.04848,-51.85998],[-59.02147,-51.84914],[-58.97879,-51.85439],[-58.96754,-51.83859],[-58.98436,-51.83873],[-58.96441,-51.8302],[-58.97389,-51.81597],[-58.95018,-51.78726],[-58.93794,-51.82012],[-58.92209,-51.81439],[-58.93712,-51.82161],[-58.93262,-51.8413],[-58.86168,-51.86397],[-58.85657,-51.85274],[-58.88822,-51.84634],[-58.8825,-51.83596],[-58.81426,-51.85683],[-58.85746,-51.85724],[-58.83744,-51.87077],[-58.80578,-51.87582],[-58.8102,-51.86876],[-58.795,-51.88082],[-58.80846,-51.88411],[-58.76412,-51.89888],[-58.74899,-51.89616],[-58.75686,-51.88685],[-58.7361,-51.88873],[-58.74384,-51.88165],[-58.69141,-51.8937],[-58.69108,-51.88111],[-58.71899,-51.87246],[-58.69441,-51.87606],[-58.68554,-51.88797],[-58.66871,-51.89113],[-58.62989,-51.88319],[-58.63976,-51.89286],[-58.68437,-51.89117],[-58.67807,-51.90408],[-58.64002,-51.89415],[-58.63991,-51.90526],[-58.6256,-51.8948],[-58.5577,-51.90633],[-58.5582,-51.89665],[-58.59355,-51.8871],[-58.51755,-51.89521],[-58.51047,-51.88635],[-58.53235,-51.88415],[-58.54057,-51.8798],[-58.54265,-51.86755],[-58.56148,-51.86436],[-58.55304,-51.85981],[-58.56305,-51.85535],[-58.5514,-51.84887],[-58.56549,-51.84667],[-58.57963,-51.83106],[-58.59384,-51.8306],[-58.58371,-51.82821],[-58.56458,-51.82981],[-58.56372,-51.84684],[-58.54883,-51.84806],[-58.55863,-51.85692],[-58.54935,-51.85904],[-58.54411,-51.86511],[-58.53643,-51.8606],[-58.5166,-51.86085],[-58.54164,-51.86472],[-58.53755,-51.87957],[-58.50717,-51.88537],[-58.50366,-51.89505],[-58.39209,-51.90056],[-58.34646,-51.88195],[-58.30685,-51.8829],[-58.31494,-51.86713],[-58.2784,-51.86399],[-58.2978,-51.85953],[-58.27096,-51.85756],[-58.27431,-51.8497],[-58.22517,-51.84548],[-58.22583,-51.85666],[-58.25697,-51.86752],[-58.2479,-51.87389],[-58.21658,-51.86279],[-58.21433,-51.84583],[-58.2359,-51.8285],[-58.1644,-51.81609],[-58.28142,-51.8068],[-58.28769,-51.82881],[-58.3209,-51.83363],[-58.32098,-51.84357],[-58.33756,-51.84354],[-58.32181,-51.84119],[-58.33906,-51.82626],[-58.37293,-51.83306],[-58.35476,-51.82629],[-58.38756,-51.82445],[-58.32415,-51.82288],[-58.33392,-51.8115],[-58.29798,-51.82176],[-58.28636,-51.80044],[-58.2578,-51.8046],[-58.22948,-51.79652],[-58.23962,-51.78983],[-58.12021,-51.79903],[-58.13566,-51.79129],[-58.10913,-51.78843],[-58.23295,-51.78402],[-58.20111,-51.77754],[-58.24144,-51.76588],[-58.23591,-51.7582],[-58.28915,-51.74869],[-58.30599,-51.75396],[-58.29833,-51.74739],[-58.26607,-51.74853],[-58.19317,-51.7662],[-58.18934,-51.75544],[-58.16416,-51.75732],[-58.18435,-51.74263],[-58.15331,-51.73974],[-58.15812,-51.76506],[-58.06497,-51.77169],[-58.09275,-51.76253],[-58.08344,-51.7597],[-58.09152,-51.7572],[-58.06518,-51.7597],[-58.04662,-51.75048],[-58.08678,-51.7419],[-58.06725,-51.73588],[-58.04418,-51.73733],[-58.05137,-51.74596],[-58.04358,-51.75018],[-58.05137,-51.75559],[-58.03616,-51.75807],[-57.88192,-51.74666],[-57.85782,-51.73851],[-58.01225,-51.73477],[-57.89435,-51.72397],[-57.91609,-51.71751],[-57.86903,-51.72993],[-57.71809,-51.68327],[-57.82195,-51.67662],[-57.82669,-51.68393],[-57.78466,-51.69905],[-57.92098,-51.6871],[-57.8313,-51.68204],[-57.9081,-51.6729],[-57.89652,-51.66901],[-57.92072,-51.66564],[-57.92973,-51.65063],[-57.97713,-51.65306],[-57.92701,-51.64883],[-57.8903,-51.67032],[-57.86746,-51.6604],[-57.85888,-51.67534],[-57.80693,-51.65943],[-57.81292,-51.64904],[-57.78786,-51.66087],[-57.7611,-51.64236],[-57.72496,-51.64448],[-57.78442,-51.61664],[-57.88828,-51.59978],[-57.97739,-51.58695],[-58.05946,-51.59202],[-58.06928,-51.57007],[-58.08944,-51.56585],[-58.10862,-51.57234],[-58.0738,-51.57858],[-58.1065,-51.58471],[-58.102,-51.57733],[-58.14953,-51.56709],[-58.1067,-51.56422],[-58.16493,-51.54753],[-58.12026,-51.53682],[-58.1243,-51.52655],[-58.11774,-51.53673],[-58.09557,-51.5323],[-58.11455,-51.511],[-58.01809,-51.53521],[-58.07807,-51.49589],[-58.06311,-51.49368],[-58.03522,-51.50871],[-57.99325,-51.50714],[-57.98695,-51.52697],[-57.95491,-51.54036],[-57.76637,-51.5409],[-57.76617,-51.52639],[-57.8121,-51.51893],[-57.81043,-51.5101],[-57.87497,-51.50921],[-57.89768,-51.4982],[-57.86621,-51.49618],[-57.84381,-51.47477],[-57.83931,-51.48668],[-57.86051,-51.49378],[-57.84717,-51.50186],[-57.79215,-51.50754],[-57.78359,-51.51833],[-57.74193,-51.51266],[-57.83781,-51.4741],[-57.84168,-51.44878],[-57.87095,-51.43249],[-57.85319,-51.41438],[-57.94377,-51.36245],[-58.00392,-51.3771],[-58.01474,-51.40177],[-58.01427,-51.38238],[-58.05541,-51.36958],[-58.09701,-51.38297],[-58.15658,-51.37764],[-58.17567,-51.38796],[-58.2334,-51.38251],[-58.28269,-51.39098],[-58.29143,-51.43023],[-58.3387,-51.4657],[-58.32896,-51.47572],[-58.34191,-51.47029],[-58.38658,-51.4845],[-58.35163,-51.48671],[-58.37848,-51.51269],[-58.35298,-51.51834],[-58.3372,-51.50993],[-58.33309,-51.52038],[-58.29634,-51.48726],[-58.28376,-51.50243],[-58.29791,-51.53063],[-58.26709,-51.51877],[-58.27056,-51.53439],[-58.20128,-51.52421],[-58.21695,-51.54203],[-58.26295,-51.55366],[-58.22027,-51.56343],[-58.24161,-51.57416],[-58.1789,-51.5817],[-58.21158,-51.58676],[-58.14666,-51.61182],[-58.1951,-51.60746],[-58.25218,-51.58437],[-58.26053,-51.60067],[-58.24164,-51.61774],[-58.20462,-51.62237],[-58.22855,-51.62711],[-58.20439,-51.63035],[-58.21727,-51.63265],[-58.21171,-51.64167],[-58.17283,-51.64352],[-58.20218,-51.64476],[-58.22658,-51.63767],[-58.19908,-51.65829],[-58.21256,-51.64927],[-58.2185,-51.66018],[-58.24793,-51.62093],[-58.25682,-51.65218],[-58.24087,-51.65403],[-58.27954,-51.66166],[-58.25632,-51.6455],[-58.25619,-51.6218],[-58.28207,-51.62327],[-58.25222,-51.61444],[-58.28286,-51.5977],[-58.30901,-51.61489],[-58.29207,-51.58861],[-58.26405,-51.5946],[-58.28397,-51.57277],[-58.26471,-51.57296],[-58.27564,-51.55588],[-58.29255,-51.54817],[-58.3087,-51.55682],[-58.32668,-51.53772],[-58.32722,-51.55196],[-58.34557,-51.5545],[-58.32823,-51.56736],[-58.38587,-51.56488],[-58.36852,-51.55144],[-58.39293,-51.54948],[-58.37748,-51.53019],[-58.38891,-51.53784],[-58.40514,-51.52816],[-58.4175,-51.56312],[-58.46273,-51.54771],[-58.42201,-51.53461],[-58.43382,-51.52369],[-58.40978,-51.49054],[-58.43785,-51.50128],[-58.42474,-51.4689],[-58.47317,-51.49115],[-58.46697,-51.47764],[-58.49191,-51.46846],[-58.5106,-51.49213],[-58.52065,-51.48567],[-58.51164,-51.50068],[-58.52984,-51.51196],[-58.5426,-51.49019],[-58.51449,-51.47842],[-58.55995,-51.47563],[-58.52329,-51.4712],[-58.52459,-51.45797],[-58.54373,-51.45724],[-58.5042,-51.45378],[-58.50815,-51.43646],[-58.54179,-51.44465],[-58.51763,-51.42878],[-58.63358,-51.47005],[-58.52291,-51.42907],[-58.59898,-51.43949],[-58.53773,-51.42109],[-58.55101,-51.41919],[-58.53061,-51.41201],[-58.55794,-51.40415],[-58.52748,-51.40492],[-58.50331,-51.3812],[-58.48954,-51.38563],[-58.5194,-51.41979],[-58.50604,-51.42425],[-58.48391,-51.39832],[-58.45704,-51.45504],[-58.37878,-51.44609],[-58.3701,-51.43352],[-58.36533,-51.46529],[-58.35095,-51.46217],[-58.33106,-51.43861],[-58.35874,-51.43284],[-58.32594,-51.43624],[-58.31509,-51.41667],[-58.34083,-51.39047],[-58.37665,-51.39469],[-58.33139,-51.37921],[-58.34298,-51.35451],[-58.38569,-51.34427],[-58.37831,-51.33205],[-58.41213,-51.31575],[-58.45821,-51.31643],[-58.46591,-51.29814],[-58.51335,-51.30954],[-58.53172,-51.29505],[-58.55553,-51.3048],[-58.58377,-51.29929],[-58.60621,-51.32201],[-58.63658,-51.31443],[-58.61765,-51.35046],[-58.58501,-51.34227],[-58.58649,-51.32592],[-58.56882,-51.32352],[-58.58196,-51.3398],[-58.56248,-51.36408],[-58.58004,-51.34755],[-58.59244,-51.36364],[-58.59609,-51.3486],[-58.619,-51.35825],[-58.63956,-51.32387],[-58.67022,-51.33583],[-58.73863,-51.31498],[-58.72043,-51.34144],[-58.73747,-51.35015],[-58.72646,-51.34081],[-58.74582,-51.31745],[-58.9053,-51.27617],[-58.96614,-51.23465]]],[[[-59.38926,-51.33683],[-59.41733,-51.34214],[-59.39774,-51.36753],[-59.45298,-51.35502],[-59.43571,-51.3884],[-59.47617,-51.4036],[-59.39652,-51.42167],[-59.38578,-51.43882],[-59.43943,-51.44706],[-59.46604,-51.4639],[-59.54227,-51.44529],[-59.52042,-51.48081],[-59.54624,-51.46354],[-59.58927,-51.45792],[-59.60148,-51.44254],[-59.54185,-51.43925],[-59.48386,-51.41538],[-59.491,-51.39536],[-59.51993,-51.39933],[-59.57407,-51.43461],[-59.61942,-51.43565],[-59.62729,-51.46885],[-59.63437,-51.43705],[-59.73282,-51.46079],[-59.757,-51.44981],[-59.76932,-51.45872],[-59.8165,-51.45542],[-59.81455,-51.44346],[-59.84251,-51.44376],[-59.80509,-51.43967],[-59.82963,-51.4343],[-59.77341,-51.43455],[-59.73008,-51.42155],[-59.75986,-51.41538],[-59.75779,-51.40537],[-59.77134,-51.42075],[-59.87559,-51.41386],[-59.81992,-51.39524],[-59.89066,-51.41074],[-59.89628,-51.42387],[-59.90244,-51.41843],[-59.88889,-51.40745],[-59.90848,-51.40238],[-59.86033,-51.39072],[-59.88657,-51.38218],[-59.91817,-51.38505],[-59.90299,-51.39054],[-59.91508,-51.39634],[-59.95975,-51.39579],[-59.9636,-51.41196],[-59.97526,-51.40604],[-59.98008,-51.41978],[-60.00254,-51.42112],[-60.01993,-51.40305],[-59.98325,-51.38853],[-60.00999,-51.38084],[-60.05094,-51.38822],[-60.03165,-51.41703],[-60.0814,-51.40836],[-60.06809,-51.42142],[-60.09965,-51.43784],[-60.09208,-51.45048],[-60.00944,-51.45554],[-59.98295,-51.47459],[-60.04465,-51.48008],[-60.05247,-51.49302],[-60.08109,-51.48392],[-60.10813,-51.50449],[-60.13212,-51.49436],[-60.13004,-51.50645],[-60.16971,-51.49863],[-60.15092,-51.48447],[-60.20206,-51.49778],[-60.24509,-51.49406],[-60.3585,-51.45444],[-60.4047,-51.42045],[-60.44486,-51.40348],[-60.45341,-51.41166],[-60.45054,-51.4022],[-60.48752,-51.38712],[-60.66441,-51.34],[-60.61039,-51.35947],[-60.66453,-51.36069],[-60.64451,-51.37888],[-60.63053,-51.37656],[-60.62876,-51.4036],[-60.65067,-51.41404],[-60.61381,-51.42167],[-60.60014,-51.43937],[-60.52183,-51.45103],[-60.45438,-51.43748],[-60.44639,-51.45402],[-60.42173,-51.45518],[-60.38303,-51.48576],[-60.38594,-51.50501],[-60.48221,-51.49009],[-60.50809,-51.49998],[-60.51182,-51.52659],[-60.49564,-51.53922],[-60.47562,-51.53196],[-60.43162,-51.54154],[-60.40568,-51.56235],[-60.39103,-51.54484],[-60.39786,-51.56693],[-60.33286,-51.58036],[-60.30253,-51.56089],[-60.34757,-51.54465],[-60.322,-51.5366],[-60.29125,-51.55553],[-60.31339,-51.57694],[-60.26511,-51.5684],[-60.30747,-51.57938],[-60.30503,-51.59775],[-60.22068,-51.61448],[-60.25553,-51.62748],[-60.22086,-51.63151],[-60.18278,-51.66595],[-60.13456,-51.68333],[-60.111,-51.67057],[-60.09942,-51.67111],[-60.09458,-51.67686],[-60.09043,-51.67728],[-60.08671,-51.6641],[-60.08414,-51.66947],[-60.08976,-51.67771],[-60.09458,-51.67936],[-60.09428,-51.68137],[-60.07493,-51.69486],[-60.09568,-51.69102],[-60.09403,-51.6981],[-60.07114,-51.69987],[-60.07096,-51.68796],[-60.02476,-51.69907],[-60.04368,-51.70512],[-60.09385,-51.69993],[-60.08604,-51.71348],[-59.97379,-51.74229],[-60.08646,-51.72227],[-60.10062,-51.70622],[-60.17063,-51.69169],[-60.23344,-51.65629],[-60.28214,-51.68003],[-60.36838,-51.67167],[-60.52097,-51.71226],[-60.61655,-51.67661],[-60.61082,-51.69608],[-60.65297,-51.66833],[-60.66312,-51.68498],[-60.64017,-51.72825],[-60.59092,-51.77488],[-60.56101,-51.77177],[-60.56968,-51.7996],[-60.53892,-51.80698],[-60.5247,-51.79368],[-60.55582,-51.79356],[-60.5214,-51.76035],[-60.49985,-51.76981],[-60.48026,-51.75956],[-60.48411,-51.77189],[-60.45859,-51.77433],[-60.40989,-51.74503],[-60.35862,-51.75596],[-60.37168,-51.73087],[-60.38798,-51.73154],[-60.38236,-51.71732],[-60.361,-51.71018],[-60.34299,-51.7183],[-60.31803,-51.69663],[-60.3115,-51.71348],[-60.28855,-51.72044],[-60.24772,-51.69566],[-60.19535,-51.69987],[-60.18095,-51.70866],[-60.18284,-51.75211],[-60.21397,-51.79221],[-60.23014,-51.77244],[-60.25883,-51.78776],[-60.26963,-51.77836],[-60.25553,-51.7653],[-60.28074,-51.77189],[-60.26609,-51.74943],[-60.3245,-51.76121],[-60.32969,-51.7797],[-60.32151,-51.76792],[-60.31913,-51.77915],[-60.29423,-51.7786],[-60.32834,-51.80381],[-60.29764,-51.81358],[-60.29203,-51.82963],[-60.30418,-51.84007],[-60.33396,-51.81931],[-60.34318,-51.85386],[-60.32737,-51.86417],[-60.34299,-51.85978],[-60.3386,-51.86881],[-60.36429,-51.87693],[-60.35166,-51.86118],[-60.38358,-51.85569],[-60.38224,-51.84568],[-60.41886,-51.86899],[-60.39756,-51.84513],[-60.40885,-51.84128],[-60.38004,-51.83811],[-60.37359,-51.81646],[-60.35673,-51.81492],[-60.37205,-51.79697],[-60.39005,-51.8115],[-60.40006,-51.79984],[-60.41843,-51.81821],[-60.40543,-51.79453],[-60.37302,-51.78684],[-60.37266,-51.77091],[-60.38651,-51.77763],[-60.37278,-51.76542],[-60.4047,-51.7808],[-60.40568,-51.77146],[-60.41953,-51.79221],[-60.43723,-51.79026],[-60.41489,-51.77],[-60.44913,-51.7783],[-60.47739,-51.81821],[-60.44547,-51.85154],[-60.47718,-51.87203],[-60.44968,-51.87595],[-60.49711,-51.90818],[-60.49949,-51.93174],[-60.54703,-51.94175],[-60.62919,-51.91795],[-60.64506,-51.92478],[-60.62479,-51.93626],[-60.56254,-51.93796],[-60.54319,-51.95383],[-60.5004,-51.95316],[-60.49106,-51.94163],[-60.46983,-51.94614],[-60.42106,-51.92338],[-60.39731,-51.92558],[-60.43308,-51.96262],[-60.57047,-51.98417],[-60.51908,-52.00364],[-60.50346,-52.02311],[-60.53403,-52.0073],[-60.54539,-52.02695],[-60.5366,-52.00254],[-60.57212,-51.98936],[-60.58115,-52.00608],[-60.5554,-52.02622],[-60.58543,-52.0095],[-60.60819,-52.02653],[-60.59501,-52.00828],[-60.60807,-52.00443],[-60.5875,-52.00529],[-60.57737,-51.98692],[-60.5864,-51.98154],[-60.61625,-51.9791],[-60.61722,-51.98484],[-60.62821,-51.98069],[-60.63413,-51.99937],[-60.63956,-51.99278],[-60.63395,-51.9918],[-60.6301,-51.97935],[-60.62394,-51.97849],[-60.64921,-51.96854],[-60.67319,-51.9755],[-60.66935,-52.00456],[-60.65372,-52.00858],[-60.67032,-52.01707],[-60.6533,-52.0225],[-60.67673,-52.03257],[-60.63907,-52.03776],[-60.68345,-52.04697],[-60.69035,-51.96989],[-60.70237,-51.97465],[-60.69181,-52.00413],[-60.72184,-52.01237],[-60.71226,-52.0051],[-60.73215,-52.00211],[-60.70762,-51.98539],[-60.72776,-51.98527],[-60.70402,-51.96397],[-60.7313,-51.96262],[-60.75327,-51.97758],[-60.74491,-51.96177],[-60.77506,-51.96714],[-60.77805,-51.95737],[-60.84501,-51.95371],[-60.85416,-51.96921],[-60.82798,-51.97562],[-60.83854,-51.98484],[-60.82047,-51.98771],[-60.82084,-52.00199],[-60.79111,-51.98936],[-60.79355,-51.99924],[-60.74638,-52.00199],[-60.75065,-52.02256],[-60.80082,-52.02586],[-60.81014,-52.0362],[-60.85966,-52.04203],[-60.89628,-52.02842],[-60.87052,-52.0709],[-60.81205,-52.06077],[-60.85654,-52.08518],[-60.87669,-52.0734],[-60.92014,-52.08329],[-60.8823,-52.07328],[-60.91752,-52.06779],[-60.89329,-52.05875],[-60.8967,-52.03709],[-60.97953,-52.04887],[-61.00449,-52.03995],[-61.00376,-52.01908],[-61.02408,-52.00761],[-61.06779,-52.0073],[-61.0781,-52.01676],[-61.04215,-52.01499],[-61.04819,-52.07218],[-61.01981,-52.08054],[-61.01188,-52.07352],[-61.02323,-52.04282],[-60.9968,-52.07426],[-60.97361,-52.07804],[-60.97843,-52.08768],[-60.947,-52.09025],[-60.93302,-52.11649],[-60.85886,-52.12431],[-60.85941,-52.1461],[-60.81785,-52.1514],[-60.82541,-52.17252],[-60.79484,-52.18998],[-60.7205,-52.18681],[-60.71952,-52.17625],[-60.77079,-52.16721],[-60.79617,-52.14004],[-60.84458,-52.12754],[-60.85007,-52.10703],[-60.81467,-52.09794],[-60.81101,-52.11234],[-60.76426,-52.11027],[-60.74338,-52.12424],[-60.7161,-52.10288],[-60.71146,-52.11863],[-60.66618,-52.13773],[-60.71531,-52.12949],[-60.74691,-52.14411],[-60.71751,-52.16044],[-60.70157,-52.1417],[-60.70444,-52.1735],[-60.66141,-52.15434],[-60.69694,-52.17924],[-60.67209,-52.19242],[-60.62931,-52.17539],[-60.66508,-52.19297],[-60.63193,-52.21464],[-60.67319,-52.19981],[-60.69639,-52.21311],[-60.66648,-52.22275],[-60.68143,-52.23545],[-60.65275,-52.25907],[-60.61851,-52.25944],[-60.62247,-52.23234],[-60.60465,-52.25114],[-60.59501,-52.2349],[-60.57145,-52.23576],[-60.50425,-52.20383],[-60.551,-52.18418],[-60.52219,-52.1912],[-60.50577,-52.1879],[-60.51279,-52.17912],[-60.49003,-52.18064],[-60.51932,-52.15922],[-60.53513,-52.16721],[-60.52415,-52.15513],[-60.54471,-52.13651],[-60.57651,-52.16447],[-60.55772,-52.13798],[-60.58677,-52.13425],[-60.58597,-52.12608],[-60.54337,-52.11247],[-60.54349,-52.13084],[-60.5084,-52.15812],[-60.486,-52.16599],[-60.4733,-52.14964],[-60.46628,-52.17857],[-60.44321,-52.16965],[-60.46519,-52.15977],[-60.41636,-52.14433],[-60.40733,-52.17216],[-60.36826,-52.17625],[-60.40458,-52.12485],[-60.50071,-52.11069],[-60.45829,-52.10276],[-60.45066,-52.1143],[-60.40867,-52.12003],[-60.3881,-52.13566],[-60.38114,-52.11179],[-60.40757,-52.0911],[-60.38102,-52.10313],[-60.32792,-52.10136],[-60.34739,-52.11411],[-60.37754,-52.10825],[-60.38071,-52.15378],[-60.35355,-52.16105],[-60.26639,-52.08933],[-60.24235,-52.01859],[-60.25803,-52.0239],[-60.28251,-52.08201],[-60.28184,-52.02049],[-60.29514,-52.0264],[-60.31144,-52.00828],[-60.29709,-52.01017],[-60.3278,-51.99937],[-60.3353,-51.99345],[-60.3574,-52.00663],[-60.34263,-51.99442],[-60.33561,-51.9921],[-60.33091,-51.99412],[-60.32834,-51.96891],[-60.34055,-51.96482],[-60.33616,-51.96],[-60.35972,-51.95792],[-60.36936,-51.93229],[-60.33066,-51.93906],[-60.32834,-51.96],[-60.30912,-51.93284],[-60.30955,-51.94987],[-60.33121,-51.96232],[-60.32657,-51.96714],[-60.32804,-51.99308],[-60.29416,-52.00608],[-60.29008,-52.01432],[-60.27457,-52.00169],[-60.28446,-51.99345],[-60.26676,-51.99802],[-60.20963,-51.96781],[-60.24198,-51.9929],[-60.20701,-51.97922],[-60.22086,-51.9943],[-60.17148,-51.96812],[-60.23905,-52.01676],[-60.16245,-52.00376],[-60.10007,-52.00828],[-60.08787,-51.97086],[-60.10197,-51.96177],[-60.08756,-51.96439],[-60.0792,-51.93534],[-60.06724,-51.94999],[-60.05167,-51.94315],[-60.07548,-51.96165],[-60.03727,-51.96946],[-60.01749,-51.95963],[-59.99735,-51.96958],[-60.0178,-51.96744],[-59.9968,-51.98234],[-60.0178,-51.99882],[-60.00431,-52.00584],[-59.91947,-51.96659],[-59.90098,-51.9788],[-59.85953,-51.96409],[-59.83445,-51.89707],[-59.78397,-51.86173],[-59.74918,-51.81071],[-59.77396,-51.82005],[-59.75303,-51.80564],[-59.72666,-51.81425],[-59.62864,-51.75407],[-59.61918,-51.74375],[-59.66428,-51.74363],[-59.6074,-51.73087],[-59.54374,-51.64628],[-59.6027,-51.68632],[-59.58903,-51.66111],[-59.5026,-51.60203],[-59.53843,-51.6478],[-59.43888,-51.585],[-59.48093,-51.6323],[-59.44096,-51.63425],[-59.39084,-51.60679],[-59.38578,-51.57963],[-59.33835,-51.52836],[-59.34617,-51.52055],[-59.39579,-51.55674],[-59.36808,-51.52714],[-59.3931,-51.53648],[-59.3585,-51.50779],[-59.38157,-51.50272],[-59.48014,-51.52604],[-59.37742,-51.49863],[-59.35386,-51.50755],[-59.36619,-51.48655],[-59.33121,-51.49259],[-59.33451,-51.52415],[-59.20182,-51.43827],[-59.29191,-51.46378],[-59.27158,-51.45774],[-59.29172,-51.45188],[-59.26627,-51.44584],[-59.29203,-51.43113],[-59.19413,-51.40006],[-59.22483,-51.40165],[-59.30631,-51.37821],[-59.38926,-51.33683]]],[[[-37.71608,-53.99232],[-37.73357,-53.98118],[-37.72829,-54.00845],[-37.76498,-54.00395],[-37.82823,-54.02154],[-37.87739,-54.00117],[-37.9532,-54.00659],[-37.96914,-54.02468],[-38.00874,-54.00931],[-38.02116,-54.01868],[-37.99779,-54.03282],[-38.02211,-54.0618],[-38.04767,-54.06813],[-38.00426,-54.06161],[-38.01278,-54.07251],[-37.99575,-54.07212],[-37.97571,-54.06118],[-37.98218,-54.05062],[-37.95168,-54.04015],[-37.94697,-54.0499],[-37.88477,-54.06265],[-37.82195,-54.03558],[-37.80453,-54.06104],[-37.79102,-54.04781],[-37.74781,-54.05756],[-37.69969,-54.03505],[-37.66909,-54.03386],[-37.6611,-54.05285],[-37.61322,-54.04419],[-37.60761,-54.0558],[-37.65182,-54.06661],[-37.64606,-54.07812],[-37.70184,-54.08493],[-37.73324,-54.10996],[-37.68537,-54.11362],[-37.67371,-54.10382],[-37.63802,-54.11743],[-37.7321,-54.13813],[-37.72877,-54.15027],[-37.67142,-54.15779],[-37.69394,-54.17773],[-37.63335,-54.17896],[-37.62955,-54.19134],[-37.54331,-54.17054],[-37.54626,-54.15322],[-37.58134,-54.15212],[-37.56026,-54.14846],[-37.56088,-54.13547],[-37.511,-54.14199],[-37.48026,-54.12685],[-37.47736,-54.13789],[-37.4074,-54.1525],[-37.23141,-54.14932],[-37.22513,-54.16669],[-37.28952,-54.16526],[-37.29257,-54.17454],[-37.41582,-54.18696],[-37.39174,-54.21194],[-37.30627,-54.23031],[-37.3344,-54.24359],[-37.41813,-54.25123],[-37.42084,-54.27659],[-37.40504,-54.27526],[-37.40695,-54.25722],[-37.40186,-54.27117],[-37.38463,-54.2658],[-37.38786,-54.25532],[-37.37468,-54.27117],[-37.34941,-54.26874],[-37.3635,-54.2834],[-37.33418,-54.2706],[-37.30344,-54.27478],[-37.25756,-54.25513],[-37.25395,-54.23976],[-37.22094,-54.23898],[-37.22725,-54.25456],[-37.21216,-54.24799],[-37.20408,-54.26665],[-37.17252,-54.27364],[-37.15182,-54.26379],[-37.10556,-54.28873],[-37.08658,-54.28107],[-37.08149,-54.30924],[-37.10928,-54.32471],[-37.08929,-54.32875],[-37.08582,-54.31785],[-37.06659,-54.33794],[-37.05717,-54.32523],[-37.0466,-54.34736],[-37.01876,-54.34217],[-37.03042,-54.35388],[-37.01348,-54.36016],[-36.94876,-54.35959],[-36.91611,-54.33494],[-36.85358,-54.35492],[-36.90318,-54.37275],[-36.88477,-54.37287],[-36.89491,-54.39071],[-36.84676,-54.38203],[-36.83998,-54.40816],[-36.80153,-54.40036],[-36.78352,-54.41394],[-36.81795,-54.45841],[-36.74013,-54.46638],[-36.73834,-54.47882],[-36.68295,-54.49149],[-36.65437,-54.48297],[-36.64464,-54.49162],[-36.66175,-54.49337],[-36.66233,-54.50805],[-36.64139,-54.51795],[-36.61503,-54.52046],[-36.58072,-54.50267],[-36.49988,-54.508],[-36.519,-54.52031],[-36.46459,-54.53185],[-36.49947,-54.56892],[-36.42353,-54.58888],[-36.41461,-54.61728],[-36.35503,-54.65483],[-36.3681,-54.66797],[-36.30706,-54.70623],[-36.32197,-54.70637],[-36.3272,-54.72541],[-36.30801,-54.73306],[-36.31246,-54.74701],[-36.25612,-54.7698],[-36.27564,-54.77143],[-36.26559,-54.79653],[-36.23108,-54.81262],[-36.21354,-54.80353],[-36.20988,-54.82443],[-36.15664,-54.83445],[-36.14609,-54.84493],[-36.15987,-54.85036],[-36.12839,-54.84752],[-36.134,-54.86326],[-36.10578,-54.85631],[-36.13175,-54.87383],[-36.1184,-54.88734],[-36.10792,-54.88185],[-36.10721,-54.90035],[-36.07674,-54.8728],[-36.07078,-54.88638],[-36.05197,-54.88242],[-36.04258,-54.85447],[-36.01436,-54.88366],[-36.00866,-54.86166],[-36.02873,-54.85357],[-36.00464,-54.85842],[-35.99985,-54.87189],[-35.99053,-54.85979],[-35.98188,-54.8818],[-35.96185,-54.86779],[-35.97792,-54.85585],[-35.93745,-54.85731],[-35.9657,-54.83365],[-36.01657,-54.84363],[-36.04801,-54.83479],[-36.01816,-54.83869],[-35.99526,-54.82516],[-36.06664,-54.81954],[-36.0774,-54.81191],[-36.03618,-54.81153],[-36.09091,-54.78671],[-36.12481,-54.78537],[-36.10802,-54.77767],[-36.11943,-54.75161],[-36.10538,-54.77076],[-36.07927,-54.76841],[-36.0604,-54.78565],[-35.97657,-54.81381],[-35.93939,-54.80995],[-35.95147,-54.7918],[-35.93155,-54.80572],[-35.9397,-54.81291],[-35.91419,-54.81522],[-35.89551,-54.78373],[-35.88729,-54.80372],[-35.8824,-54.78545],[-35.84238,-54.80054],[-35.79409,-54.77796],[-35.80547,-54.76761],[-35.79175,-54.76119],[-35.83429,-54.76403],[-35.87181,-54.7321],[-35.91853,-54.73144],[-35.9266,-54.71484],[-35.97162,-54.70401],[-35.91617,-54.6975],[-35.92554,-54.6496],[-35.96444,-54.62273],[-35.92804,-54.62023],[-35.92196,-54.58745],[-35.90216,-54.59317],[-35.9121,-54.57484],[-35.89364,-54.54527],[-35.98266,-54.57787],[-35.9902,-54.59731],[-35.99567,-54.5765],[-36.02319,-54.56523],[-36.09112,-54.57504],[-36.11241,-54.54738],[-36.07932,-54.53683],[-36.08715,-54.51995],[-36.03946,-54.52011],[-36.00881,-54.50474],[-36.03616,-54.50043],[-36.056,-54.47259],[-36.14734,-54.46263],[-36.17701,-54.44962],[-36.18679,-54.43483],[-36.16959,-54.42291],[-36.18793,-54.41417],[-36.16517,-54.41157],[-36.18569,-54.39448],[-36.15746,-54.37449],[-36.18424,-54.38842],[-36.2061,-54.38087],[-36.26417,-54.39099],[-36.20778,-54.34894],[-36.24588,-54.35114],[-36.24316,-54.34019],[-36.26786,-54.33904],[-36.23954,-54.33267],[-36.2403,-54.32144],[-36.25981,-54.32333],[-36.25083,-54.28727],[-36.29862,-54.30076],[-36.29484,-54.26937],[-36.32798,-54.27291],[-36.32953,-54.26283],[-36.35539,-54.26511],[-36.40015,-54.244],[-36.40123,-54.27682],[-36.33068,-54.34972],[-36.34803,-54.37426],[-36.39265,-54.36433],[-36.44405,-54.31441],[-36.48486,-54.36242],[-36.52188,-54.35581],[-36.5012,-54.35628],[-36.49459,-54.31198],[-36.47766,-54.3062],[-36.50754,-54.28306],[-36.48489,-54.28365],[-36.46809,-54.26474],[-36.46607,-54.24874],[-36.48813,-54.23887],[-36.50056,-54.25267],[-36.50937,-54.2382],[-36.53954,-54.24263],[-36.61192,-54.28401],[-36.63146,-54.27475],[-36.67353,-54.30034],[-36.69828,-54.30159],[-36.65129,-54.27175],[-36.70467,-54.24984],[-36.69888,-54.23346],[-36.64367,-54.24278],[-36.61829,-54.23384],[-36.61384,-54.21598],[-36.58483,-54.21088],[-36.59377,-54.18972],[-36.54481,-54.19939],[-36.52621,-54.18652],[-36.48956,-54.19941],[-36.49045,-54.18182],[-36.52696,-54.18464],[-36.56099,-54.16435],[-36.6383,-54.17644],[-36.66457,-54.19288],[-36.70421,-54.18721],[-36.7071,-54.17468],[-36.65301,-54.16834],[-36.70896,-54.16203],[-36.68057,-54.15123],[-36.68834,-54.13701],[-36.64432,-54.1463],[-36.62655,-54.13044],[-36.64275,-54.12056],[-36.67341,-54.12662],[-36.66722,-54.11364],[-36.69275,-54.1197],[-36.72993,-54.10547],[-36.73945,-54.11299],[-36.76916,-54.10674],[-36.78563,-54.1159],[-36.78555,-54.15092],[-36.80705,-54.15412],[-36.82591,-54.13123],[-36.80925,-54.09545],[-36.8565,-54.07914],[-36.87223,-54.09299],[-36.89608,-54.07832],[-36.94104,-54.08567],[-36.95464,-54.10536],[-36.9975,-54.11606],[-37.00193,-54.12923],[-37.01619,-54.12515],[-37.01319,-54.13501],[-37.04906,-54.13638],[-37.03334,-54.11204],[-36.97366,-54.0864],[-36.98736,-54.07208],[-36.96969,-54.06671],[-36.98857,-54.05565],[-37.00451,-54.08044],[-37.02381,-54.06811],[-37.07218,-54.07862],[-37.12027,-54.11391],[-37.11021,-54.12887],[-37.15185,-54.13401],[-37.16487,-54.12693],[-37.14236,-54.11608],[-37.15167,-54.08456],[-37.1045,-54.06685],[-37.16013,-54.06679],[-37.13032,-54.05857],[-37.14579,-54.05378],[-37.13471,-54.04241],[-37.18,-54.04481],[-37.18994,-54.06954],[-37.22237,-54.05579],[-37.25149,-54.09504],[-37.26937,-54.05558],[-37.31877,-54.06077],[-37.35748,-54.04945],[-37.4185,-54.06777],[-37.50036,-54.06206],[-37.43975,-54.04179],[-37.45774,-54.03408],[-37.43633,-54.02351],[-37.45624,-54.01488],[-37.3835,-54.00631],[-37.36616,-53.99182],[-37.41884,-53.98589],[-37.43447,-54.00303],[-37.45703,-53.9951],[-37.4718,-54.01202],[-37.55068,-54.02723],[-37.59694,-54.00974],[-37.6866,-54.01573],[-37.6756,-53.98811],[-37.71608,-53.99232]]],[[[-60.88442,-51.76507],[-60.90076,-51.76249],[-60.89433,-51.77626],[-60.91569,-51.77939],[-60.89219,-51.81092],[-60.87547,-51.80544],[-60.90577,-51.83008],[-60.90331,-51.85723],[-60.91853,-51.83143],[-60.93465,-51.8511],[-60.948,-51.8404],[-60.95423,-51.86554],[-61.01306,-51.87002],[-61.0522,-51.88923],[-61.02914,-51.8721],[-61.03334,-51.858],[-60.96218,-51.82743],[-60.96326,-51.81561],[-60.93365,-51.81306],[-60.95119,-51.79873],[-60.98874,-51.80544],[-60.97757,-51.7785],[-61.03876,-51.78436],[-61.03347,-51.81526],[-61.05322,-51.8118],[-61.06356,-51.82541],[-61.03816,-51.84515],[-61.0929,-51.82412],[-61.11764,-51.83685],[-61.10126,-51.80913],[-61.14205,-51.81907],[-61.13244,-51.8259],[-61.15154,-51.83806],[-61.167,-51.83226],[-61.16096,-51.85256],[-61.12745,-51.84131],[-61.13644,-51.85218],[-61.09348,-51.84825],[-61.10082,-51.85943],[-61.13406,-51.85926],[-61.13667,-51.88107],[-61.11886,-51.88119],[-61.13744,-51.90417],[-61.11702,-51.91014],[-61.10104,-51.90103],[-61.09884,-51.9314],[-61.07927,-51.91529],[-61.0689,-51.93507],[-61.03866,-51.92531],[-61.07413,-51.94197],[-61.04139,-51.95215],[-61.05772,-51.96645],[-61.03217,-51.96514],[-61.00208,-51.98925],[-60.97597,-51.98431],[-60.96698,-51.96457],[-60.89876,-51.95266],[-60.92585,-51.93688],[-60.8909,-51.93739],[-60.87093,-51.91717],[-60.87053,-51.90101],[-60.91038,-51.9108],[-60.91557,-51.89616],[-60.87188,-51.89014],[-60.89819,-51.88364],[-60.88119,-51.87669],[-60.88186,-51.82203],[-60.85658,-51.78855],[-60.86334,-51.76494],[-60.88442,-51.76507]]],[[[-60.29376,-51.26544],[-60.32556,-51.26263],[-60.30469,-51.29358],[-60.23944,-51.30829],[-60.20203,-51.34296],[-60.1391,-51.36035],[-60.16406,-51.36407],[-60.12164,-51.36475],[-60.13007,-51.38818],[-60.14648,-51.38092],[-60.13782,-51.39148],[-60.17621,-51.39685],[-60.18695,-51.38971],[-60.16901,-51.38],[-60.2326,-51.33856],[-60.24316,-51.36078],[-60.28442,-51.36957],[-60.27399,-51.396],[-60.31567,-51.38928],[-60.25769,-51.4137],[-60.20062,-51.39685],[-60.19775,-51.40631],[-60.17078,-51.39807],[-60.10999,-51.40369],[-60.12109,-51.39618],[-60.09821,-51.38452],[-60.10767,-51.37891],[-60.08026,-51.38245],[-60.08301,-51.36377],[-60.04474,-51.33789],[-60.07904,-51.32843],[-60.0622,-51.31317],[-60.0863,-51.31415],[-60.09137,-51.30347],[-60.15759,-51.31647],[-60.23065,-51.30731],[-60.2655,-51.27179],[-60.29376,-51.26544]]],[[[-59.7622,-51.24821],[-59.83791,-51.26432],[-59.81155,-51.28034],[-59.72833,-51.30062],[-59.72189,-51.29293],[-59.71471,-51.30324],[-59.68038,-51.29412],[-59.61952,-51.30506],[-59.58629,-51.34374],[-59.46145,-51.35106],[-59.48537,-51.33254],[-59.47783,-51.30331],[-59.45945,-51.32774],[-59.42442,-51.33808],[-59.49152,-51.27582],[-59.5178,-51.27501],[-59.51717,-51.28589],[-59.54944,-51.27804],[-59.5463,-51.30222],[-59.58773,-51.31137],[-59.60056,-51.3053],[-59.58828,-51.28258],[-59.60336,-51.28486],[-59.58816,-51.27024],[-59.60343,-51.26285],[-59.69615,-51.2727],[-59.72576,-51.26839],[-59.7265,-51.257],[-59.74373,-51.26487],[-59.7622,-51.24821]]],[[[-58.42226,-51.98853],[-58.42617,-52.0062],[-58.48447,-51.98942],[-58.4698,-52.00305],[-58.49077,-51.99678],[-58.49347,-52.00584],[-58.52298,-52.00803],[-58.5123,-52.01598],[-58.53354,-52.01033],[-58.55359,-52.02265],[-58.52236,-52.04037],[-58.51328,-52.05545],[-58.52927,-52.05889],[-58.48101,-52.07065],[-58.47307,-52.08517],[-58.44604,-52.07571],[-58.44554,-52.08715],[-58.46724,-52.09225],[-58.44856,-52.10206],[-58.41376,-52.09701],[-58.43327,-52.08915],[-58.42549,-52.06695],[-58.44224,-52.05011],[-58.42383,-52.02697],[-58.43532,-52.02384],[-58.44657,-52.04127],[-58.46648,-52.04003],[-58.47173,-52.02719],[-58.44163,-52.02978],[-58.45508,-52.00811],[-58.42044,-52.02428],[-58.40379,-52.01444],[-58.41424,-52.00071],[-58.39724,-51.9994],[-58.42226,-51.98853]]],[[[-59.77297,-52.15406],[-59.78205,-52.14012],[-59.80824,-52.16859],[-59.78623,-52.18531],[-59.7613,-52.17912],[-59.74163,-52.19135],[-59.73971,-52.22284],[-59.75399,-52.22909],[-59.73959,-52.24479],[-59.76065,-52.24979],[-59.76211,-52.2667],[-59.74711,-52.29605],[-59.73051,-52.26171],[-59.71758,-52.26666],[-59.68314,-52.24585],[-59.68946,-52.22907],[-59.67013,-52.22215],[-59.69378,-52.21773],[-59.69743,-52.16828],[-59.76802,-52.17394],[-59.77297,-52.15406]]],[[[-59.95788,-51.28558],[-60.04455,-51.30554],[-59.98873,-51.34518],[-59.93057,-51.35646],[-59.91982,-51.33661],[-59.94884,-51.31566],[-59.91713,-51.32654],[-59.89873,-51.31265],[-59.92332,-51.31555],[-59.95788,-51.28558]]],[[[-61.23104,-51.79621],[-61.23857,-51.81439],[-61.26578,-51.80851],[-61.26192,-51.83064],[-61.30701,-51.80035],[-61.29753,-51.83073],[-61.30889,-51.81799],[-61.34746,-51.83338],[-61.2408,-51.87883],[-61.20464,-51.84985],[-61.26468,-51.86151],[-61.22931,-51.84202],[-61.25354,-51.83175],[-61.23946,-51.82104],[-61.21092,-51.83001],[-61.19569,-51.82246],[-61.23104,-51.79621]]],[[[-59.68749,-52.30724],[-59.67899,-52.30174],[-59.74558,-52.31748],[-59.75114,-52.30873],[-59.76365,-52.34378],[-59.78388,-52.33971],[-59.81624,-52.36131],[-59.78683,-52.36339],[-59.78672,-52.3773],[-59.76003,-52.38327],[-59.73562,-52.35957],[-59.75383,-52.34884],[-59.68749,-52.30724]]],[[[-58.82824,-52.15883],[-58.82618,-52.13308],[-58.86189,-52.17872],[-58.85658,-52.2142],[-58.88502,-52.22189],[-58.91474,-52.21377],[-58.93664,-52.23491],[-58.94904,-52.22435],[-58.96898,-52.23643],[-58.99016,-52.22272],[-59.00382,-52.24825],[-58.93579,-52.24319],[-58.83545,-52.2107],[-58.82626,-52.19916],[-58.85034,-52.17049],[-58.82824,-52.15883]]],[[[-61.2543,-51.68248],[-61.26872,-51.67726],[-61.27655,-51.69529],[-61.33309,-51.69209],[-61.30927,-51.72208],[-61.31567,-51.74757],[-61.29372,-51.76422],[-61.2749,-51.74402],[-61.30463,-51.73977],[-61.30099,-51.72205],[-61.27942,-51.72135],[-61.29297,-51.70646],[-61.27103,-51.69817],[-61.23991,-51.71765],[-61.25532,-51.69831],[-61.21219,-51.70356],[-61.21182,-51.68986],[-61.22518,-51.69612],[-61.2543,-51.68248]]],[[[-59.73947,-51.31889],[-59.75177,-51.33346],[-59.78268,-51.322],[-59.7501,-51.34822],[-59.7799,-51.34361],[-59.8319,-51.3594],[-59.80039,-51.37408],[-59.79564,-51.36242],[-59.81484,-51.36106],[-59.78296,-51.3522],[-59.74396,-51.36407],[-59.77604,-51.36502],[-59.74667,-51.37077],[-59.74475,-51.38188],[-59.73694,-51.36154],[-59.71821,-51.35848],[-59.66033,-51.37063],[-59.73352,-51.34255],[-59.73343,-51.32746],[-59.74505,-51.33627],[-59.73947,-51.31889]]],[[[-60.58883,-51.25213],[-60.60184,-51.2425],[-60.60578,-51.27032],[-60.56868,-51.2969],[-60.53497,-51.29695],[-60.52227,-51.31856],[-60.50934,-51.30612],[-60.51948,-51.29042],[-60.58883,-51.25213]]],[[[-60.87038,-51.96792],[-60.88281,-51.96397],[-60.88499,-51.98456],[-60.9041,-51.9795],[-60.9088,-51.98991],[-60.95063,-51.99679],[-60.85279,-52.01387],[-60.84747,-52.00361],[-60.87117,-52.00044],[-60.85395,-51.993],[-60.87038,-51.96792]]],[[[-37.08991,-54.47411],[-37.12326,-54.48191],[-37.07853,-54.49956],[-37.09802,-54.51435],[-37.02282,-54.49918],[-37.08991,-54.47411]]],[[[-61.1171,-51.02529],[-61.13248,-51.02757],[-61.10833,-51.04884],[-61.13751,-51.06266],[-61.04777,-51.08254],[-61.09128,-51.03447],[-61.1171,-51.02529]]],[[[-59.55642,-51.78566],[-59.53538,-51.75655],[-59.57845,-51.7829],[-59.62532,-51.78942],[-59.62459,-51.80933],[-59.55933,-51.80606],[-59.55642,-51.78566]]],[[[-60.71452,-51.33478],[-60.73176,-51.32635],[-60.70327,-51.38072],[-60.66381,-51.35136],[-60.68354,-51.35398],[-60.68232,-51.34288],[-60.71452,-51.33478]]],[[[-59.69176,-51.93677],[-59.71472,-51.94124],[-59.70896,-51.96363],[-59.72417,-51.97479],[-59.6981,-51.98007],[-59.6967,-51.99214],[-59.66595,-51.97323],[-59.70109,-51.95986],[-59.68067,-51.94561],[-59.69176,-51.93677]]],[[[-59.65669,-52.35208],[-59.69249,-52.37576],[-59.7176,-52.36778],[-59.74275,-52.3857],[-59.69827,-52.39669],[-59.69191,-52.38014],[-59.64858,-52.37016],[-59.65669,-52.35208]]],[[[-59.061,-52.42365],[-59.10446,-52.42224],[-59.15229,-52.43863],[-59.12365,-52.44946],[-59.0733,-52.43131],[-59.037,-52.43275],[-59.061,-52.42365]]],[[[-59.71206,-51.39032],[-59.74007,-51.40666],[-59.72323,-51.42368],[-59.68348,-51.40646],[-59.69706,-51.39919],[-59.68755,-51.39015],[-59.71206,-51.39032]]],[[[-61.21996,-51.02562],[-61.25351,-51.01277],[-61.23067,-51.03692],[-61.16663,-51.05542],[-61.21996,-51.02562]]],[[[-60.69747,-51.60458],[-60.68369,-51.67608],[-60.65705,-51.66007],[-60.69747,-51.60458]]],[[[-60.80946,-51.56744],[-60.81811,-51.57598],[-60.80321,-51.58294],[-60.73166,-51.58733],[-60.76242,-51.57091],[-60.80946,-51.56744]]],[[[-59.69117,-51.3283],[-59.71576,-51.33517],[-59.70265,-51.35141],[-59.66384,-51.35755],[-59.67689,-51.34955],[-59.6551,-51.34418],[-59.65242,-51.35822],[-59.63833,-51.35674],[-59.64949,-51.33771],[-59.70182,-51.3473],[-59.69117,-51.3283]]],[[[-59.72893,-52.09138],[-59.71816,-52.0444],[-59.74909,-52.07904],[-59.74549,-52.09135],[-59.72893,-52.09138]]],[[[-59.64165,-51.36901],[-59.67229,-51.37417],[-59.66835,-51.38471],[-59.59013,-51.3716],[-59.64165,-51.36901]]],[[[-58.39557,-51.90409],[-58.42873,-51.9055],[-58.39899,-51.90746],[-58.42579,-51.92009],[-58.44408,-51.92014],[-58.42665,-51.91764],[-58.43974,-51.9105],[-58.47273,-51.91338],[-58.44973,-51.9256],[-58.40155,-51.92252],[-58.39557,-51.90409]]],[[[-59.60111,-51.40599],[-59.6383,-51.40909],[-59.6426,-51.42032],[-59.59228,-51.42612],[-59.60111,-51.40599]]],[[[-61.16926,-51.87536],[-61.18924,-51.875],[-61.21549,-51.91114],[-61.16926,-51.87536]]],[[[-59.88405,-51.23909],[-59.90179,-51.23996],[-59.88863,-51.25806],[-59.84097,-51.26309],[-59.88405,-51.23909]]],[[[-60.50053,-51.82557],[-60.51062,-51.83512],[-60.49185,-51.85867],[-60.46998,-51.85152],[-60.4692,-51.83677],[-60.50053,-51.82557]]],[[[-35.77087,-54.80361],[-35.80989,-54.80425],[-35.80303,-54.82517],[-35.78188,-54.8264],[-35.77087,-54.80361]]],[[[-60.90015,-51.08938],[-60.92078,-51.08758],[-60.86383,-51.12412],[-60.86091,-51.11299],[-60.90015,-51.08938]]],[[[-58.61568,-52.13161],[-58.62465,-52.11267],[-58.61217,-52.15152],[-58.59632,-52.14234],[-58.61568,-52.13161]]],[[[-60.39521,-51.14302],[-60.44287,-51.15219],[-60.37509,-51.14677],[-60.39521,-51.14302]]],[[[-61.16468,-51.90563],[-61.16587,-51.89125],[-61.19309,-51.90845],[-61.1591,-51.90845],[-61.1475,-51.89476],[-61.16468,-51.90563]]],[[[-60.83572,-51.1517],[-60.89434,-51.17188],[-60.85492,-51.16941],[-60.828,-51.1592],[-60.83572,-51.1517]]],[[[-58.48695,-51.97219],[-58.4991,-51.97612],[-58.47148,-51.98479],[-58.43126,-51.98474],[-58.48695,-51.97219]]],[[[-58.07015,-51.55146],[-58.09527,-51.55326],[-58.03964,-51.56377],[-58.07015,-51.55146]]],[[[-60.44714,-51.61071],[-60.4616,-51.60719],[-60.41851,-51.6281],[-60.43281,-51.60648],[-60.44714,-51.61071]]],[[[-59.65066,-51.79366],[-59.62189,-51.76825],[-59.66413,-51.79901],[-59.65066,-51.79366]]],[[[-59.59099,-51.86261],[-59.62292,-51.86977],[-59.60756,-51.8783],[-59.59099,-51.86261]]],[[[-61.18554,-51.84886],[-61.20618,-51.86625],[-61.1685,-51.85636],[-61.18554,-51.84886]]],[[[-59.835,-51.36614],[-59.87105,-51.37549],[-59.83446,-51.37901],[-59.835,-51.36614]]],[[[-60.39972,-51.35663],[-60.41266,-51.35748],[-60.37054,-51.37256],[-60.39972,-51.35663]]],[[[-61.03567,-51.77888],[-61.07584,-51.78686],[-61.0668,-51.79484],[-61.03567,-51.77888]]],[[[-60.72308,-51.46515],[-60.69769,-51.48297],[-60.69213,-51.47517],[-60.72308,-51.46515]]],[[[-60.42829,-52.2107],[-60.41459,-52.19999],[-60.4619,-52.21029],[-60.45229,-52.22193],[-60.42829,-52.2107]]],[[[-58.38397,-51.9968],[-58.37139,-52.00716],[-58.34872,-52.00415],[-58.38397,-51.9968]]],[[[-60.48765,-51.54892],[-60.50685,-51.55558],[-60.49114,-51.56968],[-60.48765,-51.54892]]],[[[-58.70828,-52.12808],[-58.73469,-52.13108],[-58.71688,-52.13939],[-58.70828,-52.12808]]],[[[-59.5575,-52.26197],[-59.54834,-52.28245],[-59.52984,-52.27381],[-59.5575,-52.26197]]],[[[-58.19272,-51.80309],[-58.22607,-51.80524],[-58.17392,-51.80643],[-58.19272,-51.80309]]],[[[-59.18299,-52.90605],[-59.18618,-52.89126],[-59.19157,-52.91903],[-59.18299,-52.90605]]],[[[-60.88587,-51.55688],[-60.87503,-51.56777],[-60.85527,-51.56368],[-60.88587,-51.55688]]],[[[-61.14791,-51.78492],[-61.16263,-51.79472],[-61.13903,-51.79685],[-61.14791,-51.78492]]],[[[-59.90985,-51.21476],[-59.93658,-51.21541],[-59.8994,-51.22446],[-59.90985,-51.21476]]],[[[-34.67826,-55.02509],[-34.68539,-55.00997],[-34.69608,-55.01978],[-34.67826,-55.02509]]],[[[-60.33811,-51.63826],[-60.34678,-51.6305],[-60.36171,-51.63726],[-60.33811,-51.63826]]],[[[-59.67645,-52.02009],[-59.67113,-52.01092],[-59.68526,-52.02826],[-59.66758,-52.02772],[-59.67645,-52.02009]]],[[[-58.45284,-51.95249],[-58.49445,-51.95347],[-58.4705,-51.96236],[-58.45284,-51.95249]]],[[[-59.66581,-51.88568],[-59.68692,-51.89739],[-59.66767,-51.89785],[-59.66581,-51.88568]]],[[[-58.72742,-51.92309],[-58.7345,-51.93172],[-58.70916,-51.93618],[-58.72099,-51.93041],[-58.70136,-51.92523],[-58.72742,-51.92309]]],[[[-60.98952,-52.01985],[-60.99648,-52.00468],[-61.00415,-52.01759],[-60.98952,-52.01985]]],[[[-58.0684,-51.78696],[-58.08731,-51.78813],[-58.04723,-51.7886],[-58.0684,-51.78696]]],[[[-59.65557,-51.98842],[-59.66373,-51.9983],[-59.64528,-51.9942],[-59.65557,-51.98842]]],[[[-59.6439,-51.38958],[-59.67036,-51.38928],[-59.67329,-51.40638],[-59.66765,-51.39161],[-59.6439,-51.38958]]],[[[-59.83685,-51.34487],[-59.85591,-51.34974],[-59.83712,-51.35638],[-59.83685,-51.34487]]],[[[-60.76654,-52.14723],[-60.77095,-52.13485],[-60.78058,-52.14175],[-60.76654,-52.14723]]],[[[-58.37921,-52.00888],[-58.37606,-52.01803],[-58.35126,-52.01797],[-58.37921,-52.00888]]],[[[-59.31283,-52.24555],[-59.31082,-52.23646],[-59.32577,-52.25319],[-59.31283,-52.24555]]],[[[-58.28969,-51.87479],[-58.30668,-51.87342],[-58.30393,-51.88557],[-58.28969,-51.87479]]],[[[-60.83496,-51.56636],[-60.84853,-51.5763],[-60.83133,-51.57501],[-60.83496,-51.56636]]],[[[-60.95989,-52.01965],[-60.96542,-52.01084],[-60.97586,-52.02267],[-60.95989,-52.01965]]],[[[-61.11531,-51.79959],[-61.12109,-51.79281],[-61.12539,-51.80922],[-61.11531,-51.79959]]],[[[-60.46158,-51.32971],[-60.47094,-51.34193],[-60.45538,-51.33806],[-60.46158,-51.32971]]],[[[-58.27502,-51.86791],[-58.28547,-51.87138],[-58.25664,-51.87362],[-58.27502,-51.86791]]],[[[-58.66344,-51.94147],[-58.68547,-51.94155],[-58.65026,-51.94508],[-58.66344,-51.94147]]],[[[-59.6726,-51.42878],[-59.6796,-51.43773],[-59.66399,-51.43496],[-59.6726,-51.42878]]],[[[-59.7258,-51.3073],[-59.73309,-51.31462],[-59.7136,-51.30843],[-59.7258,-51.3073]]],[[[-59.75788,-51.83792],[-59.7508,-51.82978],[-59.77652,-51.85199],[-59.75788,-51.83792]]],[[[-59.62029,-51.34447],[-59.62578,-51.33758],[-59.63351,-51.34479],[-59.62029,-51.34447]]],[[[-58.93176,-51.86589],[-58.94454,-51.8603],[-58.91884,-51.87205],[-58.93176,-51.86589]]]]},"properties":{"fid":1,"Entidad":0,"Objeto":"Departamento","FNA":"Departamento Islas del Atlántico Sur","GNA":"Departamento","NAM":"Islas del Atlántico Sur","SAG":"IGN","FDC":null,"IN1":"94021","SHAPE_STAr":2.20032256694,"SHAPE_STLe":113.41474399}},{"type":"Feature","geometry":{"type":"MultiPolygon","coordinates":[[[[-65.97724,-54.59842],[-67.00258,-54.59842],[-67.00627,-54.74797],[-67.38777,-54.7442],[-67.39245,-54.61981],[-68.36977,-54.61981],[-68.36823,-54.4575],[-68.40279,-54.44549],[-68.44735,-54.45827],[-68.55781,-54.45513],[-68.53128,-54.44057],[-68.54544,-54.42795],[-68.60895,-54.4241],[-68.59513,-54.79962],[-68.60942,-54.89396],[-68.56368,-54.89132],[-68.501,-54.86691],[-68.55564,-54.86281],[-68.57713,-54.85442],[-68.56983,-54.84391],[-68.52313,-54.8582],[-68.48178,-54.84668],[-68.44434,-54.85838],[-68.33027,-54.82979],[-68.31035,-54.84892],[-68.2606,-54.84071],[-68.30464,-54.83208],[-68.29879,-54.8158],[-68.31528,-54.81152],[-68.26359,-54.79517],[-68.03331,-54.85021],[-67.82583,-54.85974],[-67.70346,-54.88603],[-67.60546,-54.88136],[-67.50576,-54.85349],[-67.50631,-54.87463],[-67.45052,-54.86564],[-67.44086,-54.88119],[-67.40951,-54.88941],[-67.34144,-54.88273],[-67.36496,-54.8741],[-67.34361,-54.87593],[-67.35269,-54.86611],[-67.30266,-54.88735],[-67.29518,-54.87205],[-67.27845,-54.86999],[-67.27202,-54.88013],[-67.28974,-54.87567],[-67.276,-54.88775],[-67.28219,-54.87936],[-67.15388,-54.89292],[-66.93402,-54.94178],[-66.76447,-54.96074],[-66.71867,-55.00534],[-66.52159,-55.05675],[-66.44145,-55.05675],[-66.37216,-55.03957],[-66.36949,-55.00925],[-66.3013,-54.99122],[-66.10766,-54.99493],[-65.97136,-54.96837],[-65.95813,-54.94101],[-65.99575,-54.91842],[-65.98239,-54.9026],[-65.91198,-54.91225],[-65.8688,-54.90015],[-65.82455,-54.91556],[-65.77743,-54.90146],[-65.76607,-54.91305],[-65.73911,-54.90985],[-65.71182,-54.93429],[-65.71901,-54.97136],[-65.63684,-54.97001],[-65.60363,-54.94384],[-65.56456,-54.93642],[-65.55785,-54.9485],[-65.51102,-54.93494],[-65.49417,-54.92566],[-65.49941,-54.90177],[-65.46828,-54.88859],[-65.42862,-54.89356],[-65.4184,-54.93753],[-65.38214,-54.94107],[-65.32948,-54.92074],[-65.30898,-54.90298],[-65.31327,-54.87311],[-65.23229,-54.82926],[-65.22281,-54.81732],[-65.26387,-54.7959],[-65.20384,-54.78011],[-65.19775,-54.76278],[-65.21827,-54.74565],[-65.192,-54.72052],[-65.19347,-54.69525],[-65.11676,-54.65823],[-65.23435,-54.64138],[-65.25453,-54.66332],[-65.23488,-54.61883],[-65.36914,-54.64334],[-65.40188,-54.64035],[-65.42853,-54.66319],[-65.44823,-54.65524],[-65.43081,-54.64215],[-65.51119,-54.65586],[-65.5199,-54.67756],[-65.55117,-54.64734],[-65.68418,-54.66343],[-65.75481,-54.64948],[-65.80278,-54.6519],[-65.97724,-54.59842]]],[[[-64.32925,-54.73391],[-64.33848,-54.70288],[-64.34943,-54.74062],[-64.37631,-54.7528],[-64.35761,-54.78511],[-64.37041,-54.81138],[-64.36661,-54.78483],[-64.3954,-54.7825],[-64.3914,-54.74914],[-64.42152,-54.75489],[-64.40315,-54.76441],[-64.41243,-54.78273],[-64.43223,-54.76103],[-64.48991,-54.76375],[-64.54378,-54.7252],[-64.5415,-54.76855],[-64.52146,-54.77312],[-64.51142,-54.79806],[-64.52855,-54.80448],[-64.55687,-54.79592],[-64.5865,-54.82081],[-64.63961,-54.79714],[-64.64789,-54.77681],[-64.69541,-54.78281],[-64.67428,-54.79994],[-64.69735,-54.80605],[-64.70883,-54.78961],[-64.73784,-54.80451],[-64.72493,-54.81165],[-64.75657,-54.83649],[-64.73824,-54.84414],[-64.74863,-54.85648],[-64.67598,-54.84335],[-64.67634,-54.87155],[-64.64363,-54.88843],[-64.70424,-54.91546],[-64.62096,-54.90295],[-64.60615,-54.91085],[-64.56627,-54.88277],[-64.53905,-54.88842],[-64.51823,-54.85463],[-64.46614,-54.82343],[-64.47147,-54.83519],[-64.44501,-54.83999],[-64.47494,-54.84256],[-64.50131,-54.86231],[-64.4817,-54.87502],[-64.44863,-54.86464],[-64.44863,-54.8754],[-64.40622,-54.85522],[-64.39442,-54.82733],[-64.3571,-54.83512],[-64.3246,-54.82498],[-64.29909,-54.80644],[-64.3049,-54.78769],[-64.27016,-54.79057],[-64.26365,-54.80454],[-64.23394,-54.78234],[-64.23913,-54.84036],[-64.22371,-54.84197],[-64.22257,-54.85787],[-64.20058,-54.8284],[-64.17964,-54.83893],[-64.17232,-54.82328],[-64.14817,-54.83006],[-64.12063,-54.81436],[-64.10986,-54.83328],[-64.0612,-54.77974],[-64.03449,-54.80799],[-64.02295,-54.7911],[-63.9549,-54.76683],[-63.96751,-54.79366],[-63.94508,-54.79592],[-63.95341,-54.81335],[-63.8828,-54.77968],[-63.88601,-54.79324],[-63.84568,-54.7892],[-63.82902,-54.76058],[-63.80148,-54.75101],[-63.79589,-54.72715],[-63.82593,-54.72061],[-63.87875,-54.75523],[-63.85484,-54.73173],[-63.8784,-54.73066],[-63.87631,-54.7168],[-63.93919,-54.72566],[-63.95805,-54.74125],[-63.98987,-54.73566],[-64.04258,-54.77813],[-64.03032,-54.75136],[-64.04728,-54.73036],[-64.07292,-54.7284],[-64.10843,-54.76433],[-64.12645,-54.75755],[-64.10944,-54.73798],[-64.1495,-54.73034],[-64.16492,-54.74019],[-64.14541,-54.74509],[-64.13851,-54.77041],[-64.21632,-54.73386],[-64.24235,-54.74523],[-64.27866,-54.72896],[-64.32925,-54.73391]]],[[[-67.50708,-54.87736],[-67.54033,-54.87979],[-67.5331,-54.90411],[-67.49007,-54.91786],[-67.46207,-54.9016],[-67.41428,-54.91225],[-67.41272,-54.89403],[-67.4361,-54.89293],[-67.44712,-54.87906],[-67.47161,-54.8844],[-67.50708,-54.87736]]],[[[-64.131,-54.6462],[-64.16241,-54.65066],[-64.13968,-54.6688],[-64.10911,-54.6512],[-64.131,-54.6462]]],[[[-67.46993,-54.8694],[-67.46958,-54.8803],[-67.44772,-54.87843],[-67.46993,-54.8694]]],[[[-64.26132,-54.67279],[-64.26103,-54.68811],[-64.24747,-54.67607],[-64.26132,-54.67279]]],[[[-68.24642,-54.86885],[-68.26704,-54.86966],[-68.23288,-54.87037],[-68.24642,-54.86885]]]]},"properties":{"fid":149,"Entidad":0,"Objeto":"Departamento","FNA":"Departamento Ushuaia","GNA":"Departamento","NAM":"Ushuaia","SAG":"Gerencia de Catastro Pcial.","FDC":null,"IN1":"94014","SHAPE_STAr":1.07305311371,"SHAPE_STLe":17.1259464491}},{"type":"Feature","geometry":{"type":"Polygon","coordinates":[[[-66.949,-54.18849],[-67.0813,-54.13198],[-67.16439,-54.1198],[-67.15882,-54.11161],[-67.32971,-54.04137],[-67.33457,-54.01686],[-67.43684,-53.98436],[-67.48728,-53.94386],[-67.5352,-53.92711],[-67.57927,-53.87281],[-67.57075,-53.84873],[-67.54239,-53.84778],[-67.55376,-53.83693],[-67.67432,-53.78525],[-67.68144,-53.80622],[-67.72722,-53.80976],[-67.77844,-53.83379],[-67.73629,-53.80533],[-67.68174,-53.79717],[-67.72614,-53.75407],[-67.91133,-53.65267],[-67.99016,-53.58451],[-68.04418,-53.50804],[-68.08291,-53.38968],[-68.13707,-53.33134],[-68.2066,-53.30669],[-68.30787,-53.32125],[-68.38706,-53.31197],[-68.46375,-53.29369],[-68.54844,-53.24752],[-68.55606,-53.19565],[-68.53815,-53.14441],[-68.49389,-53.11605],[-68.50132,-53.10527],[-68.44613,-53.09185],[-68.41887,-53.05144],[-68.39096,-53.05073],[-68.35955,-53.01789],[-68.28538,-53.00847],[-68.26675,-53.01611],[-68.26868,-53.04252],[-68.21121,-53.1263],[-68.21378,-53.15328],[-68.2015,-53.14196],[-68.28767,-52.95143],[-68.56996,-52.70737],[-68.60623,-52.65827],[-68.60794,-54.18855],[-66.949,-54.18849]]]},"properties":{"fid":150,"Entidad":0,"Objeto":"Departamento","FNA":"Departamento Río Grande","GNA":"Departamento","NAM":"Río Grande","SAG":"Gerencia de Catastro Pcial.","FDC":null,"IN1":"94007","SHAPE_STAr":0.894458639053,"SHAPE_STLe":6.98178408386}},{"type":"Feature","geometry":{"type":"MultiPolygon","coordinates":[[[[-72.2983,-50.6821],[-72.30112,-50.70677],[-72.34715,-50.73024],[-72.34947,-50.75427],[-72.28034,-50.80994],[-72.26103,-50.8375],[-72.26696,-50.8629],[-72.24806,-50.87503],[-72.26566,-51.03523],[-72.37417,-51.02321],[-72.37618,-51.07998],[-72.40906,-51.10749],[-72.34876,-51.20361],[-72.32256,-51.21057],[-72.3036,-51.20174],[-72.25949,-51.25404],[-72.26918,-51.28325],[-72.30642,-51.29295],[-72.3078,-51.30747],[-72.36004,-51.31911],[-72.37171,-51.33626],[-72.3488,-51.34985],[-72.32608,-51.34568],[-72.30897,-51.36645],[-72.30994,-51.40315],[-72.33826,-51.42483],[-72.32405,-51.47496],[-72.35091,-51.48454],[-72.34466,-51.52074],[-72.40518,-51.51339],[-72.39401,-51.52744],[-72.42631,-51.54686],[-72.44252,-51.58449],[-72.38871,-51.59507],[-72.37704,-51.58445],[-72.32702,-51.58734],[-72.31915,-51.62546],[-72.2833,-51.63853],[-72.29682,-51.64619],[-72.29711,-51.6994],[-72.23112,-51.70246],[-72.16143,-51.72539],[-72.17923,-51.73825],[-72.12175,-51.74403],[-72.11299,-51.76746],[-72.07586,-51.77316],[-71.95101,-51.87162],[-71.92884,-51.91455],[-72.032,-51.95865],[-72.00977,-51.97753],[-71.96447,-51.97283],[-71.9215,-51.99998],[-69.9955,-52.00072],[-69.48596,-52.15144],[-69.19001,-52.1501],[-68.98688,-52.20358],[-68.838,-52.27774],[-68.58603,-52.3067],[-68.57348,-52.32518],[-68.41863,-52.33248],[-68.41843,-52.38641],[-68.4326,-52.39769],[-68.35473,-52.33639],[-68.35253,-52.32255],[-68.70845,-51.98125],[-68.96133,-51.62389],[-69.0141,-51.60638],[-69.11731,-51.65509],[-69.12408,-51.64178],[-69.10339,-51.63428],[-69.11682,-51.62988],[-69.14349,-51.63232],[-69.33521,-51.58551],[-69.45422,-51.60681],[-69.50018,-51.60199],[-69.5285,-51.61621],[-69.6178,-51.62689],[-69.49481,-51.58508],[-69.34412,-51.55157],[-69.1347,-51.60321],[-69.03729,-51.56073],[-69.00128,-51.55987],[-68.97705,-51.58218],[-68.94665,-51.55523],[-69.10858,-51.16699],[-69.16693,-50.98019],[-69.20551,-50.97528],[-69.43433,-51.11371],[-69.46478,-51.11328],[-69.44128,-51.08978],[-69.39612,-51.07971],[-69.3725,-51.0481],[-69.38238,-51.0368],[-69.32123,-50.9884],[-69.24011,-50.95782],[-69.22521,-50.97489],[-69.21401,-50.94472],[-69.13202,-50.89959],[-69.13854,-50.76561],[-70.64604,-50.73676],[-72.2983,-50.6821]]],[[[-69.41581,-51.08958],[-69.4402,-51.09063],[-69.45287,-51.10972],[-69.4352,-51.11322],[-69.41581,-51.08958]]]]},"properties":{"fid":152,"Entidad":0,"Objeto":"Departamento","FNA":"Departamento Güer Aike","GNA":"Departamento","NAM":"Güer Aike","SAG":"IGN","FDC":null,"IN1":"78021","SHAPE_STAr":4.34749417508,"SHAPE_STLe":13.978530943}},{"type":"Feature","geometry":{"type":"Polygon","coordinates":[[[-69.75825,-49.20867],[-70.58076,-49.20388],[-70.64604,-50.73676],[-69.13854,-50.76561],[-69.13987,-50.72228],[-69.07922,-50.56515],[-68.97099,-50.41987],[-68.9066,-50.36346],[-68.87931,-50.36084],[-68.88001,-50.33562],[-68.77326,-50.28815],[-68.73733,-50.28955],[-68.63392,-50.24882],[-68.40721,-50.18624],[-68.35491,-50.15131],[-68.36078,-50.13538],[-68.39679,-50.13141],[-68.4115,-50.11548],[-68.45172,-50.11072],[-68.4903,-50.08801],[-68.51312,-50.0531],[-68.50928,-50.01978],[-68.58069,-49.96442],[-68.67291,-49.99329],[-68.85907,-49.96918],[-68.9328,-50],[-68.87451,-49.96582],[-68.65912,-49.96491],[-68.60449,-49.93909],[-68.57141,-49.93683],[-68.63739,-49.77759],[-68.55829,-49.87219],[-68.53192,-49.93359],[-68.47699,-49.96741],[-68.41638,-50.05902],[-68.36938,-50.08728],[-68.35295,-50.1176],[-68.20187,-50.11646],[-68.0395,-50.06817],[-67.85517,-49.96319],[-67.74857,-49.81388],[-67.72453,-49.7569],[-67.72049,-49.63596],[-67.67588,-49.44187],[-68.82262,-49.45485],[-68.82683,-49.31679],[-69.75784,-49.31824],[-69.75825,-49.20867]]]},"properties":{"fid":77,"Entidad":0,"Objeto":"Departamento","FNA":"Departamento Corpen Aike","GNA":"Departamento","NAM":"Corpen Aike","SAG":"IGN","FDC":null,"IN1":"78007","SHAPE_STAr":3.28827075654,"SHAPE_STLe":10.2873837811}},{"type":"Feature","geometry":{"type":"MultiPolygon","coordinates":[[[[-66.87007,-48.58273],[-67.17193,-48.48388],[-67.55312,-48.11298],[-67.58742,-48.11235],[-67.61612,-48.09166],[-68.18558,-48.44458],[-68.33544,-48.37961],[-69.35534,-48.43832],[-69.73441,-48.32208],[-69.75825,-49.20867],[-69.75784,-49.31824],[-68.82683,-49.31679],[-68.82262,-49.45485],[-67.67588,-49.44187],[-67.6036,-49.29567],[-67.61316,-49.25011],[-67.66809,-49.25519],[-67.67273,-49.29852],[-67.6991,-49.3089],[-67.68542,-49.35358],[-67.71381,-49.38593],[-67.76312,-49.3877],[-67.8186,-49.40552],[-67.83752,-49.38678],[-67.8194,-49.37659],[-67.77209,-49.38068],[-67.79498,-49.36322],[-67.79761,-49.328],[-67.7829,-49.33051],[-67.7608,-49.3139],[-67.7157,-49.31781],[-67.74139,-49.27533],[-67.6889,-49.26178],[-67.6676,-49.24591],[-67.66461,-49.20349],[-67.61389,-49.18518],[-67.61373,-49.16089],[-67.6329,-49.15628],[-67.63562,-49.13824],[-67.59907,-49.10355],[-67.55362,-49.0166],[-67.41309,-48.91271],[-67.21993,-48.838],[-67.19289,-48.81321],[-67.18628,-48.77271],[-67.15159,-48.74839],[-67.12541,-48.68219],[-66.99629,-48.61561],[-66.89661,-48.60135],[-66.87007,-48.58273]]],[[[-67.69103,-49.26917],[-67.73364,-49.27687],[-67.70476,-49.28486],[-67.69103,-49.26917]]],[[[-67.69035,-49.29541],[-67.68598,-49.2826],[-67.70638,-49.29493],[-67.69035,-49.29541]]]]},"properties":{"fid":76,"Entidad":0,"Objeto":"Departamento","FNA":"Departamento Magallanes","GNA":"Departamento","NAM":"Magallanes","SAG":"IGN","FDC":null,"IN1":"78042","SHAPE_STAr":2.48953583433,"SHAPE_STLe":8.82101316224}},{"type":"Feature","geometry":{"type":"MultiPolygon","coordinates":[[[[-66.87007,-48.58273],[-66.83105,-48.52304],[-66.77164,-48.49836],[-66.73642,-48.46507],[-66.6419,-48.43098],[-66.49435,-48.41747],[-66.46708,-48.40014],[-66.47481,-48.36615],[-66.44804,-48.35231],[-66.34986,-48.35507],[-66.343,-48.3688],[-66.33388,-48.35469],[-66.36018,-48.31472],[-66.33756,-48.27716],[-66.26265,-48.23795],[-66.22826,-48.2013],[-66.15993,-48.19046],[-66.16429,-48.17267],[-66.11798,-48.122],[-65.97553,-48.09999],[-65.9528,-48.10293],[-65.94091,-48.12473],[-65.94012,-48.11251],[-65.9081,-48.10561],[-65.91762,-48.09675],[-65.89643,-48.10303],[-65.90437,-48.08037],[-65.94026,-48.07505],[-65.98037,-48.05074],[-65.94087,-48.03085],[-65.95324,-48.01446],[-65.93187,-48.01721],[-65.94293,-48.00393],[-65.92412,-47.99024],[-65.95146,-47.97641],[-65.92417,-47.93969],[-65.87893,-47.93409],[-65.86751,-47.94871],[-65.84681,-47.93908],[-65.83102,-47.96539],[-65.76509,-47.95014],[-65.7904,-47.93803],[-65.78527,-47.92341],[-65.76347,-47.91936],[-65.76823,-47.90736],[-65.82098,-47.90457],[-65.85819,-47.87278],[-65.87579,-47.80916],[-65.86504,-47.80108],[-65.89826,-47.76709],[-65.88086,-47.76269],[-65.97809,-47.7627],[-66.0882,-47.81299],[-66.19019,-47.82953],[-66.28198,-47.8714],[-66.19501,-47.82001],[-66.10529,-47.79901],[-66.03442,-47.74408],[-66.00232,-47.74371],[-66.00531,-47.73077],[-66.0014,-47.7453],[-65.8996,-47.75873],[-65.83864,-47.74682],[-65.84489,-47.73462],[-65.7398,-47.51024],[-65.71785,-47.33216],[-65.75772,-47.22206],[-65.73556,-47.20197],[-65.84162,-47.13938],[-65.84668,-47.10913],[-65.86475,-47.10633],[-65.86738,-47.0921],[-65.90301,-47.09547],[-65.94069,-47.07218],[-66.1977,-47.0874],[-66.49778,-47.03828],[-66.55884,-47.0488],[-66.59843,-47.03698],[-66.63051,-47.04579],[-66.65916,-47.03015],[-66.7101,-47.03309],[-66.79193,-46.99914],[-66.85886,-46.93279],[-66.89941,-46.91201],[-66.95092,-46.84698],[-66.97355,-46.84907],[-66.98494,-46.82881],[-67.02747,-46.81486],[-67.07561,-46.77403],[-67.08177,-46.75024],[-67.09977,-46.74859],[-67.09554,-46.73502],[-67.12515,-46.72322],[-67.12163,-46.70744],[-67.1488,-46.70224],[-67.15627,-46.68787],[-67.19085,-46.68682],[-67.20063,-46.67362],[-67.23052,-46.67401],[-67.25446,-46.64623],[-67.35532,-46.61884],[-67.44028,-46.54854],[-67.56737,-46.34907],[-67.61367,-46.23144],[-67.62725,-46.08363],[-67.61494,-46.06574],[-67.62402,-46.04874],[-67.58597,-46.02228],[-67.59568,-45.99979],[-68.36312,-45.99979],[-69.64806,-45.99977],[-69.65618,-45.99977],[-69.68665,-47.1613],[-69.70757,-47.23469],[-69.73441,-48.32208],[-69.35534,-48.43832],[-68.33544,-48.37961],[-68.18558,-48.44458],[-67.61612,-48.09166],[-67.58742,-48.11235],[-67.55312,-48.11298],[-67.17193,-48.48388],[-66.87007,-48.58273]]],[[[-65.99021,-47.76168],[-66.03894,-47.76757],[-66.05481,-47.78642],[-65.99021,-47.76168]]]]},"properties":{"fid":157,"Entidad":0,"Objeto":"Departamento","FNA":"Departamento Deseado","GNA":"Departamento","NAM":"Deseado","SAG":"IGN","FDC":null,"IN1":"78014","SHAPE_STAr":7.51327330948,"SHAPE_STLe":15.6525872385}},{"type":"Feature","geometry":{"type":"Polygon","coordinates":[[[-69.65618,-45.99977],[-71.64458,-45.99975],[-71.7149,-46.09021],[-71.74738,-46.09199],[-71.785,-46.12202],[-71.82476,-46.11057],[-71.91465,-46.13992],[-71.89828,-46.16222],[-71.86507,-46.15685],[-71.8747,-46.16133],[-71.85937,-46.1947],[-71.83518,-46.19203],[-71.82194,-46.20269],[-71.79699,-46.19016],[-71.77757,-46.19879],[-71.72688,-46.2719],[-71.72833,-46.30847],[-71.75652,-46.34563],[-71.66929,-46.52784],[-71.64342,-46.68182],[-71.68578,-46.69733],[-71.77246,-46.76761],[-71.83289,-46.79776],[-71.91409,-46.799],[-71.95538,-46.81442],[-71.9325,-46.84025],[-71.93134,-46.86816],[-71.97106,-46.90523],[-71.95799,-46.97424],[-71.92986,-46.97774],[-71.91827,-46.98536],[-71.93257,-46.99438],[-71.89753,-46.99605],[-71.88004,-47.01011],[-71.90399,-47.05095],[-71.95405,-47.07606],[-71.94975,-47.08676],[-71.8803,-47.10749],[-71.85048,-47.16419],[-71.89024,-47.18196],[-71.87995,-47.20547],[-71.8947,-47.21098],[-71.86474,-47.23057],[-71.89212,-47.22718],[-71.57147,-47.36386],[-70.76887,-47.31988],[-69.78301,-48.30705],[-69.73441,-48.32208],[-69.70757,-47.23469],[-69.68665,-47.1613],[-69.65618,-45.99977]]]},"properties":{"fid":144,"Entidad":0,"Objeto":"Departamento","FNA":"Departamento Lago Buenos Aires","GNA":"Departamento","NAM":"Lago Buenos Aires","SAG":"IGN","FDC":null,"IN1":"78035","SHAPE_STAr":3.3651214651,"SHAPE_STLe":9.2519058072}},{"type":"Feature","geometry":{"type":"Polygon","coordinates":[[[-66.4593,-43.78202],[-66.52463,-43.78303],[-66.52994,-43.33527],[-67.14816,-43.34031],[-67.15363,-42.87898],[-67.77387,-42.88257],[-67.7676,-43.33879],[-67.74809,-44.68493],[-67.09416,-44.67893],[-67.09266,-44.72102],[-67.0482,-44.66843],[-67.01582,-44.65193],[-66.97431,-44.59242],[-66.95895,-44.5518],[-66.96725,-44.52934],[-66.9407,-44.51469],[-66.93127,-44.48092],[-66.83461,-44.38758],[-66.80907,-44.34057],[-66.79888,-44.26285],[-66.69448,-44.1917],[-66.67446,-44.13441],[-66.68551,-44.10317],[-66.67592,-44.07436],[-66.62849,-44.01959],[-66.60479,-44.01897],[-66.57774,-43.99285],[-66.53971,-43.99116],[-66.48525,-43.96572],[-66.47448,-43.90327],[-66.43261,-43.85914],[-66.43176,-43.82567],[-66.4593,-43.78202]]]},"properties":{"fid":155,"Entidad":0,"Objeto":"Departamento","FNA":"Departamento Mártires","GNA":"Departamento","NAM":"Mártires","SAG":"IGN","FDC":null,"IN1":"26063","SHAPE_STAr":1.74933868707,"SHAPE_STLe":6.01580246798}},{"type":"Feature","geometry":{"type":"Polygon","coordinates":[[[-67.7676,-43.33879],[-69.55855,-43.33196],[-69.53138,-43.78473],[-69.50912,-44.14491],[-69.91869,-44.67803],[-69.62678,-44.68137],[-68.37119,-44.68718],[-67.74809,-44.68493],[-67.7676,-43.33879]]]},"properties":{"fid":154,"Entidad":0,"Objeto":"Departamento","FNA":"Departamento Paso de Indios","GNA":"Departamento","NAM":"Paso de Indios","SAG":"IGN","FDC":null,"IN1":"26070","SHAPE_STAr":2.49488585851,"SHAPE_STLe":6.79461955466}},{"type":"Feature","geometry":{"type":"Polygon","coordinates":[[[-69.50529,-42.79676],[-69.56617,-42.71347],[-69.59596,-42.6937],[-69.66274,-42.67973],[-69.73643,-42.68136],[-69.8475,-42.62442],[-69.89288,-42.63601],[-69.95715,-42.63156],[-69.98869,-42.64067],[-70.01699,-42.67249],[-70.04178,-42.67303],[-70.09784,-42.64022],[-70.14835,-42.62926],[-70.2103,-42.62396],[-70.26632,-42.64131],[-70.29355,-42.63262],[-70.30859,-42.60361],[-70.34932,-42.59602],[-70.43487,-42.6478],[-70.51662,-42.73769],[-70.58852,-42.85061],[-70.58451,-42.86651],[-70.57335,-42.8816],[-70.58089,-42.90624],[-70.5641,-42.92225],[-70.58064,-42.94649],[-70.63058,-42.96754],[-70.69818,-42.97026],[-70.71963,-42.999],[-70.79089,-43.02408],[-70.79237,-43.09834],[-70.81879,-43.12931],[-70.82731,-43.16747],[-70.82478,-43.22264],[-70.88602,-43.30853],[-70.8667,-43.33764],[-70.86186,-43.4212],[-70.84499,-43.45145],[-70.91688,-43.54387],[-70.97106,-43.5639],[-71.02354,-43.60852],[-71.10811,-43.6337],[-71.18544,-43.58928],[-71.31875,-43.5523],[-71.44812,-43.56944],[-71.48444,-43.5401],[-71.57043,-43.52009],[-71.66788,-43.52195],[-71.68906,-43.54752],[-71.71353,-43.54155],[-71.73136,-43.54989],[-71.75741,-43.58423],[-71.71755,-43.57643],[-71.70346,-43.62525],[-71.62629,-43.62371],[-71.58146,-43.65168],[-71.58829,-43.67545],[-71.612,-43.67604],[-71.59978,-43.69697],[-71.63009,-43.69859],[-71.6319,-43.70809],[-71.66036,-43.70238],[-71.6611,-43.71922],[-71.69672,-43.72608],[-71.75342,-43.78818],[-71.76275,-43.84058],[-71.73196,-43.8597],[-71.70872,-43.85574],[-71.70738,-43.89449],[-71.66643,-43.90123],[-71.64963,-43.93487],[-71.47835,-43.92012],[-71.38388,-43.87891],[-71.36932,-43.88312],[-71.37174,-43.93541],[-71.11842,-43.93985],[-71.11619,-43.84934],[-70.99586,-43.85066],[-70.99231,-43.76089],[-69.53138,-43.78473],[-69.55855,-43.33196],[-69.50529,-42.79676]]]},"properties":{"fid":158,"Entidad":0,"Objeto":"Departamento","FNA":"Departamento Languiñeo","GNA":"Departamento","NAM":"Languiñeo","SAG":"IGN","FDC":null,"IN1":"26056","SHAPE_STAr":1.64109572867,"SHAPE_STLe":7.40964357661}},{"type":"Feature","geometry":{"type":"Polygon","coordinates":[[[-65.40421,-43.76005],[-65.45458,-42.85192],[-65.94274,-42.86229],[-67.15363,-42.87898],[-67.14816,-43.34031],[-66.52994,-43.33527],[-66.52463,-43.78303],[-66.4593,-43.78202],[-65.40421,-43.76005]]]},"properties":{"fid":79,"Entidad":0,"Objeto":"Departamento","FNA":"Departamento Gaiman","GNA":"Departamento","NAM":"Gaiman","SAG":"IGN","FDC":null,"IN1":"26042","SHAPE_STAr":1.2882566968,"SHAPE_STLe":5.25689886823}},{"type":"Feature","geometry":{"type":"Polygon","coordinates":[[[-65.35321,-43.75874],[-65.34162,-43.67615],[-65.3147,-43.63213],[-65.25409,-43.57071],[-65.19401,-43.53986],[-65.1452,-43.47333],[-65.05258,-43.40258],[-65.05029,-43.32828],[-64.97634,-43.25497],[-64.75761,-43.1506],[-64.45896,-43.06447],[-64.41309,-43.03389],[-64.33058,-43.00275],[-64.30768,-42.97916],[-64.33032,-42.93592],[-64.39682,-42.95959],[-64.48894,-42.94941],[-64.52839,-42.923],[-64.64791,-42.91483],[-64.81159,-42.84021],[-64.85725,-42.83641],[-65.45458,-42.85192],[-65.40421,-43.76005],[-65.35321,-43.75874]]]},"properties":{"fid":80,"Entidad":0,"Objeto":"Departamento","FNA":"Departamento Rawson","GNA":"Departamento","NAM":"Rawson","SAG":"IGN","FDC":null,"IN1":"26077","SHAPE_STAr":0.45752801614,"SHAPE_STLe":3.63923106452}},{"type":"Feature","geometry":{"type":"Polygon","coordinates":[[[-71.17491,-41.99995],[-71.77376,-41.99984],[-71.75723,-42.03708],[-71.72765,-42.04664],[-71.74171,-42.08265],[-71.72609,-42.10967],[-71.74751,-42.13046],[-71.77725,-42.13023],[-71.78173,-42.14808],[-71.80346,-42.14557],[-71.83475,-42.16257],[-71.87446,-42.1547],[-71.89285,-42.18074],[-71.92529,-42.19053],[-71.95459,-42.16439],[-71.95755,-42.14125],[-72.00686,-42.14008],[-72.05295,-42.1139],[-72.07909,-42.12953],[-72.06651,-42.14674],[-72.11498,-42.14613],[-72.1229,-42.15501],[-72.17153,-42.13936],[-72.18772,-42.15872],[-72.18414,-42.17737],[-72.15681,-42.19373],[-72.16632,-42.21383],[-72.1536,-42.24342],[-72.1681,-42.25987],[-72.12084,-42.32399],[-72.13834,-42.32702],[-72.13186,-42.38432],[-72.11271,-42.3983],[-72.08917,-42.39603],[-72.07722,-42.38247],[-72.02849,-42.40752],[-72.04813,-42.45236],[-72.02072,-42.47871],[-71.62722,-42.48528],[-71.59859,-42.60522],[-71.48022,-42.61317],[-71.4875,-42.66097],[-71.44264,-42.68783],[-71.43797,-42.70855],[-71.38914,-42.75847],[-71.3484,-42.78286],[-71.35619,-42.79401],[-71.3228,-42.82337],[-71.32797,-42.83124],[-71.29164,-42.85825],[-71.16719,-42.86194],[-71.04655,-42.9468],[-70.9363,-42.86356],[-70.58451,-42.86651],[-70.58852,-42.85061],[-70.51662,-42.73769],[-70.43487,-42.6478],[-70.34932,-42.59602],[-70.30859,-42.60361],[-70.29355,-42.63262],[-70.26632,-42.64131],[-70.2103,-42.62396],[-70.14835,-42.62926],[-70.09784,-42.64022],[-70.04178,-42.67303],[-70.01699,-42.67249],[-69.98869,-42.64067],[-69.95715,-42.63156],[-69.89288,-42.63601],[-69.8475,-42.62442],[-69.73643,-42.68136],[-69.66274,-42.67973],[-69.59596,-42.6937],[-69.56617,-42.71347],[-69.50529,-42.79676],[-69.42811,-42.00005],[-71.17491,-41.99995]]]},"properties":{"fid":143,"Entidad":0,"Objeto":"Departamento","FNA":"Departamento Cushamen","GNA":"Departamento","NAM":"Cushamen","SAG":"IGN","FDC":null,"IN1":"26014","SHAPE_STAr":1.78094074291,"SHAPE_STLe":7.66092438507}},{"type":"Feature","geometry":{"type":"Polygon","coordinates":[[[-68.08568,-42.00013],[-68.3894,-42.00011],[-68.3816,-42.88283],[-67.77387,-42.88257],[-67.15363,-42.87898],[-65.94274,-42.86229],[-65.97359,-42.00025],[-66.87688,-42.0002],[-68.08568,-42.00013]]]},"properties":{"fid":108,"Entidad":0,"Objeto":"Departamento","FNA":"Departamento Telsen","GNA":"Departamento","NAM":"Telsen","SAG":"IGN","FDC":null,"IN1":"26105","SHAPE_STAr":2.12654270542,"SHAPE_STLe":6.60013617344}},{"type":"Feature","geometry":{"type":"Polygon","coordinates":[[[-65.06928,-42.0003],[-65.0661,-41.90558],[-65.05762,-41.88159],[-65.03711,-41.87299],[-65.04919,-41.8429],[-65.03967,-41.83087],[-65.01587,-41.83221],[-65.01269,-41.77972],[-64.99768,-41.7666],[-65.021,-41.73322],[-65.02271,-41.61841],[-65.03711,-41.59821],[-65.01648,-41.61029],[-64.98639,-41.57678],[-65.00671,-41.55731],[-64.98779,-41.5188],[-65.0003,-41.48608],[-65.04388,-41.46252],[-65.07361,-41.41522],[-65.1543,-41.16278],[-65.16669,-40.974],[-65.14972,-40.909],[-65.12518,-40.88129],[-65.12891,-40.85681],[-65.09729,-40.8183],[-65.01801,-40.7644],[-64.8999,-40.7608],[-64.92438,-40.7478],[-64.95923,-40.74811],[-64.92218,-40.74048],[-64.91669,-40.72729],[-64.96991,-40.72717],[-64.99609,-40.71771],[-64.96912,-40.72528],[-64.9715,-40.716],[-64.95178,-40.71979],[-64.95453,-40.7096],[-64.80627,-40.72552],[-64.7735,-40.7428],[-64.8006,-40.74829],[-64.79748,-40.78052],[-64.77917,-40.76691],[-64.76941,-40.77478],[-64.75861,-40.76788],[-64.73358,-40.78693],[-64.75378,-40.79437],[-64.73419,-40.80261],[-64.74921,-40.80518],[-64.742,-40.81073],[-64.83801,-40.78619],[-64.84528,-40.81488],[-64.85663,-40.80371],[-64.84741,-40.78278],[-64.90491,-40.80548],[-64.8753,-40.82892],[-64.75708,-40.81763],[-64.60318,-40.8502],[-64.60154,-40.43894],[-65.194,-40.43648],[-65.1932,-39.97976],[-65.28342,-39.92531],[-65.77425,-39.91866],[-65.79007,-41.18241],[-65.75776,-41.24434],[-65.72812,-42.00027],[-65.06928,-42.0003]]]},"properties":{"fid":104,"Entidad":0,"Objeto":"Departamento","FNA":"Departamento San Antonio","GNA":"Departamento","NAM":"San Antonio","SAG":"IDE Rio Negro","FDC":null,"IN1":"62077","SHAPE_STAr":1.5334712989,"SHAPE_STLe":8.07634540101}},{"type":"Feature","geometry":{"type":"Polygon","coordinates":[[[-65.77425,-39.91866],[-66.82567,-39.91059],[-66.85127,-40.8645],[-66.87688,-42.0002],[-65.97359,-42.00025],[-65.72812,-42.00027],[-65.75776,-41.24434],[-65.79007,-41.18241],[-65.77425,-39.91866]]]},"properties":{"fid":103,"Entidad":0,"Objeto":"Departamento","FNA":"Departamento Valcheta","GNA":"Departamento","NAM":"Valcheta","SAG":"IDE Rio Negro","FDC":null,"IN1":"62084","SHAPE_STAr":2.26122869152,"SHAPE_STLe":6.38069593048}},{"type":"Feature","geometry":{"type":"Polygon","coordinates":[[[-66.82567,-39.91059],[-67.8722,-39.8109],[-68.23147,-40.07312],[-68.00852,-40.15816],[-68.04356,-40.97955],[-68.08568,-42.00013],[-66.87688,-42.0002],[-66.85127,-40.8645],[-66.82567,-39.91059]]]},"properties":{"fid":105,"Entidad":0,"Objeto":"Departamento","FNA":"Departamento 9 de julio","GNA":"Departamento","NAM":"9 de julio","SAG":"IDE Rio Negro","FDC":null,"IN1":"62049","SHAPE_STAr":2.5729704941,"SHAPE_STLe":6.87730730975}},{"type":"Feature","geometry":{"type":"Polygon","coordinates":[[[-68.08568,-42.00013],[-68.04356,-40.97955],[-68.00852,-40.15816],[-68.23147,-40.07312],[-68.59478,-40.13261],[-68.78625,-40.42845],[-69.38667,-40.46882],[-69.80794,-40.66513],[-69.88849,-40.84803],[-70.1795,-41.02634],[-69.95332,-41.13509],[-70.26975,-41.41525],[-69.75527,-41.50519],[-69.38949,-42.00006],[-68.3894,-42.00011],[-68.08568,-42.00013]]]},"properties":{"fid":107,"Entidad":0,"Objeto":"Departamento","FNA":"Departamento 25 de Mayo","GNA":"Departamento","NAM":"25 de Mayo","SAG":"IDE Rio Negro","FDC":null,"IN1":"62091","SHAPE_STAr":2.96456439378,"SHAPE_STLe":7.52549869413}},{"type":"Feature","geometry":{"type":"Polygon","coordinates":[[[-70.26975,-41.41525],[-70.61638,-41.41339],[-70.68895,-41.43803],[-70.81315,-41.5229],[-70.9292,-41.42759],[-71.0304,-41.54188],[-71.22951,-41.49982],[-71.22545,-41.66537],[-71.30641,-41.82094],[-71.22579,-41.85581],[-71.24009,-41.95399],[-71.17491,-41.99995],[-69.42811,-42.00005],[-69.38949,-42.00006],[-69.75527,-41.50519],[-70.26975,-41.41525]]]},"properties":{"fid":106,"Entidad":0,"Objeto":"Departamento","FNA":"Departamento Ñorquinco","GNA":"Departamento","NAM":"Ñorquinco","SAG":"IDE Rio Negro","FDC":null,"IN1":"62056","SHAPE_STAr":0.892194418771,"SHAPE_STLe":4.61123829566}},{"type":"Feature","geometry":{"type":"Polygon","coordinates":[[[-69.80794,-40.66513],[-69.75495,-39.87597],[-69.86594,-39.9109],[-69.88045,-39.93008],[-69.93123,-39.94326],[-69.97089,-39.97774],[-70.00537,-40.04743],[-69.99479,-40.10313],[-69.97069,-40.12104],[-69.95028,-40.17898],[-69.99204,-40.17997],[-70.00208,-40.2032],[-70.05882,-40.24896],[-70.04957,-40.31778],[-70.06269,-40.37464],[-70.10302,-40.40574],[-70.17494,-40.42761],[-70.16814,-40.47426],[-70.17883,-40.48981],[-70.24735,-40.50536],[-70.29837,-40.50439],[-70.42493,-40.53632],[-70.46509,-40.51221],[-70.53223,-40.50452],[-70.6214,-40.55151],[-70.65392,-40.59134],[-70.70087,-40.59347],[-70.73313,-40.58005],[-70.86489,-40.59704],[-70.87909,-40.62042],[-70.9765,-40.64868],[-71.01178,-40.67932],[-71.02972,-40.72443],[-71.09322,-40.72654],[-71.12044,-40.75758],[-71.11933,-40.80406],[-71.09181,-40.83035],[-71.09995,-40.84036],[-71.06887,-40.85072],[-71.03899,-40.88902],[-71.03638,-40.95587],[-71.06055,-40.98097],[-71.1023,-40.99065],[-71.08858,-40.99721],[-71.1147,-41.00695],[-71.1396,-41.05457],[-71.17488,-41.0562],[-71.21939,-41.08622],[-71.14596,-41.08467],[-71.14331,-41.10859],[-71.11344,-41.13659],[-71.15632,-41.18218],[-71.16805,-41.23942],[-71.21722,-41.29648],[-71.21437,-41.31576],[-71.18087,-41.32864],[-71.22432,-41.33606],[-71.22951,-41.49982],[-71.0304,-41.54188],[-70.9292,-41.42759],[-70.81315,-41.5229],[-70.68895,-41.43803],[-70.61638,-41.41339],[-70.26975,-41.41525],[-69.95332,-41.13509],[-70.1795,-41.02634],[-69.88849,-40.84803],[-69.80794,-40.66513]]]},"properties":{"fid":109,"Entidad":0,"Objeto":"Departamento","FNA":"Departamento Pilcaniyeu","GNA":"Departamento","NAM":"Pilcaniyeu","SAG":"IDE Rio Negro","FDC":null,"IN1":"62070","SHAPE_STAr":1.17360238846,"SHAPE_STLe":6.39640210911}},{"type":"Feature","geometry":{"type":"Polygon","coordinates":[[[-71.70874,-40.42252],[-71.73685,-40.44082],[-71.75896,-40.41643],[-71.77289,-40.42299],[-71.79337,-40.40731],[-71.82496,-40.4219],[-71.85565,-40.5094],[-71.84277,-40.52533],[-71.85898,-40.53499],[-71.8588,-40.55523],[-71.89042,-40.55605],[-71.856,-40.59242],[-71.82383,-40.57791],[-71.84395,-40.62794],[-71.86808,-40.6489],[-71.86688,-40.66316],[-71.96341,-40.72089],[-71.95681,-40.76091],[-71.92136,-40.78576],[-71.92753,-40.83351],[-71.88012,-40.88103],[-71.85818,-40.87948],[-71.86905,-40.89297],[-71.85644,-40.96002],[-71.8872,-40.96811],[-71.90303,-40.96129],[-71.90849,-40.97225],[-71.90634,-40.98611],[-71.87157,-41.00376],[-71.86108,-41.03102],[-71.78528,-41.0188],[-71.60761,-41.03491],[-71.55768,-41.0224],[-71.45642,-41.04169],[-71.34381,-41.09381],[-71.28857,-41.10059],[-71.21939,-41.08622],[-71.17488,-41.0562],[-71.1396,-41.05457],[-71.1147,-41.00695],[-71.08858,-40.99721],[-71.1023,-40.99065],[-71.06055,-40.98097],[-71.03638,-40.95587],[-71.03899,-40.88902],[-71.06887,-40.85072],[-71.09995,-40.84036],[-71.09181,-40.83035],[-71.11933,-40.80406],[-71.12044,-40.75758],[-71.09322,-40.72654],[-71.02972,-40.72443],[-71.01178,-40.67932],[-70.9765,-40.64868],[-70.87909,-40.62042],[-70.86489,-40.59704],[-71.15258,-40.59923],[-71.19562,-40.5823],[-71.27634,-40.59488],[-71.32806,-40.56973],[-71.35623,-40.54026],[-71.42394,-40.52741],[-71.4491,-40.53679],[-71.46337,-40.52034],[-71.5166,-40.50582],[-71.57465,-40.45242],[-71.60577,-40.46198],[-71.61445,-40.44497],[-71.65531,-40.45046],[-71.70874,-40.42252]]]},"properties":{"fid":130,"Entidad":0,"Objeto":"Departamento","FNA":"Departamento Los Lagos","GNA":"Departamento","NAM":"Los Lagos","SAG":"Direc. Pcial. de Catastro e Inf. Territorial","FDC":null,"IN1":"58070","SHAPE_STAr":0.449400514742,"SHAPE_STLe":3.87519534111}},{"type":"Feature","geometry":{"type":"Polygon","coordinates":[[[-70.81534,-40.06222],[-70.87693,-40.0661],[-70.94795,-40.10736],[-71.019,-40.09251],[-71.07007,-40.05676],[-71.1321,-40.06703],[-71.17882,-40.09773],[-71.24028,-40.09945],[-71.2455,-40.08902],[-71.27935,-40.09231],[-71.32937,-40.06549],[-71.377,-40.02409],[-71.52071,-40.03874],[-71.59034,-40.02802],[-71.61313,-40.04061],[-71.64685,-40.03908],[-71.67465,-40.02406],[-71.68942,-40.03592],[-71.66669,-40.08896],[-71.69047,-40.1152],[-71.81238,-40.0808],[-71.83113,-40.10574],[-71.8029,-40.11039],[-71.79843,-40.13724],[-71.82877,-40.17214],[-71.79984,-40.18593],[-71.82932,-40.20754],[-71.82449,-40.23169],[-71.80745,-40.23308],[-71.7992,-40.25537],[-71.76182,-40.27656],[-71.74739,-40.30713],[-71.71676,-40.27898],[-71.68498,-40.29401],[-71.67165,-40.3111],[-71.67369,-40.34366],[-71.65612,-40.34973],[-71.65682,-40.3638],[-71.6931,-40.37373],[-71.68822,-40.39352],[-71.70874,-40.42252],[-71.65531,-40.45046],[-71.61445,-40.44497],[-71.60577,-40.46198],[-71.57465,-40.45242],[-71.5166,-40.50582],[-71.46337,-40.52034],[-71.4491,-40.53679],[-71.42394,-40.52741],[-71.35623,-40.54026],[-71.32806,-40.56973],[-71.27634,-40.59488],[-71.19562,-40.5823],[-71.15258,-40.59923],[-70.86489,-40.59704],[-70.73313,-40.58005],[-70.70087,-40.59347],[-70.65392,-40.59134],[-70.6214,-40.55151],[-70.53223,-40.50452],[-70.57287,-40.48992],[-70.60794,-40.49558],[-70.65103,-40.45445],[-70.67655,-40.3983],[-70.66443,-40.37556],[-70.69319,-40.35784],[-70.65738,-40.3069],[-70.67263,-40.27507],[-70.63878,-40.23775],[-70.66314,-40.22597],[-70.66716,-40.20161],[-70.69848,-40.1863],[-70.7097,-40.15832],[-70.73716,-40.1449],[-70.75318,-40.10375],[-70.78188,-40.09697],[-70.81534,-40.06222]]]},"properties":{"fid":131,"Entidad":0,"Objeto":"Departamento","FNA":"Departamento Lácar","GNA":"Departamento","NAM":"Lácar","SAG":"Direc. Pcial. de Catastro e Inf. Territorial","FDC":null,"IN1":"58056","SHAPE_STAr":0.526773553888,"SHAPE_STLe":4.13605742406}},{"type":"Feature","geometry":{"type":"Polygon","coordinates":[[[-63.38242,-39.87192],[-65.24552,-39.85068],[-65.24573,-39.86588],[-65.21366,-39.87086],[-65.28342,-39.92531],[-65.1932,-39.97976],[-65.194,-40.43648],[-64.60154,-40.43894],[-64.08301,-40.44217],[-63.99765,-40.50632],[-63.8453,-40.39028],[-63.84804,-40.40581],[-63.83093,-40.41055],[-63.3808,-40.40864],[-63.38242,-39.87192]]]},"properties":{"fid":78,"Entidad":0,"Objeto":"Departamento","FNA":"Departamento Conesa","GNA":"Departamento","NAM":"Conesa","SAG":"IDE Rio Negro","FDC":null,"IN1":"62028","SHAPE_STAr":1.03469512798,"SHAPE_STLe":4.99755656108}},{"type":"Feature","geometry":{"type":"Polygon","coordinates":[[[-70.58451,-42.86651],[-70.9363,-42.86356],[-71.04655,-42.9468],[-71.16719,-42.86194],[-71.29164,-42.85825],[-71.32797,-42.83124],[-71.3228,-42.82337],[-71.35619,-42.79401],[-71.3484,-42.78286],[-71.38914,-42.75847],[-71.43797,-42.70855],[-71.44264,-42.68783],[-71.4875,-42.66097],[-71.48022,-42.61317],[-71.59859,-42.60522],[-71.62722,-42.48528],[-72.02072,-42.47871],[-72.0126,-42.49486],[-72.05375,-42.54547],[-72.05135,-42.56512],[-72.07517,-42.56632],[-72.11851,-42.60296],[-72.11761,-42.62921],[-72.09603,-42.64203],[-72.1359,-42.68013],[-72.17224,-42.67164],[-72.1787,-42.6892],[-72.17324,-42.70162],[-72.13821,-42.71116],[-72.12842,-42.73105],[-72.14716,-42.74156],[-72.13133,-42.77713],[-72.1427,-42.79528],[-72.16502,-42.79831],[-72.14788,-42.85002],[-72.11829,-42.8817],[-72.14255,-42.89986],[-72.11413,-42.92261],[-72.11619,-42.93632],[-72.09068,-42.952],[-72.0732,-42.94961],[-72.03616,-43.01339],[-72.00262,-43.03741],[-71.9584,-43.0403],[-71.93631,-43.05277],[-71.9433,-43.09242],[-71.9329,-43.10213],[-71.89268,-43.10702],[-71.88637,-43.12703],[-71.85278,-43.12728],[-71.85734,-43.14258],[-71.81508,-43.14568],[-71.73803,-43.18315],[-71.72939,-43.20225],[-71.75725,-43.22827],[-71.7308,-43.28224],[-71.7346,-43.31433],[-71.75521,-43.31764],[-71.7864,-43.29697],[-71.8401,-43.33521],[-71.90255,-43.32113],[-71.89374,-43.38009],[-71.93325,-43.38677],[-71.91411,-43.41665],[-71.93067,-43.45731],[-71.88138,-43.4513],[-71.84864,-43.48289],[-71.87849,-43.52753],[-71.87748,-43.55108],[-71.77652,-43.53869],[-71.75741,-43.58423],[-71.73136,-43.54989],[-71.71353,-43.54155],[-71.68906,-43.54752],[-71.66788,-43.52195],[-71.57043,-43.52009],[-71.48444,-43.5401],[-71.44812,-43.56944],[-71.31875,-43.5523],[-71.18544,-43.58928],[-71.10811,-43.6337],[-71.02354,-43.60852],[-70.97106,-43.5639],[-70.91688,-43.54387],[-70.84499,-43.45145],[-70.86186,-43.4212],[-70.8667,-43.33764],[-70.88602,-43.30853],[-70.82478,-43.22264],[-70.82731,-43.16747],[-70.81879,-43.12931],[-70.79237,-43.09834],[-70.79089,-43.02408],[-70.71963,-42.999],[-70.69818,-42.97026],[-70.63058,-42.96754],[-70.58064,-42.94649],[-70.5641,-42.92225],[-70.58089,-42.90624],[-70.57335,-42.8816],[-70.58451,-42.86651]]]},"properties":{"fid":168,"Entidad":0,"Objeto":"Departamento","FNA":"Departamento Futaleufú","GNA":"Departamento","NAM":"Futaleufú","SAG":"IGN","FDC":null,"IN1":"26035","SHAPE_STAr":1.01162715822,"SHAPE_STLe":6.01374828892}},{"type":"Feature","geometry":{"type":"Polygon","coordinates":[[[-71.89212,-47.22718],[-72.01861,-47.19842],[-72.00091,-47.21757],[-72.01664,-47.24728],[-71.99644,-47.29495],[-72.04639,-47.33931],[-72.12808,-47.32812],[-72.16134,-47.39449],[-72.19735,-47.41704],[-72.22423,-47.40314],[-72.24448,-47.40609],[-72.29343,-47.44624],[-72.34134,-47.45619],[-72.29114,-47.51189],[-72.32703,-47.57137],[-72.30909,-47.59084],[-72.35342,-47.63619],[-72.37966,-47.6358],[-72.39816,-47.65845],[-72.42081,-47.66163],[-72.41743,-47.69432],[-72.45051,-47.70528],[-72.44272,-47.7461],[-72.46606,-47.73789],[-72.48442,-47.75908],[-72.52334,-47.74044],[-72.49593,-47.79711],[-72.46816,-47.81275],[-72.47688,-47.87093],[-72.49797,-47.87514],[-72.52742,-47.93778],[-72.49781,-47.96116],[-72.4595,-47.95649],[-72.42597,-47.96699],[-72.41878,-48.00272],[-72.44379,-48.06435],[-72.41612,-48.07815],[-72.36031,-48.0736],[-72.35502,-48.10101],[-72.32716,-48.11602],[-72.29908,-48.15863],[-72.30711,-48.20121],[-72.32581,-48.21546],[-72.3167,-48.23401],[-72.22641,-48.32056],[-72.24107,-48.34832],[-72.27798,-48.36261],[-72.32243,-48.35856],[-72.34355,-48.34533],[-72.38069,-48.35013],[-72.37697,-48.37154],[-72.34776,-48.3902],[-72.40641,-48.41607],[-72.40891,-48.43273],[-72.37351,-48.44982],[-72.39358,-48.483],[-72.44159,-48.51409],[-72.50242,-48.51855],[-72.53336,-48.48384],[-72.56542,-48.48329],[-71.40018,-49.19327],[-70.58076,-49.20388],[-69.75825,-49.20867],[-69.73441,-48.32208],[-69.78301,-48.30705],[-70.76887,-47.31988],[-71.57147,-47.36386],[-71.89212,-47.22718]]]},"properties":{"fid":169,"Entidad":0,"Objeto":"Departamento","FNA":"Departamento Río Chico","GNA":"Departamento","NAM":"Río Chico","SAG":"IGN","FDC":null,"IN1":"78049","SHAPE_STAr":4.11648680126,"SHAPE_STLe":9.49189199059}},{"type":"Feature","geometry":{"type":"Polygon","coordinates":[[[-72.56542,-48.48329],[-72.58951,-48.49438],[-72.56766,-48.52485],[-72.53544,-48.66547],[-72.53337,-48.7995],[-72.63694,-48.86725],[-72.69109,-48.86756],[-72.69435,-48.89539],[-72.74814,-48.91029],[-72.79459,-48.96808],[-72.85062,-48.96609],[-72.86487,-48.94663],[-72.91971,-48.9357],[-72.94644,-48.9456],[-72.95879,-48.98004],[-72.99286,-48.99723],[-72.98137,-49.02916],[-73.01384,-49.03619],[-73.00491,-49.06345],[-73.04493,-49.08087],[-73.06216,-49.12752],[-73.11009,-49.15199],[-73.14543,-49.19015],[-73.13319,-49.26718],[-73.10355,-49.26698],[-73.08937,-49.25306],[-73.04559,-49.27368],[-73.14368,-49.271],[-73.47308,-49.20331],[-73.4967,-49.26831],[-73.41058,-49.3194],[-73.42908,-49.34399],[-73.42621,-49.39191],[-73.46002,-49.40021],[-73.49042,-49.42871],[-73.46381,-49.48248],[-73.48779,-49.50049],[-73.53961,-49.49823],[-73.54968,-49.53809],[-73.53601,-49.56403],[-73.48828,-49.5827],[-73.46368,-49.6189],[-73.46411,-49.6424],[-73.50458,-49.6629],[-73.50909,-49.7052],[-73.47638,-49.7179],[-73.43878,-49.75781],[-73.46619,-49.77368],[-73.44531,-49.79388],[-73.4997,-49.81799],[-73.49048,-49.8526],[-73.55261,-49.92389],[-73.54388,-49.9494],[-73.50519,-49.96649],[-73.56659,-50.02039],[-73.53369,-50.0423],[-73.48291,-50.05408],[-73.4895,-50.0816],[-73.5415,-50.11902],[-73.52081,-50.15308],[-73.55518,-50.18439],[-73.56543,-50.27069],[-73.53839,-50.289],[-73.51678,-50.289],[-73.48071,-50.32568],[-73.46991,-50.34448],[-73.48639,-50.38208],[-73.45538,-50.39258],[-73.40369,-50.45081],[-73.43262,-50.48309],[-73.3645,-50.48792],[-73.3656,-50.50751],[-73.38641,-50.51642],[-73.33191,-50.56842],[-73.2887,-50.586],[-73.27081,-50.6488],[-73.23871,-50.66589],[-73.17273,-50.6767],[-73.18591,-50.70038],[-73.28601,-50.7395],[-73.25598,-50.75012],[-73.28491,-50.7879],[-73.26752,-50.82397],[-73.20349,-50.82098],[-73.09692,-50.77338],[-73.0697,-50.78888],[-73.04199,-50.76129],[-73.00629,-50.76202],[-72.9547,-50.74096],[-72.95202,-50.71838],[-72.90547,-50.6972],[-72.89144,-50.67018],[-72.77412,-50.62745],[-72.74003,-50.62678],[-72.72974,-50.61495],[-72.69842,-50.64552],[-72.68093,-50.64245],[-72.65578,-50.66396],[-72.64233,-50.65376],[-72.62332,-50.65737],[-72.59401,-50.68167],[-72.57461,-50.679],[-72.57966,-50.6556],[-72.54844,-50.62055],[-72.50487,-50.61453],[-72.49264,-50.60082],[-72.41796,-50.61913],[-72.40779,-50.63641],[-72.35919,-50.61612],[-72.33805,-50.65046],[-72.28625,-50.65965],[-72.2983,-50.6821],[-70.64604,-50.73676],[-70.58076,-49.20388],[-71.40018,-49.19327],[-72.56542,-48.48329]]]},"properties":{"fid":170,"Entidad":0,"Objeto":"Departamento","FNA":"Departamento Lago Argentino","GNA":"Departamento","NAM":"Lago Argentino","SAG":"IGN","FDC":null,"IN1":"78028","SHAPE_STAr":4.82369350192,"SHAPE_STLe":11.3894411895}},{"type":"Feature","geometry":{"type":"Polygon","coordinates":[[[-63.3808,-40.40864],[-63.83093,-40.41055],[-63.84804,-40.40581],[-63.8453,-40.39028],[-63.99765,-40.50632],[-64.08301,-40.44217],[-64.60154,-40.43894],[-64.60318,-40.8502],[-64.42102,-40.90759],[-64.20618,-41.00983],[-64.112,-41.02289],[-64.09589,-41.01868],[-64.10907,-41.00983],[-64.09888,-41.00177],[-64.08179,-41.02667],[-64.11438,-41.03009],[-63.9585,-41.07312],[-63.88238,-41.13251],[-63.77722,-41.1604],[-63.11652,-41.15552],[-63.05328,-41.14398],[-62.99298,-41.1095],[-62.88452,-41.07941],[-62.78967,-41.02416],[-62.80154,-40.98213],[-62.95715,-40.81768],[-63.19165,-40.71625],[-63.28397,-40.72872],[-63.31003,-40.70653],[-63.35892,-40.72081],[-63.36273,-40.70302],[-63.37935,-40.70977],[-63.3808,-40.40864]]]},"properties":{"fid":176,"Entidad":0,"Objeto":"Departamento","FNA":"Departamento Adolfo Alsina","GNA":"Departamento","NAM":"Adolfo Alsina","SAG":"IDE Rio Negro","FDC":null,"IN1":"62007","SHAPE_STAr":0.95508527467,"SHAPE_STLe":4.87029393186}},{"type":"Feature","geometry":{"type":"Polygon","coordinates":[[[-69.91869,-44.67803],[-71.23263,-44.65384],[-71.19584,-44.6849],[-71.2143,-44.71421],[-71.2056,-44.74952],[-71.25373,-44.78525],[-71.25063,-44.79934],[-71.29182,-44.81395],[-71.35598,-44.79096],[-71.39449,-44.79002],[-71.47421,-44.73707],[-71.5312,-44.74302],[-71.56688,-44.75931],[-71.5816,-44.75227],[-71.59538,-44.77936],[-71.66295,-44.78703],[-71.68699,-44.76502],[-71.73593,-44.76879],[-71.78508,-44.75214],[-71.82458,-44.77494],[-71.81546,-44.79309],[-71.85211,-44.80078],[-71.91461,-44.77661],[-71.9275,-44.80403],[-71.95679,-44.78601],[-72.00061,-44.78638],[-72.01816,-44.75666],[-72.03242,-44.76545],[-72.0639,-44.75659],[-72.07382,-44.78064],[-72.02708,-44.80546],[-72.06559,-44.85],[-72.03635,-44.86233],[-72.06582,-44.87672],[-72.03367,-44.90476],[-72.01945,-44.8974],[-71.97925,-44.90356],[-71.97736,-44.91944],[-71.9479,-44.92058],[-71.92498,-44.94421],[-71.88353,-44.94597],[-71.87991,-44.95939],[-71.85444,-44.93231],[-71.81722,-44.91979],[-71.77815,-44.94026],[-71.75384,-44.92648],[-71.74211,-44.95835],[-71.71107,-44.95513],[-71.65729,-44.97559],[-71.55931,-44.97765],[-71.54095,-45.0002],[-71.55799,-45.03148],[-71.50543,-45.07221],[-71.52654,-45.10312],[-71.49145,-45.10781],[-71.48749,-45.14412],[-71.4181,-45.15744],[-71.42518,-45.17174],[-71.37,-45.2256],[-71.33298,-45.24139],[-71.3504,-45.26787],[-71.32005,-45.29212],[-71.33591,-45.32203],[-71.44627,-45.36766],[-71.43825,-45.39582],[-71.45325,-45.38611],[-71.52946,-45.3927],[-71.52056,-45.42535],[-71.53395,-45.43297],[-71.4999,-45.45553],[-71.50193,-45.46665],[-71.47507,-45.47425],[-71.4698,-45.48204],[-71.48271,-45.48301],[-71.46892,-45.49364],[-71.55956,-45.52358],[-71.6063,-45.52215],[-71.62372,-45.51143],[-71.68214,-45.51508],[-71.68259,-45.52777],[-71.74431,-45.54215],[-71.76353,-45.56031],[-71.76295,-45.57664],[-71.7266,-45.57746],[-71.74815,-45.61028],[-71.77956,-45.62182],[-71.77198,-45.64102],[-71.79553,-45.66493],[-71.77305,-45.68124],[-71.80105,-45.72089],[-71.77122,-45.74374],[-71.76126,-45.78784],[-71.74327,-45.80259],[-71.76897,-45.84439],[-71.73973,-45.85812],[-71.71586,-45.85444],[-71.65252,-45.89039],[-71.61254,-45.96323],[-71.61811,-45.98005],[-71.64531,-45.98507],[-71.64458,-45.99975],[-69.65618,-45.99977],[-69.64806,-45.99977],[-69.62678,-44.68137],[-69.91869,-44.67803]]]},"properties":{"fid":177,"Entidad":0,"Objeto":"Departamento","FNA":"Departamento Río Senguer","GNA":"Departamento","NAM":"Río Senguer","SAG":"IGN","FDC":null,"IN1":"26084","SHAPE_STAr":2.62544750843,"SHAPE_STLe":9.33092429292}},{"type":"Feature","geometry":{"type":"Polygon","coordinates":[[[-71.21939,-41.08622],[-71.28857,-41.10059],[-71.34381,-41.09381],[-71.45642,-41.04169],[-71.55768,-41.0224],[-71.60761,-41.03491],[-71.78528,-41.0188],[-71.86108,-41.03102],[-71.83936,-41.03584],[-71.81794,-41.06229],[-71.84959,-41.08315],[-71.83936,-41.1504],[-71.88751,-41.16907],[-71.83438,-41.2718],[-71.85623,-41.25731],[-71.89701,-41.25514],[-71.87602,-41.30739],[-71.88165,-41.32414],[-71.91208,-41.34057],[-71.91124,-41.35674],[-71.86635,-41.3936],[-71.86321,-41.42201],[-71.82701,-41.4435],[-71.84336,-41.4517],[-71.82801,-41.48101],[-71.85207,-41.51485],[-71.81764,-41.57521],[-71.8468,-41.56529],[-71.88556,-41.60599],[-71.857,-41.64527],[-71.83656,-41.64563],[-71.81697,-41.68989],[-71.79438,-41.69474],[-71.81037,-41.72053],[-71.78418,-41.73495],[-71.75393,-41.78745],[-71.77399,-41.79365],[-71.75137,-41.82493],[-71.79072,-41.83079],[-71.79748,-41.84263],[-71.77214,-41.93085],[-71.7934,-41.94403],[-71.79378,-41.96155],[-71.77376,-41.99984],[-71.17491,-41.99995],[-71.24009,-41.95399],[-71.22579,-41.85581],[-71.30641,-41.82094],[-71.22545,-41.66537],[-71.22951,-41.49982],[-71.22432,-41.33606],[-71.18087,-41.32864],[-71.21437,-41.31576],[-71.21722,-41.29648],[-71.16805,-41.23942],[-71.15632,-41.18218],[-71.11344,-41.13659],[-71.14331,-41.10859],[-71.14596,-41.08467],[-71.21939,-41.08622]]]},"properties":{"fid":178,"Entidad":0,"Objeto":"Departamento","FNA":"Departamento Bariloche","GNA":"Departamento","NAM":"Bariloche","SAG":"IDE Rio Negro","FDC":null,"IN1":"62021","SHAPE_STAr":0.584706689606,"SHAPE_STLe":4.23410851389}},{"type":"Feature","geometry":{"type":"Polygon","coordinates":[[[-69.53138,-43.78473],[-70.99231,-43.76089],[-70.99586,-43.85066],[-71.11619,-43.84934],[-71.11842,-43.93985],[-71.37174,-43.93541],[-71.36932,-43.88312],[-71.38388,-43.87891],[-71.47835,-43.92012],[-71.64963,-43.93487],[-71.75943,-44.09961],[-71.78134,-44.11151],[-71.84866,-44.11353],[-71.84667,-44.15924],[-71.79988,-44.1917],[-71.80064,-44.21458],[-71.78002,-44.21719],[-71.80772,-44.22806],[-71.80636,-44.25811],[-71.82954,-44.26537],[-71.80312,-44.27169],[-71.80876,-44.28821],[-71.78697,-44.33042],[-71.83902,-44.34998],[-71.82084,-44.39228],[-71.80433,-44.39914],[-71.81507,-44.41612],[-71.76735,-44.41041],[-71.71169,-44.37922],[-71.65788,-44.40899],[-71.61723,-44.39849],[-71.55179,-44.40897],[-71.5105,-44.394],[-71.3862,-44.38528],[-71.35267,-44.4034],[-71.34888,-44.4248],[-71.33589,-44.41877],[-71.31219,-44.42956],[-71.24618,-44.4174],[-71.22273,-44.43625],[-71.17111,-44.4391],[-71.12969,-44.4718],[-71.16373,-44.50104],[-71.12772,-44.50804],[-71.09146,-44.53255],[-71.09723,-44.58706],[-71.12789,-44.59758],[-71.20085,-44.59164],[-71.19431,-44.60198],[-71.21506,-44.61697],[-71.21636,-44.63577],[-71.23549,-44.64092],[-71.23263,-44.65384],[-69.91869,-44.67803],[-69.50912,-44.14491],[-69.53138,-43.78473]]]},"properties":{"fid":313,"Entidad":0,"Objeto":"Departamento","FNA":"Departamento Tehuelches","GNA":"Departamento","NAM":"Tehuelches","SAG":"IGN","FDC":null,"IN1":"26098","SHAPE_STAr":1.64332018508,"SHAPE_STLe":6.82702810413}},{"type":"Feature","geometry":{"type":"MultiPolygon","coordinates":[[[[-66.36649,-45.042],[-67.07991,-45.04627],[-67.09266,-44.72102],[-67.09416,-44.67893],[-67.74809,-44.68493],[-68.37119,-44.68718],[-68.36312,-45.99979],[-67.59568,-45.99979],[-67.56519,-45.96259],[-67.53122,-45.95896],[-67.55567,-45.94513],[-67.55207,-45.92568],[-67.4991,-45.87476],[-67.45642,-45.86144],[-67.47578,-45.85376],[-67.45475,-45.81947],[-67.39788,-45.78752],[-67.36855,-45.78726],[-67.37873,-45.73446],[-67.34223,-45.72316],[-67.36203,-45.69575],[-67.35031,-45.62933],[-67.22154,-45.52708],[-67.1382,-45.42211],[-67.03601,-45.32217],[-66.95371,-45.26774],[-66.85356,-45.23212],[-66.70532,-45.22433],[-66.66201,-45.21142],[-66.57124,-45.21157],[-66.54289,-45.2251],[-66.51865,-45.2229],[-66.5141,-45.19678],[-66.5365,-45.17516],[-66.59447,-45.17162],[-66.59917,-45.16169],[-66.58438,-45.15699],[-66.60068,-45.14054],[-66.54738,-45.13667],[-66.54027,-45.15291],[-66.47317,-45.16588],[-66.46506,-45.14399],[-66.53144,-45.14435],[-66.5307,-45.1102],[-66.39852,-45.05312],[-66.36327,-45.0616],[-66.37466,-45.05589],[-66.36649,-45.042]]],[[[-66.40449,-45.1856],[-66.40822,-45.19375],[-66.39348,-45.19146],[-66.40449,-45.1856]]]]},"properties":{"fid":314,"Entidad":0,"Objeto":"Departamento","FNA":"Departamento Escalante","GNA":"Departamento","NAM":"Escalante","SAG":"IGN","FDC":null,"IN1":"26021","SHAPE_STAr":1.63688881055,"SHAPE_STLe":7.25271758009}},{"type":"Feature","geometry":{"type":"Polygon","coordinates":[[[-69.38949,-42.00006],[-69.42811,-42.00005],[-69.50529,-42.79676],[-69.55855,-43.33196],[-67.7676,-43.33879],[-67.77387,-42.88257],[-68.3816,-42.88283],[-68.3894,-42.00011],[-69.38949,-42.00006]]]},"properties":{"fid":324,"Entidad":0,"Objeto":"Departamento","FNA":"Departamento Gastre","GNA":"Departamento","NAM":"Gastre","SAG":"IGN","FDC":null,"IN1":"26049","SHAPE_STAr":1.75695896961,"SHAPE_STLe":6.11471996873}},{"type":"Feature","geometry":{"type":"Polygon","coordinates":[[[-68.36312,-45.99979],[-68.37119,-44.68718],[-69.62678,-44.68137],[-69.64806,-45.99977],[-68.36312,-45.99979]]]},"properties":{"fid":337,"Entidad":0,"Objeto":"Departamento","FNA":"Departamento Sarmiento","GNA":"Departamento","NAM":"Sarmiento","SAG":"IGN","FDC":null,"IN1":"26091","SHAPE_STAr":1.66988954267,"SHAPE_STLe":5.1717634947}},{"type":"Feature","geometry":{"type":"Polygon","coordinates":[[[-64.85725,-42.83641],[-64.87912,-42.83388],[-64.89097,-42.81268],[-64.91555,-42.81159],[-64.95336,-42.78539],[-64.97271,-42.79312],[-65.03083,-42.76854],[-65.03607,-42.73056],[-64.99553,-42.69775],[-64.98504,-42.65365],[-64.92316,-42.61684],[-64.83361,-42.61055],[-64.76239,-42.55249],[-64.68556,-42.51259],[-64.5802,-42.49084],[-64.3399,-42.53283],[-64.31046,-42.55577],[-64.30896,-42.58595],[-64.28246,-42.57325],[-64.25956,-42.58967],[-64.27341,-42.61773],[-64.21382,-42.62194],[-64.24941,-42.68304],[-64.26004,-42.74699],[-64.23993,-42.78573],[-64.14519,-42.87379],[-64.10698,-42.87847],[-63.79048,-42.81407],[-63.73285,-42.81279],[-63.67876,-42.79275],[-63.62996,-42.76463],[-63.63981,-42.69976],[-63.5828,-42.60735],[-63.60412,-42.54719],[-63.59855,-42.33023],[-63.61678,-42.28845],[-63.69349,-42.19318],[-63.73909,-42.09781],[-63.75945,-42.07611],[-63.8154,-42.07344],[-63.9648,-42.11461],[-63.98755,-42.13745],[-64.02733,-42.14763],[-64.07511,-42.17833],[-64.37875,-42.23835],[-64.31296,-42.25215],[-64.2469,-42.23418],[-64.22983,-42.24566],[-64.185,-42.24846],[-64.13492,-42.23933],[-64.0723,-42.26345],[-64.04437,-42.31285],[-64.07016,-42.33308],[-64.04304,-42.3513],[-64.05684,-42.38266],[-64.12029,-42.42827],[-64.28935,-42.41509],[-64.30154,-42.40394],[-64.3517,-42.42568],[-64.43352,-42.43987],[-64.47725,-42.4383],[-64.48557,-42.41546],[-64.49831,-42.4302],[-64.54028,-42.41928],[-64.55617,-42.43198],[-64.57287,-42.42135],[-64.6101,-42.42638],[-64.61822,-42.39558],[-64.59537,-42.38484],[-64.55856,-42.30745],[-64.46421,-42.23952],[-64.74,-42.2141],[-64.88028,-42.1808],[-65.01399,-42.09338],[-65.06928,-42.0003],[-65.72812,-42.00027],[-65.97359,-42.00025],[-65.94274,-42.86229],[-65.45458,-42.85192],[-64.85725,-42.83641]]]},"properties":{"fid":379,"Entidad":0,"Objeto":"Departamento","FNA":"Departamento Biedma","GNA":"Departamento","NAM":"Biedma","SAG":"IGN","FDC":null,"IN1":"26007","SHAPE_STAr":1.41076506052,"SHAPE_STLe":8.78767659817}},{"type":"Feature","geometry":{"type":"MultiPolygon","coordinates":[[[[-66.36649,-45.042],[-66.33216,-45.04212],[-66.32606,-45.05202],[-66.29394,-45.04593],[-66.29545,-45.05817],[-66.27623,-45.06534],[-66.29027,-45.05728],[-66.27881,-45.0594],[-66.2837,-45.04873],[-66.2464,-45.02093],[-66.2257,-45.0281],[-66.2302,-45.00701],[-66.20892,-45.00276],[-66.19268,-44.98195],[-66.17309,-44.99815],[-66.16227,-44.98302],[-66.15075,-44.99412],[-66.11894,-44.98523],[-66.08597,-44.99698],[-66.07255,-44.98977],[-66.06048,-45.00408],[-66.01969,-44.99887],[-65.93444,-45.04944],[-65.91388,-45.03202],[-65.88686,-45.03884],[-65.89165,-45.008],[-65.84653,-45.00207],[-65.82319,-45.01606],[-65.82872,-45.03912],[-65.80288,-45.03116],[-65.80941,-45.01542],[-65.78847,-45.03012],[-65.77546,-45.01949],[-65.74045,-45.02396],[-65.73686,-45.04019],[-65.70136,-45.04509],[-65.68994,-45.06201],[-65.69782,-45.04592],[-65.6813,-45.02886],[-65.68216,-45.04021],[-65.65368,-45.03929],[-65.64559,-45.05092],[-65.63635,-45.03555],[-65.60226,-45.02715],[-65.62561,-45.00935],[-65.61358,-44.99988],[-65.58431,-45.00667],[-65.60578,-44.98186],[-65.59453,-44.95737],[-65.5709,-44.96078],[-65.53639,-44.93757],[-65.54039,-44.92809],[-65.51981,-44.92974],[-65.56086,-44.90358],[-65.5743,-44.91068],[-65.57289,-44.89561],[-65.60488,-44.9089],[-65.62122,-44.88573],[-65.66309,-44.89094],[-65.70467,-44.87526],[-65.72885,-44.8484],[-65.7287,-44.81158],[-65.70261,-44.80132],[-65.69298,-44.72503],[-65.63837,-44.66587],[-65.59557,-44.64237],[-65.57615,-44.64832],[-65.52097,-44.60933],[-65.46339,-44.60023],[-65.46164,-44.57578],[-65.42678,-44.56965],[-65.39598,-44.59284],[-65.37627,-44.57521],[-65.36634,-44.58735],[-65.35822,-44.57378],[-65.39448,-44.55534],[-65.38818,-44.543],[-65.35941,-44.53738],[-65.37747,-44.52417],[-65.36789,-44.5115],[-65.3239,-44.50885],[-65.31629,-44.53119],[-65.30079,-44.51019],[-65.27929,-44.51742],[-65.28428,-44.4938],[-65.32084,-44.49074],[-65.31114,-44.46736],[-65.33446,-44.456],[-65.30885,-44.4425],[-65.31171,-44.42691],[-65.28383,-44.43036],[-65.29231,-44.422],[-65.27719,-44.42003],[-65.28532,-44.4099],[-65.26203,-44.38833],[-65.23619,-44.38688],[-65.21673,-44.36674],[-65.22741,-44.33411],[-65.24511,-44.33801],[-65.25882,-44.3273],[-65.25301,-44.30829],[-65.27078,-44.29881],[-65.2702,-44.27171],[-65.30257,-44.24453],[-65.31177,-44.20427],[-65.28769,-44.15476],[-65.2204,-44.13679],[-65.24112,-44.07782],[-65.20936,-44.04149],[-65.18794,-44.03546],[-65.22478,-44.04534],[-65.25158,-44.02764],[-65.25731,-43.99183],[-65.23114,-43.9727],[-65.27683,-43.96663],[-65.29903,-43.93415],[-65.32858,-43.84567],[-65.31119,-43.79558],[-65.34928,-43.77614],[-65.35321,-43.75874],[-65.40421,-43.76005],[-66.4593,-43.78202],[-66.43176,-43.82567],[-66.43261,-43.85914],[-66.47448,-43.90327],[-66.48525,-43.96572],[-66.53971,-43.99116],[-66.57774,-43.99285],[-66.60479,-44.01897],[-66.62849,-44.01959],[-66.67592,-44.07436],[-66.68551,-44.10317],[-66.67446,-44.13441],[-66.69448,-44.1917],[-66.79888,-44.26285],[-66.80907,-44.34057],[-66.83461,-44.38758],[-66.93127,-44.48092],[-66.9407,-44.51469],[-66.96725,-44.52934],[-66.95895,-44.5518],[-66.97431,-44.59242],[-67.01582,-44.65193],[-67.0482,-44.66843],[-67.09266,-44.72102],[-67.07991,-45.04627],[-66.36649,-45.042]]],[[[-65.99297,-45.09108],[-66.01068,-45.07938],[-66.01975,-45.08641],[-66.00784,-45.10425],[-65.96435,-45.10923],[-65.99297,-45.09108]]],[[[-65.59759,-45.04343],[-65.62358,-45.04533],[-65.61663,-45.06002],[-65.58824,-45.05373],[-65.59759,-45.04343]]],[[[-65.95084,-45.10877],[-65.96272,-45.10259],[-65.94682,-45.11931],[-65.95084,-45.10877]]]]},"properties":{"fid":381,"Entidad":0,"Objeto":"Departamento","FNA":"Departamento Florentino Ameghino","GNA":"Departamento","NAM":"Florentino Ameghino","SAG":"IGN","FDC":null,"IN1":"26028","SHAPE_STAr":1.79234860004,"SHAPE_STLe":9.57779291781}},{"type":"Feature","geometry":{"type":"Polygon","coordinates":[[[-65.97724,-54.59842],[-66.30557,-54.50819],[-66.36441,-54.50105],[-66.38404,-54.48701],[-66.46895,-54.47716],[-66.55222,-54.42053],[-66.54413,-54.4024],[-66.66101,-54.34343],[-66.70027,-54.30275],[-66.69094,-54.2829],[-66.73239,-54.27724],[-66.75248,-54.2524],[-66.89996,-54.21751],[-66.949,-54.18849],[-68.60794,-54.18855],[-68.60895,-54.4241],[-68.54544,-54.42795],[-68.53128,-54.44057],[-68.55781,-54.45513],[-68.44735,-54.45827],[-68.40279,-54.44549],[-68.36823,-54.4575],[-68.36977,-54.61981],[-67.39245,-54.61981],[-67.38777,-54.7442],[-67.00627,-54.74797],[-67.00258,-54.59842],[-65.97724,-54.59842]]]},"properties":{"fid":466,"Entidad":0,"Objeto":"Departamento","FNA":"Departamento Río Grande","GNA":"Departamento","NAM":"Tolhuin","SAG":"Gerencia de Catastro Pcial.","FDC":null,"IN1":"94011","SHAPE_STAr":0.891683580238,"SHAPE_STLe":6.26263526509}},{"type":"Feature","geometry":{"type":"Polygon","coordinates":[[[-68.24998,-37.57481],[-68.25009,-36.80277],[-68.25018,-36.17249],[-68.29613,-36.17255],[-68.29614,-35.99955],[-68.27123,-35.99955],[-68.48912,-35.58256],[-68.74604,-35.36937],[-69.27537,-35.25773],[-69.34367,-35.27509],[-69.3767,-35.27022],[-69.51419,-35.22905],[-69.55341,-35.18635],[-69.54706,-35.16496],[-69.56932,-35.11067],[-69.60969,-35.08589],[-69.64497,-35.02502],[-69.64727,-34.99842],[-69.68488,-34.96685],[-69.7624,-34.93826],[-70.01563,-34.80859],[-70.08954,-34.74898],[-70.14178,-34.74484],[-70.18252,-34.70682],[-70.24238,-34.68971],[-70.25928,-34.73016],[-70.30767,-34.75107],[-70.30857,-34.76991],[-70.24819,-34.79887],[-70.27996,-34.85234],[-70.27632,-34.87626],[-70.33113,-34.93648],[-70.33367,-34.98992],[-70.36378,-35.00602],[-70.36045,-35.03489],[-70.37635,-35.05092],[-70.37389,-35.08569],[-70.35758,-35.09898],[-70.3701,-35.11208],[-70.36119,-35.1355],[-70.37502,-35.17022],[-70.43992,-35.19373],[-70.45499,-35.18978],[-70.47209,-35.20391],[-70.53605,-35.1991],[-70.56811,-35.22382],[-70.56516,-35.24301],[-70.58369,-35.26716],[-70.56629,-35.29949],[-70.5002,-35.32107],[-70.43189,-35.31829],[-70.41839,-35.35368],[-70.4227,-35.37072],[-70.452,-35.39162],[-70.43831,-35.41317],[-70.45213,-35.42633],[-70.43233,-35.44571],[-70.44653,-35.46323],[-70.41374,-35.48854],[-70.39422,-35.48533],[-70.36801,-35.52074],[-70.38824,-35.51586],[-70.41356,-35.52849],[-70.3847,-35.60511],[-70.4238,-35.64106],[-70.3975,-35.66366],[-70.39884,-35.68665],[-70.37446,-35.70061],[-70.3583,-35.74964],[-70.38009,-35.76696],[-70.37874,-35.78785],[-70.35845,-35.80124],[-70.33686,-35.79565],[-70.31196,-35.81316],[-70.36956,-35.84122],[-70.38129,-35.86692],[-70.42197,-35.87659],[-70.42399,-35.91466],[-70.36477,-35.92419],[-70.42295,-35.97155],[-70.37815,-35.98997],[-70.3701,-36.03533],[-70.41084,-36.05686],[-70.42547,-36.09534],[-70.41508,-36.10991],[-70.39738,-36.11949],[-70.39499,-36.19433],[-70.37062,-36.22379],[-70.37218,-36.28016],[-70.35149,-36.32427],[-70.33895,-36.33692],[-70.30358,-36.34056],[-70.26665,-36.32241],[-70.22013,-36.33217],[-70.19565,-36.42338],[-70.20168,-36.45362],[-70.18285,-36.49079],[-70.1384,-36.5268],[-70.12278,-36.57078],[-70.07592,-36.60662],[-70.04254,-36.65905],[-70.02208,-36.66584],[-70.01216,-36.69553],[-69.98748,-36.6929],[-69.94753,-36.72161],[-69.94393,-36.74492],[-69.92003,-36.76227],[-69.92175,-36.79482],[-69.87357,-36.8114],[-69.8506,-36.84627],[-69.75965,-36.87152],[-69.75208,-36.88617],[-69.779,-36.91682],[-69.77626,-36.99122],[-69.76459,-37.00029],[-69.75563,-37.06864],[-69.71154,-37.10148],[-69.6275,-37.14372],[-69.52957,-37.17444],[-69.46498,-37.17256],[-69.43007,-37.15949],[-69.39699,-37.1719],[-69.37767,-37.15956],[-69.35155,-37.16399],[-69.33491,-37.15143],[-69.29918,-37.15507],[-69.26832,-37.1445],[-69.21964,-37.17739],[-69.17288,-37.17791],[-69.06413,-37.22365],[-69.03829,-37.25564],[-69.0493,-37.31467],[-69.02604,-37.36479],[-68.97713,-37.3793],[-68.943,-37.37183],[-68.88468,-37.382],[-68.86517,-37.40125],[-68.76609,-37.36648],[-68.72164,-37.38894],[-68.69658,-37.44234],[-68.63409,-37.4475],[-68.61367,-37.43863],[-68.56992,-37.45628],[-68.50491,-37.45409],[-68.43666,-37.54456],[-68.40118,-37.55873],[-68.35495,-37.54723],[-68.3491,-37.55665],[-68.28989,-37.55904],[-68.24998,-37.57481]]]},"properties":{"fid":174,"Entidad":0,"Objeto":"Departamento","FNA":"Departamento Malargüe","GNA":"Departamento","NAM":"Malargüe","SAG":"IDE Mendoza","FDC":null,"IN1":"50077","SHAPE_STAr":4.06123143768,"SHAPE_STLe":10.5249599345}},{"type":"Feature","geometry":{"type":"Polygon","coordinates":[[[-66.77655,-34.29766],[-67.15524,-34.29586],[-67.15155,-34.11054],[-67.5012,-34.10133],[-67.56451,-34.10185],[-67.64778,-34.20107],[-68.02484,-34.1998],[-68.10275,-34.21324],[-68.17058,-34.21141],[-68.20237,-34.20698],[-68.24645,-34.17949],[-68.29922,-34.17285],[-68.34926,-34.18057],[-68.42641,-34.22266],[-68.45348,-34.21255],[-68.51373,-34.21081],[-68.58475,-34.23689],[-68.65116,-34.2384],[-68.71575,-34.26337],[-68.75465,-34.25999],[-68.81138,-34.37063],[-69.00592,-34.32001],[-69.05427,-34.57928],[-69.09137,-34.58248],[-69.0985,-34.60302],[-69.12974,-34.6134],[-69.1313,-34.62341],[-69.43097,-34.70167],[-69.48204,-34.684],[-69.64292,-34.5232],[-69.71305,-34.48124],[-69.75708,-34.47947],[-69.77267,-34.4674],[-69.79564,-34.40467],[-69.90493,-34.33789],[-69.95531,-34.29271],[-69.97843,-34.25245],[-70.01158,-34.26701],[-70.03228,-34.29125],[-70.01466,-34.33539],[-70.02424,-34.37372],[-70.0123,-34.41195],[-70.04181,-34.42341],[-70.08242,-34.47256],[-70.12943,-34.48561],[-70.14442,-34.53288],[-70.21698,-34.61074],[-70.21586,-34.68343],[-70.24238,-34.68971],[-70.18252,-34.70682],[-70.14178,-34.74484],[-70.08954,-34.74898],[-70.01563,-34.80859],[-69.7624,-34.93826],[-69.68488,-34.96685],[-69.64727,-34.99842],[-69.64497,-35.02502],[-69.60969,-35.08589],[-69.56932,-35.11067],[-69.54706,-35.16496],[-69.55341,-35.18635],[-69.51419,-35.22905],[-69.3767,-35.27022],[-69.34367,-35.27509],[-69.27537,-35.25773],[-68.74604,-35.36937],[-68.48912,-35.58256],[-68.27123,-35.99955],[-67.19493,-35.99952],[-67.28539,-35.83412],[-67.33648,-35.80815],[-67.39607,-35.73016],[-67.41574,-35.72295],[-67.41394,-35.68306],[-67.40402,-35.68188],[-67.41248,-35.65782],[-67.47886,-35.59128],[-67.48078,-35.56332],[-67.50652,-35.55195],[-67.53047,-35.50392],[-67.575,-35.46133],[-67.59284,-35.45965],[-67.62427,-35.40581],[-67.64788,-35.3914],[-67.64391,-35.36821],[-67.65946,-35.3395],[-67.64637,-35.31655],[-67.67167,-35.29665],[-67.67944,-35.25452],[-67.71531,-35.24021],[-67.71309,-35.20882],[-67.73225,-35.20521],[-67.71389,-35.17595],[-67.73033,-35.15141],[-67.7106,-35.11804],[-67.71911,-35.09872],[-67.69963,-35.08416],[-67.7121,-35.05509],[-67.69713,-35.03631],[-67.70926,-35.02973],[-67.69342,-35.01564],[-67.71353,-35.004],[-67.70956,-34.98242],[-67.72304,-34.97272],[-67.66514,-34.62229],[-67.63429,-34.56702],[-67.63928,-34.53424],[-67.55991,-34.53281],[-67.48612,-34.55595],[-67.45291,-34.54895],[-67.42688,-34.55895],[-67.38718,-34.54058],[-67.33791,-34.55006],[-67.31972,-34.53848],[-67.28395,-34.53774],[-67.22748,-34.54893],[-67.20467,-34.5663],[-67.15394,-34.55941],[-67.07903,-34.57465],[-67.05846,-34.55521],[-67.01799,-34.55841],[-66.94317,-34.53695],[-66.92139,-34.51543],[-66.89957,-34.51701],[-66.89087,-34.50604],[-66.87122,-34.51293],[-66.84538,-34.49237],[-66.79295,-34.49162],[-66.75858,-34.51144],[-66.75781,-34.43507],[-66.79597,-34.41154],[-66.77424,-34.40824],[-66.76542,-34.37859],[-66.78769,-34.37781],[-66.81306,-34.34382],[-66.80001,-34.3353],[-66.8029,-34.30517],[-66.77655,-34.29766]]]},"properties":{"fid":119,"Entidad":0,"Objeto":"Departamento","FNA":"Departamento San Rafael","GNA":"Departamento","NAM":"San Rafael","SAG":"IDE Mendoza","FDC":null,"IN1":"50105","SHAPE_STAr":3.09651198495,"SHAPE_STLe":12.048529759}},{"type":"Feature","geometry":{"type":"Polygon","coordinates":[[[-66.6479,-34.74299],[-66.65158,-34.75733],[-66.60857,-34.77377],[-66.59584,-34.78984],[-66.60284,-34.80283],[-66.5635,-34.8294],[-66.54546,-34.8832],[-66.55531,-34.91096],[-66.53826,-34.91731],[-66.52602,-34.94279],[-66.54641,-34.96796],[-66.53287,-35.00615],[-66.54078,-35.01557],[-66.52243,-35.02175],[-66.52693,-35.04953],[-66.515,-35.05191],[-66.52137,-35.06397],[-66.50754,-35.09082],[-66.48911,-35.09475],[-66.49869,-35.1065],[-66.47858,-35.14042],[-66.49416,-35.15678],[-66.49852,-35.19345],[-66.48431,-35.20846],[-66.48423,-35.2409],[-66.52012,-35.27517],[-66.49572,-35.30986],[-66.50808,-35.39754],[-66.52928,-35.44287],[-66.51737,-35.4701],[-66.52584,-35.54057],[-66.57065,-35.58211],[-66.56274,-35.62448],[-66.54817,-35.63731],[-66.58058,-35.70378],[-66.59342,-35.80376],[-66.62224,-35.84836],[-66.62968,-35.92764],[-66.61937,-35.96431],[-66.63787,-35.9995],[-66.01781,-35.99951],[-65.11695,-35.99953],[-65.11696,-35.9789],[-65.11705,-35.80107],[-65.11749,-35],[-65.11749,-34.65217],[-65.25198,-34.65297],[-65.25249,-34.66778],[-65.56798,-34.66887],[-65.56816,-34.69479],[-65.6698,-34.69272],[-65.66983,-34.7123],[-65.97524,-34.71253],[-65.97643,-34.77861],[-66.09944,-34.77237],[-66.44476,-34.82397],[-66.52912,-34.81262],[-66.6479,-34.74299]]]},"properties":{"fid":42,"Entidad":0,"Objeto":"Departamento","FNA":"Departamento Gobernador Dupuy","GNA":"Departamento","NAM":"Gobernador Dupuy","SAG":"Direc. de Geodesia y Catastro","FDC":null,"IN1":"74042","SHAPE_STAr":1.81741405149,"SHAPE_STLe":6.26741110401}},{"type":"Feature","geometry":{"type":"Polygon","coordinates":[[[-66.75858,-34.51144],[-66.79295,-34.49162],[-66.84538,-34.49237],[-66.87122,-34.51293],[-66.89087,-34.50604],[-66.89957,-34.51701],[-66.92139,-34.51543],[-66.94317,-34.53695],[-67.01799,-34.55841],[-67.05846,-34.55521],[-67.07903,-34.57465],[-67.15394,-34.55941],[-67.20467,-34.5663],[-67.22748,-34.54893],[-67.28395,-34.53774],[-67.31972,-34.53848],[-67.33791,-34.55006],[-67.38718,-34.54058],[-67.42688,-34.55895],[-67.45291,-34.54895],[-67.48612,-34.55595],[-67.55991,-34.53281],[-67.63928,-34.53424],[-67.63429,-34.56702],[-67.66514,-34.62229],[-67.72304,-34.97272],[-67.70956,-34.98242],[-67.71353,-35.004],[-67.69342,-35.01564],[-67.70926,-35.02973],[-67.69713,-35.03631],[-67.7121,-35.05509],[-67.69963,-35.08416],[-67.71911,-35.09872],[-67.7106,-35.11804],[-67.73033,-35.15141],[-67.71389,-35.17595],[-67.73225,-35.20521],[-67.71309,-35.20882],[-67.71531,-35.24021],[-67.67944,-35.25452],[-67.67167,-35.29665],[-67.64637,-35.31655],[-67.65946,-35.3395],[-67.64391,-35.36821],[-67.64788,-35.3914],[-67.62427,-35.40581],[-67.59284,-35.45965],[-67.575,-35.46133],[-67.53047,-35.50392],[-67.50652,-35.55195],[-67.48078,-35.56332],[-67.47886,-35.59128],[-67.41248,-35.65782],[-67.40402,-35.68188],[-67.41394,-35.68306],[-67.41574,-35.72295],[-67.39607,-35.73016],[-67.33648,-35.80815],[-67.28539,-35.83412],[-67.19493,-35.99952],[-67.13246,-35.99952],[-66.63787,-35.9995],[-66.61937,-35.96431],[-66.62968,-35.92764],[-66.62224,-35.84836],[-66.59342,-35.80376],[-66.58058,-35.70378],[-66.54817,-35.63731],[-66.56274,-35.62448],[-66.57065,-35.58211],[-66.52584,-35.54057],[-66.51737,-35.4701],[-66.52928,-35.44287],[-66.50808,-35.39754],[-66.49572,-35.30986],[-66.52012,-35.27517],[-66.48423,-35.2409],[-66.48431,-35.20846],[-66.49852,-35.19345],[-66.49416,-35.15678],[-66.47858,-35.14042],[-66.49869,-35.1065],[-66.48911,-35.09475],[-66.50754,-35.09082],[-66.52137,-35.06397],[-66.515,-35.05191],[-66.52693,-35.04953],[-66.52243,-35.02175],[-66.54078,-35.01557],[-66.53287,-35.00615],[-66.54641,-34.96796],[-66.52602,-34.94279],[-66.53826,-34.91731],[-66.55531,-34.91096],[-66.54546,-34.8832],[-66.5635,-34.8294],[-66.60284,-34.80283],[-66.59584,-34.78984],[-66.60857,-34.77377],[-66.65158,-34.75733],[-66.6479,-34.74299],[-66.64161,-34.71674],[-66.69167,-34.69011],[-66.71309,-34.62856],[-66.70332,-34.61995],[-66.72727,-34.60992],[-66.72905,-34.58687],[-66.76609,-34.55102],[-66.75858,-34.51144]]]},"properties":{"fid":117,"Entidad":0,"Objeto":"Departamento","FNA":"Departamento General Alvear","GNA":"Departamento","NAM":"General Alvear","SAG":"IDE Mendoza","FDC":null,"IN1":"50014","SHAPE_STAr":1.45751194571,"SHAPE_STLe":5.81770508397}},{"type":"Feature","geometry":{"type":"Polygon","coordinates":[[[-67.18348,-33.08702],[-67.18411,-33.13067],[-67.16733,-33.16722],[-67.18222,-33.1994],[-67.18076,-33.24873],[-67.15241,-33.32718],[-67.15268,-33.41257],[-67.13385,-33.46786],[-67.09607,-33.50455],[-67.09319,-33.53883],[-67.0653,-33.5516],[-67.07016,-33.56491],[-67.04806,-33.58034],[-67.03684,-33.60753],[-67.00768,-33.61918],[-66.99781,-33.63356],[-67.00482,-33.66731],[-66.97416,-33.6891],[-66.95709,-33.7237],[-66.88246,-33.77012],[-66.87426,-33.83151],[-66.80063,-33.86263],[-66.76858,-33.90209],[-66.73412,-33.91356],[-66.72332,-33.93547],[-66.67566,-33.94158],[-66.66662,-33.95764],[-66.66362,-33.98589],[-66.70819,-34.0244],[-66.69971,-34.04681],[-66.71605,-34.05735],[-66.71267,-34.10115],[-66.7339,-34.13655],[-66.71172,-34.14826],[-66.73099,-34.18187],[-66.71944,-34.18909],[-66.73008,-34.208],[-66.71983,-34.21301],[-66.74894,-34.22282],[-66.74725,-34.23534],[-66.78519,-34.23248],[-66.78836,-34.25293],[-66.80207,-34.25742],[-66.77655,-34.29766],[-66.8029,-34.30517],[-66.80001,-34.3353],[-66.81306,-34.34382],[-66.78769,-34.37781],[-66.76542,-34.37859],[-66.77424,-34.40824],[-66.79597,-34.41154],[-66.75781,-34.43507],[-66.75858,-34.51144],[-66.76609,-34.55102],[-66.72905,-34.58687],[-66.72727,-34.60992],[-66.70332,-34.61995],[-66.71309,-34.62856],[-66.69167,-34.69011],[-66.64161,-34.71674],[-66.6479,-34.74299],[-66.52912,-34.81262],[-66.44476,-34.82397],[-66.09944,-34.77237],[-65.97643,-34.77861],[-65.97524,-34.71253],[-66.00965,-34.71235],[-66.01297,-34.42145],[-66.00715,-34.40102],[-65.99609,-34.40105],[-65.9956,-34.34642],[-66.00532,-34.04401],[-66.03739,-34.04439],[-66.03799,-34.00694],[-66.14238,-34.0072],[-66.1473,-33.95079],[-66.11949,-33.86057],[-66.13984,-33.83999],[-66.19282,-33.82994],[-66.22016,-33.83707],[-66.16555,-33.65481],[-66.18998,-33.65579],[-66.15628,-33.56509],[-66.15673,-33.44638],[-66.13569,-33.38988],[-66.11012,-33.38343],[-66.12366,-33.36476],[-66.10254,-33.27729],[-66.10542,-33.22191],[-66.13708,-33.23701],[-66.18015,-33.23953],[-66.22831,-33.16858],[-66.21517,-33.1293],[-66.25668,-33.13756],[-66.28853,-33.12054],[-66.28761,-33.12807],[-66.36107,-33.12868],[-66.36321,-33.10179],[-66.50111,-33.1033],[-66.50536,-33.11303],[-66.51538,-33.10854],[-66.51298,-33.13128],[-66.58067,-33.18516],[-66.57949,-33.20658],[-66.66774,-33.16762],[-66.68176,-33.13871],[-66.80006,-33.11503],[-66.80995,-33.1704],[-66.97335,-33.1408],[-66.97259,-33.09972],[-67.00734,-33.09585],[-67.01441,-33.10459],[-67.01959,-33.07916],[-67.18348,-33.08702]]]},"properties":{"fid":330,"Entidad":0,"Objeto":"Departamento","FNA":"Departamento Juan Martín de Pueyrredón","GNA":"Departamento","NAM":"Juan Martín de Pueyrredón","SAG":"Direc. de Geodesia y Catastro","FDC":null,"IN1":"74056","SHAPE_STAr":1.32265685897,"SHAPE_STLe":6.85083920855}},{"type":"Feature","geometry":{"type":"Polygon","coordinates":[[[-68.45348,-34.21255],[-68.4561,-34.0415],[-68.3803,-34.02366],[-68.29314,-34.0198],[-68.29129,-33.46318],[-68.5951,-33.49192],[-68.56479,-33.73429],[-69.00337,-33.54648],[-69.00184,-33.61198],[-69.05844,-33.64307],[-69.0726,-33.67105],[-69.18582,-33.73128],[-69.21707,-33.76392],[-69.30187,-33.78434],[-69.34321,-33.82645],[-69.34413,-33.85399],[-69.36025,-33.86293],[-69.4484,-33.84777],[-69.55544,-33.87228],[-69.57041,-33.86151],[-69.63258,-33.85539],[-69.68,-33.85962],[-69.69396,-33.8707],[-69.7464,-33.85226],[-69.80246,-33.86923],[-69.89793,-33.83765],[-69.85552,-33.8921],[-69.89006,-33.91948],[-69.90552,-33.96516],[-69.88345,-33.97671],[-69.85421,-33.96371],[-69.83924,-34.00695],[-69.82142,-34.01519],[-69.85402,-34.05627],[-69.83208,-34.07213],[-69.83407,-34.0882],[-69.85985,-34.10457],[-69.85584,-34.11571],[-69.87329,-34.13107],[-69.81526,-34.17786],[-69.79672,-34.21048],[-69.8072,-34.24835],[-69.89698,-34.26586],[-69.90988,-34.29212],[-69.97843,-34.25245],[-69.95531,-34.29271],[-69.90493,-34.33789],[-69.79564,-34.40467],[-69.77267,-34.4674],[-69.75708,-34.47947],[-69.71305,-34.48124],[-69.64292,-34.5232],[-69.48204,-34.684],[-69.43097,-34.70167],[-69.1313,-34.62341],[-69.12974,-34.6134],[-69.0985,-34.60302],[-69.09137,-34.58248],[-69.05427,-34.57928],[-69.00592,-34.32001],[-68.81138,-34.37063],[-68.75465,-34.25999],[-68.71575,-34.26337],[-68.65116,-34.2384],[-68.58475,-34.23689],[-68.51373,-34.21081],[-68.45348,-34.21255]]]},"properties":{"fid":165,"Entidad":0,"Objeto":"Departamento","FNA":"Departamento San Carlos","GNA":"Departamento","NAM":"San Carlos","SAG":"IDE Mendoza","FDC":null,"IN1":"50091","SHAPE_STAr":1.12936004579,"SHAPE_STLe":6.12973161294}},{"type":"Feature","geometry":{"type":"Polygon","coordinates":[[[-67.17696,-33.07321],[-67.57719,-33.03075],[-67.65613,-33.34796],[-67.66885,-33.348],[-67.71805,-33.4461],[-67.70503,-33.77308],[-67.50308,-33.76952],[-67.5012,-34.10133],[-67.15155,-34.11054],[-67.15524,-34.29586],[-66.77655,-34.29766],[-66.80207,-34.25742],[-66.78836,-34.25293],[-66.78519,-34.23248],[-66.74725,-34.23534],[-66.74894,-34.22282],[-66.71983,-34.21301],[-66.73008,-34.208],[-66.71944,-34.18909],[-66.73099,-34.18187],[-66.71172,-34.14826],[-66.7339,-34.13655],[-66.71267,-34.10115],[-66.71605,-34.05735],[-66.69971,-34.04681],[-66.70819,-34.0244],[-66.66362,-33.98589],[-66.66662,-33.95764],[-66.67566,-33.94158],[-66.72332,-33.93547],[-66.73412,-33.91356],[-66.76858,-33.90209],[-66.80063,-33.86263],[-66.87426,-33.83151],[-66.88246,-33.77012],[-66.95709,-33.7237],[-66.97416,-33.6891],[-67.00482,-33.66731],[-66.99781,-33.63356],[-67.00768,-33.61918],[-67.03684,-33.60753],[-67.04806,-33.58034],[-67.07016,-33.56491],[-67.0653,-33.5516],[-67.09319,-33.53883],[-67.09607,-33.50455],[-67.13385,-33.46786],[-67.15268,-33.41257],[-67.15241,-33.32718],[-67.18076,-33.24873],[-67.18222,-33.1994],[-67.16733,-33.16722],[-67.18411,-33.13067],[-67.18348,-33.08702],[-67.17696,-33.07321]]]},"properties":{"fid":56,"Entidad":0,"Objeto":"Departamento","FNA":"Departamento La Paz","GNA":"Departamento","NAM":"La Paz","SAG":"IDE Mendoza","FDC":null,"IN1":"50042","SHAPE_STAr":0.732658797035,"SHAPE_STLe":4.67294454093}},{"type":"Feature","geometry":{"type":"Polygon","coordinates":[[[-67.95776,-32.84504],[-68.12311,-32.8386],[-68.12555,-33.00008],[-68.18627,-33.00028],[-68.28495,-33.0588],[-68.28781,-33.18864],[-68.28922,-33.23243],[-68.28127,-33.36022],[-68.29129,-33.46318],[-68.29314,-34.0198],[-68.3803,-34.02366],[-68.4561,-34.0415],[-68.45348,-34.21255],[-68.42641,-34.22266],[-68.34926,-34.18057],[-68.29922,-34.17285],[-68.24645,-34.17949],[-68.20237,-34.20698],[-68.17058,-34.21141],[-68.10275,-34.21324],[-68.02484,-34.1998],[-67.64778,-34.20107],[-67.56451,-34.10185],[-67.5012,-34.10133],[-67.50308,-33.76952],[-67.70503,-33.77308],[-67.71805,-33.4461],[-67.66885,-33.348],[-67.65613,-33.34796],[-67.57719,-33.03075],[-67.95669,-32.98878],[-67.95776,-32.84504]]]},"properties":{"fid":53,"Entidad":0,"Objeto":"Departamento","FNA":"Departamento Santa Rosa","GNA":"Departamento","NAM":"Santa Rosa","SAG":"IDE Mendoza","FDC":null,"IN1":"50112","SHAPE_STAr":0.859368917713,"SHAPE_STLe":4.72158886694}},{"type":"Feature","geometry":{"type":"Polygon","coordinates":[[[-68.99859,-33.54164],[-69.02962,-33.54364],[-69.05847,-33.5233],[-69.2731,-33.45519],[-69.32048,-33.40886],[-69.34664,-33.39973],[-69.77035,-33.36044],[-69.78641,-33.39185],[-69.81551,-33.38988],[-69.79608,-33.42326],[-69.81952,-33.43009],[-69.81512,-33.46917],[-69.82949,-33.47632],[-69.83485,-33.51566],[-69.87218,-33.53947],[-69.86533,-33.583],[-69.88086,-33.61856],[-69.87019,-33.65162],[-69.88486,-33.68323],[-69.8646,-33.71678],[-69.90458,-33.77085],[-69.89374,-33.79123],[-69.89793,-33.83765],[-69.80246,-33.86923],[-69.7464,-33.85226],[-69.69396,-33.8707],[-69.68,-33.85962],[-69.63258,-33.85539],[-69.57041,-33.86151],[-69.55544,-33.87228],[-69.4484,-33.84777],[-69.36025,-33.86293],[-69.34413,-33.85399],[-69.34321,-33.82645],[-69.30187,-33.78434],[-69.21707,-33.76392],[-69.18582,-33.73128],[-69.0726,-33.67105],[-69.05844,-33.64307],[-69.00184,-33.61198],[-69.00337,-33.54648],[-68.99859,-33.54164]]]},"properties":{"fid":166,"Entidad":0,"Objeto":"Departamento","FNA":"Departamento Tunuyán","GNA":"Departamento","NAM":"Tunuyán","SAG":"IDE Mendoza","FDC":null,"IN1":"50119","SHAPE_STAr":0.328573559322,"SHAPE_STLe":2.67906596324}},{"type":"Feature","geometry":{"type":"Polygon","coordinates":[[[-69.00337,-33.54648],[-68.56479,-33.73429],[-68.5951,-33.49192],[-68.29129,-33.46318],[-68.28127,-33.36022],[-68.28922,-33.23243],[-68.37959,-33.20888],[-68.44581,-33.16147],[-68.48098,-33.14949],[-68.55237,-33.15451],[-68.61305,-33.17741],[-68.64426,-33.1958],[-68.63926,-33.20386],[-68.68613,-33.2482],[-68.73316,-33.29861],[-68.72855,-33.34046],[-68.77943,-33.38996],[-68.79835,-33.39055],[-68.8533,-33.41217],[-68.8902,-33.45506],[-68.99084,-33.49501],[-68.98528,-33.5323],[-68.99859,-33.54164],[-69.00337,-33.54648]]]},"properties":{"fid":54,"Entidad":0,"Objeto":"Departamento","FNA":"Departamento Rivadavia","GNA":"Departamento","NAM":"Rivadavia","SAG":"IDE Mendoza","FDC":null,"IN1":"50084","SHAPE_STAr":0.204336445618,"SHAPE_STLe":2.26405954555}},{"type":"Feature","geometry":{"type":"Polygon","coordinates":[[[-69.77035,-33.36044],[-69.34664,-33.39973],[-69.32048,-33.40886],[-69.2731,-33.45519],[-69.05847,-33.5233],[-69.02962,-33.54364],[-68.99859,-33.54164],[-68.98528,-33.5323],[-68.99084,-33.49501],[-68.8902,-33.45506],[-68.8533,-33.41217],[-68.79835,-33.39055],[-68.92281,-33.33877],[-68.90608,-33.2935],[-69.04238,-33.2567],[-69.21509,-33.11307],[-69.29278,-33.10229],[-69.51467,-33.03331],[-69.76906,-33.35042],[-69.77035,-33.36044]]]},"properties":{"fid":98,"Entidad":0,"Objeto":"Departamento","FNA":"Departamento Tupungato","GNA":"Departamento","NAM":"Tupungato","SAG":"IDE Mendoza","FDC":null,"IN1":"50126","SHAPE_STAr":0.237675304067,"SHAPE_STLe":2.45223503682}},{"type":"Feature","geometry":{"type":"Polygon","coordinates":[[[-68.86869,-32.96118],[-68.91532,-33.00536],[-68.98168,-33.0378],[-69.0939,-33.04932],[-69.1161,-33.03027],[-69.12981,-32.99506],[-69.18708,-32.94913],[-69.24007,-32.91817],[-69.26008,-32.92078],[-69.26622,-32.85049],[-69.30057,-32.82538],[-69.31396,-32.75972],[-69.34636,-32.69334],[-69.40002,-32.63501],[-69.43676,-32.62129],[-69.49018,-32.63932],[-69.53363,-32.71741],[-69.6071,-32.78292],[-69.73149,-32.83547],[-69.76829,-32.86909],[-69.89392,-32.8268],[-70.02393,-32.82523],[-70.0835,-32.81288],[-70.05432,-32.83313],[-70.04468,-32.86995],[-70.00383,-32.88231],[-69.98938,-32.89896],[-70.00724,-32.93116],[-69.99983,-32.94483],[-70.02738,-32.96988],[-70.021,-33.00851],[-70.03465,-33.02313],[-70.08092,-33.02829],[-70.09374,-33.05097],[-70.07499,-33.06288],[-70.06712,-33.08816],[-70.07583,-33.12057],[-70.05173,-33.13455],[-70.06558,-33.15573],[-70.0644,-33.20511],[-70.05454,-33.22628],[-70.02591,-33.23651],[-70.03826,-33.2704],[-70.00602,-33.2856],[-70.00091,-33.32288],[-69.91586,-33.26677],[-69.91663,-33.24425],[-69.90433,-33.2729],[-69.85962,-33.28355],[-69.83723,-33.27261],[-69.79989,-33.28786],[-69.76906,-33.35042],[-69.51467,-33.03331],[-69.29278,-33.10229],[-69.21509,-33.11307],[-69.04238,-33.2567],[-68.90608,-33.2935],[-68.92281,-33.33877],[-68.79835,-33.39055],[-68.77943,-33.38996],[-68.72855,-33.34046],[-68.73316,-33.29861],[-68.68613,-33.2482],[-68.64089,-33.10268],[-68.7011,-33.116],[-68.78707,-33.05557],[-68.83343,-33.06474],[-68.86515,-33.04891],[-68.82967,-32.96046],[-68.86869,-32.96118]]]},"properties":{"fid":167,"Entidad":0,"Objeto":"Departamento","FNA":"Departamento Cuyo","GNA":"Departamento","NAM":"Cuyo","SAG":"IDE Mendoza","FDC":null,"IN1":"50063","SHAPE_STAr":0.465339008662,"SHAPE_STLe":4.8984518443}},{"type":"Feature","geometry":{"type":"Polygon","coordinates":[[[-68.56638,-33.02972],[-68.58027,-33.0363],[-68.59905,-33.09167],[-68.64089,-33.10268],[-68.68613,-33.2482],[-68.63926,-33.20386],[-68.64426,-33.1958],[-68.61305,-33.17741],[-68.55237,-33.15451],[-68.48098,-33.14949],[-68.44581,-33.16147],[-68.37959,-33.20888],[-68.28922,-33.23243],[-68.28781,-33.18864],[-68.44793,-33.1],[-68.49029,-33.12302],[-68.51717,-33.10672],[-68.51196,-33.10046],[-68.57987,-33.06958],[-68.56638,-33.02972]]]},"properties":{"fid":295,"Entidad":0,"Objeto":"Departamento","FNA":"Departamento Junín","GNA":"Departamento","NAM":"Junín","SAG":"IDE Mendoza","FDC":null,"IN1":"50035","SHAPE_STAr":0.0263228595047,"SHAPE_STLe":1.19771486984}},{"type":"Feature","geometry":{"type":"Polygon","coordinates":[[[-66.20288,-32.57244],[-66.22847,-32.55739],[-66.25588,-32.57127],[-66.20825,-32.50506],[-66.21954,-32.43262],[-66.19737,-32.34439],[-66.43591,-32.33593],[-66.64663,-32.36523],[-66.92449,-32.36274],[-67.01064,-32.3892],[-67.03801,-32.37202],[-67.15872,-32.37173],[-67.26622,-32.33935],[-67.2638,-32.38186],[-67.31775,-32.38203],[-67.31013,-32.42474],[-67.28967,-32.44211],[-67.30145,-32.47066],[-67.28384,-32.51207],[-67.29693,-32.53622],[-67.28039,-32.53467],[-67.26212,-32.55365],[-67.26801,-32.57098],[-67.24401,-32.60443],[-67.25662,-32.62556],[-67.23656,-32.63609],[-67.22432,-32.68284],[-67.18765,-32.69829],[-67.16764,-32.75482],[-67.18573,-32.77065],[-67.17743,-32.82051],[-67.20942,-32.85706],[-67.23201,-32.86507],[-67.23114,-32.89785],[-67.21236,-32.91184],[-67.20138,-32.97331],[-67.17936,-33.00418],[-67.18336,-33.03921],[-67.19809,-33.0451],[-67.17696,-33.07321],[-67.18348,-33.08702],[-67.01959,-33.07916],[-67.01441,-33.10459],[-67.00734,-33.09585],[-66.97259,-33.09972],[-66.97335,-33.1408],[-66.80995,-33.1704],[-66.80006,-33.11503],[-66.68176,-33.13871],[-66.66774,-33.16762],[-66.57949,-33.20658],[-66.58067,-33.18516],[-66.51298,-33.13128],[-66.51538,-33.10854],[-66.50536,-33.11303],[-66.50111,-33.1033],[-66.36321,-33.10179],[-66.36107,-33.12868],[-66.28761,-33.12807],[-66.28853,-33.12054],[-66.25668,-33.13756],[-66.21517,-33.1293],[-66.20036,-33.03194],[-66.20826,-33.02025],[-66.18661,-32.99081],[-66.18793,-32.95117],[-66.19828,-32.91546],[-66.21697,-32.91258],[-66.20954,-32.86738],[-66.22687,-32.83273],[-66.21129,-32.73108],[-66.23819,-32.71213],[-66.24278,-32.68404],[-66.23617,-32.61441],[-66.22297,-32.58469],[-66.20288,-32.57244]]]},"properties":{"fid":129,"Entidad":0,"Objeto":"Departamento","FNA":"Departamento Belgrano","GNA":"Departamento","NAM":"Belgrano","SAG":"Direc. de Geodesia y Catastro","FDC":null,"IN1":"74014","SHAPE_STAr":0.779785838934,"SHAPE_STLe":4.48085889436}},{"type":"Feature","geometry":{"type":"Polygon","coordinates":[[[-67.95776,-32.84504],[-67.95855,-32.73821],[-68.32537,-32.7208],[-68.3662,-32.76737],[-68.44451,-32.80245],[-68.46672,-32.84183],[-68.45615,-32.8693],[-68.46653,-32.91474],[-68.49444,-32.95768],[-68.53649,-32.98174],[-68.56638,-33.02972],[-68.57987,-33.06958],[-68.51196,-33.10046],[-68.51717,-33.10672],[-68.49029,-33.12302],[-68.44793,-33.1],[-68.28781,-33.18864],[-68.28495,-33.0588],[-68.18627,-33.00028],[-68.12555,-33.00008],[-68.12311,-32.8386],[-67.95776,-32.84504]]]},"properties":{"fid":294,"Entidad":0,"Objeto":"Departamento","FNA":"Departamento San Martín","GNA":"Departamento","NAM":"San Martín","SAG":"IDE Mendoza","FDC":null,"IN1":"50035","SHAPE_STAr":0.145267243831,"SHAPE_STLe":2.00275611192}},{"type":"Feature","geometry":{"type":"Polygon","coordinates":[[[-68.65114,-32.8584],[-68.66137,-32.91559],[-68.69869,-32.96529],[-68.72127,-32.94476],[-68.80368,-32.92721],[-68.82967,-32.96046],[-68.86515,-33.04891],[-68.83343,-33.06474],[-68.78707,-33.05557],[-68.7011,-33.116],[-68.64089,-33.10268],[-68.59905,-33.09167],[-68.58027,-33.0363],[-68.56638,-33.02972],[-68.53649,-32.98174],[-68.49444,-32.95768],[-68.46653,-32.91474],[-68.45615,-32.8693],[-68.60439,-32.83892],[-68.65114,-32.8584]]]},"properties":{"fid":289,"Entidad":0,"Objeto":"Departamento","FNA":"Departamento Maipú","GNA":"Departamento","NAM":"Maipú","SAG":"IDE Mendoza","FDC":null,"IN1":"50070","SHAPE_STAr":0.0601019308767,"SHAPE_STLe":1.22415924031}},{"type":"Feature","geometry":{"type":"Polygon","coordinates":[[[-67.31775,-32.38203],[-67.33131,-32.35092],[-67.35516,-32.35217],[-67.38173,-32.33054],[-67.42396,-32.32784],[-67.47066,-32.30794],[-67.48568,-32.26309],[-67.52118,-32.2215],[-67.54651,-32.2403],[-67.59449,-32.2464],[-67.60468,-32.23291],[-67.63672,-32.24121],[-67.6684,-32.22681],[-67.7132,-32.24573],[-67.7356,-32.22382],[-67.76899,-32.22559],[-67.77692,-32.23529],[-67.79651,-32.2204],[-67.81763,-32.22821],[-67.8393,-32.21521],[-67.84589,-32.22351],[-67.87454,-32.19737],[-67.87,-32.1897],[-67.917,-32.17419],[-67.9234,-32.1471],[-67.93549,-32.13971],[-67.9281,-32.1217],[-67.96399,-32.11762],[-67.95691,-32.09308],[-67.98718,-32.09381],[-68.0044,-32.08038],[-68.02973,-32.0863],[-68.03351,-32.07599],[-68.04999,-32.08783],[-68.05402,-32.0722],[-68.07269,-32.09851],[-68.07898,-32.08539],[-68.09772,-32.09271],[-68.09268,-32.09883],[-68.09381,-32.10181],[-68.1225,-32.09992],[-68.15113,-32.11902],[-68.18659,-32.11292],[-68.20691,-32.12109],[-68.24793,-32.09155],[-68.31527,-32.1377],[-68.46304,-32.13785],[-68.4629,-32.23775],[-68.51076,-32.26119],[-68.50319,-32.33928],[-68.52268,-32.37258],[-68.57628,-32.38443],[-68.61831,-32.43514],[-68.67055,-32.59116],[-68.65801,-32.65587],[-68.67133,-32.74502],[-68.69713,-32.80048],[-68.68282,-32.82119],[-68.69183,-32.83037],[-68.63771,-32.83374],[-68.65114,-32.8584],[-68.60439,-32.83892],[-68.45615,-32.8693],[-68.46672,-32.84183],[-68.44451,-32.80245],[-68.3662,-32.76737],[-68.32537,-32.7208],[-67.95855,-32.73821],[-67.95776,-32.84504],[-67.95669,-32.98878],[-67.57719,-33.03075],[-67.17696,-33.07321],[-67.19809,-33.0451],[-67.18336,-33.03921],[-67.17936,-33.00418],[-67.20138,-32.97331],[-67.21236,-32.91184],[-67.23114,-32.89785],[-67.23201,-32.86507],[-67.20942,-32.85706],[-67.17743,-32.82051],[-67.18573,-32.77065],[-67.16764,-32.75482],[-67.18765,-32.69829],[-67.22432,-32.68284],[-67.23656,-32.63609],[-67.25662,-32.62556],[-67.24401,-32.60443],[-67.26801,-32.57098],[-67.26212,-32.55365],[-67.28039,-32.53467],[-67.29693,-32.53622],[-67.28384,-32.51207],[-67.30145,-32.47066],[-67.28967,-32.44211],[-67.31013,-32.42474],[-67.31775,-32.38203]]]},"properties":{"fid":173,"Entidad":0,"Objeto":"Departamento","FNA":"Departamento Lavalle","GNA":"Departamento","NAM":"Lavalle","SAG":"IDE Mendoza","FDC":null,"IN1":"50056","SHAPE_STAr":0.970688129237,"SHAPE_STLe":5.52883779111}},{"type":"Feature","geometry":{"type":"Polygon","coordinates":[[[-69.12645,-32.00191],[-69.18399,-31.99939],[-69.24451,-32.01611],[-69.2768,-32.07001],[-69.3003,-32.0744],[-69.31421,-32.09112],[-69.3786,-32.06421],[-69.39141,-32.07682],[-69.41669,-32.06695],[-69.45476,-32.07468],[-69.47713,-32.11037],[-69.50556,-32.11382],[-69.53114,-32.14095],[-69.55767,-32.14012],[-69.56077,-32.12941],[-69.58789,-32.13607],[-69.60026,-32.15392],[-69.60312,-32.21079],[-69.63096,-32.26004],[-69.68581,-32.30704],[-69.72554,-32.3206],[-69.73316,-32.39056],[-69.70413,-32.40364],[-69.68921,-32.43018],[-69.70496,-32.49644],[-69.75612,-32.50941],[-69.79086,-32.54677],[-69.82239,-32.54439],[-69.82822,-32.56354],[-69.84725,-32.57056],[-70.00418,-32.52833],[-70.02583,-32.57877],[-70.04166,-32.58508],[-70.06616,-32.62582],[-70.09032,-32.62184],[-70.09127,-32.60221],[-70.1262,-32.57415],[-70.15067,-32.58147],[-70.1723,-32.62209],[-70.14656,-32.65243],[-70.14758,-32.72843],[-70.11153,-32.77434],[-70.11036,-32.80291],[-70.09395,-32.80124],[-70.0835,-32.81288],[-70.02393,-32.82523],[-69.89392,-32.8268],[-69.76829,-32.86909],[-69.73149,-32.83547],[-69.6071,-32.78292],[-69.53363,-32.71741],[-69.49018,-32.63932],[-69.43676,-32.62129],[-69.40002,-32.63501],[-69.34636,-32.69334],[-69.31396,-32.75972],[-69.30057,-32.82538],[-69.26622,-32.85049],[-69.26008,-32.92078],[-69.24007,-32.91817],[-69.18708,-32.94913],[-69.12981,-32.99506],[-69.1161,-33.03027],[-69.0939,-33.04932],[-68.98168,-33.0378],[-68.91532,-33.00536],[-68.86869,-32.96118],[-68.95817,-32.96018],[-68.9582,-32.90332],[-68.95822,-32.86346],[-68.8326,-32.86217],[-68.82047,-32.87394],[-68.69183,-32.83037],[-68.68282,-32.82119],[-68.69713,-32.80048],[-68.67133,-32.74502],[-68.65801,-32.65587],[-68.67055,-32.59116],[-68.61831,-32.43514],[-68.57628,-32.38443],[-68.52268,-32.37258],[-68.50319,-32.33928],[-68.51076,-32.26119],[-68.66571,-32.3371],[-68.91719,-32.33804],[-68.91761,-32.11465],[-69.01165,-32.1165],[-69.12645,-32.00191]]]},"properties":{"fid":172,"Entidad":0,"Objeto":"Departamento","FNA":"Departamento Las Heras","GNA":"Departamento","NAM":"Las Heras","SAG":"IDE Mendoza","FDC":null,"IN1":"50049","SHAPE_STAr":0.85517779116,"SHAPE_STLe":5.7694081}},{"type":"Feature","geometry":{"type":"Polygon","coordinates":[[[-68.69183,-32.83037],[-68.82047,-32.87394],[-68.83759,-32.90452],[-68.83909,-32.92945],[-68.80368,-32.92721],[-68.72127,-32.94476],[-68.69869,-32.96529],[-68.66137,-32.91559],[-68.65114,-32.8584],[-68.63771,-32.83374],[-68.69183,-32.83037]]]},"properties":{"fid":284,"Entidad":0,"Objeto":"Departamento","FNA":"Departamento Guaymallén","GNA":"Departamento","NAM":"Guaymallén","SAG":"IDE Mendoza","FDC":null,"IN1":"50028","SHAPE_STAr":0.0156309996567,"SHAPE_STLe":0.586290204554}},{"type":"Feature","geometry":{"type":"Polygon","coordinates":[[[-68.83759,-32.90452],[-68.9582,-32.90332],[-68.95817,-32.96018],[-68.86869,-32.96118],[-68.82967,-32.96046],[-68.80368,-32.92721],[-68.83909,-32.92945],[-68.83759,-32.90452]]]},"properties":{"fid":292,"Entidad":0,"Objeto":"Departamento","FNA":"Departamento Godoy Cruz","GNA":"Departamento","NAM":"Godoy Cruz","SAG":"IDE Mendoza","FDC":null,"IN1":"50021","SHAPE_STAr":0.00764572007587,"SHAPE_STLe":0.419890767614}},{"type":"Feature","geometry":{"type":"Polygon","coordinates":[[[-68.82047,-32.87394],[-68.8326,-32.86217],[-68.95822,-32.86346],[-68.9582,-32.90332],[-68.83759,-32.90452],[-68.82047,-32.87394]]]},"properties":{"fid":291,"Entidad":0,"Objeto":"Departamento","FNA":"Departamento Capital","GNA":"Departamento","NAM":"Capital","SAG":"IDE Mendoza","FDC":null,"IN1":"50007","SHAPE_STAr":0.00507794591221,"SHAPE_STLe":0.352193932552}},{"type":"Feature","geometry":{"type":"Polygon","coordinates":[[[-66.66179,-31.92054],[-66.8857,-31.89769],[-67.00593,-31.85535],[-67.05,-31.85748],[-67.13673,-31.83381],[-67.23871,-31.87954],[-67.24106,-31.88059],[-67.37924,-31.86812],[-67.36523,-31.9759],[-67.38379,-32.12521],[-67.38019,-32.22376],[-67.37039,-32.24628],[-67.27801,-32.29232],[-67.26622,-32.33935],[-67.15872,-32.37173],[-67.03801,-32.37202],[-67.01064,-32.3892],[-66.92449,-32.36274],[-66.64663,-32.36523],[-66.43591,-32.33593],[-66.19737,-32.34439],[-66.21954,-32.43262],[-66.20825,-32.50506],[-66.25588,-32.57127],[-66.22847,-32.55739],[-66.20288,-32.57244],[-66.17929,-32.61998],[-66.18549,-32.65107],[-66.15382,-32.64948],[-66.14402,-32.67607],[-66.16756,-32.73809],[-66.13274,-32.76042],[-66.10055,-32.63206],[-66.06928,-32.60975],[-66.02099,-32.63755],[-65.99676,-32.61274],[-66.00407,-32.58269],[-65.95697,-32.43048],[-65.93185,-32.40208],[-65.83657,-32.38235],[-65.827,-32.32226],[-65.81008,-32.30881],[-65.78839,-32.30985],[-65.76646,-32.26233],[-65.75766,-32.2659],[-65.75772,-32.2436],[-65.78029,-32.23987],[-65.71733,-32.21191],[-65.68387,-32.06265],[-65.72427,-32.05161],[-65.81121,-32.05926],[-65.82507,-31.89707],[-65.91421,-31.91001],[-65.97903,-31.88916],[-66.06924,-31.93647],[-66.0795,-31.97135],[-66.14434,-31.93698],[-66.16115,-31.9385],[-66.16023,-31.96353],[-66.29963,-31.93107],[-66.3381,-31.94372],[-66.34978,-31.99769],[-66.56655,-31.95045],[-66.60475,-31.93412],[-66.60454,-31.92338],[-66.66179,-31.92054]]]},"properties":{"fid":82,"Entidad":0,"Objeto":"Departamento","FNA":"Departamento Ayacucho","GNA":"Departamento","NAM":"Ayacucho","SAG":"Direc. de Geodesia y Catastro","FDC":null,"IN1":"74007","SHAPE_STAr":0.781920192518,"SHAPE_STLe":5.46382326427}},{"type":"Feature","geometry":{"type":"Polygon","coordinates":[[[-64.92882,-31.90929],[-64.9956,-31.86],[-65.01873,-31.87859],[-65.04497,-31.87202],[-65.1057,-31.91578],[-65.17398,-31.9258],[-65.18125,-31.94005],[-65.20413,-31.93073],[-65.21041,-31.94239],[-65.25199,-31.9484],[-65.35227,-31.92061],[-65.35263,-31.90423],[-65.55064,-31.90692],[-65.55047,-31.89624],[-65.60585,-31.89547],[-65.60636,-31.90832],[-65.31302,-32.04154],[-65.30927,-32.05368],[-65.24491,-32.09014],[-65.22439,-32.16748],[-65.23224,-32.20905],[-65.20838,-32.24838],[-65.21927,-32.27965],[-65.21142,-32.32559],[-65.087,-32.31353],[-64.97615,-32.32113],[-64.9528,-32.3086],[-64.96137,-32.28197],[-64.95156,-32.23753],[-64.96223,-32.22681],[-64.93356,-32.04772],[-64.94272,-32.01585],[-64.92882,-31.90929]]]},"properties":{"fid":318,"Entidad":0,"Objeto":"Departamento","FNA":"Departamento San Javier","GNA":"Departamento","NAM":"San Javier","SAG":"IDE Cordoba","FDC":"Catastro","IN1":"14133","SHAPE_STAr":0.147443422712,"SHAPE_STLe":2.35964496423}},{"type":"Feature","geometry":{"type":"Polygon","coordinates":[[[-65.01224,-32.9618],[-65.07102,-32.96807],[-65.06443,-32.94212],[-65.12672,-32.94901],[-65.17005,-32.92601],[-65.28323,-32.90656],[-65.28501,-32.92266],[-65.35807,-32.90827],[-65.37978,-32.94361],[-65.43587,-32.96965],[-65.43604,-32.95972],[-65.47904,-32.95984],[-65.56,-33.00641],[-65.55105,-33.01936],[-65.57077,-33.05676],[-65.60813,-33.0545],[-65.60558,-33.07474],[-65.61663,-33.07556],[-65.59949,-33.19015],[-65.6265,-33.23291],[-65.60779,-33.2856],[-65.61276,-33.33642],[-65.56371,-33.41178],[-65.557,-33.46982],[-65.73547,-33.46999],[-65.73445,-33.45672],[-65.75662,-33.46133],[-65.76801,-33.4388],[-65.78361,-33.44847],[-65.78664,-33.43846],[-65.79291,-33.50747],[-66.04823,-33.37573],[-66.11012,-33.38343],[-66.13569,-33.38988],[-66.15673,-33.44638],[-66.15628,-33.56509],[-66.18998,-33.65579],[-66.16555,-33.65481],[-66.22016,-33.83707],[-66.19282,-33.82994],[-66.13984,-33.83999],[-66.11949,-33.86057],[-66.1473,-33.95079],[-66.14238,-34.0072],[-66.03799,-34.00694],[-66.03739,-34.04439],[-66.00532,-34.04401],[-65.9956,-34.34642],[-65.99609,-34.40105],[-66.00715,-34.40102],[-66.01297,-34.42145],[-66.00965,-34.71235],[-65.97524,-34.71253],[-65.66983,-34.7123],[-65.6698,-34.69272],[-65.56816,-34.69479],[-65.56798,-34.66887],[-65.25249,-34.66778],[-65.25198,-34.65297],[-65.11749,-34.65217],[-65.11747,-33.95066],[-65.14273,-33.19453],[-65.05485,-33.11557],[-65.04813,-33.06881],[-64.9997,-33.00267],[-65.02148,-32.97709],[-65.01224,-32.9618]]]},"properties":{"fid":331,"Entidad":0,"Objeto":"Departamento","FNA":"Departamento General Pedernera","GNA":"Departamento","NAM":"General Pedernera","SAG":"Direc. de Geodesia y Catastro","FDC":null,"IN1":"74035","SHAPE_STAr":1.43935284006,"SHAPE_STLe":6.35574417783}},{"type":"Feature","geometry":{"type":"Polygon","coordinates":[[[-64.9528,-32.3086],[-64.97615,-32.32113],[-65.087,-32.31353],[-65.21142,-32.32559],[-65.21927,-32.27965],[-65.20838,-32.24838],[-65.23224,-32.20905],[-65.22439,-32.16748],[-65.24491,-32.09014],[-65.30927,-32.05368],[-65.31302,-32.04154],[-65.60636,-31.90832],[-65.62848,-31.8983],[-65.77008,-31.88864],[-65.82507,-31.89707],[-65.81121,-32.05926],[-65.72427,-32.05161],[-65.68387,-32.06265],[-65.71733,-32.21191],[-65.69828,-32.20369],[-65.69276,-32.22831],[-65.58451,-32.25006],[-65.58066,-32.26421],[-65.4751,-32.27675],[-65.47071,-32.2569],[-65.45602,-32.26872],[-65.4051,-32.26855],[-65.41762,-32.33963],[-65.40881,-32.35568],[-65.37596,-32.36587],[-65.38493,-32.40408],[-65.41118,-32.42694],[-65.40467,-32.44907],[-65.43027,-32.46683],[-65.4187,-32.51127],[-65.43596,-32.52393],[-65.40824,-32.53619],[-65.34846,-32.55259],[-65.32969,-32.53215],[-65.30014,-32.52754],[-65.26101,-32.54678],[-65.23886,-32.49328],[-65.22245,-32.48463],[-65.15125,-32.5014],[-65.14943,-32.48698],[-65.0848,-32.49886],[-65.08156,-32.46794],[-65.01411,-32.48304],[-65.00457,-32.4731],[-64.9995,-32.48252],[-64.90065,-32.47984],[-64.91978,-32.46674],[-64.92927,-32.41851],[-64.9194,-32.40138],[-64.92535,-32.32547],[-64.94141,-32.29834],[-64.9528,-32.3086]]]},"properties":{"fid":333,"Entidad":0,"Objeto":"Departamento","FNA":"Departamento Junín","GNA":"Departamento","NAM":"Junín","SAG":"Direc. de Geodesia y Catastro","FDC":null,"IN1":"74049","SHAPE_STAr":0.254041834448,"SHAPE_STLe":3.4128269623}},{"type":"Feature","geometry":{"type":"Polygon","coordinates":[[[-65.05655,-36.25471],[-65.05042,-35.98045],[-65.11696,-35.9789],[-65.11695,-35.99953],[-66.01781,-35.99951],[-66.00543,-36.78142],[-65.99975,-36.9614],[-65.63437,-36.95157],[-65.63478,-36.96581],[-65.07134,-36.97722],[-65.05655,-36.25471]]]},"properties":{"fid":431,"Entidad":0,"Objeto":"Departamento","FNA":"Departamento Loventué","GNA":"Departamento","NAM":"Loventué","SAG":"Direc. Grl. de Catastro","FDC":null,"IN1":"42098","SHAPE_STAr":0.917876234347,"SHAPE_STLe":3.89043138396}},{"type":"Feature","geometry":{"type":"Polygon","coordinates":[[[-66.01781,-35.99951],[-66.63787,-35.9995],[-67.13246,-35.99952],[-67.12686,-36.79948],[-66.00543,-36.78142],[-66.01781,-35.99951]]]},"properties":{"fid":438,"Entidad":0,"Objeto":"Departamento","FNA":"Departamento Chalileo","GNA":"Departamento","NAM":"Chalileo","SAG":"Direc. Grl. de Catastro","FDC":null,"IN1":"42049","SHAPE_STAr":0.8843862911,"SHAPE_STLe":3.81821604912}},{"type":"Feature","geometry":{"type":"Polygon","coordinates":[[[-67.12686,-36.79948],[-67.13246,-35.99952],[-67.19493,-35.99952],[-68.27123,-35.99955],[-68.29614,-35.99955],[-68.29613,-36.17255],[-68.25018,-36.17249],[-68.25009,-36.80277],[-67.12686,-36.79948]]]},"properties":{"fid":439,"Entidad":0,"Objeto":"Departamento","FNA":"Departamento Chical Co","GNA":"Departamento","NAM":"Chical Co","SAG":"Direc. Grl. de Catastro","FDC":null,"IN1":"42063","SHAPE_STAr":0.906126761899,"SHAPE_STLe":3.93613349989}},{"type":"Feature","geometry":{"type":"Polygon","coordinates":[[[-65.40824,-32.53619],[-65.43596,-32.52393],[-65.4187,-32.51127],[-65.43027,-32.46683],[-65.40467,-32.44907],[-65.41118,-32.42694],[-65.38493,-32.40408],[-65.37596,-32.36587],[-65.40881,-32.35568],[-65.41762,-32.33963],[-65.4051,-32.26855],[-65.45602,-32.26872],[-65.47071,-32.2569],[-65.4751,-32.27675],[-65.58066,-32.26421],[-65.58451,-32.25006],[-65.69276,-32.22831],[-65.69828,-32.20369],[-65.71733,-32.21191],[-65.78029,-32.23987],[-65.75772,-32.2436],[-65.75766,-32.2659],[-65.76646,-32.26233],[-65.78839,-32.30985],[-65.81008,-32.30881],[-65.827,-32.32226],[-65.83657,-32.38235],[-65.93185,-32.40208],[-65.95697,-32.43048],[-66.00407,-32.58269],[-65.99676,-32.61274],[-66.02099,-32.63755],[-66.06928,-32.60975],[-66.10055,-32.63206],[-66.13274,-32.76042],[-66.08573,-32.78221],[-66.0851,-32.79721],[-66.02566,-32.7901],[-66.01191,-32.80772],[-65.99949,-32.80175],[-65.96848,-32.82215],[-65.94308,-32.81211],[-65.935,-32.83006],[-65.86423,-32.85108],[-65.84689,-32.79357],[-65.83825,-32.79457],[-65.83335,-32.81327],[-65.79449,-32.8146],[-65.77266,-32.82793],[-65.71856,-32.89742],[-65.71776,-32.92573],[-65.66665,-32.94328],[-65.63552,-32.93805],[-65.61997,-32.91951],[-65.61169,-32.87223],[-65.53183,-32.8811],[-65.51367,-32.89443],[-65.51273,-32.85707],[-65.49432,-32.84592],[-65.49044,-32.77448],[-65.45279,-32.75842],[-65.4681,-32.70711],[-65.44497,-32.69078],[-65.44484,-32.65541],[-65.4289,-32.6298],[-65.40642,-32.61779],[-65.40824,-32.53619]]]},"properties":{"fid":507,"Entidad":0,"Objeto":"Departamento","FNA":"Departamento Libertador General San Martín","GNA":"Departamento","NAM":"Libertador General San Martín","SAG":"Direc. de Geodesia y Catastro","FDC":null,"IN1":"74063","SHAPE_STAr":0.33382349729,"SHAPE_STLe":3.21720760993}},{"type":"Feature","geometry":{"type":"Polygon","coordinates":[[[-66.13274,-32.76042],[-66.16756,-32.73809],[-66.14402,-32.67607],[-66.15382,-32.64948],[-66.18549,-32.65107],[-66.17929,-32.61998],[-66.20288,-32.57244],[-66.22297,-32.58469],[-66.23617,-32.61441],[-66.24278,-32.68404],[-66.23819,-32.71213],[-66.21129,-32.73108],[-66.22687,-32.83273],[-66.20954,-32.86738],[-66.21697,-32.91258],[-66.19828,-32.91546],[-66.18793,-32.95117],[-66.18661,-32.99081],[-66.20826,-33.02025],[-66.20036,-33.03194],[-66.21517,-33.1293],[-66.22831,-33.16858],[-66.18015,-33.23953],[-66.13708,-33.23701],[-66.10542,-33.22191],[-66.10254,-33.27729],[-66.12366,-33.36476],[-66.11012,-33.38343],[-66.04823,-33.37573],[-65.79291,-33.50747],[-65.78664,-33.43846],[-65.78361,-33.44847],[-65.76801,-33.4388],[-65.75662,-33.46133],[-65.73445,-33.45672],[-65.73547,-33.46999],[-65.557,-33.46982],[-65.56371,-33.41178],[-65.61276,-33.33642],[-65.60779,-33.2856],[-65.6265,-33.23291],[-65.59949,-33.19015],[-65.61663,-33.07556],[-65.60558,-33.07474],[-65.60813,-33.0545],[-65.57077,-33.05676],[-65.55105,-33.01936],[-65.56,-33.00641],[-65.57801,-33.01218],[-65.56587,-32.94293],[-65.5194,-32.91246],[-65.51367,-32.89443],[-65.53183,-32.8811],[-65.61169,-32.87223],[-65.61997,-32.91951],[-65.63552,-32.93805],[-65.66665,-32.94328],[-65.71776,-32.92573],[-65.71856,-32.89742],[-65.77266,-32.82793],[-65.79449,-32.8146],[-65.83335,-32.81327],[-65.83825,-32.79457],[-65.84689,-32.79357],[-65.86423,-32.85108],[-65.935,-32.83006],[-65.94308,-32.81211],[-65.96848,-32.82215],[-65.99949,-32.80175],[-66.01191,-32.80772],[-66.02566,-32.7901],[-66.0851,-32.79721],[-66.08573,-32.78221],[-66.13274,-32.76042]]]},"properties":{"fid":508,"Entidad":0,"Objeto":"Departamento","FNA":"Departamento Coronel Pringles","GNA":"Departamento","NAM":"Coronel Pringles","SAG":"Direc. de Geodesia y Catastro","FDC":null,"IN1":"74021","SHAPE_STAr":0.372304156893,"SHAPE_STLe":3.80211424968}},{"type":"Feature","geometry":{"type":"Polygon","coordinates":[[[-64.90065,-32.47984],[-64.9995,-32.48252],[-65.00457,-32.4731],[-65.01411,-32.48304],[-65.08156,-32.46794],[-65.0848,-32.49886],[-65.14943,-32.48698],[-65.15125,-32.5014],[-65.22245,-32.48463],[-65.23886,-32.49328],[-65.26101,-32.54678],[-65.30014,-32.52754],[-65.32969,-32.53215],[-65.34846,-32.55259],[-65.40824,-32.53619],[-65.40642,-32.61779],[-65.4289,-32.6298],[-65.44484,-32.65541],[-65.44497,-32.69078],[-65.4681,-32.70711],[-65.45279,-32.75842],[-65.49044,-32.77448],[-65.49432,-32.84592],[-65.51273,-32.85707],[-65.51367,-32.89443],[-65.5194,-32.91246],[-65.56587,-32.94293],[-65.57801,-33.01218],[-65.56,-33.00641],[-65.47904,-32.95984],[-65.43604,-32.95972],[-65.43587,-32.96965],[-65.37978,-32.94361],[-65.35807,-32.90827],[-65.28501,-32.92266],[-65.28323,-32.90656],[-65.17005,-32.92601],[-65.12672,-32.94901],[-65.06443,-32.94212],[-65.07102,-32.96807],[-65.01224,-32.9618],[-64.9915,-32.94449],[-64.96517,-32.86516],[-64.97424,-32.8267],[-64.94462,-32.76734],[-64.94819,-32.72284],[-64.91618,-32.67918],[-64.92412,-32.61475],[-64.88835,-32.57989],[-64.90065,-32.47984]]]},"properties":{"fid":509,"Entidad":0,"Objeto":"Departamento","FNA":"Departamento Chacabuco","GNA":"Departamento","NAM":"Chacabuco","SAG":"Direc. de Geodesia y Catastro","FDC":null,"IN1":"74028","SHAPE_STAr":0.232470665106,"SHAPE_STLe":2.60446525507}},{"type":"Feature","geometry":{"type":"Polygon","coordinates":[[[-67.23988,-31.88006],[-68.34689,-31.6947],[-68.34869,-31.71208],[-68.38073,-31.7445],[-68.36305,-31.75517],[-68.38007,-31.78886],[-68.38459,-31.81669],[-68.41072,-31.8343],[-68.39806,-31.83723],[-68.39026,-31.85926],[-68.35776,-31.8593],[-68.34638,-31.9152],[-68.30283,-31.95188],[-68.30785,-31.96499],[-68.28518,-31.9843],[-68.28277,-32.02069],[-68.26651,-32.03174],[-68.27288,-32.05631],[-68.33201,-32.11008],[-68.33093,-32.12864],[-68.31527,-32.1377],[-68.24793,-32.09155],[-68.20691,-32.12109],[-68.18659,-32.11292],[-68.15113,-32.11902],[-68.1225,-32.09992],[-68.09381,-32.10181],[-68.09268,-32.09883],[-68.09772,-32.09271],[-68.07898,-32.08539],[-68.07269,-32.09851],[-68.05402,-32.0722],[-68.04999,-32.08783],[-68.03351,-32.07599],[-68.02973,-32.0863],[-68.0044,-32.08038],[-67.98718,-32.09381],[-67.95691,-32.09308],[-67.96399,-32.11762],[-67.9281,-32.1217],[-67.93549,-32.13971],[-67.9234,-32.1471],[-67.917,-32.17419],[-67.87,-32.1897],[-67.87454,-32.19737],[-67.84589,-32.22351],[-67.8393,-32.21521],[-67.81763,-32.22821],[-67.79651,-32.2204],[-67.77692,-32.23529],[-67.76899,-32.22559],[-67.7356,-32.22382],[-67.7132,-32.24573],[-67.6684,-32.22681],[-67.63672,-32.24121],[-67.60468,-32.23291],[-67.59449,-32.2464],[-67.54651,-32.2403],[-67.52118,-32.2215],[-67.48568,-32.26309],[-67.47066,-32.30794],[-67.42396,-32.32784],[-67.38173,-32.33054],[-67.35516,-32.35217],[-67.33131,-32.35092],[-67.31775,-32.38203],[-67.2638,-32.38186],[-67.26622,-32.33935],[-67.27801,-32.29232],[-67.37039,-32.24628],[-67.38019,-32.22376],[-67.38379,-32.12521],[-67.36523,-31.9759],[-67.37924,-31.86812],[-67.24106,-31.88059],[-67.23988,-31.88006]]]},"properties":{"fid":524,"Entidad":0,"Objeto":"Departamento","FNA":"Departamento 25 de Mayo","GNA":"Departamento","NAM":"25 de Mayo","SAG":"Direc. de Catastro","FDC":null,"IN1":"70126","SHAPE_STAr":0.401749678506,"SHAPE_STLe":4.2076133981}},{"type":"Feature","geometry":{"type":"Polygon","coordinates":[[[-68.51076,-32.26119],[-68.4629,-32.23775],[-68.46304,-32.13785],[-68.31527,-32.1377],[-68.33093,-32.12864],[-68.33201,-32.11008],[-68.27288,-32.05631],[-68.26651,-32.03174],[-68.28277,-32.02069],[-68.28518,-31.9843],[-68.30785,-31.96499],[-68.30283,-31.95188],[-68.34638,-31.9152],[-68.35776,-31.8593],[-68.39026,-31.85926],[-68.39806,-31.83723],[-68.41072,-31.8343],[-68.45413,-31.81767],[-68.43323,-31.88799],[-68.44317,-31.87543],[-68.54148,-31.87276],[-68.68891,-31.90717],[-69.11764,-31.90806],[-69.1095,-31.93619],[-69.12645,-32.00191],[-69.01165,-32.1165],[-68.91761,-32.11465],[-68.91719,-32.33804],[-68.66571,-32.3371],[-68.51076,-32.26119]]]},"properties":{"fid":525,"Entidad":0,"Objeto":"Departamento","FNA":"Departamento Sarmiento","GNA":"Departamento","NAM":"Sarmiento","SAG":"Direc. de Catastro","FDC":null,"IN1":"70105","SHAPE_STAr":0.269695118742,"SHAPE_STLe":2.61579619201}},{"type":"Feature","geometry":{"type":"Polygon","coordinates":[[[-58.3929,-34.59965],[-58.41188,-34.59802],[-58.41175,-34.63037],[-58.39114,-34.62727],[-58.3929,-34.59965]]]},"properties":{"fid":184,"Entidad":0,"Objeto":"Departamento","FNA":"Comuna 3","GNA":"Comuna","NAM":"Comuna 3","SAG":"Direc. de Catastro","FDC":null,"IN1":"02021","SHAPE_STAr":0.000627623526084,"SHAPE_STLe":0.101656544872}},{"type":"Feature","geometry":{"type":"Polygon","coordinates":[[[-58.41597,-34.59787],[-58.42333,-34.59777],[-58.4333,-34.60269],[-58.42672,-34.62702],[-58.42346,-34.64022],[-58.41175,-34.63037],[-58.41188,-34.59802],[-58.41597,-34.59787]]]},"properties":{"fid":340,"Entidad":0,"Objeto":"Departamento","FNA":"Comuna 5","GNA":"Comuna","NAM":"Comuna 5","SAG":"Direc. de Catastro","FDC":null,"IN1":"02035","SHAPE_STAr":0.00065463273395,"SHAPE_STLe":0.117716902018}},{"type":"Feature","geometry":{"type":"Polygon","coordinates":[[[-58.42672,-34.62702],[-58.4333,-34.60269],[-58.45844,-34.60451],[-58.45941,-34.6139],[-58.45154,-34.63066],[-58.42672,-34.62702]]]},"properties":{"fid":83,"Entidad":0,"Objeto":"Departamento","FNA":"Comuna 6","GNA":"Comuna","NAM":"Comuna 6","SAG":"Direc. de Catastro","FDC":null,"IN1":"02042","SHAPE_STAr":0.000673352350084,"SHAPE_STLe":0.109260676156}},{"type":"Feature","geometry":{"type":"Polygon","coordinates":[[[-58.37387,-34.57871],[-58.38142,-34.56834],[-58.39255,-34.57225],[-58.41597,-34.59787],[-58.41188,-34.59802],[-58.3929,-34.59965],[-58.38983,-34.57822],[-58.37387,-34.57871]]]},"properties":{"fid":145,"Entidad":0,"Objeto":"Departamento","FNA":"Comuna 2","GNA":"Comuna","NAM":"Comuna 2","SAG":"Direc. de Catastro","FDC":null,"IN1":"02014","SHAPE_STAr":0.000621241567121,"SHAPE_STLe":0.193236342037}},{"type":"Feature","geometry":{"type":"Polygon","coordinates":[[[-58.42672,-34.62702],[-58.45154,-34.63066],[-58.45941,-34.6139],[-58.47777,-34.6224],[-58.47127,-34.63667],[-58.46037,-34.65682],[-58.4344,-34.65313],[-58.42346,-34.64022],[-58.42672,-34.62702]]]},"properties":{"fid":341,"Entidad":0,"Objeto":"Departamento","FNA":"Comuna 7","GNA":"Comuna","NAM":"Comuna 7","SAG":"Direc. de Catastro","FDC":null,"IN1":"02049","SHAPE_STAr":0.00122126782828,"SHAPE_STLe":0.179290373434}},{"type":"Feature","geometry":{"type":"Polygon","coordinates":[[[-58.46805,-34.57293],[-58.47608,-34.53843],[-58.5008,-34.54953],[-58.50996,-34.5692],[-58.51548,-34.58128],[-58.50344,-34.59397],[-58.46805,-34.57293]]]},"properties":{"fid":344,"Entidad":0,"Objeto":"Departamento","FNA":"Comuna 12","GNA":"Comuna","NAM":"Comuna 12","SAG":"Direc. de Catastro","FDC":null,"IN1":"02084","SHAPE_STAr":0.00154054917767,"SHAPE_STLe":0.17125784359}},{"type":"Feature","geometry":{"type":"Polygon","coordinates":[[[-58.47777,-34.6224],[-58.50016,-34.60914],[-58.51691,-34.62023],[-58.52921,-34.61107],[-58.53037,-34.63481],[-58.50678,-34.63583],[-58.50226,-34.64584],[-58.47127,-34.63667],[-58.47777,-34.6224]]]},"properties":{"fid":342,"Entidad":0,"Objeto":"Departamento","FNA":"Comuna 10","GNA":"Comuna","NAM":"Comuna 10","SAG":"Direc. de Catastro","FDC":null,"IN1":"02070","SHAPE_STAr":0.00124336375804,"SHAPE_STLe":0.183091724961}},{"type":"Feature","geometry":{"type":"Polygon","coordinates":[[[-58.4256,-34.55226],[-58.44901,-34.56787],[-58.44441,-34.58319],[-58.42333,-34.59777],[-58.41597,-34.59787],[-58.39255,-34.57225],[-58.4256,-34.55226]]]},"properties":{"fid":187,"Entidad":0,"Objeto":"Departamento","FNA":"Comuna 14","GNA":"Comuna","NAM":"Comuna 14","SAG":"Direc. de Catastro","FDC":null,"IN1":"02098","SHAPE_STAr":0.00155721846981,"SHAPE_STLe":0.202089728642}},{"type":"Feature","geometry":{"type":"Polygon","coordinates":[[[-58.4256,-34.55226],[-58.45956,-34.52778],[-58.47608,-34.53843],[-58.46805,-34.57293],[-58.44441,-34.58319],[-58.44901,-34.56787],[-58.4256,-34.55226]]]},"properties":{"fid":151,"Entidad":0,"Objeto":"Departamento","FNA":"Comuna 13","GNA":"Comuna","NAM":"Comuna 13","SAG":"Direc. de Catastro","FDC":null,"IN1":"02091","SHAPE_STAr":0.00147629017053,"SHAPE_STLe":0.223609761991}},{"type":"Feature","geometry":{"type":"Polygon","coordinates":[[[-58.37387,-34.57871],[-58.38983,-34.57822],[-58.3929,-34.59965],[-58.39114,-34.62727],[-58.38011,-34.63305],[-58.34526,-34.61875],[-58.34685,-34.60236],[-58.36796,-34.59746],[-58.36164,-34.58116],[-58.37387,-34.57871]]]},"properties":{"fid":338,"Entidad":0,"Objeto":"Departamento","FNA":"Comuna 1","GNA":"Comuna","NAM":"Comuna 1","SAG":"Direc. de Catastro","FDC":null,"IN1":"02007","SHAPE_STAr":0.001760281192,"SHAPE_STLe":0.279541695609}},{"type":"Feature","geometry":{"type":"Polygon","coordinates":[[[-58.47127,-34.63667],[-58.50226,-34.64584],[-58.50678,-34.63583],[-58.53037,-34.63481],[-58.52921,-34.65464],[-58.50262,-34.67459],[-58.46037,-34.65682],[-58.47127,-34.63667]]]},"properties":{"fid":332,"Entidad":0,"Objeto":"Departamento","FNA":"Comuna 9","GNA":"Comuna","NAM":"Comuna 9","SAG":"Direc. de Catastro","FDC":null,"IN1":"02063","SHAPE_STAr":0.00163212889729,"SHAPE_STLe":0.215330678168}},{"type":"Feature","geometry":{"type":"Polygon","coordinates":[[[-58.50344,-34.59397],[-58.51548,-34.58128],[-58.52297,-34.59756],[-58.52921,-34.61107],[-58.51691,-34.62023],[-58.50016,-34.60914],[-58.47777,-34.6224],[-58.45941,-34.6139],[-58.45844,-34.60451],[-58.50344,-34.59397]]]},"properties":{"fid":343,"Entidad":0,"Objeto":"Departamento","FNA":"Comuna 11","GNA":"Comuna","NAM":"Comuna 11","SAG":"Direc. de Catastro","FDC":null,"IN1":"02077","SHAPE_STAr":0.00138262253655,"SHAPE_STLe":0.200482926757}},{"type":"Feature","geometry":{"type":"Polygon","coordinates":[[[-58.61603,-34.5887],[-58.64634,-34.56293],[-58.69393,-34.59374],[-58.65349,-34.63161],[-58.62181,-34.63315],[-58.61603,-34.5887]]]},"properties":{"fid":227,"Entidad":0,"Objeto":"Departamento","FNA":"Partido de Hurlingham","GNA":"Partido","NAM":"Hurlingham","SAG":"ARBA - Gerencia de Servicios Catastrales","FDC":null,"IN1":"06408","SHAPE_STAr":0.00351566458139,"SHAPE_STLe":0.245531231362}},{"type":"Feature","geometry":{"type":"Polygon","coordinates":[[[-58.34526,-34.61875],[-58.38011,-34.63305],[-58.39114,-34.62727],[-58.41175,-34.63037],[-58.42346,-34.64022],[-58.4344,-34.65313],[-58.42383,-34.66228],[-58.40254,-34.65999],[-58.37405,-34.65719],[-58.34189,-34.6311],[-58.34526,-34.61875]]]},"properties":{"fid":339,"Entidad":0,"Objeto":"Departamento","FNA":"Comuna 4","GNA":"Comuna","NAM":"Comuna 4","SAG":"Direc. de Catastro","FDC":null,"IN1":"02028","SHAPE_STAr":0.00223293385947,"SHAPE_STLe":0.296299485891}},{"type":"Feature","geometry":{"type":"Polygon","coordinates":[[[-58.45956,-34.52778],[-58.4794,-34.48976],[-58.55376,-34.53021],[-58.53778,-34.54416],[-58.52981,-34.53733],[-58.50996,-34.5692],[-58.5008,-34.54953],[-58.47608,-34.53843],[-58.45956,-34.52778]]]},"properties":{"fid":35,"Entidad":0,"Objeto":"Departamento","FNA":"Partido de Vicente López","GNA":"Partido","NAM":"Vicente López","SAG":"ARBA - Gerencia de Servicios Catastrales","FDC":null,"IN1":"06861","SHAPE_STAr":0.00338381543915,"SHAPE_STLe":0.293176760185}},{"type":"Feature","geometry":{"type":"Polygon","coordinates":[[[-58.78454,-34.47607],[-58.82169,-34.45196],[-58.81115,-34.48574],[-58.82357,-34.50823],[-58.77603,-34.55706],[-58.7209,-34.51823],[-58.78454,-34.47607]]]},"properties":{"fid":14,"Entidad":0,"Objeto":"Departamento","FNA":"Partido de José C. Paz","GNA":"Partido","NAM":"José C. Paz","SAG":"ARBA - Gerencia de Servicios Catastrales","FDC":null,"IN1":"06412","SHAPE_STAr":0.00492511991354,"SHAPE_STLe":0.335550276258}},{"type":"Feature","geometry":{"type":"Polygon","coordinates":[[[-58.51416,-34.44353],[-58.51617,-34.44332],[-58.6003,-34.49035],[-58.55376,-34.53021],[-58.4794,-34.48976],[-58.51416,-34.44353]]]},"properties":{"fid":266,"Entidad":0,"Objeto":"Departamento","FNA":"Partido de San Isidro","GNA":"Partido","NAM":"San Isidro","SAG":"ARBA - Gerencia de Servicios Catastrales","FDC":null,"IN1":"06756","SHAPE_STAr":0.00514052151246,"SHAPE_STLe":0.332690983616}},{"type":"Feature","geometry":{"type":"Polygon","coordinates":[[[-58.55376,-34.53021],[-58.6003,-34.49035],[-58.60636,-34.53453],[-58.61924,-34.54673],[-58.56231,-34.59141],[-58.52297,-34.59756],[-58.51548,-34.58128],[-58.50996,-34.5692],[-58.52981,-34.53733],[-58.53778,-34.54416],[-58.55376,-34.53021]]]},"properties":{"fid":231,"Entidad":0,"Objeto":"Departamento","FNA":"Partido General San Martín","GNA":"Partido","NAM":"General San Martín","SAG":"ARBA - Gerencia de Servicios Catastrales","FDC":null,"IN1":"06371","SHAPE_STAr":0.00555218959145,"SHAPE_STLe":0.34503572828}},{"type":"Feature","geometry":{"type":"Polygon","coordinates":[[[-58.55611,-34.6347],[-58.61603,-34.5887],[-58.62181,-34.63315],[-58.65349,-34.63161],[-58.66738,-34.68599],[-58.64097,-34.70454],[-58.58188,-34.64317],[-58.55611,-34.6347]]]},"properties":{"fid":228,"Entidad":0,"Objeto":"Departamento","FNA":"Partido de Morón","GNA":"Partido","NAM":"Morón","SAG":"ARBA - Gerencia de Servicios Catastrales","FDC":null,"IN1":"06568","SHAPE_STAr":0.0054145702556,"SHAPE_STLe":0.372741548037}},{"type":"Feature","geometry":{"type":"Polygon","coordinates":[[[-58.61924,-34.54673],[-58.64634,-34.56293],[-58.61603,-34.5887],[-58.55611,-34.6347],[-58.52921,-34.65464],[-58.53037,-34.63481],[-58.52921,-34.61107],[-58.52297,-34.59756],[-58.56231,-34.59141],[-58.61924,-34.54673]]]},"properties":{"fid":236,"Entidad":0,"Objeto":"Departamento","FNA":"Partido de Tres de Febrero","GNA":"Partido","NAM":"Tres de Febrero","SAG":"ARBA - Gerencia de Servicios Catastrales","FDC":null,"IN1":"06840","SHAPE_STAr":0.00446190211159,"SHAPE_STLe":0.36705031823}},{"type":"Feature","geometry":{"type":"Polygon","coordinates":[[[-58.64659,-34.50138],[-58.70561,-34.43934],[-58.73731,-34.45642],[-58.78454,-34.47607],[-58.7209,-34.51823],[-58.68913,-34.53016],[-58.64659,-34.50138]]]},"properties":{"fid":230,"Entidad":0,"Objeto":"Departamento","FNA":"Partido de Malvinas Argentinas","GNA":"Partido","NAM":"Malvinas Argentinas","SAG":"ARBA - Gerencia de Servicios Catastrales","FDC":null,"IN1":"06515","SHAPE_STAr":0.00617016878791,"SHAPE_STLe":0.355811658182}},{"type":"Feature","geometry":{"type":"Polygon","coordinates":[[[-58.69393,-34.59374],[-58.64634,-34.56293],[-58.61924,-34.54673],[-58.60636,-34.53453],[-58.64659,-34.50138],[-58.68913,-34.53016],[-58.7209,-34.51823],[-58.77603,-34.55706],[-58.71337,-34.60564],[-58.69393,-34.59374]]]},"properties":{"fid":221,"Entidad":0,"Objeto":"Departamento","FNA":"Partido de San Miguel","GNA":"Partido","NAM":"San Miguel","SAG":"ARBA - Gerencia de Servicios Catastrales","FDC":null,"IN1":"06760","SHAPE_STAr":0.00812802069358,"SHAPE_STLe":0.448359329454}},{"type":"Feature","geometry":{"type":"Polygon","coordinates":[[[-58.88507,-34.57705],[-58.86411,-34.61688],[-58.88431,-34.6272],[-58.88447,-34.6688],[-58.8637,-34.68337],[-58.86029,-34.68521],[-58.81795,-34.68548],[-58.75755,-34.66048],[-58.72903,-34.63478],[-58.71337,-34.60564],[-58.77603,-34.55706],[-58.82357,-34.50823],[-58.8475,-34.54917],[-58.88507,-34.57705]]]},"properties":{"fid":18,"Entidad":0,"Objeto":"Departamento","FNA":"Partido de Moreno","GNA":"Partido","NAM":"Moreno","SAG":"ARBA - Gerencia de Servicios Catastrales","FDC":null,"IN1":"06560","SHAPE_STAr":0.0183024310579,"SHAPE_STLe":0.595680898589}},{"type":"Feature","geometry":{"type":"Polygon","coordinates":[[[-58.90081,-34.31094],[-58.81699,-34.4154],[-58.78832,-34.39967],[-58.77767,-34.40427],[-58.73731,-34.45642],[-58.70561,-34.43934],[-58.73463,-34.40246],[-58.70533,-34.37297],[-58.72062,-34.36329],[-58.67981,-34.34569],[-58.64952,-34.2666],[-58.71215,-34.2489],[-58.79851,-34.23022],[-58.77638,-34.28574],[-58.85839,-34.26198],[-58.90081,-34.31094]]]},"properties":{"fid":13,"Entidad":0,"Objeto":"Departamento","FNA":"Partido de Escobar","GNA":"Partido","NAM":"Escobar","SAG":"ARBA - Gerencia de Servicios Catastrales","FDC":null,"IN1":"06252","SHAPE_STAr":0.0294856457045,"SHAPE_STLe":1.01252848219}},{"type":"Feature","geometry":{"type":"Polygon","coordinates":[[[-59.03175,-34.76382],[-58.99829,-34.76279],[-58.93534,-34.70373],[-58.8637,-34.68337],[-58.88447,-34.6688],[-58.88431,-34.6272],[-58.86411,-34.61688],[-58.88507,-34.57705],[-58.92842,-34.5162],[-58.96189,-34.53374],[-58.9542,-34.54373],[-58.98719,-34.55986],[-58.9866,-34.57744],[-59.07006,-34.60388],[-59.05638,-34.61646],[-59.13608,-34.65886],[-59.09121,-34.71923],[-59.03175,-34.76382]]]},"properties":{"fid":234,"Entidad":0,"Objeto":"Departamento","FNA":"Partido de General Rodríguez","GNA":"Partido","NAM":"General Rodríguez","SAG":"ARBA - Gerencia de Servicios Catastrales","FDC":null,"IN1":"06364","SHAPE_STAr":0.0360345572743,"SHAPE_STLe":0.916035136254}},{"type":"Feature","geometry":{"type":"Polygon","coordinates":[[[-58.51022,-34.30612],[-58.64952,-34.2666],[-58.67981,-34.34569],[-58.72062,-34.36329],[-58.70533,-34.37297],[-58.73463,-34.40246],[-58.70561,-34.43934],[-58.64659,-34.50138],[-58.60636,-34.53453],[-58.6003,-34.49035],[-58.59517,-34.44834],[-58.55795,-34.42409],[-58.51617,-34.44332],[-58.51416,-34.44353],[-58.51147,-34.4187],[-58.48291,-34.38458],[-58.46588,-34.38562],[-58.46503,-34.37488],[-58.45453,-34.38849],[-58.51022,-34.30612]]]},"properties":{"fid":58,"Entidad":0,"Objeto":"Departamento","FNA":"Partido de Tigre","GNA":"Partido","NAM":"Tigre","SAG":"ARBA - Gerencia de Servicios Catastrales","FDC":null,"IN1":"06805","SHAPE_STAr":0.0374684028835,"SHAPE_STLe":0.977147202985}},{"type":"Feature","geometry":{"type":"Polygon","coordinates":[[[-58.88507,-34.57705],[-58.8475,-34.54917],[-58.82357,-34.50823],[-58.81115,-34.48574],[-58.82169,-34.45196],[-58.78454,-34.47607],[-58.73731,-34.45642],[-58.77767,-34.40427],[-58.78832,-34.39967],[-58.81699,-34.4154],[-58.90081,-34.31094],[-58.91692,-34.32593],[-58.90774,-34.35995],[-58.91974,-34.38103],[-58.92391,-34.41708],[-58.98026,-34.35064],[-58.99323,-34.35808],[-58.98401,-34.369],[-58.99298,-34.37929],[-59.05627,-34.42821],[-58.96189,-34.53374],[-58.92842,-34.5162],[-58.88507,-34.57705]]]},"properties":{"fid":225,"Entidad":0,"Objeto":"Departamento","FNA":"Partido de Pilar","GNA":"Partido","NAM":"Pilar","SAG":"ARBA - Gerencia de Servicios Catastrales","FDC":null,"IN1":"06638","SHAPE_STAr":0.0377372919988,"SHAPE_STLe":1.24143734463}},{"type":"Feature","geometry":{"type":"Polygon","coordinates":[[[-59.67609,-34.16666],[-59.72227,-34.13107],[-59.70723,-34.09359],[-59.74039,-34.04847],[-59.75439,-34.01356],[-59.74738,-33.99766],[-59.77934,-34.01339],[-59.81211,-34.01522],[-59.84448,-34.05269],[-59.89626,-34.07819],[-59.98479,-34.08464],[-59.9836,-34.19757],[-60.03961,-34.26861],[-59.97084,-34.28648],[-59.89524,-34.23644],[-59.87394,-34.2643],[-59.78391,-34.22049],[-59.67609,-34.16666]]]},"properties":{"fid":217,"Entidad":0,"Objeto":"Departamento","FNA":"Partido de Capitán Sarmiento","GNA":"Partido","NAM":"Capitán Sarmiento","SAG":"ARBA - Gerencia de Servicios Catastrales","FDC":null,"IN1":"06140","SHAPE_STAr":0.0536592078188,"SHAPE_STLe":1.18765004856}},{"type":"Feature","geometry":{"type":"Polygon","coordinates":[[[-59.05627,-34.42821],[-59.09765,-34.46432],[-59.12959,-34.42061],[-59.19674,-34.37365],[-59.23932,-34.4137],[-59.21772,-34.44656],[-59.33852,-34.50846],[-59.26245,-34.62012],[-59.28123,-34.62585],[-59.24128,-34.67733],[-59.2559,-34.68558],[-59.16809,-34.79942],[-59.16498,-34.80347],[-59.09121,-34.71923],[-59.13608,-34.65886],[-59.05638,-34.61646],[-59.07006,-34.60388],[-58.9866,-34.57744],[-58.98719,-34.55986],[-58.9542,-34.54373],[-58.96189,-34.53374],[-59.05627,-34.42821]]]},"properties":{"fid":226,"Entidad":0,"Objeto":"Departamento","FNA":"Partido de Luján","GNA":"Partido","NAM":"Luján","SAG":"ARBA - Gerencia de Servicios Catastrales","FDC":null,"IN1":"06497","SHAPE_STAr":0.0757660198914,"SHAPE_STLe":1.47665413261}},{"type":"Feature","geometry":{"type":"Polygon","coordinates":[[[-59.10307,-34.20009],[-59.31234,-34.16104],[-59.3666,-34.19892],[-59.37478,-34.23873],[-59.29868,-34.26429],[-59.31084,-34.28892],[-59.27459,-34.30493],[-59.19674,-34.37365],[-59.12959,-34.42061],[-59.09765,-34.46432],[-59.05627,-34.42821],[-58.99298,-34.37929],[-58.98401,-34.369],[-58.99323,-34.35808],[-58.98026,-34.35064],[-58.92391,-34.41708],[-58.91974,-34.38103],[-59.05715,-34.2415],[-59.0782,-34.22452],[-59.0915,-34.22822],[-59.10307,-34.20009]]]},"properties":{"fid":220,"Entidad":0,"Objeto":"Departamento","FNA":"Partido de Exaltación de la Cruz","GNA":"Partido","NAM":"Exaltación de la Cruz","SAG":"ARBA - Gerencia de Servicios Catastrales","FDC":null,"IN1":"06266","SHAPE_STAr":0.0623282265616,"SHAPE_STLe":1.40637458106}},{"type":"Feature","geometry":{"type":"Polygon","coordinates":[[[-58.6753,-34.02547],[-58.76374,-33.94531],[-58.8372,-33.95375],[-58.96605,-33.96058],[-59.00952,-34.09907],[-58.9775,-34.11328],[-58.97331,-34.1291],[-59.10307,-34.20009],[-59.0915,-34.22822],[-59.0782,-34.22452],[-59.05715,-34.2415],[-58.91974,-34.38103],[-58.90774,-34.35995],[-58.91692,-34.32593],[-58.90081,-34.31094],[-58.85839,-34.26198],[-58.77638,-34.28574],[-58.79851,-34.23022],[-58.71215,-34.2489],[-58.6914,-34.17243],[-58.7467,-34.16551],[-58.76385,-34.12647],[-58.80473,-34.08187],[-58.6753,-34.02547]]]},"properties":{"fid":73,"Entidad":0,"Objeto":"Departamento","FNA":"Partido de Campana","GNA":"Partido","NAM":"Campana","SAG":"ARBA - Gerencia de Servicios Catastrales","FDC":null,"IN1":"06126","SHAPE_STAr":0.096402233481,"SHAPE_STLe":1.9363025991}},{"type":"Feature","geometry":{"type":"Polygon","coordinates":[[[-59.78391,-34.22049],[-59.87394,-34.2643],[-59.89524,-34.23644],[-59.97084,-34.28648],[-60.06503,-34.38265],[-60.08409,-34.36752],[-60.14258,-34.4188],[-60.08363,-34.46978],[-60.09804,-34.48293],[-60.01471,-34.5469],[-59.97474,-34.51043],[-59.93031,-34.54351],[-59.90931,-34.5612],[-59.9332,-34.58126],[-59.88457,-34.61943],[-59.75488,-34.51828],[-59.76841,-34.5073],[-59.73511,-34.47782],[-59.76761,-34.45281],[-59.67533,-34.40405],[-59.6927,-34.28592],[-59.78391,-34.22049]]]},"properties":{"fid":218,"Entidad":0,"Objeto":"Departamento","FNA":"Partido de Carmen de Areco","GNA":"Partido","NAM":"Carmen de Areco","SAG":"ARBA - Gerencia de Servicios Catastrales","FDC":null,"IN1":"06161","SHAPE_STAr":0.104072488683,"SHAPE_STLe":1.52357355196}},{"type":"Feature","geometry":{"type":"Polygon","coordinates":[[[-59.67296,-34.58263],[-59.75488,-34.51828],[-59.88457,-34.61943],[-59.94468,-34.67198],[-59.79005,-34.78848],[-59.80914,-34.80541],[-59.79812,-34.82566],[-59.63537,-34.95799],[-59.46651,-34.87259],[-59.52259,-34.82879],[-59.49133,-34.80294],[-59.53195,-34.76988],[-59.52592,-34.76477],[-59.71641,-34.62002],[-59.67296,-34.58263]]]},"properties":{"fid":235,"Entidad":0,"Objeto":"Departamento","FNA":"Partido de Suipacha","GNA":"Partido","NAM":"Suipacha","SAG":"ARBA - Gerencia de Servicios Catastrales","FDC":null,"IN1":"06784","SHAPE_STAr":0.0928310867993,"SHAPE_STLe":1.5088887621}},{"type":"Feature","geometry":{"type":"Polygon","coordinates":[[[-59.16809,-33.80939],[-59.22272,-33.81343],[-59.29302,-33.82925],[-59.30274,-33.85285],[-59.24014,-33.89626],[-59.22838,-33.92503],[-59.26054,-33.94158],[-59.30867,-33.92432],[-59.34088,-33.92538],[-59.34559,-33.9524],[-59.32389,-33.99633],[-59.29985,-34.06849],[-59.2662,-34.09178],[-59.27957,-34.14597],[-59.31234,-34.16104],[-59.10307,-34.20009],[-58.97331,-34.1291],[-58.9775,-34.11328],[-59.00952,-34.09907],[-58.96605,-33.96058],[-58.8372,-33.95375],[-58.86843,-33.93651],[-58.89978,-33.89099],[-58.93359,-33.87439],[-58.97789,-33.87036],[-58.99288,-33.8418],[-59.02048,-33.84894],[-59.05548,-33.8324],[-59.13068,-33.84772],[-59.16809,-33.80939]]]},"properties":{"fid":276,"Entidad":0,"Objeto":"Departamento","FNA":"Partido de Zárate","GNA":"Partido","NAM":"Zárate","SAG":"ARBA - Gerencia de Servicios Catastrales","FDC":null,"IN1":"06882","SHAPE_STAr":0.115641174819,"SHAPE_STLe":1.88181759713}},{"type":"Feature","geometry":{"type":"MultiPolygon","coordinates":[[[[-58.42698,-34.00406],[-58.47729,-34.00263],[-58.60717,-34.03787],[-58.6753,-34.02547],[-58.80473,-34.08187],[-58.76385,-34.12647],[-58.7467,-34.16551],[-58.6914,-34.17243],[-58.71215,-34.2489],[-58.64952,-34.2666],[-58.51022,-34.30612],[-58.45958,-34.32479],[-58.42432,-34.28155],[-58.3894,-34.26259],[-58.38132,-34.23995],[-58.39255,-34.23356],[-58.36261,-34.22862],[-58.35415,-34.21647],[-58.33512,-34.04354],[-58.36192,-34.02043],[-58.42698,-34.00406]]],[[[-58.51617,-34.44332],[-58.55795,-34.42409],[-58.59517,-34.44834],[-58.6003,-34.49035],[-58.51617,-34.44332]]]]},"properties":{"fid":275,"Entidad":0,"Objeto":"Departamento","FNA":"Partido de San Fernando","GNA":"Partido","NAM":"San Fernando","SAG":"ARBA - Gerencia de Servicios Catastrales","FDC":null,"IN1":"06749","SHAPE_STAr":0.103495131177,"SHAPE_STLe":1.633655874}},{"type":"Feature","geometry":{"type":"Polygon","coordinates":[[[-59.31234,-34.16104],[-59.27957,-34.14597],[-59.2662,-34.09178],[-59.29985,-34.06849],[-59.32389,-33.99633],[-59.31786,-34.01929],[-59.33443,-34.03858],[-59.40646,-34.06095],[-59.39554,-34.07451],[-59.46309,-34.13501],[-59.51091,-34.0994],[-59.56209,-34.16797],[-59.59459,-34.17173],[-59.62753,-34.15832],[-59.67609,-34.16666],[-59.78391,-34.22049],[-59.6927,-34.28592],[-59.67533,-34.40405],[-59.67052,-34.39792],[-59.64458,-34.41753],[-59.61885,-34.39664],[-59.6066,-34.40614],[-59.49073,-34.31892],[-59.4238,-34.30261],[-59.41187,-34.27626],[-59.41948,-34.26861],[-59.39618,-34.26291],[-59.37478,-34.23873],[-59.3666,-34.19892],[-59.31234,-34.16104]]]},"properties":{"fid":15,"Entidad":0,"Objeto":"Departamento","FNA":"Partido de San Antonio de Areco","GNA":"Partido","NAM":"San Antonio de Areco","SAG":"ARBA - Gerencia de Servicios Catastrales","FDC":null,"IN1":"06735","SHAPE_STAr":0.0843161015492,"SHAPE_STLe":1.67972734695}},{"type":"Feature","geometry":{"type":"Polygon","coordinates":[[[-60.03961,-34.26861],[-59.9836,-34.19757],[-59.98479,-34.08464],[-59.89626,-34.07819],[-59.84448,-34.05269],[-59.81211,-34.01522],[-59.77934,-34.01339],[-60.02435,-33.82663],[-60.04859,-33.82706],[-60.08267,-33.80933],[-60.10741,-33.81694],[-60.15638,-33.74548],[-60.23147,-33.86979],[-60.23754,-34.01109],[-60.19631,-34.05145],[-60.16669,-34.06153],[-60.18456,-34.13553],[-60.20676,-34.17166],[-60.20288,-34.2039],[-60.03961,-34.26861]]]},"properties":{"fid":216,"Entidad":0,"Objeto":"Departamento","FNA":"Partido de Arrecifes","GNA":"Partido","NAM":"Arrecifes","SAG":"ARBA - Gerencia de Servicios Catastrales","FDC":null,"IN1":"06077","SHAPE_STAr":0.121388771596,"SHAPE_STLe":1.70649984136}},{"type":"Feature","geometry":{"type":"Polygon","coordinates":[[[-59.16809,-34.79942],[-59.2559,-34.68558],[-59.24128,-34.67733],[-59.28123,-34.62585],[-59.26245,-34.62012],[-59.33852,-34.50846],[-59.52366,-34.59689],[-59.56882,-34.56059],[-59.63243,-34.61502],[-59.67296,-34.58263],[-59.71641,-34.62002],[-59.52592,-34.76477],[-59.53195,-34.76988],[-59.49133,-34.80294],[-59.52259,-34.82879],[-59.46651,-34.87259],[-59.40873,-34.84242],[-59.37317,-34.89113],[-59.32054,-34.83685],[-59.28944,-34.82168],[-59.27871,-34.83435],[-59.20452,-34.79623],[-59.19219,-34.8121],[-59.16809,-34.79942]]]},"properties":{"fid":224,"Entidad":0,"Objeto":"Departamento","FNA":"Partido de Mercedes","GNA":"Partido","NAM":"Mercedes","SAG":"ARBA - Gerencia de Servicios Catastrales","FDC":null,"IN1":"06532","SHAPE_STAr":0.10325099095,"SHAPE_STLe":1.65208239651}},{"type":"Feature","geometry":{"type":"Polygon","coordinates":[[[-59.19674,-34.37365],[-59.27459,-34.30493],[-59.31084,-34.28892],[-59.29868,-34.26429],[-59.37478,-34.23873],[-59.39618,-34.26291],[-59.41948,-34.26861],[-59.41187,-34.27626],[-59.4238,-34.30261],[-59.49073,-34.31892],[-59.6066,-34.40614],[-59.61885,-34.39664],[-59.64458,-34.41753],[-59.67052,-34.39792],[-59.67533,-34.40405],[-59.76761,-34.45281],[-59.73511,-34.47782],[-59.76841,-34.5073],[-59.75488,-34.51828],[-59.67296,-34.58263],[-59.63243,-34.61502],[-59.56882,-34.56059],[-59.52366,-34.59689],[-59.33852,-34.50846],[-59.21772,-34.44656],[-59.23932,-34.4137],[-59.19674,-34.37365]]]},"properties":{"fid":222,"Entidad":0,"Objeto":"Departamento","FNA":"Partido de San Andrés de Giles","GNA":"Partido","NAM":"San Andrés de Giles","SAG":"ARBA - Gerencia de Servicios Catastrales","FDC":null,"IN1":"06728","SHAPE_STAr":0.110758336616,"SHAPE_STLe":1.6615193453}},{"type":"Feature","geometry":{"type":"Polygon","coordinates":[[[-60.23754,-34.01109],[-60.3124,-34.00145],[-60.49639,-34.17646],[-60.46989,-34.19987],[-60.49057,-34.23116],[-60.53596,-34.25581],[-60.54917,-34.27566],[-60.53878,-34.34929],[-60.57827,-34.39217],[-60.55985,-34.40644],[-60.596,-34.43835],[-60.55983,-34.40644],[-60.5169,-34.43917],[-60.489,-34.41514],[-60.404,-34.48004],[-60.37407,-34.45493],[-60.31913,-34.49719],[-60.24578,-34.4319],[-60.21123,-34.45956],[-60.15419,-34.41007],[-60.14258,-34.4188],[-60.08409,-34.36752],[-60.06503,-34.38265],[-59.97084,-34.28648],[-60.03961,-34.26861],[-60.20288,-34.2039],[-60.20676,-34.17166],[-60.18456,-34.13553],[-60.16669,-34.06153],[-60.19631,-34.05145],[-60.23754,-34.01109]]]},"properties":{"fid":219,"Entidad":0,"Objeto":"Departamento","FNA":"Partido de Salto","GNA":"Partido","NAM":"Salto","SAG":"ARBA - Gerencia de Servicios Catastrales","FDC":null,"IN1":"06714","SHAPE_STAr":0.157711066946,"SHAPE_STLe":2.08513261409}},{"type":"Feature","geometry":{"type":"Polygon","coordinates":[[[-61.12208,-34.07195],[-61.17755,-34.09682],[-61.20989,-34.12564],[-61.33235,-34.02508],[-61.64857,-34.31932],[-61.61078,-34.35272],[-61.54908,-34.30339],[-61.50886,-34.33685],[-61.47167,-34.30741],[-61.39541,-34.3735],[-61.41697,-34.39232],[-61.32917,-34.45314],[-61.27359,-34.40086],[-61.23797,-34.40369],[-61.22686,-34.43658],[-61.19627,-34.4243],[-61.19337,-34.36505],[-61.16839,-34.35937],[-61.09815,-34.28453],[-61.0701,-34.30721],[-61.04155,-34.28329],[-61.05911,-34.26901],[-61.01386,-34.23162],[-60.95829,-34.27669],[-60.91725,-34.24159],[-61.12208,-34.07195]]]},"properties":{"fid":325,"Entidad":0,"Objeto":"Departamento","FNA":"Partido de General Arenales","GNA":"Partido","NAM":"General Arenales","SAG":"ARBA - Gerencia de Servicios Catastrales","FDC":null,"IN1":"06294","SHAPE_STAr":0.145454717929,"SHAPE_STLe":2.1353391036}},{"type":"Feature","geometry":{"type":"Polygon","coordinates":[[[-60.67721,-34.50935],[-60.90268,-34.32608],[-60.95224,-34.33384],[-60.96644,-34.34583],[-61.04155,-34.28329],[-61.0701,-34.30721],[-61.09815,-34.28453],[-61.16839,-34.35937],[-61.19337,-34.36505],[-61.19627,-34.4243],[-61.22686,-34.43658],[-61.23797,-34.40369],[-61.27359,-34.40086],[-61.32917,-34.45314],[-61.35551,-34.47395],[-61.2752,-34.54121],[-61.33848,-34.59217],[-61.20474,-34.70249],[-61.22255,-34.71737],[-61.15116,-34.77721],[-61.04818,-34.69291],[-60.90399,-34.81084],[-60.84925,-34.76302],[-60.81568,-34.78965],[-60.76449,-34.74103],[-60.79551,-34.71747],[-60.71396,-34.64713],[-60.74145,-34.64912],[-60.7584,-34.63079],[-60.6467,-34.53305],[-60.67721,-34.50935]]]},"properties":{"fid":223,"Entidad":0,"Objeto":"Departamento","FNA":"Partido de Junín","GNA":"Partido","NAM":"Junín","SAG":"ARBA - Gerencia de Servicios Catastrales","FDC":null,"IN1":"06413","SHAPE_STAr":0.221428090472,"SHAPE_STLe":2.37408463314}},{"type":"Feature","geometry":{"type":"Polygon","coordinates":[[[-60.49639,-34.17646],[-60.5155,-34.14378],[-60.57842,-34.11637],[-60.62447,-34.11215],[-60.6553,-34.09314],[-60.7154,-34.03574],[-60.7054,-34.02512],[-60.79807,-33.9519],[-60.90652,-33.88731],[-61.05153,-34.03017],[-61.12208,-34.07195],[-60.91725,-34.24159],[-60.95829,-34.27669],[-61.01386,-34.23162],[-61.05911,-34.26901],[-61.04155,-34.28329],[-60.96644,-34.34583],[-60.95224,-34.33384],[-60.90268,-34.32608],[-60.67721,-34.50935],[-60.596,-34.43835],[-60.55985,-34.40644],[-60.57827,-34.39217],[-60.53878,-34.34929],[-60.54917,-34.27566],[-60.53596,-34.25581],[-60.49057,-34.23116],[-60.46989,-34.19987],[-60.49639,-34.17646]]]},"properties":{"fid":12,"Entidad":0,"Objeto":"Departamento","FNA":"Partido de Rojas","GNA":"Partido","NAM":"Rojas","SAG":"ARBA - Gerencia de Servicios Catastrales","FDC":null,"IN1":"06686","SHAPE_STAr":0.201515219488,"SHAPE_STLe":2.30449202132}},{"type":"Feature","geometry":{"type":"Polygon","coordinates":[[[-60.14258,-34.4188],[-60.15419,-34.41007],[-60.21123,-34.45956],[-60.24578,-34.4319],[-60.31913,-34.49719],[-60.37407,-34.45493],[-60.404,-34.48004],[-60.489,-34.41514],[-60.5169,-34.43917],[-60.55983,-34.40644],[-60.596,-34.43835],[-60.67721,-34.50935],[-60.6467,-34.53305],[-60.7584,-34.63079],[-60.74145,-34.64912],[-60.71396,-34.64713],[-60.68532,-34.65704],[-60.68637,-34.70765],[-60.65771,-34.70927],[-60.62576,-34.74336],[-60.62763,-34.75965],[-60.58805,-34.81675],[-60.55827,-34.82957],[-60.54081,-34.82152],[-60.52928,-34.84162],[-60.49468,-34.83849],[-60.46028,-34.86238],[-60.37256,-34.78764],[-60.36223,-34.7958],[-60.32251,-34.76153],[-60.24355,-34.82996],[-60.17299,-34.77025],[-60.19076,-34.75677],[-60.17414,-34.74305],[-60.19184,-34.72874],[-60.10685,-34.6575],[-60.06352,-34.69113],[-60.0066,-34.64101],[-59.99296,-34.67401],[-59.96787,-34.69185],[-59.94468,-34.67198],[-59.88457,-34.61943],[-59.9332,-34.58126],[-59.90931,-34.5612],[-59.93031,-34.54351],[-59.97474,-34.51043],[-60.01471,-34.5469],[-60.09804,-34.48293],[-60.08363,-34.46978],[-60.14258,-34.4188]]]},"properties":{"fid":229,"Entidad":0,"Objeto":"Departamento","FNA":"Partido de Chacabuco","GNA":"Partido","NAM":"Chacabuco","SAG":"ARBA - Gerencia de Servicios Catastrales","FDC":null,"IN1":"06210","SHAPE_STAr":0.225101735004,"SHAPE_STLe":2.71919237183}},{"type":"Feature","geometry":{"type":"Polygon","coordinates":[[[-58.34696,-34.73934],[-58.36668,-34.74555],[-58.41327,-34.73286],[-58.44691,-34.68878],[-58.4645,-34.70321],[-58.48412,-34.73256],[-58.5008,-34.72299],[-58.43053,-34.81725],[-58.33664,-34.7544],[-58.34696,-34.73934]]]},"properties":{"fid":500,"Entidad":0,"Objeto":"Departamento","FNA":"Partido de Lomas de Zamora","GNA":"Partido","NAM":"Lomas de Zamora","SAG":"ARBA - Gerencia de Servicios Catastrales","FDC":null,"IN1":"06490","SHAPE_STAr":0.00873394648733,"SHAPE_STLe":0.478920544781}},{"type":"Feature","geometry":{"type":"Polygon","coordinates":[[[-58.44441,-34.58319],[-58.46805,-34.57293],[-58.50344,-34.59397],[-58.45844,-34.60451],[-58.4333,-34.60269],[-58.42333,-34.59777],[-58.44441,-34.58319]]]},"properties":{"fid":510,"Entidad":0,"Objeto":"Departamento","FNA":"Comuna 15","GNA":"Comuna","NAM":"Comuna 15","SAG":"Direc. de Catastro","FDC":null,"IN1":"02105","SHAPE_STAr":0.00140730851854,"SHAPE_STLe":0.185740265272}},{"type":"Feature","geometry":{"type":"Polygon","coordinates":[[[-66.84527,-28.03298],[-67.22953,-28.02855],[-67.26289,-28.05223],[-67.3018,-28.03903],[-67.32494,-28.05397],[-67.34876,-28.03141],[-67.34098,-27.93993],[-67.32612,-27.91178],[-67.35212,-27.91973],[-67.36134,-27.82735],[-67.34579,-27.79134],[-67.31523,-27.77801],[-67.29201,-27.73249],[-67.33718,-27.68464],[-67.3586,-27.68435],[-67.32725,-27.63116],[-67.31588,-27.57531],[-67.23754,-27.46547],[-67.29732,-27.43866],[-67.30099,-27.3998],[-67.28285,-27.39663],[-67.30711,-27.37403],[-67.25605,-27.34753],[-67.2921,-27.30459],[-67.28497,-27.26535],[-67.27197,-27.25913],[-67.27984,-27.23212],[-67.26497,-27.22833],[-67.2733,-27.17128],[-67.26278,-27.16462],[-67.28094,-27.13881],[-67.28081,-27.10117],[-67.29326,-27.08121],[-67.27624,-27.04614],[-67.27385,-26.99687],[-67.24891,-26.97418],[-67.24909,-26.9428],[-67.22889,-26.91917],[-67.21379,-26.92702],[-67.20377,-26.91943],[-67.20087,-26.88416],[-67.17642,-26.87817],[-67.1473,-26.83621],[-67.22446,-26.7376],[-67.28383,-26.70207],[-67.28725,-26.71154],[-67.33245,-26.71714],[-67.34112,-26.73269],[-67.40198,-26.74304],[-67.46526,-26.78014],[-67.49015,-26.81566],[-67.48766,-26.85986],[-67.50746,-26.87344],[-67.5245,-26.918],[-67.5425,-26.92627],[-67.53377,-26.87792],[-67.54703,-26.83126],[-67.59712,-26.81401],[-67.61623,-26.78291],[-67.65065,-26.78582],[-67.67313,-26.80008],[-67.72284,-26.77151],[-67.77266,-26.8056],[-67.78879,-26.79597],[-67.79454,-26.77122],[-67.82035,-26.75668],[-67.83153,-26.76944],[-67.85831,-26.76601],[-67.85311,-26.79289],[-67.87056,-26.80144],[-67.92135,-26.78228],[-67.96235,-26.78535],[-68.0454,-26.75432],[-68.09263,-26.75908],[-68.12932,-26.77775],[-68.14467,-26.81638],[-68.17477,-26.81932],[-68.20178,-26.8451],[-68.21925,-26.80697],[-68.25857,-26.79212],[-68.32155,-26.82262],[-68.35909,-26.81066],[-68.26246,-26.91843],[-68.28942,-26.92411],[-68.29378,-26.95918],[-68.31876,-26.98164],[-68.29408,-27.0383],[-68.34664,-27.03345],[-68.40379,-27.06812],[-68.42883,-27.06433],[-68.45082,-27.09549],[-68.47581,-27.08402],[-68.4839,-27.05825],[-68.47274,-27.11084],[-68.48162,-27.12858],[-68.49434,-27.13667],[-68.54015,-27.10987],[-68.55702,-27.11512],[-68.55423,-27.13564],[-68.57532,-27.17763],[-68.60032,-27.15919],[-68.6155,-27.17176],[-68.63135,-27.16331],[-68.67016,-27.09909],[-68.68349,-27.10796],[-68.69312,-27.09917],[-68.73752,-27.10234],[-68.75101,-27.11235],[-68.77775,-27.09895],[-68.78738,-27.10437],[-68.80678,-27.15266],[-68.8248,-27.14747],[-68.84378,-27.1612],[-68.85768,-27.19067],[-68.85569,-27.23129],[-68.87085,-27.24638],[-68.86756,-27.26264],[-68.80844,-27.30083],[-68.82872,-27.29828],[-68.86985,-27.31795],[-68.89277,-27.35776],[-68.88696,-27.3987],[-68.93034,-27.40952],[-68.9345,-27.44477],[-68.95999,-27.42975],[-68.98032,-27.43191],[-68.9881,-27.45307],[-68.94859,-27.48819],[-68.94252,-27.52593],[-68.98763,-27.52379],[-68.97249,-27.54286],[-68.97528,-27.56066],[-68.99981,-27.58284],[-69.03883,-27.5951],[-69.0533,-27.62019],[-69.05905,-27.66431],[-69.04217,-27.67855],[-69.04318,-27.69748],[-69.08926,-27.72167],[-69.09526,-27.79479],[-68.79901,-27.75568],[-68.72383,-27.78966],[-68.72954,-27.80584],[-68.71598,-27.81524],[-68.66518,-27.80988],[-68.62425,-27.79168],[-68.58234,-27.81976],[-68.56175,-27.73541],[-68.5434,-27.70978],[-68.53391,-27.7297],[-68.53915,-27.78538],[-68.51452,-27.83856],[-68.45831,-27.85199],[-68.44028,-27.87366],[-68.4567,-28.01559],[-68.44,-28.02539],[-68.39662,-28.00417],[-68.35169,-28.01721],[-68.33581,-28.0376],[-68.31201,-28.02447],[-68.28619,-28.02649],[-68.29541,-28.0686],[-68.27471,-28.09506],[-68.24615,-28.07115],[-68.23414,-28.08233],[-68.1831,-28.08602],[-68.16442,-28.11077],[-68.14122,-28.10184],[-68.10731,-28.17346],[-68.0715,-28.16252],[-68.05377,-28.13979],[-68.02463,-28.13932],[-68.02236,-28.12468],[-67.95051,-28.10898],[-67.91493,-28.1141],[-67.93024,-28.17222],[-67.91362,-28.1831],[-67.9121,-28.20851],[-67.89895,-28.21213],[-67.9052,-28.23307],[-67.89419,-28.25913],[-67.87183,-28.2713],[-67.86073,-28.29417],[-67.84137,-28.31326],[-67.84482,-28.37519],[-67.81555,-28.37602],[-67.80276,-28.34788],[-67.75636,-28.35365],[-67.76124,-28.32992],[-67.69575,-28.31183],[-67.4464,-28.36802],[-67.3753,-28.38453],[-67.15544,-28.38441],[-67.07466,-28.27019],[-67.05705,-28.27329],[-67.02993,-28.25818],[-66.84527,-28.03298]]]},"properties":{"fid":320,"Entidad":0,"Objeto":"Departamento","FNA":"Departamento Tinogasta","GNA":"Departamento","NAM":"Tinogasta","SAG":"IDE Catamarca","FDC":null,"IN1":"10105","SHAPE_STAr":2.07141666199,"SHAPE_STLe":9.89423339729}},{"type":"Feature","geometry":{"type":"Polygon","coordinates":[[[-66.56106,-25.30013],[-66.87927,-25.24173],[-67.8646,-25.2384],[-68.50717,-25.16831],[-68.50522,-25.22255],[-68.51134,-25.2337],[-68.53506,-25.23701],[-68.5485,-25.26219],[-68.52921,-25.29047],[-68.54563,-25.29879],[-68.54594,-25.31221],[-68.51815,-25.34165],[-68.52778,-25.35271],[-68.52387,-25.37892],[-68.54154,-25.38254],[-68.57161,-25.41775],[-68.58988,-25.41443],[-68.58917,-25.44881],[-68.57255,-25.49445],[-68.53852,-25.50912],[-68.54304,-25.54896],[-68.51483,-25.57406],[-68.54075,-25.59615],[-68.54474,-25.63376],[-68.47734,-25.70164],[-68.38143,-26.17783],[-68.55836,-26.28737],[-68.58809,-26.49243],[-68.35909,-26.81066],[-68.32155,-26.82262],[-68.25857,-26.79212],[-68.21925,-26.80697],[-68.20178,-26.8451],[-68.17477,-26.81932],[-68.14467,-26.81638],[-68.12932,-26.77775],[-68.09263,-26.75908],[-68.0454,-26.75432],[-67.96235,-26.78535],[-67.92135,-26.78228],[-67.87056,-26.80144],[-67.85311,-26.79289],[-67.85831,-26.76601],[-67.83153,-26.76944],[-67.82035,-26.75668],[-67.79454,-26.77122],[-67.78879,-26.79597],[-67.77266,-26.8056],[-67.72284,-26.77151],[-67.67313,-26.80008],[-67.65065,-26.78582],[-67.61623,-26.78291],[-67.59712,-26.81401],[-67.54703,-26.83126],[-67.53377,-26.87792],[-67.5425,-26.92627],[-67.5245,-26.918],[-67.50746,-26.87344],[-67.48766,-26.85986],[-67.49015,-26.81566],[-67.46526,-26.78014],[-67.40198,-26.74304],[-67.34112,-26.73269],[-67.33245,-26.71714],[-67.28725,-26.71154],[-67.28383,-26.70207],[-67.28028,-26.69211],[-67.224,-26.68511],[-67.20068,-26.66314],[-67.18091,-26.66496],[-67.15866,-26.62163],[-67.13729,-26.62539],[-67.10871,-26.60306],[-67.08773,-26.60962],[-67.07823,-26.57739],[-67.0681,-26.57558],[-67.0434,-26.45765],[-67.04348,-26.41578],[-67.05898,-26.3918],[-67.03172,-26.39253],[-67.03503,-26.32845],[-67.00956,-26.3055],[-66.99492,-26.24931],[-67.00122,-26.22847],[-66.96607,-26.16318],[-66.96426,-26.13424],[-66.922,-26.09812],[-66.90684,-26.11537],[-66.83776,-26.10858],[-66.84052,-26.0934],[-66.82071,-26.07387],[-66.8729,-26.00116],[-66.906,-25.99113],[-66.92103,-25.94295],[-66.85259,-25.91716],[-66.83926,-25.88066],[-66.84757,-25.79627],[-66.85618,-25.77414],[-66.87357,-25.76619],[-66.84333,-25.71263],[-66.79901,-25.69879],[-66.64858,-25.71203],[-66.63305,-25.66206],[-66.60646,-25.62867],[-66.5639,-25.62176],[-66.57277,-25.58672],[-66.53456,-25.53651],[-66.54281,-25.52239],[-66.5321,-25.50062],[-66.53525,-25.46226],[-66.51855,-25.44033],[-66.5371,-25.37248],[-66.58707,-25.37284],[-66.5998,-25.36225],[-66.56106,-25.30013]]]},"properties":{"fid":164,"Entidad":0,"Objeto":"Departamento","FNA":"Departamento Antofagasta de la Sierra","GNA":"Departamento","NAM":"Antofagasta de la Sierra","SAG":"IDE Catamarca","FDC":null,"IN1":"10028","SHAPE_STAr":2.53313508614,"SHAPE_STLe":7.96605260421}},{"type":"Feature","geometry":{"type":"Polygon","coordinates":[[[-66.85259,-25.91716],[-66.92103,-25.94295],[-66.906,-25.99113],[-66.8729,-26.00116],[-66.82071,-26.07387],[-66.84052,-26.0934],[-66.83776,-26.10858],[-66.90684,-26.11537],[-66.922,-26.09812],[-66.96426,-26.13424],[-66.96607,-26.16318],[-67.00122,-26.22847],[-66.99492,-26.24931],[-67.00956,-26.3055],[-67.03503,-26.32845],[-67.03172,-26.39253],[-67.05898,-26.3918],[-67.04348,-26.41578],[-67.0434,-26.45765],[-67.0681,-26.57558],[-67.07823,-26.57739],[-67.08773,-26.60962],[-67.10871,-26.60306],[-67.13729,-26.62539],[-67.15866,-26.62163],[-67.18091,-26.66496],[-67.20068,-26.66314],[-67.224,-26.68511],[-67.28028,-26.69211],[-67.28383,-26.70207],[-67.22446,-26.7376],[-67.1473,-26.83621],[-67.17642,-26.87817],[-67.20087,-26.88416],[-67.20377,-26.91943],[-67.21379,-26.92702],[-67.22889,-26.91917],[-67.24909,-26.9428],[-67.24891,-26.97418],[-67.27385,-26.99687],[-67.27624,-27.04614],[-67.29326,-27.08121],[-67.28081,-27.10117],[-67.28094,-27.13881],[-67.26278,-27.16462],[-67.2733,-27.17128],[-67.26497,-27.22833],[-67.27984,-27.23212],[-67.27197,-27.25913],[-67.28497,-27.26535],[-67.2921,-27.30459],[-67.25605,-27.34753],[-67.30711,-27.37403],[-67.28285,-27.39663],[-67.30099,-27.3998],[-67.29732,-27.43866],[-67.23754,-27.46547],[-67.31588,-27.57531],[-67.32725,-27.63116],[-67.3586,-27.68435],[-67.33718,-27.68464],[-67.29201,-27.73249],[-67.31523,-27.77801],[-67.34579,-27.79134],[-67.36134,-27.82735],[-67.35212,-27.91973],[-67.32612,-27.91178],[-67.34098,-27.93993],[-67.34876,-28.03141],[-67.32494,-28.05397],[-67.3018,-28.03903],[-67.26289,-28.05223],[-67.22953,-28.02855],[-66.84527,-28.03298],[-66.74117,-28.03338],[-66.74094,-28.01751],[-66.73945,-27.78777],[-66.77139,-27.7584],[-66.74896,-27.74336],[-66.73455,-27.71057],[-66.71127,-27.70161],[-66.72389,-27.68367],[-66.71568,-27.68696],[-66.71511,-27.67051],[-66.74368,-27.63861],[-66.70234,-27.57802],[-66.73611,-27.549],[-66.68184,-27.50304],[-66.65027,-27.49253],[-66.6328,-27.43439],[-66.60433,-27.40601],[-66.63043,-27.38452],[-66.63161,-27.3675],[-66.61509,-27.35489],[-66.62971,-27.33301],[-66.61358,-27.31233],[-66.6297,-27.29777],[-66.61916,-27.2908],[-66.62412,-27.27901],[-66.55518,-27.24562],[-66.53765,-27.25186],[-66.58756,-27.09485],[-66.61946,-27.02868],[-66.57915,-26.97755],[-66.57685,-26.94198],[-66.58927,-26.92764],[-66.57659,-26.8961],[-66.61157,-26.8682],[-66.61732,-26.84376],[-66.60204,-26.8312],[-66.6547,-26.78074],[-66.64628,-26.77557],[-66.66057,-26.77119],[-66.67024,-26.74448],[-66.65318,-26.73696],[-66.65999,-26.72716],[-66.64848,-26.71629],[-66.61665,-26.72566],[-66.60475,-26.70935],[-66.61714,-26.69479],[-66.61041,-26.67907],[-66.58422,-26.68328],[-66.5948,-26.66928],[-66.57943,-26.58042],[-66.57273,-26.5593],[-66.55362,-26.55493],[-66.55182,-26.53445],[-66.51148,-26.52596],[-66.4776,-26.54839],[-66.46259,-26.53266],[-66.45929,-26.51677],[-66.48301,-26.49493],[-66.45589,-26.44014],[-66.44943,-26.37299],[-66.4775,-26.35934],[-66.50629,-26.36508],[-66.53988,-26.35316],[-66.55947,-26.28858],[-66.50768,-26.27303],[-66.53056,-26.27287],[-66.56824,-26.24984],[-66.57679,-26.17288],[-66.66115,-26.10618],[-66.66087,-26.07665],[-66.7246,-26.0755],[-66.75968,-26.0491],[-66.78114,-26.04687],[-66.78107,-26.03293],[-66.80515,-26.01875],[-66.84346,-25.97734],[-66.85259,-25.91716]]]},"properties":{"fid":132,"Entidad":0,"Objeto":"Departamento","FNA":"Departamento Belén","GNA":"Departamento","NAM":"Belén","SAG":"IDE Catamarca","FDC":null,"IN1":"10035","SHAPE_STAr":1.15099701748,"SHAPE_STLe":7.35570548585}},{"type":"Feature","geometry":{"type":"Polygon","coordinates":[[[-66.00156,-25.31137],[-66.01983,-25.29171],[-66.23045,-25.25479],[-66.247,-25.22972],[-66.244,-25.21112],[-66.28085,-25.1811],[-66.30874,-25.17566],[-66.32821,-25.14648],[-66.3565,-25.14852],[-66.35082,-25.18505],[-66.37963,-25.18638],[-66.40663,-25.15634],[-66.3999,-25.12775],[-66.4218,-25.13469],[-66.46047,-25.11882],[-66.50842,-25.12786],[-66.57842,-25.10136],[-66.6257,-25.106],[-66.62065,-25.14217],[-66.55744,-25.17096],[-66.53731,-25.20312],[-66.55159,-25.2275],[-66.53705,-25.26564],[-66.56106,-25.30013],[-66.5998,-25.36225],[-66.58707,-25.37284],[-66.5371,-25.37248],[-66.51855,-25.44033],[-66.53525,-25.46226],[-66.5321,-25.50062],[-66.54281,-25.52239],[-66.53456,-25.53651],[-66.57277,-25.58672],[-66.5639,-25.62176],[-66.60646,-25.62867],[-66.63305,-25.66206],[-66.64858,-25.71203],[-66.79901,-25.69879],[-66.84333,-25.71263],[-66.87357,-25.76619],[-66.85618,-25.77414],[-66.84757,-25.79627],[-66.83926,-25.88066],[-66.85259,-25.91716],[-66.84346,-25.97734],[-66.80515,-26.01875],[-66.59539,-25.90442],[-66.37165,-25.98805],[-66.38237,-25.93525],[-66.36213,-25.88347],[-66.33243,-25.8666],[-66.34803,-25.78582],[-66.32836,-25.75747],[-66.3199,-25.65936],[-66.3412,-25.6346],[-66.349,-25.56809],[-66.30839,-25.55871],[-66.29637,-25.53603],[-66.30377,-25.51085],[-66.27706,-25.49571],[-66.23786,-25.48194],[-66.19088,-25.48212],[-66.14039,-25.45441],[-66.02644,-25.45215],[-66.00156,-25.31137]]]},"properties":{"fid":48,"Entidad":0,"Objeto":"Departamento","FNA":"Departamento Molinos","GNA":"Departamento","NAM":"Molinos","SAG":"IDE Salta","FDC":null,"IN1":"66119","SHAPE_STAr":0.3338572621,"SHAPE_STLe":3.74568166112}},{"type":"Feature","geometry":{"type":"Polygon","coordinates":[[[-65.79192,-25.30531],[-65.81722,-25.30117],[-65.82811,-25.28611],[-65.82273,-25.26148],[-65.83805,-25.19738],[-65.85743,-25.1836],[-65.86714,-25.24198],[-65.94599,-25.2437],[-65.95392,-25.28317],[-66.00156,-25.31137],[-66.02644,-25.45215],[-66.14039,-25.45441],[-66.19088,-25.48212],[-66.23786,-25.48194],[-66.27706,-25.49571],[-66.30377,-25.51085],[-66.29637,-25.53603],[-66.30839,-25.55871],[-66.349,-25.56809],[-66.3412,-25.6346],[-66.3199,-25.65936],[-66.32836,-25.75747],[-66.34803,-25.78582],[-66.33243,-25.8666],[-66.36213,-25.88347],[-66.38237,-25.93525],[-66.37165,-25.98805],[-66.59539,-25.90442],[-66.80515,-26.01875],[-66.78107,-26.03293],[-66.78114,-26.04687],[-66.75968,-26.0491],[-66.7246,-26.0755],[-66.66087,-26.07665],[-66.66115,-26.10618],[-66.57679,-26.17288],[-66.56824,-26.24984],[-66.53056,-26.27287],[-66.50768,-26.27303],[-66.55947,-26.28858],[-66.53988,-26.35316],[-66.50629,-26.36508],[-66.4775,-26.35934],[-66.44943,-26.37299],[-66.37477,-26.41264],[-66.36239,-26.36267],[-66.30196,-26.2707],[-66.29296,-26.22931],[-66.23057,-26.14923],[-66.20535,-26.13257],[-66.18142,-26.13431],[-66.16631,-26.11546],[-66.15984,-26.04365],[-66.13953,-26.04979],[-66.12316,-26.03334],[-66.04748,-26.0163],[-65.85502,-26.02589],[-65.86912,-26.00154],[-65.86586,-25.98225],[-65.84101,-25.97869],[-65.79427,-25.9363],[-65.80684,-25.9133],[-65.79737,-25.882],[-65.79596,-25.78274],[-65.87089,-25.77701],[-65.84406,-25.74927],[-65.85236,-25.69803],[-65.84132,-25.67011],[-65.80492,-25.63687],[-65.76992,-25.64862],[-65.76326,-25.60838],[-65.7768,-25.5736],[-65.7503,-25.55489],[-65.7499,-25.50141],[-65.78153,-25.46174],[-65.77892,-25.39008],[-65.79741,-25.34349],[-65.79192,-25.30531]]]},"properties":{"fid":52,"Entidad":0,"Objeto":"Departamento","FNA":"Departamento San Carlos","GNA":"Departamento","NAM":"San Carlos","SAG":"IDE Salta","FDC":null,"IN1":"66154","SHAPE_STAr":0.498039107816,"SHAPE_STLe":4.62064833484}},{"type":"Feature","geometry":{"type":"Polygon","coordinates":[[[-66.13408,-27.24754],[-66.19407,-27.21701],[-66.25514,-27.1515],[-66.36768,-27.19871],[-66.45145,-27.13065],[-66.58756,-27.09485],[-66.53765,-27.25186],[-66.55518,-27.24562],[-66.62412,-27.27901],[-66.61916,-27.2908],[-66.6297,-27.29777],[-66.61358,-27.31233],[-66.62971,-27.33301],[-66.61509,-27.35489],[-66.63161,-27.3675],[-66.63043,-27.38452],[-66.60433,-27.40601],[-66.6328,-27.43439],[-66.65027,-27.49253],[-66.68184,-27.50304],[-66.73611,-27.549],[-66.70234,-27.57802],[-66.74368,-27.63861],[-66.71511,-27.67051],[-66.71568,-27.68696],[-66.72389,-27.68367],[-66.71127,-27.70161],[-66.73455,-27.71057],[-66.74896,-27.74336],[-66.77139,-27.7584],[-66.73945,-27.78777],[-66.74094,-28.01751],[-66.49192,-28.01883],[-66.38519,-27.86716],[-66.26542,-27.86729],[-66.25403,-27.82227],[-66.18369,-27.82736],[-66.15189,-27.80815],[-66.10625,-27.80242],[-66.0834,-27.78044],[-66.04349,-27.7553],[-66.03259,-27.77687],[-65.98367,-27.75367],[-65.98788,-27.72362],[-65.97137,-27.7189],[-65.98253,-27.70544],[-65.96983,-27.68194],[-65.97364,-27.63744],[-65.94252,-27.6283],[-65.93978,-27.61668],[-65.97573,-27.49351],[-65.96853,-27.42904],[-65.96753,-27.39907],[-65.97309,-27.33162],[-66.02751,-27.29875],[-66.13575,-27.26422],[-66.13408,-27.24754]]]},"properties":{"fid":308,"Entidad":0,"Objeto":"Departamento","FNA":"Departamento Andalgalá","GNA":"Departamento","NAM":"Andalgalá","SAG":"IDE Catamarca","FDC":null,"IN1":"10021","SHAPE_STAr":0.496985542138,"SHAPE_STLe":3.68408847476}},{"type":"Feature","geometry":{"type":"Polygon","coordinates":[[[-65.80902,-22.07033],[-65.92478,-21.93355],[-66.04817,-21.91902],[-66.04328,-21.87194],[-66.07631,-21.83498],[-66.22174,-21.78113],[-66.24269,-21.79331],[-66.23593,-21.85232],[-66.28348,-21.98357],[-66.27756,-22.02298],[-66.29239,-22.03461],[-66.29186,-22.0517],[-66.28358,-22.05043],[-66.2931,-22.06282],[-66.28415,-22.06788],[-66.2886,-22.08695],[-66.30769,-22.09478],[-66.32535,-22.08845],[-66.33164,-22.1186],[-66.34778,-22.12003],[-66.35228,-22.13184],[-66.62317,-22.19738],[-66.63825,-22.22549],[-66.68625,-22.20954],[-66.73928,-22.23846],[-66.7664,-22.35775],[-66.73432,-22.38037],[-66.68159,-22.37781],[-66.57052,-22.42023],[-66.49262,-22.37644],[-66.464,-22.31195],[-66.41403,-22.24645],[-66.40908,-22.27094],[-66.34981,-22.28234],[-66.31933,-22.32558],[-66.05948,-22.25844],[-66.02287,-22.28015],[-65.9861,-22.40335],[-65.97012,-22.2961],[-65.9471,-22.24594],[-65.95912,-22.19397],[-65.94879,-22.18407],[-65.92442,-22.20352],[-65.90373,-22.19544],[-65.85865,-22.20699],[-65.82528,-22.18773],[-65.80902,-22.07033]]]},"properties":{"fid":360,"Entidad":0,"Objeto":"Departamento","FNA":"Departamento Santa Catalina","GNA":"Departamento","NAM":"Santa Catalina","SAG":"Direc. Grl. de Inmuebles","FDC":null,"IN1":"38077","SHAPE_STAr":0.256990959311,"SHAPE_STLe":3.31104729846}},{"type":"Feature","geometry":{"type":"Polygon","coordinates":[[[-66.18142,-26.13431],[-66.20535,-26.13257],[-66.23057,-26.14923],[-66.29296,-26.22931],[-66.30196,-26.2707],[-66.36239,-26.36267],[-66.37477,-26.41264],[-66.44943,-26.37299],[-66.45589,-26.44014],[-66.48301,-26.49493],[-66.45929,-26.51677],[-66.46259,-26.53266],[-66.4776,-26.54839],[-66.51148,-26.52596],[-66.55182,-26.53445],[-66.55362,-26.55493],[-66.57273,-26.5593],[-66.57943,-26.58042],[-66.5948,-26.66928],[-66.58422,-26.68328],[-66.61041,-26.67907],[-66.61714,-26.69479],[-66.60475,-26.70935],[-66.61665,-26.72566],[-66.64848,-26.71629],[-66.65999,-26.72716],[-66.65318,-26.73696],[-66.67024,-26.74448],[-66.66057,-26.77119],[-66.64628,-26.77557],[-66.6547,-26.78074],[-66.60204,-26.8312],[-66.61732,-26.84376],[-66.61157,-26.8682],[-66.57659,-26.8961],[-66.58927,-26.92764],[-66.57685,-26.94198],[-66.57915,-26.97755],[-66.61946,-27.02868],[-66.58756,-27.09485],[-66.45145,-27.13065],[-66.36768,-27.19871],[-66.25514,-27.1515],[-66.19407,-27.21701],[-66.13408,-27.24754],[-66.11031,-27.21579],[-66.07791,-27.20919],[-66.08242,-27.19834],[-66.03735,-27.12622],[-65.98822,-27.10312],[-65.97287,-27.05403],[-65.96431,-27.0331],[-65.91712,-27.01488],[-65.9138,-26.98264],[-65.88983,-26.96978],[-65.87489,-26.93291],[-65.85779,-26.9292],[-65.85717,-26.90424],[-65.90048,-26.86379],[-65.87442,-26.81822],[-65.88145,-26.80617],[-65.86585,-26.7955],[-65.85386,-26.75966],[-65.83183,-26.74993],[-65.83266,-26.73792],[-66.04219,-26.60037],[-66.17231,-26.62895],[-66.16446,-26.5026],[-66.17766,-26.47167],[-66.15484,-26.44367],[-66.15577,-26.39731],[-66.11913,-26.37697],[-66.12115,-26.27608],[-66.09814,-26.25158],[-66.09976,-26.22049],[-66.15597,-26.14459],[-66.18142,-26.13431]]]},"properties":{"fid":72,"Entidad":0,"Objeto":"Departamento","FNA":"Departamento Santa María","GNA":"Departamento","NAM":"Santa María","SAG":"IDE Catamarca","FDC":null,"IN1":"10091","SHAPE_STAr":0.499749577296,"SHAPE_STLe":3.93003585222}},{"type":"Feature","geometry":{"type":"Polygon","coordinates":[[[-65.85396,-25.07102],[-65.89234,-25.02001],[-65.88735,-24.93919],[-65.93608,-24.94025],[-65.9554,-24.91849],[-66.00456,-24.76554],[-66.02552,-24.75313],[-66.11588,-24.74152],[-66.11954,-24.75457],[-66.09717,-24.79378],[-66.10762,-24.86322],[-66.09414,-24.89765],[-66.12869,-24.92973],[-66.18911,-24.93728],[-66.26071,-24.85701],[-66.32983,-24.86269],[-66.35093,-24.84899],[-66.38679,-24.84609],[-66.40399,-24.82356],[-66.41176,-24.81258],[-66.52497,-24.84466],[-66.55599,-24.87101],[-66.59635,-24.93681],[-66.59333,-24.99694],[-66.61498,-25.01935],[-66.62363,-25.05022],[-66.60901,-25.0632],[-66.6257,-25.106],[-66.57842,-25.10136],[-66.50842,-25.12786],[-66.46047,-25.11882],[-66.4218,-25.13469],[-66.3999,-25.12775],[-66.40663,-25.15634],[-66.37963,-25.18638],[-66.35082,-25.18505],[-66.3565,-25.14852],[-66.32821,-25.14648],[-66.30874,-25.17566],[-66.28085,-25.1811],[-66.244,-25.21112],[-66.247,-25.22972],[-66.23045,-25.25479],[-66.01983,-25.29171],[-66.00156,-25.31137],[-65.95392,-25.28317],[-65.94599,-25.2437],[-65.86714,-25.24198],[-65.85743,-25.1836],[-65.88922,-25.15935],[-65.86236,-25.14543],[-65.85667,-25.13041],[-65.83408,-25.1265],[-65.85396,-25.07102]]]},"properties":{"fid":43,"Entidad":0,"Objeto":"Departamento","FNA":"Departamento Cachi","GNA":"Departamento","NAM":"Cachi","SAG":"IDE Salta","FDC":null,"IN1":"66014","SHAPE_STAr":0.254670721239,"SHAPE_STLe":2.79733604236}},{"type":"Feature","geometry":{"type":"Polygon","coordinates":[[[-65.75281,-24.05804],[-65.78663,-24.05538],[-65.80452,-24.03302],[-65.86737,-24.00333],[-65.94755,-24.00716],[-65.94163,-23.97949],[-66.00782,-24.00215],[-66.03575,-23.99556],[-66.02307,-24.04213],[-66.03302,-24.07754],[-66.10594,-24.1477],[-66.09983,-24.23065],[-66.11255,-24.25331],[-66.14158,-24.27123],[-66.15553,-24.30914],[-66.14992,-24.35401],[-66.19356,-24.43323],[-66.15087,-24.43081],[-66.12799,-24.4956],[-66.13731,-24.52746],[-66.12163,-24.59735],[-66.12824,-24.67522],[-66.11588,-24.74152],[-66.02552,-24.75313],[-66.00456,-24.76554],[-65.9554,-24.91849],[-65.93608,-24.94025],[-65.88735,-24.93919],[-65.89234,-25.02001],[-65.85396,-25.07102],[-65.82197,-25.07993],[-65.77809,-25.07103],[-65.74006,-25.10205],[-65.71329,-25.09126],[-65.69169,-25.05475],[-65.66706,-25.0547],[-65.61345,-25.02034],[-65.53171,-25.0269],[-65.51491,-24.98823],[-65.54086,-24.96598],[-65.52043,-24.93499],[-65.54671,-24.90252],[-65.54187,-24.87918],[-65.5143,-24.87631],[-65.5206,-24.84547],[-65.53608,-24.84449],[-65.5451,-24.81491],[-65.56081,-24.82134],[-65.59943,-24.80645],[-65.58136,-24.64455],[-65.58233,-24.57374],[-65.62714,-24.55835],[-65.634,-24.5347],[-65.66077,-24.52891],[-65.6579,-24.37211],[-65.65591,-24.3551],[-65.68269,-24.30772],[-65.67247,-24.2487],[-65.72502,-24.186],[-65.71543,-24.16694],[-65.73077,-24.14421],[-65.72086,-24.10934],[-65.75281,-24.05804]]]},"properties":{"fid":356,"Entidad":0,"Objeto":"Departamento","FNA":"Departamento Rosario de Lerma","GNA":"Departamento","NAM":"Rosario de Lerma","SAG":"IDE Salta","FDC":null,"IN1":"66147","SHAPE_STAr":0.457696025669,"SHAPE_STLe":3.48785679364}},{"type":"Feature","geometry":{"type":"Polygon","coordinates":[[[-65.72622,-25.87282],[-65.74953,-25.86686],[-65.79737,-25.882],[-65.80684,-25.9133],[-65.79427,-25.9363],[-65.84101,-25.97869],[-65.86586,-25.98225],[-65.86912,-26.00154],[-65.85502,-26.02589],[-66.04748,-26.0163],[-66.12316,-26.03334],[-66.13953,-26.04979],[-66.15984,-26.04365],[-66.16631,-26.11546],[-66.18142,-26.13431],[-66.15597,-26.14459],[-66.09976,-26.22049],[-66.04011,-26.2509],[-65.71902,-26.35271],[-65.71145,-26.3287],[-65.72303,-26.31271],[-65.70718,-26.29744],[-65.72275,-26.2798],[-65.70283,-26.24164],[-65.7119,-26.20836],[-65.69519,-26.18587],[-65.68851,-26.11726],[-65.66183,-26.05773],[-65.63656,-26.03845],[-65.61732,-26.0021],[-65.6198,-25.97104],[-65.75486,-25.9556],[-65.72306,-25.93504],[-65.71511,-25.90522],[-65.72622,-25.87282]]]},"properties":{"fid":293,"Entidad":0,"Objeto":"Departamento","FNA":"Departamento Cafayate","GNA":"Departamento","NAM":"Cafayate","SAG":"IDE Salta","FDC":null,"IN1":"66021","SHAPE_STAr":0.139969132775,"SHAPE_STLe":1.97724334941}},{"type":"Feature","geometry":{"type":"Polygon","coordinates":[[[-65.80642,-27.81634],[-65.82069,-27.82035],[-65.83231,-27.85119],[-65.82884,-27.81417],[-65.86549,-27.68901],[-65.87542,-27.67247],[-65.9154,-27.66914],[-65.93978,-27.61668],[-65.94252,-27.6283],[-65.97364,-27.63744],[-65.96983,-27.68194],[-65.98253,-27.70544],[-65.97137,-27.7189],[-65.98788,-27.72362],[-65.98367,-27.75367],[-66.03259,-27.77687],[-66.04349,-27.7553],[-66.0834,-27.78044],[-66.086,-27.82345],[-66.06933,-27.8353],[-66.04905,-27.90275],[-66.09578,-27.97414],[-66.07881,-27.97972],[-66.08673,-28.01256],[-66.04157,-28.10012],[-66.04524,-28.12452],[-66.02891,-28.13405],[-66.03942,-28.17318],[-66.02207,-28.19792],[-66.05514,-28.30945],[-66.04263,-28.35147],[-65.98423,-28.34962],[-65.95095,-28.33554],[-65.8932,-28.32892],[-65.88692,-28.31814],[-65.87585,-28.33257],[-65.81434,-28.26228],[-65.79718,-28.2445],[-65.75305,-28.24719],[-65.7292,-28.23118],[-65.74884,-28.17883],[-65.7556,-28.10037],[-65.79083,-28.04741],[-65.79059,-28.03165],[-65.7657,-28.02126],[-65.76544,-28.00795],[-65.7839,-27.9234],[-65.80697,-27.88102],[-65.80642,-27.81634]]]},"properties":{"fid":309,"Entidad":0,"Objeto":"Departamento","FNA":"Departamento Ambato","GNA":"Departamento","NAM":"Ambato","SAG":"IDE Catamarca","FDC":null,"IN1":"10007","SHAPE_STAr":0.166971604502,"SHAPE_STLe":2.49288070753}},{"type":"Feature","geometry":{"type":"Polygon","coordinates":[[[-65.18657,-22.08535],[-65.48743,-22.09499],[-65.57387,-22.0761],[-65.58642,-22.09786],[-65.67508,-22.11137],[-65.71492,-22.09735],[-65.74787,-22.10928],[-65.80902,-22.07033],[-65.82528,-22.18773],[-65.85865,-22.20699],[-65.90373,-22.19544],[-65.92442,-22.20352],[-65.94879,-22.18407],[-65.95912,-22.19397],[-65.9471,-22.24594],[-65.97012,-22.2961],[-65.9861,-22.40335],[-65.82848,-22.43867],[-65.54731,-22.47952],[-65.50771,-22.52587],[-65.44637,-22.55496],[-65.34864,-22.55118],[-65.34541,-22.52841],[-65.30569,-22.46662],[-65.2947,-22.41949],[-65.28172,-22.41343],[-65.2846,-22.39032],[-65.26273,-22.33826],[-65.22678,-22.32067],[-65.2403,-22.27925],[-65.22048,-22.16959],[-65.21379,-22.15001],[-65.19406,-22.14473],[-65.18657,-22.08535]]]},"properties":{"fid":359,"Entidad":0,"Objeto":"Departamento","FNA":"Departamento Yavi","GNA":"Departamento","NAM":"Yavi","SAG":"Direc. Grl. de Inmuebles","FDC":null,"IN1":"38112","SHAPE_STAr":0.263430917625,"SHAPE_STLe":2.53799872078}},{"type":"Feature","geometry":{"type":"Polygon","coordinates":[[[-65.53171,-25.0269],[-65.61345,-25.02034],[-65.66706,-25.0547],[-65.69169,-25.05475],[-65.71329,-25.09126],[-65.74006,-25.10205],[-65.77809,-25.07103],[-65.82197,-25.07993],[-65.85396,-25.07102],[-65.83408,-25.1265],[-65.85667,-25.13041],[-65.86236,-25.14543],[-65.88922,-25.15935],[-65.85743,-25.1836],[-65.83805,-25.19738],[-65.82273,-25.26148],[-65.82811,-25.28611],[-65.81722,-25.30117],[-65.79192,-25.30531],[-65.74823,-25.31782],[-65.72143,-25.25204],[-65.67147,-25.26918],[-65.6469,-25.24298],[-65.60759,-25.23442],[-65.60386,-25.20346],[-65.57467,-25.16942],[-65.56979,-25.2017],[-65.54952,-25.21075],[-65.42806,-25.18851],[-65.42155,-25.15836],[-65.3696,-25.21669],[-65.27118,-25.22177],[-65.27881,-25.19158],[-65.25805,-25.16157],[-65.28728,-25.15486],[-65.35695,-25.0983],[-65.36937,-25.07447],[-65.3871,-25.07873],[-65.39371,-25.0992],[-65.46786,-25.06121],[-65.48323,-25.04231],[-65.53171,-25.0269]]]},"properties":{"fid":44,"Entidad":0,"Objeto":"Departamento","FNA":"Departamento Chicoana","GNA":"Departamento","NAM":"Chicoana","SAG":"IDE Salta","FDC":null,"IN1":"66042","SHAPE_STAr":0.0943290857615,"SHAPE_STLe":1.94788180688}},{"type":"Feature","geometry":{"type":"Polygon","coordinates":[[[-65.27118,-25.22177],[-65.3696,-25.21669],[-65.42155,-25.15836],[-65.42806,-25.18851],[-65.54952,-25.21075],[-65.56979,-25.2017],[-65.57467,-25.16942],[-65.60386,-25.20346],[-65.60759,-25.23442],[-65.6469,-25.24298],[-65.67147,-25.26918],[-65.72143,-25.25204],[-65.74823,-25.31782],[-65.79192,-25.30531],[-65.79741,-25.34349],[-65.77892,-25.39008],[-65.78153,-25.46174],[-65.7499,-25.50141],[-65.7503,-25.55489],[-65.7768,-25.5736],[-65.76326,-25.60838],[-65.76992,-25.64862],[-65.80492,-25.63687],[-65.84132,-25.67011],[-65.85236,-25.69803],[-65.84406,-25.74927],[-65.87089,-25.77701],[-65.79596,-25.78274],[-65.79737,-25.882],[-65.74953,-25.86686],[-65.72622,-25.87282],[-65.70046,-25.86902],[-65.70427,-25.82747],[-65.68712,-25.79277],[-65.68331,-25.76378],[-65.69967,-25.70597],[-65.64907,-25.63157],[-65.61914,-25.63006],[-65.602,-25.60451],[-65.57777,-25.5943],[-65.5142,-25.49115],[-65.49174,-25.47556],[-65.47503,-25.3981],[-65.45821,-25.38763],[-65.4132,-25.29992],[-65.39507,-25.28475],[-65.34012,-25.29745],[-65.34673,-25.41541],[-65.33563,-25.42692],[-65.18657,-25.40954],[-65.18085,-25.38869],[-65.15924,-25.37528],[-65.17616,-25.30078],[-65.25263,-25.27839],[-65.29859,-25.29882],[-65.27842,-25.25806],[-65.28769,-25.24025],[-65.27118,-25.22177]]]},"properties":{"fid":45,"Entidad":0,"Objeto":"Departamento","FNA":"Departamento La Viña","GNA":"Departamento","NAM":"La Viña","SAG":"IDE Salta","FDC":null,"IN1":"66098","SHAPE_STAr":0.179898342007,"SHAPE_STLe":3.26996021454}},{"type":"Feature","geometry":{"type":"Polygon","coordinates":[[[-65.18657,-25.40954],[-65.33563,-25.42692],[-65.34673,-25.41541],[-65.34012,-25.29745],[-65.39507,-25.28475],[-65.4132,-25.29992],[-65.45821,-25.38763],[-65.47503,-25.3981],[-65.49174,-25.47556],[-65.5142,-25.49115],[-65.57777,-25.5943],[-65.602,-25.60451],[-65.61914,-25.63006],[-65.64907,-25.63157],[-65.69967,-25.70597],[-65.68331,-25.76378],[-65.68712,-25.79277],[-65.70427,-25.82747],[-65.70046,-25.86902],[-65.72622,-25.87282],[-65.71511,-25.90522],[-65.72306,-25.93504],[-65.75486,-25.9556],[-65.6198,-25.97104],[-65.61732,-26.0021],[-65.63656,-26.03845],[-65.66183,-26.05773],[-65.68851,-26.11726],[-65.64006,-26.11104],[-65.61363,-26.12347],[-65.55159,-26.08779],[-65.56301,-26.08935],[-65.56327,-26.07837],[-65.54921,-26.03715],[-65.53053,-26.04525],[-65.53063,-26.0207],[-65.47033,-26.01496],[-65.44224,-25.95773],[-65.38796,-25.94691],[-65.35661,-25.90238],[-65.36032,-25.88444],[-65.2984,-25.85984],[-65.27836,-25.80763],[-65.29029,-25.77476],[-65.25896,-25.77608],[-65.23947,-25.712],[-65.19663,-25.69033],[-65.17055,-25.65212],[-65.16397,-25.61947],[-65.13407,-25.62095],[-65.16412,-25.58771],[-65.14933,-25.53779],[-65.16338,-25.51772],[-65.15375,-25.49884],[-65.16632,-25.48119],[-65.16365,-25.4433],[-65.17981,-25.43498],[-65.18657,-25.40954]]]},"properties":{"fid":290,"Entidad":0,"Objeto":"Departamento","FNA":"Departamento Guachipas","GNA":"Departamento","NAM":"Guachipas","SAG":"IDE Salta","FDC":null,"IN1":"66063","SHAPE_STAr":0.250892911122,"SHAPE_STLe":2.91897871639}},{"type":"Feature","geometry":{"type":"Polygon","coordinates":[[[-65.06797,-23.04495],[-65.13376,-23.00188],[-65.18891,-22.99815],[-65.18748,-22.9718],[-65.2017,-22.96924],[-65.19902,-22.95806],[-65.21824,-22.95895],[-65.25169,-22.92796],[-65.24923,-22.89048],[-65.26279,-22.874],[-65.27423,-22.79011],[-65.30199,-22.76502],[-65.30606,-22.7304],[-65.27166,-22.64823],[-65.34471,-22.60638],[-65.41052,-22.74469],[-65.443,-22.76308],[-65.50765,-22.76534],[-65.52235,-22.825],[-65.57749,-22.8612],[-65.6061,-22.91877],[-65.67272,-22.95518],[-65.69336,-22.9936],[-65.70311,-23.06501],[-65.69254,-23.08678],[-65.71881,-23.14066],[-65.72036,-23.2009],[-65.73633,-23.22901],[-65.72113,-23.27357],[-65.74395,-23.31431],[-65.73089,-23.35457],[-65.74272,-23.41258],[-65.68989,-23.37579],[-65.52615,-23.31175],[-65.49012,-23.32753],[-65.43605,-23.33213],[-65.39567,-23.36752],[-65.36116,-23.37155],[-65.33872,-23.39106],[-65.1789,-23.31971],[-65.12177,-23.26177],[-65.08449,-23.19709],[-65.06969,-23.19949],[-65.04502,-23.15574],[-65.0717,-23.13765],[-65.06221,-23.11878],[-65.06797,-23.04495]]]},"properties":{"fid":358,"Entidad":0,"Objeto":"Departamento","FNA":"Departamento Humahuaca","GNA":"Departamento","NAM":"Humahuaca","SAG":"Direc. Grl. de Inmuebles","FDC":null,"IN1":"38028","SHAPE_STAr":0.311180910096,"SHAPE_STLe":2.75359067502}},{"type":"Feature","geometry":{"type":"Polygon","coordinates":[[[-65.23496,-24.27673],[-65.34579,-24.25499],[-65.37963,-24.2777],[-65.44591,-24.2692],[-65.4881,-24.29572],[-65.57547,-24.29443],[-65.62835,-24.27778],[-65.67247,-24.2487],[-65.68269,-24.30772],[-65.65591,-24.3551],[-65.6579,-24.37211],[-65.62136,-24.38177],[-65.60015,-24.41704],[-65.57127,-24.42225],[-65.54042,-24.45152],[-65.52042,-24.44632],[-65.50633,-24.45542],[-65.50436,-24.43809],[-65.48804,-24.42756],[-65.46429,-24.43058],[-65.43466,-24.46218],[-65.42529,-24.45045],[-65.35737,-24.4625],[-65.35065,-24.42904],[-65.36793,-24.41098],[-65.35719,-24.38304],[-65.26941,-24.36202],[-65.26949,-24.31383],[-65.14063,-24.33221],[-65.1787,-24.27835],[-65.20384,-24.28647],[-65.23496,-24.27673]]]},"properties":{"fid":306,"Entidad":0,"Objeto":"Departamento","FNA":"Departamento San Antonio","GNA":"Departamento","NAM":"San Antonio","SAG":"Direc. Grl. de Inmuebles","FDC":null,"IN1":"38056","SHAPE_STAr":0.0615953855785,"SHAPE_STLe":1.58754001279}},{"type":"Feature","geometry":{"type":"Polygon","coordinates":[[[-65.35737,-24.4625],[-65.42529,-24.45045],[-65.43466,-24.46218],[-65.46429,-24.43058],[-65.48804,-24.42756],[-65.50436,-24.43809],[-65.50633,-24.45542],[-65.52042,-24.44632],[-65.54042,-24.45152],[-65.57127,-24.42225],[-65.60015,-24.41704],[-65.62136,-24.38177],[-65.6579,-24.37211],[-65.66077,-24.52891],[-65.634,-24.5347],[-65.62714,-24.55835],[-65.58233,-24.57374],[-65.58136,-24.64455],[-65.45049,-24.71247],[-65.34259,-24.72162],[-65.25855,-24.71042],[-65.22012,-24.71597],[-65.22248,-24.70539],[-65.2747,-24.67742],[-65.27666,-24.62873],[-65.26144,-24.59828],[-65.19973,-24.58536],[-65.21017,-24.54363],[-65.1549,-24.48804],[-65.20058,-24.45986],[-65.22982,-24.46926],[-65.22927,-24.48622],[-65.31731,-24.50234],[-65.35354,-24.49092],[-65.35737,-24.4625]]]},"properties":{"fid":118,"Entidad":0,"Objeto":"Departamento","FNA":"Departamento La Caldera","GNA":"Departamento","NAM":"La Caldera","SAG":"IDE Salta","FDC":null,"IN1":"66077","SHAPE_STAr":0.0973111778778,"SHAPE_STLe":1.78915086489}},{"type":"Feature","geometry":{"type":"Polygon","coordinates":[[[-65.22012,-24.71597],[-65.25855,-24.71042],[-65.34259,-24.72162],[-65.45049,-24.71247],[-65.58136,-24.64455],[-65.59943,-24.80645],[-65.56081,-24.82134],[-65.5451,-24.81491],[-65.53608,-24.84449],[-65.5206,-24.84547],[-65.5143,-24.87631],[-65.39335,-24.85038],[-65.34369,-24.86091],[-65.35052,-24.90704],[-65.31701,-24.95119],[-65.32355,-25.00042],[-65.30372,-25.03246],[-65.30569,-25.06016],[-65.28038,-25.07332],[-65.26641,-25.10684],[-65.24455,-25.11539],[-65.22766,-25.14277],[-65.22873,-25.15546],[-65.25805,-25.16157],[-65.27881,-25.19158],[-65.27118,-25.22177],[-65.28769,-25.24025],[-65.27842,-25.25806],[-65.29859,-25.29882],[-65.25263,-25.27839],[-65.21425,-25.2394],[-65.19235,-25.1855],[-65.1694,-25.17561],[-65.15615,-25.11228],[-65.08187,-25.10029],[-65.06547,-24.9991],[-65.09708,-24.97694],[-65.09613,-24.91431],[-65.08127,-24.88327],[-65.05329,-24.86561],[-65.03664,-24.81402],[-65.01677,-24.80999],[-65.08101,-24.7477],[-65.09419,-24.7155],[-65.1492,-24.70491],[-65.22012,-24.71597]]]},"properties":{"fid":286,"Entidad":0,"Objeto":"Departamento","FNA":"Departamento Capital","GNA":"Departamento","NAM":"Capital","SAG":"Direc. Grl. de Inmuebles","FDC":null,"IN1":"66028","SHAPE_STAr":0.153327958774,"SHAPE_STLe":2.48019194973}},{"type":"Feature","geometry":{"type":"Polygon","coordinates":[[[-65.1708,-27.94646],[-65.36467,-27.84579],[-65.43622,-27.88661],[-65.50731,-27.92908],[-65.52129,-27.96304],[-65.54509,-27.97744],[-65.56088,-28.00626],[-65.56134,-28.04727],[-65.5758,-28.07691],[-65.56186,-28.12027],[-65.57219,-28.11973],[-65.58545,-28.14557],[-65.57287,-28.23153],[-65.50748,-28.22985],[-65.50674,-28.23947],[-65.4701,-28.18673],[-65.45067,-28.1806],[-65.42555,-28.19001],[-65.39106,-28.16839],[-65.40136,-28.20609],[-65.36267,-28.21576],[-65.33571,-28.19848],[-65.32973,-28.22096],[-65.30883,-28.2059],[-65.24736,-28.28615],[-65.19516,-28.28136],[-65.2028,-28.29685],[-65.17781,-28.30874],[-65.17686,-28.33247],[-65.14533,-28.3325],[-65.14164,-28.32006],[-65.10474,-28.32224],[-65.10904,-28.24092],[-65.11195,-28.18571],[-65.1708,-27.94646]]]},"properties":{"fid":74,"Entidad":0,"Objeto":"Departamento","FNA":"Departamento Santa Rosa","GNA":"Departamento","NAM":"Santa Rosa","SAG":"IDE Catamarca","FDC":null,"IN1":"10098","SHAPE_STAr":0.146279787734,"SHAPE_STLe":1.97400328686}},{"type":"Feature","geometry":{"type":"Polygon","coordinates":[[[-64.94161,-26.30225],[-64.91734,-26.19951],[-64.89169,-26.17965],[-64.87292,-26.12531],[-64.87529,-26.10483],[-64.89439,-26.09094],[-64.88432,-26.04481],[-64.91838,-26.03084],[-64.96236,-26.03402],[-65.10801,-26.00792],[-65.113,-26.03926],[-65.10324,-26.05394],[-65.19463,-26.02516],[-65.24678,-25.97209],[-65.25431,-25.88938],[-65.2748,-25.88518],[-65.2984,-25.85984],[-65.36032,-25.88444],[-65.35661,-25.90238],[-65.38796,-25.94691],[-65.44224,-25.95773],[-65.47033,-26.01496],[-65.53063,-26.0207],[-65.53053,-26.04525],[-65.54921,-26.03715],[-65.56327,-26.07837],[-65.56301,-26.08935],[-65.55159,-26.08779],[-65.4654,-26.09128],[-65.43145,-26.10995],[-65.36299,-26.05865],[-65.33225,-26.06582],[-65.31542,-26.08256],[-65.29791,-26.08174],[-65.27577,-26.17138],[-65.04072,-26.22993],[-65.03782,-26.29028],[-64.97252,-26.27438],[-64.96093,-26.30398],[-64.94161,-26.30225]]]},"properties":{"fid":288,"Entidad":0,"Objeto":"Departamento","FNA":"Departamento La Candelaria","GNA":"Departamento","NAM":"La Candelaria","SAG":"IDE Salta","FDC":null,"IN1":"66084","SHAPE_STAr":0.121560387104,"SHAPE_STLe":2.33053975658}},{"type":"Feature","geometry":{"type":"Polygon","coordinates":[[[-65.25805,-25.16157],[-65.22873,-25.15546],[-65.22766,-25.14277],[-65.24455,-25.11539],[-65.26641,-25.10684],[-65.28038,-25.07332],[-65.30569,-25.06016],[-65.30372,-25.03246],[-65.32355,-25.00042],[-65.31701,-24.95119],[-65.35052,-24.90704],[-65.34369,-24.86091],[-65.39335,-24.85038],[-65.5143,-24.87631],[-65.54187,-24.87918],[-65.54671,-24.90252],[-65.52043,-24.93499],[-65.54086,-24.96598],[-65.51491,-24.98823],[-65.53171,-25.0269],[-65.48323,-25.04231],[-65.46786,-25.06121],[-65.39371,-25.0992],[-65.3871,-25.07873],[-65.36937,-25.07447],[-65.35695,-25.0983],[-65.28728,-25.15486],[-65.25805,-25.16157]]]},"properties":{"fid":96,"Entidad":0,"Objeto":"Departamento","FNA":"Departamento Cerrillos","GNA":"Departamento","NAM":"Cerrillos","SAG":"IDE Salta","FDC":null,"IN1":"66035","SHAPE_STAr":0.048323913851,"SHAPE_STLe":1.22193101161}},{"type":"Feature","geometry":{"type":"Polygon","coordinates":[[[-65.14063,-24.33221],[-65.26949,-24.31383],[-65.26941,-24.36202],[-65.35719,-24.38304],[-65.36793,-24.41098],[-65.35065,-24.42904],[-65.35737,-24.4625],[-65.35354,-24.49092],[-65.31731,-24.50234],[-65.22927,-24.48622],[-65.22982,-24.46926],[-65.20058,-24.45986],[-65.1549,-24.48804],[-65.10516,-24.52304],[-65.07967,-24.56218],[-64.92741,-24.59977],[-64.89694,-24.59199],[-64.88371,-24.57188],[-64.89347,-24.56089],[-64.88548,-24.52085],[-64.85502,-24.47243],[-64.95404,-24.4497],[-64.89982,-24.38328],[-64.99699,-24.36014],[-65.02065,-24.36499],[-65.14063,-24.33221]]]},"properties":{"fid":71,"Entidad":0,"Objeto":"Departamento","FNA":"Departamento El Carmen","GNA":"Departamento","NAM":"El Carmen","SAG":"Direc. Grl. de Inmuebles","FDC":null,"IN1":"38014","SHAPE_STAr":0.0809249859498,"SHAPE_STLe":1.7540490469}},{"type":"Feature","geometry":{"type":"Polygon","coordinates":[[[-66.58489,-22.99931],[-66.99122,-22.99931],[-67.21305,-23.69492],[-66.99284,-23.88991],[-66.94112,-23.98404],[-66.91515,-23.97024],[-66.88064,-23.97439],[-66.83737,-24.07074],[-66.79737,-24.09637],[-66.74574,-24.08923],[-66.72646,-24.12231],[-66.67864,-24.14206],[-66.64628,-24.17251],[-66.55871,-24.18727],[-66.54363,-24.20764],[-66.5058,-24.1974],[-66.48336,-24.213],[-66.46901,-24.19845],[-66.47876,-24.18346],[-66.42249,-24.16395],[-66.41425,-24.12868],[-66.38178,-24.12778],[-66.36229,-24.08736],[-66.37018,-24.05009],[-66.33945,-23.98435],[-66.36288,-23.98346],[-66.36814,-23.9719],[-66.35984,-23.91219],[-66.35435,-23.88395],[-66.37648,-23.8551],[-66.38082,-23.82791],[-66.3533,-23.82526],[-66.37686,-23.75022],[-66.36758,-23.69462],[-66.33034,-23.65661],[-66.33549,-23.62851],[-66.31749,-23.60754],[-66.31113,-23.56138],[-66.28364,-23.5747],[-66.26419,-23.56548],[-66.24908,-23.50882],[-66.18292,-23.43845],[-66.18443,-23.41687],[-66.19833,-23.3917],[-66.10588,-23.22333],[-66.11528,-23.15574],[-66.28176,-22.99931],[-66.58489,-22.99931]]]},"properties":{"fid":365,"Entidad":0,"Objeto":"Departamento","FNA":"Departamento Susques","GNA":"Departamento","NAM":"Susques","SAG":"Direc. Grl. de Inmuebles","FDC":null,"IN1":"38084","SHAPE_STAr":0.90194473361,"SHAPE_STLe":4.16374741192}},{"type":"Feature","geometry":{"type":"Polygon","coordinates":[[[-66.35984,-23.91219],[-66.36814,-23.9719],[-66.36288,-23.98346],[-66.33945,-23.98435],[-66.37018,-24.05009],[-66.36229,-24.08736],[-66.38178,-24.12778],[-66.41425,-24.12868],[-66.42249,-24.16395],[-66.47876,-24.18346],[-66.46901,-24.19845],[-66.48336,-24.213],[-66.5058,-24.1974],[-66.54363,-24.20764],[-66.55871,-24.18727],[-66.64628,-24.17251],[-66.67864,-24.14206],[-66.72646,-24.12231],[-66.74574,-24.08923],[-66.79737,-24.09637],[-66.83737,-24.07074],[-66.88064,-23.97439],[-66.91515,-23.97024],[-66.94112,-23.98404],[-66.99284,-23.88991],[-67.21305,-23.69492],[-67.32262,-24.03416],[-68.25989,-24.40233],[-68.26843,-24.43489],[-68.29722,-24.45552],[-68.30851,-24.4918],[-68.38787,-24.48416],[-68.43227,-24.57813],[-68.43487,-24.60675],[-68.45146,-24.60309],[-68.46792,-24.62366],[-68.49571,-24.60008],[-68.50333,-24.61816],[-68.48772,-24.64009],[-68.49263,-24.66538],[-68.51577,-24.70374],[-68.54427,-24.72435],[-68.56875,-24.79413],[-68.53802,-24.81734],[-68.53327,-24.85817],[-68.5196,-24.87391],[-68.49295,-24.87606],[-68.48421,-24.89728],[-68.43259,-24.90587],[-68.43986,-24.91921],[-68.42938,-24.95646],[-68.40866,-24.97274],[-68.4168,-24.99409],[-68.40702,-25.03033],[-68.3782,-25.03245],[-68.36707,-25.08243],[-68.34424,-25.11077],[-68.41022,-25.14526],[-68.4377,-25.12279],[-68.4453,-25.13399],[-68.45975,-25.12566],[-68.47143,-25.15019],[-68.50717,-25.16831],[-67.8646,-25.2384],[-66.87927,-25.24173],[-66.56106,-25.30013],[-66.53705,-25.26564],[-66.55159,-25.2275],[-66.53731,-25.20312],[-66.55744,-25.17096],[-66.62065,-25.14217],[-66.6257,-25.106],[-66.60901,-25.0632],[-66.62363,-25.05022],[-66.61498,-25.01935],[-66.59333,-24.99694],[-66.59635,-24.93681],[-66.55599,-24.87101],[-66.52497,-24.84466],[-66.41176,-24.81258],[-66.40399,-24.82356],[-66.42619,-24.73155],[-66.4086,-24.69963],[-66.41503,-24.66739],[-66.38926,-24.62212],[-66.36772,-24.60714],[-66.36064,-24.53866],[-66.40198,-24.47441],[-66.41132,-24.41726],[-66.48783,-24.37709],[-66.48742,-24.34054],[-66.50996,-24.2952],[-66.50663,-24.25503],[-66.50209,-24.2427],[-66.23653,-24.43777],[-66.15479,-24.01611],[-66.35984,-23.91219]]]},"properties":{"fid":368,"Entidad":0,"Objeto":"Departamento","FNA":"Departamento Los Andes","GNA":"Departamento","NAM":"Los Andes","SAG":"IDE Salta","FDC":null,"IN1":"66105","SHAPE_STAr":2.23933988603,"SHAPE_STLe":8.64179407879}},{"type":"Feature","geometry":{"type":"Polygon","coordinates":[[[-65.1789,-23.31971],[-65.33872,-23.39106],[-65.36116,-23.37155],[-65.39567,-23.36752],[-65.43605,-23.33213],[-65.49012,-23.32753],[-65.52615,-23.31175],[-65.68989,-23.37579],[-65.63494,-23.38306],[-65.57959,-23.43429],[-65.55988,-23.52013],[-65.50504,-23.59268],[-65.51153,-23.64757],[-65.49209,-23.66406],[-65.48814,-23.68427],[-65.41534,-23.70677],[-65.4056,-23.72104],[-65.39326,-23.72272],[-65.38081,-23.70517],[-65.35194,-23.71197],[-65.3752,-23.78431],[-65.29591,-23.8195],[-65.27133,-23.82818],[-65.23274,-23.79047],[-65.20713,-23.7863],[-65.09675,-23.85664],[-65.10243,-23.78623],[-65.0879,-23.73797],[-65.03779,-23.70237],[-65.01789,-23.69995],[-65.07055,-23.63608],[-65.0848,-23.60182],[-65.10641,-23.59828],[-65.1266,-23.57723],[-65.13134,-23.5307],[-65.16237,-23.48714],[-65.16017,-23.44904],[-65.13744,-23.41731],[-65.14281,-23.38998],[-65.16654,-23.37141],[-65.1789,-23.31971]]]},"properties":{"fid":370,"Entidad":0,"Objeto":"Departamento","FNA":"Departamento Tilcara","GNA":"Departamento","NAM":"Tilcara","SAG":"Direc. Grl. de Inmuebles","FDC":null,"IN1":"38094","SHAPE_STAr":0.187512613952,"SHAPE_STLe":2.34749105376}},{"type":"Feature","geometry":{"type":"Polygon","coordinates":[[[-65.02065,-24.36499],[-65.03481,-24.31878],[-65.06364,-24.29258],[-65.05393,-24.2526],[-65.07524,-24.19927],[-65.07429,-24.17084],[-65.04897,-24.18041],[-65.05388,-24.01442],[-65.07372,-24.01555],[-65.07917,-24.02586],[-65.09406,-24.01858],[-65.10987,-24.03254],[-65.13115,-24.08657],[-65.15835,-24.09536],[-65.20077,-24.08241],[-65.20914,-24.10816],[-65.24076,-24.12938],[-65.21341,-24.13885],[-65.21838,-24.20814],[-65.20427,-24.23021],[-65.23488,-24.21707],[-65.25712,-24.22978],[-65.22805,-24.25458],[-65.23496,-24.27673],[-65.20384,-24.28647],[-65.1787,-24.27835],[-65.14063,-24.33221],[-65.02065,-24.36499]]]},"properties":{"fid":371,"Entidad":0,"Objeto":"Departamento","FNA":"Departamento Palpalá","GNA":"Departamento","NAM":"Palpalá","SAG":"Direc. Grl. de Inmuebles","FDC":null,"IN1":"38042","SHAPE_STAr":0.0433415967527,"SHAPE_STLe":1.33287355915}},{"type":"Feature","geometry":{"type":"Polygon","coordinates":[[[-65.34864,-22.55118],[-65.44637,-22.55496],[-65.50771,-22.52587],[-65.54731,-22.47952],[-65.82848,-22.43867],[-65.83858,-22.53761],[-65.86894,-22.5667],[-65.88581,-22.5567],[-65.92132,-22.6207],[-65.99945,-22.58958],[-66.03949,-22.64806],[-66.07789,-22.66785],[-66.13664,-22.68228],[-66.17211,-22.68167],[-66.18152,-22.67167],[-66.20421,-22.70369],[-66.22323,-22.71031],[-66.25836,-22.69079],[-66.31233,-22.69495],[-66.35666,-22.76751],[-66.43165,-22.72857],[-66.44387,-22.74118],[-66.43626,-22.76764],[-66.45381,-22.80436],[-66.49015,-22.80041],[-66.5201,-22.83278],[-66.56786,-22.83251],[-66.59148,-22.85213],[-66.58489,-22.99931],[-66.28176,-22.99931],[-66.11528,-23.15574],[-66.10588,-23.22333],[-66.19833,-23.3917],[-66.18443,-23.41687],[-66.1198,-23.43029],[-66.0112,-23.50878],[-65.98722,-23.50965],[-66.00193,-23.68188],[-65.97079,-23.67084],[-65.95948,-23.67858],[-65.95874,-23.66196],[-65.92102,-23.63591],[-65.87388,-23.55578],[-65.85805,-23.54822],[-65.84356,-23.48161],[-65.86702,-23.45432],[-65.83928,-23.41908],[-65.83337,-23.38347],[-65.82003,-23.37294],[-65.76018,-23.41575],[-65.74272,-23.41258],[-65.73089,-23.35457],[-65.74395,-23.31431],[-65.72113,-23.27357],[-65.73633,-23.22901],[-65.72036,-23.2009],[-65.71881,-23.14066],[-65.69254,-23.08678],[-65.70311,-23.06501],[-65.69336,-22.9936],[-65.67272,-22.95518],[-65.6061,-22.91877],[-65.57749,-22.8612],[-65.52235,-22.825],[-65.50765,-22.76534],[-65.443,-22.76308],[-65.41052,-22.74469],[-65.34471,-22.60638],[-65.34864,-22.55118]]]},"properties":{"fid":372,"Entidad":0,"Objeto":"Departamento","FNA":"Departamento Cochinoca","GNA":"Departamento","NAM":"Cochinoca","SAG":"Direc. Grl. de Inmuebles","FDC":null,"IN1":"38007","SHAPE_STAr":0.632801268955,"SHAPE_STLe":4.80012224537}},{"type":"Feature","geometry":{"type":"Polygon","coordinates":[[[-65.74272,-23.41258],[-65.76018,-23.41575],[-65.82003,-23.37294],[-65.83337,-23.38347],[-65.83928,-23.41908],[-65.86702,-23.45432],[-65.84356,-23.48161],[-65.85805,-23.54822],[-65.87388,-23.55578],[-65.92102,-23.63591],[-65.95874,-23.66196],[-65.95948,-23.67858],[-65.97079,-23.67084],[-66.00193,-23.68188],[-66.02193,-23.86171],[-66.01655,-23.91808],[-65.99917,-23.93647],[-65.99091,-23.98174],[-65.95628,-23.9661],[-65.93848,-23.97017],[-65.94163,-23.97949],[-65.94755,-24.00716],[-65.86737,-24.00333],[-65.80452,-24.03302],[-65.78663,-24.05538],[-65.75281,-24.05804],[-65.70504,-23.98385],[-65.68817,-23.86384],[-65.67515,-23.84203],[-65.64759,-23.82994],[-65.59459,-23.88636],[-65.6004,-23.98927],[-65.54674,-24.02132],[-65.50763,-24.01283],[-65.43309,-24.02679],[-65.44346,-23.99045],[-65.41972,-23.97826],[-65.41931,-23.94321],[-65.38258,-23.93804],[-65.36145,-23.91908],[-65.34508,-23.92724],[-65.33924,-23.86857],[-65.35323,-23.85668],[-65.31771,-23.84586],[-65.30553,-23.86425],[-65.28948,-23.86241],[-65.29591,-23.8195],[-65.3752,-23.78431],[-65.35194,-23.71197],[-65.38081,-23.70517],[-65.39326,-23.72272],[-65.4056,-23.72104],[-65.41534,-23.70677],[-65.48814,-23.68427],[-65.49209,-23.66406],[-65.51153,-23.64757],[-65.50504,-23.59268],[-65.55988,-23.52013],[-65.57959,-23.43429],[-65.63494,-23.38306],[-65.68989,-23.37579],[-65.74272,-23.41258]]]},"properties":{"fid":373,"Entidad":0,"Objeto":"Departamento","FNA":"Departamento Tumbaya","GNA":"Departamento","NAM":"Tumbaya","SAG":"Direc. Grl. de Inmuebles","FDC":null,"IN1":"38098","SHAPE_STAr":0.29178810215,"SHAPE_STLe":3.15493397773}},{"type":"Feature","geometry":{"type":"Polygon","coordinates":[[[-65.28948,-23.86241],[-65.30553,-23.86425],[-65.31771,-23.84586],[-65.35323,-23.85668],[-65.33924,-23.86857],[-65.34508,-23.92724],[-65.36145,-23.91908],[-65.38258,-23.93804],[-65.41931,-23.94321],[-65.41972,-23.97826],[-65.44346,-23.99045],[-65.43309,-24.02679],[-65.50763,-24.01283],[-65.54674,-24.02132],[-65.6004,-23.98927],[-65.59459,-23.88636],[-65.64759,-23.82994],[-65.67515,-23.84203],[-65.68817,-23.86384],[-65.70504,-23.98385],[-65.75281,-24.05804],[-65.72086,-24.10934],[-65.73077,-24.14421],[-65.71543,-24.16694],[-65.72502,-24.186],[-65.67247,-24.2487],[-65.62835,-24.27778],[-65.57547,-24.29443],[-65.4881,-24.29572],[-65.44591,-24.2692],[-65.37963,-24.2777],[-65.34579,-24.25499],[-65.23496,-24.27673],[-65.22805,-24.25458],[-65.25712,-24.22978],[-65.23488,-24.21707],[-65.20427,-24.23021],[-65.21838,-24.20814],[-65.21341,-24.13885],[-65.24076,-24.12938],[-65.20914,-24.10816],[-65.20077,-24.08241],[-65.15835,-24.09536],[-65.13115,-24.08657],[-65.10987,-24.03254],[-65.1366,-23.97429],[-65.17978,-23.97741],[-65.20704,-23.99896],[-65.22301,-23.99825],[-65.21912,-23.97249],[-65.18209,-23.95109],[-65.18179,-23.92511],[-65.28948,-23.86241]]]},"properties":{"fid":374,"Entidad":0,"Objeto":"Departamento","FNA":"Departamento Dr. Manuel Belgrano","GNA":"Departamento","NAM":"Dr. Manuel Belgrano","SAG":"Direc. Grl. de Inmuebles","FDC":null,"IN1":"38021","SHAPE_STAr":0.184092560984,"SHAPE_STLe":2.74855991412}},{"type":"Feature","geometry":{"type":"Polygon","coordinates":[[[-65.9861,-22.40335],[-66.02287,-22.28015],[-66.05948,-22.25844],[-66.31933,-22.32558],[-66.34981,-22.28234],[-66.40908,-22.27094],[-66.41403,-22.24645],[-66.464,-22.31195],[-66.49262,-22.37644],[-66.57052,-22.42023],[-66.68159,-22.37781],[-66.73432,-22.38037],[-66.7664,-22.35775],[-66.78431,-22.40177],[-66.78247,-22.43808],[-66.92856,-22.49223],[-66.97294,-22.54066],[-67.02725,-22.54088],[-67.01408,-22.65481],[-67.12775,-22.72211],[-67.1805,-22.81413],[-66.99122,-22.99931],[-66.58489,-22.99931],[-66.59148,-22.85213],[-66.56786,-22.83251],[-66.5201,-22.83278],[-66.49015,-22.80041],[-66.45381,-22.80436],[-66.43626,-22.76764],[-66.44387,-22.74118],[-66.43165,-22.72857],[-66.35666,-22.76751],[-66.31233,-22.69495],[-66.25836,-22.69079],[-66.22323,-22.71031],[-66.20421,-22.70369],[-66.18152,-22.67167],[-66.17211,-22.68167],[-66.13664,-22.68228],[-66.07789,-22.66785],[-66.03949,-22.64806],[-65.99945,-22.58958],[-65.92132,-22.6207],[-65.88581,-22.5567],[-65.86894,-22.5667],[-65.83858,-22.53761],[-65.82848,-22.43867],[-65.9861,-22.40335]]]},"properties":{"fid":376,"Entidad":0,"Objeto":"Departamento","FNA":"Departamento Rinconada","GNA":"Departamento","NAM":"Rinconada","SAG":"Direc. Grl. de Inmuebles","FDC":null,"IN1":"38049","SHAPE_STAr":0.541760271712,"SHAPE_STLe":3.99244692943}},{"type":"Feature","geometry":{"type":"Polygon","coordinates":[[[-66.00193,-23.68188],[-65.98722,-23.50965],[-66.0112,-23.50878],[-66.1198,-23.43029],[-66.18443,-23.41687],[-66.18292,-23.43845],[-66.24908,-23.50882],[-66.26419,-23.56548],[-66.28364,-23.5747],[-66.31113,-23.56138],[-66.31749,-23.60754],[-66.33549,-23.62851],[-66.33034,-23.65661],[-66.36758,-23.69462],[-66.37686,-23.75022],[-66.3533,-23.82526],[-66.38082,-23.82791],[-66.37648,-23.8551],[-66.35435,-23.88395],[-66.35984,-23.91219],[-66.15479,-24.01611],[-66.23653,-24.43777],[-66.50209,-24.2427],[-66.50663,-24.25503],[-66.50996,-24.2952],[-66.48742,-24.34054],[-66.48783,-24.37709],[-66.41132,-24.41726],[-66.40198,-24.47441],[-66.36064,-24.53866],[-66.36772,-24.60714],[-66.38926,-24.62212],[-66.41503,-24.66739],[-66.4086,-24.69963],[-66.42619,-24.73155],[-66.40399,-24.82356],[-66.38679,-24.84609],[-66.35093,-24.84899],[-66.32983,-24.86269],[-66.26071,-24.85701],[-66.18911,-24.93728],[-66.12869,-24.92973],[-66.09414,-24.89765],[-66.10762,-24.86322],[-66.09717,-24.79378],[-66.11954,-24.75457],[-66.11588,-24.74152],[-66.12824,-24.67522],[-66.12163,-24.59735],[-66.13731,-24.52746],[-66.12799,-24.4956],[-66.15087,-24.43081],[-66.19356,-24.43323],[-66.14992,-24.35401],[-66.15553,-24.30914],[-66.14158,-24.27123],[-66.11255,-24.25331],[-66.09983,-24.23065],[-66.10594,-24.1477],[-66.03302,-24.07754],[-66.02307,-24.04213],[-66.03575,-23.99556],[-66.00782,-24.00215],[-65.94163,-23.97949],[-65.93848,-23.97017],[-65.95628,-23.9661],[-65.99091,-23.98174],[-65.99917,-23.93647],[-66.01655,-23.91808],[-66.02193,-23.86171],[-66.00193,-23.68188]]]},"properties":{"fid":378,"Entidad":0,"Objeto":"Departamento","FNA":"Departamento La Poma","GNA":"Departamento","NAM":"La Poma","SAG":"IDE Salta","FDC":null,"IN1":"66091","SHAPE_STAr":0.355685305156,"SHAPE_STLe":4.77352026182}},{"type":"Feature","geometry":{"type":"Polygon","coordinates":[[[-65.53517,-27.62149],[-65.54964,-27.60898],[-65.58572,-27.6233],[-65.59648,-27.61483],[-65.61874,-27.63216],[-65.67211,-27.63618],[-65.71024,-27.60972],[-65.73236,-27.61141],[-65.75269,-27.65699],[-65.74154,-27.67925],[-65.77001,-27.74127],[-65.75324,-27.76997],[-65.72135,-27.79751],[-65.7198,-27.81607],[-65.70391,-27.80809],[-65.69886,-27.8896],[-65.67471,-27.9285],[-65.66627,-27.97323],[-65.61814,-27.97145],[-65.60507,-27.99635],[-65.57655,-28.01368],[-65.56088,-28.00626],[-65.54509,-27.97744],[-65.52129,-27.96304],[-65.50731,-27.92908],[-65.43622,-27.88661],[-65.41494,-27.79649],[-65.47282,-27.78832],[-65.46401,-27.7607],[-65.48323,-27.75631],[-65.48025,-27.74256],[-65.50393,-27.73818],[-65.49414,-27.6943],[-65.50527,-27.69221],[-65.49943,-27.66715],[-65.52029,-27.66354],[-65.51263,-27.62739],[-65.52219,-27.62159],[-65.51127,-27.61412],[-65.53517,-27.62149]]]},"properties":{"fid":382,"Entidad":0,"Objeto":"Departamento","FNA":"Departamento La Cocha","GNA":"Departamento","NAM":"La Cocha","SAG":"IDE Tucuman","FDC":null,"IN1":"90049","SHAPE_STAr":0.087526780581,"SHAPE_STLe":1.54810959878}},{"type":"Feature","geometry":{"type":"Polygon","coordinates":[[[-65.01196,-27.56603],[-65.02425,-27.55954],[-65.03072,-27.58222],[-65.05732,-27.57447],[-65.07106,-27.58697],[-65.11506,-27.56819],[-65.15238,-27.58783],[-65.16871,-27.56559],[-65.25981,-27.56402],[-65.28193,-27.54607],[-65.34167,-27.53712],[-65.34807,-27.52432],[-65.40726,-27.54038],[-65.51683,-27.54318],[-65.53517,-27.62149],[-65.51127,-27.61412],[-65.52219,-27.62159],[-65.51263,-27.62739],[-65.52029,-27.66354],[-65.49943,-27.66715],[-65.50527,-27.69221],[-65.49414,-27.6943],[-65.50393,-27.73818],[-65.48025,-27.74256],[-65.48323,-27.75631],[-65.46401,-27.7607],[-65.47282,-27.78832],[-65.41494,-27.79649],[-65.43622,-27.88661],[-65.36467,-27.84579],[-65.1708,-27.94646],[-65.17823,-27.91602],[-65.16948,-27.91743],[-65.15907,-27.8772],[-65.10714,-27.89316],[-65.03897,-27.87924],[-65.01648,-27.79114],[-65.02814,-27.75271],[-64.98602,-27.74165],[-64.99097,-27.72414],[-65.02711,-27.58714],[-65.01196,-27.56603]]]},"properties":{"fid":383,"Entidad":0,"Objeto":"Departamento","FNA":"Departamento Graneros","GNA":"Departamento","NAM":"Graneros","SAG":"IDE Tucuman","FDC":null,"IN1":"90035","SHAPE_STAr":0.154762904114,"SHAPE_STLe":2.20467881365}},{"type":"Feature","geometry":{"type":"Polygon","coordinates":[[[-65.54509,-27.54151],[-65.59316,-27.51642],[-65.6438,-27.51765],[-65.64983,-27.52719],[-65.66272,-27.52027],[-65.68381,-27.53581],[-65.72667,-27.54154],[-65.75857,-27.52679],[-65.77405,-27.53327],[-65.87869,-27.51459],[-65.92682,-27.47667],[-65.93157,-27.43843],[-65.96853,-27.42904],[-65.97573,-27.49351],[-65.93978,-27.61668],[-65.9154,-27.66914],[-65.87542,-27.67247],[-65.86549,-27.68901],[-65.82884,-27.81417],[-65.83231,-27.85119],[-65.82069,-27.82035],[-65.80642,-27.81634],[-65.79464,-27.80661],[-65.79779,-27.78573],[-65.75324,-27.76997],[-65.77001,-27.74127],[-65.74154,-27.67925],[-65.75269,-27.65699],[-65.73236,-27.61141],[-65.71024,-27.60972],[-65.67211,-27.63618],[-65.61874,-27.63216],[-65.59648,-27.61483],[-65.58572,-27.6233],[-65.54964,-27.60898],[-65.53517,-27.62149],[-65.51683,-27.54318],[-65.54509,-27.54151]]]},"properties":{"fid":384,"Entidad":0,"Objeto":"Departamento","FNA":"Departamento Juan Bautista Alberdi","GNA":"Departamento","NAM":"Juan Bautista Alberdi","SAG":"IDE Tucuman","FDC":null,"IN1":"90042","SHAPE_STAr":0.067378312339,"SHAPE_STLe":1.9127452529}},{"type":"Feature","geometry":{"type":"Polygon","coordinates":[[[-65.54893,-27.43083],[-65.55525,-27.41607],[-65.64206,-27.41355],[-65.64362,-27.40169],[-65.65502,-27.40755],[-65.72796,-27.35535],[-65.90055,-27.36722],[-65.93033,-27.38334],[-65.93439,-27.4032],[-65.96753,-27.39907],[-65.96853,-27.42904],[-65.93157,-27.43843],[-65.92682,-27.47667],[-65.87869,-27.51459],[-65.77405,-27.53327],[-65.75857,-27.52679],[-65.72667,-27.54154],[-65.68381,-27.53581],[-65.66272,-27.52027],[-65.64983,-27.52719],[-65.6438,-27.51765],[-65.59316,-27.51642],[-65.54509,-27.54151],[-65.53219,-27.48494],[-65.54082,-27.4907],[-65.55843,-27.47997],[-65.54893,-27.43083]]]},"properties":{"fid":385,"Entidad":0,"Objeto":"Departamento","FNA":"Departamento Río Chico","GNA":"Departamento","NAM":"Río Chico","SAG":"IDE Tucuman","FDC":null,"IN1":"90077","SHAPE_STAr":0.0558979125347,"SHAPE_STLe":1.44572055273}},{"type":"Feature","geometry":{"type":"Polygon","coordinates":[[[-65.36437,-27.18004],[-65.40006,-27.17459],[-65.42257,-27.21727],[-65.43626,-27.2093],[-65.44605,-27.21693],[-65.47007,-27.29998],[-65.46092,-27.32703],[-65.4783,-27.38168],[-65.46167,-27.39386],[-65.47146,-27.42167],[-65.48244,-27.42201],[-65.48719,-27.40463],[-65.49818,-27.43273],[-65.54893,-27.43083],[-65.55843,-27.47997],[-65.54082,-27.4907],[-65.53219,-27.48494],[-65.54509,-27.54151],[-65.51683,-27.54318],[-65.40726,-27.54038],[-65.34807,-27.52432],[-65.34167,-27.53712],[-65.28193,-27.54607],[-65.25981,-27.56402],[-65.16871,-27.56559],[-65.15238,-27.58783],[-65.11506,-27.56819],[-65.07106,-27.58697],[-65.05732,-27.57447],[-65.03072,-27.58222],[-65.02425,-27.55954],[-65.01196,-27.56603],[-64.97835,-27.56652],[-64.9655,-27.54772],[-64.96812,-27.50537],[-65.00137,-27.48886],[-65.04044,-27.47767],[-65.06313,-27.44233],[-65.06329,-27.46163],[-65.10422,-27.44691],[-65.08864,-27.43857],[-65.09271,-27.421],[-65.11145,-27.42643],[-65.15724,-27.37196],[-65.18993,-27.3639],[-65.21344,-27.34241],[-65.21756,-27.31513],[-65.23067,-27.31665],[-65.3008,-27.26727],[-65.30002,-27.22543],[-65.33501,-27.21651],[-65.33469,-27.20224],[-65.36437,-27.18004]]]},"properties":{"fid":386,"Entidad":0,"Objeto":"Departamento","FNA":"Departamento Simoca","GNA":"Departamento","NAM":"Simoca","SAG":"IDE Tucuman","FDC":null,"IN1":"90091","SHAPE_STAr":0.122148178656,"SHAPE_STLe":2.38446924144}},{"type":"Feature","geometry":{"type":"Polygon","coordinates":[[[-65.47007,-27.29998],[-65.51731,-27.29243],[-65.53288,-27.2758],[-65.54313,-27.28546],[-65.58209,-27.27735],[-65.6836,-27.22645],[-65.69692,-27.20156],[-65.79595,-27.19506],[-65.79756,-27.16408],[-65.82307,-27.13689],[-65.9229,-27.09565],[-65.97287,-27.05403],[-65.98822,-27.10312],[-66.03735,-27.12622],[-66.08242,-27.19834],[-66.07791,-27.20919],[-66.11031,-27.21579],[-66.13408,-27.24754],[-66.13575,-27.26422],[-66.02751,-27.29875],[-65.97309,-27.33162],[-65.96753,-27.39907],[-65.93439,-27.4032],[-65.93033,-27.38334],[-65.90055,-27.36722],[-65.72796,-27.35535],[-65.65502,-27.40755],[-65.64362,-27.40169],[-65.64206,-27.41355],[-65.55525,-27.41607],[-65.54893,-27.43083],[-65.49818,-27.43273],[-65.48719,-27.40463],[-65.48244,-27.42201],[-65.47146,-27.42167],[-65.46167,-27.39386],[-65.4783,-27.38168],[-65.46092,-27.32703],[-65.47007,-27.29998]]]},"properties":{"fid":387,"Entidad":0,"Objeto":"Departamento","FNA":"Departamento Chicligasta","GNA":"Departamento","NAM":"Chicligasta","SAG":"IDE Tucuman","FDC":null,"IN1":"90021","SHAPE_STAr":0.11780301967,"SHAPE_STLe":2.19078042168}},{"type":"Feature","geometry":{"type":"Polygon","coordinates":[[[-65.42652,-27.12774],[-65.48504,-27.09576],[-65.4786,-27.04363],[-65.4904,-27.01965],[-65.52758,-27.00178],[-65.54343,-26.96832],[-65.59236,-26.93354],[-65.63985,-26.92224],[-65.64555,-26.9326],[-65.65622,-26.92784],[-65.65188,-26.94495],[-65.68125,-26.95216],[-65.72403,-26.98579],[-65.74243,-27.03523],[-65.78011,-27.04724],[-65.77054,-27.09238],[-65.78248,-27.10013],[-65.79968,-27.06632],[-65.81832,-27.06319],[-65.82289,-27.0397],[-65.85418,-27.01645],[-65.85611,-26.98965],[-65.88983,-26.96978],[-65.9138,-26.98264],[-65.91712,-27.01488],[-65.96431,-27.0331],[-65.97287,-27.05403],[-65.9229,-27.09565],[-65.82307,-27.13689],[-65.79756,-27.16408],[-65.79595,-27.19506],[-65.69692,-27.20156],[-65.6836,-27.22645],[-65.58209,-27.27735],[-65.54313,-27.28546],[-65.53288,-27.2758],[-65.51731,-27.29243],[-65.47007,-27.29998],[-65.44605,-27.21693],[-65.43626,-27.2093],[-65.42257,-27.21727],[-65.40006,-27.17459],[-65.36437,-27.18004],[-65.36887,-27.16207],[-65.41429,-27.14579],[-65.40938,-27.1375],[-65.42652,-27.12774]]]},"properties":{"fid":388,"Entidad":0,"Objeto":"Departamento","FNA":"Departamento Monteros","GNA":"Departamento","NAM":"Monteros","SAG":"IDE Tucuman","FDC":null,"IN1":"90070","SHAPE_STAr":0.108425998143,"SHAPE_STLe":2.26994155345}},{"type":"Feature","geometry":{"type":"Polygon","coordinates":[[[-65.24603,-26.99753],[-65.25664,-27.02244],[-65.26978,-27.02052],[-65.2572,-27.00739],[-65.26505,-26.987],[-65.25108,-26.97326],[-65.2948,-26.92127],[-65.30357,-26.97915],[-65.31403,-26.98648],[-65.29755,-26.99452],[-65.29483,-26.98415],[-65.28382,-26.98636],[-65.30053,-27.02012],[-65.29858,-27.01126],[-65.31475,-27.01001],[-65.30931,-27.02438],[-65.3242,-27.03314],[-65.32217,-27.0488],[-65.35135,-27.0874],[-65.3441,-27.10453],[-65.3528,-27.10918],[-65.39,-27.08871],[-65.4027,-27.11563],[-65.42194,-27.11215],[-65.42652,-27.12774],[-65.40938,-27.1375],[-65.41429,-27.14579],[-65.36887,-27.16207],[-65.36437,-27.18004],[-65.33469,-27.20224],[-65.33501,-27.21651],[-65.30002,-27.22543],[-65.3008,-27.26727],[-65.23067,-27.31665],[-65.21756,-27.31513],[-65.21344,-27.34241],[-65.18993,-27.3639],[-65.15724,-27.37196],[-65.11145,-27.42643],[-65.09271,-27.421],[-65.08864,-27.43857],[-65.10422,-27.44691],[-65.06329,-27.46163],[-65.06313,-27.44233],[-65.04044,-27.47767],[-65.00137,-27.48886],[-65.00887,-27.48371],[-64.97429,-27.35062],[-64.93752,-27.35788],[-64.93437,-27.34443],[-64.85406,-27.31731],[-64.81119,-27.14867],[-64.79879,-27.15052],[-64.78117,-27.07661],[-65.04655,-27.01513],[-65.04965,-27.02945],[-65.11907,-27.01622],[-65.12131,-27.02595],[-65.24603,-26.99753]]]},"properties":{"fid":389,"Entidad":0,"Objeto":"Departamento","FNA":"Departamento Leales","GNA":"Departamento","NAM":"Leales","SAG":"IDE Tucuman","FDC":null,"IN1":"90056","SHAPE_STAr":0.17961672881,"SHAPE_STLe":2.81881634409}},{"type":"Feature","geometry":{"type":"Polygon","coordinates":[[[-65.3242,-27.03314],[-65.36485,-27.00096],[-65.375,-26.96617],[-65.4082,-26.95603],[-65.43345,-26.92425],[-65.44179,-26.92892],[-65.46617,-26.88251],[-65.55545,-26.84948],[-65.60499,-26.84374],[-65.62397,-26.82526],[-65.62871,-26.87629],[-65.66315,-26.91021],[-65.65622,-26.92784],[-65.64555,-26.9326],[-65.63985,-26.92224],[-65.59236,-26.93354],[-65.54343,-26.96832],[-65.52758,-27.00178],[-65.4904,-27.01965],[-65.4786,-27.04363],[-65.48504,-27.09576],[-65.42652,-27.12774],[-65.42194,-27.11215],[-65.4027,-27.11563],[-65.39,-27.08871],[-65.3528,-27.10918],[-65.3441,-27.10453],[-65.35135,-27.0874],[-65.32217,-27.0488],[-65.3242,-27.03314]]]},"properties":{"fid":390,"Entidad":0,"Objeto":"Departamento","FNA":"Departamento Famaillá","GNA":"Departamento","NAM":"Famaillá","SAG":"IDE Tucuman","FDC":null,"IN1":"90028","SHAPE_STAr":0.0418345155514,"SHAPE_STLe":1.46693313955}},{"type":"Feature","geometry":{"type":"Polygon","coordinates":[[[-65.16097,-26.79094],[-65.24954,-26.78392],[-65.27058,-26.83611],[-65.27311,-26.85424],[-65.23003,-26.86845],[-65.20925,-26.91421],[-65.20808,-26.89312],[-65.15955,-26.81493],[-65.16097,-26.79094]]]},"properties":{"fid":391,"Entidad":0,"Objeto":"Departamento","FNA":"Departamento Capital","GNA":"Departamento","NAM":"Capital","SAG":"IDE Tucuman","FDC":null,"IN1":"90084","SHAPE_STAr":0.00828161221568,"SHAPE_STLe":0.455782946341}},{"type":"Feature","geometry":{"type":"Polygon","coordinates":[[[-65.44431,-26.79984],[-65.45997,-26.77202],[-65.51582,-26.7481],[-65.54519,-26.76414],[-65.60682,-26.72868],[-65.65139,-26.75676],[-65.67529,-26.74128],[-65.70729,-26.73859],[-65.68001,-26.81289],[-65.63384,-26.81131],[-65.62397,-26.82526],[-65.60499,-26.84374],[-65.55545,-26.84948],[-65.46617,-26.88251],[-65.44179,-26.92892],[-65.43345,-26.92425],[-65.4082,-26.95603],[-65.375,-26.96617],[-65.36485,-27.00096],[-65.3242,-27.03314],[-65.30931,-27.02438],[-65.31475,-27.01001],[-65.29858,-27.01126],[-65.30053,-27.02012],[-65.28382,-26.98636],[-65.29483,-26.98415],[-65.29755,-26.99452],[-65.31403,-26.98648],[-65.30357,-26.97915],[-65.2948,-26.92127],[-65.25108,-26.97326],[-65.26505,-26.987],[-65.2572,-27.00739],[-65.26978,-27.02052],[-65.25664,-27.02244],[-65.24603,-26.99753],[-65.24184,-26.97696],[-65.23284,-26.97946],[-65.23475,-26.96831],[-65.21486,-26.95162],[-65.20925,-26.91421],[-65.23003,-26.86845],[-65.27311,-26.85424],[-65.27058,-26.83611],[-65.42491,-26.81702],[-65.44431,-26.79984]]]},"properties":{"fid":393,"Entidad":0,"Objeto":"Departamento","FNA":"Departamento Lules","GNA":"Departamento","NAM":"Lules","SAG":"IDE Tucuman","FDC":null,"IN1":"90063","SHAPE_STAr":0.0560735862725,"SHAPE_STLe":2.12310546076}},{"type":"Feature","geometry":{"type":"Polygon","coordinates":[[[-65.24954,-26.78392],[-65.2704,-26.77627],[-65.2586,-26.75137],[-65.27008,-26.74363],[-65.35972,-26.7255],[-65.35547,-26.76346],[-65.39631,-26.78662],[-65.42955,-26.70556],[-65.42716,-26.7676],[-65.44431,-26.79984],[-65.42491,-26.81702],[-65.27058,-26.83611],[-65.24954,-26.78392]]]},"properties":{"fid":394,"Entidad":0,"Objeto":"Departamento","FNA":"Departamento Yerba Buena","GNA":"Departamento","NAM":"Yerba Buena","SAG":"IDE Tucuman","FDC":null,"IN1":"90119","SHAPE_STAr":0.0135512651604,"SHAPE_STLe":0.752907510829}},{"type":"Feature","geometry":{"type":"Polygon","coordinates":[[[-65.70894,-26.51753],[-65.72234,-26.52141],[-65.74646,-26.50642],[-65.72154,-26.54242],[-65.73035,-26.60275],[-65.75559,-26.60106],[-65.77567,-26.63994],[-65.75854,-26.66791],[-65.70481,-26.69738],[-65.69499,-26.71777],[-65.70729,-26.73859],[-65.67529,-26.74128],[-65.65139,-26.75676],[-65.60682,-26.72868],[-65.54519,-26.76414],[-65.51582,-26.7481],[-65.45997,-26.77202],[-65.44431,-26.79984],[-65.42716,-26.7676],[-65.42955,-26.70556],[-65.39631,-26.78662],[-65.35547,-26.76346],[-65.35972,-26.7255],[-65.27008,-26.74363],[-65.2586,-26.75137],[-65.2704,-26.77627],[-65.24954,-26.78392],[-65.16097,-26.79094],[-65.15726,-26.75639],[-65.15455,-26.72673],[-65.17653,-26.6852],[-65.17314,-26.65643],[-65.1918,-26.64097],[-65.18662,-26.61802],[-65.16542,-26.59938],[-65.1719,-26.57842],[-65.19142,-26.58074],[-65.19116,-26.55367],[-65.1834,-26.53329],[-65.21794,-26.52191],[-65.22836,-26.55922],[-65.22123,-26.57144],[-65.23396,-26.5794],[-65.22629,-26.60117],[-65.38417,-26.62268],[-65.45895,-26.58495],[-65.47338,-26.60327],[-65.49578,-26.56631],[-65.4659,-26.51917],[-65.49707,-26.5243],[-65.50259,-26.54803],[-65.55989,-26.53477],[-65.6218,-26.55514],[-65.65099,-26.5245],[-65.70894,-26.51753]]]},"properties":{"fid":395,"Entidad":0,"Objeto":"Departamento","FNA":"Departamento Tafí Viejo","GNA":"Departamento","NAM":"Tafí Viejo","SAG":"IDE Tucuman","FDC":null,"IN1":"90105","SHAPE_STAr":0.10643538335,"SHAPE_STLe":2.73578609036}},{"type":"Feature","geometry":{"type":"Polygon","coordinates":[[[-65.03782,-26.29028],[-65.04072,-26.22993],[-65.27577,-26.17138],[-65.29791,-26.08174],[-65.31542,-26.08256],[-65.33225,-26.06582],[-65.36299,-26.05865],[-65.43145,-26.10995],[-65.4654,-26.09128],[-65.55159,-26.08779],[-65.61363,-26.12347],[-65.64006,-26.11104],[-65.68851,-26.11726],[-65.69519,-26.18587],[-65.7119,-26.20836],[-65.70283,-26.24164],[-65.72275,-26.2798],[-65.70718,-26.29744],[-65.72303,-26.31271],[-65.71145,-26.3287],[-65.71902,-26.35271],[-65.71092,-26.3565],[-65.72527,-26.38498],[-65.714,-26.41006],[-65.72031,-26.42275],[-65.69958,-26.48319],[-65.70894,-26.51753],[-65.65099,-26.5245],[-65.6218,-26.55514],[-65.55989,-26.53477],[-65.50259,-26.54803],[-65.49707,-26.5243],[-65.4659,-26.51917],[-65.49578,-26.56631],[-65.47338,-26.60327],[-65.45895,-26.58495],[-65.38417,-26.62268],[-65.22629,-26.60117],[-65.23396,-26.5794],[-65.22123,-26.57144],[-65.22836,-26.55922],[-65.21794,-26.52191],[-65.1834,-26.53329],[-65.19116,-26.55367],[-65.16733,-26.55363],[-65.14092,-26.50779],[-65.11445,-26.50875],[-65.10305,-26.40005],[-65.04473,-26.32032],[-65.03782,-26.29028]]]},"properties":{"fid":397,"Entidad":0,"Objeto":"Departamento","FNA":"Departamento Trancas","GNA":"Departamento","NAM":"Trancas","SAG":"IDE Tucuman","FDC":null,"IN1":"90112","SHAPE_STAr":0.272688001564,"SHAPE_STLe":2.86168466449}},{"type":"Feature","geometry":{"type":"Polygon","coordinates":[[[-65.71902,-26.35271],[-66.04011,-26.2509],[-66.09976,-26.22049],[-66.09814,-26.25158],[-66.12115,-26.27608],[-66.11913,-26.37697],[-66.15577,-26.39731],[-66.15484,-26.44367],[-66.17766,-26.47167],[-66.16446,-26.5026],[-66.17231,-26.62895],[-66.04219,-26.60037],[-65.83266,-26.73792],[-65.83183,-26.74993],[-65.85386,-26.75966],[-65.86585,-26.7955],[-65.88145,-26.80617],[-65.87442,-26.81822],[-65.90048,-26.86379],[-65.85717,-26.90424],[-65.85779,-26.9292],[-65.87489,-26.93291],[-65.88983,-26.96978],[-65.85611,-26.98965],[-65.85418,-27.01645],[-65.82289,-27.0397],[-65.81832,-27.06319],[-65.79968,-27.06632],[-65.78248,-27.10013],[-65.77054,-27.09238],[-65.78011,-27.04724],[-65.74243,-27.03523],[-65.72403,-26.98579],[-65.68125,-26.95216],[-65.65188,-26.94495],[-65.65622,-26.92784],[-65.66315,-26.91021],[-65.62871,-26.87629],[-65.62397,-26.82526],[-65.63384,-26.81131],[-65.68001,-26.81289],[-65.70729,-26.73859],[-65.69499,-26.71777],[-65.70481,-26.69738],[-65.75854,-26.66791],[-65.77567,-26.63994],[-65.75559,-26.60106],[-65.73035,-26.60275],[-65.72154,-26.54242],[-65.74646,-26.50642],[-65.72234,-26.52141],[-65.70894,-26.51753],[-65.69958,-26.48319],[-65.72031,-26.42275],[-65.714,-26.41006],[-65.72527,-26.38498],[-65.71092,-26.3565],[-65.71902,-26.35271]]]},"properties":{"fid":398,"Entidad":0,"Objeto":"Departamento","FNA":"Departamento Tafí del Valle","GNA":"Departamento","NAM":"Tafí del Valle","SAG":"IDE Tucuman","FDC":null,"IN1":"90098","SHAPE_STAr":0.222341599051,"SHAPE_STLe":3.0196509222}},{"type":"Feature","geometry":{"type":"Polygon","coordinates":[[[-63.20373,-36.03308],[-63.38547,-35.88368],[-63.38544,-35.90547],[-63.38556,-36.35632],[-63.38539,-36.52492],[-63.28276,-36.60756],[-63.12756,-36.4795],[-63.04864,-36.41541],[-63.06798,-36.39948],[-63.0284,-36.36881],[-63.03995,-36.35907],[-62.95927,-36.29608],[-62.9789,-36.28014],[-62.93975,-36.24884],[-63.20373,-36.03308]]]},"properties":{"fid":111,"Entidad":0,"Objeto":"Departamento","FNA":"Partido de Pellegrini","GNA":"Partido","NAM":"Pellegrini","SAG":"ARBA - Gerencia de Servicios Catastrales","FDC":null,"IN1":"06616","SHAPE_STAr":0.182637233445,"SHAPE_STLe":1.92246354351}},{"type":"Feature","geometry":{"type":"Polygon","coordinates":[[[-63.28276,-36.60756],[-62.97002,-36.86303],[-62.81586,-36.7318],[-63.12756,-36.4795],[-63.28276,-36.60756]]]},"properties":{"fid":49,"Entidad":0,"Objeto":"Departamento","FNA":"Partido de Salliqueló","GNA":"Partido","NAM":"Salliqueló","SAG":"ARBA - Gerencia de Servicios Catastrales","FDC":null,"IN1":"06721","SHAPE_STAr":0.0802786025757,"SHAPE_STLe":1.21362238722}},{"type":"Feature","geometry":{"type":"Polygon","coordinates":[[[-62.33855,-35.78408],[-62.62381,-35.55074],[-62.93245,-35.79831],[-62.9236,-35.80519],[-63.20373,-36.03308],[-62.93975,-36.24884],[-62.62575,-36.50236],[-62.60758,-36.56142],[-62.47329,-36.45721],[-62.20548,-36.24959],[-62.08244,-36.1523],[-62.43109,-35.85884],[-62.33855,-35.78408]]]},"properties":{"fid":208,"Entidad":0,"Objeto":"Departamento","FNA":"Partido de Trenque Lauquen","GNA":"Partido","NAM":"Trenque Lauquen","SAG":"ARBA - Gerencia de Servicios Catastrales","FDC":null,"IN1":"06826","SHAPE_STAr":0.549973362898,"SHAPE_STLe":3.19238184259}},{"type":"Feature","geometry":{"type":"Polygon","coordinates":[[[-62.27061,-35.15177],[-62.28518,-35.16382],[-62.47145,-35.01066],[-62.54855,-35.07387],[-62.61063,-35.02272],[-62.68835,-35.0851],[-62.65718,-35.11082],[-62.67689,-35.12661],[-62.70752,-35.10116],[-62.89956,-35.25928],[-62.86414,-35.2885],[-62.89316,-35.31132],[-62.84654,-35.35045],[-62.8731,-35.37161],[-62.80381,-35.4295],[-62.77769,-35.4087],[-62.62381,-35.55074],[-62.33855,-35.78408],[-62.09829,-35.59161],[-62.12999,-35.56537],[-62.05017,-35.50123],[-61.98814,-35.55221],[-61.90631,-35.48561],[-62.14928,-35.28393],[-62.22502,-35.21414],[-62.21004,-35.20186],[-62.27061,-35.15177]]]},"properties":{"fid":204,"Entidad":0,"Objeto":"Departamento","FNA":"Partido de Carlos Tejedor","GNA":"Partido","NAM":"Carlos Tejedor","SAG":"ARBA - Gerencia de Servicios Catastrales","FDC":null,"IN1":"06154","SHAPE_STAr":0.388076070603,"SHAPE_STLe":2.95196221092}},{"type":"Feature","geometry":{"type":"Polygon","coordinates":[[[-61.90631,-35.48561],[-61.98814,-35.55221],[-62.05017,-35.50123],[-62.12999,-35.56537],[-62.09829,-35.59161],[-62.33855,-35.78408],[-62.43109,-35.85884],[-62.08244,-36.1523],[-62.20548,-36.24959],[-62.17895,-36.27188],[-62.14431,-36.24547],[-62.04825,-36.3259],[-62.01496,-36.30064],[-61.97444,-36.33363],[-61.94432,-36.31492],[-61.92118,-36.28843],[-61.94475,-36.26856],[-61.77255,-36.13856],[-61.74244,-36.16208],[-61.70262,-36.12927],[-61.68908,-36.14031],[-61.61637,-36.09159],[-61.59672,-36.10728],[-61.49149,-36.0191],[-61.45038,-36.05144],[-61.43614,-36.03924],[-61.56005,-35.94276],[-61.54368,-35.92899],[-61.63612,-35.85274],[-61.50277,-35.74542],[-61.60119,-35.6645],[-61.57437,-35.64308],[-61.72474,-35.53738],[-61.78328,-35.58545],[-61.90631,-35.48561]]]},"properties":{"fid":207,"Entidad":0,"Objeto":"Departamento","FNA":"Partido de Pehuajó","GNA":"Partido","NAM":"Pehuajó","SAG":"ARBA - Gerencia de Servicios Catastrales","FDC":null,"IN1":"06609","SHAPE_STAr":0.451465320825,"SHAPE_STLe":3.50449541819}},{"type":"Feature","geometry":{"type":"Polygon","coordinates":[[[-61.15116,-34.77721],[-61.22255,-34.71737],[-61.20474,-34.70249],[-61.33848,-34.59217],[-61.43641,-34.67116],[-61.5164,-34.6032],[-61.59761,-34.66871],[-61.61162,-34.6567],[-61.64458,-34.68365],[-61.71161,-34.62803],[-61.7729,-34.67641],[-61.67347,-34.76095],[-61.90272,-34.95275],[-61.9832,-34.88603],[-62.10456,-34.98469],[-62.18537,-35.0507],[-62.16622,-35.06713],[-62.27061,-35.15177],[-62.21004,-35.20186],[-62.22502,-35.21414],[-62.14928,-35.28393],[-61.90631,-35.48561],[-61.78328,-35.58545],[-61.72474,-35.53738],[-61.53188,-35.37858],[-61.30094,-35.1852],[-61.41974,-35.08791],[-61.12769,-34.84741],[-61.18237,-34.80221],[-61.15116,-34.77721]]]},"properties":{"fid":232,"Entidad":0,"Objeto":"Departamento","FNA":"Partido de Lincoln","GNA":"Partido","NAM":"Lincoln","SAG":"ARBA - Gerencia de Servicios Catastrales","FDC":null,"IN1":"06469","SHAPE_STAr":0.571042214435,"SHAPE_STLe":3.76983908826}},{"type":"Feature","geometry":{"type":"Polygon","coordinates":[[[-61.53188,-35.37858],[-61.72474,-35.53738],[-61.57437,-35.64308],[-61.60119,-35.6645],[-61.50277,-35.74542],[-61.63612,-35.85274],[-61.54368,-35.92899],[-61.56005,-35.94276],[-61.43614,-36.03924],[-61.3934,-36.07181],[-61.33319,-36.02141],[-61.26976,-36.0711],[-61.0353,-35.87666],[-61.10173,-35.82476],[-61.0319,-35.76555],[-61.19676,-35.63547],[-61.18747,-35.62738],[-61.2726,-35.56008],[-61.28802,-35.57282],[-61.53188,-35.37858]]]},"properties":{"fid":203,"Entidad":0,"Objeto":"Departamento","FNA":"Partido de Carlos Casares","GNA":"Partido","NAM":"Carlos Casares","SAG":"ARBA - Gerencia de Servicios Catastrales","FDC":null,"IN1":"06147","SHAPE_STAr":0.252278103752,"SHAPE_STLe":2.43583348943}},{"type":"Feature","geometry":{"type":"Polygon","coordinates":[[[-60.53112,-36.00052],[-60.63807,-35.92107],[-60.69545,-35.96881],[-60.86792,-35.84001],[-60.96967,-35.92662],[-61.0353,-35.87666],[-61.26976,-36.0711],[-61.43969,-36.21442],[-61.4061,-36.24096],[-61.72467,-36.49426],[-61.68562,-36.53591],[-61.67698,-36.53008],[-61.61688,-36.5699],[-61.6641,-36.60689],[-61.49722,-36.74407],[-61.36885,-36.64099],[-61.25482,-36.73498],[-60.89623,-36.45134],[-60.92962,-36.42455],[-60.86612,-36.37219],[-60.90601,-36.34157],[-60.86025,-36.32251],[-60.80609,-36.25305],[-60.79908,-36.23156],[-60.81081,-36.21108],[-60.77699,-36.18494],[-60.77976,-36.1753],[-60.72734,-36.13721],[-60.69888,-36.13577],[-60.61288,-36.09241],[-60.61534,-36.08059],[-60.59451,-36.06969],[-60.57241,-36.02875],[-60.53112,-36.00052]]]},"properties":{"fid":254,"Entidad":0,"Objeto":"Departamento","FNA":"Partido de Bolívar","GNA":"Partido","NAM":"Bolívar","SAG":"ARBA - Gerencia de Servicios Catastrales","FDC":null,"IN1":"06105","SHAPE_STAr":0.495108311849,"SHAPE_STLe":3.62176014434}},{"type":"Feature","geometry":{"type":"Polygon","coordinates":[[[-60.52805,-35.4103],[-60.87001,-35.14576],[-60.98463,-35.2466],[-61.06251,-35.18678],[-61.15502,-35.26417],[-61.27818,-35.16585],[-61.30094,-35.1852],[-61.53188,-35.37858],[-61.28802,-35.57282],[-61.2726,-35.56008],[-61.18747,-35.62738],[-61.19676,-35.63547],[-61.0319,-35.76555],[-61.10173,-35.82476],[-61.0353,-35.87666],[-60.96967,-35.92662],[-60.86792,-35.84001],[-60.44488,-35.47332],[-60.52805,-35.4103]]]},"properties":{"fid":206,"Entidad":0,"Objeto":"Departamento","FNA":"Partido de 9 de Julio","GNA":"Partido","NAM":"9 de Julio","SAG":"ARBA - Gerencia de Servicios Catastrales","FDC":null,"IN1":"06588","SHAPE_STAr":0.426158791958,"SHAPE_STLe":3.02164725008}},{"type":"Feature","geometry":{"type":"Polygon","coordinates":[[[-60.81568,-34.78965],[-60.84925,-34.76302],[-60.90399,-34.81084],[-61.04818,-34.69291],[-61.15116,-34.77721],[-61.18237,-34.80221],[-61.12769,-34.84741],[-61.41974,-35.08791],[-61.30094,-35.1852],[-61.27818,-35.16585],[-61.15502,-35.26417],[-61.06251,-35.18678],[-60.98463,-35.2466],[-60.87001,-35.14576],[-60.75423,-35.0414],[-60.84769,-34.96808],[-60.72396,-34.86123],[-60.81568,-34.78965]]]},"properties":{"fid":243,"Entidad":0,"Objeto":"Departamento","FNA":"Partido de General Viamonte","GNA":"Partido","NAM":"General Viamonte","SAG":"ARBA - Gerencia de Servicios Catastrales","FDC":null,"IN1":"06385","SHAPE_STAr":0.211314560422,"SHAPE_STLe":2.19840096364}},{"type":"Feature","geometry":{"type":"Polygon","coordinates":[[[-59.55321,-36.00679],[-59.59244,-36.04053],[-59.61386,-36.02386],[-59.71806,-36.10585],[-59.79711,-36.04375],[-59.85865,-36.09567],[-59.83867,-36.11135],[-59.94754,-36.20211],[-59.96694,-36.2486],[-60.09018,-36.16134],[-60.24592,-36.30337],[-60.29692,-36.26707],[-60.35968,-36.32641],[-60.52355,-36.21403],[-60.56518,-36.2362],[-60.69888,-36.13577],[-60.72734,-36.13721],[-60.77976,-36.1753],[-60.77699,-36.18494],[-60.81081,-36.21108],[-60.79908,-36.23156],[-60.80609,-36.25305],[-60.86025,-36.32251],[-60.90601,-36.34157],[-60.86612,-36.37219],[-60.92962,-36.42455],[-60.89623,-36.45134],[-60.87544,-36.46783],[-60.76283,-36.37861],[-60.7288,-36.40269],[-60.64997,-36.34288],[-60.53223,-36.41252],[-60.43841,-36.49777],[-60.47805,-36.52973],[-60.3265,-36.65252],[-60.28557,-36.61995],[-60.16141,-36.71966],[-60.135,-36.67483],[-60.06283,-36.73181],[-59.91889,-36.61481],[-60.02369,-36.53184],[-59.93118,-36.46661],[-59.82391,-36.35854],[-59.7272,-36.28822],[-59.63458,-36.35887],[-59.48819,-36.22705],[-59.38245,-36.13538],[-59.55321,-36.00679]]]},"properties":{"fid":256,"Entidad":0,"Objeto":"Departamento","FNA":"Partido de Tapalqué","GNA":"Partido","NAM":"Tapalqué","SAG":"ARBA - Gerencia de Servicios Catastrales","FDC":null,"IN1":"06798","SHAPE_STAr":0.418482438011,"SHAPE_STLe":4.69889455287}},{"type":"Feature","geometry":{"type":"Polygon","coordinates":[[[-60.46028,-34.86238],[-60.49468,-34.83849],[-60.52928,-34.84162],[-60.54081,-34.82152],[-60.55827,-34.82957],[-60.58805,-34.81675],[-60.62763,-34.75965],[-60.62576,-34.74336],[-60.65771,-34.70927],[-60.68637,-34.70765],[-60.68532,-34.65704],[-60.71396,-34.64713],[-60.79551,-34.71747],[-60.76449,-34.74103],[-60.81568,-34.78965],[-60.72396,-34.86123],[-60.84769,-34.96808],[-60.75423,-35.0414],[-60.87001,-35.14576],[-60.52805,-35.4103],[-60.3231,-35.22972],[-60.31579,-35.22313],[-60.35384,-35.19383],[-60.33853,-35.17974],[-60.36504,-35.15958],[-60.32894,-35.12766],[-60.38869,-35.08823],[-60.44002,-35.03678],[-60.43491,-35.01639],[-60.47391,-34.99761],[-60.48776,-34.9748],[-60.4746,-34.93991],[-60.45304,-34.93041],[-60.44871,-34.87931],[-60.46028,-34.86238]]]},"properties":{"fid":240,"Entidad":0,"Objeto":"Departamento","FNA":"Partido de Bragado","GNA":"Partido","NAM":"Bragado","SAG":"ARBA - Gerencia de Servicios Catastrales","FDC":null,"IN1":"06112","SHAPE_STAr":0.217241082694,"SHAPE_STLe":2.51641218599}},{"type":"Feature","geometry":{"type":"Polygon","coordinates":[[[-60.02109,-35.10804],[-60.23504,-35.29586],[-60.3231,-35.22972],[-60.52805,-35.4103],[-60.44488,-35.47332],[-60.86792,-35.84001],[-60.69545,-35.96881],[-60.63807,-35.92107],[-60.53112,-36.00052],[-60.51864,-35.98565],[-60.4954,-35.99513],[-60.47095,-35.98106],[-60.46155,-35.94931],[-60.41714,-35.92824],[-60.38552,-35.89004],[-60.37599,-35.89274],[-60.21391,-35.75617],[-60.11673,-35.66444],[-60.05925,-35.70946],[-60.02437,-35.69562],[-60.02575,-35.67235],[-60.00544,-35.6617],[-60.03395,-35.65624],[-60.03997,-35.6242],[-60.0106,-35.5971],[-60.00979,-35.57566],[-60.02873,-35.55525],[-60.00489,-35.52892],[-59.90604,-35.48093],[-59.83035,-35.49694],[-59.77501,-35.47847],[-59.76867,-35.45104],[-59.82544,-35.40735],[-59.75548,-35.34674],[-59.7129,-35.37877],[-59.64251,-35.31661],[-59.58576,-35.35996],[-59.50606,-35.28926],[-59.53575,-35.28189],[-59.55253,-35.25494],[-59.54301,-35.20435],[-59.5752,-35.17762],[-59.66388,-35.21001],[-59.67041,-35.22315],[-59.69912,-35.21095],[-59.72139,-35.22268],[-59.74638,-35.19598],[-59.76143,-35.19714],[-59.77529,-35.17336],[-59.7923,-35.18269],[-59.82224,-35.17682],[-59.83573,-35.15778],[-59.87039,-35.15261],[-59.87865,-35.13171],[-59.90557,-35.11487],[-59.97364,-35.13279],[-60.02109,-35.10804]]]},"properties":{"fid":205,"Entidad":0,"Objeto":"Departamento","FNA":"Partido de 25 de Mayo","GNA":"Partido","NAM":"25 de Mayo","SAG":"ARBA - Gerencia de Servicios Catastrales","FDC":null,"IN1":"06854","SHAPE_STAr":0.475909173796,"SHAPE_STLe":4.34082573124}},{"type":"Feature","geometry":{"type":"Polygon","coordinates":[[[-60.69888,-36.13577],[-60.56518,-36.2362],[-60.52355,-36.21403],[-60.35968,-36.32641],[-60.29692,-36.26707],[-60.24592,-36.30337],[-60.09018,-36.16134],[-59.96694,-36.2486],[-59.94754,-36.20211],[-59.83867,-36.11135],[-59.85865,-36.09567],[-59.79711,-36.04375],[-59.71806,-36.10585],[-59.61386,-36.02386],[-59.59244,-36.04053],[-59.55321,-36.00679],[-59.51648,-35.97599],[-59.70006,-35.83167],[-59.75226,-35.83455],[-59.77431,-35.84717],[-59.79202,-35.84103],[-59.81461,-35.85428],[-59.83543,-35.84929],[-59.87234,-35.87667],[-59.87115,-35.89925],[-59.8856,-35.91259],[-60.05608,-35.78053],[-60.11796,-35.83367],[-60.21391,-35.75617],[-60.37599,-35.89274],[-60.38552,-35.89004],[-60.41714,-35.92824],[-60.46155,-35.94931],[-60.47095,-35.98106],[-60.4954,-35.99513],[-60.51864,-35.98565],[-60.53112,-36.00052],[-60.57241,-36.02875],[-60.59451,-36.06969],[-60.61534,-36.08059],[-60.61288,-36.09241],[-60.69888,-36.13577]]]},"properties":{"fid":250,"Entidad":0,"Objeto":"Departamento","FNA":"Partido de General Alvear","GNA":"Partido","NAM":"General Alvear","SAG":"ARBA - Gerencia de Servicios Catastrales","FDC":null,"IN1":"06287","SHAPE_STAr":0.336636758204,"SHAPE_STLe":3.23091430023}},{"type":"Feature","geometry":{"type":"Polygon","coordinates":[[[-60.24355,-34.82996],[-60.32251,-34.76153],[-60.36223,-34.7958],[-60.37256,-34.78764],[-60.46028,-34.86238],[-60.44871,-34.87931],[-60.45304,-34.93041],[-60.4746,-34.93991],[-60.48776,-34.9748],[-60.47391,-34.99761],[-60.43491,-35.01639],[-60.44002,-35.03678],[-60.38869,-35.08823],[-60.32894,-35.12766],[-60.36504,-35.15958],[-60.33853,-35.17974],[-60.35384,-35.19383],[-60.31579,-35.22313],[-60.3231,-35.22972],[-60.23504,-35.29586],[-60.02109,-35.10804],[-60.05429,-35.09075],[-60.13272,-35.08242],[-60.15125,-35.06564],[-60.11875,-35.03516],[-60.30415,-34.8811],[-60.24355,-34.82996]]]},"properties":{"fid":239,"Entidad":0,"Objeto":"Departamento","FNA":"Partido de Alberti","GNA":"Partido","NAM":"Alberti","SAG":"ARBA - Gerencia de Servicios Catastrales","FDC":null,"IN1":"06021","SHAPE_STAr":0.110898844282,"SHAPE_STLe":1.79374308533}},{"type":"Feature","geometry":{"type":"Polygon","coordinates":[[[-59.94468,-34.67198],[-59.96787,-34.69185],[-59.99296,-34.67401],[-60.0066,-34.64101],[-60.06352,-34.69113],[-60.10685,-34.6575],[-60.19184,-34.72874],[-60.17414,-34.74305],[-60.19076,-34.75677],[-60.17299,-34.77025],[-60.24355,-34.82996],[-60.30415,-34.8811],[-60.11875,-35.03516],[-60.15125,-35.06564],[-60.13272,-35.08242],[-60.05429,-35.09075],[-60.02109,-35.10804],[-59.97364,-35.13279],[-59.90557,-35.11487],[-59.87865,-35.13171],[-59.87039,-35.15261],[-59.83573,-35.15778],[-59.82224,-35.17682],[-59.60518,-34.99771],[-59.63537,-34.95799],[-59.79812,-34.82566],[-59.80914,-34.80541],[-59.79005,-34.78848],[-59.94468,-34.67198]]]},"properties":{"fid":238,"Entidad":0,"Objeto":"Departamento","FNA":"Partido de Chivilcoy","GNA":"Partido","NAM":"Chivilcoy","SAG":"ARBA - Gerencia de Servicios Catastrales","FDC":null,"IN1":"06224","SHAPE_STAr":0.20309393464,"SHAPE_STLe":2.13240600782}},{"type":"Feature","geometry":{"type":"Polygon","coordinates":[[[-59.18144,-35.75551],[-59.41261,-35.58613],[-59.34967,-35.52944],[-59.37696,-35.53688],[-59.47094,-35.49348],[-59.49552,-35.49308],[-59.52448,-35.4564],[-59.59976,-35.46271],[-59.62052,-35.45138],[-59.64772,-35.46924],[-59.77501,-35.47847],[-59.83035,-35.49694],[-59.90604,-35.48093],[-60.00489,-35.52892],[-60.02873,-35.55525],[-60.00979,-35.57566],[-60.0106,-35.5971],[-60.03997,-35.6242],[-60.03395,-35.65624],[-60.00544,-35.6617],[-60.02575,-35.67235],[-60.02437,-35.69562],[-60.05925,-35.70946],[-60.11673,-35.66444],[-60.21391,-35.75617],[-60.11796,-35.83367],[-60.05608,-35.78053],[-59.8856,-35.91259],[-59.87115,-35.89925],[-59.87234,-35.87667],[-59.83543,-35.84929],[-59.81461,-35.85428],[-59.79202,-35.84103],[-59.77431,-35.84717],[-59.75226,-35.83455],[-59.70006,-35.83167],[-59.67614,-35.83333],[-59.64712,-35.86164],[-59.56943,-35.85382],[-59.5057,-35.817],[-59.48137,-35.82021],[-59.47954,-35.81092],[-59.41642,-35.8022],[-59.37936,-35.81739],[-59.34727,-35.8036],[-59.31845,-35.80945],[-59.30299,-35.79504],[-59.24094,-35.79317],[-59.18144,-35.75551]]]},"properties":{"fid":10,"Entidad":0,"Objeto":"Departamento","FNA":"Partido de Saladillo","GNA":"Partido","NAM":"Saladillo","SAG":"ARBA - Gerencia de Servicios Catastrales","FDC":null,"IN1":"06707","SHAPE_STAr":0.269443881114,"SHAPE_STLe":3.10732477865}},{"type":"Feature","geometry":{"type":"Polygon","coordinates":[[[-59.12028,-35.43077],[-59.1283,-35.43635],[-59.1646,-35.42057],[-59.16658,-35.40619],[-59.18251,-35.40901],[-59.20448,-35.395],[-59.26286,-35.39068],[-59.29261,-35.3654],[-59.32252,-35.37468],[-59.32209,-35.35916],[-59.34899,-35.34418],[-59.36015,-35.35086],[-59.38007,-35.33345],[-59.39338,-35.29095],[-59.44177,-35.30812],[-59.46241,-35.29874],[-59.46851,-35.30737],[-59.48078,-35.28715],[-59.50606,-35.28926],[-59.58576,-35.35996],[-59.64251,-35.31661],[-59.7129,-35.37877],[-59.75548,-35.34674],[-59.82544,-35.40735],[-59.76867,-35.45104],[-59.77501,-35.47847],[-59.64772,-35.46924],[-59.62052,-35.45138],[-59.59976,-35.46271],[-59.52448,-35.4564],[-59.49552,-35.49308],[-59.47094,-35.49348],[-59.37696,-35.53688],[-59.34967,-35.52944],[-59.41261,-35.58613],[-59.18144,-35.75551],[-59.17488,-35.71201],[-59.13108,-35.69818],[-59.13976,-35.66625],[-59.14301,-35.62562],[-59.08154,-35.6163],[-59.08004,-35.60683],[-59.03609,-35.6117],[-59.02542,-35.58026],[-59.03437,-35.56489],[-59.03665,-35.55163],[-59.0494,-35.55161],[-59.04781,-35.52916],[-59.01181,-35.5113],[-59.00934,-35.47971],[-59.03443,-35.46038],[-59.0847,-35.44707],[-59.10537,-35.42675],[-59.12028,-35.43077]]]},"properties":{"fid":212,"Entidad":0,"Objeto":"Departamento","FNA":"Partido de Roque Pérez","GNA":"Partido","NAM":"Roque Pérez","SAG":"ARBA - Gerencia de Servicios Catastrales","FDC":null,"IN1":"06693","SHAPE_STAr":0.154555404208,"SHAPE_STLe":2.70116704084}},{"type":"Feature","geometry":{"type":"Polygon","coordinates":[[[-59.16809,-34.79942],[-59.19219,-34.8121],[-59.20452,-34.79623],[-59.27871,-34.83435],[-59.28944,-34.82168],[-59.32054,-34.83685],[-59.37317,-34.89113],[-59.40873,-34.84242],[-59.46651,-34.87259],[-59.63537,-34.95799],[-59.60518,-34.99771],[-59.82224,-35.17682],[-59.7923,-35.18269],[-59.77529,-35.17336],[-59.76143,-35.19714],[-59.74638,-35.19598],[-59.72139,-35.22268],[-59.69912,-35.21095],[-59.67041,-35.22315],[-59.66388,-35.21001],[-59.5752,-35.17762],[-59.54301,-35.20435],[-59.55253,-35.25494],[-59.25145,-35.09828],[-59.24769,-35.06479],[-59.22134,-35.08509],[-59.07111,-34.96133],[-59.21873,-34.85257],[-59.16498,-34.80347],[-59.16809,-34.79942]]]},"properties":{"fid":246,"Entidad":0,"Objeto":"Departamento","FNA":"Partido de Navarro","GNA":"Partido","NAM":"Navarro","SAG":"ARBA - Gerencia de Servicios Catastrales","FDC":null,"IN1":"06574","SHAPE_STAr":0.159965620834,"SHAPE_STLe":2.23795692347}},{"type":"Feature","geometry":{"type":"Polygon","coordinates":[[[-58.70753,-36.01728],[-58.74902,-35.98472],[-58.72917,-35.96755],[-58.89182,-35.84017],[-58.90058,-35.84745],[-58.95675,-35.80319],[-58.97442,-35.81693],[-59.13976,-35.66625],[-59.13108,-35.69818],[-59.17488,-35.71201],[-59.18144,-35.75551],[-59.24094,-35.79317],[-59.30299,-35.79504],[-59.31845,-35.80945],[-59.34727,-35.8036],[-59.37936,-35.81739],[-59.41642,-35.8022],[-59.47954,-35.81092],[-59.48137,-35.82021],[-59.5057,-35.817],[-59.56943,-35.85382],[-59.64712,-35.86164],[-59.67614,-35.83333],[-59.70006,-35.83167],[-59.51648,-35.97599],[-59.55321,-36.00679],[-59.38245,-36.13538],[-59.48819,-36.22705],[-59.28916,-36.37472],[-59.2184,-36.32121],[-59.10597,-36.27477],[-59.10308,-36.247],[-59.08102,-36.23949],[-59.07103,-36.22162],[-59.02868,-36.21683],[-58.84132,-36.1414],[-58.82886,-36.11082],[-58.8092,-36.10567],[-58.70753,-36.01728]]]},"properties":{"fid":11,"Entidad":0,"Objeto":"Departamento","FNA":"Partido de Las Flores","GNA":"Partido","NAM":"Las Flores","SAG":"ARBA - Gerencia de Servicios Catastrales","FDC":null,"IN1":"06455","SHAPE_STAr":0.334016324637,"SHAPE_STLe":3.13651105212}},{"type":"Feature","geometry":{"type":"Polygon","coordinates":[[[-58.9341,-35.10351],[-59.01481,-35.04129],[-58.99258,-35.02143],[-59.07111,-34.96133],[-59.22134,-35.08509],[-59.24769,-35.06479],[-59.25145,-35.09828],[-59.55253,-35.25494],[-59.53575,-35.28189],[-59.50606,-35.28926],[-59.48078,-35.28715],[-59.46851,-35.30737],[-59.46241,-35.29874],[-59.44177,-35.30812],[-59.39338,-35.29095],[-59.38007,-35.33345],[-59.36015,-35.35086],[-59.34899,-35.34418],[-59.32209,-35.35916],[-59.32252,-35.37468],[-59.29261,-35.3654],[-59.26286,-35.39068],[-59.20448,-35.395],[-59.18251,-35.40901],[-59.16658,-35.40619],[-59.1646,-35.42057],[-59.1283,-35.43635],[-59.12028,-35.43077],[-59.02541,-35.35227],[-59.00584,-35.36692],[-58.9795,-35.34234],[-58.93576,-35.33413],[-58.92511,-35.3417],[-58.81185,-35.24243],[-58.89485,-35.17619],[-58.86897,-35.15357],[-58.9341,-35.10351]]]},"properties":{"fid":249,"Entidad":0,"Objeto":"Departamento","FNA":"Partido de Lobos","GNA":"Partido","NAM":"Lobos","SAG":"ARBA - Gerencia de Servicios Catastrales","FDC":null,"IN1":"06483","SHAPE_STAr":0.170830675822,"SHAPE_STLe":2.1324299631}},{"type":"Feature","geometry":{"type":"Polygon","coordinates":[[[-59.09013,-37.06278],[-59.04075,-37.02608],[-59.0215,-36.9601],[-59.00267,-36.94465],[-58.93688,-36.93605],[-58.91121,-36.87642],[-58.87309,-36.86076],[-58.86682,-36.83837],[-58.83701,-36.83625],[-58.79518,-36.806],[-58.79087,-36.78911],[-58.71996,-36.75258],[-58.66685,-36.74293],[-58.72095,-36.70023],[-58.43724,-36.4521],[-58.5791,-36.34737],[-58.59751,-36.36368],[-58.78151,-36.22688],[-58.76309,-36.20831],[-58.84132,-36.1414],[-59.02868,-36.21683],[-59.07103,-36.22162],[-59.08102,-36.23949],[-59.10308,-36.247],[-59.10597,-36.27477],[-59.2184,-36.32121],[-59.28916,-36.37472],[-59.22971,-36.42085],[-59.25,-36.43753],[-59.1909,-36.48309],[-59.20281,-36.49323],[-59.13842,-36.54288],[-59.19554,-36.59087],[-59.2219,-36.57439],[-59.22656,-36.61687],[-59.25532,-36.64688],[-59.28153,-36.76464],[-59.34768,-36.81704],[-59.35931,-36.84514],[-59.09013,-37.06278]]]},"properties":{"fid":46,"Entidad":0,"Objeto":"Departamento","FNA":"Partido de Rauch","GNA":"Partido","NAM":"Rauch","SAG":"ARBA - Gerencia de Servicios Catastrales","FDC":null,"IN1":"06672","SHAPE_STAr":0.434206113856,"SHAPE_STLe":3.39485079002}},{"type":"Feature","geometry":{"type":"Polygon","coordinates":[[[-58.9341,-35.10351],[-58.77748,-34.96496],[-58.79108,-34.95527],[-58.85909,-34.90405],[-58.84527,-34.89171],[-58.92511,-34.82631],[-58.93619,-34.81783],[-58.9515,-34.83118],[-59.03175,-34.76382],[-59.09121,-34.71923],[-59.16498,-34.80347],[-59.21873,-34.85257],[-59.07111,-34.96133],[-58.99258,-35.02143],[-59.01481,-35.04129],[-58.9341,-35.10351]]]},"properties":{"fid":241,"Entidad":0,"Objeto":"Departamento","FNA":"Partido de General Las Heras","GNA":"Partido","NAM":"General Las Heras","SAG":"ARBA - Gerencia de Servicios Catastrales","FDC":null,"IN1":"06329","SHAPE_STAr":0.0741011631895,"SHAPE_STLe":1.26243887881}},{"type":"Feature","geometry":{"type":"Polygon","coordinates":[[[-59.03437,-35.56489],[-59.02542,-35.58026],[-59.03609,-35.6117],[-59.08004,-35.60683],[-59.08154,-35.6163],[-59.14301,-35.62562],[-59.13976,-35.66625],[-58.97442,-35.81693],[-58.95675,-35.80319],[-58.90058,-35.84745],[-58.89182,-35.84017],[-58.72917,-35.96755],[-58.74902,-35.98472],[-58.70753,-36.01728],[-58.57185,-36.12097],[-58.28245,-35.86071],[-58.29626,-35.85341],[-58.31209,-35.86781],[-58.33695,-35.86276],[-58.34275,-35.84359],[-58.38363,-35.81905],[-58.41355,-35.81474],[-58.41757,-35.79022],[-58.45364,-35.76954],[-58.45166,-35.74119],[-58.43625,-35.73305],[-58.44138,-35.70287],[-58.46259,-35.68659],[-58.48652,-35.70694],[-58.50406,-35.7538],[-58.52453,-35.72248],[-58.53678,-35.72566],[-58.54136,-35.7463],[-58.59509,-35.7501],[-58.60863,-35.74111],[-58.62906,-35.75108],[-58.6581,-35.74416],[-58.66171,-35.72458],[-58.71602,-35.72173],[-58.76172,-35.75664],[-58.788,-35.70097],[-58.84314,-35.68185],[-58.8392,-35.65631],[-58.87657,-35.6401],[-58.8883,-35.62112],[-58.88186,-35.59313],[-58.9076,-35.59409],[-58.90375,-35.60551],[-58.94742,-35.62297],[-58.97394,-35.58998],[-59.00303,-35.59494],[-59.03437,-35.56489]]]},"properties":{"fid":209,"Entidad":0,"Objeto":"Departamento","FNA":"Partido de General Belgrano","GNA":"Partido","NAM":"General Belgrano","SAG":"ARBA - Gerencia de Servicios Catastrales","FDC":null,"IN1":"06301","SHAPE_STAr":0.185287076352,"SHAPE_STLe":2.74905512573}},{"type":"Feature","geometry":{"type":"Polygon","coordinates":[[[-58.58208,-35.42143],[-58.66313,-35.35495],[-58.67415,-35.36038],[-58.70743,-35.33509],[-58.67832,-35.30447],[-58.74675,-35.2527],[-58.77077,-35.27398],[-58.81185,-35.24243],[-58.92511,-35.3417],[-58.93576,-35.33413],[-58.9795,-35.34234],[-59.00584,-35.36692],[-59.02541,-35.35227],[-59.12028,-35.43077],[-59.10537,-35.42675],[-59.0847,-35.44707],[-59.03443,-35.46038],[-59.00934,-35.47971],[-59.01181,-35.5113],[-59.04781,-35.52916],[-59.0494,-35.55161],[-59.03665,-35.55163],[-59.03437,-35.56489],[-59.00303,-35.59494],[-58.97394,-35.58998],[-58.94742,-35.62297],[-58.90375,-35.60551],[-58.9076,-35.59409],[-58.88186,-35.59313],[-58.8883,-35.62112],[-58.87657,-35.6401],[-58.8392,-35.65631],[-58.84314,-35.68185],[-58.788,-35.70097],[-58.76172,-35.75664],[-58.71602,-35.72173],[-58.66171,-35.72458],[-58.6581,-35.74416],[-58.62906,-35.75108],[-58.60863,-35.74111],[-58.59509,-35.7501],[-58.54136,-35.7463],[-58.53678,-35.72566],[-58.52453,-35.72248],[-58.50406,-35.7538],[-58.48652,-35.70694],[-58.49936,-35.64514],[-58.56871,-35.5959],[-58.47049,-35.51194],[-58.58208,-35.42143]]]},"properties":{"fid":211,"Entidad":0,"Objeto":"Departamento","FNA":"Partido de Monte","GNA":"Partido","NAM":"Monte","SAG":"ARBA - Gerencia de Servicios Catastrales","FDC":null,"IN1":"06547","SHAPE_STAr":0.186342025821,"SHAPE_STLe":2.41990955769}},{"type":"Feature","geometry":{"type":"Polygon","coordinates":[[[-58.86029,-34.68521],[-58.8637,-34.68337],[-58.93534,-34.70373],[-58.99829,-34.76279],[-59.03175,-34.76382],[-58.9515,-34.83118],[-58.93619,-34.81783],[-58.92511,-34.82631],[-58.84527,-34.89171],[-58.85909,-34.90405],[-58.79108,-34.95527],[-58.76408,-34.95849],[-58.72769,-34.92421],[-58.69411,-34.91219],[-58.76249,-34.85842],[-58.74986,-34.84737],[-58.77324,-34.82761],[-58.70705,-34.81127],[-58.75025,-34.77759],[-58.86089,-34.70133],[-58.86029,-34.68521]]]},"properties":{"fid":242,"Entidad":0,"Objeto":"Departamento","FNA":"Partido de Marcos Paz","GNA":"Partido","NAM":"Marcos Paz","SAG":"ARBA - Gerencia de Servicios Catastrales","FDC":null,"IN1":"06525","SHAPE_STAr":0.0415915427163,"SHAPE_STLe":1.10497793517}},{"type":"Feature","geometry":{"type":"Polygon","coordinates":[[[-58.46797,-35.23842],[-58.57792,-35.15166],[-58.57932,-35.06835],[-58.60044,-35.05242],[-58.55627,-35.00705],[-58.62015,-34.96074],[-58.59905,-34.94295],[-58.65033,-34.89109],[-58.69411,-34.91219],[-58.72769,-34.92421],[-58.76408,-34.95849],[-58.79108,-34.95527],[-58.77748,-34.96496],[-58.9341,-35.10351],[-58.86897,-35.15357],[-58.89485,-35.17619],[-58.81185,-35.24243],[-58.77077,-35.27398],[-58.74675,-35.2527],[-58.67832,-35.30447],[-58.70743,-35.33509],[-58.67415,-35.36038],[-58.66313,-35.35495],[-58.58208,-35.42143],[-58.52511,-35.36657],[-58.57165,-35.3282],[-58.46797,-35.23842]]]},"properties":{"fid":247,"Entidad":0,"Objeto":"Departamento","FNA":"Partido de Cañuelas","GNA":"Partido","NAM":"Cañuelas","SAG":"ARBA - Gerencia de Servicios Catastrales","FDC":null,"IN1":"06134","SHAPE_STAr":0.11733186506,"SHAPE_STLe":1.79903546774}},{"type":"Feature","geometry":{"type":"Polygon","coordinates":[[[-58.66738,-34.68599],[-58.72903,-34.63478],[-58.75755,-34.66048],[-58.81795,-34.68548],[-58.86029,-34.68521],[-58.86089,-34.70133],[-58.75025,-34.77759],[-58.7284,-34.75931],[-58.70388,-34.77871],[-58.68194,-34.7595],[-58.67361,-34.76633],[-58.65792,-34.7533],[-58.67546,-34.73929],[-58.63615,-34.71503],[-58.64097,-34.70454],[-58.66738,-34.68599]]]},"properties":{"fid":214,"Entidad":0,"Objeto":"Departamento","FNA":"Partido de Merlo","GNA":"Partido","NAM":"Merlo","SAG":"ARBA - Gerencia de Servicios Catastrales","FDC":null,"IN1":"06539","SHAPE_STAr":0.0171276633516,"SHAPE_STLe":0.632400497267}},{"type":"Feature","geometry":{"type":"Polygon","coordinates":[[[-58.16495,-35.86756],[-58.18523,-35.86348],[-58.20432,-35.82572],[-58.22241,-35.81944],[-58.26382,-35.82305],[-58.27113,-35.85792],[-58.28245,-35.86071],[-58.57185,-36.12097],[-58.70753,-36.01728],[-58.8092,-36.10567],[-58.82886,-36.11082],[-58.84132,-36.1414],[-58.76309,-36.20831],[-58.78151,-36.22688],[-58.59751,-36.36368],[-58.5791,-36.34737],[-58.43724,-36.4521],[-58.21304,-36.61547],[-58.22618,-36.62767],[-58.22619,-36.62768],[-58.21763,-36.63514],[-58.22618,-36.62767],[-58.2037,-36.60791],[-58.12935,-36.5406],[-58.10146,-36.52129],[-58.18942,-36.45236],[-57.98732,-36.2774],[-57.97175,-36.26396],[-57.95972,-36.25292],[-58.09322,-36.15481],[-57.9668,-36.06463],[-58.00434,-36.04214],[-58.02543,-36.03205],[-58.03474,-36.00229],[-58.00814,-35.96055],[-58.01624,-35.94535],[-58.09209,-35.94985],[-58.09067,-35.93923],[-58.1112,-35.93343],[-58.10252,-35.92167],[-58.13754,-35.90545],[-58.14723,-35.86657],[-58.16495,-35.86756]]]},"properties":{"fid":252,"Entidad":0,"Objeto":"Departamento","FNA":"Partido de Pila","GNA":"Partido","NAM":"Pila","SAG":"ARBA - Gerencia de Servicios Catastrales","FDC":null,"IN1":"06630","SHAPE_STAr":0.345675114984,"SHAPE_STLe":3.17917989112}},{"type":"Feature","geometry":{"type":"Polygon","coordinates":[[[-58.52921,-34.65464],[-58.55611,-34.6347],[-58.58188,-34.64317],[-58.64097,-34.70454],[-58.63615,-34.71503],[-58.67546,-34.73929],[-58.65792,-34.7533],[-58.67361,-34.76633],[-58.68194,-34.7595],[-58.70388,-34.77871],[-58.7284,-34.75931],[-58.75025,-34.77759],[-58.70705,-34.81127],[-58.77324,-34.82761],[-58.74986,-34.84737],[-58.76249,-34.85842],[-58.69411,-34.91219],[-58.65033,-34.89109],[-58.61551,-34.81853],[-58.59448,-34.80557],[-58.56815,-34.75883],[-58.53751,-34.75695],[-58.53875,-34.74681],[-58.52051,-34.74106],[-58.5008,-34.72299],[-58.48412,-34.73256],[-58.4645,-34.70321],[-58.50262,-34.67459],[-58.52921,-34.65464]]]},"properties":{"fid":19,"Entidad":0,"Objeto":"Departamento","FNA":"Partido de La Matanza","GNA":"Partido","NAM":"La Matanza","SAG":"ARBA - Gerencia de Servicios Catastrales","FDC":null,"IN1":"06427","SHAPE_STAr":0.0322424202618,"SHAPE_STLe":1.13488053237}},{"type":"Feature","geometry":{"type":"Polygon","coordinates":[[[-58.65349,-34.63161],[-58.69393,-34.59374],[-58.71337,-34.60564],[-58.72903,-34.63478],[-58.66738,-34.68599],[-58.65349,-34.63161]]]},"properties":{"fid":233,"Entidad":0,"Objeto":"Departamento","FNA":"Partido de Ituzaingó","GNA":"Partido","NAM":"Ituzaingó","SAG":"ARBA - Gerencia de Servicios Catastrales","FDC":null,"IN1":"06410","SHAPE_STAr":0.00374253458089,"SHAPE_STLe":0.256839368298}},{"type":"Feature","geometry":{"type":"Polygon","coordinates":[[[-58.49186,-34.92763],[-58.51033,-34.90168],[-58.50285,-34.85496],[-58.52446,-34.77997],[-58.52051,-34.74106],[-58.53875,-34.74681],[-58.53751,-34.75695],[-58.56815,-34.75883],[-58.59448,-34.80557],[-58.61551,-34.81853],[-58.65033,-34.89109],[-58.59905,-34.94295],[-58.62015,-34.96074],[-58.55627,-35.00705],[-58.55317,-34.97628],[-58.49191,-34.93017],[-58.49186,-34.92763]]]},"properties":{"fid":244,"Entidad":0,"Objeto":"Departamento","FNA":"Partido de Ezeiza","GNA":"Partido","NAM":"Ezeiza","SAG":"ARBA - Gerencia de Servicios Catastrales","FDC":null,"IN1":"06270","SHAPE_STAr":0.0234829157615,"SHAPE_STLe":0.780911927873}},{"type":"Feature","geometry":{"type":"Polygon","coordinates":[[[-58.46797,-35.23842],[-58.44296,-35.21624],[-58.35271,-35.13786],[-58.33884,-35.14853],[-58.27343,-35.09287],[-58.23627,-35.05828],[-58.24658,-35.04828],[-58.2884,-35.01727],[-58.27717,-35.00942],[-58.30079,-34.97168],[-58.2882,-34.96504],[-58.31632,-34.92633],[-58.39462,-34.95888],[-58.40833,-34.97787],[-58.43038,-34.97806],[-58.4687,-35.01127],[-58.46305,-34.95145],[-58.49191,-34.93017],[-58.55317,-34.97628],[-58.55627,-35.00705],[-58.60044,-35.05242],[-58.57932,-35.06835],[-58.57792,-35.15166],[-58.46797,-35.23842]]]},"properties":{"fid":248,"Entidad":0,"Objeto":"Departamento","FNA":"Partido de San Vicente","GNA":"Partido","NAM":"San Vicente","SAG":"ARBA - Gerencia de Servicios Catastrales","FDC":null,"IN1":"06778","SHAPE_STAr":0.0653057173252,"SHAPE_STLe":1.25168477961}},{"type":"Feature","geometry":{"type":"Polygon","coordinates":[[[-58.15499,-35.40826],[-58.18685,-35.38258],[-58.21927,-35.40804],[-58.25955,-35.37711],[-58.24682,-35.36532],[-58.44296,-35.21624],[-58.46797,-35.23842],[-58.57165,-35.3282],[-58.52511,-35.36657],[-58.58208,-35.42143],[-58.47049,-35.51194],[-58.56871,-35.5959],[-58.49936,-35.64514],[-58.48652,-35.70694],[-58.46259,-35.68659],[-58.44138,-35.70287],[-58.43625,-35.73305],[-58.15239,-35.47237],[-58.19391,-35.44095],[-58.15499,-35.40826]]]},"properties":{"fid":20,"Entidad":0,"Objeto":"Departamento","FNA":"Partido de General Paz","GNA":"Partido","NAM":"General Paz","SAG":"ARBA - Gerencia de Servicios Catastrales","FDC":null,"IN1":"06343","SHAPE_STAr":0.119152712351,"SHAPE_STLe":1.74176605679}},{"type":"Feature","geometry":{"type":"Polygon","coordinates":[[[-58.5008,-34.72299],[-58.52051,-34.74106],[-58.52446,-34.77997],[-58.50285,-34.85496],[-58.51033,-34.90168],[-58.49186,-34.92763],[-58.41304,-34.87358],[-58.44775,-34.82599],[-58.43053,-34.81725],[-58.5008,-34.72299]]]},"properties":{"fid":215,"Entidad":0,"Objeto":"Departamento","FNA":"Partido de Esteban Echeverría","GNA":"Partido","NAM":"Esteban Echeverría","SAG":"ARBA - Gerencia de Servicios Catastrales","FDC":null,"IN1":"06260","SHAPE_STAr":0.0119530189391,"SHAPE_STLe":0.529402090395}},{"type":"Feature","geometry":{"type":"Polygon","coordinates":[[[-61.43614,-36.03924],[-61.45038,-36.05144],[-61.49149,-36.0191],[-61.59672,-36.10728],[-61.61637,-36.09159],[-61.68908,-36.14031],[-61.70262,-36.12927],[-61.74244,-36.16208],[-61.77255,-36.13856],[-61.94475,-36.26856],[-61.92118,-36.28843],[-61.94432,-36.31492],[-61.97444,-36.33363],[-62.01496,-36.30064],[-62.04825,-36.3259],[-61.95453,-36.40413],[-61.91207,-36.38578],[-61.76341,-36.52495],[-61.72467,-36.49426],[-61.4061,-36.24096],[-61.43969,-36.21442],[-61.26976,-36.0711],[-61.33319,-36.02141],[-61.3934,-36.07181],[-61.43614,-36.03924]]]},"properties":{"fid":257,"Entidad":0,"Objeto":"Departamento","FNA":"Partido de Hipólito Yrigoyen","GNA":"Partido","NAM":"Hipólito Yrigoyen","SAG":"ARBA - Gerencia de Servicios Catastrales","FDC":null,"IN1":"06406","SHAPE_STAr":0.16499115635,"SHAPE_STLe":2.20755778239}},{"type":"Feature","geometry":{"type":"Polygon","coordinates":[[[-62.04825,-36.3259],[-62.14431,-36.24547],[-62.17895,-36.27188],[-62.20548,-36.24959],[-62.47329,-36.45721],[-62.41154,-36.50918],[-62.38467,-36.48844],[-62.224,-36.62264],[-62.24898,-36.64596],[-62.20179,-36.68458],[-62.17548,-36.66331],[-62.00005,-36.81165],[-61.98355,-36.8047],[-61.99618,-36.82049],[-62.01662,-36.8223],[-61.99326,-36.85424],[-62.0197,-36.84969],[-61.85977,-36.99255],[-61.77816,-36.93042],[-61.76002,-36.94597],[-61.70785,-36.90719],[-61.60463,-36.99442],[-61.42348,-36.86458],[-61.25482,-36.73498],[-61.36885,-36.64099],[-61.49722,-36.74407],[-61.6641,-36.60689],[-61.61688,-36.5699],[-61.67698,-36.53008],[-61.68562,-36.53591],[-61.72467,-36.49426],[-61.76341,-36.52495],[-61.91207,-36.38578],[-61.95453,-36.40413],[-62.04825,-36.3259]]]},"properties":{"fid":260,"Entidad":0,"Objeto":"Departamento","FNA":"Partido de Daireaux","GNA":"Partido","NAM":"Daireaux","SAG":"ARBA - Gerencia de Servicios Catastrales","FDC":null,"IN1":"06231","SHAPE_STAr":0.385208770164,"SHAPE_STLe":3.5507465487}},{"type":"Feature","geometry":{"type":"Polygon","coordinates":[[[-62.60758,-36.56142],[-62.62575,-36.50236],[-62.93975,-36.24884],[-62.9789,-36.28014],[-62.95927,-36.29608],[-63.03995,-36.35907],[-63.0284,-36.36881],[-63.06798,-36.39948],[-63.04864,-36.41541],[-63.12756,-36.4795],[-62.81586,-36.7318],[-62.60758,-36.56142]]]},"properties":{"fid":261,"Entidad":0,"Objeto":"Departamento","FNA":"Partido de Tres Lomas","GNA":"Partido","NAM":"Tres Lomas","SAG":"ARBA - Gerencia de Servicios Catastrales","FDC":null,"IN1":"06847","SHAPE_STAr":0.125932100859,"SHAPE_STLe":1.51467428792}},{"type":"Feature","geometry":{"type":"Polygon","coordinates":[[[-62.89956,-35.25928],[-62.96461,-35.31189],[-63.11541,-35.18887],[-63.09038,-35.16825],[-63.13905,-35.1284],[-63.23551,-35.20857],[-63.21117,-35.22897],[-63.28514,-35.28849],[-63.31002,-35.26781],[-63.34717,-35.30004],[-63.32948,-35.32316],[-63.38567,-35.36969],[-63.38561,-35.45548],[-63.38547,-35.88368],[-63.20373,-36.03308],[-62.9236,-35.80519],[-62.93245,-35.79831],[-62.62381,-35.55074],[-62.77769,-35.4087],[-62.80381,-35.4295],[-62.8731,-35.37161],[-62.84654,-35.35045],[-62.89316,-35.31132],[-62.86414,-35.2885],[-62.89956,-35.25928]]]},"properties":{"fid":328,"Entidad":0,"Objeto":"Departamento","FNA":"Partido de Rivadavia","GNA":"Partido","NAM":"Rivadavia","SAG":"ARBA - Gerencia de Servicios Catastrales","FDC":null,"IN1":"06679","SHAPE_STAr":0.393286115105,"SHAPE_STLe":2.85135288945}},{"type":"Feature","geometry":{"type":"Polygon","coordinates":[[[-62.34817,-34.65378],[-62.58485,-34.61069],[-62.59472,-34.65019],[-62.62217,-34.6325],[-62.60672,-34.99671],[-62.64216,-34.99699],[-62.61063,-35.02272],[-62.54855,-35.07387],[-62.47145,-35.01066],[-62.28518,-35.16382],[-62.27061,-35.15177],[-62.16622,-35.06713],[-62.18537,-35.0507],[-62.10456,-34.98469],[-62.20555,-34.89012],[-62.22067,-34.89134],[-62.22259,-34.85478],[-62.28306,-34.85677],[-62.28561,-34.81353],[-62.30505,-34.81282],[-62.24024,-34.76204],[-62.2638,-34.74306],[-62.18818,-34.68272],[-62.34817,-34.65378]]]},"properties":{"fid":380,"Entidad":0,"Objeto":"Departamento","FNA":"Partido de Florentino Ameghino","GNA":"Partido","NAM":"Florentino Ameghino","SAG":"ARBA - Gerencia de Servicios Catastrales","FDC":null,"IN1":"06277","SHAPE_STAr":0.178723994424,"SHAPE_STLe":2.15010439372}},{"type":"Feature","geometry":{"type":"Polygon","coordinates":[[[-61.32917,-34.45314],[-61.41697,-34.39232],[-61.39541,-34.3735],[-61.47167,-34.30741],[-61.50886,-34.33685],[-61.54908,-34.30339],[-61.61078,-34.35272],[-61.64857,-34.31932],[-61.7176,-34.38361],[-61.81376,-34.3836],[-61.98394,-34.51825],[-61.84537,-34.63741],[-61.76961,-34.57642],[-61.71161,-34.62803],[-61.64458,-34.68365],[-61.61162,-34.6567],[-61.59761,-34.66871],[-61.5164,-34.6032],[-61.43641,-34.67116],[-61.33848,-34.59217],[-61.2752,-34.54121],[-61.35551,-34.47395],[-61.32917,-34.45314]]]},"properties":{"fid":322,"Entidad":0,"Objeto":"Departamento","FNA":"Partido de Leandro N. Alem","GNA":"Partido","NAM":"Leandro N. Alem","SAG":"ARBA - Gerencia de Servicios Catastrales","FDC":null,"IN1":"06462","SHAPE_STAr":0.157656360177,"SHAPE_STLe":1.94309163002}},{"type":"Feature","geometry":{"type":"Polygon","coordinates":[[[-63.38561,-35.45548],[-63.93738,-35.45221],[-63.93977,-35.81402],[-63.94041,-35.90445],[-63.38544,-35.90547],[-63.38547,-35.88368],[-63.38561,-35.45548]]]},"properties":{"fid":420,"Entidad":0,"Objeto":"Departamento","FNA":"Departamento Maracó","GNA":"Departamento","NAM":"Maracó","SAG":"Direc. Grl. de Catastro","FDC":null,"IN1":"42105","SHAPE_STAr":0.249578904405,"SHAPE_STLe":2.00904393147}},{"type":"Feature","geometry":{"type":"Polygon","coordinates":[[[-63.9385,-35.4522],[-64.48767,-35.44991],[-64.4932,-35.81067],[-63.93977,-35.81402],[-63.93738,-35.45221],[-63.9385,-35.4522]]]},"properties":{"fid":421,"Entidad":0,"Objeto":"Departamento","FNA":"Departamento Trenel","GNA":"Departamento","NAM":"Trenel","SAG":"Direc. Grl. de Catastro","FDC":null,"IN1":"42147","SHAPE_STAr":0.199390365614,"SHAPE_STLe":1.82635968396}},{"type":"Feature","geometry":{"type":"Polygon","coordinates":[[[-63.38544,-35.90547],[-63.94041,-35.90445],[-63.94291,-36.26561],[-63.94334,-36.35557],[-63.38556,-36.35632],[-63.38544,-35.90547]]]},"properties":{"fid":422,"Entidad":0,"Objeto":"Departamento","FNA":"Departamento Quemú Quemú","GNA":"Departamento","NAM":"Quemú Quemú","SAG":"Direc. Grl. de Catastro","FDC":null,"IN1":"42119","SHAPE_STAr":0.250961812792,"SHAPE_STLe":2.01483916477}},{"type":"Feature","geometry":{"type":"Polygon","coordinates":[[[-64.49962,-36.26016],[-63.94291,-36.26561],[-63.94041,-35.90445],[-63.93977,-35.81402],[-64.4932,-35.81067],[-65.11705,-35.80107],[-65.11696,-35.9789],[-65.05042,-35.98045],[-65.05655,-36.25471],[-64.49962,-36.26016]]]},"properties":{"fid":424,"Entidad":0,"Objeto":"Departamento","FNA":"Departamento Conhelo","GNA":"Departamento","NAM":"Conhelo","SAG":"Direc. Grl. de Catastro","FDC":null,"IN1":"42035","SHAPE_STAr":0.512730232489,"SHAPE_STLe":3.26138417965}},{"type":"Feature","geometry":{"type":"Polygon","coordinates":[[[-63.94291,-36.26561],[-64.49962,-36.26016],[-64.50538,-36.62233],[-64.35697,-36.62495],[-64.28265,-36.68682],[-64.28298,-36.71519],[-64.17046,-36.71636],[-64.1699,-36.80555],[-63.9458,-36.80621],[-63.94334,-36.35557],[-63.94291,-36.26561]]]},"properties":{"fid":425,"Entidad":0,"Objeto":"Departamento","FNA":"Departamento Capital","GNA":"Departamento","NAM":"Capital","SAG":"Direc. Grl. de Catastro","FDC":null,"IN1":"42021","SHAPE_STAr":0.255303190985,"SHAPE_STLe":2.1590748301}},{"type":"Feature","geometry":{"type":"Polygon","coordinates":[[[-63.38531,-36.80784],[-63.38539,-36.52492],[-63.38556,-36.35632],[-63.94334,-36.35557],[-63.9458,-36.80621],[-63.38531,-36.80784]]]},"properties":{"fid":426,"Entidad":0,"Objeto":"Departamento","FNA":"Departamento Catriló","GNA":"Departamento","NAM":"Catriló","SAG":"Direc. Grl. de Catastro","FDC":null,"IN1":"42028","SHAPE_STAr":0.2523090981,"SHAPE_STLe":2.02057201643}},{"type":"Feature","geometry":{"type":"Polygon","coordinates":[[[-64.49962,-36.26016],[-65.05655,-36.25471],[-65.07134,-36.97722],[-64.1721,-36.98676],[-64.1699,-36.80555],[-64.17046,-36.71636],[-64.28298,-36.71519],[-64.28265,-36.68682],[-64.35697,-36.62495],[-64.50538,-36.62233],[-64.49962,-36.26016]]]},"properties":{"fid":429,"Entidad":0,"Objeto":"Departamento","FNA":"Departamento Toay","GNA":"Departamento","NAM":"Toay","SAG":"Direc. Grl. de Catastro","FDC":null,"IN1":"42140","SHAPE_STAr":0.513007743081,"SHAPE_STLe":3.19758169346}},{"type":"Feature","geometry":{"type":"Polygon","coordinates":[[[-58.27964,-34.67864],[-58.34189,-34.6311],[-58.37405,-34.65719],[-58.40254,-34.65999],[-58.33351,-34.72698],[-58.27964,-34.67864]]]},"properties":{"fid":501,"Entidad":0,"Objeto":"Departamento","FNA":"Partido de Avellaneda","GNA":"Partido","NAM":"Avellaneda","SAG":"ARBA - Gerencia de Servicios Catastrales","FDC":null,"IN1":"06035","SHAPE_STAr":0.00553081824272,"SHAPE_STLe":0.345276277338}},{"type":"Feature","geometry":{"type":"Polygon","coordinates":[[[-70.9579,-39.52264],[-70.98785,-39.53293],[-71.00162,-39.51947],[-71.01806,-39.52902],[-71.06523,-39.51416],[-71.07615,-39.5257],[-71.08605,-39.51694],[-71.12937,-39.51735],[-71.15784,-39.52897],[-71.17465,-39.52113],[-71.20214,-39.46583],[-71.23101,-39.46603],[-71.23901,-39.4491],[-71.28385,-39.48053],[-71.30331,-39.46861],[-71.33337,-39.48266],[-71.36236,-39.46564],[-71.38038,-39.46965],[-71.3903,-39.45582],[-71.44787,-39.45132],[-71.46505,-39.45832],[-71.47294,-39.49327],[-71.5174,-39.50417],[-71.5343,-39.52945],[-71.50399,-39.56038],[-71.4672,-39.55786],[-71.4745,-39.57421],[-71.46112,-39.58286],[-71.50174,-39.63768],[-71.54103,-39.62434],[-71.57664,-39.63625],[-71.61009,-39.6282],[-71.62395,-39.59216],[-71.65606,-39.58748],[-71.67418,-39.56364],[-71.69868,-39.58736],[-71.69488,-39.62454],[-71.71601,-39.63442],[-71.71722,-39.64953],[-71.66948,-39.68301],[-71.67122,-39.6923],[-71.70406,-39.69578],[-71.69372,-39.70725],[-71.71242,-39.72442],[-71.68087,-39.76862],[-71.68362,-39.8019],[-71.66697,-39.80721],[-71.6921,-39.82453],[-71.69154,-39.84142],[-71.67007,-39.86294],[-71.64291,-39.85339],[-71.63351,-39.88175],[-71.61267,-39.87437],[-71.59249,-39.90116],[-71.59819,-39.92928],[-71.62518,-39.93787],[-71.61991,-39.97249],[-71.65113,-39.97138],[-71.67465,-40.02406],[-71.64685,-40.03908],[-71.61313,-40.04061],[-71.59034,-40.02802],[-71.52071,-40.03874],[-71.377,-40.02409],[-71.32937,-40.06549],[-71.27935,-40.09231],[-71.2455,-40.08902],[-71.24028,-40.09945],[-71.17882,-40.09773],[-71.1321,-40.06703],[-71.07007,-40.05676],[-71.019,-40.09251],[-70.94795,-40.10736],[-70.87693,-40.0661],[-70.81534,-40.06222],[-70.83929,-40.02604],[-70.827,-40.00504],[-70.84542,-39.9874],[-70.84769,-39.95448],[-70.82994,-39.94924],[-70.84759,-39.91632],[-70.83963,-39.88884],[-70.83477,-39.87632],[-70.86212,-39.86119],[-70.87376,-39.79583],[-70.92275,-39.7785],[-70.93575,-39.75976],[-70.9115,-39.74026],[-70.88195,-39.73623],[-70.90113,-39.71252],[-70.8807,-39.66803],[-70.93435,-39.66344],[-70.94569,-39.64667],[-70.9351,-39.59436],[-70.95773,-39.58511],[-70.97134,-39.55963],[-70.95507,-39.55028],[-70.9579,-39.52264]]]},"properties":{"fid":179,"Entidad":0,"Objeto":"Departamento","FNA":"Departamento Huiliches","GNA":"Departamento","NAM":"Huiliches","SAG":"Direc. Pcial. de Catastro e Inf. Territorial","FDC":null,"IN1":"58049","SHAPE_STAr":0.423455390083,"SHAPE_STLe":3.96192136425}},{"type":"Feature","geometry":{"type":"Polygon","coordinates":[[[-70.89055,-38.72069],[-70.9285,-38.7639],[-70.98119,-38.75992],[-71.00125,-38.77011],[-71.05218,-38.75749],[-71.07005,-38.76972],[-71.09382,-38.75488],[-71.11737,-38.78152],[-71.1338,-38.78076],[-71.14926,-38.79943],[-71.17988,-38.80156],[-71.18532,-38.81487],[-71.21259,-38.81583],[-71.23784,-38.80252],[-71.26803,-38.8273],[-71.26794,-38.85317],[-71.29654,-38.87335],[-71.33583,-38.87619],[-71.37546,-38.90713],[-71.4336,-38.92894],[-71.44151,-38.98103],[-71.41355,-39.00809],[-71.4214,-39.02524],[-71.39601,-39.04563],[-71.41773,-39.06966],[-71.40737,-39.09578],[-71.42119,-39.15107],[-71.40104,-39.16501],[-71.38107,-39.21133],[-71.39191,-39.2158],[-71.38236,-39.23765],[-71.39254,-39.25025],[-71.37391,-39.27989],[-71.39248,-39.29555],[-71.38564,-39.31815],[-71.40036,-39.3506],[-71.43357,-39.37212],[-71.45702,-39.37057],[-71.44448,-39.40348],[-71.46417,-39.41953],[-71.45024,-39.42626],[-71.44787,-39.45132],[-71.3903,-39.45582],[-71.38038,-39.46965],[-71.36236,-39.46564],[-71.33337,-39.48266],[-71.30331,-39.46861],[-71.28385,-39.48053],[-71.23901,-39.4491],[-71.23101,-39.46603],[-71.20214,-39.46583],[-71.17465,-39.52113],[-71.15784,-39.52897],[-71.12937,-39.51735],[-71.08605,-39.51694],[-71.07615,-39.5257],[-71.06523,-39.51416],[-71.01806,-39.52902],[-71.00162,-39.51947],[-70.98785,-39.53293],[-70.9579,-39.52264],[-70.93065,-39.53974],[-70.88115,-39.53865],[-70.87793,-39.52495],[-70.83322,-39.52208],[-70.8302,-39.48104],[-70.79997,-39.4651],[-70.75153,-39.46494],[-70.75455,-39.43601],[-70.76953,-39.43627],[-70.77911,-39.41717],[-70.76517,-39.39572],[-70.79261,-39.39266],[-70.81399,-39.37401],[-70.78583,-39.36039],[-70.77837,-39.31036],[-70.7598,-39.28652],[-70.72708,-39.27504],[-70.74849,-39.23927],[-70.72743,-39.13866],[-70.7371,-39.11142],[-70.72723,-39.0791],[-70.74199,-39.04967],[-70.71705,-39.036],[-70.70684,-39.01357],[-70.68201,-39.04906],[-70.62478,-39.06261],[-70.61031,-39.03773],[-70.62745,-39.00888],[-70.60282,-38.99162],[-70.66031,-38.92314],[-70.65015,-38.84958],[-70.69999,-38.80858],[-70.698,-38.78866],[-70.74074,-38.78989],[-70.76725,-38.77286],[-70.78185,-38.7324],[-70.81776,-38.74343],[-70.84903,-38.72366],[-70.89055,-38.72069]]]},"properties":{"fid":336,"Entidad":0,"Objeto":"Departamento","FNA":"Departamento Aluminé","GNA":"Departamento","NAM":"Aluminé","SAG":"Direc. Pcial. de Catastro e Inf. Territorial","FDC":null,"IN1":"58007","SHAPE_STAr":0.493722172455,"SHAPE_STLe":3.86976360177}},{"type":"Feature","geometry":{"type":"Polygon","coordinates":[[[-70.47529,-36.17357],[-70.49132,-36.17886],[-70.52343,-36.14715],[-70.56945,-36.13266],[-70.58286,-36.1473],[-70.57091,-36.17555],[-70.63323,-36.21716],[-70.63211,-36.23901],[-70.66645,-36.24343],[-70.7062,-36.27258],[-70.68546,-36.28376],[-70.68485,-36.30475],[-70.71243,-36.34497],[-70.68181,-36.37266],[-70.67928,-36.38997],[-70.71298,-36.42777],[-70.73942,-36.42981],[-70.73512,-36.41567],[-70.74779,-36.40587],[-70.77318,-36.42883],[-70.7909,-36.42875],[-70.81769,-36.39537],[-70.84917,-36.41867],[-70.86907,-36.41115],[-70.86483,-36.39725],[-70.88377,-36.39624],[-70.89388,-36.47127],[-70.92798,-36.47438],[-70.95637,-36.50358],[-71.01086,-36.48761],[-71.02166,-36.47259],[-71.03835,-36.47735],[-71.05718,-36.61866],[-71.02738,-36.66318],[-71.012,-36.66391],[-71.00921,-36.69124],[-71.06487,-36.71465],[-71.08589,-36.6782],[-71.11325,-36.67945],[-71.13194,-36.81467],[-71.15307,-36.82791],[-71.16275,-36.81911],[-71.18001,-36.84142],[-71.16315,-36.86138],[-71.13844,-36.85329],[-71.11912,-36.86918],[-71.14927,-36.90136],[-71.14401,-36.92934],[-71.09562,-36.92534],[-71.08801,-36.93802],[-71.10596,-36.97089],[-71.14846,-36.98082],[-71.18487,-36.9682],[-71.2224,-36.97825],[-71.1673,-36.99699],[-71.14367,-37.03256],[-71.14177,-37.06954],[-71.12,-37.07414],[-71.12282,-37.09163],[-71.09239,-37.11424],[-71.1353,-37.14775],[-71.11424,-37.20599],[-71.17042,-37.22539],[-71.15977,-37.24104],[-71.16352,-37.3081],[-71.14714,-37.33309],[-71.09495,-37.36602],[-71.06929,-37.3612],[-71.04977,-37.37144],[-71.0079,-37.35822],[-70.97968,-37.36539],[-70.88244,-37.34173],[-70.79574,-37.34992],[-70.72768,-37.33118],[-70.71247,-37.34465],[-70.70126,-37.33497],[-70.62122,-37.35827],[-70.61149,-37.37886],[-70.5949,-37.36887],[-70.58461,-37.3828],[-70.5782,-37.37194],[-70.56376,-37.37799],[-70.5568,-37.36518],[-70.53565,-37.37927],[-70.53417,-37.36682],[-70.51176,-37.36504],[-70.47529,-36.17357]]]},"properties":{"fid":141,"Entidad":0,"Objeto":"Departamento","FNA":"Departamento Minas","GNA":"Departamento","NAM":"Minas","SAG":"Direc. Pcial. de Catastro e Inf. Territorial","FDC":null,"IN1":"58077","SHAPE_STAr":0.611621026094,"SHAPE_STLe":4.8790906068}},{"type":"Feature","geometry":{"type":"Polygon","coordinates":[[[-70.51176,-37.36504],[-70.53417,-37.36682],[-70.53565,-37.37927],[-70.5568,-37.36518],[-70.56376,-37.37799],[-70.5782,-37.37194],[-70.58461,-37.3828],[-70.5949,-37.36887],[-70.61149,-37.37886],[-70.62122,-37.35827],[-70.70126,-37.33497],[-70.71247,-37.34465],[-70.72768,-37.33118],[-70.79574,-37.34992],[-70.88244,-37.34173],[-70.97968,-37.36539],[-71.0079,-37.35822],[-71.04977,-37.37144],[-71.06929,-37.3612],[-71.09495,-37.36602],[-71.14714,-37.33309],[-71.16352,-37.3081],[-71.15977,-37.24104],[-71.18799,-37.27591],[-71.22104,-37.27511],[-71.20778,-37.3383],[-71.18568,-37.35477],[-71.20167,-37.36513],[-71.19733,-37.38386],[-71.15756,-37.39669],[-71.1425,-37.44017],[-71.12006,-37.45808],[-71.12248,-37.50341],[-71.15153,-37.53929],[-71.13697,-37.54571],[-71.12597,-37.58158],[-71.1462,-37.60806],[-71.19632,-37.6292],[-71.21273,-37.68818],[-71.18382,-37.73694],[-71.15623,-37.75719],[-71.16985,-37.78536],[-71.12644,-37.82073],[-71.18299,-37.85843],[-71.13421,-37.86303],[-71.10721,-37.89214],[-71.11181,-37.91904],[-71.04039,-37.94254],[-71.02389,-37.95834],[-70.95056,-37.95967],[-70.89737,-37.94368],[-70.68408,-37.96034],[-70.6026,-38.00452],[-70.03175,-37.63396],[-70.04607,-37.55673],[-70.08493,-37.53027],[-70.09552,-37.50119],[-70.17255,-37.47603],[-70.22293,-37.41003],[-70.2703,-37.39742],[-70.31674,-37.3672],[-70.3336,-37.37306],[-70.36691,-37.36352],[-70.4113,-37.38576],[-70.44858,-37.34401],[-70.45914,-37.36518],[-70.51176,-37.36504]]]},"properties":{"fid":137,"Entidad":0,"Objeto":"Departamento","FNA":"Departamento Ñorquín","GNA":"Departamento","NAM":"Ñorquín","SAG":"Direc. Pcial. de Catastro e Inf. Territorial","FDC":null,"IN1":"58084","SHAPE_STAr":0.567044230207,"SHAPE_STLe":4.07414747462}},{"type":"Feature","geometry":{"type":"Polygon","coordinates":[[[-69.88569,-37.69136],[-69.90891,-37.66735],[-69.94312,-37.67092],[-70.03086,-37.65439],[-70.03175,-37.63396],[-70.6026,-38.00452],[-70.68408,-37.96034],[-70.89737,-37.94368],[-70.95056,-37.95967],[-71.02389,-37.95834],[-71.04039,-37.94254],[-71.11181,-37.91904],[-71.11391,-37.95206],[-71.06434,-37.96878],[-71.06765,-37.98946],[-71.05126,-37.99207],[-71.0626,-38.01642],[-71.0548,-38.04373],[-70.98799,-38.08775],[-70.98858,-38.11026],[-71.01734,-38.11321],[-70.92746,-38.26091],[-70.90841,-38.27705],[-70.84435,-38.29586],[-70.81781,-38.32353],[-70.76814,-38.32939],[-70.70931,-38.30926],[-70.64744,-38.26897],[-70.61356,-38.26708],[-70.58934,-38.31213],[-69.9018,-38.32178],[-69.88376,-38.3062],[-69.80491,-38.31737],[-69.76261,-38.33776],[-69.75722,-38.32869],[-69.70566,-38.37041],[-69.71044,-38.34524],[-69.69481,-38.32695],[-69.7177,-38.32982],[-69.73972,-38.3001],[-69.72071,-38.29579],[-69.73233,-38.27508],[-69.71754,-38.24232],[-69.74134,-38.23133],[-69.73849,-38.20805],[-69.75732,-38.1931],[-69.73353,-38.18017],[-69.74115,-38.16446],[-69.76042,-38.16698],[-69.76448,-38.1229],[-69.78568,-38.1219],[-69.77672,-38.10524],[-69.81444,-38.08796],[-69.80043,-38.06478],[-69.82171,-38.06029],[-69.83979,-38.03518],[-69.82431,-38.02295],[-69.80228,-38.03419],[-69.81373,-38.02059],[-69.806,-37.99907],[-69.82125,-37.99251],[-69.79424,-37.9716],[-69.81649,-37.94358],[-69.83954,-37.94787],[-69.82818,-37.92888],[-69.85222,-37.91439],[-69.85174,-37.87234],[-69.86412,-37.8512],[-69.88751,-37.84388],[-69.87278,-37.82592],[-69.84361,-37.83019],[-69.8616,-37.81697],[-69.85217,-37.78059],[-69.87048,-37.7689],[-69.86548,-37.72255],[-69.88548,-37.71462],[-69.88569,-37.69136]]]},"properties":{"fid":136,"Entidad":0,"Objeto":"Departamento","FNA":"Departamento Loncopué","GNA":"Departamento","NAM":"Loncopué","SAG":"Direc. Pcial. de Catastro e Inf. Territorial","FDC":null,"IN1":"58063","SHAPE_STAr":0.565187413577,"SHAPE_STLe":4.68160782659}},{"type":"Feature","geometry":{"type":"Polygon","coordinates":[[[-71.01734,-38.11321],[-71.04291,-38.12321],[-70.99665,-38.17099],[-70.997,-38.20234],[-71.02076,-38.21337],[-71.01789,-38.23869],[-71.03171,-38.24973],[-71.00899,-38.26169],[-71.01041,-38.28271],[-70.99762,-38.29199],[-70.98402,-38.43066],[-70.95177,-38.45023],[-70.91066,-38.5038],[-70.86674,-38.51365],[-70.84306,-38.53752],[-70.82645,-38.59101],[-70.83701,-38.61252],[-70.90451,-38.66686],[-70.90052,-38.68967],[-70.88459,-38.698],[-70.89055,-38.72069],[-70.84903,-38.72366],[-70.81776,-38.74343],[-70.78185,-38.7324],[-70.76725,-38.77286],[-70.74074,-38.78989],[-70.698,-38.78866],[-70.69999,-38.80858],[-70.65015,-38.84958],[-70.66031,-38.92314],[-70.60282,-38.99162],[-70.62745,-39.00888],[-70.61031,-39.03773],[-70.62478,-39.06261],[-70.61282,-39.12177],[-70.60006,-39.12294],[-70.48655,-39.03868],[-70.14006,-38.78285],[-70.06052,-38.77575],[-70.00063,-38.71001],[-69.94519,-38.68527],[-69.90226,-38.64073],[-69.77805,-38.60462],[-69.74889,-38.52435],[-69.72429,-38.51267],[-69.66141,-38.5091],[-69.61746,-38.47813],[-69.55843,-38.46907],[-69.5435,-38.48078],[-69.57421,-38.43722],[-69.60953,-38.42083],[-69.63747,-38.42427],[-69.65162,-38.40113],[-69.67133,-38.39438],[-69.66961,-38.37808],[-69.70566,-38.37041],[-69.75722,-38.32869],[-69.76261,-38.33776],[-69.80491,-38.31737],[-69.88376,-38.3062],[-69.9018,-38.32178],[-70.58934,-38.31213],[-70.61356,-38.26708],[-70.64744,-38.26897],[-70.70931,-38.30926],[-70.76814,-38.32939],[-70.81781,-38.32353],[-70.84435,-38.29586],[-70.90841,-38.27705],[-70.92746,-38.26091],[-71.01734,-38.11321]]]},"properties":{"fid":134,"Entidad":0,"Objeto":"Departamento","FNA":"Departamento Picunches","GNA":"Departamento","NAM":"Picunches","SAG":"Direc. Pcial. de Catastro e Inf. Territorial","FDC":null,"IN1":"58105","SHAPE_STAr":0.624817094109,"SHAPE_STLe":4.97305652841}},{"type":"Feature","geometry":{"type":"Polygon","coordinates":[[[-70.62478,-39.06261],[-70.68201,-39.04906],[-70.70684,-39.01357],[-70.71705,-39.036],[-70.74199,-39.04967],[-70.72723,-39.0791],[-70.7371,-39.11142],[-70.72743,-39.13866],[-70.74849,-39.23927],[-70.72708,-39.27504],[-70.7598,-39.28652],[-70.77837,-39.31036],[-70.78583,-39.36039],[-70.81399,-39.37401],[-70.79261,-39.39266],[-70.76517,-39.39572],[-70.77911,-39.41717],[-70.76953,-39.43627],[-70.75455,-39.43601],[-70.75153,-39.46494],[-70.79997,-39.4651],[-70.8302,-39.48104],[-70.83322,-39.52208],[-70.87793,-39.52495],[-70.88115,-39.53865],[-70.93065,-39.53974],[-70.9579,-39.52264],[-70.95507,-39.55028],[-70.97134,-39.55963],[-70.95773,-39.58511],[-70.9351,-39.59436],[-70.94569,-39.64667],[-70.93435,-39.66344],[-70.8807,-39.66803],[-70.90113,-39.71252],[-70.88195,-39.73623],[-70.9115,-39.74026],[-70.93575,-39.75976],[-70.92275,-39.7785],[-70.87376,-39.79583],[-70.86212,-39.86119],[-70.83477,-39.87632],[-70.83963,-39.88884],[-70.8101,-39.87416],[-70.82229,-39.85233],[-70.81385,-39.8249],[-70.73138,-39.88956],[-70.68884,-39.85869],[-70.64399,-39.89514],[-70.34774,-39.67818],[-70.17434,-39.81789],[-69.83693,-39.56798],[-70.02809,-39.41543],[-69.89847,-39.31826],[-69.94427,-39.28332],[-69.97932,-39.27984],[-70.05153,-39.2454],[-70.05829,-39.21538],[-70.07637,-39.20659],[-70.15003,-39.19077],[-70.24119,-39.19714],[-70.27519,-39.17998],[-70.31727,-39.13123],[-70.36472,-39.11922],[-70.37813,-39.12789],[-70.48655,-39.03868],[-70.60006,-39.12294],[-70.61282,-39.12177],[-70.62478,-39.06261]]]},"properties":{"fid":180,"Entidad":0,"Objeto":"Departamento","FNA":"Departamento Catán Lil","GNA":"Departamento","NAM":"Catán Lil","SAG":"Direc. Pcial. de Catastro e Inf. Territorial","FDC":null,"IN1":"58021","SHAPE_STAr":0.576045672086,"SHAPE_STLe":4.48719511767}},{"type":"Feature","geometry":{"type":"Polygon","coordinates":[[[-69.5281,-39.81445],[-69.83693,-39.56798],[-70.17434,-39.81789],[-70.34774,-39.67818],[-70.64399,-39.89514],[-70.68884,-39.85869],[-70.73138,-39.88956],[-70.81385,-39.8249],[-70.82229,-39.85233],[-70.8101,-39.87416],[-70.83963,-39.88884],[-70.84759,-39.91632],[-70.82994,-39.94924],[-70.84769,-39.95448],[-70.84542,-39.9874],[-70.827,-40.00504],[-70.83929,-40.02604],[-70.81534,-40.06222],[-70.78188,-40.09697],[-70.75318,-40.10375],[-70.73716,-40.1449],[-70.7097,-40.15832],[-70.69848,-40.1863],[-70.66716,-40.20161],[-70.66314,-40.22597],[-70.63878,-40.23775],[-70.67263,-40.27507],[-70.65738,-40.3069],[-70.69319,-40.35784],[-70.66443,-40.37556],[-70.67655,-40.3983],[-70.65103,-40.45445],[-70.60794,-40.49558],[-70.57287,-40.48992],[-70.53223,-40.50452],[-70.46509,-40.51221],[-70.42493,-40.53632],[-70.29837,-40.50439],[-70.24735,-40.50536],[-70.17883,-40.48981],[-70.16814,-40.47426],[-70.17494,-40.42761],[-70.10302,-40.40574],[-70.06269,-40.37464],[-70.04957,-40.31778],[-70.05882,-40.24896],[-70.00208,-40.2032],[-69.99204,-40.17997],[-69.95028,-40.17898],[-69.97069,-40.12104],[-69.99479,-40.10313],[-70.00537,-40.04743],[-69.97089,-39.97774],[-69.93123,-39.94326],[-69.88045,-39.93008],[-69.86594,-39.9109],[-69.75495,-39.87597],[-69.69657,-39.84631],[-69.67116,-39.84985],[-69.65072,-39.83621],[-69.62868,-39.84255],[-69.58468,-39.81456],[-69.5281,-39.81445]]]},"properties":{"fid":183,"Entidad":0,"Objeto":"Departamento","FNA":"Departamento Collón Curá","GNA":"Departamento","NAM":"Collón Curá","SAG":"Direc. Pcial. de Catastro e Inf. Territorial","FDC":null,"IN1":"58028","SHAPE_STAr":0.608714248813,"SHAPE_STLe":4.34089207419}},{"type":"Feature","geometry":{"type":"Polygon","coordinates":[[[-70.04254,-36.65905],[-70.07592,-36.60662],[-70.12278,-36.57078],[-70.1384,-36.5268],[-70.18285,-36.49079],[-70.20168,-36.45362],[-70.19565,-36.42338],[-70.22013,-36.33217],[-70.26665,-36.32241],[-70.30358,-36.34056],[-70.33895,-36.33692],[-70.35149,-36.32427],[-70.37218,-36.28016],[-70.37062,-36.22379],[-70.39499,-36.19433],[-70.39738,-36.11949],[-70.41508,-36.10991],[-70.42144,-36.15643],[-70.44923,-36.17316],[-70.47529,-36.17357],[-70.51176,-37.36504],[-70.45914,-37.36518],[-70.44858,-37.34401],[-70.4113,-37.38576],[-70.36691,-37.36352],[-70.3336,-37.37306],[-70.31674,-37.3672],[-70.2703,-37.39742],[-70.22293,-37.41003],[-70.17255,-37.47603],[-70.09552,-37.50119],[-70.08383,-37.47514],[-70.10496,-37.43458],[-70.09983,-37.40602],[-70.02043,-37.28517],[-70.05781,-37.25797],[-70.04254,-36.65905]]]},"properties":{"fid":142,"Entidad":0,"Objeto":"Departamento","FNA":"Departamento Chos Malal","GNA":"Departamento","NAM":"Chos Malal","SAG":"Direc. Pcial. de Catastro e Inf. Territorial","FDC":null,"IN1":"58042","SHAPE_STAr":0.462744142218,"SHAPE_STLe":3.74296705147}},{"type":"Feature","geometry":{"type":"Polygon","coordinates":[[[-69.5435,-38.48078],[-69.55843,-38.46907],[-69.61746,-38.47813],[-69.66141,-38.5091],[-69.72429,-38.51267],[-69.74889,-38.52435],[-69.77805,-38.60462],[-69.90226,-38.64073],[-69.94519,-38.68527],[-70.00063,-38.71001],[-70.06052,-38.77575],[-70.14006,-38.78285],[-70.48655,-39.03868],[-70.37813,-39.12789],[-70.36472,-39.11922],[-70.31727,-39.13123],[-70.27519,-39.17998],[-70.24119,-39.19714],[-70.15003,-39.19077],[-70.07637,-39.20659],[-70.05829,-39.21538],[-70.05153,-39.2454],[-69.97932,-39.27984],[-69.94427,-39.28332],[-69.89847,-39.31826],[-69.71335,-39.17885],[-69.62083,-39.25303],[-69.28597,-38.99989],[-69.54751,-38.79324],[-69.3173,-38.61432],[-69.3287,-38.59455],[-69.34783,-38.59905],[-69.39728,-38.55904],[-69.41224,-38.50715],[-69.46455,-38.48582],[-69.48487,-38.50845],[-69.48497,-38.49322],[-69.53637,-38.49227],[-69.5435,-38.48078]]]},"properties":{"fid":335,"Entidad":0,"Objeto":"Departamento","FNA":"Departamento Zapala","GNA":"Departamento","NAM":"Zapala","SAG":"Direc. Pcial. de Catastro e Inf. Territorial","FDC":null,"IN1":"58112","SHAPE_STAr":0.542097087304,"SHAPE_STLe":3.97458818503}},{"type":"Feature","geometry":{"type":"Polygon","coordinates":[[[-68.24998,-37.57481],[-68.28989,-37.55904],[-68.3491,-37.55665],[-68.35495,-37.54723],[-68.40118,-37.55873],[-68.43666,-37.54456],[-68.50491,-37.45409],[-68.56992,-37.45628],[-68.61367,-37.43863],[-68.63409,-37.4475],[-68.69658,-37.44234],[-68.72164,-37.38894],[-68.76609,-37.36648],[-68.86517,-37.40125],[-68.88468,-37.382],[-68.943,-37.37183],[-68.97713,-37.3793],[-69.02604,-37.36479],[-69.0493,-37.31467],[-69.03829,-37.25564],[-69.06413,-37.22365],[-69.17288,-37.17791],[-69.21964,-37.17739],[-69.26832,-37.1445],[-69.29918,-37.15507],[-69.33491,-37.15143],[-69.35155,-37.16399],[-69.37767,-37.15956],[-69.39699,-37.1719],[-69.43007,-37.15949],[-69.46498,-37.17256],[-69.52957,-37.17444],[-69.6275,-37.14372],[-69.71154,-37.10148],[-69.75563,-37.06864],[-69.76459,-37.00029],[-69.77626,-36.99122],[-69.779,-36.91682],[-69.75208,-36.88617],[-69.75965,-36.87152],[-69.8506,-36.84627],[-69.87357,-36.8114],[-69.92175,-36.79482],[-69.92003,-36.76227],[-69.94393,-36.74492],[-69.94753,-36.72161],[-69.98748,-36.6929],[-70.01216,-36.69553],[-70.02208,-36.66584],[-70.04254,-36.65905],[-70.05781,-37.25797],[-70.02043,-37.28517],[-70.09983,-37.40602],[-70.10496,-37.43458],[-70.08383,-37.47514],[-70.09552,-37.50119],[-70.08493,-37.53027],[-70.04607,-37.55673],[-70.03175,-37.63396],[-70.03086,-37.65439],[-69.94312,-37.67092],[-69.90891,-37.66735],[-69.88569,-37.69136],[-68.25,-37.70453],[-68.24998,-37.57669],[-68.24998,-37.57481]]]},"properties":{"fid":140,"Entidad":0,"Objeto":"Departamento","FNA":"Departamento Pehuenches","GNA":"Departamento","NAM":"Pehuenches","SAG":"Direc. Pcial. de Catastro e Inf. Territorial","FDC":null,"IN1":"58091","SHAPE_STAr":0.848135979775,"SHAPE_STLe":5.76930054686}},{"type":"Feature","geometry":{"type":"Polygon","coordinates":[[[-68.81976,-39.36885],[-69.28597,-38.99989],[-69.62083,-39.25303],[-69.71335,-39.17885],[-69.89847,-39.31826],[-70.02809,-39.41543],[-69.83693,-39.56798],[-69.5281,-39.81445],[-69.507,-39.81542],[-69.47311,-39.78445],[-69.42192,-39.76806],[-69.39025,-39.73163],[-69.34896,-39.71209],[-69.343,-39.68038],[-69.31396,-39.65391],[-69.28997,-39.65299],[-69.27228,-39.62903],[-69.2771,-39.59638],[-69.17712,-39.56061],[-69.11279,-39.51471],[-69.04748,-39.52667],[-68.99988,-39.5152],[-68.93072,-39.461],[-68.92099,-39.42476],[-68.81976,-39.36885]]]},"properties":{"fid":334,"Entidad":0,"Objeto":"Departamento","FNA":"Departamento Picún Leufú","GNA":"Departamento","NAM":"Picún Leufú","SAG":"Direc. Pcial. de Catastro e Inf. Territorial","FDC":null,"IN1":"58098","SHAPE_STAr":0.480527490609,"SHAPE_STLe":3.14200238885}},{"type":"Feature","geometry":{"type":"Polygon","coordinates":[[[-68.25,-37.70453],[-69.88569,-37.69136],[-69.88548,-37.71462],[-69.86548,-37.72255],[-69.87048,-37.7689],[-69.85217,-37.78059],[-69.8616,-37.81697],[-69.84361,-37.83019],[-69.87278,-37.82592],[-69.88751,-37.84388],[-69.86412,-37.8512],[-69.85174,-37.87234],[-69.85222,-37.91439],[-69.82818,-37.92888],[-69.83954,-37.94787],[-69.81649,-37.94358],[-69.79424,-37.9716],[-69.82125,-37.99251],[-69.806,-37.99907],[-69.81373,-38.02059],[-69.80228,-38.03419],[-69.82431,-38.02295],[-69.83979,-38.03518],[-69.82171,-38.06029],[-69.80043,-38.06478],[-69.81444,-38.08796],[-69.77672,-38.10524],[-69.78568,-38.1219],[-69.76448,-38.1229],[-69.76042,-38.16698],[-69.74115,-38.16446],[-69.73353,-38.18017],[-69.75732,-38.1931],[-69.73849,-38.20805],[-69.74134,-38.23133],[-69.71754,-38.24232],[-69.73233,-38.27508],[-69.72071,-38.29579],[-69.73972,-38.3001],[-69.7177,-38.32982],[-69.69481,-38.32695],[-69.71044,-38.34524],[-69.70566,-38.37041],[-69.66961,-38.37808],[-69.67133,-38.39438],[-69.65162,-38.40113],[-69.63747,-38.42427],[-69.60953,-38.42083],[-69.57421,-38.43722],[-69.5435,-38.48078],[-69.53637,-38.49227],[-69.48497,-38.49322],[-69.48487,-38.50845],[-69.46455,-38.48582],[-69.41224,-38.50715],[-69.39728,-38.55904],[-69.34783,-38.59905],[-69.3287,-38.59455],[-69.3173,-38.61432],[-69.26624,-38.59903],[-69.23756,-38.6066],[-69.24536,-38.61873],[-69.22834,-38.62906],[-69.17664,-38.60468],[-69.14341,-38.61247],[-69.11325,-38.60274],[-69.10892,-38.5808],[-69.08392,-38.57937],[-69.06442,-38.56304],[-69.05118,-38.56974],[-69.0472,-38.53824],[-69.03071,-38.53727],[-68.99461,-38.49161],[-68.95916,-38.48385],[-68.93722,-38.43902],[-68.86048,-38.37382],[-68.7875,-38.37948],[-68.75849,-38.37158],[-68.72491,-38.40501],[-68.6862,-38.40317],[-68.67697,-38.41693],[-68.62179,-38.43465],[-68.60603,-38.4691],[-68.54428,-38.48877],[-68.54432,-38.50048],[-68.49117,-38.5439],[-68.4131,-38.56746],[-68.39083,-38.59712],[-68.334,-38.61916],[-68.3132,-38.64805],[-68.28525,-38.64737],[-68.2825,-38.66955],[-68.24958,-38.68424],[-68.25,-37.70453]]]},"properties":{"fid":135,"Entidad":0,"Objeto":"Departamento","FNA":"Departamento Añelo","GNA":"Departamento","NAM":"Añelo","SAG":"Direc. Pcial. de Catastro e Inf. Territorial","FDC":null,"IN1":"58014","SHAPE_STAr":1.24431061698,"SHAPE_STLe":6.04493450692}},{"type":"Feature","geometry":{"type":"Polygon","coordinates":[[[-68.00256,-38.98896],[-67.99862,-38.99615],[-68.01775,-38.97787],[-68.0468,-38.97794],[-68.07875,-38.99506],[-68.14844,-38.97498],[-68.16535,-38.97981],[-68.17767,-38.96723],[-68.20779,-38.97132],[-68.23102,-38.99133],[-68.30159,-38.97543],[-68.30745,-38.99047],[-68.35497,-39.0019],[-68.41227,-39.03439],[-68.42657,-39.02862],[-68.46923,-39.04575],[-68.50481,-39.07148],[-68.55987,-39.07583],[-68.6608,-39.17234],[-68.65325,-39.19918],[-68.6655,-39.2173],[-68.81011,-39.29346],[-68.81976,-39.36885],[-68.92099,-39.42476],[-68.93072,-39.461],[-68.99988,-39.5152],[-69.04748,-39.52667],[-69.11279,-39.51471],[-69.17712,-39.56061],[-69.2771,-39.59638],[-69.27228,-39.62903],[-69.28997,-39.65299],[-69.31396,-39.65391],[-69.343,-39.68038],[-69.34896,-39.71209],[-69.39025,-39.73163],[-69.42192,-39.76806],[-69.47311,-39.78445],[-69.507,-39.81542],[-69.5281,-39.81445],[-69.58468,-39.81456],[-69.62868,-39.84255],[-69.65072,-39.83621],[-69.67116,-39.84985],[-69.69657,-39.84631],[-69.75495,-39.87597],[-69.80794,-40.66513],[-69.38667,-40.46882],[-68.78625,-40.42845],[-68.59478,-40.13261],[-68.23147,-40.07312],[-67.8722,-39.8109],[-67.36283,-39.46694],[-66.57158,-39.28289],[-66.56548,-39.09197],[-66.63907,-39.10162],[-66.67957,-39.10435],[-66.73128,-39.13927],[-66.83997,-39.13453],[-66.86158,-39.15713],[-66.93086,-39.15277],[-67.02238,-39.17815],[-67.13111,-39.15666],[-67.16527,-39.13569],[-67.1621,-39.12234],[-67.18929,-39.12307],[-67.20949,-39.10135],[-67.22241,-39.11278],[-67.25436,-39.11263],[-67.27811,-39.09571],[-67.32856,-39.10322],[-67.43357,-39.07613],[-67.48067,-39.08449],[-67.52865,-39.07328],[-67.60599,-39.10849],[-67.6491,-39.10901],[-67.79463,-39.03979],[-68.00256,-38.98896]]]},"properties":{"fid":171,"Entidad":0,"Objeto":"Departamento","FNA":"Departamento El Cuy","GNA":"Departamento","NAM":"El Cuy","SAG":"IDE Rio Negro","FDC":null,"IN1":"62035","SHAPE_STAr":2.26020774169,"SHAPE_STLe":8.65460907213}},{"type":"Feature","geometry":{"type":"Polygon","coordinates":[[[-68.00256,-38.98896],[-68.00738,-38.95938],[-68.03941,-38.94188],[-68.05036,-38.91207],[-68.06923,-38.90294],[-68.07151,-38.87151],[-68.09405,-38.85865],[-68.08118,-38.84829],[-68.11826,-38.79326],[-68.12061,-38.74728],[-68.16312,-38.73789],[-68.24958,-38.68424],[-68.2825,-38.66955],[-68.28525,-38.64737],[-68.3132,-38.64805],[-68.334,-38.61916],[-68.39083,-38.59712],[-68.4131,-38.56746],[-68.49117,-38.5439],[-68.54432,-38.50048],[-68.54428,-38.48877],[-68.60603,-38.4691],[-68.62179,-38.43465],[-68.67697,-38.41693],[-68.6862,-38.40317],[-68.72491,-38.40501],[-68.75849,-38.37158],[-68.7875,-38.37948],[-68.86048,-38.37382],[-68.93722,-38.43902],[-68.95916,-38.48385],[-68.99461,-38.49161],[-69.03071,-38.53727],[-69.0472,-38.53824],[-69.05118,-38.56974],[-69.06442,-38.56304],[-69.08392,-38.57937],[-69.10892,-38.5808],[-69.11325,-38.60274],[-69.14341,-38.61247],[-69.17664,-38.60468],[-69.22834,-38.62906],[-69.24536,-38.61873],[-69.23756,-38.6066],[-69.26624,-38.59903],[-69.3173,-38.61432],[-69.54751,-38.79324],[-69.28597,-38.99989],[-68.81976,-39.36885],[-68.81011,-39.29346],[-68.6655,-39.2173],[-68.65325,-39.19918],[-68.6608,-39.17234],[-68.55987,-39.07583],[-68.50481,-39.07148],[-68.46923,-39.04575],[-68.42657,-39.02862],[-68.41227,-39.03439],[-68.35497,-39.0019],[-68.30745,-38.99047],[-68.30159,-38.97543],[-68.23102,-38.99133],[-68.20779,-38.97132],[-68.17767,-38.96723],[-68.16535,-38.97981],[-68.14844,-38.97498],[-68.07875,-38.99506],[-68.0468,-38.97794],[-68.01775,-38.97787],[-67.99862,-38.99615],[-68.00256,-38.98896]]]},"properties":{"fid":133,"Entidad":0,"Objeto":"Departamento","FNA":"Departamento Confluencia","GNA":"Departamento","NAM":"Confluencia","SAG":"Direc. Pcial. de Catastro e Inf. Territorial","FDC":null,"IN1":"58035","SHAPE_STAr":0.747212824738,"SHAPE_STLe":4.4347683548}},{"type":"Feature","geometry":{"type":"Polygon","coordinates":[[[-67.10273,-38.37867],[-67.11861,-38.35679],[-67.15537,-38.3543],[-67.15277,-38.2926],[-67.17239,-38.27922],[-67.17048,-38.2609],[-67.19659,-38.25378],[-67.18761,-38.2145],[-67.26111,-38.2171],[-67.34418,-38.25177],[-67.54791,-38.25629],[-67.65649,-38.20178],[-67.68701,-38.1358],[-67.70752,-38.12402],[-67.71863,-38.13037],[-67.7301,-38.11481],[-67.72992,-38.0788],[-67.75122,-38.07428],[-67.74872,-38.0581],[-67.76611,-38.06879],[-67.78426,-38.05341],[-67.80996,-38.07185],[-67.83588,-38.05652],[-67.8512,-38.0658],[-67.85077,-38.05188],[-67.86279,-38.05359],[-67.88313,-38.01879],[-67.89491,-38.01796],[-67.88944,-38.00047],[-67.90395,-37.98358],[-67.867,-37.9314],[-67.78046,-37.89399],[-67.72751,-37.84557],[-67.72229,-37.79993],[-67.74188,-37.78491],[-67.76862,-37.67358],[-67.7934,-37.6463],[-67.87073,-37.61261],[-67.9173,-37.61841],[-67.94416,-37.60322],[-68.0672,-37.60169],[-68.15254,-37.58032],[-68.21784,-37.58835],[-68.24998,-37.57669],[-68.25,-37.70453],[-68.24958,-38.68424],[-68.16312,-38.73789],[-68.12061,-38.74728],[-68.11826,-38.79326],[-68.08118,-38.84829],[-68.09405,-38.85865],[-68.07151,-38.87151],[-68.06923,-38.90294],[-68.05036,-38.91207],[-68.03941,-38.94188],[-68.00738,-38.95938],[-68.00256,-38.98896],[-67.79463,-39.03979],[-67.6491,-39.10901],[-67.60599,-39.10849],[-67.52865,-39.07328],[-67.48067,-39.08449],[-67.43357,-39.07613],[-67.32856,-39.10322],[-67.27811,-39.09571],[-67.25436,-39.11263],[-67.22241,-39.11278],[-67.20949,-39.10135],[-67.18929,-39.12307],[-67.1621,-39.12234],[-67.16527,-39.13569],[-67.13111,-39.15666],[-67.02238,-39.17815],[-66.93086,-39.15277],[-66.86158,-39.15713],[-66.83997,-39.13453],[-66.73128,-39.13927],[-66.67957,-39.10435],[-66.63907,-39.10162],[-66.64478,-38.53794],[-66.71136,-38.53252],[-66.71478,-38.521],[-66.76633,-38.50432],[-66.78607,-38.48053],[-66.81201,-38.4848],[-66.88971,-38.46362],[-66.89697,-38.44373],[-66.94879,-38.45288],[-66.99438,-38.44647],[-67.00702,-38.42432],[-67.09184,-38.39963],[-67.10273,-38.37867]]]},"properties":{"fid":128,"Entidad":0,"Objeto":"Departamento","FNA":"Departamento General Roca","GNA":"Departamento","NAM":"General Roca","SAG":"IDE Rio Negro","FDC":null,"IN1":"62042","SHAPE_STAr":1.5041714966,"SHAPE_STLe":6.74454180509}},{"type":"Feature","geometry":{"type":"Polygon","coordinates":[[[-65.68491,-38.83134],[-65.70178,-38.81653],[-65.71259,-38.82501],[-65.7796,-38.81018],[-65.7876,-38.79541],[-65.80597,-38.80609],[-65.8172,-38.78882],[-65.82068,-38.79889],[-65.84108,-38.78665],[-65.86389,-38.7995],[-65.86401,-38.78998],[-65.88202,-38.78931],[-65.87488,-38.77771],[-65.90949,-38.78278],[-65.91068,-38.76571],[-65.92638,-38.77499],[-65.92555,-38.76416],[-65.94625,-38.76749],[-65.95101,-38.74726],[-66.01971,-38.74127],[-66.03387,-38.75092],[-66.03119,-38.73941],[-66.0613,-38.75167],[-66.08478,-38.72559],[-66.10809,-38.7279],[-66.1203,-38.74347],[-66.12128,-38.73383],[-66.13599,-38.73932],[-66.15521,-38.72919],[-66.17718,-38.74542],[-66.18042,-38.73138],[-66.22028,-38.74109],[-66.24683,-38.7356],[-66.28851,-38.75592],[-66.30908,-38.7431],[-66.315,-38.7616],[-66.32178,-38.7486],[-66.34183,-38.75773],[-66.35761,-38.7453],[-66.40442,-38.74408],[-66.40905,-38.73096],[-66.41742,-38.74432],[-66.44201,-38.74569],[-66.44677,-38.73608],[-66.47498,-38.73877],[-66.49876,-38.718],[-66.53861,-38.72085],[-66.55337,-38.69837],[-66.57593,-38.7016],[-66.60714,-38.67909],[-66.59239,-38.67088],[-66.59751,-38.64911],[-66.578,-38.62139],[-66.59977,-38.59974],[-66.60988,-38.55798],[-66.63379,-38.55679],[-66.64478,-38.53794],[-66.63907,-39.10162],[-66.56548,-39.09197],[-66.57158,-39.28289],[-67.36283,-39.46694],[-67.8722,-39.8109],[-66.82567,-39.91059],[-65.77425,-39.91866],[-65.28342,-39.92531],[-65.21366,-39.87086],[-65.24573,-39.86588],[-65.24552,-39.85068],[-65.21842,-38.83735],[-65.28052,-38.82141],[-65.37451,-38.85571],[-65.39081,-38.83051],[-65.5025,-38.7981],[-65.52319,-38.77918],[-65.56952,-38.78461],[-65.58252,-38.77429],[-65.62299,-38.78632],[-65.6087,-38.7984],[-65.617,-38.80841],[-65.63208,-38.80249],[-65.63178,-38.81811],[-65.64331,-38.80841],[-65.64862,-38.8244],[-65.68491,-38.83134]]]},"properties":{"fid":127,"Entidad":0,"Objeto":"Departamento","FNA":"Departamento Avellaneda","GNA":"Departamento","NAM":"Avellaneda","SAG":"IDE Rio Negro","FDC":null,"IN1":"62014","SHAPE_STAr":2.07544445306,"SHAPE_STLe":8.22516991021}},{"type":"Feature","geometry":{"type":"Polygon","coordinates":[[[-64.53673,-38.85875],[-64.59637,-38.85919],[-64.60468,-38.84772],[-64.63041,-38.85267],[-64.67279,-38.83319],[-64.69348,-38.84369],[-64.73796,-38.84066],[-64.80951,-38.8158],[-64.84503,-38.82698],[-64.87732,-38.81439],[-64.92427,-38.83316],[-65.11139,-38.7995],[-65.14008,-38.81818],[-65.1712,-38.80261],[-65.19291,-38.81175],[-65.19017,-38.83542],[-65.21842,-38.83735],[-65.24552,-39.85068],[-63.38242,-39.87192],[-63.38327,-39.32849],[-63.43087,-39.33069],[-63.45157,-39.32028],[-63.4574,-39.32884],[-63.48947,-39.30653],[-63.51201,-39.31266],[-63.54122,-39.29666],[-63.53772,-39.28082],[-63.55768,-39.2619],[-63.5661,-39.2663],[-63.59387,-39.24591],[-63.61438,-39.25183],[-63.61719,-39.2359],[-63.63171,-39.2478],[-63.63458,-39.22699],[-63.67505,-39.22102],[-63.67077,-39.20448],[-63.69349,-39.20567],[-63.72961,-39.18439],[-63.74239,-39.18889],[-63.74477,-39.16379],[-63.76343,-39.15399],[-63.75708,-39.12921],[-63.77692,-39.12891],[-63.78821,-39.10919],[-63.79319,-39.12298],[-63.83495,-39.13631],[-63.8418,-39.10919],[-63.85827,-39.11037],[-63.87128,-39.09528],[-63.87958,-39.1004],[-63.8692,-39.10669],[-63.89551,-39.10773],[-63.91357,-39.0863],[-63.9328,-39.09351],[-63.93346,-39.06159],[-63.99823,-39.03528],[-63.99011,-39.01343],[-64.01361,-39.01813],[-64.01453,-39.00098],[-64.04938,-39],[-64.06268,-39.01038],[-64.06458,-38.99182],[-64.2309,-38.92371],[-64.2796,-38.914],[-64.29578,-38.8971],[-64.32536,-38.90645],[-64.34869,-38.88348],[-64.37921,-38.8916],[-64.39789,-38.88593],[-64.3974,-38.87323],[-64.41327,-38.88361],[-64.42066,-38.87183],[-64.43089,-38.87921],[-64.47638,-38.85999],[-64.5152,-38.86841],[-64.53673,-38.85875]]]},"properties":{"fid":175,"Entidad":0,"Objeto":"Departamento","FNA":"Departamento Pichi Mahuida","GNA":"Departamento","NAM":"Pichi Mahuida","SAG":"IDE Rio Negro","FDC":null,"IN1":"62063","SHAPE_STAr":1.6388738147,"SHAPE_STLe":5.9955394317}},{"type":"Feature","geometry":{"type":"Polygon","coordinates":[[[-63.38534,-37.25894],[-64.17423,-37.25687],[-64.18022,-37.70777],[-63.38549,-37.70989],[-63.38534,-37.25894]]]},"properties":{"fid":428,"Entidad":0,"Objeto":"Departamento","FNA":"Departamento Guatraché","GNA":"Departamento","NAM":"Guatraché","SAG":"Direc. Grl. de Catastro","FDC":null,"IN1":"42070","SHAPE_STAr":0.35706301271,"SHAPE_STLe":2.48553679231}},{"type":"Feature","geometry":{"type":"Polygon","coordinates":[[[-63.9458,-36.80621],[-64.1699,-36.80555],[-64.1721,-36.98676],[-64.17423,-37.25687],[-63.38534,-37.25894],[-63.38531,-36.80784],[-63.9458,-36.80621]]]},"properties":{"fid":427,"Entidad":0,"Objeto":"Departamento","FNA":"Departamento Atreucó","GNA":"Departamento","NAM":"Atreucó","SAG":"Direc. Grl. de Catastro","FDC":null,"IN1":"42007","SHAPE_STAr":0.355053368935,"SHAPE_STLe":2.47593980193}},{"type":"Feature","geometry":{"type":"Polygon","coordinates":[[[-65.07134,-36.97722],[-65.63478,-36.96581],[-65.63437,-36.95157],[-65.99975,-36.9614],[-65.97772,-37.68322],[-65.65489,-37.67596],[-65.65465,-37.69014],[-64.52022,-37.70534],[-64.18022,-37.70777],[-64.17423,-37.25687],[-64.1721,-36.98676],[-65.07134,-36.97722]]]},"properties":{"fid":430,"Entidad":0,"Objeto":"Departamento","FNA":"Departamento Utracán","GNA":"Departamento","NAM":"Utracán","SAG":"Direc. Grl. de Catastro","FDC":null,"IN1":"42154","SHAPE_STAr":1.30967207006,"SHAPE_STLe":5.09753584018}},{"type":"Feature","geometry":{"type":"Polygon","coordinates":[[[-64.18022,-37.70777],[-64.52022,-37.70534],[-64.52823,-38.2464],[-63.38531,-38.25292],[-63.38568,-37.80879],[-63.38549,-37.70989],[-64.18022,-37.70777]]]},"properties":{"fid":432,"Entidad":0,"Objeto":"Departamento","FNA":"Departamento Hucal","GNA":"Departamento","NAM":"Hucal","SAG":"Direc. Grl. de Catastro","FDC":null,"IN1":"42077","SHAPE_STAr":0.61662503004,"SHAPE_STLe":3.36183683417}},{"type":"Feature","geometry":{"type":"Polygon","coordinates":[[[-63.38531,-38.25292],[-64.52823,-38.2464],[-64.53673,-38.85875],[-64.5152,-38.86841],[-64.47638,-38.85999],[-64.43089,-38.87921],[-64.42066,-38.87183],[-64.41327,-38.88361],[-64.3974,-38.87323],[-64.39789,-38.88593],[-64.37921,-38.8916],[-64.34869,-38.88348],[-64.32536,-38.90645],[-64.29578,-38.8971],[-64.2796,-38.914],[-64.2309,-38.92371],[-64.06458,-38.99182],[-64.06268,-39.01038],[-64.04938,-39],[-64.01453,-39.00098],[-64.01361,-39.01813],[-63.99011,-39.01343],[-63.99823,-39.03528],[-63.93346,-39.06159],[-63.9328,-39.09351],[-63.91357,-39.0863],[-63.89551,-39.10773],[-63.8692,-39.10669],[-63.87958,-39.1004],[-63.87128,-39.09528],[-63.85827,-39.11037],[-63.8418,-39.10919],[-63.83495,-39.13631],[-63.79319,-39.12298],[-63.78821,-39.10919],[-63.77692,-39.12891],[-63.75708,-39.12921],[-63.76343,-39.15399],[-63.74477,-39.16379],[-63.74239,-39.18889],[-63.72961,-39.18439],[-63.69349,-39.20567],[-63.67077,-39.20448],[-63.67505,-39.22102],[-63.63458,-39.22699],[-63.63171,-39.2478],[-63.61719,-39.2359],[-63.61438,-39.25183],[-63.59387,-39.24591],[-63.5661,-39.2663],[-63.55768,-39.2619],[-63.53772,-39.28082],[-63.54122,-39.29666],[-63.51201,-39.31266],[-63.48947,-39.30653],[-63.4574,-39.32884],[-63.45157,-39.32028],[-63.43087,-39.33069],[-63.38327,-39.32849],[-63.38424,-38.82894],[-63.38531,-38.25292]]]},"properties":{"fid":433,"Entidad":0,"Objeto":"Departamento","FNA":"Departamento Caleu Caleu","GNA":"Departamento","NAM":"Caleu Caleu","SAG":"Direc. Grl. de Catastro","FDC":null,"IN1":"42014","SHAPE_STAr":0.942918468727,"SHAPE_STLe":4.59726978516}},{"type":"Feature","geometry":{"type":"Polygon","coordinates":[[[-64.52022,-37.70534],[-65.65465,-37.69014],[-65.68491,-38.83134],[-65.64862,-38.8244],[-65.64331,-38.80841],[-65.63178,-38.81811],[-65.63208,-38.80249],[-65.617,-38.80841],[-65.6087,-38.7984],[-65.62299,-38.78632],[-65.58252,-38.77429],[-65.56952,-38.78461],[-65.52319,-38.77918],[-65.5025,-38.7981],[-65.39081,-38.83051],[-65.37451,-38.85571],[-65.28052,-38.82141],[-65.21842,-38.83735],[-65.19017,-38.83542],[-65.19291,-38.81175],[-65.1712,-38.80261],[-65.14008,-38.81818],[-65.11139,-38.7995],[-64.92427,-38.83316],[-64.87732,-38.81439],[-64.84503,-38.82698],[-64.80951,-38.8158],[-64.73796,-38.84066],[-64.69348,-38.84369],[-64.67279,-38.83319],[-64.63041,-38.85267],[-64.60468,-38.84772],[-64.59637,-38.85919],[-64.53673,-38.85875],[-64.52823,-38.2464],[-64.52022,-37.70534]]]},"properties":{"fid":434,"Entidad":0,"Objeto":"Departamento","FNA":"Departamento Lihuel Calel","GNA":"Departamento","NAM":"Lihuel Calel","SAG":"Direc. Grl. de Catastro","FDC":null,"IN1":"42084","SHAPE_STAr":1.28446763034,"SHAPE_STLe":4.86246695663}},{"type":"Feature","geometry":{"type":"Polygon","coordinates":[[[-65.65465,-37.69014],[-65.65489,-37.67596],[-65.97772,-37.68322],[-67.11168,-37.70019],[-67.10273,-38.37867],[-67.09184,-38.39963],[-67.00702,-38.42432],[-66.99438,-38.44647],[-66.94879,-38.45288],[-66.89697,-38.44373],[-66.88971,-38.46362],[-66.81201,-38.4848],[-66.78607,-38.48053],[-66.76633,-38.50432],[-66.71478,-38.521],[-66.71136,-38.53252],[-66.64478,-38.53794],[-66.63379,-38.55679],[-66.60988,-38.55798],[-66.59977,-38.59974],[-66.578,-38.62139],[-66.59751,-38.64911],[-66.59239,-38.67088],[-66.60714,-38.67909],[-66.57593,-38.7016],[-66.55337,-38.69837],[-66.53861,-38.72085],[-66.49876,-38.718],[-66.47498,-38.73877],[-66.44677,-38.73608],[-66.44201,-38.74569],[-66.41742,-38.74432],[-66.40905,-38.73096],[-66.40442,-38.74408],[-66.35761,-38.7453],[-66.34183,-38.75773],[-66.32178,-38.7486],[-66.315,-38.7616],[-66.30908,-38.7431],[-66.28851,-38.75592],[-66.24683,-38.7356],[-66.22028,-38.74109],[-66.18042,-38.73138],[-66.17718,-38.74542],[-66.15521,-38.72919],[-66.13599,-38.73932],[-66.12128,-38.73383],[-66.1203,-38.74347],[-66.10809,-38.7279],[-66.08478,-38.72559],[-66.0613,-38.75167],[-66.03119,-38.73941],[-66.03387,-38.75092],[-66.01971,-38.74127],[-65.95101,-38.74726],[-65.94625,-38.76749],[-65.92555,-38.76416],[-65.92638,-38.77499],[-65.91068,-38.76571],[-65.90949,-38.78278],[-65.87488,-38.77771],[-65.88202,-38.78931],[-65.86401,-38.78998],[-65.86389,-38.7995],[-65.84108,-38.78665],[-65.82068,-38.79889],[-65.8172,-38.78882],[-65.80597,-38.80609],[-65.7876,-38.79541],[-65.7796,-38.81018],[-65.71259,-38.82501],[-65.70178,-38.81653],[-65.68491,-38.83134],[-65.65465,-37.69014]]]},"properties":{"fid":435,"Entidad":0,"Objeto":"Departamento","FNA":"Departamento Curacó","GNA":"Departamento","NAM":"Curacó","SAG":"Direc. Grl. de Catastro","FDC":null,"IN1":"42042","SHAPE_STAr":1.38952787095,"SHAPE_STLe":5.44186086181}},{"type":"Feature","geometry":{"type":"Polygon","coordinates":[[[-65.99975,-36.9614],[-66.00543,-36.78142],[-67.12686,-36.79948],[-67.11168,-37.70019],[-65.97772,-37.68322],[-65.99975,-36.9614]]]},"properties":{"fid":436,"Entidad":0,"Objeto":"Departamento","FNA":"Departamento Limay Mahuida","GNA":"Departamento","NAM":"Limay Mahuida","SAG":"Direc. Grl. de Catastro","FDC":null,"IN1":"42091","SHAPE_STAr":1.01678303714,"SHAPE_STLe":4.05872670868}},{"type":"Feature","geometry":{"type":"Polygon","coordinates":[[[-67.11168,-37.70019],[-67.12686,-36.79948],[-68.25009,-36.80277],[-68.24998,-37.57481],[-68.24998,-37.57669],[-68.21784,-37.58835],[-68.15254,-37.58032],[-68.0672,-37.60169],[-67.94416,-37.60322],[-67.9173,-37.61841],[-67.87073,-37.61261],[-67.7934,-37.6463],[-67.76862,-37.67358],[-67.74188,-37.78491],[-67.72229,-37.79993],[-67.72751,-37.84557],[-67.78046,-37.89399],[-67.867,-37.9314],[-67.90395,-37.98358],[-67.88944,-38.00047],[-67.89491,-38.01796],[-67.88313,-38.01879],[-67.86279,-38.05359],[-67.85077,-38.05188],[-67.8512,-38.0658],[-67.83588,-38.05652],[-67.80996,-38.07185],[-67.78426,-38.05341],[-67.76611,-38.06879],[-67.74872,-38.0581],[-67.75122,-38.07428],[-67.72992,-38.0788],[-67.7301,-38.11481],[-67.71863,-38.13037],[-67.70752,-38.12402],[-67.68701,-38.1358],[-67.65649,-38.20178],[-67.54791,-38.25629],[-67.34418,-38.25177],[-67.26111,-38.2171],[-67.18761,-38.2145],[-67.19659,-38.25378],[-67.17048,-38.2609],[-67.17239,-38.27922],[-67.15277,-38.2926],[-67.15537,-38.3543],[-67.11861,-38.35679],[-67.10273,-38.37867],[-67.11168,-37.70019]]]},"properties":{"fid":437,"Entidad":0,"Objeto":"Departamento","FNA":"Departamento Puelén","GNA":"Departamento","NAM":"Puelén","SAG":"Direc. Grl. de Catastro","FDC":null,"IN1":"42112","SHAPE_STAr":1.33432225537,"SHAPE_STLe":5.86611013191}},{"type":"Feature","geometry":{"type":"Polygon","coordinates":[[[-64.62099,-28.16594],[-64.75739,-28.14179],[-64.76081,-28.15628],[-64.78328,-28.15175],[-64.78527,-28.16221],[-64.83201,-28.15272],[-64.85445,-28.24729],[-64.93777,-28.23088],[-64.94826,-28.27307],[-65.10904,-28.24092],[-65.10474,-28.32224],[-65.0969,-28.47101],[-65.12556,-28.61153],[-65.18462,-28.60057],[-65.18812,-28.61811],[-65.17257,-28.61797],[-65.17346,-28.63296],[-65.13652,-28.64688],[-65.12718,-28.71615],[-65.01663,-28.73781],[-64.97727,-28.7892],[-64.9386,-28.80574],[-64.90113,-28.84131],[-64.91195,-28.88664],[-64.9066,-28.93245],[-64.85984,-29.035],[-64.85449,-29.1974],[-64.8376,-29.22857],[-64.78096,-29.26759],[-64.82475,-29.27378],[-64.84229,-29.31275],[-64.83807,-29.34255],[-64.78597,-29.4055],[-64.82594,-29.47365],[-64.82463,-29.5743],[-64.58849,-29.53813],[-64.51364,-29.03444],[-64.51183,-29.0241],[-64.55902,-29.01582],[-64.52305,-28.78322],[-64.49793,-28.78755],[-64.49381,-28.7693],[-64.52351,-28.76411],[-64.5133,-28.71708],[-64.54258,-28.71193],[-64.53475,-28.6785],[-64.56679,-28.67279],[-64.54927,-28.56727],[-64.52348,-28.57193],[-64.51253,-28.52429],[-64.55421,-28.51621],[-64.54595,-28.47761],[-64.60049,-28.46764],[-64.5896,-28.41982],[-64.57488,-28.42225],[-64.5576,-28.38582],[-64.45347,-28.40429],[-64.44864,-28.38351],[-64.49071,-28.37133],[-64.48163,-28.33116],[-64.55109,-28.31878],[-64.54939,-28.31033],[-64.51237,-28.31655],[-64.4841,-28.18979],[-64.62099,-28.16594]]]},"properties":{"fid":41,"Entidad":0,"Objeto":"Departamento","FNA":"Departamento Choya","GNA":"Departamento","NAM":"Choya","SAG":"Catastro Provinciales","FDC":null,"IN1":"86063","SHAPE_STAr":0.572451679693,"SHAPE_STLe":4.70659699485}},{"type":"Feature","geometry":{"type":"Polygon","coordinates":[[[-63.9774,-32.73769],[-63.97342,-32.72322],[-64.04401,-32.75036],[-63.97794,-32.47556],[-63.94412,-32.45871],[-63.92039,-32.37452],[-63.9886,-32.3609],[-63.98621,-32.32763],[-64.04377,-32.32447],[-64.08942,-32.30813],[-64.24586,-32.30822],[-64.24564,-32.32694],[-64.24569,-32.39011],[-64.32199,-32.37637],[-64.32495,-32.39881],[-64.4261,-32.37988],[-64.44559,-32.46104],[-64.45907,-32.48156],[-64.4875,-32.47655],[-64.52679,-32.6177],[-64.53897,-32.62658],[-64.57597,-32.63144],[-64.5945,-32.61685],[-64.66319,-32.63205],[-64.74473,-32.60594],[-64.88835,-32.57989],[-64.92412,-32.61475],[-64.91618,-32.67918],[-64.94819,-32.72284],[-64.94462,-32.76734],[-64.97424,-32.8267],[-64.96517,-32.86516],[-64.9915,-32.94449],[-65.01224,-32.9618],[-65.02148,-32.97709],[-64.9997,-33.00267],[-65.04813,-33.06881],[-65.05485,-33.11557],[-65.14273,-33.19453],[-65.11747,-33.95066],[-65.07624,-33.98899],[-65.06256,-33.98024],[-65.06143,-34.00622],[-65.02358,-34.00826],[-64.99733,-34.03739],[-64.98028,-34.03126],[-64.9126,-34.04235],[-64.89381,-34.05394],[-64.86945,-34.05183],[-64.85904,-34.06744],[-64.85128,-34.05594],[-64.81444,-34.06075],[-64.80582,-34.08396],[-64.78716,-34.09408],[-64.75976,-34.08386],[-64.73377,-34.1088],[-64.7117,-34.1125],[-64.70586,-34.12797],[-64.68715,-34.11572],[-64.64494,-34.14237],[-64.65336,-34.15475],[-64.62332,-34.16072],[-64.6218,-34.17032],[-64.57826,-34.17081],[-64.54765,-34.19141],[-64.52083,-34.18208],[-64.4727,-34.19725],[-64.46678,-34.21058],[-64.42523,-34.20558],[-64.41052,-34.2223],[-64.39837,-34.20671],[-64.38782,-34.21671],[-64.34169,-34.21301],[-64.31764,-34.22633],[-64.29431,-34.21395],[-64.27793,-34.23101],[-64.20854,-34.2391],[-64.1602,-34.20842],[-64.08829,-34.19868],[-64.07674,-34.17903],[-64.03171,-34.17423],[-64.03483,-33.83283],[-64.03921,-33.6431],[-63.88538,-33.64329],[-63.89015,-33.19949],[-63.90376,-33.19283],[-63.90642,-33.20521],[-63.91908,-33.19888],[-63.92692,-33.20695],[-63.94431,-33.19149],[-63.95549,-33.2016],[-63.96235,-33.19099],[-63.99578,-33.1963],[-64.02284,-33.17963],[-64.02684,-33.19246],[-64.04794,-33.19264],[-64.04883,-33.10968],[-63.99206,-33.11133],[-63.97658,-33.05429],[-64.07518,-33.04628],[-64.06384,-33.00052],[-64.04803,-33.00187],[-63.9774,-32.73769]]]},"properties":{"fid":97,"Entidad":0,"Objeto":"Departamento","FNA":"Departamento Río Cuarto","GNA":"Departamento","NAM":"Río Cuarto","SAG":"IDE Cordoba","FDC":"Catastro","IN1":"14098","SHAPE_STAr":1.80002267425,"SHAPE_STLe":7.07881970292}},{"type":"Feature","geometry":{"type":"Polygon","coordinates":[[[-64.20854,-34.2391],[-64.27793,-34.23101],[-64.29431,-34.21395],[-64.31764,-34.22633],[-64.34169,-34.21301],[-64.38782,-34.21671],[-64.39837,-34.20671],[-64.41052,-34.2223],[-64.42523,-34.20558],[-64.46678,-34.21058],[-64.4727,-34.19725],[-64.52083,-34.18208],[-64.54765,-34.19141],[-64.57826,-34.17081],[-64.6218,-34.17032],[-64.62332,-34.16072],[-64.65336,-34.15475],[-64.64494,-34.14237],[-64.68715,-34.11572],[-64.70586,-34.12797],[-64.7117,-34.1125],[-64.73377,-34.1088],[-64.75976,-34.08386],[-64.78716,-34.09408],[-64.80582,-34.08396],[-64.81444,-34.06075],[-64.85128,-34.05594],[-64.85904,-34.06744],[-64.86945,-34.05183],[-64.89381,-34.05394],[-64.9126,-34.04235],[-64.98028,-34.03126],[-64.99733,-34.03739],[-65.02358,-34.00826],[-65.06143,-34.00622],[-65.06256,-33.98024],[-65.07624,-33.98899],[-65.11747,-33.95066],[-65.11749,-34.65217],[-65.11749,-35],[-64.48077,-35.00005],[-63.93487,-35.00009],[-63.38575,-35.00014],[-63.38531,-34.52963],[-63.5024,-34.52105],[-63.50154,-34.54484],[-63.82982,-34.54543],[-63.83494,-34.36424],[-64.1622,-34.37046],[-64.16551,-34.25735],[-64.20854,-34.2391]]]},"properties":{"fid":116,"Entidad":0,"Objeto":"Departamento","FNA":"Departamento General Roca","GNA":"Departamento","NAM":"General Roca","SAG":"IDE Cordoba","FDC":"Catastro","IN1":"14035","SHAPE_STAr":1.24264173089,"SHAPE_STLe":5.80068895552}},{"type":"Feature","geometry":{"type":"Polygon","coordinates":[[[-63.93782,-30.08364],[-64.17364,-30.06304],[-64.21069,-29.97807],[-64.41011,-29.9301],[-64.40518,-29.82762],[-64.49218,-29.82076],[-64.48921,-29.52293],[-64.58849,-29.53813],[-64.82463,-29.5743],[-64.96405,-29.59609],[-64.93793,-29.84751],[-64.98596,-29.89106],[-64.9894,-30.01506],[-64.29615,-30.08632],[-64.29871,-30.11407],[-64.26987,-30.11601],[-64.28324,-30.20189],[-64.35653,-30.1974],[-64.3863,-30.34026],[-64.3748,-30.37859],[-64.28372,-30.38876],[-64.29826,-30.46372],[-64.13926,-30.47224],[-64.08331,-30.46569],[-64.00559,-30.48322],[-63.99419,-30.45538],[-63.97922,-30.45868],[-63.96357,-30.41491],[-63.8471,-30.4166],[-63.84551,-30.51082],[-63.80238,-30.51026],[-63.7957,-30.56919],[-63.61545,-30.57192],[-63.60433,-30.52615],[-63.56504,-30.53403],[-63.35698,-30.57586],[-63.36504,-30.60944],[-63.20751,-30.63901],[-63.21364,-30.66208],[-63.03002,-30.69535],[-63.00129,-30.69577],[-63.01127,-30.68693],[-62.98585,-30.67734],[-62.96362,-30.68731],[-62.93731,-30.68352],[-62.95164,-30.67481],[-62.92661,-30.66499],[-62.91443,-30.6398],[-62.91234,-30.65873],[-62.87666,-30.66202],[-62.88461,-30.63528],[-62.77242,-30.60217],[-62.68527,-30.59266],[-62.67979,-30.56723],[-62.70431,-30.54881],[-62.65769,-30.51282],[-62.62918,-30.53258],[-62.55654,-30.52585],[-62.54513,-30.54418],[-62.55396,-30.54804],[-62.51431,-30.56414],[-62.44473,-30.56858],[-62.42859,-30.55449],[-62.33528,-30.57978],[-62.32509,-30.51158],[-62.55047,-30.47011],[-62.52698,-30.3785],[-63.32544,-30.2304],[-63.34848,-30.32366],[-63.3809,-30.32147],[-63.38097,-30.27041],[-63.49253,-30.27218],[-63.4937,-30.18868],[-63.85859,-30.12477],[-63.88636,-30.09707],[-63.93012,-30.09479],[-63.93782,-30.08364]]]},"properties":{"fid":85,"Entidad":0,"Objeto":"Departamento","FNA":"Departamento Tulumba","GNA":"Departamento","NAM":"Tulumba","SAG":"IDE Cordoba","FDC":"Catastro","IN1":"14175","SHAPE_STAr":0.91239019527,"SHAPE_STLe":7.97380759348}},{"type":"Feature","geometry":{"type":"Polygon","coordinates":[[[-64.30979,-31.36329],[-64.35109,-31.37134],[-64.41985,-31.35524],[-64.43103,-31.37302],[-64.4419,-31.3949],[-64.48042,-31.42081],[-64.52214,-31.51801],[-64.54843,-31.55105],[-64.54803,-31.69098],[-64.5981,-31.70985],[-64.59981,-31.6939],[-64.61907,-31.68714],[-64.63312,-31.69443],[-64.63949,-31.67831],[-64.64856,-31.6922],[-64.66401,-31.69237],[-64.67776,-31.6758],[-64.71581,-31.67625],[-64.72686,-31.73537],[-64.75997,-31.75987],[-64.78352,-31.82665],[-64.88733,-31.82806],[-64.8847,-31.84671],[-64.92882,-31.90929],[-64.89494,-31.90693],[-64.83453,-31.86526],[-64.76044,-31.86658],[-64.73277,-31.88625],[-64.73119,-31.87718],[-64.71374,-31.88847],[-64.69148,-31.88033],[-64.67529,-31.88282],[-64.67759,-31.89454],[-64.65357,-31.89557],[-64.63923,-31.88462],[-64.63425,-31.89695],[-64.60914,-31.8966],[-64.60637,-31.88526],[-64.58216,-31.87841],[-64.54732,-31.88088],[-64.55284,-31.86903],[-64.52743,-31.85206],[-64.52013,-31.81779],[-64.5039,-31.8167],[-64.50083,-31.83146],[-64.49455,-31.82292],[-64.48999,-31.83986],[-64.49933,-31.84242],[-64.48557,-31.85103],[-64.47563,-31.83727],[-64.45956,-31.85254],[-64.44547,-31.83838],[-64.43213,-31.84],[-64.42651,-31.8572],[-64.40539,-31.8373],[-64.3786,-31.84567],[-64.38134,-31.82863],[-64.36938,-31.8171],[-64.34626,-31.81714],[-64.32844,-31.7912],[-64.3151,-31.80241],[-64.31553,-31.8329],[-64.28647,-31.8324],[-64.28825,-31.94997],[-64.27477,-31.94497],[-64.27429,-31.91266],[-64.22344,-31.91244],[-64.24141,-32.00447],[-64.08451,-32.00465],[-64.0841,-31.95059],[-63.97379,-31.95175],[-63.97445,-31.99801],[-63.91929,-32.00983],[-63.91895,-31.98699],[-63.91809,-31.8746],[-63.94687,-31.87444],[-63.94779,-31.75286],[-64.01055,-31.74996],[-64.02727,-31.76869],[-64.02911,-31.67746],[-64.01461,-31.656],[-63.98528,-31.65114],[-64.01661,-31.6204],[-63.93411,-31.55825],[-63.95435,-31.53538],[-63.9521,-31.43969],[-63.97358,-31.4519],[-64.00228,-31.44703],[-64.05738,-31.41929],[-64.05738,-31.52498],[-64.30979,-31.52498],[-64.30979,-31.36329]]]},"properties":{"fid":88,"Entidad":0,"Objeto":"Departamento","FNA":"Departamento Santa María","GNA":"Departamento","NAM":"Santa María","SAG":"IDE Cordoba","FDC":"Catastro","IN1":"14147","SHAPE_STAr":0.309476416992,"SHAPE_STLe":4.68839719966}},{"type":"Feature","geometry":{"type":"Polygon","coordinates":[[[-64.4254,-30.77757],[-64.51402,-30.77149],[-64.51482,-30.70303],[-64.54423,-30.7038],[-64.5447,-30.69061],[-64.6243,-30.69011],[-64.61974,-30.77122],[-64.67099,-30.82878],[-64.66486,-30.84664],[-64.64469,-30.85624],[-64.64817,-30.92225],[-64.67453,-30.92191],[-64.67455,-30.94365],[-64.69986,-30.94942],[-64.67611,-30.97189],[-64.68738,-31.01782],[-64.64798,-31.0104],[-64.64272,-31.04522],[-64.67742,-31.07149],[-64.67752,-31.13726],[-64.70407,-31.17879],[-64.69626,-31.22397],[-64.71117,-31.26188],[-64.70051,-31.27762],[-64.72116,-31.28901],[-64.74917,-31.35429],[-64.76138,-31.42243],[-64.79296,-31.42469],[-64.78377,-31.50463],[-64.75137,-31.51612],[-64.77244,-31.56011],[-64.72774,-31.67653],[-64.71581,-31.67625],[-64.67776,-31.6758],[-64.66401,-31.69237],[-64.64856,-31.6922],[-64.63949,-31.67831],[-64.63312,-31.69443],[-64.61907,-31.68714],[-64.59981,-31.6939],[-64.5981,-31.70985],[-64.54803,-31.69098],[-64.54843,-31.55105],[-64.52214,-31.51801],[-64.48042,-31.42081],[-64.4419,-31.3949],[-64.43103,-31.37302],[-64.43215,-31.28264],[-64.41674,-31.24936],[-64.41474,-31.1756],[-64.44922,-31.06055],[-64.42965,-30.97259],[-64.43875,-30.91377],[-64.44719,-30.83341],[-64.4254,-30.77757]]]},"properties":{"fid":87,"Entidad":0,"Objeto":"Departamento","FNA":"Departamento Punilla","GNA":"Departamento","NAM":"Punilla","SAG":"IDE Cordoba","FDC":"Catastro","IN1":"14091","SHAPE_STAr":0.234528177868,"SHAPE_STLe":3.11923509155}},{"type":"Feature","geometry":{"type":"Polygon","coordinates":[[[-63.85128,-28.39111],[-63.87522,-28.38561],[-63.87588,-28.37654],[-63.8802,-28.38963],[-63.88945,-28.37872],[-63.9022,-28.39289],[-63.92706,-28.36746],[-63.93414,-28.38117],[-63.94824,-28.3814],[-63.95722,-28.36142],[-63.97111,-28.35905],[-63.96895,-28.34336],[-63.98619,-28.34729],[-64.00835,-28.32883],[-64.03056,-28.33546],[-64.01712,-28.30771],[-64.04935,-28.33014],[-64.05496,-28.30451],[-64.08195,-28.27823],[-64.08257,-28.2489],[-64.17811,-28.28259],[-64.1886,-28.30629],[-64.2631,-28.34079],[-64.49071,-28.37133],[-64.44864,-28.38351],[-64.45347,-28.40429],[-64.5576,-28.38582],[-64.57488,-28.42225],[-64.5896,-28.41982],[-64.60049,-28.46764],[-64.54595,-28.47761],[-64.55421,-28.51621],[-64.51253,-28.52429],[-64.52348,-28.57193],[-64.54927,-28.56727],[-64.56679,-28.67279],[-64.53475,-28.6785],[-64.54258,-28.71193],[-64.5133,-28.71708],[-64.52351,-28.76411],[-64.49381,-28.7693],[-64.49793,-28.78755],[-64.52305,-28.78322],[-64.55902,-29.01582],[-64.51183,-29.0241],[-64.51364,-29.03444],[-64.26609,-29.03732],[-64.19403,-28.75961],[-64.23441,-28.68242],[-64.21702,-28.60514],[-64.20628,-28.59617],[-64.16077,-28.60337],[-64.15532,-28.57746],[-64.0435,-28.59378],[-64.01971,-28.48806],[-63.85128,-28.39111]]]},"properties":{"fid":188,"Entidad":0,"Objeto":"Departamento","FNA":"Departamento Loreto","GNA":"Departamento","NAM":"Loreto","SAG":"Catastro Provinciales","FDC":null,"IN1":"86105","SHAPE_STAr":0.287621915371,"SHAPE_STLe":3.28716871028}},{"type":"Feature","geometry":{"type":"Polygon","coordinates":[[[-63.88066,-28.91041],[-63.95628,-28.87133],[-64.00572,-28.87749],[-64.10746,-28.83485],[-64.13875,-28.79437],[-64.19403,-28.75961],[-64.26609,-29.03732],[-64.51364,-29.03444],[-64.58849,-29.53813],[-64.48921,-29.52293],[-64.34231,-29.50042],[-63.97705,-29.55541],[-63.95864,-29.6213],[-63.86959,-29.6239],[-63.84175,-29.58178],[-63.81165,-29.57916],[-63.78405,-29.58404],[-63.78498,-29.59893],[-63.81639,-29.6147],[-63.76371,-29.61706],[-63.73494,-29.63918],[-63.72367,-29.65916],[-63.70523,-29.66274],[-63.62539,-29.65529],[-63.4652,-29.66482],[-63.48067,-29.72574],[-63.45925,-29.72574],[-63.45901,-29.75715],[-63.27047,-29.77412],[-63.27853,-29.63496],[-63.34458,-29.61426],[-63.3294,-29.53748],[-63.46241,-29.5105],[-63.46087,-29.50007],[-63.53269,-29.48333],[-63.53851,-29.51904],[-63.57488,-29.50026],[-63.58094,-29.45296],[-63.64222,-29.43962],[-63.67822,-29.4127],[-63.65317,-29.3925],[-63.64726,-29.3063],[-63.70506,-29.33488],[-63.6706,-29.18185],[-63.7383,-29.17016],[-63.75041,-29.22551],[-63.79451,-29.21759],[-63.77411,-29.10105],[-63.73007,-29.10879],[-63.71876,-29.0592],[-63.83572,-29.03649],[-63.83122,-29.01679],[-63.84592,-29.00368],[-63.796,-28.96208],[-63.80754,-28.95303],[-63.81943,-28.96251],[-63.85191,-28.93805],[-63.91945,-28.93766],[-63.88066,-28.91041]]]},"properties":{"fid":40,"Entidad":0,"Objeto":"Departamento","FNA":"Departamento Ojo de Agua","GNA":"Departamento","NAM":"Ojo de Agua","SAG":"Catastro Provinciales","FDC":null,"IN1":"86126","SHAPE_STAr":0.594354303874,"SHAPE_STLe":4.98352736968}},{"type":"Feature","geometry":{"type":"Polygon","coordinates":[[[-64.48921,-29.52293],[-64.49218,-29.82076],[-64.40518,-29.82762],[-64.41011,-29.9301],[-64.21069,-29.97807],[-64.17364,-30.06304],[-63.93782,-30.08364],[-63.94455,-30.02727],[-63.88738,-29.95649],[-63.88573,-29.90874],[-63.85941,-29.88314],[-63.83495,-29.8769],[-63.80602,-29.79396],[-63.79133,-29.79503],[-63.76537,-29.70608],[-63.79222,-29.70425],[-63.79147,-29.6625],[-63.77921,-29.63934],[-63.74848,-29.65212],[-63.73494,-29.63918],[-63.76371,-29.61706],[-63.81639,-29.6147],[-63.78498,-29.59893],[-63.78405,-29.58404],[-63.81165,-29.57916],[-63.84175,-29.58178],[-63.86959,-29.6239],[-63.95864,-29.6213],[-63.97705,-29.55541],[-64.34231,-29.50042],[-64.48921,-29.52293]]]},"properties":{"fid":148,"Entidad":0,"Objeto":"Departamento","FNA":"Departamento Sobremonte","GNA":"Departamento","NAM":"Sobremonte","SAG":"IDE Cordoba","FDC":"Catastro","IN1":"14154","SHAPE_STAr":0.301005031845,"SHAPE_STLe":2.60185579862}},{"type":"Feature","geometry":{"type":"Polygon","coordinates":[[[-64.30979,-31.36329],[-64.30979,-31.52498],[-64.05738,-31.52498],[-64.05738,-31.41929],[-64.05738,-31.30853],[-64.30979,-31.30853],[-64.30979,-31.36329]]]},"properties":{"fid":163,"Entidad":0,"Objeto":"Departamento","FNA":"Departamento Capital","GNA":"Departamento","NAM":"Capital","SAG":"IDE Cordoba","FDC":"Catastro","IN1":"14014","SHAPE_STAr":0.0546337579954,"SHAPE_STLe":0.937713292071}},{"type":"Feature","geometry":{"type":"Polygon","coordinates":[[[-64.24141,-32.00447],[-64.27754,-32.14107],[-64.26372,-32.15859],[-64.29396,-32.1882],[-64.29348,-32.31822],[-64.24564,-32.32694],[-64.24586,-32.30822],[-64.08942,-32.30813],[-64.04377,-32.32447],[-63.98621,-32.32763],[-63.9886,-32.3609],[-63.92039,-32.37452],[-63.94412,-32.45871],[-63.97794,-32.47556],[-64.04401,-32.75036],[-63.97342,-32.72322],[-63.9774,-32.73769],[-63.90745,-32.70038],[-63.69992,-32.70977],[-63.72152,-32.79069],[-63.55025,-32.82266],[-63.57677,-32.76939],[-63.56029,-32.7071],[-63.58138,-32.70314],[-63.49889,-32.39285],[-63.57244,-32.37882],[-63.54278,-32.26191],[-63.52584,-32.25821],[-63.51617,-32.22239],[-63.45931,-32.24741],[-63.37124,-32.19102],[-63.44772,-32.10373],[-63.40728,-32.08436],[-63.3587,-32.08791],[-63.20132,-32.04827],[-63.18592,-32.09596],[-63.11595,-32.00094],[-63.09701,-32.00547],[-63.08348,-31.95221],[-63.11148,-31.95894],[-63.12563,-31.9474],[-63.18259,-32.00156],[-63.21161,-32.0107],[-63.24445,-31.92484],[-63.34252,-31.94178],[-63.3481,-31.96384],[-63.42173,-31.9742],[-63.42439,-31.98398],[-63.55499,-31.98138],[-63.57001,-31.96422],[-63.6589,-32.02076],[-63.67761,-31.99906],[-63.67788,-32.03505],[-63.69969,-32.03546],[-63.69978,-31.98838],[-63.91895,-31.98699],[-63.91929,-32.00983],[-63.97445,-31.99801],[-63.97379,-31.95175],[-64.0841,-31.95059],[-64.08451,-32.00465],[-64.24141,-32.00447]]]},"properties":{"fid":95,"Entidad":0,"Objeto":"Departamento","FNA":"Departamento Tercero Arriba","GNA":"Departamento","NAM":"Tercero Arriba","SAG":"IDE Cordoba","FDC":"Catastro","IN1":"14161","SHAPE_STAr":0.491969362746,"SHAPE_STLe":4.87376939488}},{"type":"Feature","geometry":{"type":"Polygon","coordinates":[[[-62.80515,-33.896],[-63.22471,-33.81526],[-63.22851,-33.83058],[-64.03483,-33.83283],[-64.03171,-34.17423],[-64.07674,-34.17903],[-64.08829,-34.19868],[-64.1602,-34.20842],[-64.20854,-34.2391],[-64.16551,-34.25735],[-64.1622,-34.37046],[-63.83494,-34.36424],[-63.82982,-34.54543],[-63.50154,-34.54484],[-63.5024,-34.52105],[-63.38531,-34.52963],[-63.38508,-34.38332],[-62.87973,-34.38349],[-62.54317,-33.94344],[-62.80515,-33.896]]]},"properties":{"fid":114,"Entidad":0,"Objeto":"Departamento","FNA":"Departamento Presidente Roque Sáenz Peña","GNA":"Departamento","NAM":"Presidente Roque Sáenz Peña","SAG":"IDE Cordoba","FDC":"Catastro","IN1":"14084","SHAPE_STAr":0.805183238214,"SHAPE_STLe":4.43065951859}},{"type":"Feature","geometry":{"type":"Polygon","coordinates":[[[-63.2631,-31.33391],[-63.36561,-31.31506],[-63.35843,-31.36761],[-63.44962,-31.37535],[-63.4856,-31.39062],[-63.48952,-31.40236],[-63.53063,-31.40328],[-63.53054,-31.41371],[-63.54748,-31.41409],[-63.5579,-31.4579],[-63.57222,-31.47],[-63.61898,-31.49409],[-63.6463,-31.48638],[-63.68077,-31.49291],[-63.69088,-31.52226],[-63.73525,-31.51579],[-63.89827,-31.54297],[-63.95435,-31.53538],[-63.93411,-31.55825],[-64.01661,-31.6204],[-63.98528,-31.65114],[-64.01461,-31.656],[-64.02911,-31.67746],[-64.02727,-31.76869],[-64.01055,-31.74996],[-63.94779,-31.75286],[-63.94687,-31.87444],[-63.91809,-31.8746],[-63.91895,-31.98699],[-63.69978,-31.98838],[-63.69969,-32.03546],[-63.67788,-32.03505],[-63.67761,-31.99906],[-63.6589,-32.02076],[-63.57001,-31.96422],[-63.55499,-31.98138],[-63.42439,-31.98398],[-63.42173,-31.9742],[-63.3481,-31.96384],[-63.34252,-31.94178],[-63.24445,-31.92484],[-63.21161,-32.0107],[-63.18259,-32.00156],[-63.12563,-31.9474],[-63.11148,-31.95894],[-63.08348,-31.95221],[-63.09701,-32.00547],[-63.00631,-32.0215],[-63.00623,-32.03661],[-62.95116,-32.03643],[-62.95411,-32.04813],[-62.85118,-32.06053],[-62.83859,-32.01134],[-62.88105,-32.01282],[-62.88176,-31.96611],[-62.89986,-31.96595],[-62.92589,-31.93106],[-62.94942,-31.91972],[-62.94958,-31.86744],[-62.96393,-31.86745],[-62.96862,-31.8361],[-62.98247,-31.83359],[-62.98292,-31.79887],[-63.00971,-31.79998],[-63.01472,-31.72343],[-63.03554,-31.72343],[-63.03538,-31.69238],[-63.05243,-31.69247],[-63.05273,-31.66569],[-63.11167,-31.66528],[-63.11136,-31.62279],[-63.15269,-31.62296],[-63.16378,-31.5637],[-63.18679,-31.56367],[-63.18126,-31.54347],[-63.20674,-31.55309],[-63.186,-31.47001],[-63.20342,-31.45904],[-63.22987,-31.47236],[-63.25978,-31.46465],[-63.2631,-31.33391]]]},"properties":{"fid":92,"Entidad":0,"Objeto":"Departamento","FNA":"Departamento Río Segundo","GNA":"Departamento","NAM":"Río Segundo","SAG":"IDE Cordoba","FDC":"Catastro","IN1":"14119","SHAPE_STAr":0.490315491603,"SHAPE_STLe":4.20519329173}},{"type":"Feature","geometry":{"type":"Polygon","coordinates":[[[-63.27047,-29.77412],[-63.45901,-29.75715],[-63.45925,-29.72574],[-63.48067,-29.72574],[-63.4652,-29.66482],[-63.62539,-29.65529],[-63.70523,-29.66274],[-63.72367,-29.65916],[-63.73494,-29.63918],[-63.74848,-29.65212],[-63.77921,-29.63934],[-63.79147,-29.6625],[-63.79222,-29.70425],[-63.76537,-29.70608],[-63.79133,-29.79503],[-63.80602,-29.79396],[-63.83495,-29.8769],[-63.85941,-29.88314],[-63.88573,-29.90874],[-63.88738,-29.95649],[-63.94455,-30.02727],[-63.93782,-30.08364],[-63.93012,-30.09479],[-63.88636,-30.09707],[-63.85859,-30.12477],[-63.4937,-30.18868],[-63.49253,-30.27218],[-63.38097,-30.27041],[-63.3809,-30.32147],[-63.34848,-30.32366],[-63.32544,-30.2304],[-62.52698,-30.3785],[-62.55047,-30.47011],[-62.32509,-30.51158],[-62.32145,-30.36789],[-62.15747,-30.39617],[-62.17379,-30.34531],[-62.52008,-30.3419],[-62.53453,-30.31202],[-62.59362,-30.25958],[-62.5968,-30.16574],[-62.56766,-30.12307],[-62.55648,-30.06279],[-62.60851,-30.05646],[-62.6638,-30.04875],[-62.67474,-30.03518],[-62.65499,-30.00735],[-62.6638,-29.9983],[-62.72388,-29.99081],[-62.75362,-29.96642],[-62.79193,-29.95999],[-62.78584,-29.94275],[-62.80053,-29.90805],[-62.82031,-29.90397],[-62.83868,-29.86576],[-62.82927,-29.8424],[-62.80571,-29.83413],[-62.80865,-29.81571],[-63.27047,-29.77412]]]},"properties":{"fid":126,"Entidad":0,"Objeto":"Departamento","FNA":"Departamento Río Seco","GNA":"Departamento","NAM":"Río Seco","SAG":"IDE Cordoba","FDC":"Catastro","IN1":"14112","SHAPE_STAr":0.638704331342,"SHAPE_STLe":5.34668832413}},{"type":"Feature","geometry":{"type":"Polygon","coordinates":[[[-62.87973,-34.38349],[-63.38508,-34.38332],[-63.38531,-34.52963],[-63.38575,-35.00014],[-63.38567,-35.36969],[-63.32948,-35.32316],[-63.34717,-35.30004],[-63.31002,-35.26781],[-63.28514,-35.28849],[-63.21117,-35.22897],[-63.23551,-35.20857],[-63.13905,-35.1284],[-63.09038,-35.16825],[-63.11541,-35.18887],[-62.96461,-35.31189],[-62.89956,-35.25928],[-62.70752,-35.10116],[-62.67689,-35.12661],[-62.65718,-35.11082],[-62.68835,-35.0851],[-62.61063,-35.02272],[-62.64216,-34.99699],[-62.60672,-34.99671],[-62.62217,-34.6325],[-62.59472,-34.65019],[-62.58485,-34.61069],[-62.34817,-34.65378],[-62.26819,-34.38355],[-62.87973,-34.38349]]]},"properties":{"fid":115,"Entidad":0,"Objeto":"Departamento","FNA":"Partido de General Villegas","GNA":"Partido","NAM":"General Villegas","SAG":"ARBA - Gerencia de Servicios Catastrales","FDC":null,"IN1":"06392","SHAPE_STAr":0.71505221182,"SHAPE_STLe":4.41207278096}},{"type":"Feature","geometry":{"type":"Polygon","coordinates":[[[-62.15747,-30.39617],[-62.32145,-30.36789],[-62.32509,-30.51158],[-62.33528,-30.57978],[-62.42859,-30.55449],[-62.44473,-30.56858],[-62.51431,-30.56414],[-62.55396,-30.54804],[-62.54513,-30.54418],[-62.55654,-30.52585],[-62.62918,-30.53258],[-62.65769,-30.51282],[-62.70431,-30.54881],[-62.67979,-30.56723],[-62.68527,-30.59266],[-62.77242,-30.60217],[-62.88461,-30.63528],[-62.87666,-30.66202],[-62.91234,-30.65873],[-62.91443,-30.6398],[-62.92661,-30.66499],[-62.95164,-30.67481],[-62.93731,-30.68352],[-62.96362,-30.68731],[-62.98585,-30.67734],[-63.01127,-30.68693],[-63.00129,-30.69577],[-63.03002,-30.69535],[-63.04043,-30.71293],[-63.02616,-30.70334],[-63.01364,-30.71379],[-62.97943,-30.71652],[-62.97126,-30.70723],[-62.95762,-30.72091],[-62.93242,-30.71994],[-62.92201,-30.73059],[-62.92943,-30.75221],[-62.90577,-30.78579],[-62.84227,-30.80501],[-62.84377,-30.82079],[-62.81522,-30.8507],[-62.83405,-30.93251],[-62.93376,-30.96746],[-62.95517,-31.0798],[-63.00994,-31.07189],[-63.03244,-31.09805],[-63.04031,-31.13152],[-63.11963,-31.11722],[-63.13124,-31.16337],[-63.15393,-31.15947],[-63.17758,-31.28344],[-63.24592,-31.26482],[-63.2631,-31.33391],[-63.25978,-31.46465],[-63.22987,-31.47236],[-63.20342,-31.45904],[-63.186,-31.47001],[-63.20674,-31.55309],[-63.18126,-31.54347],[-63.18679,-31.56367],[-63.16378,-31.5637],[-63.15269,-31.62296],[-63.11136,-31.62279],[-63.11167,-31.66528],[-63.05273,-31.66569],[-63.05243,-31.69247],[-63.03538,-31.69238],[-63.03554,-31.72343],[-63.01472,-31.72343],[-63.00971,-31.79998],[-62.98292,-31.79887],[-62.98247,-31.83359],[-62.96862,-31.8361],[-62.96393,-31.86745],[-62.94958,-31.86744],[-62.94942,-31.91972],[-62.92589,-31.93106],[-62.89986,-31.96595],[-62.88176,-31.96611],[-62.88105,-32.01282],[-62.83859,-32.01134],[-62.63563,-32.04721],[-62.61937,-31.98329],[-62.52896,-31.9989],[-62.52083,-31.96724],[-62.31627,-32.00436],[-62.32462,-32.03898],[-62.28246,-32.04652],[-62.18214,-32.06368],[-62.16761,-31.98619],[-62.18855,-31.9223],[-62.22335,-31.88345],[-62.21787,-31.74068],[-62.24108,-31.70018],[-62.13235,-31.62037],[-61.84337,-30.75075],[-62.1306,-30.47993],[-62.15747,-30.39617]]]},"properties":{"fid":93,"Entidad":0,"Objeto":"Departamento","FNA":"Departamento San Justo","GNA":"Departamento","NAM":"San Justo","SAG":"IDE Cordoba","FDC":"Catastro","IN1":"14140","SHAPE_STAr":1.47321772153,"SHAPE_STLe":6.6552998985}},{"type":"Feature","geometry":{"type":"Polygon","coordinates":[[[-62.28246,-32.04652],[-62.32462,-32.03898],[-62.31627,-32.00436],[-62.52083,-31.96724],[-62.52896,-31.9989],[-62.61937,-31.98329],[-62.63563,-32.04721],[-62.83859,-32.01134],[-62.85118,-32.06053],[-62.87812,-32.15717],[-62.86147,-32.16055],[-62.92738,-32.39146],[-63.01743,-32.37029],[-63.02043,-32.38202],[-63.05315,-32.37642],[-63.06591,-32.42673],[-63.09237,-32.4179],[-63.0977,-32.43832],[-63.12648,-32.42233],[-63.16339,-32.4723],[-63.14657,-32.50608],[-63.08975,-32.51289],[-63.08105,-32.52589],[-63.10113,-32.54796],[-63.11806,-32.6161],[-63.0588,-32.63284],[-63.10332,-32.81103],[-63.05482,-32.81973],[-63.05585,-32.85705],[-63.09061,-32.85025],[-63.1098,-32.92319],[-63.13175,-32.9191],[-63.18019,-33.1025],[-63.19097,-33.1006],[-63.21845,-33.24701],[-63.08166,-33.27276],[-63.22471,-33.81526],[-62.80515,-33.896],[-62.77669,-33.77933],[-62.75337,-33.78347],[-62.64566,-33.35852],[-62.60334,-33.30135],[-62.68841,-33.28567],[-62.5749,-33.21152],[-62.52081,-33.12753],[-62.62523,-33.10796],[-62.5306,-33.04345],[-62.5078,-32.95275],[-62.54289,-32.94671],[-62.5159,-32.83704],[-62.45113,-32.84827],[-62.48739,-32.7643],[-62.49263,-32.78919],[-62.5038,-32.78216],[-62.48631,-32.67913],[-62.45627,-32.68469],[-62.39052,-32.43815],[-62.35448,-32.44463],[-62.34719,-32.41484],[-62.26601,-32.42905],[-62.24503,-32.32905],[-62.29908,-32.31953],[-62.29468,-32.30135],[-62.37595,-32.28748],[-62.33939,-32.13681],[-62.3065,-32.14208],[-62.28246,-32.04652]]]},"properties":{"fid":94,"Entidad":0,"Objeto":"Departamento","FNA":"Departamento Unión","GNA":"Departamento","NAM":"Unión","SAG":"IDE Cordoba","FDC":"Catastro","IN1":"14182","SHAPE_STAr":1.04923271682,"SHAPE_STLe":6.3985334019}},{"type":"Feature","geometry":{"type":"Polygon","coordinates":[[[-61.77172,-28.35709],[-61.87104,-28.35769],[-61.86408,-28.31884],[-63.1107,-28.31655],[-63.10967,-28.32723],[-63.04079,-28.4076],[-62.91435,-28.46049],[-62.87894,-28.5073],[-62.88223,-28.56513],[-62.75337,-28.63244],[-62.71421,-28.70912],[-62.69797,-28.7938],[-62.67236,-28.80971],[-62.68234,-28.81566],[-62.65838,-28.8103],[-62.67595,-28.81985],[-62.6599,-28.83244],[-62.66622,-28.84671],[-62.65516,-28.84707],[-62.65451,-28.86273],[-62.64465,-28.86552],[-61.85783,-28.86644],[-61.77172,-28.35709]]]},"properties":{"fid":38,"Entidad":0,"Objeto":"Departamento","FNA":"Departamento General Taboada","GNA":"Departamento","NAM":"General Taboada","SAG":"Catastro Provinciales","FDC":null,"IN1":"86077","SHAPE_STAr":0.558545991351,"SHAPE_STLe":3.67011841794}},{"type":"Feature","geometry":{"type":"Polygon","coordinates":[[[-62.64465,-28.86552],[-62.65451,-28.86273],[-62.89455,-28.86298],[-62.89452,-28.89166],[-63.06807,-28.89184],[-63.06812,-28.9701],[-62.98022,-28.96666],[-62.98071,-29.20199],[-62.89154,-29.2021],[-62.89146,-29.28361],[-62.80222,-29.28429],[-62.80218,-29.30642],[-62.75275,-29.30696],[-62.75261,-29.36337],[-62.61652,-29.36414],[-62.61711,-29.44253],[-62.49783,-29.44276],[-62.49781,-29.48218],[-62.55801,-29.4824],[-62.55837,-29.52089],[-62.54501,-29.52116],[-62.53362,-29.59685],[-62.43784,-29.59678],[-62.43751,-29.6666],[-61.99284,-29.66506],[-61.99226,-29.6616],[-61.95067,-29.41559],[-61.99186,-29.4254],[-62.00359,-29.40975],[-62.02588,-29.40477],[-62.0438,-29.3728],[-62.08117,-29.37103],[-62.11031,-29.35456],[-62.12984,-29.35843],[-62.12815,-29.36979],[-62.14283,-29.37924],[-62.14647,-29.37038],[-62.15738,-29.38494],[-62.16851,-29.37285],[-62.17445,-29.38614],[-62.18187,-29.37029],[-62.2,-29.37258],[-62.19922,-29.35824],[-62.24687,-29.36163],[-62.24875,-29.37115],[-62.26046,-29.35173],[-62.31008,-29.32582],[-62.30178,-29.31783],[-62.31247,-29.31399],[-62.30091,-29.31533],[-62.28545,-29.28704],[-62.30319,-29.29275],[-62.32188,-29.26261],[-62.37049,-29.24742],[-62.35861,-29.24378],[-62.36778,-29.22543],[-62.39001,-29.22149],[-62.40097,-29.20096],[-62.41836,-29.20338],[-62.41385,-29.1845],[-62.4277,-29.18409],[-62.42722,-29.17536],[-62.41601,-29.1789],[-62.43711,-29.15343],[-62.47969,-29.15734],[-62.47462,-29.14236],[-62.49076,-29.14461],[-62.48939,-29.13525],[-62.50017,-29.14433],[-62.5054,-29.12845],[-62.53535,-29.13713],[-62.56079,-29.12538],[-62.55657,-29.11492],[-62.57112,-29.11512],[-62.57028,-29.10484],[-62.59051,-29.10474],[-62.60849,-29.0889],[-62.62,-29.09564],[-62.61578,-29.08487],[-62.63175,-29.08398],[-62.64086,-29.06593],[-62.62855,-29.03706],[-62.65163,-29.02902],[-62.66578,-28.98479],[-62.67482,-28.98606],[-62.66528,-28.97606],[-62.67313,-28.95785],[-62.65367,-28.94892],[-62.67356,-28.93494],[-62.65746,-28.92804],[-62.65911,-28.90997],[-62.64141,-28.90821],[-62.65114,-28.90917],[-62.64038,-28.89823],[-62.64465,-28.86552]]]},"properties":{"fid":160,"Entidad":0,"Objeto":"Departamento","FNA":"Departamento Aguirre","GNA":"Departamento","NAM":"Aguirre","SAG":"Catastro Provinciales","FDC":null,"IN1":"86007","SHAPE_STAr":0.380688166866,"SHAPE_STLe":4.86154107477}},{"type":"Feature","geometry":{"type":"Polygon","coordinates":[[[-62.1306,-30.47993],[-61.99284,-29.66506],[-62.43751,-29.6666],[-62.43615,-29.94958],[-62.45336,-29.96917],[-62.60851,-30.05646],[-62.55648,-30.06279],[-62.56766,-30.12307],[-62.5968,-30.16574],[-62.59362,-30.25958],[-62.53453,-30.31202],[-62.52008,-30.3419],[-62.17379,-30.34531],[-62.15747,-30.39617],[-62.1306,-30.47993]]]},"properties":{"fid":39,"Entidad":0,"Objeto":"Departamento","FNA":"Departamento Rivadavia","GNA":"Departamento","NAM":"Rivadavia","SAG":"Catastro Provinciales","FDC":null,"IN1":"86154","SHAPE_STAr":0.314547192312,"SHAPE_STLe":2.66307059376}},{"type":"Feature","geometry":{"type":"Polygon","coordinates":[[[-61.81376,-34.3836],[-62.26819,-34.38355],[-62.34817,-34.65378],[-62.18818,-34.68272],[-62.2638,-34.74306],[-62.24024,-34.76204],[-62.30505,-34.81282],[-62.28561,-34.81353],[-62.28306,-34.85677],[-62.22259,-34.85478],[-62.22067,-34.89134],[-62.20555,-34.89012],[-62.10456,-34.98469],[-61.9832,-34.88603],[-61.90272,-34.95275],[-61.67347,-34.76095],[-61.7729,-34.67641],[-61.71161,-34.62803],[-61.76961,-34.57642],[-61.84537,-34.63741],[-61.98394,-34.51825],[-61.81376,-34.3836]]]},"properties":{"fid":59,"Entidad":0,"Objeto":"Departamento","FNA":"Partido de General Pinto","GNA":"Partido","NAM":"General Pinto","SAG":"ARBA - Gerencia de Servicios Catastrales","FDC":null,"IN1":"06351","SHAPE_STAr":0.251592756511,"SHAPE_STLe":2.78659697309}},{"type":"Feature","geometry":{"type":"Polygon","coordinates":[[[-61.85783,-28.86644],[-62.64465,-28.86552],[-62.64038,-28.89823],[-62.65114,-28.90917],[-62.64141,-28.90821],[-62.65911,-28.90997],[-62.65746,-28.92804],[-62.67356,-28.93494],[-62.65367,-28.94892],[-62.67313,-28.95785],[-62.66528,-28.97606],[-62.67482,-28.98606],[-62.66578,-28.98479],[-62.65163,-29.02902],[-62.62855,-29.03706],[-62.64086,-29.06593],[-62.63175,-29.08398],[-62.61578,-29.08487],[-62.62,-29.09564],[-62.60849,-29.0889],[-62.59051,-29.10474],[-62.57028,-29.10484],[-62.57112,-29.11512],[-62.55657,-29.11492],[-62.56079,-29.12538],[-62.53535,-29.13713],[-62.5054,-29.12845],[-62.50017,-29.14433],[-62.48939,-29.13525],[-62.49076,-29.14461],[-62.47462,-29.14236],[-62.47969,-29.15734],[-62.43711,-29.15343],[-62.41601,-29.1789],[-62.42722,-29.17536],[-62.4277,-29.18409],[-62.41385,-29.1845],[-62.41836,-29.20338],[-62.40097,-29.20096],[-62.39001,-29.22149],[-62.36778,-29.22543],[-62.35861,-29.24378],[-62.37049,-29.24742],[-62.32188,-29.26261],[-62.30319,-29.29275],[-62.28545,-29.28704],[-62.30091,-29.31533],[-62.31247,-29.31399],[-62.30178,-29.31783],[-62.31008,-29.32582],[-62.26046,-29.35173],[-62.24875,-29.37115],[-62.24687,-29.36163],[-62.19922,-29.35824],[-62.2,-29.37258],[-62.18187,-29.37029],[-62.17445,-29.38614],[-62.16851,-29.37285],[-62.15738,-29.38494],[-62.14647,-29.37038],[-62.14283,-29.37924],[-62.12815,-29.36979],[-62.12984,-29.35843],[-62.11031,-29.35456],[-62.08117,-29.37103],[-62.0438,-29.3728],[-62.02588,-29.40477],[-62.00359,-29.40975],[-61.99186,-29.4254],[-61.95067,-29.41559],[-61.85783,-28.86644]]]},"properties":{"fid":159,"Entidad":0,"Objeto":"Departamento","FNA":"Departamento Belgrano","GNA":"Departamento","NAM":"Belgrano","SAG":"Catastro Provinciales","FDC":null,"IN1":"86042","SHAPE_STAr":0.309328281275,"SHAPE_STLe":3.5180225478}},{"type":"Feature","geometry":{"type":"Polygon","coordinates":[[[-63.06807,-28.89184],[-63.06784,-28.81157],[-63.11084,-28.8117],[-63.11083,-28.7654],[-63.24243,-28.74058],[-63.22701,-28.63716],[-63.3134,-28.63699],[-63.31337,-28.60708],[-63.35397,-28.60698],[-63.3539,-28.58721],[-63.3926,-28.60456],[-63.38374,-28.55559],[-63.46701,-28.54248],[-63.47513,-28.57644],[-63.52366,-28.56891],[-63.5308,-28.59514],[-63.60138,-28.62649],[-63.58154,-28.64822],[-63.62247,-28.67323],[-63.58399,-28.72424],[-63.56389,-28.71293],[-63.5526,-28.72876],[-63.65862,-28.79368],[-63.59289,-28.87625],[-63.66338,-28.93861],[-63.64993,-28.9297],[-63.6262,-28.94952],[-63.59577,-28.94837],[-63.57889,-28.9782],[-63.56593,-28.96798],[-63.55092,-28.98346],[-63.54232,-28.96915],[-63.53893,-29.01905],[-63.47587,-29.027],[-63.44698,-29.04894],[-63.44897,-29.05921],[-63.41466,-29.06959],[-63.39546,-29.08464],[-63.38151,-29.13671],[-63.36198,-29.12841],[-63.32202,-29.13944],[-63.29564,-29.21015],[-63.27933,-29.22689],[-63.26394,-29.22007],[-63.21419,-29.239],[-63.18522,-29.28743],[-63.15812,-29.29132],[-63.15784,-29.31238],[-62.99424,-29.21857],[-62.99589,-29.20202],[-62.98071,-29.20199],[-62.98022,-28.96666],[-63.06812,-28.9701],[-63.06807,-28.89184]]]},"properties":{"fid":279,"Entidad":0,"Objeto":"Departamento","FNA":"Departamento Salavina","GNA":"Departamento","NAM":"Salavina","SAG":"Catastro Provinciales","FDC":null,"IN1":"86168","SHAPE_STAr":0.293470330271,"SHAPE_STLe":3.09464465589}},{"type":"Feature","geometry":{"type":"Polygon","coordinates":[[[-63.10967,-28.32723],[-63.22829,-28.32733],[-63.23093,-28.34934],[-63.33395,-28.32988],[-63.33299,-28.32213],[-63.36158,-28.31703],[-63.45969,-28.21236],[-63.46734,-28.25524],[-63.51287,-28.25658],[-63.57864,-28.2421],[-63.58086,-28.20504],[-63.61683,-28.19896],[-63.62852,-28.25181],[-63.61154,-28.25462],[-63.63577,-28.35124],[-63.70989,-28.3484],[-63.7111,-28.37161],[-63.69406,-28.3795],[-63.78646,-28.43573],[-63.78181,-28.45056],[-63.76696,-28.44612],[-63.77691,-28.47942],[-63.74439,-28.49597],[-63.7148,-28.52979],[-63.68985,-28.51885],[-63.69728,-28.54874],[-63.60138,-28.62649],[-63.5308,-28.59514],[-63.52366,-28.56891],[-63.47513,-28.57644],[-63.46701,-28.54248],[-63.38374,-28.55559],[-63.3926,-28.60456],[-63.3539,-28.58721],[-63.35397,-28.60698],[-63.31337,-28.60708],[-63.3134,-28.63699],[-63.22701,-28.63716],[-63.24243,-28.74058],[-63.11083,-28.7654],[-63.11084,-28.8117],[-63.06784,-28.81157],[-63.06807,-28.89184],[-62.89452,-28.89166],[-62.89455,-28.86298],[-62.65451,-28.86273],[-62.65516,-28.84707],[-62.66622,-28.84671],[-62.6599,-28.83244],[-62.67595,-28.81985],[-62.65838,-28.8103],[-62.68234,-28.81566],[-62.67236,-28.80971],[-62.69797,-28.7938],[-62.71421,-28.70912],[-62.75337,-28.63244],[-62.88223,-28.56513],[-62.87894,-28.5073],[-62.91435,-28.46049],[-63.04079,-28.4076],[-63.10967,-28.32723]]]},"properties":{"fid":281,"Entidad":0,"Objeto":"Departamento","FNA":"Departamento Avellaneda","GNA":"Departamento","NAM":"Avellaneda","SAG":"Catastro Provinciales","FDC":null,"IN1":"86028","SHAPE_STAr":0.351468122005,"SHAPE_STLe":3.79334726425}},{"type":"Feature","geometry":{"type":"Polygon","coordinates":[[[-63.55025,-32.82266],[-63.72152,-32.79069],[-63.69992,-32.70977],[-63.90745,-32.70038],[-63.9774,-32.73769],[-64.04803,-33.00187],[-64.06384,-33.00052],[-64.07518,-33.04628],[-63.97658,-33.05429],[-63.99206,-33.11133],[-64.04883,-33.10968],[-64.04794,-33.19264],[-64.02684,-33.19246],[-64.02284,-33.17963],[-63.99578,-33.1963],[-63.96235,-33.19099],[-63.95549,-33.2016],[-63.94431,-33.19149],[-63.92692,-33.20695],[-63.91908,-33.19888],[-63.90642,-33.20521],[-63.90376,-33.19283],[-63.89015,-33.19949],[-63.88538,-33.64329],[-64.03921,-33.6431],[-64.03483,-33.83283],[-63.22851,-33.83058],[-63.22471,-33.81526],[-63.08166,-33.27276],[-63.21845,-33.24701],[-63.19097,-33.1006],[-63.30033,-33.08145],[-63.3166,-33.14326],[-63.33949,-33.14539],[-63.48134,-33.1189],[-63.45868,-33.03324],[-63.393,-33.04581],[-63.34538,-32.86131],[-63.40479,-32.85013],[-63.42081,-32.90983],[-63.52445,-32.87208],[-63.51314,-32.82931],[-63.55025,-32.82266]]]},"properties":{"fid":285,"Entidad":0,"Objeto":"Departamento","FNA":"Departamento Juárez Celman","GNA":"Departamento","NAM":"Juárez Celman","SAG":"IDE Cordoba","FDC":"Catastro","IN1":"14056","SHAPE_STAr":0.767827144091,"SHAPE_STLe":4.95452189842}},{"type":"Feature","geometry":{"type":"Polygon","coordinates":[[[-63.8231,-31.01814],[-63.8957,-31.01872],[-63.88799,-30.95297],[-63.99118,-30.9182],[-63.99062,-30.9437],[-64.0096,-30.94213],[-64.03937,-30.9601],[-64.17929,-30.97625],[-64.20567,-30.96074],[-64.24173,-30.96877],[-64.28207,-30.95788],[-64.30679,-30.93352],[-64.34423,-30.93824],[-64.37709,-30.90898],[-64.3852,-30.91727],[-64.43875,-30.91377],[-64.42965,-30.97259],[-64.44922,-31.06055],[-64.41474,-31.1756],[-64.41674,-31.24936],[-64.43215,-31.28264],[-64.43103,-31.37302],[-64.41985,-31.35524],[-64.35109,-31.37134],[-64.30979,-31.36329],[-64.30979,-31.30853],[-64.05738,-31.30853],[-64.05738,-31.41929],[-64.00228,-31.44703],[-63.97358,-31.4519],[-63.9521,-31.43969],[-63.95333,-31.34607],[-63.93627,-31.34961],[-63.93722,-31.32104],[-63.95077,-31.32082],[-63.95088,-31.27362],[-63.86335,-31.27277],[-63.8644,-31.11193],[-63.84454,-31.11197],[-63.83099,-31.09342],[-63.83949,-31.06972],[-63.8232,-31.07339],[-63.8231,-31.01814]]]},"properties":{"fid":300,"Entidad":0,"Objeto":"Departamento","FNA":"Departamento Colón","GNA":"Departamento","NAM":"Colón","SAG":"IDE Cordoba","FDC":"Catastro","IN1":"14021","SHAPE_STAr":0.223998775653,"SHAPE_STLe":2.78043636059}},{"type":"Feature","geometry":{"type":"Polygon","coordinates":[[[-64.29826,-30.46372],[-64.28372,-30.38876],[-64.3748,-30.37859],[-64.3863,-30.34026],[-64.35653,-30.1974],[-64.28324,-30.20189],[-64.26987,-30.11601],[-64.29871,-30.11407],[-64.29615,-30.08632],[-64.9894,-30.01506],[-65.00408,-30.22612],[-65.00187,-30.41852],[-65.06526,-30.41867],[-65.05924,-30.43019],[-65.03347,-30.47506],[-64.87529,-30.63423],[-64.71485,-30.63413],[-64.7147,-30.68994],[-64.6243,-30.69011],[-64.5447,-30.69061],[-64.54423,-30.7038],[-64.51482,-30.70303],[-64.51402,-30.77149],[-64.4254,-30.77757],[-64.41216,-30.77224],[-64.35034,-30.78791],[-64.3367,-30.80152],[-64.26201,-30.81276],[-64.23884,-30.80923],[-64.21736,-30.79025],[-64.17319,-30.79541],[-64.1425,-30.78342],[-64.10155,-30.79989],[-64.11743,-30.75022],[-64.18515,-30.64925],[-64.229,-30.5461],[-64.29826,-30.46372]]]},"properties":{"fid":315,"Entidad":0,"Objeto":"Departamento","FNA":"Departamento Ischilín","GNA":"Departamento","NAM":"Ischilín","SAG":"IDE Cordoba","FDC":"Catastro","IN1":"14049","SHAPE_STAr":0.47347265393,"SHAPE_STLe":3.4808488049}},{"type":"Feature","geometry":{"type":"Polygon","coordinates":[[[-63.56504,-30.53403],[-63.60433,-30.52615],[-63.61545,-30.57192],[-63.7957,-30.56919],[-63.80238,-30.51026],[-63.84551,-30.51082],[-63.8471,-30.4166],[-63.96357,-30.41491],[-63.97922,-30.45868],[-63.99419,-30.45538],[-64.00559,-30.48322],[-64.08331,-30.46569],[-64.13926,-30.47224],[-64.29826,-30.46372],[-64.229,-30.5461],[-64.18515,-30.64925],[-64.11743,-30.75022],[-64.10155,-30.79989],[-64.1425,-30.78342],[-64.17319,-30.79541],[-64.21736,-30.79025],[-64.23884,-30.80923],[-64.26201,-30.81276],[-64.3367,-30.80152],[-64.35034,-30.78791],[-64.41216,-30.77224],[-64.4254,-30.77757],[-64.44719,-30.83341],[-64.43875,-30.91377],[-64.3852,-30.91727],[-64.37709,-30.90898],[-64.34423,-30.93824],[-64.30679,-30.93352],[-64.28207,-30.95788],[-64.24173,-30.96877],[-64.20567,-30.96074],[-64.17929,-30.97625],[-64.03937,-30.9601],[-64.0096,-30.94213],[-63.99062,-30.9437],[-63.99118,-30.9182],[-63.88799,-30.95297],[-63.8957,-31.01872],[-63.8231,-31.01814],[-63.82011,-30.97157],[-63.76427,-30.97132],[-63.76442,-30.92778],[-63.72823,-30.93437],[-63.66239,-30.66702],[-63.59851,-30.67219],[-63.56504,-30.53403]]]},"properties":{"fid":316,"Entidad":0,"Objeto":"Departamento","FNA":"Departamento Totoral","GNA":"Departamento","NAM":"Totoral","SAG":"IDE Cordoba","FDC":"Catastro","IN1":"14168","SHAPE_STAr":0.287308489362,"SHAPE_STLe":3.63132944436}},{"type":"Feature","geometry":{"type":"Polygon","coordinates":[[[-63.09701,-32.00547],[-63.11595,-32.00094],[-63.18592,-32.09596],[-63.20132,-32.04827],[-63.3587,-32.08791],[-63.40728,-32.08436],[-63.44772,-32.10373],[-63.37124,-32.19102],[-63.45931,-32.24741],[-63.51617,-32.22239],[-63.52584,-32.25821],[-63.54278,-32.26191],[-63.57244,-32.37882],[-63.49889,-32.39285],[-63.58138,-32.70314],[-63.56029,-32.7071],[-63.57677,-32.76939],[-63.55025,-32.82266],[-63.51314,-32.82931],[-63.52445,-32.87208],[-63.42081,-32.90983],[-63.40479,-32.85013],[-63.34538,-32.86131],[-63.393,-33.04581],[-63.45868,-33.03324],[-63.48134,-33.1189],[-63.33949,-33.14539],[-63.3166,-33.14326],[-63.30033,-33.08145],[-63.19097,-33.1006],[-63.18019,-33.1025],[-63.13175,-32.9191],[-63.1098,-32.92319],[-63.09061,-32.85025],[-63.05585,-32.85705],[-63.05482,-32.81973],[-63.10332,-32.81103],[-63.0588,-32.63284],[-63.11806,-32.6161],[-63.10113,-32.54796],[-63.08105,-32.52589],[-63.08975,-32.51289],[-63.14657,-32.50608],[-63.16339,-32.4723],[-63.12648,-32.42233],[-63.0977,-32.43832],[-63.09237,-32.4179],[-63.06591,-32.42673],[-63.05315,-32.37642],[-63.02043,-32.38202],[-63.01743,-32.37029],[-62.92738,-32.39146],[-62.86147,-32.16055],[-62.87812,-32.15717],[-62.85118,-32.06053],[-62.95411,-32.04813],[-62.95116,-32.03643],[-63.00623,-32.03661],[-63.00631,-32.0215],[-63.09701,-32.00547]]]},"properties":{"fid":317,"Entidad":0,"Objeto":"Departamento","FNA":"Departamento General San Martín","GNA":"Departamento","NAM":"General San Martín","SAG":"Catastro","FDC":"Catastro","IN1":"14042","SHAPE_STAr":0.478981689276,"SHAPE_STLe":4.36383081874}},{"type":"Feature","geometry":{"type":"Polygon","coordinates":[[[-63.03002,-30.69535],[-63.21364,-30.66208],[-63.20751,-30.63901],[-63.36504,-30.60944],[-63.35698,-30.57586],[-63.56504,-30.53403],[-63.59851,-30.67219],[-63.66239,-30.66702],[-63.72823,-30.93437],[-63.76442,-30.92778],[-63.76427,-30.97132],[-63.82011,-30.97157],[-63.8231,-31.01814],[-63.8232,-31.07339],[-63.83949,-31.06972],[-63.83099,-31.09342],[-63.84454,-31.11197],[-63.8644,-31.11193],[-63.86335,-31.27277],[-63.95088,-31.27362],[-63.95077,-31.32082],[-63.93722,-31.32104],[-63.93627,-31.34961],[-63.95333,-31.34607],[-63.9521,-31.43969],[-63.95435,-31.53538],[-63.89827,-31.54297],[-63.73525,-31.51579],[-63.69088,-31.52226],[-63.68077,-31.49291],[-63.6463,-31.48638],[-63.61898,-31.49409],[-63.57222,-31.47],[-63.5579,-31.4579],[-63.54748,-31.41409],[-63.53054,-31.41371],[-63.53063,-31.40328],[-63.48952,-31.40236],[-63.4856,-31.39062],[-63.44962,-31.37535],[-63.35843,-31.36761],[-63.36561,-31.31506],[-63.2631,-31.33391],[-63.24592,-31.26482],[-63.17758,-31.28344],[-63.15393,-31.15947],[-63.13124,-31.16337],[-63.11963,-31.11722],[-63.04031,-31.13152],[-63.03244,-31.09805],[-63.00994,-31.07189],[-62.95517,-31.0798],[-62.93376,-30.96746],[-62.83405,-30.93251],[-62.81522,-30.8507],[-62.84377,-30.82079],[-62.84227,-30.80501],[-62.90577,-30.78579],[-62.92943,-30.75221],[-62.92201,-30.73059],[-62.93242,-30.71994],[-62.95762,-30.72091],[-62.97126,-30.70723],[-62.97943,-30.71652],[-63.01364,-30.71379],[-63.02616,-30.70334],[-63.04043,-30.71293],[-63.03002,-30.69535]]]},"properties":{"fid":319,"Entidad":0,"Objeto":"Departamento","FNA":"Departamento Río Primero","GNA":"Departamento","NAM":"Río Primero","SAG":"IDE Cordoba","FDC":"Catastro","IN1":"14105","SHAPE_STAr":0.635766898738,"SHAPE_STLe":4.23965001983}},{"type":"Feature","geometry":{"type":"Polygon","coordinates":[[[-62.18214,-32.06368],[-62.28246,-32.04652],[-62.3065,-32.14208],[-62.33939,-32.13681],[-62.37595,-32.28748],[-62.29468,-32.30135],[-62.29908,-32.31953],[-62.24503,-32.32905],[-62.26601,-32.42905],[-62.34719,-32.41484],[-62.35448,-32.44463],[-62.39052,-32.43815],[-62.45627,-32.68469],[-62.48631,-32.67913],[-62.5038,-32.78216],[-62.49263,-32.78919],[-62.48739,-32.7643],[-62.45113,-32.84827],[-62.5159,-32.83704],[-62.54289,-32.94671],[-62.5078,-32.95275],[-62.5306,-33.04345],[-62.62523,-33.10796],[-62.52081,-33.12753],[-62.5749,-33.21152],[-62.68841,-33.28567],[-62.60334,-33.30135],[-62.64566,-33.35852],[-62.75337,-33.78347],[-62.77669,-33.77933],[-62.80515,-33.896],[-62.54317,-33.94344],[-62.1382,-33.40767],[-61.92032,-33.12016],[-61.89665,-33.11254],[-61.79487,-33.01417],[-61.77089,-32.90166],[-61.79255,-32.87343],[-61.77797,-32.83125],[-61.786,-32.79544],[-61.80076,-32.76841],[-61.82848,-32.75356],[-61.85762,-32.69461],[-61.90742,-32.69596],[-61.94644,-32.67843],[-61.94608,-32.65047],[-61.88999,-32.61448],[-61.89046,-32.59212],[-61.9224,-32.59265],[-61.92645,-32.58319],[-61.90248,-32.56862],[-61.90426,-32.55278],[-61.93067,-32.54405],[-61.91259,-32.52698],[-61.91432,-32.49456],[-62.0117,-32.34537],[-62.03876,-32.26096],[-62.12805,-32.20855],[-62.18064,-32.1562],[-62.19676,-32.11432],[-62.18214,-32.06368]]]},"properties":{"fid":321,"Entidad":0,"Objeto":"Departamento","FNA":"Departamento Marcos Juárez","GNA":"Departamento","NAM":"Marcos Juárez","SAG":"IDE Cordoba","FDC":"Catastro","IN1":"14063","SHAPE_STAr":0.888379330439,"SHAPE_STLe":5.66869912911}},{"type":"Feature","geometry":{"type":"Polygon","coordinates":[[[-64.24141,-32.00447],[-64.22344,-31.91244],[-64.27429,-31.91266],[-64.27477,-31.94497],[-64.28825,-31.94997],[-64.28647,-31.8324],[-64.31553,-31.8329],[-64.3151,-31.80241],[-64.32844,-31.7912],[-64.34626,-31.81714],[-64.36938,-31.8171],[-64.38134,-31.82863],[-64.3786,-31.84567],[-64.40539,-31.8373],[-64.42651,-31.8572],[-64.43213,-31.84],[-64.44547,-31.83838],[-64.45956,-31.85254],[-64.47563,-31.83727],[-64.48557,-31.85103],[-64.49933,-31.84242],[-64.48999,-31.83986],[-64.49455,-31.82292],[-64.50083,-31.83146],[-64.5039,-31.8167],[-64.52013,-31.81779],[-64.52743,-31.85206],[-64.55284,-31.86903],[-64.54732,-31.88088],[-64.58216,-31.87841],[-64.60637,-31.88526],[-64.60914,-31.8966],[-64.63425,-31.89695],[-64.63923,-31.88462],[-64.65357,-31.89557],[-64.67759,-31.89454],[-64.67529,-31.88282],[-64.69148,-31.88033],[-64.71374,-31.88847],[-64.73119,-31.87718],[-64.73277,-31.88625],[-64.76044,-31.86658],[-64.83453,-31.86526],[-64.89494,-31.90693],[-64.92882,-31.90929],[-64.94272,-32.01585],[-64.93356,-32.04772],[-64.96223,-32.22681],[-64.95156,-32.23753],[-64.96137,-32.28197],[-64.9528,-32.3086],[-64.94141,-32.29834],[-64.92535,-32.32547],[-64.9194,-32.40138],[-64.92927,-32.41851],[-64.91978,-32.46674],[-64.90065,-32.47984],[-64.88835,-32.57989],[-64.74473,-32.60594],[-64.66319,-32.63205],[-64.5945,-32.61685],[-64.57597,-32.63144],[-64.53897,-32.62658],[-64.52679,-32.6177],[-64.4875,-32.47655],[-64.45907,-32.48156],[-64.44559,-32.46104],[-64.4261,-32.37988],[-64.32495,-32.39881],[-64.32199,-32.37637],[-64.24569,-32.39011],[-64.24564,-32.32694],[-64.29348,-32.31822],[-64.29396,-32.1882],[-64.26372,-32.15859],[-64.27754,-32.14107],[-64.24141,-32.00447]]]},"properties":{"fid":327,"Entidad":0,"Objeto":"Departamento","FNA":"Departamento Calamuchita","GNA":"Departamento","NAM":"Calamuchita","SAG":"IDE Cordoba","FDC":"Catastro","IN1":"14007","SHAPE_STAr":0.448858483636,"SHAPE_STLe":3.6972526}},{"type":"Feature","geometry":{"type":"Polygon","coordinates":[[[-62.43751,-29.6666],[-62.43784,-29.59678],[-62.53362,-29.59685],[-62.54501,-29.52116],[-62.55837,-29.52089],[-62.55801,-29.4824],[-62.49781,-29.48218],[-62.49783,-29.44276],[-62.61711,-29.44253],[-62.61652,-29.36414],[-62.75261,-29.36337],[-62.75275,-29.30696],[-62.80218,-29.30642],[-62.80222,-29.28429],[-62.89146,-29.28361],[-62.89154,-29.2021],[-62.98071,-29.20199],[-62.99589,-29.20202],[-62.99424,-29.21857],[-63.15784,-29.31238],[-63.13346,-29.31783],[-63.11978,-29.35063],[-63.12804,-29.40535],[-63.10964,-29.40342],[-63.09769,-29.41508],[-63.05495,-29.4803],[-63.03144,-29.48166],[-63.03966,-29.50378],[-63.01238,-29.5195],[-62.99218,-29.55812],[-62.96533,-29.56258],[-62.96532,-29.58334],[-62.93511,-29.62194],[-62.90533,-29.63842],[-62.88379,-29.63646],[-62.84488,-29.66844],[-62.84898,-29.74877],[-62.80577,-29.78189],[-62.80865,-29.81571],[-62.80571,-29.83413],[-62.82927,-29.8424],[-62.83868,-29.86576],[-62.82031,-29.90397],[-62.80053,-29.90805],[-62.78584,-29.94275],[-62.79193,-29.95999],[-62.75362,-29.96642],[-62.72388,-29.99081],[-62.6638,-29.9983],[-62.65499,-30.00735],[-62.67474,-30.03518],[-62.6638,-30.04875],[-62.60851,-30.05646],[-62.45336,-29.96917],[-62.43615,-29.94958],[-62.43751,-29.6666]]]},"properties":{"fid":347,"Entidad":0,"Objeto":"Departamento","FNA":"Departamento Mitre","GNA":"Departamento","NAM":"Mitre","SAG":"Catastro Provinciales","FDC":null,"IN1":"86112","SHAPE_STAr":0.315891934289,"SHAPE_STLe":3.15872553856}},{"type":"Feature","geometry":{"type":"Polygon","coordinates":[[[-63.78646,-28.43573],[-63.81625,-28.41549],[-63.81702,-28.39555],[-63.83889,-28.40506],[-63.85128,-28.39111],[-64.01971,-28.48806],[-64.0435,-28.59378],[-64.15532,-28.57746],[-64.16077,-28.60337],[-64.20628,-28.59617],[-64.21702,-28.60514],[-64.23441,-28.68242],[-64.19403,-28.75961],[-64.13875,-28.79437],[-64.10746,-28.83485],[-64.00572,-28.87749],[-63.95628,-28.87133],[-63.88066,-28.91041],[-63.85927,-28.91232],[-63.83549,-28.89418],[-63.81614,-28.91422],[-63.73937,-28.93095],[-63.73177,-28.94352],[-63.66338,-28.93861],[-63.59289,-28.87625],[-63.65862,-28.79368],[-63.5526,-28.72876],[-63.56389,-28.71293],[-63.58399,-28.72424],[-63.62247,-28.67323],[-63.58154,-28.64822],[-63.60138,-28.62649],[-63.69728,-28.54874],[-63.68985,-28.51885],[-63.7148,-28.52979],[-63.74439,-28.49597],[-63.77691,-28.47942],[-63.76696,-28.44612],[-63.78181,-28.45056],[-63.78646,-28.43573]]]},"properties":{"fid":348,"Entidad":0,"Objeto":"Departamento","FNA":"Departamento Atamisqui","GNA":"Departamento","NAM":"Atamisqui","SAG":"Catastro Provinciales","FDC":null,"IN1":"86021","SHAPE_STAr":0.223017247164,"SHAPE_STLe":2.34719931145}},{"type":"Feature","geometry":{"type":"Polygon","coordinates":[[[-61.49522,-32.38325],[-61.91243,-32.30721],[-61.90375,-32.32745],[-62.0117,-32.34537],[-61.91432,-32.49456],[-61.91259,-32.52698],[-61.93067,-32.54405],[-61.90426,-32.55278],[-61.90248,-32.56862],[-61.92645,-32.58319],[-61.9224,-32.59265],[-61.89046,-32.59212],[-61.88999,-32.61448],[-61.94608,-32.65047],[-61.94644,-32.67843],[-61.90742,-32.69596],[-61.85762,-32.69461],[-61.82848,-32.75356],[-61.80076,-32.76841],[-61.786,-32.79544],[-61.77797,-32.83125],[-61.79255,-32.87343],[-61.77089,-32.90166],[-61.79487,-33.01417],[-61.76884,-33.05191],[-61.71288,-33.0905],[-61.64243,-32.88324],[-61.51829,-32.84909],[-61.53284,-32.84662],[-61.47129,-32.57955],[-61.48479,-32.57708],[-61.43769,-32.39379],[-61.49522,-32.38325]]]},"properties":{"fid":405,"Entidad":0,"Objeto":"Departamento","FNA":"Departamento Belgrano","GNA":"Departamento","NAM":"Belgrano","SAG":"Servicio de Catastro e Información Territorial","FDC":null,"IN1":"82007","SHAPE_STAr":0.235208139853,"SHAPE_STLe":2.58721596308}},{"type":"Feature","geometry":{"type":"Polygon","coordinates":[[[-61.71288,-33.0905],[-61.76884,-33.05191],[-61.79487,-33.01417],[-61.89665,-33.11254],[-61.92032,-33.12016],[-62.1382,-33.40767],[-61.52204,-33.3981],[-61.36111,-33.39509],[-61.38305,-33.36671],[-61.31378,-33.32908],[-61.18884,-33.49162],[-61.07499,-33.41905],[-61.12957,-33.3493],[-61.0991,-33.33265],[-61.16861,-33.24384],[-61.13257,-33.23136],[-61.15484,-33.16467],[-61.10676,-33.1561],[-61.06195,-33.09001],[-61.2072,-32.9027],[-61.24623,-32.94318],[-61.23629,-32.95119],[-61.29677,-32.98691],[-61.54306,-33.04129],[-61.56524,-33.06372],[-61.63566,-33.06665],[-61.6494,-33.0889],[-61.6763,-33.0821],[-61.68623,-33.09222],[-61.71288,-33.0905]]]},"properties":{"fid":401,"Entidad":0,"Objeto":"Departamento","FNA":"Departamento Caseros","GNA":"Departamento","NAM":"Caseros","SAG":"Servicio de Catastro e Información Territorial","FDC":null,"IN1":"82014","SHAPE_STAr":0.336056969775,"SHAPE_STLe":3.30708951025}},{"type":"Feature","geometry":{"type":"Polygon","coordinates":[[[-61.12594,-33.83315],[-61.42226,-33.44316],[-61.46832,-33.46798],[-61.52204,-33.3981],[-62.1382,-33.40767],[-62.54317,-33.94344],[-62.87973,-34.38349],[-62.26819,-34.38355],[-61.81376,-34.3836],[-61.7176,-34.38361],[-61.64857,-34.31932],[-61.33235,-34.02508],[-61.12594,-33.83315]]]},"properties":{"fid":399,"Entidad":0,"Objeto":"Departamento","FNA":"Departamento General López","GNA":"Departamento","NAM":"General López","SAG":"Servicio de Catastro e Información Territorial","FDC":null,"IN1":"82042","SHAPE_STAr":1.11716774709,"SHAPE_STLe":4.46388144188}},{"type":"Feature","geometry":{"type":"Polygon","coordinates":[[[-61.39278,-31.85795],[-61.39758,-31.87835],[-61.55884,-31.85013],[-61.54143,-31.76758],[-61.61325,-31.75453],[-61.61375,-31.76767],[-61.71269,-31.74963],[-61.70817,-31.73101],[-62.03028,-31.67363],[-62.02206,-31.63997],[-62.13235,-31.62037],[-62.24108,-31.70018],[-62.21787,-31.74068],[-62.22335,-31.88345],[-62.18855,-31.9223],[-62.16761,-31.98619],[-62.18214,-32.06368],[-62.19676,-32.11432],[-62.18064,-32.1562],[-62.12805,-32.20855],[-62.03876,-32.26096],[-62.0117,-32.34537],[-61.90375,-32.32745],[-61.91243,-32.30721],[-61.49522,-32.38325],[-61.44804,-32.19996],[-61.39194,-32.21024],[-61.35536,-32.08272],[-61.37806,-31.98912],[-61.34776,-31.86657],[-61.39278,-31.85795]]]},"properties":{"fid":407,"Entidad":0,"Objeto":"Departamento","FNA":"Departamento San Martín","GNA":"Departamento","NAM":"San Martín","SAG":"Servicio de Catastro e Información Territorial","FDC":null,"IN1":"82126","SHAPE_STAr":0.471026139324,"SHAPE_STLe":3.04602404444}},{"type":"Feature","geometry":{"type":"Polygon","coordinates":[[[-61.20978,-30.74794],[-61.42313,-30.71169],[-61.43807,-30.77608],[-61.65528,-30.7375],[-61.66616,-30.78246],[-61.84337,-30.75075],[-62.13235,-31.62037],[-62.02206,-31.63997],[-62.03028,-31.67363],[-61.70817,-31.73101],[-61.71269,-31.74963],[-61.61375,-31.76767],[-61.61325,-31.75453],[-61.54143,-31.76758],[-61.49935,-31.58833],[-61.44999,-31.59695],[-61.42926,-31.53286],[-61.3916,-31.53927],[-61.20978,-30.74794]]]},"properties":{"fid":409,"Entidad":0,"Objeto":"Departamento","FNA":"Departamento Castellanos","GNA":"Departamento","NAM":"Castellanos","SAG":"Servicio de Catastro e Información Territorial","FDC":null,"IN1":"82021","SHAPE_STAr":0.63651886789,"SHAPE_STLe":3.49769875118}},{"type":"Feature","geometry":{"type":"Polygon","coordinates":[[[-61.08281,-29.63504],[-61.10344,-29.61906],[-61.09272,-29.61516],[-61.10477,-29.60733],[-61.09643,-29.6053],[-61.10907,-29.59271],[-61.10467,-29.57995],[-61.12282,-29.56763],[-61.13526,-29.57263],[-61.14818,-29.55534],[-61.1693,-29.55805],[-61.18035,-29.54843],[-61.20171,-29.55197],[-61.19302,-29.54471],[-61.20216,-29.53999],[-61.23671,-29.54589],[-61.2824,-29.51635],[-61.35369,-29.83964],[-61.74721,-29.77535],[-61.74896,-29.78346],[-61.90699,-29.7785],[-61.94214,-29.74062],[-61.92792,-29.66206],[-61.99226,-29.6616],[-61.99284,-29.66506],[-62.1306,-30.47993],[-61.84337,-30.75075],[-61.66616,-30.78246],[-61.65528,-30.7375],[-61.43807,-30.77608],[-61.42313,-30.71169],[-61.20978,-30.74794],[-61.17851,-30.60969],[-61.07645,-30.62706],[-61.07903,-30.63848],[-60.89247,-30.6693],[-60.92481,-30.70639],[-60.90381,-30.71221],[-60.89142,-30.76308],[-60.86963,-30.76481],[-60.82283,-30.80214],[-60.79466,-30.78288],[-60.76028,-30.80779],[-60.72779,-30.78034],[-60.71812,-30.78648],[-60.7233,-30.77666],[-60.71086,-30.77234],[-60.72504,-30.76891],[-60.70149,-30.74757],[-60.68805,-30.75828],[-60.67905,-30.74472],[-60.65497,-30.74127],[-60.64618,-30.75486],[-60.62249,-30.74686],[-60.62619,-30.7316],[-60.59867,-30.71446],[-60.60821,-30.70327],[-60.5929,-30.69026],[-60.60186,-30.68794],[-60.5909,-30.66633],[-60.61456,-30.6609],[-60.60176,-30.65199],[-60.61876,-30.65136],[-60.62232,-30.64081],[-60.60904,-30.63401],[-60.62376,-30.63265],[-60.61707,-30.62165],[-60.62786,-30.61844],[-60.61528,-30.60956],[-60.61909,-30.59417],[-60.6274,-30.60374],[-60.64632,-30.58613],[-60.63945,-30.57944],[-60.66412,-30.5709],[-60.65356,-30.56532],[-60.661,-30.55013],[-60.6897,-30.54341],[-60.67497,-30.51874],[-60.68535,-30.5092],[-60.6741,-30.51333],[-60.66578,-30.50198],[-60.65555,-30.51023],[-60.65085,-30.47471],[-60.63802,-30.47939],[-60.65913,-30.42979],[-60.64661,-30.42714],[-60.66404,-30.42326],[-60.6537,-30.41746],[-60.66609,-30.39945],[-60.65252,-30.39785],[-60.66649,-30.38832],[-60.6747,-30.39505],[-60.66863,-30.38005],[-60.6826,-30.37921],[-60.669,-30.36096],[-60.67978,-30.36091],[-60.67263,-30.34222],[-60.64995,-30.34217],[-60.6568,-30.30375],[-60.6405,-30.29966],[-60.64864,-30.26649],[-60.69781,-30.25401],[-60.70162,-30.2375],[-60.71846,-30.23598],[-60.73582,-30.21026],[-60.70127,-30.14338],[-60.75207,-30.07968],[-60.7389,-30.02275],[-60.72864,-30.02855],[-60.7181,-30.00925],[-60.72674,-29.98155],[-60.69308,-29.96201],[-60.70475,-29.95728],[-60.69748,-29.9458],[-60.72054,-29.91014],[-60.69932,-29.87534],[-60.70847,-29.86171],[-60.71908,-29.86736],[-60.74431,-29.80771],[-60.76644,-29.79035],[-60.76476,-29.7544],[-60.80313,-29.74642],[-60.81792,-29.76578],[-60.83519,-29.74927],[-60.82619,-29.73722],[-60.84524,-29.7213],[-60.84382,-29.70174],[-60.87741,-29.70104],[-60.91113,-29.67331],[-60.96947,-29.67742],[-60.96966,-29.66872],[-60.98664,-29.67207],[-61.00003,-29.66005],[-61.04046,-29.66461],[-61.03838,-29.65302],[-61.05952,-29.64678],[-61.06671,-29.65423],[-61.07114,-29.64428],[-61.07541,-29.65123],[-61.08281,-29.63504]]]},"properties":{"fid":413,"Entidad":0,"Objeto":"Departamento","FNA":"Departamento San Cristóbal","GNA":"Departamento","NAM":"San Cristóbal","SAG":"Servicio de Catastro e Información Territorial","FDC":null,"IN1":"82091","SHAPE_STAr":1.37425412998,"SHAPE_STLe":7.48084938191}},{"type":"Feature","geometry":{"type":"Polygon","coordinates":[[[-60.90999,-27.99943],[-61.71126,-27.99942],[-61.77172,-28.35709],[-61.85783,-28.86644],[-61.95067,-29.41559],[-61.99226,-29.6616],[-61.92792,-29.66206],[-61.94214,-29.74062],[-61.90699,-29.7785],[-61.74896,-29.78346],[-61.74721,-29.77535],[-61.35369,-29.83964],[-61.2824,-29.51635],[-61.23671,-29.54589],[-61.20216,-29.53999],[-61.19302,-29.54471],[-61.20171,-29.55197],[-61.18035,-29.54843],[-61.1693,-29.55805],[-61.14818,-29.55534],[-61.13526,-29.57263],[-61.12282,-29.56763],[-61.10467,-29.57995],[-61.10907,-29.59271],[-61.09643,-29.6053],[-61.10477,-29.60733],[-61.09272,-29.61516],[-61.10344,-29.61906],[-61.08281,-29.63504],[-61.08143,-29.57417],[-60.8984,-28.5821],[-60.82986,-28.27356],[-60.74857,-28.22164],[-60.74774,-28.09932],[-60.64459,-28.10023],[-60.64441,-28.00067],[-60.90999,-27.99943]]]},"properties":{"fid":417,"Entidad":0,"Objeto":"Departamento","FNA":"Departamento 9 de Julio","GNA":"Departamento","NAM":"9 de Julio","SAG":"Servicio de Catastro e Información Territorial","FDC":null,"IN1":"82077","SHAPE_STAr":1.60048709976,"SHAPE_STLe":6.07311365468}},{"type":"Feature","geometry":{"type":"Polygon","coordinates":[[[-63.38575,-35.00014],[-63.93487,-35.00009],[-63.9385,-35.4522],[-63.93738,-35.45221],[-63.38561,-35.45548],[-63.38567,-35.36969],[-63.38575,-35.00014]]]},"properties":{"fid":418,"Entidad":0,"Objeto":"Departamento","FNA":"Departamento Chapaleufú","GNA":"Departamento","NAM":"Chapaleufú","SAG":"Direc. Grl. de Catastro","FDC":null,"IN1":"42056","SHAPE_STAr":0.249957993131,"SHAPE_STLe":2.00952681812}},{"type":"Feature","geometry":{"type":"Polygon","coordinates":[[[-63.93487,-35.00009],[-64.48077,-35.00005],[-64.48767,-35.44991],[-63.9385,-35.4522],[-63.93487,-35.00009]]]},"properties":{"fid":419,"Entidad":0,"Objeto":"Departamento","FNA":"Departamento Realicó","GNA":"Departamento","NAM":"Realicó","SAG":"Direc. Grl. de Catastro","FDC":null,"IN1":"42133","SHAPE_STAr":0.246937512994,"SHAPE_STLe":1.99711770901}},{"type":"Feature","geometry":{"type":"Polygon","coordinates":[[[-64.48077,-35.00005],[-65.11749,-35],[-65.11705,-35.80107],[-64.4932,-35.81067],[-64.48767,-35.44991],[-64.48077,-35.00005]]]},"properties":{"fid":423,"Entidad":0,"Objeto":"Departamento","FNA":"Departamento Rancul","GNA":"Departamento","NAM":"Rancul","SAG":"Direc. Grl. de Catastro","FDC":null,"IN1":"42126","SHAPE_STAr":0.50794107066,"SHAPE_STLe":2.87249254814}},{"type":"Feature","geometry":{"type":"Polygon","coordinates":[[[-63.66338,-28.93861],[-63.73177,-28.94352],[-63.73937,-28.93095],[-63.81614,-28.91422],[-63.83549,-28.89418],[-63.85927,-28.91232],[-63.88066,-28.91041],[-63.91945,-28.93766],[-63.85191,-28.93805],[-63.81943,-28.96251],[-63.80754,-28.95303],[-63.796,-28.96208],[-63.84592,-29.00368],[-63.83122,-29.01679],[-63.83572,-29.03649],[-63.71876,-29.0592],[-63.73007,-29.10879],[-63.77411,-29.10105],[-63.79451,-29.21759],[-63.75041,-29.22551],[-63.7383,-29.17016],[-63.6706,-29.18185],[-63.70506,-29.33488],[-63.64726,-29.3063],[-63.65317,-29.3925],[-63.67822,-29.4127],[-63.64222,-29.43962],[-63.58094,-29.45296],[-63.57488,-29.50026],[-63.53851,-29.51904],[-63.53269,-29.48333],[-63.46087,-29.50007],[-63.46241,-29.5105],[-63.3294,-29.53748],[-63.34458,-29.61426],[-63.27853,-29.63496],[-63.27047,-29.77412],[-62.80865,-29.81571],[-62.80577,-29.78189],[-62.84898,-29.74877],[-62.84488,-29.66844],[-62.88379,-29.63646],[-62.90533,-29.63842],[-62.93511,-29.62194],[-62.96532,-29.58334],[-62.96533,-29.56258],[-62.99218,-29.55812],[-63.01238,-29.5195],[-63.03966,-29.50378],[-63.03144,-29.48166],[-63.05495,-29.4803],[-63.09769,-29.41508],[-63.10964,-29.40342],[-63.12804,-29.40535],[-63.11978,-29.35063],[-63.13346,-29.31783],[-63.15784,-29.31238],[-63.15812,-29.29132],[-63.18522,-29.28743],[-63.21419,-29.239],[-63.26394,-29.22007],[-63.27933,-29.22689],[-63.29564,-29.21015],[-63.32202,-29.13944],[-63.36198,-29.12841],[-63.38151,-29.13671],[-63.39546,-29.08464],[-63.41466,-29.06959],[-63.44897,-29.05921],[-63.44698,-29.04894],[-63.47587,-29.027],[-63.53893,-29.01905],[-63.54232,-28.96915],[-63.55092,-28.98346],[-63.56593,-28.96798],[-63.57889,-28.9782],[-63.59577,-28.94837],[-63.6262,-28.94952],[-63.64993,-28.9297],[-63.66338,-28.93861]]]},"properties":{"fid":440,"Entidad":0,"Objeto":"Departamento","FNA":"Departamento Quebrachos","GNA":"Departamento","NAM":"Quebrachos","SAG":"Catastro Provinciales","FDC":null,"IN1":"86140","SHAPE_STAr":0.367510444428,"SHAPE_STLe":4.45501630061}},{"type":"Feature","geometry":{"type":"Polygon","coordinates":[[[-60.82283,-30.80214],[-60.86963,-30.76481],[-60.89142,-30.76308],[-60.90381,-30.71221],[-60.92481,-30.70639],[-60.89247,-30.6693],[-61.07903,-30.63848],[-61.07645,-30.62706],[-61.17851,-30.60969],[-61.20978,-30.74794],[-61.3916,-31.53927],[-61.42926,-31.53286],[-61.44999,-31.59695],[-61.49935,-31.58833],[-61.54143,-31.76758],[-61.55884,-31.85013],[-61.39758,-31.87835],[-61.39278,-31.85795],[-61.35473,-31.8298],[-61.29831,-31.84014],[-61.30079,-31.83187],[-61.19595,-31.8518],[-61.18337,-31.88239],[-61.17021,-31.83134],[-60.99311,-31.8643],[-60.97824,-31.80025],[-60.94998,-31.72976],[-60.91448,-31.73759],[-60.90462,-31.69721],[-60.81277,-31.65453],[-60.82886,-31.58973],[-60.7674,-31.60196],[-60.75693,-31.58133],[-60.76581,-31.58107],[-60.76232,-31.5642],[-60.77814,-31.56902],[-60.7681,-31.54578],[-60.79379,-31.53664],[-60.7921,-31.52017],[-60.80219,-31.51912],[-60.78777,-31.51373],[-60.79687,-31.50383],[-60.77629,-31.49666],[-60.78335,-31.48518],[-60.76864,-31.47306],[-60.78076,-31.47036],[-60.76879,-31.4675],[-60.77291,-31.45007],[-60.7837,-31.4514],[-60.78995,-31.42486],[-60.8054,-31.42762],[-60.8121,-31.40617],[-60.79891,-31.40223],[-60.80806,-31.38343],[-60.78591,-31.37835],[-60.78907,-31.35395],[-60.80831,-31.35073],[-60.81023,-31.35974],[-60.82932,-31.35],[-60.83638,-31.36678],[-60.8644,-31.37937],[-60.86998,-31.36754],[-60.88482,-31.36993],[-60.88452,-31.3818],[-60.9004,-31.38446],[-60.89485,-31.36959],[-60.91226,-31.3715],[-60.9201,-31.35641],[-60.93987,-31.35204],[-60.9029,-31.30758],[-60.91812,-31.27407],[-60.89641,-31.26585],[-60.90136,-31.25368],[-60.88527,-31.25209],[-60.89333,-31.24329],[-60.85786,-31.24256],[-60.83595,-31.20961],[-60.84877,-31.18242],[-60.83054,-31.17734],[-60.83816,-31.17163],[-60.83328,-31.15493],[-60.82079,-31.15397],[-60.82572,-31.14409],[-60.81312,-31.14798],[-60.81216,-31.13214],[-60.77989,-31.12774],[-60.79188,-31.11855],[-60.77611,-31.10873],[-60.78517,-31.10788],[-60.78161,-31.09451],[-60.80203,-31.08916],[-60.81099,-31.10117],[-60.81956,-31.08787],[-60.82767,-31.09533],[-60.82023,-31.08148],[-60.84518,-31.06339],[-60.84117,-31.04183],[-60.80411,-31.02763],[-60.81407,-31.01509],[-60.8596,-30.9973],[-60.85215,-30.99076],[-60.84347,-30.99855],[-60.84298,-30.98455],[-60.83311,-30.98994],[-60.83857,-30.98049],[-60.8257,-30.98024],[-60.83622,-30.93505],[-60.82168,-30.91921],[-60.83971,-30.91849],[-60.85284,-30.90066],[-60.83342,-30.8865],[-60.81349,-30.89737],[-60.81146,-30.88854],[-60.77605,-30.88753],[-60.81085,-30.84424],[-60.80421,-30.83503],[-60.8338,-30.82431],[-60.82283,-30.80214]]]},"properties":{"fid":411,"Entidad":0,"Objeto":"Departamento","FNA":"Departamento Las Colonias","GNA":"Departamento","NAM":"Las Colonias","SAG":"Servicio de Catastro e Información Territorial","FDC":null,"IN1":"82070","SHAPE_STAr":0.597048799375,"SHAPE_STLe":5.73684609697}},{"type":"Feature","geometry":{"type":"Polygon","coordinates":[[[-59.22272,-33.81343],[-59.25482,-33.79388],[-59.23541,-33.73999],[-59.24701,-33.72498],[-59.37769,-33.73651],[-59.43701,-33.729],[-59.46777,-33.70428],[-59.4891,-33.64333],[-59.56258,-33.75937],[-59.51011,-33.77884],[-59.5675,-33.77247],[-59.58815,-33.78992],[-59.60443,-33.86586],[-59.62876,-33.87889],[-59.65302,-33.91721],[-59.7139,-33.94526],[-59.74738,-33.99766],[-59.75439,-34.01356],[-59.74039,-34.04847],[-59.70723,-34.09359],[-59.72227,-34.13107],[-59.67609,-34.16666],[-59.62753,-34.15832],[-59.59459,-34.17173],[-59.56209,-34.16797],[-59.51091,-34.0994],[-59.46309,-34.13501],[-59.39554,-34.07451],[-59.40646,-34.06095],[-59.33443,-34.03858],[-59.31786,-34.01929],[-59.32389,-33.99633],[-59.34559,-33.9524],[-59.34088,-33.92538],[-59.30867,-33.92432],[-59.26054,-33.94158],[-59.22838,-33.92503],[-59.24014,-33.89626],[-59.30274,-33.85285],[-59.29302,-33.82925],[-59.22272,-33.81343]]]},"properties":{"fid":351,"Entidad":0,"Objeto":"Departamento","FNA":"Partido de Baradero","GNA":"Partido","NAM":"Baradero","SAG":"ARBA - Gerencia de Servicios Catastrales","FDC":null,"IN1":"06070","SHAPE_STAr":0.149157492967,"SHAPE_STLe":2.41729812489}},{"type":"Feature","geometry":{"type":"Polygon","coordinates":[[[-60.90652,-33.88731],[-60.9428,-33.85686],[-60.86129,-33.78097],[-60.90102,-33.74935],[-60.81081,-33.6748],[-60.91111,-33.58099],[-60.93074,-33.65202],[-61.12594,-33.83315],[-61.33235,-34.02508],[-61.20989,-34.12564],[-61.17755,-34.09682],[-61.12208,-34.07195],[-61.05153,-34.03017],[-60.90652,-33.88731]]]},"properties":{"fid":268,"Entidad":0,"Objeto":"Departamento","FNA":"Partido de Colón","GNA":"Partido","NAM":"Colón","SAG":"ARBA - Gerencia de Servicios Catastrales","FDC":null,"IN1":"06175","SHAPE_STAr":0.0975471448533,"SHAPE_STLe":1.66209132771}},{"type":"Feature","geometry":{"type":"Polygon","coordinates":[[[-58.43841,-33.51761],[-58.57886,-33.44101],[-58.59776,-33.47596],[-58.60199,-33.45984],[-58.6254,-33.45845],[-58.65891,-33.43668],[-58.68338,-33.43683],[-58.74651,-33.47644],[-58.79292,-33.44002],[-58.80177,-33.4584],[-58.84032,-33.44236],[-58.86126,-33.4813],[-58.83434,-33.49721],[-58.84512,-33.49898],[-58.95248,-33.48076],[-59.0942,-33.42131],[-59.14695,-33.40971],[-59.22275,-33.32349],[-59.25185,-33.20665],[-59.27131,-33.16418],[-59.29109,-33.15379],[-59.30831,-33.17856],[-59.29637,-33.17743],[-59.29891,-33.18843],[-59.32129,-33.17805],[-59.33662,-33.18375],[-59.31428,-33.20938],[-59.35269,-33.2029],[-59.33277,-33.22394],[-59.34754,-33.23186],[-59.39469,-33.23297],[-59.41575,-33.21389],[-59.4222,-33.22853],[-59.49728,-33.22706],[-59.52244,-33.19935],[-59.54882,-33.199],[-59.64375,-33.3022],[-59.60658,-33.32564],[-59.63007,-33.34287],[-59.61708,-33.35714],[-59.5394,-33.37647],[-59.52225,-33.4323],[-59.42754,-33.46042],[-59.36046,-33.54264],[-59.3161,-33.54316],[-59.30199,-33.59184],[-59.25358,-33.63971],[-59.23075,-33.70943],[-59.17805,-33.74394],[-59.16809,-33.80939],[-59.13068,-33.84772],[-59.05548,-33.8324],[-59.02048,-33.84894],[-58.99288,-33.8418],[-58.97789,-33.87036],[-58.93359,-33.87439],[-58.89978,-33.89099],[-58.86843,-33.93651],[-58.8372,-33.95375],[-58.76374,-33.94531],[-58.6753,-34.02547],[-58.60717,-34.03787],[-58.47729,-34.00263],[-58.42698,-34.00406],[-58.38739,-33.98541],[-58.42359,-33.91635],[-58.43437,-33.72189],[-58.47535,-33.65024],[-58.49477,-33.58558],[-58.44501,-33.54105],[-58.43841,-33.51761]]]},"properties":{"fid":5,"Entidad":0,"Objeto":"Departamento","FNA":"Departamento Islas del Ibicuy","GNA":"Departamento","NAM":"Islas del Ibicuy","SAG":"ATER - Direc. de Catastro","FDC":null,"IN1":"30063","SHAPE_STAr":0.479076169024,"SHAPE_STLe":4.21364089754}},{"type":"Feature","geometry":{"type":"Polygon","coordinates":[[[-59.80947,-33.58342],[-59.81401,-33.59302],[-59.83138,-33.57981],[-60.04114,-33.76882],[-60.05172,-33.76128],[-60.07271,-33.77886],[-60.02435,-33.82663],[-59.77934,-34.01339],[-59.74738,-33.99766],[-59.7139,-33.94526],[-59.65302,-33.91721],[-59.62876,-33.87889],[-59.60443,-33.86586],[-59.58815,-33.78992],[-59.5675,-33.77247],[-59.51011,-33.77884],[-59.56258,-33.75937],[-59.4891,-33.64333],[-59.53131,-33.63538],[-59.60809,-33.69501],[-59.62707,-33.68451],[-59.63641,-33.64252],[-59.66443,-33.61749],[-59.69339,-33.61052],[-59.71885,-33.62289],[-59.74979,-33.61932],[-59.80947,-33.58342]]]},"properties":{"fid":352,"Entidad":0,"Objeto":"Departamento","FNA":"Partido de San Pedro","GNA":"Partido","NAM":"San Pedro","SAG":"ARBA - Gerencia de Servicios Catastrales","FDC":null,"IN1":"06770","SHAPE_STAr":0.132038797824,"SHAPE_STLe":2.00295432345}},{"type":"Feature","geometry":{"type":"Polygon","coordinates":[[[-60.45691,-33.59848],[-60.4566,-33.58197],[-60.41841,-33.55794],[-60.42394,-33.52796],[-60.40943,-33.46677],[-60.33543,-33.41233],[-60.32396,-33.35075],[-60.28295,-33.31372],[-60.26461,-33.28132],[-60.27237,-33.26349],[-60.25239,-33.27542],[-60.25954,-33.26185],[-60.26319,-33.25989],[-60.29783,-33.24228],[-60.2845,-33.20992],[-60.29426,-33.19184],[-60.34288,-33.17789],[-60.33329,-33.21455],[-60.40258,-33.20273],[-60.45913,-33.25734],[-60.49149,-33.31506],[-60.51319,-33.31779],[-60.57936,-33.36179],[-60.68259,-33.33538],[-60.71128,-33.30741],[-60.76121,-33.31017],[-60.80433,-33.26599],[-60.88899,-33.29005],[-60.92414,-33.33968],[-60.98969,-33.39457],[-61.06681,-33.42934],[-61.07499,-33.41905],[-61.18884,-33.49162],[-61.31378,-33.32908],[-61.38305,-33.36671],[-61.36111,-33.39509],[-61.52204,-33.3981],[-61.46832,-33.46798],[-61.42226,-33.44316],[-61.12594,-33.83315],[-60.93074,-33.65202],[-60.91111,-33.58099],[-60.86263,-33.54667],[-60.81863,-33.54045],[-60.78181,-33.57876],[-60.74665,-33.58834],[-60.68458,-33.58516],[-60.61917,-33.62867],[-60.52792,-33.64889],[-60.46814,-33.63771],[-60.45691,-33.59848]]]},"properties":{"fid":400,"Entidad":0,"Objeto":"Departamento","FNA":"Departamento Constitución","GNA":"Departamento","NAM":"Constitución","SAG":"Servicio de Catastro e Información Territorial","FDC":null,"IN1":"82028","SHAPE_STAr":0.313045793573,"SHAPE_STLe":3.95811299597}},{"type":"Feature","geometry":{"type":"Polygon","coordinates":[[[-60.16555,-33.35077],[-60.19447,-33.44478],[-60.16003,-33.47375],[-60.16561,-33.49935],[-60.24444,-33.61569],[-60.28092,-33.62046],[-60.31318,-33.65112],[-60.23939,-33.66451],[-60.24254,-33.64884],[-60.17224,-33.66192],[-60.15977,-33.68996],[-60.14124,-33.69309],[-60.15638,-33.74548],[-60.10741,-33.81694],[-60.08267,-33.80933],[-60.04859,-33.82706],[-60.02435,-33.82663],[-60.07271,-33.77886],[-60.05172,-33.76128],[-60.04114,-33.76882],[-59.83138,-33.57981],[-59.81401,-33.59302],[-59.80947,-33.58342],[-59.80939,-33.54401],[-59.82318,-33.53003],[-59.89929,-33.50708],[-59.93301,-33.47489],[-59.99939,-33.47013],[-60.03532,-33.45252],[-60.11108,-33.37299],[-60.16555,-33.35077]]]},"properties":{"fid":277,"Entidad":0,"Objeto":"Departamento","FNA":"Partido de Ramallo","GNA":"Partido","NAM":"Ramallo","SAG":"ARBA - Gerencia de Servicios Catastrales","FDC":null,"IN1":"06665","SHAPE_STAr":0.101747627742,"SHAPE_STLe":1.84102459634}},{"type":"Feature","geometry":{"type":"Polygon","coordinates":[[[-59.45527,-32.55683],[-59.60073,-32.55197],[-59.60714,-32.63201],[-59.63626,-32.61592],[-59.70525,-32.6097],[-59.75267,-32.58177],[-59.77159,-32.58791],[-59.78258,-32.59011],[-59.77979,-32.61367],[-59.79808,-32.64195],[-59.77585,-32.66258],[-59.78899,-32.71065],[-59.7791,-32.72956],[-59.79405,-32.73634],[-59.81009,-32.79755],[-59.84523,-32.82449],[-59.84342,-32.84041],[-59.85738,-32.83876],[-59.85656,-32.86873],[-59.87104,-32.88811],[-59.84162,-32.91189],[-59.83866,-32.93483],[-59.90376,-32.93124],[-59.93049,-32.90499],[-59.9549,-32.8984],[-60.02219,-32.95054],[-60.01135,-32.97564],[-59.977,-32.96675],[-59.98271,-32.99521],[-60.04424,-32.99578],[-60.01762,-33.01668],[-59.9755,-33.01028],[-59.9638,-33.0296],[-59.96856,-33.00931],[-59.95757,-33.00618],[-59.93561,-33.04057],[-59.92295,-33.0277],[-59.89296,-33.03722],[-59.84819,-33.10086],[-59.83882,-33.07614],[-59.81507,-33.07853],[-59.80468,-33.12575],[-59.77726,-33.12288],[-59.76608,-33.13711],[-59.78179,-33.16902],[-59.80138,-33.17427],[-59.81831,-33.20052],[-59.79222,-33.23951],[-59.83409,-33.26929],[-59.85638,-33.27206],[-59.88226,-33.26307],[-59.88639,-33.23572],[-59.90613,-33.2207],[-59.9097,-33.27746],[-59.93982,-33.27553],[-59.94916,-33.23584],[-60.01333,-33.28392],[-60.03569,-33.2289],[-60.05718,-33.23477],[-60.0366,-33.24599],[-60.06912,-33.25719],[-60.11663,-33.2197],[-60.15142,-33.23147],[-60.14961,-33.2527],[-60.17913,-33.24753],[-60.19412,-33.22187],[-60.21543,-33.23352],[-60.2206,-33.25391],[-60.23427,-33.21201],[-60.29426,-33.19184],[-60.2845,-33.20992],[-60.29783,-33.24228],[-60.26319,-33.25989],[-60.25421,-33.26471],[-60.20068,-33.29218],[-60.16555,-33.35077],[-60.11108,-33.37299],[-60.03532,-33.45252],[-59.99939,-33.47013],[-59.93301,-33.47489],[-59.89929,-33.50708],[-59.82318,-33.53003],[-59.80939,-33.54401],[-59.80947,-33.58342],[-59.74979,-33.61932],[-59.71885,-33.62289],[-59.69339,-33.61052],[-59.66443,-33.61749],[-59.63641,-33.64252],[-59.62707,-33.68451],[-59.60809,-33.69501],[-59.53131,-33.63538],[-59.4891,-33.64333],[-59.46777,-33.70428],[-59.43701,-33.729],[-59.37769,-33.73651],[-59.24701,-33.72498],[-59.23541,-33.73999],[-59.25482,-33.79388],[-59.22272,-33.81343],[-59.16809,-33.80939],[-59.17805,-33.74394],[-59.23075,-33.70943],[-59.25358,-33.63971],[-59.30199,-33.59184],[-59.3161,-33.54316],[-59.36046,-33.54264],[-59.42754,-33.46042],[-59.52225,-33.4323],[-59.5394,-33.37647],[-59.61708,-33.35714],[-59.63007,-33.34287],[-59.60658,-33.32564],[-59.64375,-33.3022],[-59.54882,-33.199],[-59.52244,-33.19935],[-59.49728,-33.22706],[-59.4222,-33.22853],[-59.41575,-33.21389],[-59.39469,-33.23297],[-59.34754,-33.23186],[-59.33277,-33.22394],[-59.35269,-33.2029],[-59.31428,-33.20938],[-59.33662,-33.18375],[-59.32129,-33.17805],[-59.29891,-33.18843],[-59.29637,-33.17743],[-59.30831,-33.17856],[-59.29109,-33.15379],[-59.25051,-33.1171],[-59.26746,-33.11778],[-59.25245,-33.10533],[-59.26965,-33.10485],[-59.27685,-33.09137],[-59.26184,-33.07819],[-59.26546,-33.06002],[-59.23342,-33.03489],[-59.21647,-32.98489],[-59.19966,-32.98587],[-59.18685,-32.93514],[-59.14009,-32.91186],[-59.16125,-32.87374],[-59.14591,-32.87395],[-59.14149,-32.84941],[-59.12546,-32.84821],[-59.12356,-32.83515],[-59.14105,-32.82587],[-59.11208,-32.80558],[-59.13047,-32.77735],[-59.11346,-32.77371],[-59.12199,-32.76771],[-59.11072,-32.75054],[-59.13452,-32.74966],[-59.12673,-32.7257],[-59.14303,-32.71314],[-59.23619,-32.6971],[-59.26926,-32.67765],[-59.41468,-32.63983],[-59.40473,-32.59974],[-59.45527,-32.55683]]]},"properties":{"fid":196,"Entidad":0,"Objeto":"Departamento","FNA":"Departamento Gualeguay","GNA":"Departamento","NAM":"Gualeguay","SAG":"ATER - Direc. de Catastro","FDC":null,"IN1":"30049","SHAPE_STAr":0.638631173031,"SHAPE_STLe":7.36905246542}},{"type":"Feature","geometry":{"type":"Polygon","coordinates":[[[-60.25954,-33.26185],[-60.25239,-33.27542],[-60.27237,-33.26349],[-60.26461,-33.28132],[-60.28295,-33.31372],[-60.32396,-33.35075],[-60.33543,-33.41233],[-60.40943,-33.46677],[-60.42394,-33.52796],[-60.41841,-33.55794],[-60.4566,-33.58197],[-60.45691,-33.59848],[-60.32679,-33.68327],[-60.31318,-33.65112],[-60.28092,-33.62046],[-60.24444,-33.61569],[-60.16561,-33.49935],[-60.16003,-33.47375],[-60.19447,-33.44478],[-60.16555,-33.35077],[-60.20068,-33.29218],[-60.25421,-33.26471],[-60.25954,-33.26185]]]},"properties":{"fid":278,"Entidad":0,"Objeto":"Departamento","FNA":"Partido de San Nicolás","GNA":"Partido","NAM":"San Nicolás","SAG":"ARBA - Gerencia de Servicios Catastrales","FDC":null,"IN1":"06763","SHAPE_STAr":0.0660227402755,"SHAPE_STLe":1.3565202827}},{"type":"Feature","geometry":{"type":"Polygon","coordinates":[[[-58.11405,-33.03017],[-58.26269,-33.02764],[-58.26223,-32.87593],[-58.498,-32.87423],[-58.49396,-32.86045],[-58.48433,-32.86432],[-58.49534,-32.83634],[-58.4883,-32.81109],[-58.50103,-32.80099],[-58.49298,-32.77466],[-58.50495,-32.75654],[-58.48932,-32.74536],[-58.51839,-32.69777],[-58.51326,-32.67437],[-58.53273,-32.66976],[-58.51941,-32.65572],[-58.53065,-32.61066],[-58.51105,-32.59677],[-58.52089,-32.56193],[-58.58167,-32.55377],[-58.64002,-32.51153],[-58.72546,-32.55247],[-58.77673,-32.56043],[-58.8385,-32.54888],[-58.88112,-32.51741],[-58.91134,-32.51047],[-58.92122,-32.49156],[-58.97047,-32.52281],[-59.07748,-32.47898],[-59.09907,-32.4875],[-59.10565,-32.53339],[-59.11678,-32.53092],[-59.09566,-32.54325],[-59.09546,-32.55824],[-59.10893,-32.56451],[-59.08765,-32.5743],[-59.1084,-32.58903],[-59.09373,-32.59222],[-59.10217,-32.61533],[-59.09096,-32.624],[-59.10504,-32.63385],[-59.10761,-32.66627],[-59.12589,-32.66394],[-59.11642,-32.68342],[-59.13459,-32.70733],[-59.12555,-32.70766],[-59.14303,-32.71314],[-59.12673,-32.7257],[-59.13452,-32.74966],[-59.11072,-32.75054],[-59.12199,-32.76771],[-59.11346,-32.77371],[-59.13047,-32.77735],[-59.11208,-32.80558],[-59.14105,-32.82587],[-59.12356,-32.83515],[-59.12546,-32.84821],[-59.14149,-32.84941],[-59.14591,-32.87395],[-59.16125,-32.87374],[-59.14009,-32.91186],[-59.18685,-32.93514],[-59.19966,-32.98587],[-59.21647,-32.98489],[-59.23342,-33.03489],[-59.26546,-33.06002],[-59.26184,-33.07819],[-59.27685,-33.09137],[-59.26965,-33.10485],[-59.25245,-33.10533],[-59.26746,-33.11778],[-59.25051,-33.1171],[-59.29109,-33.15379],[-59.27131,-33.16418],[-59.25185,-33.20665],[-59.22275,-33.32349],[-59.14695,-33.40971],[-59.0942,-33.42131],[-58.95248,-33.48076],[-58.84512,-33.49898],[-58.83434,-33.49721],[-58.86126,-33.4813],[-58.84032,-33.44236],[-58.80177,-33.4584],[-58.79292,-33.44002],[-58.74651,-33.47644],[-58.68338,-33.43683],[-58.65891,-33.43668],[-58.6254,-33.45845],[-58.60199,-33.45984],[-58.59776,-33.47596],[-58.57886,-33.44101],[-58.43841,-33.51761],[-58.43171,-33.36333],[-58.39719,-33.31377],[-58.39047,-33.27912],[-58.40993,-33.23494],[-58.40272,-33.17633],[-58.36079,-33.12047],[-58.17816,-33.07774],[-58.11405,-33.03017]]]},"properties":{"fid":4,"Entidad":0,"Objeto":"Departamento","FNA":"Departamento Gualeguaychú","GNA":"Departamento","NAM":"Gualeguaychú","SAG":"ATER - Direc. de Catastro","FDC":null,"IN1":"30056","SHAPE_STAr":0.72682084218,"SHAPE_STLe":5.31842227487}},{"type":"Feature","geometry":{"type":"Polygon","coordinates":[[[-60.76914,-32.49676],[-60.79498,-32.49745],[-60.8017,-32.4421],[-60.82782,-32.45824],[-60.85567,-32.47447],[-60.86021,-32.50207],[-60.84695,-32.52312],[-60.8424,-32.59068],[-60.81257,-32.63777],[-60.87444,-32.6803],[-60.88865,-32.66888],[-60.99513,-32.69417],[-61.05469,-32.77002],[-61.06254,-32.80253],[-61.17103,-32.85236],[-61.19927,-32.87799],[-61.2072,-32.9027],[-61.06195,-33.09001],[-61.10676,-33.1561],[-61.15484,-33.16467],[-61.13257,-33.23136],[-61.16861,-33.24384],[-61.0991,-33.33265],[-61.12957,-33.3493],[-61.07499,-33.41905],[-61.06681,-33.42934],[-60.98969,-33.39457],[-60.92414,-33.33968],[-61.00161,-33.24738],[-60.98206,-33.245],[-60.99578,-33.23239],[-60.98166,-33.19216],[-60.94436,-33.19821],[-60.94569,-33.16107],[-60.92457,-33.14573],[-60.86108,-32.88553],[-60.80538,-32.85466],[-60.81994,-32.83545],[-60.80908,-32.8294],[-60.78154,-32.83868],[-60.65892,-32.83392],[-60.716,-32.77362],[-60.72589,-32.6636],[-60.75207,-32.62219],[-60.74512,-32.5647],[-60.77472,-32.5144],[-60.76914,-32.49676]]]},"properties":{"fid":403,"Entidad":0,"Objeto":"Departamento","FNA":"Departamento San Lorenzo","GNA":"Departamento","NAM":"San Lorenzo","SAG":"Servicio de Catastro e Información Territorial","FDC":null,"IN1":"82119","SHAPE_STAr":0.193425867198,"SHAPE_STLe":3.14556863971}},{"type":"Feature","geometry":{"type":"Polygon","coordinates":[[[-60.65892,-32.83392],[-60.78154,-32.83868],[-60.80908,-32.8294],[-60.81994,-32.83545],[-60.80538,-32.85466],[-60.86108,-32.88553],[-60.92457,-33.14573],[-60.94569,-33.16107],[-60.94436,-33.19821],[-60.98166,-33.19216],[-60.99578,-33.23239],[-60.98206,-33.245],[-61.00161,-33.24738],[-60.92414,-33.33968],[-60.88899,-33.29005],[-60.80433,-33.26599],[-60.76121,-33.31017],[-60.71128,-33.30741],[-60.68259,-33.33538],[-60.57936,-33.36179],[-60.51319,-33.31779],[-60.49149,-33.31506],[-60.45913,-33.25734],[-60.40258,-33.20273],[-60.33329,-33.21455],[-60.34288,-33.17789],[-60.398,-33.18684],[-60.51318,-33.11292],[-60.60549,-32.99982],[-60.62025,-32.94794],[-60.67621,-32.8996],[-60.6814,-32.87156],[-60.65892,-32.83392]]]},"properties":{"fid":402,"Entidad":0,"Objeto":"Departamento","FNA":"Departamento Rosario","GNA":"Departamento","NAM":"Rosario","SAG":"Servicio de Catastro e Información Territorial","FDC":null,"IN1":"82084","SHAPE_STAr":0.18042506371,"SHAPE_STLe":2.26575130407}},{"type":"Feature","geometry":{"type":"Polygon","coordinates":[[[-59.77159,-32.58791],[-59.77302,-32.54694],[-59.94203,-32.52195],[-59.97837,-32.49311],[-59.99958,-32.4915],[-59.99964,-32.45334],[-59.97682,-32.42167],[-60.03674,-32.3888],[-60.0464,-32.3493],[-60.11586,-32.30344],[-60.13123,-32.26897],[-60.1896,-32.26926],[-60.17703,-32.24235],[-60.18922,-32.23452],[-60.17332,-32.21906],[-60.27883,-32.23261],[-60.2778,-32.24646],[-60.33887,-32.30005],[-60.37483,-32.2905],[-60.42152,-32.30274],[-60.44089,-32.34076],[-60.42556,-32.38504],[-60.3979,-32.40142],[-60.39441,-32.42013],[-60.41572,-32.44291],[-60.4406,-32.44354],[-60.44158,-32.43224],[-60.45815,-32.44093],[-60.4474,-32.45842],[-60.45826,-32.48622],[-60.47721,-32.49149],[-60.47415,-32.53497],[-60.51691,-32.5521],[-60.52495,-32.54492],[-60.51115,-32.53774],[-60.52412,-32.53653],[-60.53037,-32.51684],[-60.54218,-32.52604],[-60.52931,-32.52996],[-60.52291,-32.57433],[-60.57538,-32.57932],[-60.55961,-32.58306],[-60.57416,-32.59537],[-60.5572,-32.60168],[-60.58788,-32.63421],[-60.62545,-32.6415],[-60.62373,-32.62776],[-60.66913,-32.63039],[-60.68396,-32.68017],[-60.72589,-32.6636],[-60.716,-32.77362],[-60.65892,-32.83392],[-60.6814,-32.87156],[-60.67621,-32.8996],[-60.62025,-32.94794],[-60.60549,-32.99982],[-60.51318,-33.11292],[-60.398,-33.18684],[-60.34288,-33.17789],[-60.29426,-33.19184],[-60.23427,-33.21201],[-60.2206,-33.25391],[-60.21543,-33.23352],[-60.19412,-33.22187],[-60.17913,-33.24753],[-60.14961,-33.2527],[-60.15142,-33.23147],[-60.11663,-33.2197],[-60.06912,-33.25719],[-60.0366,-33.24599],[-60.05718,-33.23477],[-60.03569,-33.2289],[-60.01333,-33.28392],[-59.94916,-33.23584],[-59.93982,-33.27553],[-59.9097,-33.27746],[-59.90613,-33.2207],[-59.88639,-33.23572],[-59.88226,-33.26307],[-59.85638,-33.27206],[-59.83409,-33.26929],[-59.79222,-33.23951],[-59.81831,-33.20052],[-59.80138,-33.17427],[-59.78179,-33.16902],[-59.76608,-33.13711],[-59.77726,-33.12288],[-59.80468,-33.12575],[-59.81507,-33.07853],[-59.83882,-33.07614],[-59.84819,-33.10086],[-59.89296,-33.03722],[-59.92295,-33.0277],[-59.93561,-33.04057],[-59.95757,-33.00618],[-59.96856,-33.00931],[-59.9638,-33.0296],[-59.9755,-33.01028],[-60.01762,-33.01668],[-60.04424,-32.99578],[-59.98271,-32.99521],[-59.977,-32.96675],[-60.01135,-32.97564],[-60.02219,-32.95054],[-59.9549,-32.8984],[-59.93049,-32.90499],[-59.90376,-32.93124],[-59.83866,-32.93483],[-59.84162,-32.91189],[-59.87104,-32.88811],[-59.85656,-32.86873],[-59.85738,-32.83876],[-59.84342,-32.84041],[-59.84523,-32.82449],[-59.81009,-32.79755],[-59.79405,-32.73634],[-59.7791,-32.72956],[-59.78899,-32.71065],[-59.77585,-32.66258],[-59.79808,-32.64195],[-59.77979,-32.61367],[-59.78258,-32.59011],[-59.77159,-32.58791]]]},"properties":{"fid":6,"Entidad":0,"Objeto":"Departamento","FNA":"Departamento Victoria","GNA":"Departamento","NAM":"Victoria","SAG":"ATER - Direc. de Catastro","FDC":null,"IN1":"30105","SHAPE_STAr":0.639021253089,"SHAPE_STLe":5.55712510809}},{"type":"Feature","geometry":{"type":"Polygon","coordinates":[[[-60.82782,-32.45824],[-60.86764,-32.4516],[-60.89669,-32.46745],[-61.19092,-32.43142],[-61.19277,-32.43883],[-61.43769,-32.39379],[-61.48479,-32.57708],[-61.47129,-32.57955],[-61.53284,-32.84662],[-61.51829,-32.84909],[-61.64243,-32.88324],[-61.71288,-33.0905],[-61.68623,-33.09222],[-61.6763,-33.0821],[-61.6494,-33.0889],[-61.63566,-33.06665],[-61.56524,-33.06372],[-61.54306,-33.04129],[-61.29677,-32.98691],[-61.23629,-32.95119],[-61.24623,-32.94318],[-61.2072,-32.9027],[-61.19927,-32.87799],[-61.17103,-32.85236],[-61.06254,-32.80253],[-61.05469,-32.77002],[-60.99513,-32.69417],[-60.88865,-32.66888],[-60.87444,-32.6803],[-60.81257,-32.63777],[-60.8424,-32.59068],[-60.84695,-32.52312],[-60.86021,-32.50207],[-60.85567,-32.47447],[-60.82782,-32.45824]]]},"properties":{"fid":404,"Entidad":0,"Objeto":"Departamento","FNA":"Departamento Iriondo","GNA":"Departamento","NAM":"Iriondo","SAG":"Servicio de Catastro e Información Territorial","FDC":null,"IN1":"82056","SHAPE_STAr":0.30970366439,"SHAPE_STLe":3.02890778084}},{"type":"Feature","geometry":{"type":"Polygon","coordinates":[[[-58.18458,-32.38063],[-58.19715,-32.35682],[-58.22433,-32.367],[-58.23599,-32.34605],[-58.28592,-32.33152],[-58.34002,-32.26441],[-58.4171,-32.24968],[-58.41175,-32.18426],[-58.52895,-32.19071],[-58.5423,-32.20438],[-58.53954,-32.22838],[-58.56236,-32.24368],[-58.55676,-32.22858],[-58.58627,-32.19626],[-58.62679,-32.19404],[-58.64746,-32.17342],[-58.65644,-32.08603],[-58.67179,-32.0739],[-58.67711,-32.04191],[-58.69734,-32.0288],[-58.69896,-31.97815],[-58.7075,-31.96482],[-58.73145,-31.9768],[-58.77311,-32.01457],[-58.86081,-32.02669],[-58.87094,-32.04669],[-58.91771,-32.06571],[-58.96787,-32.05199],[-59.00316,-32.08361],[-59.06262,-32.06961],[-59.081,-32.07082],[-59.09888,-32.08968],[-59.07764,-32.09893],[-59.08585,-32.1114],[-59.07082,-32.11938],[-59.09534,-32.12882],[-59.07692,-32.17783],[-59.10246,-32.1981],[-59.11248,-32.23551],[-59.10427,-32.25046],[-59.084,-32.25065],[-59.07362,-32.31196],[-59.09592,-32.32967],[-59.08376,-32.34228],[-59.10258,-32.34777],[-59.08215,-32.36212],[-59.09366,-32.3737],[-59.08345,-32.3859],[-59.10506,-32.40382],[-59.08717,-32.42734],[-59.11366,-32.45543],[-59.09546,-32.46582],[-59.09907,-32.4875],[-59.07748,-32.47898],[-58.97047,-32.52281],[-58.92122,-32.49156],[-58.91134,-32.51047],[-58.88112,-32.51741],[-58.8385,-32.54888],[-58.77673,-32.56043],[-58.72546,-32.55247],[-58.64002,-32.51153],[-58.58167,-32.55377],[-58.52089,-32.56193],[-58.51105,-32.59677],[-58.53065,-32.61066],[-58.51941,-32.65572],[-58.53273,-32.66976],[-58.51326,-32.67437],[-58.51839,-32.69777],[-58.48932,-32.74536],[-58.50495,-32.75654],[-58.49298,-32.77466],[-58.50103,-32.80099],[-58.4883,-32.81109],[-58.49534,-32.83634],[-58.48433,-32.86432],[-58.49396,-32.86045],[-58.498,-32.87423],[-58.26223,-32.87593],[-58.26269,-33.02764],[-58.11405,-33.03017],[-58.08493,-33.00406],[-58.0868,-32.96081],[-58.11573,-32.91911],[-58.1198,-32.81523],[-58.15009,-32.73198],[-58.14505,-32.67113],[-58.16058,-32.57078],[-58.18739,-32.53287],[-58.20445,-32.4633],[-58.18458,-32.38063]]]},"properties":{"fid":8,"Entidad":0,"Objeto":"Departamento","FNA":"Departamento Uruguay","GNA":"Departamento","NAM":"Uruguay","SAG":"ATER - Direc. de Catastro","FDC":null,"IN1":"30098","SHAPE_STAr":0.493688262351,"SHAPE_STLe":5.24421227349}},{"type":"Feature","geometry":{"type":"Polygon","coordinates":[[[-59.06262,-32.06961],[-59.06406,-32.03364],[-59.07661,-32.03333],[-59.08402,-32.01536],[-59.07276,-32.00928],[-59.08035,-31.9912],[-59.15123,-31.98556],[-59.17746,-31.95936],[-59.21367,-31.95344],[-59.27364,-31.91417],[-59.31444,-31.92357],[-59.3419,-31.94118],[-59.34299,-31.97184],[-59.37045,-32.02303],[-59.40206,-32.04317],[-59.40753,-32.06361],[-59.47485,-32.12642],[-59.45661,-32.14054],[-59.48291,-32.26869],[-59.46256,-32.28486],[-59.49583,-32.33884],[-59.44141,-32.35517],[-59.47584,-32.42695],[-59.44837,-32.45488],[-59.43935,-32.4895],[-59.44237,-32.51222],[-59.46032,-32.52389],[-59.45527,-32.55683],[-59.40473,-32.59974],[-59.41468,-32.63983],[-59.26926,-32.67765],[-59.23619,-32.6971],[-59.14303,-32.71314],[-59.12555,-32.70766],[-59.13459,-32.70733],[-59.11642,-32.68342],[-59.12589,-32.66394],[-59.10761,-32.66627],[-59.10504,-32.63385],[-59.09096,-32.624],[-59.10217,-32.61533],[-59.09373,-32.59222],[-59.1084,-32.58903],[-59.08765,-32.5743],[-59.10893,-32.56451],[-59.09546,-32.55824],[-59.09566,-32.54325],[-59.11678,-32.53092],[-59.10565,-32.53339],[-59.09907,-32.4875],[-59.09546,-32.46582],[-59.11366,-32.45543],[-59.08717,-32.42734],[-59.10506,-32.40382],[-59.08345,-32.3859],[-59.09366,-32.3737],[-59.08215,-32.36212],[-59.10258,-32.34777],[-59.08376,-32.34228],[-59.09592,-32.32967],[-59.07362,-32.31196],[-59.084,-32.25065],[-59.10427,-32.25046],[-59.11248,-32.23551],[-59.10246,-32.1981],[-59.07692,-32.17783],[-59.09534,-32.12882],[-59.07082,-32.11938],[-59.08585,-32.1114],[-59.07764,-32.09893],[-59.09888,-32.08968],[-59.081,-32.07082],[-59.06262,-32.06961]]]},"properties":{"fid":195,"Entidad":0,"Objeto":"Departamento","FNA":"Departamento Tala","GNA":"Departamento","NAM":"Tala","SAG":"ATER - Direc. de Catastro","FDC":null,"IN1":"30091","SHAPE_STAr":0.253125717486,"SHAPE_STLe":3.42792579896}},{"type":"Feature","geometry":{"type":"Polygon","coordinates":[[[-60.25784,-32.0517],[-60.28603,-32.04517],[-60.30297,-32.08288],[-60.31721,-32.07308],[-60.32431,-32.07932],[-60.35308,-32.03922],[-60.34377,-32.01762],[-60.366,-32.00345],[-60.36612,-31.99513],[-60.34431,-31.99498],[-60.34385,-31.97812],[-60.32866,-31.98799],[-60.34257,-31.94843],[-60.36655,-31.9482],[-60.3847,-31.93256],[-60.41654,-31.95961],[-60.4628,-31.95102],[-60.45927,-31.93914],[-60.51688,-31.92573],[-60.51317,-31.89192],[-60.53705,-31.88827],[-60.5222,-31.85271],[-60.54175,-31.84878],[-60.53907,-31.83574],[-60.56143,-31.8294],[-60.57076,-31.80892],[-60.60314,-31.82519],[-60.67449,-31.80972],[-60.65289,-31.8971],[-60.66009,-31.91827],[-60.71971,-31.9588],[-60.72274,-31.97231],[-60.6637,-32.03839],[-60.65601,-32.06708],[-60.70038,-32.14977],[-60.67261,-32.2326],[-60.67902,-32.31953],[-60.71899,-32.33404],[-60.71162,-32.39305],[-60.72382,-32.45612],[-60.76914,-32.49676],[-60.77472,-32.5144],[-60.74512,-32.5647],[-60.75207,-32.62219],[-60.72589,-32.6636],[-60.68396,-32.68017],[-60.66913,-32.63039],[-60.62373,-32.62776],[-60.62545,-32.6415],[-60.58788,-32.63421],[-60.5572,-32.60168],[-60.57416,-32.59537],[-60.55961,-32.58306],[-60.57538,-32.57932],[-60.52291,-32.57433],[-60.52931,-32.52996],[-60.54218,-32.52604],[-60.53037,-32.51684],[-60.52412,-32.53653],[-60.51115,-32.53774],[-60.52495,-32.54492],[-60.51691,-32.5521],[-60.47415,-32.53497],[-60.47721,-32.49149],[-60.45826,-32.48622],[-60.4474,-32.45842],[-60.45815,-32.44093],[-60.44158,-32.43224],[-60.4406,-32.44354],[-60.41572,-32.44291],[-60.39441,-32.42013],[-60.3979,-32.40142],[-60.42556,-32.38504],[-60.44089,-32.34076],[-60.42152,-32.30274],[-60.37483,-32.2905],[-60.33887,-32.30005],[-60.2778,-32.24646],[-60.27883,-32.23261],[-60.17332,-32.21906],[-60.18118,-32.19252],[-60.14063,-32.15847],[-60.18215,-32.12311],[-60.20893,-32.1452],[-60.22552,-32.11619],[-60.21416,-32.11477],[-60.25784,-32.0517]]]},"properties":{"fid":7,"Entidad":0,"Objeto":"Departamento","FNA":"Departamento Diamante","GNA":"Departamento","NAM":"Diamante","SAG":"ATER - Direc. de Catastro","FDC":null,"IN1":"30021","SHAPE_STAr":0.256237952673,"SHAPE_STLe":3.60657190305}},{"type":"Feature","geometry":{"type":"Polygon","coordinates":[[[-59.31444,-31.92357],[-59.40167,-31.93412],[-59.4395,-31.97058],[-59.48617,-31.9499],[-59.5184,-31.96104],[-59.53773,-31.95128],[-59.57199,-31.95567],[-59.53442,-31.92487],[-59.61163,-31.86927],[-59.76269,-31.92893],[-59.85672,-31.89244],[-59.91922,-31.88333],[-59.92118,-31.91813],[-59.93532,-31.91571],[-59.94404,-31.9269],[-59.94378,-31.95172],[-59.96837,-31.952],[-59.98398,-31.96827],[-60.01284,-31.97498],[-60.02599,-32.03107],[-60.14016,-31.98244],[-60.18192,-32.02349],[-60.25784,-32.0517],[-60.21416,-32.11477],[-60.22552,-32.11619],[-60.20893,-32.1452],[-60.18215,-32.12311],[-60.14063,-32.15847],[-60.18118,-32.19252],[-60.17332,-32.21906],[-60.18922,-32.23452],[-60.17703,-32.24235],[-60.1896,-32.26926],[-60.13123,-32.26897],[-60.11586,-32.30344],[-60.0464,-32.3493],[-60.03674,-32.3888],[-59.97682,-32.42167],[-59.99964,-32.45334],[-59.99958,-32.4915],[-59.97837,-32.49311],[-59.94203,-32.52195],[-59.77302,-32.54694],[-59.77159,-32.58791],[-59.75267,-32.58177],[-59.70525,-32.6097],[-59.63626,-32.61592],[-59.60714,-32.63201],[-59.60073,-32.55197],[-59.45527,-32.55683],[-59.46032,-32.52389],[-59.44237,-32.51222],[-59.43935,-32.4895],[-59.44837,-32.45488],[-59.47584,-32.42695],[-59.44141,-32.35517],[-59.49583,-32.33884],[-59.46256,-32.28486],[-59.48291,-32.26869],[-59.45661,-32.14054],[-59.47485,-32.12642],[-59.40753,-32.06361],[-59.40206,-32.04317],[-59.37045,-32.02303],[-59.34299,-31.97184],[-59.3419,-31.94118],[-59.31444,-31.92357]]]},"properties":{"fid":194,"Entidad":0,"Objeto":"Departamento","FNA":"Departamento Nogoyá","GNA":"Departamento","NAM":"Nogoyá","SAG":"ATER - Direc. de Catastro","FDC":null,"IN1":"30077","SHAPE_STAr":0.418867785589,"SHAPE_STLe":3.89240497087}},{"type":"Feature","geometry":{"type":"Polygon","coordinates":[[[-60.72274,-31.97231],[-60.7476,-31.90853],[-60.73126,-31.8657],[-60.75301,-31.87807],[-60.76202,-31.86922],[-60.81937,-31.88212],[-60.83716,-31.86736],[-60.83539,-31.81197],[-60.81997,-31.79128],[-60.83278,-31.78679],[-60.85305,-31.82108],[-60.97824,-31.80025],[-60.99311,-31.8643],[-61.17021,-31.83134],[-61.18337,-31.88239],[-61.19595,-31.8518],[-61.30079,-31.83187],[-61.29831,-31.84014],[-61.35473,-31.8298],[-61.39278,-31.85795],[-61.34776,-31.86657],[-61.37806,-31.98912],[-61.35536,-32.08272],[-61.39194,-32.21024],[-61.44804,-32.19996],[-61.49522,-32.38325],[-61.43769,-32.39379],[-61.19277,-32.43883],[-61.19092,-32.43142],[-60.89669,-32.46745],[-60.86764,-32.4516],[-60.82782,-32.45824],[-60.8017,-32.4421],[-60.79498,-32.49745],[-60.76914,-32.49676],[-60.72382,-32.45612],[-60.71162,-32.39305],[-60.71899,-32.33404],[-60.67902,-32.31953],[-60.67261,-32.2326],[-60.70038,-32.14977],[-60.65601,-32.06708],[-60.6637,-32.03839],[-60.72274,-31.97231]]]},"properties":{"fid":406,"Entidad":0,"Objeto":"Departamento","FNA":"Departamento San Jerónimo","GNA":"Departamento","NAM":"San Jerónimo","SAG":"Servicio de Catastro e Información Territorial","FDC":null,"IN1":"82105","SHAPE_STAr":0.424082679024,"SHAPE_STLe":3.20567482664}},{"type":"Feature","geometry":{"type":"Polygon","coordinates":[[[-58.03699,-31.72722],[-58.0636,-31.73811],[-58.08217,-31.7202],[-58.08688,-31.73429],[-58.12239,-31.72115],[-58.16258,-31.7443],[-58.22851,-31.73537],[-58.24028,-31.71703],[-58.27898,-31.69853],[-58.2882,-31.6687],[-58.37342,-31.72155],[-58.3788,-31.7438],[-58.43079,-31.74136],[-58.41513,-31.79741],[-58.39967,-31.81061],[-58.46027,-31.81612],[-58.50713,-31.7876],[-58.54321,-31.82228],[-58.53679,-31.84321],[-58.56475,-31.86172],[-58.59414,-31.84561],[-58.62777,-31.88296],[-58.60747,-31.90239],[-58.70858,-31.88819],[-58.69835,-31.86086],[-58.72933,-31.85657],[-58.74273,-31.92109],[-58.72369,-31.96972],[-58.73145,-31.9768],[-58.7075,-31.96482],[-58.69896,-31.97815],[-58.69734,-32.0288],[-58.67711,-32.04191],[-58.67179,-32.0739],[-58.65644,-32.08603],[-58.64746,-32.17342],[-58.62679,-32.19404],[-58.58627,-32.19626],[-58.55676,-32.22858],[-58.56236,-32.24368],[-58.53954,-32.22838],[-58.5423,-32.20438],[-58.52895,-32.19071],[-58.41175,-32.18426],[-58.4171,-32.24968],[-58.34002,-32.26441],[-58.28592,-32.33152],[-58.23599,-32.34605],[-58.22433,-32.367],[-58.19715,-32.35682],[-58.18458,-32.38063],[-58.16906,-32.36101],[-58.12357,-32.34077],[-58.10153,-32.3056],[-58.09908,-32.27013],[-58.10492,-32.24451],[-58.18333,-32.1592],[-58.1674,-32.09138],[-58.14314,-32.06056],[-58.1383,-32.00184],[-58.16871,-31.93209],[-58.19134,-31.92035],[-58.20681,-31.87165],[-58.19024,-31.85298],[-58.08394,-31.81957],[-58.03851,-31.75989],[-58.03699,-31.72722]]]},"properties":{"fid":189,"Entidad":0,"Objeto":"Departamento","FNA":"Departamento Colón","GNA":"Departamento","NAM":"Colón","SAG":"ATER - Direc. de Catastro","FDC":null,"IN1":"30008","SHAPE_STAr":0.263524452439,"SHAPE_STLe":3.50342675907}},{"type":"Feature","geometry":{"type":"Polygon","coordinates":[[[-60.45691,-33.59848],[-60.46814,-33.63771],[-60.52792,-33.64889],[-60.61917,-33.62867],[-60.68458,-33.58516],[-60.74665,-33.58834],[-60.78181,-33.57876],[-60.81863,-33.54045],[-60.86263,-33.54667],[-60.91111,-33.58099],[-60.81081,-33.6748],[-60.90102,-33.74935],[-60.86129,-33.78097],[-60.9428,-33.85686],[-60.90652,-33.88731],[-60.79807,-33.9519],[-60.7054,-34.02512],[-60.7154,-34.03574],[-60.6553,-34.09314],[-60.62447,-34.11215],[-60.57842,-34.11637],[-60.5155,-34.14378],[-60.49639,-34.17646],[-60.3124,-34.00145],[-60.23754,-34.01109],[-60.23147,-33.86979],[-60.15638,-33.74548],[-60.14124,-33.69309],[-60.15977,-33.68996],[-60.17224,-33.66192],[-60.24254,-33.64884],[-60.23939,-33.66451],[-60.31318,-33.65112],[-60.32679,-33.68327],[-60.45691,-33.59848]]]},"properties":{"fid":488,"Entidad":0,"Objeto":"Departamento","FNA":"Partido de Pergamino","GNA":"Partido","NAM":"Pergamino","SAG":"ARBA - Gerencia de Servicios Catastrales","FDC":null,"IN1":"06623","SHAPE_STAr":0.29266355611,"SHAPE_STLe":2.73474909848}},{"type":"Feature","geometry":{"type":"Polygon","coordinates":[[[-58.4344,-34.65313],[-58.46037,-34.65682],[-58.50262,-34.67459],[-58.4645,-34.70321],[-58.44691,-34.68878],[-58.42383,-34.66228],[-58.4344,-34.65313]]]},"properties":{"fid":146,"Entidad":0,"Objeto":"Departamento","FNA":"Comuna 8","GNA":"Comuna","NAM":"Comuna 8","SAG":"Direc. de Catastro","FDC":null,"IN1":"02056","SHAPE_STAr":0.00221097372812,"SHAPE_STLe":0.209413654243}},{"type":"Feature","geometry":{"type":"Polygon","coordinates":[[[-58.31246,-34.87484],[-58.39644,-34.90988],[-58.41304,-34.87358],[-58.49186,-34.92763],[-58.49191,-34.93017],[-58.46305,-34.95145],[-58.4687,-35.01127],[-58.43038,-34.97806],[-58.40833,-34.97787],[-58.39462,-34.95888],[-58.31632,-34.92633],[-58.27461,-34.91706],[-58.31246,-34.87484]]]},"properties":{"fid":201,"Entidad":0,"Objeto":"Departamento","FNA":"Partido de Presidente Perón","GNA":"Partido","NAM":"Presidente Perón","SAG":"ARBA - Gerencia de Servicios Catastrales","FDC":null,"IN1":"06648","SHAPE_STAr":0.0120346131663,"SHAPE_STLe":0.653333106375}},{"type":"Feature","geometry":{"type":"Polygon","coordinates":[[[-57.79617,-35.44492],[-57.81452,-35.4419],[-57.87392,-35.38589],[-57.88871,-35.39202],[-57.91786,-35.37143],[-57.9472,-35.37195],[-57.9854,-35.32847],[-58.025,-35.35378],[-58.03584,-35.344],[-58.04482,-35.33456],[-58.13862,-35.42037],[-58.15499,-35.40826],[-58.19391,-35.44095],[-58.15239,-35.47237],[-58.43625,-35.73305],[-58.45166,-35.74119],[-58.45364,-35.76954],[-58.41757,-35.79022],[-58.41355,-35.81474],[-58.38363,-35.81905],[-58.34275,-35.84359],[-58.33695,-35.86276],[-58.31209,-35.86781],[-58.29626,-35.85341],[-58.28245,-35.86071],[-58.27113,-35.85792],[-58.26382,-35.82305],[-58.22241,-35.81944],[-58.20432,-35.82572],[-58.18523,-35.86348],[-58.16495,-35.86756],[-58.1639,-35.84889],[-58.13758,-35.82541],[-58.14589,-35.81934],[-58.09687,-35.77504],[-58.08004,-35.7869],[-58.01162,-35.7397],[-57.98031,-35.75732],[-57.89818,-35.6915],[-57.88737,-35.69987],[-57.86099,-35.68578],[-57.74143,-35.76913],[-57.61583,-35.77652],[-57.54379,-35.80558],[-57.48964,-35.81152],[-57.47066,-35.7808],[-57.45865,-35.78905],[-57.45558,-35.77699],[-57.42428,-35.78422],[-57.42836,-35.77626],[-57.40206,-35.75749],[-57.40899,-35.74273],[-57.38674,-35.73665],[-57.36497,-35.746],[-57.34698,-35.71623],[-57.38092,-35.71285],[-57.38296,-35.6942],[-57.36587,-35.67743],[-57.41101,-35.66422],[-57.41661,-35.64463],[-57.43879,-35.63633],[-57.42636,-35.61579],[-57.46365,-35.59525],[-57.4585,-35.55676],[-57.43525,-35.51823],[-57.4699,-35.50057],[-57.46167,-35.49407],[-57.48086,-35.48754],[-57.48656,-35.46116],[-57.49324,-35.47206],[-57.52184,-35.47309],[-57.55083,-35.4697],[-57.55739,-35.4562],[-57.60856,-35.45837],[-57.63002,-35.4695],[-57.67075,-35.4635],[-57.68794,-35.48471],[-57.76631,-35.46368],[-57.77063,-35.43982],[-57.79617,-35.44492]]]},"properties":{"fid":69,"Entidad":0,"Objeto":"Departamento","FNA":"Partido de Chascomús","GNA":"Partido","NAM":"Chascomús","SAG":"ARBA - Gerencia de Servicios Catastrales","FDC":null,"IN1":"06218","SHAPE_STAr":0.314293334666,"SHAPE_STLe":3.65407952957}},{"type":"Feature","geometry":{"type":"Polygon","coordinates":[[[-58.30978,-34.79339],[-58.33664,-34.7544],[-58.43053,-34.81725],[-58.44775,-34.82599],[-58.41304,-34.87358],[-58.39644,-34.90988],[-58.31246,-34.87484],[-58.31715,-34.86815],[-58.29247,-34.85487],[-58.33281,-34.80574],[-58.30978,-34.79339]]]},"properties":{"fid":193,"Entidad":0,"Objeto":"Departamento","FNA":"Partido de Almirante Brown","GNA":"Partido","NAM":"Almirante Brown","SAG":"ARBA - Gerencia de Servicios Catastrales","FDC":null,"IN1":"06028","SHAPE_STAr":0.0127391889821,"SHAPE_STLe":0.525098928593}},{"type":"Feature","geometry":{"type":"Polygon","coordinates":[[[-57.96811,-35.15969],[-58.05409,-35.23683],[-58.07753,-35.22],[-58.01807,-35.16811],[-58.17725,-35.05715],[-58.12038,-35.00438],[-58.16142,-34.97185],[-58.24658,-35.04828],[-58.23627,-35.05828],[-58.27343,-35.09287],[-58.33884,-35.14853],[-58.35271,-35.13786],[-58.44296,-35.21624],[-58.24682,-35.36532],[-58.25955,-35.37711],[-58.21927,-35.40804],[-58.18685,-35.38258],[-58.15499,-35.40826],[-58.13862,-35.42037],[-58.04482,-35.33456],[-58.03584,-35.344],[-57.89014,-35.22214],[-57.96811,-35.15969]]]},"properties":{"fid":202,"Entidad":0,"Objeto":"Departamento","FNA":"Partido de Brandsen","GNA":"Partido","NAM":"Brandsen","SAG":"ARBA - Gerencia de Servicios Catastrales","FDC":null,"IN1":"06119","SHAPE_STAr":0.110316274274,"SHAPE_STLe":1.82115913495}},{"type":"Feature","geometry":{"type":"Polygon","coordinates":[[[-58.19465,-34.73569],[-58.23015,-34.70138],[-58.27964,-34.67864],[-58.33351,-34.72698],[-58.34696,-34.73934],[-58.33664,-34.7544],[-58.30978,-34.79339],[-58.30411,-34.80116],[-58.29845,-34.78344],[-58.26746,-34.77365],[-58.19465,-34.73569]]]},"properties":{"fid":251,"Entidad":0,"Objeto":"Departamento","FNA":"Partido de Quilmes","GNA":"Partido","NAM":"Quilmes","SAG":"ARBA - Gerencia de Servicios Catastrales","FDC":null,"IN1":"06658","SHAPE_STAr":0.00901924507668,"SHAPE_STLe":0.424141490618}},{"type":"Feature","geometry":{"type":"Polygon","coordinates":[[[-58.26746,-34.77365],[-58.29845,-34.78344],[-58.30411,-34.80116],[-58.30978,-34.79339],[-58.33281,-34.80574],[-58.29247,-34.85487],[-58.31715,-34.86815],[-58.31246,-34.87484],[-58.27461,-34.91706],[-58.31632,-34.92633],[-58.2882,-34.96504],[-58.30079,-34.97168],[-58.27717,-35.00942],[-58.21108,-34.95178],[-58.24741,-34.92359],[-58.17987,-34.866],[-58.19991,-34.81377],[-58.2385,-34.80041],[-58.26746,-34.77365]]]},"properties":{"fid":245,"Entidad":0,"Objeto":"Departamento","FNA":"Partido de Florencio Varela","GNA":"Partido","NAM":"Florencio Varela","SAG":"ARBA - Gerencia de Servicios Catastrales","FDC":null,"IN1":"06274","SHAPE_STAr":0.0186824021703,"SHAPE_STLe":0.764578251709}},{"type":"Feature","geometry":{"type":"Polygon","coordinates":[[[-57.93185,-34.90346],[-57.9746,-34.87237],[-57.99087,-34.87968],[-58.08363,-34.83514],[-58.21108,-34.95178],[-58.27717,-35.00942],[-58.2884,-35.01727],[-58.24658,-35.04828],[-58.16142,-34.97185],[-58.12038,-35.00438],[-58.17725,-35.05715],[-58.01807,-35.16811],[-58.07753,-35.22],[-58.05409,-35.23683],[-57.96811,-35.15969],[-57.75236,-34.97066],[-57.77075,-34.95703],[-57.80331,-34.96418],[-57.8959,-34.93044],[-57.93185,-34.90346]]]},"properties":{"fid":200,"Entidad":0,"Objeto":"Departamento","FNA":"Partido de La Plata","GNA":"Partido","NAM":"La Plata","SAG":"ARBA - Gerencia de Servicios Catastrales","FDC":null,"IN1":"06441","SHAPE_STAr":0.0879675676863,"SHAPE_STLe":1.67596731377}},{"type":"Feature","geometry":{"type":"Polygon","coordinates":[[[-57.94445,-37.0076],[-58.01067,-36.95872],[-57.94391,-36.8988],[-57.97236,-36.87782],[-57.91961,-36.83324],[-57.89164,-36.85449],[-57.74572,-36.73426],[-57.70711,-36.76301],[-57.66058,-36.72314],[-57.77636,-36.63453],[-57.76351,-36.62394],[-57.84853,-36.55517],[-57.77795,-36.49294],[-57.80981,-36.46702],[-57.77546,-36.43764],[-57.98732,-36.2774],[-58.18942,-36.45236],[-58.10146,-36.52129],[-58.12935,-36.5406],[-58.2037,-36.60791],[-58.22618,-36.62767],[-58.21763,-36.63514],[-58.11442,-36.72812],[-58.28654,-36.88103],[-58.01987,-37.07597],[-57.94445,-37.0076]]]},"properties":{"fid":21,"Entidad":0,"Objeto":"Departamento","FNA":"Partido de General Guido","GNA":"Partido","NAM":"General Guido","SAG":"ARBA - Gerencia de Servicios Catastrales","FDC":null,"IN1":"06308","SHAPE_STAr":0.234492164638,"SHAPE_STLe":2.69173633863}},{"type":"Feature","geometry":{"type":"Polygon","coordinates":[[[-58.01769,-34.78032],[-58.19465,-34.73569],[-58.26746,-34.77365],[-58.2385,-34.80041],[-58.19991,-34.81377],[-58.17987,-34.866],[-58.24741,-34.92359],[-58.21108,-34.95178],[-58.08363,-34.83514],[-58.01769,-34.78032]]]},"properties":{"fid":50,"Entidad":0,"Objeto":"Departamento","FNA":"Partido de Berazategui","GNA":"Partido","NAM":"Berazategui","SAG":"ARBA - Gerencia de Servicios Catastrales","FDC":null,"IN1":"06091","SHAPE_STAr":0.0217000659135,"SHAPE_STLe":0.815438562449}},{"type":"Feature","geometry":{"type":"Polygon","coordinates":[[[-57.48964,-35.81152],[-57.54379,-35.80558],[-57.61583,-35.77652],[-57.74143,-35.76913],[-57.86099,-35.68578],[-57.88737,-35.69987],[-57.89818,-35.6915],[-57.98031,-35.75732],[-58.01162,-35.7397],[-58.08004,-35.7869],[-58.09687,-35.77504],[-58.14589,-35.81934],[-58.13758,-35.82541],[-58.1639,-35.84889],[-58.16495,-35.86756],[-58.14723,-35.86657],[-58.13754,-35.90545],[-58.10252,-35.92167],[-58.1112,-35.93343],[-58.09067,-35.93923],[-58.09209,-35.94985],[-58.01624,-35.94535],[-58.00814,-35.96055],[-58.03474,-36.00229],[-58.02543,-36.03205],[-58.00434,-36.04214],[-57.98367,-36.01732],[-57.98331,-36.02872],[-57.95745,-36.02783],[-57.93943,-35.99301],[-57.91419,-35.99381],[-57.90409,-35.97355],[-57.84644,-35.96154],[-57.83292,-35.94371],[-57.77548,-35.93434],[-57.76385,-35.92199],[-57.72607,-35.91978],[-57.73245,-35.89647],[-57.71228,-35.87267],[-57.70766,-35.83228],[-57.68225,-35.83163],[-57.65627,-35.85006],[-57.64928,-35.83699],[-57.58803,-35.83073],[-57.56704,-35.857],[-57.51252,-35.82448],[-57.48897,-35.8263],[-57.48964,-35.81152]]]},"properties":{"fid":68,"Entidad":0,"Objeto":"Departamento","FNA":"Partido de Lezama","GNA":"Partido","NAM":"Lezama","SAG":"ARBA - Gerencia de Servicios Catastrales","FDC":null,"IN1":"06466","SHAPE_STAr":0.104501079281,"SHAPE_STLe":2.01772637118}},{"type":"Feature","geometry":{"type":"Polygon","coordinates":[[[-57.36497,-35.746],[-57.38674,-35.73665],[-57.40899,-35.74273],[-57.40206,-35.75749],[-57.42836,-35.77626],[-57.42428,-35.78422],[-57.45558,-35.77699],[-57.45865,-35.78905],[-57.47066,-35.7808],[-57.48964,-35.81152],[-57.48897,-35.8263],[-57.51252,-35.82448],[-57.56704,-35.857],[-57.58803,-35.83073],[-57.64928,-35.83699],[-57.65627,-35.85006],[-57.68225,-35.83163],[-57.70766,-35.83228],[-57.71228,-35.87267],[-57.73245,-35.89647],[-57.72607,-35.91978],[-57.76385,-35.92199],[-57.77548,-35.93434],[-57.83292,-35.94371],[-57.84644,-35.96154],[-57.90409,-35.97355],[-57.91419,-35.99381],[-57.93943,-35.99301],[-57.95745,-36.02783],[-57.98331,-36.02872],[-57.98367,-36.01732],[-58.00434,-36.04214],[-57.9668,-36.06463],[-58.09322,-36.15481],[-57.95972,-36.25292],[-57.97175,-36.26396],[-57.88351,-36.30214],[-57.87204,-36.26687],[-57.81586,-36.2784],[-57.7845,-36.17814],[-57.67096,-36.20333],[-57.64506,-36.10709],[-57.41785,-36.15762],[-57.20923,-36.19622],[-57.26658,-36.1379],[-57.27924,-36.13759],[-57.38245,-35.96674],[-57.36881,-35.9511],[-57.38972,-35.85317],[-57.36497,-35.746]]]},"properties":{"fid":191,"Entidad":0,"Objeto":"Departamento","FNA":"Partido de Castelli","GNA":"Partido","NAM":"Castelli","SAG":"ARBA - Gerencia de Servicios Catastrales","FDC":null,"IN1":"06168","SHAPE_STAr":0.211303397809,"SHAPE_STLe":3.14550081234}},{"type":"Feature","geometry":{"type":"Polygon","coordinates":[[[-57.3037,-35.19718],[-57.50846,-35.02471],[-57.59331,-34.99397],[-57.67484,-34.93617],[-57.70822,-34.93035],[-57.75236,-34.97066],[-57.96811,-35.15969],[-57.89014,-35.22214],[-58.03584,-35.344],[-58.025,-35.35378],[-57.9854,-35.32847],[-57.9472,-35.37195],[-57.91786,-35.37143],[-57.88871,-35.39202],[-57.87392,-35.38589],[-57.81452,-35.4419],[-57.79617,-35.44492],[-57.7268,-35.3493],[-57.68266,-35.3768],[-57.66464,-35.34228],[-57.64007,-35.35556],[-57.61339,-35.33306],[-57.66761,-35.29326],[-57.63298,-35.26086],[-57.60292,-35.26918],[-57.58138,-35.29413],[-57.60218,-35.36166],[-57.58887,-35.35002],[-57.57134,-35.36343],[-57.50315,-35.30201],[-57.54944,-35.29623],[-57.4929,-35.24359],[-57.46012,-35.26676],[-57.42564,-35.23463],[-57.40388,-35.25051],[-57.3037,-35.19718]]]},"properties":{"fid":34,"Entidad":0,"Objeto":"Departamento","FNA":"Partido de Magdalena","GNA":"Partido","NAM":"Magdalena","SAG":"ARBA - Gerencia de Servicios Catastrales","FDC":null,"IN1":"06505","SHAPE_STAr":0.183035884392,"SHAPE_STLe":2.58591077178}},{"type":"Feature","geometry":{"type":"Polygon","coordinates":[[[-57.34698,-35.71623],[-57.23437,-35.57591],[-57.15247,-35.4951],[-57.12784,-35.44477],[-57.14704,-35.38978],[-57.22306,-35.27315],[-57.3037,-35.19718],[-57.40388,-35.25051],[-57.42564,-35.23463],[-57.46012,-35.26676],[-57.4929,-35.24359],[-57.54944,-35.29623],[-57.50315,-35.30201],[-57.57134,-35.36343],[-57.58887,-35.35002],[-57.60218,-35.36166],[-57.58138,-35.29413],[-57.60292,-35.26918],[-57.63298,-35.26086],[-57.66761,-35.29326],[-57.61339,-35.33306],[-57.64007,-35.35556],[-57.66464,-35.34228],[-57.68266,-35.3768],[-57.7268,-35.3493],[-57.79617,-35.44492],[-57.77063,-35.43982],[-57.76631,-35.46368],[-57.68794,-35.48471],[-57.67075,-35.4635],[-57.63002,-35.4695],[-57.60856,-35.45837],[-57.55739,-35.4562],[-57.55083,-35.4697],[-57.52184,-35.47309],[-57.49324,-35.47206],[-57.48656,-35.46116],[-57.48086,-35.48754],[-57.46167,-35.49407],[-57.4699,-35.50057],[-57.43525,-35.51823],[-57.4585,-35.55676],[-57.46365,-35.59525],[-57.42636,-35.61579],[-57.43879,-35.63633],[-57.41661,-35.64463],[-57.41101,-35.66422],[-57.36587,-35.67743],[-57.38296,-35.6942],[-57.38092,-35.71285],[-57.34698,-35.71623]]]},"properties":{"fid":70,"Entidad":0,"Objeto":"Departamento","FNA":"Partido de Punta Indio","GNA":"Partido","NAM":"Punta Indio","SAG":"ARBA - Gerencia de Servicios Catastrales","FDC":null,"IN1":"06655","SHAPE_STAr":0.159337095052,"SHAPE_STLe":2.79816869217}},{"type":"Feature","geometry":{"type":"Polygon","coordinates":[[[-56.77412,-36.32141],[-56.816,-36.33497],[-56.8755,-36.32903],[-56.90477,-36.33819],[-57.01424,-36.32759],[-57.01549,-36.34164],[-57.06466,-36.3856],[-57.04029,-36.42919],[-57.07442,-36.43875],[-57.08253,-36.45371],[-57.09874,-36.44213],[-57.17615,-36.51281],[-57.16477,-36.521],[-57.32878,-36.66916],[-57.17582,-36.78442],[-57.1062,-36.83595],[-57.08975,-36.82952],[-56.99718,-36.86182],[-56.99154,-36.88948],[-57.00592,-36.90971],[-56.97939,-36.90336],[-56.98515,-36.94953],[-56.94007,-36.95936],[-56.95493,-36.98906],[-56.94698,-36.99509],[-56.81949,-37.0252],[-56.81931,-37.02492],[-56.69792,-36.85388],[-56.71242,-36.82063],[-56.70074,-36.70546],[-56.71561,-36.56016],[-56.74189,-36.5314],[-56.715,-36.53322],[-56.71063,-36.43283],[-56.73936,-36.3886],[-56.7273,-36.36647],[-56.77593,-36.3383],[-56.75282,-36.338],[-56.77412,-36.32141]]]},"properties":{"fid":32,"Entidad":0,"Objeto":"Departamento","FNA":"Partido de General Lavalle","GNA":"Partido","NAM":"General Lavalle","SAG":"ARBA - Gerencia de Servicios Catastrales","FDC":null,"IN1":"06336","SHAPE_STAr":0.272563785859,"SHAPE_STLe":2.53877749848}},{"type":"Feature","geometry":{"type":"Polygon","coordinates":[[[-56.90913,-37.18903],[-56.79024,-37.03413],[-56.81931,-37.02492],[-56.81949,-37.0252],[-56.94955,-37.18458],[-56.90913,-37.18903]]]},"properties":{"fid":31,"Entidad":0,"Objeto":"Departamento","FNA":"Partido de Pinamar","GNA":"Partido","NAM":"Pinamar","SAG":"ARBA - Gerencia de Servicios Catastrales","FDC":null,"IN1":"06644","SHAPE_STAr":0.00665705211918,"SHAPE_STLe":0.482897127183}},{"type":"Feature","geometry":{"type":"Polygon","coordinates":[[[-56.79024,-37.03413],[-56.66499,-36.87147],[-56.70024,-36.4122],[-56.73168,-36.32598],[-56.77683,-36.29308],[-56.77412,-36.32141],[-56.75282,-36.338],[-56.77593,-36.3383],[-56.7273,-36.36647],[-56.73936,-36.3886],[-56.71063,-36.43283],[-56.715,-36.53322],[-56.74189,-36.5314],[-56.71561,-36.56016],[-56.70074,-36.70546],[-56.71242,-36.82063],[-56.69792,-36.85388],[-56.81931,-37.02492],[-56.79024,-37.03413]]]},"properties":{"fid":33,"Entidad":0,"Objeto":"Departamento","FNA":"Partido de La Costa","GNA":"Partido","NAM":"La Costa","SAG":"ARBA - Gerencia de Servicios Catastrales","FDC":null,"IN1":"06420","SHAPE_STAr":0.0235885049,"SHAPE_STLe":1.81719994828}},{"type":"Feature","geometry":{"type":"Polygon","coordinates":[[[-57.41785,-36.15762],[-57.64506,-36.10709],[-57.67096,-36.20333],[-57.7845,-36.17814],[-57.81586,-36.2784],[-57.87204,-36.26687],[-57.88351,-36.30214],[-57.97175,-36.26396],[-57.98732,-36.2774],[-57.77546,-36.43764],[-57.80981,-36.46702],[-57.77795,-36.49294],[-57.84853,-36.55517],[-57.76351,-36.62394],[-57.77636,-36.63453],[-57.66058,-36.72314],[-57.65398,-36.7281],[-57.49374,-36.58136],[-57.46436,-36.57093],[-57.39923,-36.51308],[-57.44366,-36.47943],[-57.42006,-36.46009],[-57.39933,-36.41582],[-57.34298,-36.36617],[-57.47326,-36.34034],[-57.41785,-36.15762]]]},"properties":{"fid":258,"Entidad":0,"Objeto":"Departamento","FNA":"Partido de Dolores","GNA":"Partido","NAM":"Dolores","SAG":"ARBA - Gerencia de Servicios Catastrales","FDC":null,"IN1":"06238","SHAPE_STAr":0.198658671272,"SHAPE_STLe":2.37508001026}},{"type":"Feature","geometry":{"type":"Polygon","coordinates":[[[-57.87695,-34.82772],[-57.94734,-34.83348],[-58.01769,-34.78032],[-58.08363,-34.83514],[-57.99087,-34.87968],[-57.9746,-34.87237],[-57.93185,-34.90346],[-57.90055,-34.87486],[-57.87695,-34.82772]]]},"properties":{"fid":264,"Entidad":0,"Objeto":"Departamento","FNA":"Partido de Ensenada","GNA":"Partido","NAM":"Ensenada","SAG":"ARBA - Gerencia de Servicios Catastrales","FDC":null,"IN1":"06245","SHAPE_STAr":0.0111873121395,"SHAPE_STLe":0.54712348464}},{"type":"Feature","geometry":{"type":"Polygon","coordinates":[[[-57.70822,-34.93035],[-57.77178,-34.90258],[-57.87695,-34.82772],[-57.90055,-34.87486],[-57.93185,-34.90346],[-57.8959,-34.93044],[-57.80331,-34.96418],[-57.77075,-34.95703],[-57.75236,-34.97066],[-57.70822,-34.93035]]]},"properties":{"fid":273,"Entidad":0,"Objeto":"Departamento","FNA":"Partido de Berisso","GNA":"Partido","NAM":"Berisso","SAG":"ARBA - Gerencia de Servicios Catastrales","FDC":null,"IN1":"06098","SHAPE_STAr":0.0142488036889,"SHAPE_STLe":0.580432362244}},{"type":"Feature","geometry":{"type":"Polygon","coordinates":[[[-57.01424,-36.32759],[-57.11519,-36.28015],[-57.20923,-36.19622],[-57.41785,-36.15762],[-57.47326,-36.34034],[-57.34298,-36.36617],[-57.39933,-36.41582],[-57.42006,-36.46009],[-57.44366,-36.47943],[-57.39923,-36.51308],[-57.46436,-36.57093],[-57.32878,-36.66916],[-57.16477,-36.521],[-57.17615,-36.51281],[-57.09874,-36.44213],[-57.08253,-36.45371],[-57.07442,-36.43875],[-57.04029,-36.42919],[-57.06466,-36.3856],[-57.01549,-36.34164],[-57.01424,-36.32759]]]},"properties":{"fid":274,"Entidad":0,"Objeto":"Departamento","FNA":"Partido de Tordillo","GNA":"Partido","NAM":"Tordillo","SAG":"ARBA - Gerencia de Servicios Catastrales","FDC":null,"IN1":"06812","SHAPE_STAr":0.134040049095,"SHAPE_STLe":1.87712685652}},{"type":"Feature","geometry":{"type":"Polygon","coordinates":[[[-58.42383,-34.66228],[-58.44691,-34.68878],[-58.41327,-34.73286],[-58.36668,-34.74555],[-58.34696,-34.73934],[-58.33351,-34.72698],[-58.40254,-34.65999],[-58.42383,-34.66228]]]},"properties":{"fid":499,"Entidad":0,"Objeto":"Departamento","FNA":"Partido de Lanús","GNA":"Partido","NAM":"Lanús","SAG":"ARBA - Gerencia de Servicios Catastrales","FDC":null,"IN1":"06434","SHAPE_STAr":0.00494161144953,"SHAPE_STLe":0.310365261561}},{"type":"Feature","geometry":{"type":"Polygon","coordinates":[[[-65.77125,-31.36823],[-66.26526,-31.20318],[-66.3411,-31.25814],[-66.35679,-31.43122],[-66.29307,-31.53656],[-66.2847,-31.62564],[-66.26079,-31.68546],[-66.31119,-31.82695],[-66.50526,-31.76711],[-66.82526,-31.76135],[-66.77751,-31.83992],[-66.66179,-31.92054],[-66.60454,-31.92338],[-66.60475,-31.93412],[-66.56655,-31.95045],[-66.34978,-31.99769],[-66.3381,-31.94372],[-66.29963,-31.93107],[-66.16023,-31.96353],[-66.16115,-31.9385],[-66.14434,-31.93698],[-66.0795,-31.97135],[-66.06924,-31.93647],[-65.97903,-31.88916],[-65.91421,-31.91001],[-65.82507,-31.89707],[-65.77008,-31.88864],[-65.77041,-31.74334],[-65.77125,-31.36823]]]},"properties":{"fid":303,"Entidad":0,"Objeto":"Departamento","FNA":"Departamento General San Martín","GNA":"Departamento","NAM":"General San Martín","SAG":"IGN","FDC":null,"IN1":"46091","SHAPE_STAr":0.425575139231,"SHAPE_STLe":3.55313217502}},{"type":"Feature","geometry":{"type":"Polygon","coordinates":[[[-64.92332,-31.41239],[-64.98635,-31.39903],[-65.06651,-31.41353],[-65.12605,-31.43638],[-65.1335,-31.4506],[-65.17195,-31.45331],[-65.18206,-31.49039],[-65.16648,-31.49082],[-65.16652,-31.55958],[-65.25071,-31.56703],[-65.25201,-31.62075],[-65.23551,-31.62104],[-65.23681,-31.67548],[-65.26129,-31.67369],[-65.2734,-31.64983],[-65.39947,-31.64904],[-65.39927,-31.62013],[-65.46926,-31.61985],[-65.4701,-31.69103],[-65.48456,-31.69107],[-65.50223,-31.75937],[-65.61556,-31.75835],[-65.6119,-31.74553],[-65.77041,-31.74334],[-65.77008,-31.88864],[-65.62848,-31.8983],[-65.60636,-31.90832],[-65.60585,-31.89547],[-65.55047,-31.89624],[-65.55064,-31.90692],[-65.35263,-31.90423],[-65.35227,-31.92061],[-65.25199,-31.9484],[-65.21041,-31.94239],[-65.20413,-31.93073],[-65.18125,-31.94005],[-65.17398,-31.9258],[-65.1057,-31.91578],[-65.04497,-31.87202],[-65.01873,-31.87859],[-64.9956,-31.86],[-64.92882,-31.90929],[-64.8847,-31.84671],[-64.88733,-31.82806],[-64.78352,-31.82665],[-64.75997,-31.75987],[-64.72686,-31.73537],[-64.71581,-31.67625],[-64.72774,-31.67653],[-64.77244,-31.56011],[-64.75137,-31.51612],[-64.78377,-31.50463],[-64.79296,-31.42469],[-64.83168,-31.41791],[-64.8316,-31.40904],[-64.92332,-31.41239]]]},"properties":{"fid":91,"Entidad":0,"Objeto":"Departamento","FNA":"Departamento San Alberto","GNA":"Departamento","NAM":"San Alberto","SAG":"IDE Cordoba","FDC":"Catastro","IN1":"14126","SHAPE_STAr":0.322538120918,"SHAPE_STLe":3.40693394393}},{"type":"Feature","geometry":{"type":"Polygon","coordinates":[[[-66.48067,-31.09575],[-67.09986,-31.08359],[-67.12575,-31.1607],[-67.0753,-31.22745],[-67.10909,-31.38283],[-67.07827,-31.43397],[-67.07241,-31.44369],[-66.95853,-31.63267],[-66.87519,-31.63267],[-66.82526,-31.76135],[-66.50526,-31.76711],[-66.31119,-31.82695],[-66.26079,-31.68546],[-66.2847,-31.62564],[-66.29307,-31.53656],[-66.35679,-31.43122],[-66.3411,-31.25814],[-66.26526,-31.20318],[-66.30808,-31.18865],[-66.41927,-31.18753],[-66.42763,-31.13614],[-66.463,-31.09605],[-66.48067,-31.09575]]]},"properties":{"fid":302,"Entidad":0,"Objeto":"Departamento","FNA":"Departamento Rosario Vera Peñaloza","GNA":"Departamento","NAM":"Rosario Vera Peñaloza","SAG":"IGN","FDC":null,"IN1":"46112","SHAPE_STAr":0.476811652972,"SHAPE_STLe":2.9627610737}},{"type":"Feature","geometry":{"type":"Polygon","coordinates":[[[-64.89944,-31.27688],[-65.7715,-31.2614],[-65.77125,-31.36823],[-65.77041,-31.74334],[-65.6119,-31.74553],[-65.61556,-31.75835],[-65.50223,-31.75937],[-65.48456,-31.69107],[-65.4701,-31.69103],[-65.46926,-31.61985],[-65.39927,-31.62013],[-65.39947,-31.64904],[-65.2734,-31.64983],[-65.26129,-31.67369],[-65.23681,-31.67548],[-65.23551,-31.62104],[-65.25201,-31.62075],[-65.25071,-31.56703],[-65.16652,-31.55958],[-65.16648,-31.49082],[-65.18206,-31.49039],[-65.17195,-31.45331],[-65.1335,-31.4506],[-65.12605,-31.43638],[-65.06651,-31.41353],[-64.98635,-31.39903],[-64.92332,-31.41239],[-64.90949,-31.3993],[-64.89979,-31.346],[-64.89944,-31.27688]]]},"properties":{"fid":90,"Entidad":0,"Objeto":"Departamento","FNA":"Departamento Pocho","GNA":"Departamento","NAM":"Pocho","SAG":"IDE Cordoba","FDC":"Catastro","IN1":"14077","SHAPE_STAr":0.291165873793,"SHAPE_STLe":2.85539819875}},{"type":"Feature","geometry":{"type":"Polygon","coordinates":[[[-64.9894,-30.01506],[-64.98596,-29.89106],[-65.15827,-30.04727],[-65.42298,-30.1196],[-65.49057,-30.37172],[-65.5208,-30.48453],[-65.59813,-30.65695],[-65.37348,-30.69318],[-65.34701,-30.73785],[-65.34817,-30.84625],[-65.33502,-30.88248],[-65.15812,-30.87428],[-65.15233,-30.94682],[-65.1094,-31.00211],[-65.11949,-31.02117],[-65.10517,-31.04035],[-65.10298,-31.07751],[-65.09032,-31.08447],[-65.07929,-31.0685],[-65.06839,-31.07021],[-64.94025,-31.16704],[-64.90537,-31.22139],[-64.89944,-31.27688],[-64.89979,-31.346],[-64.90949,-31.3993],[-64.92332,-31.41239],[-64.8316,-31.40904],[-64.83168,-31.41791],[-64.79296,-31.42469],[-64.76138,-31.42243],[-64.74917,-31.35429],[-64.72116,-31.28901],[-64.70051,-31.27762],[-64.71117,-31.26188],[-64.69626,-31.22397],[-64.70407,-31.17879],[-64.67752,-31.13726],[-64.67742,-31.07149],[-64.64272,-31.04522],[-64.64798,-31.0104],[-64.68738,-31.01782],[-64.67611,-30.97189],[-64.69986,-30.94942],[-64.67455,-30.94365],[-64.67453,-30.92191],[-64.64817,-30.92225],[-64.64469,-30.85624],[-64.66486,-30.84664],[-64.67099,-30.82878],[-64.61974,-30.77122],[-64.6243,-30.69011],[-64.7147,-30.68994],[-64.71485,-30.63413],[-64.87529,-30.63423],[-65.03347,-30.47506],[-65.05924,-30.43019],[-65.06526,-30.41867],[-65.00187,-30.41852],[-65.00408,-30.22612],[-64.9894,-30.01506]]]},"properties":{"fid":86,"Entidad":0,"Objeto":"Departamento","FNA":"Departamento Cruz del Eje","GNA":"Departamento","NAM":"Cruz del Eje","SAG":"IDE Cordoba","FDC":"Catastro","IN1":"14028","SHAPE_STAr":0.641923778555,"SHAPE_STLe":4.97756437543}},{"type":"Feature","geometry":{"type":"Polygon","coordinates":[[[-65.64167,-30.754],[-66.35328,-30.74772],[-66.3257,-30.7929],[-66.39016,-30.84883],[-66.41143,-30.93892],[-66.4899,-30.98694],[-66.48067,-31.09575],[-66.463,-31.09605],[-66.42763,-31.13614],[-66.41927,-31.18753],[-66.30808,-31.18865],[-66.26526,-31.20318],[-65.77125,-31.36823],[-65.7715,-31.2614],[-65.77198,-31.04452],[-65.64167,-30.754]]]},"properties":{"fid":65,"Entidad":0,"Objeto":"Departamento","FNA":"Departamento General Ocampo","GNA":"Departamento","NAM":"General Ocampo","SAG":"IGN","FDC":null,"IN1":"46084","SHAPE_STAr":0.353035495755,"SHAPE_STLe":2.58683658358}},{"type":"Feature","geometry":{"type":"Polygon","coordinates":[[[-64.89944,-31.27688],[-64.90537,-31.22139],[-64.94025,-31.16704],[-65.06839,-31.07021],[-65.07929,-31.0685],[-65.09032,-31.08447],[-65.10298,-31.07751],[-65.10517,-31.04035],[-65.11949,-31.02117],[-65.1094,-31.00211],[-65.15233,-30.94682],[-65.15812,-30.87428],[-65.33502,-30.88248],[-65.34817,-30.84625],[-65.34701,-30.73785],[-65.37348,-30.69318],[-65.59813,-30.65695],[-65.64167,-30.754],[-65.77198,-31.04452],[-65.7715,-31.2614],[-64.89944,-31.27688]]]},"properties":{"fid":89,"Entidad":0,"Objeto":"Departamento","FNA":"Departamento Minas","GNA":"Departamento","NAM":"Minas","SAG":"IDE Cordoba","FDC":"Catastro","IN1":"14070","SHAPE_STAr":0.337343178693,"SHAPE_STLe":2.75783824151}},{"type":"Feature","geometry":{"type":"Polygon","coordinates":[[[-67.50785,-30.51568],[-67.41949,-30.61997],[-67.28279,-30.69528],[-67.12884,-30.89563],[-67.0853,-30.91419],[-67.11242,-31.01056],[-67.0922,-31.06076],[-67.09986,-31.08359],[-66.48067,-31.09575],[-66.4899,-30.98694],[-66.41143,-30.93892],[-66.39016,-30.84883],[-66.3257,-30.7929],[-66.35328,-30.74772],[-66.38471,-30.6767],[-66.58244,-30.73953],[-66.61581,-30.67456],[-66.74837,-30.63152],[-66.77869,-30.57349],[-66.7813,-30.53471],[-66.91708,-30.53126],[-67.50785,-30.51568]]]},"properties":{"fid":301,"Entidad":0,"Objeto":"Departamento","FNA":"Departamento General Juan F. Quiroga","GNA":"Departamento","NAM":"General Juan F. Quiroga","SAG":"IGN","FDC":null,"IN1":"46070","SHAPE_STAr":0.406300389698,"SHAPE_STLe":3.16404563004}},{"type":"Feature","geometry":{"type":"Polygon","coordinates":[[[-65.49057,-30.37172],[-65.99757,-30.39359],[-66.23236,-30.52663],[-66.3718,-30.5097],[-66.37157,-30.53065],[-66.42028,-30.61373],[-66.4167,-30.63889],[-66.38471,-30.6767],[-66.35328,-30.74772],[-65.64167,-30.754],[-65.59813,-30.65695],[-65.5208,-30.48453],[-65.49057,-30.37172]]]},"properties":{"fid":121,"Entidad":0,"Objeto":"Departamento","FNA":"Departamento General Belgrano","GNA":"Departamento","NAM":"General Belgrano","SAG":"IGN","FDC":null,"IN1":"46063","SHAPE_STAr":0.265294151001,"SHAPE_STLe":2.31685713284}},{"type":"Feature","geometry":{"type":"Polygon","coordinates":[[[-66.48224,-30.18642],[-66.52559,-30.14715],[-66.63225,-30.11019],[-66.60916,-29.84908],[-66.84724,-29.82966],[-66.8611,-30.00254],[-66.87799,-30.03718],[-66.85656,-30.1151],[-66.86101,-30.40358],[-66.90022,-30.46692],[-66.91708,-30.53126],[-66.7813,-30.53471],[-66.77869,-30.57349],[-66.74837,-30.63152],[-66.61581,-30.67456],[-66.58244,-30.73953],[-66.38471,-30.6767],[-66.4167,-30.63889],[-66.42028,-30.61373],[-66.37157,-30.53065],[-66.3718,-30.5097],[-66.40211,-30.47125],[-66.50101,-30.26815],[-66.48224,-30.18642]]]},"properties":{"fid":299,"Entidad":0,"Objeto":"Departamento","FNA":"Departamento General Ángel V. Peñaloza","GNA":"Departamento","NAM":"General  Angel V. Peñaloza","SAG":"IGN","FDC":null,"IN1":"46056","SHAPE_STAr":0.293251807139,"SHAPE_STLe":2.6167605734}},{"type":"Feature","geometry":{"type":"Polygon","coordinates":[[[-66.97627,-29.81896],[-67.5368,-29.78614],[-67.61253,-29.65604],[-67.81704,-29.80133],[-67.99199,-29.97924],[-67.90918,-30.05175],[-67.8983,-30.0743],[-67.87736,-30.07513],[-67.85702,-30.10047],[-67.68635,-30.21487],[-67.67344,-30.23652],[-67.59087,-30.29815],[-67.57862,-30.40296],[-67.50785,-30.51568],[-66.91708,-30.53126],[-66.90022,-30.46692],[-66.86101,-30.40358],[-66.85656,-30.1151],[-66.87799,-30.03718],[-66.8611,-30.00254],[-66.84724,-29.82966],[-66.97627,-29.81896]]]},"properties":{"fid":64,"Entidad":0,"Objeto":"Departamento","FNA":"Departamento Independencia","GNA":"Departamento","NAM":"Independencia","SAG":"IGN","FDC":null,"IN1":"46105","SHAPE_STAr":0.657565623904,"SHAPE_STLe":3.47619460222}},{"type":"Feature","geometry":{"type":"Polygon","coordinates":[[[-65.54493,-29.82772],[-65.7008,-29.82706],[-66.43027,-30.02431],[-66.48224,-30.18642],[-66.50101,-30.26815],[-66.40211,-30.47125],[-66.3718,-30.5097],[-66.23236,-30.52663],[-65.99757,-30.39359],[-65.49057,-30.37172],[-65.42298,-30.1196],[-65.54493,-29.82772]]]},"properties":{"fid":66,"Entidad":0,"Objeto":"Departamento","FNA":"Departamento Chamical","GNA":"Departamento","NAM":"Chamical","SAG":"IGN","FDC":null,"IN1":"46035","SHAPE_STAr":0.51620450386,"SHAPE_STLe":2.94010920365}},{"type":"Feature","geometry":{"type":"Polygon","coordinates":[[[-66.40987,-28.81421],[-66.38928,-28.802],[-66.35295,-28.73289],[-66.73471,-28.85231],[-66.77542,-29.04904],[-66.79973,-29.07145],[-66.83217,-29.15159],[-66.86219,-29.17443],[-66.8838,-29.20069],[-66.89809,-29.2544],[-66.92942,-29.28646],[-66.94599,-29.35731],[-66.9762,-29.39057],[-67.04807,-29.43281],[-67.07148,-29.4288],[-67.09004,-29.40551],[-67.10141,-29.43002],[-67.09555,-29.45915],[-67.04884,-29.50115],[-67.03027,-29.54485],[-67.05958,-29.63009],[-67.0559,-29.66379],[-67.02857,-29.75747],[-66.97627,-29.81896],[-66.84724,-29.82966],[-66.60916,-29.84908],[-66.63225,-30.11019],[-66.52559,-30.14715],[-66.48224,-30.18642],[-66.43027,-30.02431],[-65.7008,-29.82706],[-65.54493,-29.82772],[-65.58964,-29.72073],[-65.71946,-29.40999],[-65.71726,-29.32861],[-65.74816,-29.26969],[-65.81443,-29.26981],[-65.81467,-29.18093],[-66.09952,-28.94409],[-66.32819,-28.87598],[-66.3938,-28.86768],[-66.40987,-28.81421]]]},"properties":{"fid":125,"Entidad":0,"Objeto":"Departamento","FNA":"Departamento Capital","GNA":"Departamento","NAM":"Capital","SAG":"IGN","FDC":null,"IN1":"46014","SHAPE_STAr":1.24924098878,"SHAPE_STLe":5.14302146798}},{"type":"Feature","geometry":{"type":"Polygon","coordinates":[[[-65.18812,-28.61811],[-65.20665,-28.61427],[-65.21224,-28.59685],[-65.27148,-28.601],[-65.28101,-28.63903],[-65.31461,-28.63069],[-65.31083,-28.70246],[-65.33988,-28.69532],[-65.38018,-28.79689],[-65.31042,-28.81471],[-65.30546,-28.82591],[-65.36677,-28.93367],[-65.38384,-29.10236],[-65.41719,-29.14465],[-65.45662,-29.15785],[-65.4775,-29.2128],[-65.50014,-29.22789],[-65.50574,-29.24647],[-65.49379,-29.26393],[-65.51024,-29.28511],[-65.51667,-29.33568],[-65.50571,-29.39625],[-65.51943,-29.4106],[-65.53144,-29.47169],[-65.51692,-29.48499],[-65.5354,-29.51572],[-65.52012,-29.60546],[-65.58964,-29.72073],[-65.54493,-29.82772],[-65.42298,-30.1196],[-65.15827,-30.04727],[-64.98596,-29.89106],[-64.93793,-29.84751],[-64.96405,-29.59609],[-64.82463,-29.5743],[-64.82594,-29.47365],[-64.78597,-29.4055],[-64.83807,-29.34255],[-64.84229,-29.31275],[-64.82475,-29.27378],[-64.78096,-29.26759],[-64.8376,-29.22857],[-64.85449,-29.1974],[-64.85984,-29.035],[-64.9066,-28.93245],[-64.91195,-28.88664],[-64.90113,-28.84131],[-64.9386,-28.80574],[-64.97727,-28.7892],[-65.01663,-28.73781],[-65.12718,-28.71615],[-65.13652,-28.64688],[-65.17346,-28.63296],[-65.17257,-28.61797],[-65.18812,-28.61811]]]},"properties":{"fid":75,"Entidad":0,"Objeto":"Departamento","FNA":"Departamento La Paz","GNA":"Departamento","NAM":"La Paz","SAG":"IDE Catamarca","FDC":null,"IN1":"10070","SHAPE_STAr":0.769932437307,"SHAPE_STLe":4.27106425129}},{"type":"Feature","geometry":{"type":"Polygon","coordinates":[[[-67.85344,-29.07709],[-68.24531,-29.22432],[-68.94818,-28.97106],[-68.93295,-28.98498],[-68.93247,-29.01794],[-68.91403,-29.02876],[-68.90784,-29.07041],[-68.92521,-29.08944],[-68.91118,-29.12466],[-68.93378,-29.14917],[-68.93342,-29.16463],[-68.95853,-29.16416],[-68.96876,-29.14619],[-69.00124,-29.18664],[-68.97911,-29.23054],[-68.9891,-29.27397],[-68.95911,-29.28419],[-68.96186,-29.30657],[-68.96424,-29.31751],[-68.96805,-29.31632],[-68.97554,-29.31692],[-68.98553,-29.32846],[-68.97637,-29.36772],[-68.98218,-29.3725],[-68.9985,-29.39639],[-68.99767,-29.41388],[-68.99279,-29.41709],[-68.98664,-29.42006],[-68.98173,-29.42197],[-68.97863,-29.42506],[-68.97697,-29.43327],[-68.97449,-29.44215],[-68.97364,-29.44517],[-68.98292,-29.46623],[-68.98422,-29.47194],[-68.98815,-29.47813],[-68.99279,-29.47337],[-68.996,-29.46789],[-68.99713,-29.46697],[-69.00124,-29.47753],[-69.0029,-29.48051],[-69.03372,-29.53297],[-69.01984,-29.6321],[-69.01933,-29.63252],[-68.95746,-29.65754],[-68.93735,-29.65087],[-68.93556,-29.61982],[-68.90784,-29.61982],[-68.8834,-29.59192],[-68.88726,-29.62173],[-68.86311,-29.63505],[-68.79327,-29.62351],[-68.71285,-29.6291],[-68.68299,-29.64641],[-68.56734,-29.63696],[-68.46771,-29.64429],[-68.25879,-29.74673],[-68.25858,-29.74684],[-68.26777,-29.7586],[-68.25385,-29.78073],[-68.19258,-29.78656],[-68.18437,-29.84813],[-68.16367,-29.86413],[-68.15879,-29.88543],[-68.10706,-29.88421],[-68.05433,-29.9003],[-67.99199,-29.97924],[-67.81704,-29.80133],[-67.61253,-29.65604],[-67.72273,-29.44134],[-67.75424,-29.40361],[-67.76791,-29.3542],[-67.83044,-29.27382],[-67.85642,-29.17064],[-67.85344,-29.07709]]]},"properties":{"fid":237,"Entidad":0,"Objeto":"Departamento","FNA":"Departamento Coronel Felipe Varela","GNA":"Departamento","NAM":"Coronel Felipe Varela","SAG":"IGN","FDC":null,"IN1":"46028","SHAPE_STAr":0.769503481912,"SHAPE_STLe":4.62439984932}},{"type":"Feature","geometry":{"type":"Polygon","coordinates":[[[-67.09004,-29.40551],[-67.15063,-29.29551],[-67.18092,-29.27452],[-67.22164,-29.1746],[-67.21868,-29.13668],[-67.1991,-29.11339],[-67.21588,-29.01323],[-67.8352,-29.01464],[-67.85344,-29.07709],[-67.85642,-29.17064],[-67.83044,-29.27382],[-67.76791,-29.3542],[-67.75424,-29.40361],[-67.72273,-29.44134],[-67.61253,-29.65604],[-67.5368,-29.78614],[-66.97627,-29.81896],[-67.02857,-29.75747],[-67.0559,-29.66379],[-67.05958,-29.63009],[-67.03027,-29.54485],[-67.04884,-29.50115],[-67.09555,-29.45915],[-67.10141,-29.43002],[-67.09004,-29.40551]]]},"properties":{"fid":298,"Entidad":0,"Objeto":"Departamento","FNA":"Departamento Chilecito","GNA":"Departamento","NAM":"Chilecito","SAG":"IGN","FDC":null,"IN1":"46042","SHAPE_STAr":0.487299491436,"SHAPE_STLe":2.96959145092}},{"type":"Feature","geometry":{"type":"Polygon","coordinates":[[[-65.79132,-28.55627],[-65.89824,-28.48167],[-65.91849,-28.43621],[-65.93603,-28.43749],[-65.95095,-28.33554],[-65.98423,-28.34962],[-66.04263,-28.35147],[-66.05732,-28.36292],[-66.05787,-28.3979],[-66.04096,-28.43575],[-66.04918,-28.45004],[-66.08349,-28.45174],[-66.08258,-28.48187],[-66.1296,-28.49901],[-66.14762,-28.54481],[-66.18373,-28.56395],[-66.17789,-28.57964],[-66.21026,-28.63046],[-66.22996,-28.62116],[-66.2465,-28.63506],[-66.26422,-28.62905],[-66.27402,-28.66584],[-66.29717,-28.67924],[-66.3013,-28.72213],[-66.32354,-28.73225],[-66.33711,-28.80094],[-66.36537,-28.79508],[-66.39138,-28.82454],[-66.40987,-28.81421],[-66.3938,-28.86768],[-66.32819,-28.87598],[-66.09952,-28.94409],[-65.81467,-29.18093],[-65.81443,-29.26981],[-65.74816,-29.26969],[-65.71726,-29.32861],[-65.71946,-29.40999],[-65.58964,-29.72073],[-65.52012,-29.60546],[-65.56065,-29.5181],[-65.54758,-29.40993],[-65.56826,-29.349],[-65.60279,-29.2966],[-65.59554,-29.27615],[-65.60988,-29.25266],[-65.59718,-29.10549],[-65.58774,-29.09895],[-65.60778,-29.06853],[-65.60575,-29.02028],[-65.65116,-28.9274],[-65.6445,-28.89531],[-65.68116,-28.83086],[-65.68867,-28.78755],[-65.719,-28.76141],[-65.8518,-28.74501],[-65.79426,-28.66908],[-65.80921,-28.63352],[-65.80228,-28.59389],[-65.78948,-28.58398],[-65.79132,-28.55627]]]},"properties":{"fid":210,"Entidad":0,"Objeto":"Departamento","FNA":"Departamento Capayán","GNA":"Departamento","NAM":"Capayán","SAG":"IDE Catamarca","FDC":null,"IN1":"10042","SHAPE_STAr":0.401833867181,"SHAPE_STLe":4.29376202071}},{"type":"Feature","geometry":{"type":"Polygon","coordinates":[[[-65.27148,-28.601],[-65.28585,-28.60214],[-65.2909,-28.58827],[-65.34421,-28.5921],[-65.35781,-28.62561],[-65.38967,-28.63026],[-65.38846,-28.64065],[-65.42646,-28.66662],[-65.45492,-28.65833],[-65.45513,-28.63523],[-65.60995,-28.59601],[-65.61996,-28.56957],[-65.63052,-28.58662],[-65.62357,-28.6026],[-65.66254,-28.66418],[-65.66016,-28.68295],[-65.6739,-28.6882],[-65.65046,-28.77918],[-65.68251,-28.81576],[-65.68116,-28.83086],[-65.6445,-28.89531],[-65.65116,-28.9274],[-65.60575,-29.02028],[-65.60778,-29.06853],[-65.58774,-29.09895],[-65.59718,-29.10549],[-65.60988,-29.25266],[-65.59554,-29.27615],[-65.60279,-29.2966],[-65.56826,-29.349],[-65.54758,-29.40993],[-65.56065,-29.5181],[-65.52012,-29.60546],[-65.5354,-29.51572],[-65.51692,-29.48499],[-65.53144,-29.47169],[-65.51943,-29.4106],[-65.50571,-29.39625],[-65.51667,-29.33568],[-65.51024,-29.28511],[-65.49379,-29.26393],[-65.50574,-29.24647],[-65.50014,-29.22789],[-65.4775,-29.2128],[-65.45662,-29.15785],[-65.41719,-29.14465],[-65.38384,-29.10236],[-65.36677,-28.93367],[-65.30546,-28.82591],[-65.31042,-28.81471],[-65.38018,-28.79689],[-65.33988,-28.69532],[-65.31083,-28.70246],[-65.31461,-28.63069],[-65.28101,-28.63903],[-65.27148,-28.601]]]},"properties":{"fid":139,"Entidad":0,"Objeto":"Departamento","FNA":"Departamento Ancasti","GNA":"Departamento","NAM":"Ancasti","SAG":"IDE Catamarca","FDC":null,"IN1":"10014","SHAPE_STAr":0.18184205213,"SHAPE_STLe":3.13888542063}},{"type":"Feature","geometry":{"type":"Polygon","coordinates":[[[-66.86219,-29.17443],[-66.94329,-29.10899],[-66.96254,-29.00922],[-67.04443,-28.97111],[-67.14218,-28.84817],[-67.17481,-28.90553],[-67.20914,-28.971],[-67.21588,-29.01323],[-67.1991,-29.11339],[-67.21868,-29.13668],[-67.22164,-29.1746],[-67.18092,-29.27452],[-67.15063,-29.29551],[-67.09004,-29.40551],[-67.07148,-29.4288],[-67.04807,-29.43281],[-66.9762,-29.39057],[-66.94599,-29.35731],[-66.92942,-29.28646],[-66.89809,-29.2544],[-66.8838,-29.20069],[-66.86219,-29.17443]]]},"properties":{"fid":297,"Entidad":0,"Objeto":"Departamento","FNA":"Departamento Sanagasta","GNA":"Departamento","NAM":"Sanagasta","SAG":"IGN","FDC":null,"IN1":"46126","SHAPE_STAr":0.120943846843,"SHAPE_STLe":1.47854049764}},{"type":"Feature","geometry":{"type":"Polygon","coordinates":[[[-67.83548,-29.00802],[-68.01266,-28.90265],[-68.2188,-28.86913],[-69.46219,-28.19286],[-69.4784,-28.207],[-69.47442,-28.23717],[-69.50267,-28.26431],[-69.49913,-28.28308],[-69.52357,-28.32966],[-69.58276,-28.35244],[-69.59695,-28.39203],[-69.62456,-28.37818],[-69.63497,-28.38408],[-69.62981,-28.39369],[-69.60571,-28.41901],[-69.55524,-28.40582],[-69.51883,-28.43122],[-69.49926,-28.41701],[-69.4697,-28.41552],[-69.42548,-28.45178],[-69.37874,-28.44913],[-69.31604,-28.41171],[-69.20239,-28.59637],[-69.21658,-28.60647],[-69.2098,-28.6816],[-69.16197,-28.76113],[-68.93684,-28.84974],[-68.9082,-28.86101],[-68.91094,-28.86274],[-68.9126,-28.86321],[-68.91831,-28.86345],[-68.92331,-28.87107],[-68.93342,-28.90765],[-68.96118,-28.93939],[-68.94818,-28.97106],[-68.24531,-29.22432],[-67.85344,-29.07709],[-67.8352,-29.01464],[-67.83548,-29.00802]]]},"properties":{"fid":81,"Entidad":0,"Objeto":"Departamento","FNA":"Departamento General Lamadrid","GNA":"Departamento","NAM":"General Lamadrid","SAG":"IGN","FDC":null,"IN1":"46077","SHAPE_STAr":0.566769427682,"SHAPE_STLe":4.65347735383}},{"type":"Feature","geometry":{"type":"Polygon","coordinates":[[[-66.73471,-28.85231],[-66.83662,-28.62795],[-67.01193,-28.60378],[-67.02319,-28.63577],[-67.06469,-28.65265],[-67.06866,-28.71863],[-67.14218,-28.84817],[-67.04443,-28.97111],[-66.96254,-29.00922],[-66.94329,-29.10899],[-66.86219,-29.17443],[-66.83217,-29.15159],[-66.79973,-29.07145],[-66.77542,-29.04904],[-66.73471,-28.85231]]]},"properties":{"fid":296,"Entidad":0,"Objeto":"Departamento","FNA":"Departamento Castro Barros","GNA":"Departamento","NAM":"Castro Barros","SAG":"IGN","FDC":null,"IN1":"46021","SHAPE_STAr":0.141276430826,"SHAPE_STLe":1.53314950231}},{"type":"Feature","geometry":{"type":"Polygon","coordinates":[[[-67.4464,-28.36802],[-67.69575,-28.31183],[-67.76124,-28.32992],[-67.75636,-28.35365],[-67.80276,-28.34788],[-67.81555,-28.37602],[-67.84482,-28.37519],[-67.84137,-28.31326],[-67.86073,-28.29417],[-67.87631,-28.36477],[-67.82976,-28.5355],[-67.87713,-28.76106],[-67.82471,-28.88128],[-67.83548,-29.00802],[-67.8352,-29.01464],[-67.21588,-29.01323],[-67.20914,-28.971],[-67.17481,-28.90553],[-67.22549,-28.85017],[-67.25805,-28.73811],[-67.26223,-28.53713],[-67.30007,-28.49814],[-67.43735,-28.41701],[-67.4464,-28.36802]]]},"properties":{"fid":304,"Entidad":0,"Objeto":"Departamento","FNA":"Departamento Famatina","GNA":"Departamento","NAM":"Famatina","SAG":"IGN","FDC":null,"IN1":"46049","SHAPE_STAr":0.385033575543,"SHAPE_STLe":2.71632066786}},{"type":"Feature","geometry":{"type":"Polygon","coordinates":[[[-67.86073,-28.29417],[-67.87183,-28.2713],[-67.89419,-28.25913],[-67.9052,-28.23307],[-67.89895,-28.21213],[-67.9121,-28.20851],[-67.91362,-28.1831],[-67.93024,-28.17222],[-67.91493,-28.1141],[-67.95051,-28.10898],[-68.02236,-28.12468],[-68.02463,-28.13932],[-68.05377,-28.13979],[-68.0715,-28.16252],[-68.10731,-28.17346],[-68.14122,-28.10184],[-68.16442,-28.11077],[-68.1831,-28.08602],[-68.23414,-28.08233],[-68.24615,-28.07115],[-68.27471,-28.09506],[-68.29541,-28.0686],[-68.28619,-28.02649],[-68.31201,-28.02447],[-68.33581,-28.0376],[-68.35169,-28.01721],[-68.39662,-28.00417],[-68.44,-28.02539],[-68.4567,-28.01559],[-68.44028,-27.87366],[-68.45831,-27.85199],[-68.51452,-27.83856],[-68.53915,-27.78538],[-68.53391,-27.7297],[-68.5434,-27.70978],[-68.56175,-27.73541],[-68.58234,-27.81976],[-68.62425,-27.79168],[-68.66518,-27.80988],[-68.71598,-27.81524],[-68.72954,-27.80584],[-68.72383,-27.78966],[-68.79901,-27.75568],[-69.09526,-27.79479],[-69.11032,-27.85224],[-69.13154,-27.8717],[-69.12302,-27.90146],[-69.15557,-27.93196],[-69.1733,-27.97143],[-69.23706,-27.96653],[-69.25131,-28.00449],[-69.26911,-28.01127],[-69.26312,-28.04673],[-69.30136,-28.07132],[-69.30739,-28.12885],[-69.33627,-28.16407],[-69.38178,-28.18179],[-69.39138,-28.22644],[-69.45201,-28.18418],[-69.46219,-28.19286],[-68.2188,-28.86913],[-68.01266,-28.90265],[-67.83548,-29.00802],[-67.82471,-28.88128],[-67.87713,-28.76106],[-67.82976,-28.5355],[-67.87631,-28.36477],[-67.86073,-28.29417]]]},"properties":{"fid":124,"Entidad":0,"Objeto":"Departamento","FNA":"Departamento Vinchina","GNA":"Departamento","NAM":"Vinchina","SAG":"IGN","FDC":null,"IN1":"46098","SHAPE_STAr":1.04971557234,"SHAPE_STLe":5.47952403365}},{"type":"Feature","geometry":{"type":"Polygon","coordinates":[[[-66.94256,-28.26617],[-67.02993,-28.25818],[-67.05705,-28.27329],[-67.07466,-28.27019],[-67.15544,-28.38441],[-67.3753,-28.38453],[-67.4464,-28.36802],[-67.43735,-28.41701],[-67.30007,-28.49814],[-67.26223,-28.53713],[-67.25805,-28.73811],[-67.22549,-28.85017],[-67.17481,-28.90553],[-67.14218,-28.84817],[-67.06866,-28.71863],[-67.06469,-28.65265],[-67.02319,-28.63577],[-67.01193,-28.60378],[-66.98789,-28.47552],[-67.02283,-28.35687],[-66.94256,-28.26617]]]},"properties":{"fid":305,"Entidad":0,"Objeto":"Departamento","FNA":"Departamento San Blas de Los Sauces","GNA":"Departamento","NAM":"San Blas de Los Sauces","SAG":"IGN","FDC":null,"IN1":"46119","SHAPE_STAr":0.132642566448,"SHAPE_STLe":1.99394629016}},{"type":"Feature","geometry":{"type":"Polygon","coordinates":[[[-66.35295,-28.73289],[-66.35388,-28.72054],[-66.37988,-28.71143],[-66.396,-28.677],[-66.49622,-28.62229],[-66.49627,-28.53134],[-66.5322,-28.53146],[-66.51501,-28.46626],[-66.57081,-28.28863],[-66.94256,-28.26617],[-67.02283,-28.35687],[-66.98789,-28.47552],[-67.01193,-28.60378],[-66.83662,-28.62795],[-66.73471,-28.85231],[-66.35295,-28.73289]]]},"properties":{"fid":67,"Entidad":0,"Objeto":"Departamento","FNA":"Departamento Arauco","GNA":"Departamento","NAM":"Arauco","SAG":"IGN","FDC":null,"IN1":"46007","SHAPE_STAr":0.23275138578,"SHAPE_STLe":2.16879789936}},{"type":"Feature","geometry":{"type":"Polygon","coordinates":[[[-66.0834,-27.78044],[-66.10625,-27.80242],[-66.15189,-27.80815],[-66.18369,-27.82736],[-66.25403,-27.82227],[-66.26542,-27.86729],[-66.38519,-27.86716],[-66.49192,-28.01883],[-66.74094,-28.01751],[-66.74117,-28.03338],[-66.84527,-28.03298],[-67.02993,-28.25818],[-66.94256,-28.26617],[-66.57081,-28.28863],[-66.51501,-28.46626],[-66.5322,-28.53146],[-66.49627,-28.53134],[-66.49622,-28.62229],[-66.396,-28.677],[-66.37988,-28.71143],[-66.35388,-28.72054],[-66.35295,-28.73289],[-66.38928,-28.802],[-66.40987,-28.81421],[-66.39138,-28.82454],[-66.36537,-28.79508],[-66.33711,-28.80094],[-66.32354,-28.73225],[-66.3013,-28.72213],[-66.29717,-28.67924],[-66.27402,-28.66584],[-66.26422,-28.62905],[-66.2465,-28.63506],[-66.22996,-28.62116],[-66.21026,-28.63046],[-66.17789,-28.57964],[-66.18373,-28.56395],[-66.14762,-28.54481],[-66.1296,-28.49901],[-66.08258,-28.48187],[-66.08349,-28.45174],[-66.04918,-28.45004],[-66.04096,-28.43575],[-66.05787,-28.3979],[-66.05732,-28.36292],[-66.04263,-28.35147],[-66.05514,-28.30945],[-66.02207,-28.19792],[-66.03942,-28.17318],[-66.02891,-28.13405],[-66.04524,-28.12452],[-66.04157,-28.10012],[-66.08673,-28.01256],[-66.07881,-27.97972],[-66.09578,-27.97414],[-66.04905,-27.90275],[-66.06933,-27.8353],[-66.086,-27.82345],[-66.0834,-27.78044]]]},"properties":{"fid":147,"Entidad":0,"Objeto":"Departamento","FNA":"Departamento Pomán","GNA":"Departamento","NAM":"Pomán","SAG":"IDE Catamarca","FDC":null,"IN1":"10084","SHAPE_STAr":0.460862516754,"SHAPE_STLe":4.05401676481}},{"type":"Feature","geometry":{"type":"Polygon","coordinates":[[[-65.10474,-28.32224],[-65.14164,-28.32006],[-65.14533,-28.3325],[-65.17686,-28.33247],[-65.17781,-28.30874],[-65.2028,-28.29685],[-65.19516,-28.28136],[-65.24736,-28.28615],[-65.30883,-28.2059],[-65.32973,-28.22096],[-65.33571,-28.19848],[-65.36267,-28.21576],[-65.40136,-28.20609],[-65.39106,-28.16839],[-65.42555,-28.19001],[-65.45067,-28.1806],[-65.4701,-28.18673],[-65.50674,-28.23947],[-65.50748,-28.22985],[-65.57287,-28.23153],[-65.57363,-28.28699],[-65.55181,-28.33244],[-65.56024,-28.42077],[-65.60246,-28.49197],[-65.59989,-28.51974],[-65.61895,-28.54542],[-65.61996,-28.56957],[-65.60995,-28.59601],[-65.45513,-28.63523],[-65.45492,-28.65833],[-65.42646,-28.66662],[-65.38846,-28.64065],[-65.38967,-28.63026],[-65.35781,-28.62561],[-65.34421,-28.5921],[-65.2909,-28.58827],[-65.28585,-28.60214],[-65.27148,-28.601],[-65.21224,-28.59685],[-65.20665,-28.61427],[-65.18812,-28.61811],[-65.18462,-28.60057],[-65.12556,-28.61153],[-65.0969,-28.47101],[-65.10474,-28.32224]]]},"properties":{"fid":312,"Entidad":0,"Objeto":"Departamento","FNA":"Departamento El Alto","GNA":"Departamento","NAM":"El Alto","SAG":"IDE Catamarca","FDC":null,"IN1":"10056","SHAPE_STAr":0.176402634741,"SHAPE_STLe":2.21100791601}},{"type":"Feature","geometry":{"type":"Polygon","coordinates":[[[-65.72717,-28.42814],[-65.72818,-28.38598],[-65.76061,-28.38125],[-65.81434,-28.26228],[-65.87585,-28.33257],[-65.88692,-28.31814],[-65.8932,-28.32892],[-65.95095,-28.33554],[-65.93603,-28.43749],[-65.91849,-28.43621],[-65.89824,-28.48167],[-65.79132,-28.55627],[-65.77748,-28.54012],[-65.76947,-28.48578],[-65.7302,-28.45382],[-65.72717,-28.42814]]]},"properties":{"fid":138,"Entidad":0,"Objeto":"Departamento","FNA":"Departamento Capital","GNA":"Departamento","NAM":"Capital","SAG":"IDE Catamarca","FDC":null,"IN1":"10049","SHAPE_STAr":0.0367076797815,"SHAPE_STLe":0.976263524515}},{"type":"Feature","geometry":{"type":"Polygon","coordinates":[[[-65.56088,-28.00626],[-65.57655,-28.01368],[-65.60507,-27.99635],[-65.61814,-27.97145],[-65.66627,-27.97323],[-65.67471,-27.9285],[-65.69886,-27.8896],[-65.70391,-27.80809],[-65.7198,-27.81607],[-65.72135,-27.79751],[-65.75324,-27.76997],[-65.79779,-27.78573],[-65.79464,-27.80661],[-65.80642,-27.81634],[-65.80697,-27.88102],[-65.7839,-27.9234],[-65.76544,-28.00795],[-65.7657,-28.02126],[-65.79059,-28.03165],[-65.79083,-28.04741],[-65.7556,-28.10037],[-65.74884,-28.17883],[-65.7292,-28.23118],[-65.69947,-28.3165],[-65.66437,-28.33498],[-65.67277,-28.36445],[-65.66009,-28.3887],[-65.66556,-28.42109],[-65.56024,-28.42077],[-65.55181,-28.33244],[-65.57363,-28.28699],[-65.57287,-28.23153],[-65.58545,-28.14557],[-65.57219,-28.11973],[-65.56186,-28.12027],[-65.5758,-28.07691],[-65.56134,-28.04727],[-65.56088,-28.00626]]]},"properties":{"fid":310,"Entidad":0,"Objeto":"Departamento","FNA":"Departamento Paclín","GNA":"Departamento","NAM":"Paclín","SAG":"IDE Catamarca","FDC":null,"IN1":"10077","SHAPE_STAr":0.0904604398291,"SHAPE_STLe":1.92221625666}},{"type":"Feature","geometry":{"type":"Polygon","coordinates":[[[-65.66556,-28.42109],[-65.66009,-28.3887],[-65.67277,-28.36445],[-65.66437,-28.33498],[-65.69947,-28.3165],[-65.7292,-28.23118],[-65.75305,-28.24719],[-65.79718,-28.2445],[-65.81434,-28.26228],[-65.76061,-28.38125],[-65.72818,-28.38598],[-65.72717,-28.42814],[-65.68413,-28.4481],[-65.66556,-28.42109]]]},"properties":{"fid":345,"Entidad":0,"Objeto":"Departamento","FNA":"Departamento Fray Mamerto Esquiú","GNA":"Departamento","NAM":"Fray Mamerto Esquiú","SAG":"IDE Catamarca","FDC":null,"IN1":"10063","SHAPE_STAr":0.0171014536611,"SHAPE_STLe":0.757784135198}},{"type":"Feature","geometry":{"type":"Polygon","coordinates":[[[-65.61996,-28.56957],[-65.61895,-28.54542],[-65.59989,-28.51974],[-65.60246,-28.49197],[-65.56024,-28.42077],[-65.66556,-28.42109],[-65.68413,-28.4481],[-65.72717,-28.42814],[-65.7302,-28.45382],[-65.76947,-28.48578],[-65.77748,-28.54012],[-65.79132,-28.55627],[-65.78948,-28.58398],[-65.80228,-28.59389],[-65.80921,-28.63352],[-65.79426,-28.66908],[-65.8518,-28.74501],[-65.719,-28.76141],[-65.68867,-28.78755],[-65.68116,-28.83086],[-65.68251,-28.81576],[-65.65046,-28.77918],[-65.6739,-28.6882],[-65.66016,-28.68295],[-65.66254,-28.66418],[-65.62357,-28.6026],[-65.63052,-28.58662],[-65.61996,-28.56957]]]},"properties":{"fid":496,"Entidad":0,"Objeto":"Departamento","FNA":"Departamento Valle viejo","GNA":"Departamento","NAM":"Valle viejo","SAG":"IDE Catamarca","FDC":null,"IN1":"10112","SHAPE_STAr":0.0563045404266,"SHAPE_STLe":1.38771928592}},{"type":"Feature","geometry":{"type":"Polygon","coordinates":[[[-68.50358,-31.55065],[-68.50864,-31.50492],[-68.55891,-31.51089],[-68.56617,-31.54587],[-68.54725,-31.55457],[-68.52189,-31.56174],[-68.50358,-31.55065]]]},"properties":{"fid":511,"Entidad":0,"Objeto":"Departamento","FNA":"Departamento Capital","GNA":"Departamento","NAM":"Capital","SAG":"Direc. de Catastro","FDC":null,"IN1":"70028","SHAPE_STAr":0.00253521761761,"SHAPE_STLe":0.237023378146}},{"type":"Feature","geometry":{"type":"Polygon","coordinates":[[[-68.69488,-31.62121],[-68.63208,-31.6212],[-68.63183,-31.60389],[-68.60152,-31.57089],[-68.60851,-31.54361],[-68.54767,-31.56197],[-68.54725,-31.55457],[-68.56617,-31.54587],[-68.55891,-31.51089],[-68.6281,-31.51201],[-68.64209,-31.50247],[-68.65171,-31.47236],[-68.70776,-31.56376],[-68.6865,-31.5645],[-68.69866,-31.58943],[-68.69488,-31.62121]]]},"properties":{"fid":512,"Entidad":0,"Objeto":"Departamento","FNA":"Departamento Rivadavia","GNA":"Departamento","NAM":"Rivadavia","SAG":"Direc. de Catastro","FDC":null,"IN1":"70084","SHAPE_STAr":0.0114387396592,"SHAPE_STLe":0.619823541486}},{"type":"Feature","geometry":{"type":"Polygon","coordinates":[[[-68.41272,-31.53145],[-68.43066,-31.5082],[-68.47172,-31.49728],[-68.50864,-31.50492],[-68.50358,-31.55065],[-68.47324,-31.55643],[-68.4476,-31.57774],[-68.43154,-31.55118],[-68.41425,-31.55379],[-68.41272,-31.53145]]]},"properties":{"fid":513,"Entidad":0,"Objeto":"Departamento","FNA":"Departamento Santa Lucía","GNA":"Departamento","NAM":"Santa Lucía","SAG":"Direc. de Catastro","FDC":null,"IN1":"70098","SHAPE_STAr":0.00514145787182,"SHAPE_STLe":0.309873046843}},{"type":"Feature","geometry":{"type":"Polygon","coordinates":[[[-68.38007,-31.78886],[-68.39176,-31.78592],[-68.38127,-31.76477],[-68.39339,-31.75263],[-68.38384,-31.75108],[-68.41666,-31.72755],[-68.4229,-31.70035],[-68.41308,-31.69967],[-68.40843,-31.67125],[-68.4476,-31.57774],[-68.47324,-31.55643],[-68.50358,-31.55065],[-68.52189,-31.56174],[-68.54725,-31.55457],[-68.54767,-31.56197],[-68.60851,-31.54361],[-68.60152,-31.57089],[-68.51622,-31.59618],[-68.53222,-31.62991],[-68.50503,-31.63813],[-68.52048,-31.67181],[-68.49089,-31.79002],[-68.45413,-31.81767],[-68.41072,-31.8343],[-68.38459,-31.81669],[-68.38007,-31.78886]]]},"properties":{"fid":514,"Entidad":0,"Objeto":"Departamento","FNA":"Departamento Rawson","GNA":"Departamento","NAM":"Rawson","SAG":"Direc. de Catastro","FDC":null,"IN1":"70077","SHAPE_STAr":0.0271717054701,"SHAPE_STLe":1.06992010612}},{"type":"Feature","geometry":{"type":"Polygon","coordinates":[[[-68.60152,-31.57089],[-68.63183,-31.60389],[-68.63208,-31.6212],[-68.69488,-31.62121],[-68.71116,-31.64616],[-68.66372,-31.73941],[-68.67084,-31.85734],[-68.68891,-31.90717],[-68.54148,-31.87276],[-68.44317,-31.87543],[-68.43323,-31.88799],[-68.45413,-31.81767],[-68.49089,-31.79002],[-68.52048,-31.67181],[-68.50503,-31.63813],[-68.53222,-31.62991],[-68.51622,-31.59618],[-68.60152,-31.57089]]]},"properties":{"fid":515,"Entidad":0,"Objeto":"Departamento","FNA":"Departamento Pocito","GNA":"Departamento","NAM":"Pocito","SAG":"Direc. de Catastro","FDC":null,"IN1":"70070","SHAPE_STAr":0.0546187742156,"SHAPE_STLe":1.15179159276}},{"type":"Feature","geometry":{"type":"Polygon","coordinates":[[[-68.65171,-31.47236],[-68.67776,-31.49591],[-68.80548,-31.52029],[-68.8575,-31.51142],[-68.99536,-31.52],[-69.00555,-31.36504],[-69.03224,-31.31661],[-69.10843,-31.28129],[-69.11081,-31.26231],[-69.19617,-31.24694],[-69.21193,-31.25572],[-69.20694,-31.32211],[-69.21864,-31.3404],[-69.19905,-31.37805],[-69.21608,-31.40168],[-69.20514,-31.43141],[-69.2192,-31.45619],[-69.20328,-31.50927],[-69.18843,-31.51521],[-69.19104,-31.53123],[-69.15723,-31.58149],[-69.16207,-31.72549],[-69.13463,-31.75864],[-69.13459,-31.78453],[-69.10231,-31.85026],[-69.11764,-31.90806],[-68.68891,-31.90717],[-68.67084,-31.85734],[-68.66372,-31.73941],[-68.71116,-31.64616],[-68.69488,-31.62121],[-68.69866,-31.58943],[-68.6865,-31.5645],[-68.70776,-31.56376],[-68.65171,-31.47236]]]},"properties":{"fid":516,"Entidad":0,"Objeto":"Departamento","FNA":"Departamento Zonda","GNA":"Departamento","NAM":"Zonda","SAG":"Direc. de Catastro","FDC":null,"IN1":"70133","SHAPE_STAr":0.22998679869,"SHAPE_STLe":2.56826871001}},{"type":"Feature","geometry":{"type":"Polygon","coordinates":[[[-68.9849,-30.5518],[-69.06597,-30.55297],[-69.05435,-30.62692],[-69.11607,-30.6273],[-69.1206,-30.65034],[-69.08859,-30.72886],[-69.1041,-30.79533],[-69.12165,-30.83125],[-69.11668,-30.86599],[-69.14793,-30.92],[-69.14097,-30.94566],[-69.15934,-31.00921],[-69.21585,-31.09578],[-69.22608,-31.1492],[-69.25048,-31.18977],[-69.24606,-31.21455],[-69.21193,-31.25572],[-69.19617,-31.24694],[-69.11081,-31.26231],[-69.10843,-31.28129],[-69.03224,-31.31661],[-69.00555,-31.36504],[-68.99536,-31.52],[-68.8575,-31.51142],[-68.80548,-31.52029],[-68.67776,-31.49591],[-68.65171,-31.47236],[-68.64209,-31.50247],[-68.60524,-31.45065],[-68.58775,-31.35965],[-68.5483,-31.28711],[-68.53898,-31.17687],[-68.51243,-31.09965],[-68.51669,-31.06327],[-68.50006,-31.00435],[-68.75576,-31.00411],[-68.77261,-30.90498],[-68.76803,-30.8568],[-68.80037,-30.82926],[-68.79657,-30.80319],[-68.82013,-30.76121],[-68.8294,-30.691],[-68.80598,-30.6703],[-68.80132,-30.62397],[-68.78107,-30.59789],[-68.9849,-30.5518]]]},"properties":{"fid":517,"Entidad":0,"Objeto":"Departamento","FNA":"Departamento Ullum","GNA":"Departamento","NAM":"Ullum","SAG":"Direc. de Catastro","FDC":null,"IN1":"70112","SHAPE_STAr":0.423332200952,"SHAPE_STLe":3.32408124817}},{"type":"Feature","geometry":{"type":"Polygon","coordinates":[[[-68.46075,-31.46312],[-68.51874,-31.4577],[-68.61182,-31.50062],[-68.64209,-31.50247],[-68.6281,-31.51201],[-68.55891,-31.51089],[-68.50864,-31.50492],[-68.47172,-31.49728],[-68.43066,-31.5082],[-68.46075,-31.46312]]]},"properties":{"fid":518,"Entidad":0,"Objeto":"Departamento","FNA":"Departamento Chimbas","GNA":"Departamento","NAM":"Chimbas","SAG":"Direc. de Catastro","FDC":null,"IN1":"70042","SHAPE_STAr":0.00635380798595,"SHAPE_STLe":0.474262088526}},{"type":"Feature","geometry":{"type":"Polygon","coordinates":[[[-68.38007,-31.78886],[-68.36305,-31.75517],[-68.38073,-31.7445],[-68.34869,-31.71208],[-68.34689,-31.6947],[-68.33666,-31.66003],[-68.36485,-31.57122],[-68.41272,-31.53145],[-68.41425,-31.55379],[-68.43154,-31.55118],[-68.4476,-31.57774],[-68.40843,-31.67125],[-68.41308,-31.69967],[-68.4229,-31.70035],[-68.41666,-31.72755],[-68.38384,-31.75108],[-68.39339,-31.75263],[-68.38127,-31.76477],[-68.39176,-31.78592],[-68.38007,-31.78886]]]},"properties":{"fid":519,"Entidad":0,"Objeto":"Departamento","FNA":"Departamento 9 de Julio","GNA":"Departamento","NAM":"9 de Julio","SAG":"Direc. de Catastro","FDC":null,"IN1":"70063","SHAPE_STAr":0.014599760034,"SHAPE_STLe":0.842003498273}},{"type":"Feature","geometry":{"type":"Polygon","coordinates":[[[-68.46031,-31.45914],[-68.47006,-31.45366],[-68.41127,-31.3581],[-68.33431,-31.29419],[-68.33431,-30.92993],[-68.42573,-30.92949],[-68.42553,-30.95336],[-68.4833,-30.9818],[-68.50006,-31.00435],[-68.51669,-31.06327],[-68.51243,-31.09965],[-68.53898,-31.17687],[-68.5483,-31.28711],[-68.58775,-31.35965],[-68.60524,-31.45065],[-68.64209,-31.50247],[-68.61182,-31.50062],[-68.51874,-31.4577],[-68.46075,-31.46312],[-68.46031,-31.45914]]]},"properties":{"fid":520,"Entidad":0,"Objeto":"Departamento","FNA":"Departamento Albardón","GNA":"Departamento","NAM":"Albardón","SAG":"Direc. de Catastro","FDC":null,"IN1":"70007","SHAPE_STAr":0.0959930263646,"SHAPE_STLe":1.58000190505}},{"type":"Feature","geometry":{"type":"Polygon","coordinates":[[[-68.01931,-31.46199],[-68.0252,-31.45261],[-68.00436,-31.43323],[-67.97568,-31.41751],[-67.95325,-31.42272],[-67.93853,-31.40627],[-67.96713,-31.40195],[-67.9699,-31.37522],[-67.93561,-31.34674],[-67.92943,-31.29071],[-67.90357,-31.27067],[-67.91116,-31.19268],[-67.89704,-31.18124],[-67.91025,-31.16289],[-67.8942,-31.15067],[-67.89569,-31.11368],[-67.86759,-31.0588],[-67.81371,-31.01225],[-67.87525,-30.9307],[-68.33431,-30.92993],[-68.33431,-31.29419],[-68.41127,-31.3581],[-68.47006,-31.45366],[-68.46031,-31.45914],[-68.01931,-31.46199]]]},"properties":{"fid":521,"Entidad":0,"Objeto":"Departamento","FNA":"Departamento Angaco","GNA":"Departamento","NAM":"Angaco","SAG":"Direc. de Catastro","FDC":null,"IN1":"70014","SHAPE_STAr":0.241830869476,"SHAPE_STLe":2.27235484799}},{"type":"Feature","geometry":{"type":"Polygon","coordinates":[[[-68.46031,-31.45914],[-68.46075,-31.46312],[-68.43066,-31.5082],[-68.41272,-31.53145],[-68.36485,-31.57122],[-67.98393,-31.6305],[-68.03053,-31.56699],[-68.04068,-31.53006],[-68.01931,-31.46199],[-68.46031,-31.45914]]]},"properties":{"fid":522,"Entidad":0,"Objeto":"Departamento","FNA":"Departamento San Martín","GNA":"Departamento","NAM":"San Martín","SAG":"Direc. de Catastro","FDC":null,"IN1":"70091","SHAPE_STAr":0.0523349372811,"SHAPE_STLe":1.20359800442}},{"type":"Feature","geometry":{"type":"Polygon","coordinates":[[[-68.34689,-31.6947],[-67.23988,-31.88006],[-67.23871,-31.87954],[-67.13673,-31.83381],[-67.05,-31.85748],[-67.00593,-31.85535],[-66.8857,-31.89769],[-66.66179,-31.92054],[-66.77751,-31.83992],[-66.82526,-31.76135],[-66.87519,-31.63267],[-66.95853,-31.63267],[-67.07241,-31.44369],[-67.07825,-31.434],[-67.07931,-31.43416],[-67.12294,-31.43802],[-67.17609,-31.43803],[-67.28063,-31.4484],[-67.35416,-31.4093],[-67.38819,-31.35213],[-67.40894,-31.28971],[-67.40249,-31.2755],[-67.43929,-31.20944],[-67.43387,-31.13356],[-67.44498,-31.09752],[-67.46997,-31.08027],[-67.45158,-31.06236],[-67.49443,-31.03855],[-67.5077,-30.98852],[-67.49445,-30.97888],[-67.49746,-30.95551],[-67.53057,-30.92955],[-67.87525,-30.9307],[-67.81371,-31.01225],[-67.86759,-31.0588],[-67.89569,-31.11368],[-67.8942,-31.15067],[-67.91025,-31.16289],[-67.89704,-31.18124],[-67.91116,-31.19268],[-67.90357,-31.27067],[-67.92943,-31.29071],[-67.93561,-31.34674],[-67.9699,-31.37522],[-67.96713,-31.40195],[-67.93853,-31.40627],[-67.95325,-31.42272],[-67.97568,-31.41751],[-68.00436,-31.43323],[-68.0252,-31.45261],[-68.01931,-31.46199],[-68.04068,-31.53006],[-68.03053,-31.56699],[-67.98393,-31.6305],[-68.36485,-31.57122],[-68.33666,-31.66003],[-68.34689,-31.6947]]]},"properties":{"fid":523,"Entidad":0,"Objeto":"Departamento","FNA":"Departamento Caucete","GNA":"Departamento","NAM":"Caucete","SAG":"Direc. de Catastro","FDC":null,"IN1":"70035","SHAPE_STAr":0.717594189768,"SHAPE_STLe":5.23179219478}},{"type":"Feature","geometry":{"type":"Polygon","coordinates":[[[-69.88353,-30.27231],[-69.89549,-30.27288],[-69.90813,-30.318],[-69.89185,-30.35059],[-69.93513,-30.35821],[-69.95534,-30.3855],[-69.99455,-30.37879],[-70.02039,-30.3969],[-70.06321,-30.39436],[-70.10253,-30.36809],[-70.10658,-30.35206],[-70.14166,-30.34019],[-70.15467,-30.34667],[-70.1175,-30.43213],[-70.13627,-30.45884],[-70.19482,-30.49163],[-70.17939,-30.51232],[-70.19683,-30.53749],[-70.19069,-30.55069],[-70.20735,-30.55861],[-70.24664,-30.63421],[-70.25039,-30.66074],[-70.23937,-30.6678],[-70.25909,-30.70016],[-70.24609,-30.72852],[-70.26947,-30.74593],[-70.27298,-30.78057],[-70.28797,-30.78669],[-70.27974,-30.83069],[-70.29548,-30.84575],[-70.32282,-30.92803],[-70.31443,-30.95467],[-70.29337,-30.96999],[-70.29777,-31.02016],[-70.27715,-31.02146],[-70.2691,-31.04309],[-70.32165,-31.04349],[-70.36827,-31.10996],[-70.36056,-31.13571],[-70.40138,-31.16707],[-70.4323,-31.10171],[-70.45584,-31.0843],[-70.47562,-31.11425],[-70.49791,-31.1228],[-70.52434,-31.18982],[-70.51345,-31.19656],[-70.51534,-31.2324],[-70.53183,-31.24666],[-70.52698,-31.27855],[-70.54716,-31.31485],[-70.52762,-31.36424],[-70.53966,-31.38703],[-70.53197,-31.40774],[-70.56021,-31.41996],[-70.54869,-31.44874],[-70.56914,-31.47289],[-70.56658,-31.50233],[-70.55226,-31.51116],[-70.56738,-31.60013],[-70.54774,-31.60612],[-70.53178,-31.63805],[-70.50675,-31.65227],[-70.51294,-31.68978],[-70.46817,-31.69848],[-70.45797,-31.73334],[-70.47202,-31.75877],[-70.45097,-31.81037],[-70.46044,-31.84387],[-70.37686,-31.88482],[-70.28005,-31.88409],[-70.20932,-31.96041],[-70.20816,-31.978],[-70.24974,-31.99283],[-70.24826,-32.02386],[-70.26389,-32.03814],[-70.28337,-32.03831],[-70.28903,-32.05203],[-70.32874,-32.04929],[-70.36428,-32.02506],[-70.37985,-32.02622],[-70.38823,-32.0454],[-70.33519,-32.07044],[-70.35022,-32.08823],[-70.34166,-32.10864],[-70.30388,-32.13632],[-70.31726,-32.17701],[-70.30095,-32.20681],[-70.32332,-32.26651],[-70.28443,-32.29251],[-70.26247,-32.29165],[-70.22237,-32.325],[-70.22918,-32.36449],[-70.21733,-32.3822],[-70.23859,-32.40483],[-70.23665,-32.42929],[-70.21801,-32.42859],[-70.14875,-32.46567],[-70.12325,-32.53558],[-70.1262,-32.57415],[-70.09127,-32.60221],[-70.09032,-32.62184],[-70.06616,-32.62582],[-70.04166,-32.58508],[-70.02583,-32.57877],[-70.00418,-32.52833],[-69.84725,-32.57056],[-69.82822,-32.56354],[-69.82239,-32.54439],[-69.79086,-32.54677],[-69.75612,-32.50941],[-69.70496,-32.49644],[-69.68921,-32.43018],[-69.70413,-32.40364],[-69.73316,-32.39056],[-69.72554,-32.3206],[-69.68581,-32.30704],[-69.63096,-32.26004],[-69.60312,-32.21079],[-69.60026,-32.15392],[-69.58789,-32.13607],[-69.56077,-32.12941],[-69.55767,-32.14012],[-69.53114,-32.14095],[-69.50556,-32.11382],[-69.47713,-32.11037],[-69.45476,-32.07468],[-69.41669,-32.06695],[-69.39141,-32.07682],[-69.3786,-32.06421],[-69.31421,-32.09112],[-69.3003,-32.0744],[-69.2768,-32.07001],[-69.24451,-32.01611],[-69.18399,-31.99939],[-69.12645,-32.00191],[-69.1095,-31.93619],[-69.11764,-31.90806],[-69.10231,-31.85026],[-69.13459,-31.78453],[-69.13463,-31.75864],[-69.16207,-31.72549],[-69.15723,-31.58149],[-69.19104,-31.53123],[-69.18843,-31.51521],[-69.20328,-31.50927],[-69.2192,-31.45619],[-69.20514,-31.43141],[-69.21608,-31.40168],[-69.19905,-31.37805],[-69.21864,-31.3404],[-69.20694,-31.32211],[-69.21193,-31.25572],[-69.24606,-31.21455],[-69.25048,-31.18977],[-69.22608,-31.1492],[-69.21585,-31.09578],[-69.15934,-31.00921],[-69.14097,-30.94566],[-69.14793,-30.92],[-69.11668,-30.86599],[-69.12165,-30.83125],[-69.1041,-30.79533],[-69.14529,-30.77871],[-69.20387,-30.78758],[-69.22607,-30.74539],[-69.33542,-30.69843],[-69.60397,-30.66447],[-69.63214,-30.62406],[-69.67072,-30.60193],[-69.70273,-30.61472],[-69.72629,-30.59213],[-69.7186,-30.57557],[-69.72839,-30.54107],[-69.71202,-30.53732],[-69.74643,-30.52928],[-69.75941,-30.49355],[-69.75142,-30.46997],[-69.78187,-30.43374],[-69.7805,-30.41968],[-69.81119,-30.40533],[-69.82723,-30.36861],[-69.83148,-30.29152],[-69.88353,-30.27231]]]},"properties":{"fid":526,"Entidad":0,"Objeto":"Departamento","FNA":"Departamento Calingasta","GNA":"Departamento","NAM":"Calingasta","SAG":"Direc. de Catastro","FDC":null,"IN1":"70021","SHAPE_STAr":2.15371631434,"SHAPE_STLe":8.58446888156}},{"type":"Feature","geometry":{"type":"Polygon","coordinates":[[[-69.62981,-28.39369],[-69.64887,-28.39615],[-69.65591,-28.41273],[-69.63257,-28.42942],[-69.63892,-28.44201],[-69.66071,-28.44564],[-69.6805,-28.47061],[-69.66474,-28.48218],[-69.66406,-28.52108],[-69.64986,-28.53766],[-69.66998,-28.55534],[-69.66233,-28.58301],[-69.69497,-28.59645],[-69.68716,-28.60359],[-69.70352,-28.62025],[-69.70149,-28.63987],[-69.73142,-28.68403],[-69.72925,-28.73745],[-69.70137,-28.75054],[-69.6929,-28.7709],[-69.70661,-28.78129],[-69.71433,-28.82542],[-69.72761,-28.84599],[-69.74443,-28.84982],[-69.7465,-28.88183],[-69.7657,-28.89879],[-69.75441,-28.98424],[-69.78503,-29.01491],[-69.79364,-29.05106],[-69.78829,-29.13314],[-69.83943,-29.1293],[-69.87612,-29.1389],[-69.92436,-29.1864],[-69.95269,-29.18916],[-69.93815,-29.24992],[-69.95198,-29.26683],[-69.99799,-29.2858],[-69.99682,-29.30455],[-70.02093,-29.32978],[-70.01044,-29.3538],[-70.02176,-29.3586],[-70.01152,-29.36989],[-70.02128,-29.3844],[-69.96631,-29.41422],[-69.98187,-29.45223],[-69.95646,-29.46646],[-69.94743,-29.49045],[-69.95635,-29.53506],[-69.93174,-29.58591],[-69.93953,-29.65442],[-69.90944,-29.69788],[-69.89356,-29.69389],[-69.88175,-29.70749],[-69.87867,-29.72581],[-69.91485,-29.79271],[-69.89321,-29.81995],[-69.89896,-29.84849],[-69.87655,-29.86164],[-69.89674,-29.87814],[-69.88851,-29.90459],[-69.90872,-29.92857],[-69.9067,-29.93938],[-69.89651,-29.93675],[-69.89802,-29.95784],[-69.92604,-29.99919],[-69.91541,-30.02558],[-69.96176,-30.06888],[-69.96487,-30.08545],[-69.94422,-30.09324],[-69.93609,-30.12008],[-69.90474,-30.10612],[-69.88182,-30.1092],[-69.84792,-30.12988],[-69.81744,-30.12794],[-69.80974,-30.14484],[-69.80978,-30.15541],[-69.82878,-30.16227],[-69.81702,-30.17966],[-69.83504,-30.21994],[-69.86869,-30.21082],[-69.88504,-30.21858],[-69.88353,-30.27231],[-69.83148,-30.29152],[-69.82723,-30.36861],[-69.81119,-30.40533],[-69.7805,-30.41968],[-69.78187,-30.43374],[-69.75142,-30.46997],[-69.75941,-30.49355],[-69.74643,-30.52928],[-69.71202,-30.53732],[-69.72839,-30.54107],[-69.7186,-30.57557],[-69.72629,-30.59213],[-69.70273,-30.61472],[-69.67072,-30.60193],[-69.63214,-30.62406],[-69.60397,-30.66447],[-69.33542,-30.69843],[-69.22607,-30.74539],[-69.20387,-30.78758],[-69.14529,-30.77871],[-69.1041,-30.79533],[-69.08859,-30.72886],[-69.1206,-30.65034],[-69.11607,-30.6273],[-69.05435,-30.62692],[-69.06597,-30.55297],[-68.9849,-30.5518],[-69.00672,-30.54593],[-69.05707,-30.49536],[-69.06225,-30.46831],[-69.06302,-30.39389],[-69.04956,-30.34355],[-69.06624,-30.3275],[-69.03916,-30.2949],[-69.0715,-30.07238],[-69.02987,-29.98443],[-69.0399,-29.94962],[-69.01439,-29.88146],[-69.02767,-29.87118],[-69.02012,-29.81484],[-69.03205,-29.76176],[-69.01874,-29.74015],[-69.01502,-29.69566],[-69.02746,-29.67749],[-69.01414,-29.65991],[-69.0195,-29.63238],[-69.01984,-29.6321],[-69.03372,-29.53297],[-69.0029,-29.48051],[-69.00124,-29.47753],[-68.99713,-29.46697],[-68.996,-29.46789],[-68.99279,-29.47337],[-68.98815,-29.47813],[-68.98422,-29.47194],[-68.98292,-29.46623],[-68.97364,-29.44517],[-68.97449,-29.44215],[-68.97697,-29.43327],[-68.97863,-29.42506],[-68.98173,-29.42197],[-68.98664,-29.42006],[-68.99279,-29.41709],[-68.99767,-29.41388],[-68.9985,-29.39639],[-68.98218,-29.3725],[-68.97637,-29.36772],[-68.98553,-29.32846],[-68.97554,-29.31692],[-68.96805,-29.31632],[-68.96424,-29.31751],[-68.96186,-29.30657],[-68.95911,-29.28419],[-68.9891,-29.27397],[-68.97911,-29.23054],[-69.00124,-29.18664],[-68.96876,-29.14619],[-68.95853,-29.16416],[-68.93342,-29.16463],[-68.93378,-29.14917],[-68.91118,-29.12466],[-68.92521,-29.08944],[-68.90784,-29.07041],[-68.91403,-29.02876],[-68.93247,-29.01794],[-68.93295,-28.98498],[-68.94818,-28.97106],[-68.96118,-28.93939],[-68.93342,-28.90765],[-68.92331,-28.87107],[-68.9082,-28.86101],[-68.93557,-28.85024],[-68.93684,-28.84974],[-69.16197,-28.76113],[-69.2098,-28.6816],[-69.21658,-28.60647],[-69.20239,-28.59637],[-69.31604,-28.41171],[-69.37874,-28.44913],[-69.42548,-28.45178],[-69.4697,-28.41552],[-69.49926,-28.41701],[-69.51883,-28.43122],[-69.55524,-28.40582],[-69.60571,-28.41901],[-69.62981,-28.39369]]]},"properties":{"fid":527,"Entidad":0,"Objeto":"Departamento","FNA":"Departamento Iglesia","GNA":"Departamento","NAM":"Iglesia","SAG":"Direc. de Catastro","FDC":null,"IN1":"70049","SHAPE_STAr":1.78347790444,"SHAPE_STLe":7.85743515822}},{"type":"Feature","geometry":{"type":"Polygon","coordinates":[[[-68.25879,-29.74673],[-68.46771,-29.64429],[-68.56734,-29.63696],[-68.68299,-29.64641],[-68.71285,-29.6291],[-68.79327,-29.62351],[-68.86311,-29.63505],[-68.88726,-29.62173],[-68.8834,-29.59192],[-68.90784,-29.61982],[-68.93556,-29.61982],[-68.93735,-29.65087],[-68.95746,-29.65754],[-69.01933,-29.63252],[-69.0195,-29.63238],[-69.01414,-29.65991],[-69.02746,-29.67749],[-69.01502,-29.69566],[-69.01874,-29.74015],[-69.03205,-29.76176],[-69.02012,-29.81484],[-69.02767,-29.87118],[-69.01439,-29.88146],[-69.0399,-29.94962],[-69.02987,-29.98443],[-69.0715,-30.07238],[-69.03916,-30.2949],[-69.06624,-30.3275],[-69.04956,-30.34355],[-69.06302,-30.39389],[-69.06225,-30.46831],[-69.05707,-30.49536],[-69.00672,-30.54593],[-68.9849,-30.5518],[-68.78107,-30.59789],[-68.80132,-30.62397],[-68.80598,-30.6703],[-68.8294,-30.691],[-68.82013,-30.76121],[-68.79657,-30.80319],[-68.80037,-30.82926],[-68.76803,-30.8568],[-68.77261,-30.90498],[-68.75576,-31.00411],[-68.50006,-31.00435],[-68.4833,-30.9818],[-68.42553,-30.95336],[-68.42573,-30.92949],[-68.33431,-30.92993],[-67.87525,-30.9307],[-67.53057,-30.92955],[-67.60614,-30.83194],[-67.6644,-30.78718],[-67.74144,-30.70233],[-67.74061,-30.66559],[-67.76222,-30.63623],[-67.7625,-30.59554],[-67.77671,-30.57225],[-67.76381,-30.5372],[-67.78234,-30.51031],[-67.76921,-30.49993],[-67.78906,-30.48213],[-67.78902,-30.44706],[-67.80782,-30.42902],[-67.81082,-30.37854],[-67.8551,-30.32895],[-67.86736,-30.29491],[-67.90508,-30.27757],[-67.91372,-30.24648],[-67.94232,-30.24622],[-67.95163,-30.22622],[-67.98135,-30.22555],[-68.00738,-30.19947],[-68.02978,-30.08696],[-68.05247,-30.05851],[-68.06296,-30.01449],[-68.09268,-29.99525],[-68.09825,-29.96313],[-68.13589,-29.9083],[-68.16213,-29.92032],[-68.17459,-29.95823],[-68.22729,-29.99707],[-68.23827,-29.98993],[-68.25058,-29.92767],[-68.26545,-29.92661],[-68.29791,-29.86305],[-68.35801,-29.80574],[-68.26262,-29.7488],[-68.25879,-29.74673]]]},"properties":{"fid":528,"Entidad":0,"Objeto":"Departamento","FNA":"Departamento Jachal","GNA":"Departamento","NAM":"Jachal","SAG":"Direc. de Catastro","FDC":null,"IN1":"70056","SHAPE_STAr":1.3455602849,"SHAPE_STLe":5.93565814771}},{"type":"Feature","geometry":{"type":"Polygon","coordinates":[[[-67.50785,-30.51568],[-67.57862,-30.40296],[-67.59087,-30.29815],[-67.67344,-30.23652],[-67.68635,-30.21487],[-67.85702,-30.10047],[-67.87736,-30.07513],[-67.8983,-30.0743],[-67.90918,-30.05175],[-67.99199,-29.97924],[-68.05433,-29.9003],[-68.10706,-29.88421],[-68.15879,-29.88543],[-68.16367,-29.86413],[-68.18437,-29.84813],[-68.19258,-29.78656],[-68.25385,-29.78073],[-68.26777,-29.7586],[-68.25858,-29.74684],[-68.26262,-29.7488],[-68.35801,-29.80574],[-68.29791,-29.86305],[-68.26545,-29.92661],[-68.25058,-29.92767],[-68.23827,-29.98993],[-68.22729,-29.99707],[-68.17459,-29.95823],[-68.16213,-29.92032],[-68.13589,-29.9083],[-68.09825,-29.96313],[-68.09268,-29.99525],[-68.06296,-30.01449],[-68.05247,-30.05851],[-68.02978,-30.08696],[-68.00738,-30.19947],[-67.98135,-30.22555],[-67.95163,-30.22622],[-67.94232,-30.24622],[-67.91372,-30.24648],[-67.90508,-30.27757],[-67.86736,-30.29491],[-67.8551,-30.32895],[-67.81082,-30.37854],[-67.80782,-30.42902],[-67.78902,-30.44706],[-67.78906,-30.48213],[-67.76921,-30.49993],[-67.78234,-30.51031],[-67.76381,-30.5372],[-67.77671,-30.57225],[-67.7625,-30.59554],[-67.76222,-30.63623],[-67.74061,-30.66559],[-67.74144,-30.70233],[-67.6644,-30.78718],[-67.60614,-30.83194],[-67.53057,-30.92955],[-67.49746,-30.95551],[-67.49445,-30.97888],[-67.5077,-30.98852],[-67.49443,-31.03855],[-67.45158,-31.06236],[-67.46997,-31.08027],[-67.44498,-31.09752],[-67.43387,-31.13356],[-67.43929,-31.20944],[-67.40249,-31.2755],[-67.40894,-31.28971],[-67.38819,-31.35213],[-67.35416,-31.4093],[-67.28063,-31.4484],[-67.17609,-31.43803],[-67.12294,-31.43802],[-67.07931,-31.43416],[-67.07825,-31.434],[-67.07827,-31.43397],[-67.10909,-31.38283],[-67.0753,-31.22745],[-67.12575,-31.1607],[-67.09986,-31.08359],[-67.0922,-31.06076],[-67.11242,-31.01056],[-67.0853,-30.91419],[-67.12884,-30.89563],[-67.28279,-30.69528],[-67.41949,-30.61997],[-67.50785,-30.51568]]]},"properties":{"fid":529,"Entidad":0,"Objeto":"Departamento","FNA":"Departamento Valle Fértil","GNA":"Departamento","NAM":"Valle Fértil","SAG":"Direc. de Catastro","FDC":null,"IN1":"70119","SHAPE_STAr":0.491308294761,"SHAPE_STLe":5.40535750721}},{"type":"Feature","geometry":{"type":"Polygon","coordinates":[[[-64.48169,-22.48109],[-64.47453,-22.46838],[-64.48944,-22.45744],[-64.49098,-22.43704],[-64.52386,-22.44237],[-64.51285,-22.41254],[-64.56621,-22.37104],[-64.56419,-22.32347],[-64.54685,-22.3161],[-64.53759,-22.28428],[-64.59303,-22.24664],[-64.61804,-22.20455],[-64.68164,-22.18644],[-64.73685,-22.1939],[-64.86168,-22.122],[-64.87828,-22.11741],[-64.88642,-22.12921],[-64.92359,-22.12115],[-64.9814,-22.09777],[-64.99337,-22.08243],[-65.18657,-22.08535],[-65.19406,-22.14473],[-65.21379,-22.15001],[-65.22048,-22.16959],[-65.2403,-22.27925],[-65.22678,-22.32067],[-65.26273,-22.33826],[-65.2846,-22.39032],[-65.28172,-22.41343],[-65.2947,-22.41949],[-65.30569,-22.46662],[-65.34541,-22.52841],[-65.31042,-22.54406],[-65.28469,-22.54144],[-65.25892,-22.56777],[-65.15069,-22.60435],[-65.09028,-22.60282],[-65.05762,-22.54435],[-65.00053,-22.58464],[-64.89099,-22.582],[-64.87521,-22.59934],[-64.84379,-22.59939],[-64.81201,-22.58897],[-64.80641,-22.57581],[-64.84854,-22.51567],[-64.85177,-22.47032],[-64.84218,-22.46802],[-64.79463,-22.51234],[-64.76562,-22.58206],[-64.7533,-22.73321],[-64.7909,-22.77752],[-64.79566,-22.80117],[-64.77814,-22.8079],[-64.74327,-22.79754],[-64.69914,-22.7601],[-64.67573,-22.7569],[-64.61003,-22.66843],[-64.58476,-22.67584],[-64.54704,-22.66168],[-64.5033,-22.60677],[-64.49392,-22.5391],[-64.50347,-22.52197],[-64.48169,-22.48109]]]},"properties":{"fid":353,"Entidad":0,"Objeto":"Departamento","FNA":"Departamento Santa Victoria","GNA":"Departamento","NAM":"Santa Victoria","SAG":"IDE Salta","FDC":null,"IN1":"66161","SHAPE_STAr":0.355096333777,"SHAPE_STLe":3.44024270366}},{"type":"Feature","geometry":{"type":"Polygon","coordinates":[[[-64.19751,-25.70929],[-64.21054,-25.54063],[-64.31521,-25.51329],[-64.38144,-25.52529],[-64.44946,-25.51152],[-64.48107,-25.63476],[-64.64792,-25.60552],[-64.83575,-25.65152],[-64.91978,-25.6381],[-65.0277,-25.6722],[-65.0497,-25.6572],[-65.08639,-25.66279],[-65.12324,-25.64578],[-65.13407,-25.62095],[-65.16397,-25.61947],[-65.17055,-25.65212],[-65.19663,-25.69033],[-65.23947,-25.712],[-65.25896,-25.77608],[-65.29029,-25.77476],[-65.27836,-25.80763],[-65.2984,-25.85984],[-65.2748,-25.88518],[-65.25431,-25.88938],[-65.24678,-25.97209],[-65.19463,-26.02516],[-65.10324,-26.05394],[-65.113,-26.03926],[-65.10801,-26.00792],[-64.96236,-26.03402],[-64.91838,-26.03084],[-64.88432,-26.04481],[-64.89439,-26.09094],[-64.87529,-26.10483],[-64.87292,-26.12531],[-64.89169,-26.17965],[-64.91734,-26.19951],[-64.94161,-26.30225],[-64.87344,-26.27492],[-64.84532,-26.2386],[-64.82277,-26.24269],[-64.79041,-26.22372],[-64.75907,-26.22399],[-64.73215,-26.24156],[-64.66779,-26.24272],[-64.57958,-26.21818],[-64.56415,-26.22693],[-64.49532,-26.21937],[-64.42552,-26.11588],[-64.4122,-26.1135],[-64.39649,-26.04592],[-64.40363,-26.03117],[-64.26806,-25.70001],[-64.19751,-25.70929]]]},"properties":{"fid":182,"Entidad":0,"Objeto":"Departamento","FNA":"Departamento Rosario de la Frontera","GNA":"Departamento","NAM":"Rosario de la Frontera","SAG":"IDE Salta","FDC":null,"IN1":"66140","SHAPE_STAr":0.49020408952,"SHAPE_STLe":3.89143575678}},{"type":"Feature","geometry":{"type":"Polygon","coordinates":[[[-64.43132,-23.63283],[-64.44497,-23.64009],[-64.46613,-23.62126],[-64.45747,-23.61144],[-64.47896,-23.60851],[-64.49562,-23.56726],[-64.53483,-23.5384],[-64.53256,-23.52136],[-64.65769,-23.48317],[-64.68253,-23.45243],[-64.73843,-23.46762],[-64.73943,-23.47894],[-64.76115,-23.47566],[-64.78748,-23.49616],[-64.84087,-23.4844],[-64.84469,-23.4914],[-64.84308,-23.53306],[-64.85956,-23.58333],[-64.89417,-23.59853],[-64.8993,-23.67171],[-64.92015,-23.70641],[-64.9119,-23.72159],[-64.92031,-23.73328],[-65.01789,-23.69995],[-65.03779,-23.70237],[-65.0879,-23.73797],[-65.10243,-23.78623],[-65.09675,-23.85664],[-65.20713,-23.7863],[-65.23274,-23.79047],[-65.27133,-23.82818],[-65.29591,-23.8195],[-65.28948,-23.86241],[-65.18179,-23.92511],[-65.18209,-23.95109],[-65.21912,-23.97249],[-65.22301,-23.99825],[-65.20704,-23.99896],[-65.17978,-23.97741],[-65.1366,-23.97429],[-65.10987,-24.03254],[-65.09406,-24.01858],[-65.07917,-24.02586],[-65.07372,-24.01555],[-65.05388,-24.01442],[-65.00127,-24.02221],[-64.91937,-24.01065],[-64.85257,-24.05017],[-64.84411,-24.07891],[-64.78356,-24.09452],[-64.71575,-24.05583],[-64.67956,-24.01604],[-64.69356,-24.014],[-64.6889,-23.99341],[-64.66403,-23.99241],[-64.67422,-23.98266],[-64.66135,-23.97338],[-64.67004,-23.96535],[-64.65868,-23.95138],[-64.66501,-23.9315],[-64.64761,-23.92571],[-64.66006,-23.91339],[-64.64475,-23.87732],[-64.62828,-23.87372],[-64.62722,-23.84873],[-64.61179,-23.84761],[-64.61935,-23.83356],[-64.6114,-23.81637],[-64.5906,-23.81869],[-64.57227,-23.7885],[-64.56837,-23.73026],[-64.5107,-23.69975],[-64.48476,-23.70061],[-64.4868,-23.68335],[-64.43132,-23.63283]]]},"properties":{"fid":357,"Entidad":0,"Objeto":"Departamento","FNA":"Departamento Ledesma","GNA":"Departamento","NAM":"Ledesma","SAG":"Direc. Grl. de Inmuebles","FDC":null,"IN1":"38035","SHAPE_STAr":0.264119507524,"SHAPE_STLe":3.54128170345}},{"type":"Feature","geometry":{"type":"Polygon","coordinates":[[[-64.64009,-24.61118],[-64.67417,-24.60387],[-64.68051,-24.57619],[-64.70446,-24.56343],[-64.72583,-24.5299],[-64.7554,-24.52329],[-64.7706,-24.5042],[-64.83754,-24.46917],[-64.85502,-24.47243],[-64.88548,-24.52085],[-64.89347,-24.56089],[-64.88371,-24.57188],[-64.89694,-24.59199],[-64.92741,-24.59977],[-65.07967,-24.56218],[-65.10516,-24.52304],[-65.1549,-24.48804],[-65.21017,-24.54363],[-65.19973,-24.58536],[-65.26144,-24.59828],[-65.27666,-24.62873],[-65.2747,-24.67742],[-65.22248,-24.70539],[-65.22012,-24.71597],[-65.1492,-24.70491],[-65.09419,-24.7155],[-65.08101,-24.7477],[-65.01677,-24.80999],[-65.03664,-24.81402],[-65.05329,-24.86561],[-65.08127,-24.88327],[-65.09613,-24.91431],[-65.09708,-24.97694],[-65.06547,-24.9991],[-65.08187,-25.10029],[-64.9766,-25.14879],[-64.90086,-25.11391],[-64.90594,-25.03922],[-64.89149,-25.00308],[-64.85646,-25.02221],[-64.81639,-24.97216],[-64.82641,-24.94023],[-64.79587,-24.89805],[-64.79794,-24.83962],[-64.81263,-24.82757],[-64.79556,-24.80159],[-64.79901,-24.77164],[-64.72798,-24.70496],[-64.70472,-24.63969],[-64.64009,-24.61118]]]},"properties":{"fid":51,"Entidad":0,"Objeto":"Departamento","FNA":"Departamento General Güemes","GNA":"Departamento","NAM":"General Güemes","SAG":"IDE Salta","FDC":null,"IN1":"66049","SHAPE_STAr":0.195821051324,"SHAPE_STLe":2.81690891728}},{"type":"Feature","geometry":{"type":"Polygon","coordinates":[[[-64.9766,-25.14879],[-65.08187,-25.10029],[-65.15615,-25.11228],[-65.1694,-25.17561],[-65.19235,-25.1855],[-65.21425,-25.2394],[-65.25263,-25.27839],[-65.17616,-25.30078],[-65.15924,-25.37528],[-65.18085,-25.38869],[-65.18657,-25.40954],[-65.17981,-25.43498],[-65.16365,-25.4433],[-65.16632,-25.48119],[-65.15375,-25.49884],[-65.16338,-25.51772],[-65.14933,-25.53779],[-65.16412,-25.58771],[-65.13407,-25.62095],[-65.12324,-25.64578],[-65.08639,-25.66279],[-65.0497,-25.6572],[-65.0277,-25.6722],[-64.91978,-25.6381],[-64.83575,-25.65152],[-64.64792,-25.60552],[-64.48107,-25.63476],[-64.44946,-25.51152],[-64.38144,-25.52529],[-64.31521,-25.51329],[-64.21054,-25.54063],[-64.19751,-25.70929],[-64.19644,-25.72773],[-64.02541,-25.75349],[-64.00775,-25.67336],[-63.91901,-25.68234],[-63.9592,-25.65685],[-63.94125,-25.5511],[-63.95272,-25.53153],[-63.98791,-25.51664],[-64.0058,-25.47268],[-64.02942,-25.46815],[-64.0144,-25.44341],[-64.02366,-25.44486],[-64.01855,-25.4293],[-64.04992,-25.39837],[-64.03668,-25.39006],[-64.06296,-25.36116],[-64.04625,-25.34365],[-64.05561,-25.32271],[-64.04606,-25.31385],[-64.07235,-25.29064],[-64.07296,-25.27956],[-64.05784,-25.27398],[-64.0851,-25.19535],[-64.09665,-25.19346],[-64.10716,-25.16008],[-64.15084,-25.1472],[-64.15944,-25.10904],[-64.19188,-25.10954],[-64.23062,-25.12669],[-64.24675,-25.11493],[-64.26273,-25.12096],[-64.27704,-25.14664],[-64.3045,-25.14607],[-64.307,-25.17049],[-64.33579,-25.19332],[-64.34587,-25.22835],[-64.3622,-25.24235],[-64.39743,-25.25185],[-64.43119,-25.2269],[-64.46429,-25.22257],[-64.54542,-25.25629],[-64.57089,-25.31489],[-64.59203,-25.3248],[-64.61961,-25.36201],[-64.70474,-25.3797],[-64.77697,-25.36888],[-64.82815,-25.3455],[-64.84149,-25.32039],[-64.89451,-25.28521],[-64.89413,-25.24429],[-64.91441,-25.2101],[-64.93674,-25.17504],[-64.96459,-25.16614],[-64.9766,-25.14879]]]},"properties":{"fid":47,"Entidad":0,"Objeto":"Departamento","FNA":"Departamento Metán","GNA":"Departamento","NAM":"Metán","SAG":"IDE Salta","FDC":null,"IN1":"66112","SHAPE_STAr":0.472182065808,"SHAPE_STLe":4.96630691824}},{"type":"Feature","geometry":{"type":"Polygon","coordinates":[[[-64.70369,-27.65649],[-64.76037,-27.64745],[-64.77097,-27.70354],[-64.81975,-27.69487],[-64.81173,-27.6557],[-64.89014,-27.70857],[-64.90799,-27.70904],[-64.91844,-27.69493],[-64.99097,-27.72414],[-64.98602,-27.74165],[-65.02814,-27.75271],[-65.01648,-27.79114],[-65.03897,-27.87924],[-65.10714,-27.89316],[-65.15907,-27.8772],[-65.16948,-27.91743],[-65.17823,-27.91602],[-65.1708,-27.94646],[-65.11195,-28.18571],[-65.10904,-28.24092],[-64.94826,-28.27307],[-64.93777,-28.23088],[-64.85445,-28.24729],[-64.83201,-28.15272],[-64.78527,-28.16221],[-64.78328,-28.15175],[-64.76081,-28.15628],[-64.75739,-28.14179],[-64.62099,-28.16594],[-64.60427,-28.08857],[-64.58238,-28.09226],[-64.54586,-27.93611],[-64.5664,-27.93237],[-64.55793,-27.89242],[-64.65975,-27.8879],[-64.65247,-27.83595],[-64.70942,-27.82581],[-64.69885,-27.7784],[-64.71351,-27.77597],[-64.70369,-27.65649]]]},"properties":{"fid":162,"Entidad":0,"Objeto":"Departamento","FNA":"Departamento Guasayán","GNA":"Departamento","NAM":"Guasayán","SAG":"Catastro Provinciales","FDC":null,"IN1":"86084","SHAPE_STAr":0.244247166256,"SHAPE_STLe":2.49102590847}},{"type":"Feature","geometry":{"type":"Polygon","coordinates":[[[-64.71575,-24.05583],[-64.78356,-24.09452],[-64.84411,-24.07891],[-64.85257,-24.05017],[-64.91937,-24.01065],[-65.00127,-24.02221],[-65.05388,-24.01442],[-65.04897,-24.18041],[-65.07429,-24.17084],[-65.07524,-24.19927],[-65.05393,-24.2526],[-65.06364,-24.29258],[-65.03481,-24.31878],[-65.02065,-24.36499],[-64.99699,-24.36014],[-64.89982,-24.38328],[-64.95404,-24.4497],[-64.85502,-24.47243],[-64.83754,-24.46917],[-64.7706,-24.5042],[-64.7554,-24.52329],[-64.72583,-24.5299],[-64.70446,-24.56343],[-64.68051,-24.57619],[-64.67417,-24.60387],[-64.64009,-24.61118],[-64.59386,-24.58343],[-64.56013,-24.57723],[-64.53265,-24.50485],[-64.52267,-24.46018],[-64.54779,-24.43463],[-64.54727,-24.42142],[-64.52417,-24.334],[-64.49588,-24.3015],[-64.5305,-24.32543],[-64.57896,-24.32059],[-64.64453,-24.33599],[-64.69172,-24.33517],[-64.74119,-24.31524],[-64.69278,-24.20937],[-64.69289,-24.16548],[-64.72168,-24.09705],[-64.70572,-24.06419],[-64.71575,-24.05583]]]},"properties":{"fid":361,"Entidad":0,"Objeto":"Departamento","FNA":"Departamento San Pedro","GNA":"Departamento","NAM":"San Pedro","SAG":"Direc. Grl. de Inmuebles","FDC":null,"IN1":"38063","SHAPE_STAr":0.182117877184,"SHAPE_STLe":2.66149205156}},{"type":"Feature","geometry":{"type":"Polygon","coordinates":[[[-64.79879,-27.15052],[-64.81119,-27.14867],[-64.85406,-27.31731],[-64.93437,-27.34443],[-64.93752,-27.35788],[-64.97429,-27.35062],[-65.00887,-27.48371],[-65.00137,-27.48886],[-64.96812,-27.50537],[-64.9655,-27.54772],[-64.97835,-27.56652],[-65.01196,-27.56603],[-65.02711,-27.58714],[-64.99097,-27.72414],[-64.91844,-27.69493],[-64.90799,-27.70904],[-64.89014,-27.70857],[-64.81173,-27.6557],[-64.81975,-27.69487],[-64.77097,-27.70354],[-64.76037,-27.64745],[-64.70369,-27.65649],[-64.62655,-27.66645],[-64.62326,-27.64986],[-64.53333,-27.6662],[-64.52293,-27.70585],[-64.43815,-27.60427],[-64.46578,-27.58633],[-64.46392,-27.54963],[-64.51301,-27.4952],[-64.55881,-27.49536],[-64.57436,-27.47142],[-64.61657,-27.44414],[-64.57041,-27.33851],[-64.68098,-27.23368],[-64.74869,-27.23185],[-64.76436,-27.18553],[-64.79879,-27.15052]]]},"properties":{"fid":123,"Entidad":0,"Objeto":"Departamento","FNA":"Departamento Río Hondo","GNA":"Departamento","NAM":"Río Hondo","SAG":"Catastro Provinciales","FDC":null,"IN1":"86147","SHAPE_STAr":0.187039920162,"SHAPE_STLe":2.29905040858}},{"type":"Feature","geometry":{"type":"Polygon","coordinates":[[[-63.53042,-24.12787],[-63.62253,-24.11262],[-63.64438,-24.22347],[-64.0084,-24.16357],[-64.15797,-24.15482],[-64.17501,-24.21257],[-64.16184,-24.22106],[-64.18002,-24.26365],[-64.22313,-24.32937],[-64.2524,-24.34443],[-64.25198,-24.36417],[-64.27377,-24.39333],[-64.31834,-24.42716],[-64.42165,-24.40221],[-64.4363,-24.44266],[-64.45537,-24.46304],[-64.48188,-24.46512],[-64.5,-24.50637],[-64.53265,-24.50485],[-64.56013,-24.57723],[-64.59386,-24.58343],[-64.64009,-24.61118],[-64.70472,-24.63969],[-64.72798,-24.70496],[-64.79901,-24.77164],[-64.79556,-24.80159],[-64.81263,-24.82757],[-64.79794,-24.83962],[-64.79587,-24.89805],[-64.82641,-24.94023],[-64.81639,-24.97216],[-64.85646,-25.02221],[-64.89149,-25.00308],[-64.90594,-25.03922],[-64.90086,-25.11391],[-64.9766,-25.14879],[-64.96459,-25.16614],[-64.93674,-25.17504],[-64.91441,-25.2101],[-64.89413,-25.24429],[-64.89451,-25.28521],[-64.84149,-25.32039],[-64.82815,-25.3455],[-64.77697,-25.36888],[-64.70474,-25.3797],[-64.61961,-25.36201],[-64.59203,-25.3248],[-64.57089,-25.31489],[-64.54542,-25.25629],[-64.46429,-25.22257],[-64.43119,-25.2269],[-64.39743,-25.25185],[-64.3622,-25.24235],[-64.34587,-25.22835],[-64.33579,-25.19332],[-64.307,-25.17049],[-64.3045,-25.14607],[-64.27704,-25.14664],[-64.26273,-25.12096],[-64.24675,-25.11493],[-64.23062,-25.12669],[-64.19188,-25.10954],[-64.15944,-25.10904],[-64.15084,-25.1472],[-64.10716,-25.16008],[-64.09665,-25.19346],[-64.0851,-25.19535],[-64.05784,-25.27398],[-64.07296,-25.27956],[-64.07235,-25.29064],[-64.04606,-25.31385],[-64.05561,-25.32271],[-64.04625,-25.34365],[-64.06296,-25.36116],[-64.03668,-25.39006],[-64.04992,-25.39837],[-64.01855,-25.4293],[-64.02366,-25.44486],[-64.0144,-25.44341],[-64.02942,-25.46815],[-64.0058,-25.47268],[-63.98791,-25.51664],[-63.95272,-25.53153],[-63.94125,-25.5511],[-63.9592,-25.65685],[-63.91901,-25.68234],[-63.91815,-25.68242],[-63.66047,-25.68537],[-63.56731,-25.70947],[-63.47606,-25.70976],[-63.42247,-25.64903],[-63.07142,-25.24087],[-63.07461,-24.85559],[-63.23351,-24.85657],[-63.23412,-24.71876],[-62.93694,-24.71599],[-62.94654,-24.27423],[-63.02627,-24.23404],[-63.05305,-24.39222],[-63.17188,-24.30454],[-63.16099,-24.22171],[-63.20371,-24.21698],[-63.23206,-24.32205],[-63.30316,-24.31645],[-63.29957,-24.27825],[-63.37699,-24.30416],[-63.34479,-24.15674],[-63.43471,-24.18433],[-63.427,-24.14492],[-63.53042,-24.12787]]]},"properties":{"fid":120,"Entidad":0,"Objeto":"Departamento","FNA":"Departamento Anta","GNA":"Departamento","NAM":"Anta","SAG":"IDE Salta","FDC":null,"IN1":"66007","SHAPE_STAr":2.00897842222,"SHAPE_STLe":8.476798511}},{"type":"Feature","geometry":{"type":"Polygon","coordinates":[[[-63.69234,-26.47867],[-63.76816,-26.47828],[-63.80177,-26.64129],[-63.86903,-26.64502],[-63.87728,-26.72125],[-63.98047,-26.72126],[-64.16241,-26.69707],[-64.15607,-26.65223],[-64.26358,-26.63445],[-64.26378,-26.60611],[-64.28198,-26.60594],[-64.28207,-26.56861],[-64.50854,-26.55396],[-64.49876,-26.67347],[-64.58752,-26.65812],[-64.61789,-26.80269],[-64.67262,-26.79401],[-64.67757,-26.82451],[-64.7072,-26.81951],[-64.71039,-26.83618],[-64.74259,-27.00441],[-64.75365,-27.01666],[-64.76698,-27.01429],[-64.78117,-27.07661],[-64.79879,-27.15052],[-64.76436,-27.18553],[-64.74869,-27.23185],[-64.68098,-27.23368],[-64.57041,-27.33851],[-64.55812,-27.30946],[-64.4975,-27.35532],[-64.48747,-27.35284],[-64.47648,-27.30199],[-64.46747,-27.30353],[-64.46884,-27.26032],[-64.44054,-27.26465],[-64.45677,-27.22446],[-64.44518,-27.17476],[-64.32793,-27.19637],[-64.32382,-27.17567],[-64.30429,-27.18685],[-64.17797,-27.19859],[-64.17671,-27.10862],[-64.11302,-27.10914],[-64.11335,-27.14273],[-64.08545,-27.14295],[-64.08481,-27.06187],[-64.02055,-27.061],[-64.02102,-27.03001],[-63.98998,-27.03028],[-63.98902,-26.9044],[-63.87912,-26.90513],[-63.8795,-26.93672],[-63.82405,-26.93693],[-63.82395,-26.92432],[-63.65719,-26.92512],[-63.68207,-26.90703],[-63.68912,-26.86526],[-63.67292,-26.8309],[-63.67415,-26.79718],[-63.6618,-26.78898],[-63.66929,-26.77232],[-63.65231,-26.74847],[-63.65456,-26.66587],[-63.67347,-26.64379],[-63.65254,-26.59698],[-63.64672,-26.5281],[-63.69234,-26.47867]]]},"properties":{"fid":349,"Entidad":0,"Objeto":"Departamento","FNA":"Departamento Jiménez","GNA":"Departamento","NAM":"Jiménez","SAG":"Catastro Provinciales","FDC":null,"IN1":"86091","SHAPE_STAr":0.506904370139,"SHAPE_STLe":4.43226482847}},{"type":"Feature","geometry":{"type":"Polygon","coordinates":[[[-64.20761,-27.81176],[-64.2269,-27.80739],[-64.28131,-27.74475],[-64.30726,-27.73597],[-64.32012,-27.68756],[-64.34874,-27.67329],[-64.36821,-27.63743],[-64.39549,-27.63203],[-64.40621,-27.60757],[-64.43815,-27.60427],[-64.52293,-27.70585],[-64.53333,-27.6662],[-64.62326,-27.64986],[-64.62655,-27.66645],[-64.70369,-27.65649],[-64.71351,-27.77597],[-64.69885,-27.7784],[-64.70942,-27.82581],[-64.65247,-27.83595],[-64.65975,-27.8879],[-64.55793,-27.89242],[-64.5664,-27.93237],[-64.54586,-27.93611],[-64.58238,-28.09226],[-64.60427,-28.08857],[-64.62099,-28.16594],[-64.4841,-28.18979],[-64.45151,-28.19596],[-64.43493,-28.11614],[-64.40185,-28.1218],[-64.41436,-28.06252],[-64.24531,-28.09353],[-64.22179,-27.99076],[-64.1036,-27.96532],[-64.11893,-27.9398],[-64.15018,-27.93728],[-64.14206,-27.9185],[-64.1548,-27.91343],[-64.16209,-27.86476],[-64.20761,-27.81176]]]},"properties":{"fid":186,"Entidad":0,"Objeto":"Departamento","FNA":"Departamento Capital","GNA":"Departamento","NAM":"Capital","SAG":"Catastro Provinciales","FDC":null,"IN1":"86049","SHAPE_STAr":0.194709072911,"SHAPE_STLe":2.43893035651}},{"type":"Feature","geometry":{"type":"Polygon","coordinates":[[[-63.98998,-27.03028],[-64.02102,-27.03001],[-64.02055,-27.061],[-64.08481,-27.06187],[-64.08545,-27.14295],[-64.11335,-27.14273],[-64.11302,-27.10914],[-64.17671,-27.10862],[-64.17797,-27.19859],[-64.30429,-27.18685],[-64.32382,-27.17567],[-64.32793,-27.19637],[-64.44518,-27.17476],[-64.45677,-27.22446],[-64.44054,-27.26465],[-64.46884,-27.26032],[-64.46747,-27.30353],[-64.47648,-27.30199],[-64.48747,-27.35284],[-64.4975,-27.35532],[-64.55812,-27.30946],[-64.57041,-27.33851],[-64.61657,-27.44414],[-64.57436,-27.47142],[-64.55881,-27.49536],[-64.51301,-27.4952],[-64.46392,-27.54963],[-64.46578,-27.58633],[-64.43815,-27.60427],[-64.40621,-27.60757],[-64.39549,-27.63203],[-64.36821,-27.63743],[-64.34874,-27.67329],[-64.32012,-27.68756],[-64.30726,-27.73597],[-64.28131,-27.74475],[-64.2269,-27.80739],[-64.20761,-27.81176],[-64.08536,-27.7399],[-64.0857,-27.75504],[-63.93391,-27.73643],[-63.93417,-27.6975],[-63.91594,-27.69533],[-63.91577,-27.67473],[-63.89379,-27.67205],[-63.87981,-27.65576],[-63.87999,-27.64479],[-63.91597,-27.6555],[-63.98865,-27.55868],[-63.96017,-27.51756],[-63.99557,-27.51779],[-63.96454,-27.39625],[-64.00379,-27.38948],[-63.99028,-27.333],[-64.00075,-27.33118],[-63.98086,-27.24727],[-63.92679,-27.23775],[-63.92655,-27.19249],[-63.97566,-27.19146],[-63.97608,-27.14453],[-63.94032,-27.1449],[-63.93978,-27.03063],[-63.98998,-27.03028]]]},"properties":{"fid":153,"Entidad":0,"Objeto":"Departamento","FNA":"Departamento Banda","GNA":"Departamento","NAM":"Banda","SAG":"Catastro Provinciales","FDC":null,"IN1":"86035","SHAPE_STAr":0.315917214434,"SHAPE_STLe":3.24732152739}},{"type":"Feature","geometry":{"type":"Polygon","coordinates":[[[-64.10977,-27.9726],[-64.1036,-27.96532],[-64.22179,-27.99076],[-64.24531,-28.09353],[-64.41436,-28.06252],[-64.40185,-28.1218],[-64.43493,-28.11614],[-64.45151,-28.19596],[-64.4841,-28.18979],[-64.51237,-28.31655],[-64.54939,-28.31033],[-64.55109,-28.31878],[-64.48163,-28.33116],[-64.49071,-28.37133],[-64.2631,-28.34079],[-64.1886,-28.30629],[-64.17811,-28.28259],[-64.08257,-28.2489],[-64.06899,-28.23881],[-64.07369,-28.21114],[-64.06254,-28.19603],[-64.0601,-28.09434],[-64.10977,-27.9726]]]},"properties":{"fid":287,"Entidad":0,"Objeto":"Departamento","FNA":"Departamento Silipica","GNA":"Departamento","NAM":"Silipica","SAG":"Catastro Provinciales","FDC":null,"IN1":"86189","SHAPE_STAr":0.113092414874,"SHAPE_STLe":1.64912436356}},{"type":"Feature","geometry":{"type":"Polygon","coordinates":[[[-63.91901,-25.68234],[-64.00775,-25.67336],[-64.02541,-25.75349],[-64.19644,-25.72773],[-64.19751,-25.70929],[-64.26806,-25.70001],[-64.40363,-26.03117],[-64.39649,-26.04592],[-64.4122,-26.1135],[-64.42552,-26.11588],[-64.49532,-26.21937],[-64.50228,-26.23901],[-64.48199,-26.30684],[-64.52137,-26.35303],[-64.53439,-26.41061],[-64.51734,-26.48646],[-64.52139,-26.54382],[-64.50854,-26.55396],[-64.28207,-26.56861],[-64.28198,-26.60594],[-64.26378,-26.60611],[-64.26358,-26.63445],[-64.15607,-26.65223],[-64.16241,-26.69707],[-63.98047,-26.72126],[-63.87728,-26.72125],[-63.86903,-26.64502],[-63.80177,-26.64129],[-63.76816,-26.47828],[-63.69234,-26.47867],[-63.7204,-26.40949],[-63.72073,-26.37626],[-63.76159,-26.31838],[-63.7737,-26.26456],[-63.76133,-26.21431],[-63.76257,-26.19427],[-63.7051,-26.10987],[-63.70954,-26.09665],[-63.69353,-26.0684],[-63.70542,-26.06381],[-63.69019,-26.03414],[-63.69949,-26.01709],[-63.71332,-26.02283],[-63.7117,-26.01363],[-63.73159,-26.00957],[-63.72757,-25.96837],[-63.74527,-25.96672],[-63.73486,-25.95558],[-63.74799,-25.95126],[-63.74603,-25.93767],[-63.75345,-25.94713],[-63.76468,-25.9152],[-63.78364,-25.91538],[-63.79157,-25.92992],[-63.7881,-25.90317],[-63.77869,-25.90195],[-63.7856,-25.88023],[-63.82252,-25.85269],[-63.81731,-25.84691],[-63.83031,-25.84684],[-63.83036,-25.83182],[-63.84624,-25.82054],[-63.83867,-25.7897],[-63.87767,-25.77375],[-63.89677,-25.73368],[-63.89262,-25.71511],[-63.91815,-25.68242],[-63.91901,-25.68234]]]},"properties":{"fid":280,"Entidad":0,"Objeto":"Departamento","FNA":"Departamento Pellegrini","GNA":"Departamento","NAM":"Pellegrini","SAG":"Catastro Provinciales","FDC":null,"IN1":"86133","SHAPE_STAr":0.625666253646,"SHAPE_STLe":4.03348446053}},{"type":"Feature","geometry":{"type":"Polygon","coordinates":[[[-63.13218,-22],[-63.66527,-21.99934],[-63.68378,-22.05477],[-63.68858,-22.01153],[-63.70561,-22.01399],[-63.70907,-21.99934],[-63.93146,-21.99938],[-63.95333,-22.03662],[-63.9499,-22.05791],[-63.96219,-22.06459],[-63.95807,-22.08577],[-63.96648,-22.09316],[-63.97961,-22.081],[-63.98604,-22.10903],[-64.00004,-22.10768],[-63.98963,-22.11475],[-63.99265,-22.13314],[-64.00103,-22.1584],[-64.0234,-22.1746],[-64.01703,-22.18717],[-64.0331,-22.19683],[-64.03352,-22.24278],[-64.05361,-22.24724],[-64.06241,-22.23838],[-64.08264,-22.30109],[-64.09509,-22.30877],[-64.09974,-22.34697],[-64.11689,-22.36323],[-64.11552,-22.40561],[-64.13818,-22.40704],[-64.13804,-22.42947],[-64.16307,-22.46893],[-64.17522,-22.46681],[-64.18755,-22.49065],[-64.19963,-22.49124],[-64.21629,-22.54335],[-64.24169,-22.55773],[-64.23919,-22.62297],[-64.25729,-22.62855],[-64.26459,-22.65016],[-64.24229,-22.66605],[-64.26095,-22.67514],[-64.27199,-22.71189],[-64.26397,-22.74124],[-64.28361,-22.75128],[-64.26534,-22.76666],[-64.28743,-22.79882],[-64.28673,-22.83488],[-64.30668,-22.83975],[-64.29747,-22.86144],[-64.30877,-22.8628],[-64.31503,-22.8827],[-64.32546,-22.91695],[-64.34243,-22.93024],[-64.32722,-22.95335],[-64.33272,-23.0089],[-64.32458,-23.02057],[-64.28159,-23.02894],[-64.27034,-23.04133],[-64.27612,-23.06651],[-64.24763,-23.06878],[-64.2388,-23.09633],[-64.21856,-23.09926],[-64.21159,-23.08877],[-64.20341,-23.1228],[-64.21351,-23.13508],[-64.19075,-23.12908],[-64.20912,-23.15626],[-64.1828,-23.1527],[-64.20368,-23.18207],[-64.16802,-23.2007],[-64.19616,-23.19768],[-64.21408,-23.18213],[-64.22696,-23.20657],[-64.21396,-23.22575],[-64.17763,-23.23453],[-64.18721,-23.26872],[-64.1624,-23.27314],[-64.14094,-23.24835],[-64.10833,-23.26292],[-64.09339,-23.25446],[-64.07297,-23.30586],[-64.0392,-23.30792],[-64.00704,-23.33243],[-63.95631,-23.31477],[-63.94423,-23.32798],[-63.91001,-23.29972],[-63.84434,-23.32343],[-63.72619,-23.32243],[-63.6998,-23.3383],[-63.66244,-23.39094],[-63.63798,-23.3976],[-63.61746,-23.38802],[-63.58952,-23.43064],[-63.49887,-23.45148],[-63.40983,-23.51154],[-63.40212,-23.53525],[-63.39376,-23.55089],[-63.36186,-23.56319],[-63.36759,-23.5872],[-63.32375,-23.6043],[-63.33124,-23.62563],[-63.2962,-23.65086],[-63.27724,-23.64929],[-63.2688,-23.55936],[-63.29572,-23.53485],[-63.28157,-23.45806],[-63.26608,-23.45968],[-63.20369,-22.94309],[-63.12308,-22.94428],[-63.13218,-22]]]},"properties":{"fid":354,"Entidad":0,"Objeto":"Departamento","FNA":"Departamento General José de San Martín","GNA":"Departamento","NAM":"General José de San Martín","SAG":"IDE Salta","FDC":null,"IN1":"66056","SHAPE_STAr":1.41588808778,"SHAPE_STLe":6.21773728162}},{"type":"Feature","geometry":{"type":"Polygon","coordinates":[[[-63.66051,-27.81763],[-63.67429,-27.75163],[-63.74159,-27.74054],[-63.74154,-27.73305],[-63.83332,-27.73328],[-63.83297,-27.6805],[-63.87981,-27.65576],[-63.89379,-27.67205],[-63.91577,-27.67473],[-63.91594,-27.69533],[-63.93417,-27.6975],[-63.93391,-27.73643],[-64.0857,-27.75504],[-64.08536,-27.7399],[-64.20761,-27.81176],[-64.16209,-27.86476],[-64.1548,-27.91343],[-64.14206,-27.9185],[-64.15018,-27.93728],[-64.11893,-27.9398],[-64.1036,-27.96532],[-64.10977,-27.9726],[-64.04098,-27.96123],[-64.04636,-27.98538],[-63.9565,-28.0009],[-63.96338,-28.02977],[-63.93048,-28.0362],[-63.92381,-27.96697],[-63.73457,-28.00307],[-63.72908,-27.97728],[-63.68918,-27.98389],[-63.66051,-27.81763]]]},"properties":{"fid":185,"Entidad":0,"Objeto":"Departamento","FNA":"Departamento Robles","GNA":"Departamento","NAM":"Robles","SAG":"Catastro Provinciales","FDC":null,"IN1":"86161","SHAPE_STAr":0.124169679853,"SHAPE_STLe":1.79466162586}},{"type":"Feature","geometry":{"type":"Polygon","coordinates":[[[-63.73457,-28.00307],[-63.92381,-27.96697],[-63.93048,-28.0362],[-63.96338,-28.02977],[-63.9565,-28.0009],[-64.04636,-27.98538],[-64.04098,-27.96123],[-64.10977,-27.9726],[-64.0601,-28.09434],[-64.06254,-28.19603],[-64.07369,-28.21114],[-64.06899,-28.23881],[-64.08257,-28.2489],[-64.08195,-28.27823],[-64.05496,-28.30451],[-64.04935,-28.33014],[-64.01712,-28.30771],[-64.03056,-28.33546],[-64.00835,-28.32883],[-63.98619,-28.34729],[-63.96895,-28.34336],[-63.97111,-28.35905],[-63.95722,-28.36142],[-63.94824,-28.3814],[-63.93414,-28.38117],[-63.92706,-28.36746],[-63.9022,-28.39289],[-63.88945,-28.37872],[-63.8802,-28.38963],[-63.87588,-28.37654],[-63.87522,-28.38561],[-63.85128,-28.39111],[-63.83889,-28.40506],[-63.81702,-28.39555],[-63.81625,-28.41549],[-63.78646,-28.43573],[-63.69406,-28.3795],[-63.7111,-28.37161],[-63.70989,-28.3484],[-63.63577,-28.35124],[-63.61154,-28.25462],[-63.62852,-28.25181],[-63.61683,-28.19896],[-63.60641,-28.14972],[-63.65386,-28.14753],[-63.64167,-28.09028],[-63.65352,-28.08783],[-63.65074,-28.07479],[-63.73702,-28.01449],[-63.73457,-28.00307]]]},"properties":{"fid":346,"Entidad":0,"Objeto":"Departamento","FNA":"Departamento San Martín","GNA":"Departamento","NAM":"San Martín","SAG":"Catastro Provinciales","FDC":null,"IN1":"86175","SHAPE_STAr":0.164766031178,"SHAPE_STLe":2.15231767034}},{"type":"Feature","geometry":{"type":"Polygon","coordinates":[[[-63.23359,-26.79424],[-63.23369,-26.76478],[-63.37839,-26.76409],[-63.37839,-26.888],[-63.57102,-26.88722],[-63.5485,-26.92553],[-63.65719,-26.92512],[-63.82395,-26.92432],[-63.82405,-26.93693],[-63.8795,-26.93672],[-63.87912,-26.90513],[-63.98902,-26.9044],[-63.98998,-27.03028],[-63.93978,-27.03063],[-63.94032,-27.1449],[-63.97608,-27.14453],[-63.97566,-27.19146],[-63.92655,-27.19249],[-63.92679,-27.23775],[-63.98086,-27.24727],[-64.00075,-27.33118],[-63.99028,-27.333],[-64.00379,-27.38948],[-63.96454,-27.39625],[-63.99557,-27.51779],[-63.96017,-27.51756],[-63.98865,-27.55868],[-63.91597,-27.6555],[-63.87999,-27.64479],[-63.87981,-27.65576],[-63.83297,-27.6805],[-63.83332,-27.73328],[-63.74154,-27.73305],[-63.74159,-27.74054],[-63.67429,-27.75163],[-63.66051,-27.81763],[-63.59263,-27.82957],[-63.58091,-27.86702],[-63.48148,-27.8358],[-63.48034,-27.82524],[-63.4955,-27.82407],[-63.4903,-27.79124],[-63.49934,-27.78137],[-63.34523,-27.77093],[-63.34153,-27.75483],[-63.27524,-27.76611],[-63.26531,-27.72117],[-63.2235,-27.72803],[-63.22855,-27.69994],[-63.21732,-27.702],[-63.18391,-27.54746],[-63.24161,-27.53651],[-63.23242,-27.50005],[-63.26295,-27.49675],[-63.25218,-27.44345],[-63.20253,-27.43903],[-63.208,-27.3215],[-63.2552,-27.31209],[-63.2222,-27.14949],[-63.25724,-27.14956],[-63.25701,-27.10859],[-63.24082,-27.1085],[-63.24121,-27.03068],[-63.23117,-27.0307],[-63.23112,-27.0066],[-63.24074,-27.00658],[-63.23406,-26.87807],[-63.21178,-26.8781],[-63.21185,-26.84176],[-63.23343,-26.84172],[-63.23359,-26.79424]]]},"properties":{"fid":269,"Entidad":0,"Objeto":"Departamento","FNA":"Departamento Figueroa","GNA":"Departamento","NAM":"Figueroa","SAG":"Catastro Provinciales","FDC":null,"IN1":"86070","SHAPE_STAr":0.648860732638,"SHAPE_STLe":4.35280545097}},{"type":"Feature","geometry":{"type":"Polygon","coordinates":[[[-61.71117,-26.23449],[-61.71113,-25.65467],[-63.42247,-25.64903],[-63.47606,-25.70976],[-63.56731,-25.70947],[-63.66047,-25.68537],[-63.91815,-25.68242],[-63.89262,-25.71511],[-63.89677,-25.73368],[-63.87767,-25.77375],[-63.83867,-25.7897],[-63.84624,-25.82054],[-63.83036,-25.83182],[-63.83031,-25.84684],[-63.81731,-25.84691],[-63.82252,-25.85269],[-63.7856,-25.88023],[-63.77869,-25.90195],[-63.7881,-25.90317],[-63.79157,-25.92992],[-63.78364,-25.91538],[-63.76468,-25.9152],[-63.75345,-25.94713],[-63.74603,-25.93767],[-63.74799,-25.95126],[-63.73486,-25.95558],[-63.74527,-25.96672],[-63.72757,-25.96837],[-63.73159,-26.00957],[-63.7117,-26.01363],[-63.71332,-26.02283],[-63.69949,-26.01709],[-63.69019,-26.03414],[-63.70542,-26.06381],[-63.69353,-26.0684],[-63.70954,-26.09665],[-63.7051,-26.10987],[-63.76257,-26.19427],[-63.76133,-26.21431],[-62.83281,-26.23087],[-61.71117,-26.23449]]]},"properties":{"fid":122,"Entidad":0,"Objeto":"Departamento","FNA":"Departamento Copo","GNA":"Departamento","NAM":"Copo","SAG":"Catastro Provinciales","FDC":null,"IN1":"86056","SHAPE_STAr":1.1767422451,"SHAPE_STLe":6.0332370171}},{"type":"Feature","geometry":{"type":"Polygon","coordinates":[[[-61.71117,-26.23449],[-62.83281,-26.23087],[-63.76133,-26.21431],[-63.7737,-26.26456],[-63.76159,-26.31838],[-63.72073,-26.37626],[-63.7204,-26.40949],[-63.69234,-26.47867],[-63.64672,-26.5281],[-63.65254,-26.59698],[-63.67347,-26.64379],[-63.65456,-26.66587],[-63.65231,-26.74847],[-63.66929,-26.77232],[-63.6618,-26.78898],[-63.67415,-26.79718],[-63.67292,-26.8309],[-63.68912,-26.86526],[-63.68207,-26.90703],[-63.65719,-26.92512],[-63.5485,-26.92553],[-63.57102,-26.88722],[-63.37839,-26.888],[-63.37839,-26.76409],[-63.23369,-26.76478],[-63.23359,-26.79424],[-62.9293,-26.79374],[-62.92848,-26.82026],[-62.7659,-26.82348],[-62.76512,-26.83198],[-62.50402,-26.83267],[-62.50422,-26.78722],[-62.06482,-26.78988],[-62.06466,-26.80943],[-61.71119,-26.80911],[-61.71119,-26.7556],[-61.71119,-26.65361],[-61.71117,-26.23449]]]},"properties":{"fid":36,"Entidad":0,"Objeto":"Departamento","FNA":"Departamento Alberdi","GNA":"Departamento","NAM":"Alberdi","SAG":"Catastro Provinciales","FDC":null,"IN1":"86014","SHAPE_STAr":1.16808574271,"SHAPE_STLe":5.76734330852}},{"type":"Feature","geometry":{"type":"Polygon","coordinates":[[[-63.48148,-27.8358],[-63.58091,-27.86702],[-63.59263,-27.82957],[-63.66051,-27.81763],[-63.68918,-27.98389],[-63.72908,-27.97728],[-63.73457,-28.00307],[-63.73702,-28.01449],[-63.65074,-28.07479],[-63.65352,-28.08783],[-63.64167,-28.09028],[-63.65386,-28.14753],[-63.60641,-28.14972],[-63.61683,-28.19896],[-63.58086,-28.20504],[-63.57864,-28.2421],[-63.51287,-28.25658],[-63.46734,-28.25524],[-63.45969,-28.21236],[-63.36158,-28.31703],[-63.33299,-28.32213],[-63.33395,-28.32988],[-63.23093,-28.34934],[-63.22829,-28.32733],[-63.10967,-28.32723],[-63.1107,-28.31655],[-63.0954,-28.27014],[-63.13361,-28.24339],[-63.14493,-28.20693],[-63.20029,-28.16587],[-63.23905,-28.16994],[-63.2702,-28.15967],[-63.29376,-28.08673],[-63.31756,-28.08066],[-63.32797,-28.05433],[-63.39805,-28.02855],[-63.40974,-27.97276],[-63.44496,-27.95342],[-63.44247,-27.92279],[-63.46697,-27.90718],[-63.45774,-27.88252],[-63.48148,-27.8358]]]},"properties":{"fid":156,"Entidad":0,"Objeto":"Departamento","FNA":"Departamento Sarmiento","GNA":"Departamento","NAM":"Sarmiento","SAG":"Catastro Provinciales","FDC":null,"IN1":"86182","SHAPE_STAr":0.15464117819,"SHAPE_STLe":2.39974495064}},{"type":"Feature","geometry":{"type":"Polygon","coordinates":[[[-62.3423,-22.46084],[-62.37122,-22.4605],[-62.38061,-22.47358],[-62.38517,-22.45374],[-62.40484,-22.45135],[-62.43445,-22.41921],[-62.44568,-22.42334],[-62.44796,-22.40229],[-62.46547,-22.4026],[-62.46389,-22.37207],[-62.5186,-22.37824],[-62.53458,-22.36799],[-62.54034,-22.32857],[-62.57077,-22.3334],[-62.56919,-22.30977],[-62.59504,-22.32176],[-62.60377,-22.30669],[-62.634,-22.30741],[-62.64232,-22.29467],[-62.63065,-22.28246],[-62.63253,-22.24157],[-62.6409,-22.23626],[-62.66023,-22.25068],[-62.68492,-22.21234],[-62.72063,-22.20206],[-62.73803,-22.17117],[-62.76513,-22.15231],[-62.77875,-22.16796],[-62.78885,-22.16495],[-62.81394,-22.10501],[-62.79696,-22.06676],[-62.81424,-22.04216],[-62.81118,-21.99877],[-63.13218,-22],[-63.12308,-22.94428],[-63.20369,-22.94309],[-63.26608,-23.45968],[-63.28157,-23.45806],[-63.29572,-23.53485],[-63.2688,-23.55936],[-63.27724,-23.64929],[-63.2962,-23.65086],[-63.33124,-23.62563],[-63.32375,-23.6043],[-63.36759,-23.5872],[-63.36186,-23.56319],[-63.39376,-23.55089],[-63.40212,-23.53525],[-63.43702,-23.7103],[-63.45781,-23.70636],[-63.53042,-24.12787],[-63.427,-24.14492],[-63.43471,-24.18433],[-63.34479,-24.15674],[-63.37699,-24.30416],[-63.29957,-24.27825],[-63.30316,-24.31645],[-63.23206,-24.32205],[-63.20371,-24.21698],[-63.16099,-24.22171],[-63.17188,-24.30454],[-63.05305,-24.39222],[-63.02627,-24.23404],[-62.94654,-24.27423],[-62.93694,-24.71599],[-63.23412,-24.71876],[-63.23351,-24.85657],[-63.07461,-24.85559],[-63.07142,-25.24087],[-62.71881,-24.8309],[-62.34173,-24.39247],[-62.34187,-24.10794],[-62.34203,-23.49542],[-62.3423,-22.46084]]]},"properties":{"fid":355,"Entidad":0,"Objeto":"Departamento","FNA":"Departamento Rivadavia","GNA":"Departamento","NAM":"Rivadavia","SAG":"IDE Salta","FDC":null,"IN1":"66133","SHAPE_STAr":2.31526752121,"SHAPE_STLe":9.66246373042}},{"type":"Feature","geometry":{"type":"Polygon","coordinates":[[[-63.2235,-27.72803],[-63.26531,-27.72117],[-63.27524,-27.76611],[-63.34153,-27.75483],[-63.34523,-27.77093],[-63.49934,-27.78137],[-63.4903,-27.79124],[-63.4955,-27.82407],[-63.48034,-27.82524],[-63.48148,-27.8358],[-63.45774,-27.88252],[-63.46697,-27.90718],[-63.44247,-27.92279],[-63.44496,-27.95342],[-63.40974,-27.97276],[-63.39805,-28.02855],[-63.32797,-28.05433],[-63.31756,-28.08066],[-63.29376,-28.08673],[-63.2702,-28.15967],[-63.23905,-28.16994],[-63.20029,-28.16587],[-63.14493,-28.20693],[-63.13361,-28.24339],[-63.0954,-28.27014],[-63.1107,-28.31655],[-61.86408,-28.31884],[-61.87104,-28.35769],[-61.77172,-28.35709],[-61.71126,-27.99942],[-61.71125,-27.79709],[-62.23142,-27.79047],[-62.23198,-27.81988],[-62.57057,-27.81761],[-62.57026,-27.79925],[-62.67444,-27.79818],[-62.67418,-27.82027],[-62.8843,-27.81976],[-62.88434,-27.7776],[-62.94818,-27.77526],[-62.94857,-27.75146],[-63.2235,-27.72803]]]},"properties":{"fid":37,"Entidad":0,"Objeto":"Departamento","FNA":"Departamento Juan F. Ibarra","GNA":"Departamento","NAM":"Juan F. Ibarra","SAG":"Catastro Provinciales","FDC":null,"IN1":"86098","SHAPE_STAr":0.849187376365,"SHAPE_STLe":4.98426681362}},{"type":"Feature","geometry":{"type":"Polygon","coordinates":[[[-60.79979,-26.11488],[-61.20358,-26.10901],[-61.19357,-25.5635],[-61.39383,-25.56039],[-61.39366,-25.4695],[-62.21856,-25.46668],[-62.21856,-24.83011],[-62.71881,-24.8309],[-63.07142,-25.24087],[-63.42247,-25.64903],[-61.71113,-25.65467],[-61.71117,-26.23449],[-61.71119,-26.65361],[-61.33222,-26.65835],[-60.98999,-26.66133],[-60.93005,-26.66177],[-60.90019,-26.67685],[-60.78882,-26.42551],[-60.80452,-26.4199],[-60.79979,-26.11488]]]},"properties":{"fid":181,"Entidad":0,"Objeto":"Departamento","FNA":"Departamento Almirante Brown","GNA":"Departamento","NAM":"Almirante Brown","SAG":"IDE Chaco","FDC":null,"IN1":"22007","SHAPE_STAr":1.59465243121,"SHAPE_STLe":8.40612502853}},{"type":"Feature","geometry":{"type":"Polygon","coordinates":[[[-61.71119,-26.80911],[-62.06466,-26.80943],[-62.06482,-26.78988],[-62.50422,-26.78722],[-62.50402,-26.83267],[-62.76512,-26.83198],[-62.7659,-26.82348],[-62.92848,-26.82026],[-62.9293,-26.79374],[-63.23359,-26.79424],[-63.23343,-26.84172],[-63.21185,-26.84176],[-63.21178,-26.8781],[-63.23406,-26.87807],[-63.24074,-27.00658],[-63.23112,-27.0066],[-63.23117,-27.0307],[-63.24121,-27.03068],[-63.24082,-27.1085],[-63.25701,-27.10859],[-63.25724,-27.14956],[-63.2222,-27.14949],[-63.2552,-27.31209],[-63.208,-27.3215],[-63.20253,-27.43903],[-63.25218,-27.44345],[-63.26295,-27.49675],[-63.23242,-27.50005],[-63.24161,-27.53651],[-63.18391,-27.54746],[-63.21732,-27.702],[-63.22855,-27.69994],[-63.2235,-27.72803],[-62.94857,-27.75146],[-62.94818,-27.77526],[-62.88434,-27.7776],[-62.8843,-27.81976],[-62.67418,-27.82027],[-62.67444,-27.79818],[-62.57026,-27.79925],[-62.57057,-27.81761],[-62.23198,-27.81988],[-62.23142,-27.79047],[-61.71125,-27.79709],[-61.71124,-27.71401],[-61.7112,-26.92863],[-61.71119,-26.80911]]]},"properties":{"fid":282,"Entidad":0,"Objeto":"Departamento","FNA":"Departamento Moreno","GNA":"Departamento","NAM":"Moreno","SAG":"Catastro Provinciales","FDC":null,"IN1":"86119","SHAPE_STAr":1.49729918406,"SHAPE_STLe":5.5302884354}},{"type":"Feature","geometry":{"type":"Polygon","coordinates":[[[-60.09862,-25.66917],[-60.13834,-25.64245],[-60.17287,-25.65388],[-60.1892,-25.64812],[-60.18154,-25.63428],[-60.199,-25.60071],[-60.21994,-25.59977],[-60.21358,-25.57847],[-60.23989,-25.55772],[-60.22297,-25.52567],[-60.22669,-25.50271],[-60.23844,-25.49997],[-60.22826,-25.48014],[-60.24403,-25.46917],[-60.2547,-25.47464],[-60.26109,-25.46075],[-60.28126,-25.4667],[-60.28263,-25.43315],[-60.33591,-25.39292],[-60.32253,-25.37602],[-60.30764,-25.39166],[-60.31629,-25.36699],[-60.34509,-25.37735],[-60.3414,-25.36147],[-60.35547,-25.36006],[-60.34844,-25.33857],[-60.38398,-25.32386],[-60.39684,-25.33127],[-60.40738,-25.30847],[-60.41952,-25.31795],[-60.44869,-25.25896],[-60.48714,-25.23532],[-60.48349,-25.22199],[-60.52965,-25.17178],[-60.54695,-25.16706],[-60.55113,-25.19344],[-60.61174,-25.16036],[-60.62476,-25.16639],[-60.6094,-25.1742],[-60.62206,-25.17751],[-60.66318,-25.16253],[-60.65249,-25.15266],[-60.67084,-25.14781],[-60.65794,-25.111],[-60.72145,-25.12521],[-60.73817,-25.11454],[-60.73991,-25.09135],[-60.75203,-25.1006],[-60.76573,-25.09026],[-60.75445,-25.06763],[-60.80714,-25.06497],[-60.81244,-25.07353],[-60.83466,-25.04379],[-60.82673,-25.03333],[-60.87424,-25.03496],[-60.87498,-25.01971],[-60.89663,-25.02062],[-60.91218,-25.00709],[-60.93196,-25.01313],[-60.9251,-25.00377],[-60.94158,-24.99127],[-60.92085,-24.98049],[-60.94274,-24.98064],[-60.93901,-24.96015],[-60.94828,-24.95721],[-60.95352,-24.97265],[-60.96397,-24.94839],[-60.99802,-24.93397],[-60.99419,-24.91638],[-61.02222,-24.92079],[-61.02884,-24.88867],[-61.04738,-24.89837],[-61.0751,-24.8727],[-61.07379,-24.85641],[-61.09329,-24.84848],[-61.09805,-24.82757],[-61.10742,-24.83484],[-61.14424,-24.79888],[-61.13767,-24.78532],[-61.15266,-24.78699],[-61.16036,-24.77086],[-61.14784,-24.7552],[-61.17385,-24.73357],[-61.1574,-24.70972],[-61.18364,-24.72108],[-61.20807,-24.69803],[-61.20157,-24.65579],[-61.23205,-24.63968],[-61.24577,-24.64956],[-61.26225,-24.61997],[-61.27413,-24.63888],[-61.29445,-24.62571],[-61.34184,-24.63946],[-61.36419,-24.61951],[-61.37548,-24.64158],[-61.38273,-24.61276],[-61.46106,-24.61088],[-61.52396,-24.53926],[-61.525,-24.51318],[-61.56226,-24.50265],[-61.55494,-24.48519],[-61.57634,-24.49516],[-61.59311,-24.48411],[-61.58448,-24.43999],[-61.60637,-24.45035],[-61.61001,-24.42368],[-61.64706,-24.43383],[-61.69757,-24.41341],[-61.71253,-24.37986],[-61.71101,-24.37012],[-61.69248,-24.36766],[-61.7325,-24.35846],[-61.71486,-24.34051],[-61.7437,-24.33936],[-61.76188,-24.31463],[-61.78206,-24.31436],[-61.7939,-24.3343],[-61.81347,-24.31361],[-61.83478,-24.31937],[-61.84801,-24.32198],[-61.84365,-24.30546],[-61.87932,-24.30732],[-61.88682,-24.27377],[-61.90852,-24.30676],[-61.92026,-24.2839],[-61.90401,-24.27777],[-61.90784,-24.25943],[-61.93391,-24.27301],[-61.96485,-24.231],[-61.98465,-24.22709],[-61.98526,-24.24684],[-62.00761,-24.23295],[-62.04208,-24.23724],[-62.05689,-24.21239],[-62.08758,-24.23204],[-62.07643,-24.2013],[-62.13761,-24.21739],[-62.13832,-24.18749],[-62.18225,-24.19365],[-62.16557,-24.17347],[-62.22421,-24.14218],[-62.31534,-24.11862],[-62.32153,-24.08745],[-62.33385,-24.08666],[-62.34187,-24.10794],[-62.34173,-24.39247],[-62.71881,-24.8309],[-62.21856,-24.83011],[-62.21856,-25.46668],[-61.39366,-25.4695],[-61.39383,-25.56039],[-61.19357,-25.5635],[-61.20358,-26.10901],[-60.79979,-26.11488],[-60.09926,-26.12238],[-60.09862,-25.66917]]]},"properties":{"fid":102,"Entidad":0,"Objeto":"Departamento","FNA":"Departamento General Güemes","GNA":"Departamento","NAM":"General Güemes","SAG":"IDE Chaco","FDC":null,"IN1":"22063","SHAPE_STAr":2.3079940588,"SHAPE_STLe":9.80584528268}},{"type":"Feature","geometry":{"type":"Polygon","coordinates":[[[-60.99721,-27.4177],[-61.7112,-26.92863],[-61.71124,-27.71401],[-61.56927,-27.71424],[-61.57117,-27.48019],[-61.02235,-27.47822],[-60.99728,-27.47811],[-60.99721,-27.4177]]]},"properties":{"fid":84,"Entidad":0,"Objeto":"Departamento","FNA":"Departamento 12 de Octubre","GNA":"Departamento","NAM":"12 de Octubre","SAG":"IDE Chaco","FDC":null,"IN1":"22036","SHAPE_STAr":0.251155011615,"SHAPE_STLe":2.66251228052}},{"type":"Feature","geometry":{"type":"Polygon","coordinates":[[[-60.82074,-27.36633],[-61.71119,-26.7556],[-61.71119,-26.80911],[-61.7112,-26.92863],[-60.99721,-27.4177],[-60.99717,-27.40012],[-60.90942,-27.39985],[-60.82074,-27.36633]]]},"properties":{"fid":283,"Entidad":0,"Objeto":"Departamento","FNA":"Departamento Chacabuco","GNA":"Departamento","NAM":"Chacabuco","SAG":"IDE Chaco","FDC":null,"IN1":"22028","SHAPE_STAr":0.137805797592,"SHAPE_STLe":2.32225185267}},{"type":"Feature","geometry":{"type":"Polygon","coordinates":[[[-65.06969,-23.19949],[-65.08449,-23.19709],[-65.12177,-23.26177],[-65.1789,-23.31971],[-65.16654,-23.37141],[-65.14281,-23.38998],[-65.13744,-23.41731],[-65.16017,-23.44904],[-65.16237,-23.48714],[-65.13134,-23.5307],[-65.1266,-23.57723],[-65.10641,-23.59828],[-65.0848,-23.60182],[-65.07055,-23.63608],[-65.01789,-23.69995],[-64.92031,-23.73328],[-64.9119,-23.72159],[-64.92015,-23.70641],[-64.8993,-23.67171],[-64.89417,-23.59853],[-64.85956,-23.58333],[-64.84308,-23.53306],[-64.84469,-23.4914],[-64.87336,-23.47874],[-64.86844,-23.44742],[-64.89487,-23.44044],[-64.90667,-23.42379],[-64.91053,-23.40082],[-64.89242,-23.35945],[-64.90467,-23.35427],[-64.91018,-23.31081],[-64.94728,-23.26915],[-64.96464,-23.28611],[-65.01011,-23.28511],[-65.03591,-23.25244],[-65.03865,-23.2269],[-65.07197,-23.22032],[-65.06969,-23.19949]]]},"properties":{"fid":362,"Entidad":0,"Objeto":"Departamento","FNA":"Departamento Valle Grande","GNA":"Departamento","NAM":"Valle Grande","SAG":"Direc. Grl. de Inmuebles","FDC":null,"IN1":"38105","SHAPE_STAr":0.107130438832,"SHAPE_STLe":1.63290336249}},{"type":"Feature","geometry":{"type":"Polygon","coordinates":[[[-60.36505,-24.02031],[-60.3805,-24.01909],[-60.38951,-23.99495],[-60.47779,-23.95094],[-60.50966,-23.97086],[-60.55231,-23.9665],[-60.56139,-23.95485],[-60.58993,-23.95884],[-60.58002,-23.953],[-60.59276,-23.94304],[-60.58736,-23.91702],[-60.61282,-23.90382],[-60.64783,-23.90859],[-60.68418,-23.89483],[-60.69421,-23.90259],[-60.71407,-23.88197],[-60.73304,-23.88436],[-60.74297,-23.87272],[-60.84734,-23.87155],[-60.85776,-23.8492],[-60.86653,-23.85362],[-60.93234,-23.80071],[-60.95895,-23.82057],[-60.96495,-23.80863],[-60.98681,-23.81287],[-61.0204,-23.77263],[-61.01514,-23.75825],[-61.03999,-23.74302],[-61.08672,-23.67986],[-61.08114,-23.6709],[-61.09518,-23.66666],[-61.0905,-23.63905],[-61.10115,-23.62698],[-61.08951,-23.61386],[-61.12119,-23.59607],[-61.12189,-23.5849],[-61.13192,-23.59801],[-61.13017,-23.5785],[-61.1466,-23.58021],[-61.15516,-23.57293],[-61.14556,-23.57043],[-61.16495,-23.56668],[-61.17657,-23.54754],[-61.19537,-23.54997],[-61.18974,-23.54067],[-61.21512,-23.55175],[-61.2469,-23.5408],[-61.26315,-23.51633],[-61.27761,-23.51699],[-61.27379,-23.50619],[-61.28392,-23.50042],[-61.2921,-23.50929],[-61.28086,-23.48867],[-61.29267,-23.49543],[-61.31786,-23.47005],[-61.34657,-23.46394],[-61.35207,-23.44995],[-61.37642,-23.45757],[-61.38466,-23.44725],[-61.38466,-23.45901],[-61.4011,-23.44518],[-61.41965,-23.4472],[-61.44949,-23.41905],[-61.49412,-23.42444],[-61.52221,-23.37727],[-61.51603,-23.35111],[-61.56656,-23.33938],[-61.57295,-23.30403],[-61.59005,-23.30465],[-61.60747,-23.28347],[-61.63666,-23.27543],[-61.66962,-23.28514],[-61.66307,-23.27665],[-61.68141,-23.27369],[-61.71049,-23.24242],[-61.72812,-23.24163],[-61.74861,-23.17781],[-61.80879,-23.15539],[-61.81826,-23.1271],[-61.83074,-23.12568],[-61.85177,-23.09446],[-61.84389,-23.49292],[-61.83478,-24.31937],[-61.81347,-24.31361],[-61.7939,-24.3343],[-61.78206,-24.31436],[-61.76188,-24.31463],[-61.7437,-24.33936],[-61.71486,-24.34051],[-61.7325,-24.35846],[-61.69248,-24.36766],[-61.71101,-24.37012],[-61.71253,-24.37986],[-61.69757,-24.41341],[-61.64706,-24.43383],[-61.61001,-24.42368],[-61.60637,-24.45035],[-61.58448,-24.43999],[-61.59311,-24.48411],[-61.57634,-24.49516],[-61.55494,-24.48519],[-61.56226,-24.50265],[-61.525,-24.51318],[-61.52396,-24.53926],[-61.46106,-24.61088],[-61.38273,-24.61276],[-61.37548,-24.64158],[-61.36419,-24.61951],[-61.34184,-24.63946],[-61.29445,-24.62571],[-61.27413,-24.63888],[-61.26225,-24.61997],[-61.24577,-24.64956],[-61.23205,-24.63968],[-61.20157,-24.65579],[-61.20807,-24.69803],[-61.18364,-24.72108],[-61.1574,-24.70972],[-61.17385,-24.73357],[-61.14784,-24.7552],[-61.16036,-24.77086],[-61.15266,-24.78699],[-61.13767,-24.78532],[-61.14424,-24.79888],[-60.36505,-24.02031]]]},"properties":{"fid":364,"Entidad":0,"Objeto":"Departamento","FNA":"Departamento Bermejo","GNA":"Departamento","NAM":"Bermejo","SAG":"IGN","FDC":null,"IN1":"34007","SHAPE_STAr":1.23139900462,"SHAPE_STLe":6.34823432908}},{"type":"Feature","geometry":{"type":"Polygon","coordinates":[[[-64.58476,-22.67584],[-64.61003,-22.66843],[-64.67573,-22.7569],[-64.69914,-22.7601],[-64.74327,-22.79754],[-64.77814,-22.8079],[-64.79566,-22.80117],[-64.7909,-22.77752],[-64.7533,-22.73321],[-64.76562,-22.58206],[-64.79463,-22.51234],[-64.84218,-22.46802],[-64.85177,-22.47032],[-64.84854,-22.51567],[-64.80641,-22.57581],[-64.81201,-22.58897],[-64.84379,-22.59939],[-64.87521,-22.59934],[-64.89099,-22.582],[-65.00053,-22.58464],[-65.05762,-22.54435],[-65.09028,-22.60282],[-65.15069,-22.60435],[-65.25892,-22.56777],[-65.28469,-22.54144],[-65.31042,-22.54406],[-65.34541,-22.52841],[-65.34864,-22.55118],[-65.34471,-22.60638],[-65.27166,-22.64823],[-65.30606,-22.7304],[-65.30199,-22.76502],[-65.27423,-22.79011],[-65.26279,-22.874],[-65.24923,-22.89048],[-65.25169,-22.92796],[-65.21824,-22.95895],[-65.19902,-22.95806],[-65.2017,-22.96924],[-65.18748,-22.9718],[-65.18891,-22.99815],[-65.13376,-23.00188],[-65.06797,-23.04495],[-65.02291,-23.01871],[-64.99389,-23.04796],[-64.94048,-23.03176],[-64.89868,-23.05168],[-64.84199,-23.04601],[-64.80391,-23.06153],[-64.78274,-23.05451],[-64.73423,-23.06383],[-64.6794,-23.03412],[-64.63152,-23.08663],[-64.56339,-23.07022],[-64.56236,-23.00555],[-64.55003,-22.96555],[-64.52686,-22.93953],[-64.57377,-22.90727],[-64.54539,-22.89843],[-64.52674,-22.91393],[-64.49785,-22.90798],[-64.49222,-22.88678],[-64.50103,-22.87867],[-64.48629,-22.86901],[-64.50346,-22.86585],[-64.5198,-22.83115],[-64.51139,-22.82499],[-64.52153,-22.81402],[-64.51565,-22.76318],[-64.53887,-22.72962],[-64.53762,-22.7113],[-64.55076,-22.71079],[-64.58476,-22.67584]]]},"properties":{"fid":366,"Entidad":0,"Objeto":"Departamento","FNA":"Departamento Iruya","GNA":"Departamento","NAM":"Iruya","SAG":"IDE Salta","FDC":null,"IN1":"66070","SHAPE_STAr":0.310615014979,"SHAPE_STLe":3.51675952479}},{"type":"Feature","geometry":{"type":"Polygon","coordinates":[[[-61.83478,-24.31937],[-61.84389,-23.49292],[-62.34203,-23.49542],[-62.34187,-24.10794],[-62.33385,-24.08666],[-62.32153,-24.08745],[-62.31534,-24.11862],[-62.22421,-24.14218],[-62.16557,-24.17347],[-62.18225,-24.19365],[-62.13832,-24.18749],[-62.13761,-24.21739],[-62.07643,-24.2013],[-62.08758,-24.23204],[-62.05689,-24.21239],[-62.04208,-24.23724],[-62.00761,-24.23295],[-61.98526,-24.24684],[-61.98465,-24.22709],[-61.96485,-24.231],[-61.93391,-24.27301],[-61.90784,-24.25943],[-61.90401,-24.27777],[-61.92026,-24.2839],[-61.90852,-24.30676],[-61.88682,-24.27377],[-61.87932,-24.30732],[-61.84365,-24.30546],[-61.84801,-24.32198],[-61.83478,-24.31937]]]},"properties":{"fid":367,"Entidad":0,"Objeto":"Departamento","FNA":"Departamento Matacos","GNA":"Departamento","NAM":"Matacos","SAG":"IGN","FDC":null,"IN1":"34028","SHAPE_STAr":0.359701141732,"SHAPE_STLe":2.84813897757}},{"type":"Feature","geometry":{"type":"Polygon","coordinates":[[[-64.31503,-22.8827],[-64.31478,-22.86713],[-64.33643,-22.87374],[-64.34086,-22.86158],[-64.32821,-22.86203],[-64.32673,-22.83767],[-64.3301,-22.81219],[-64.34254,-22.80581],[-64.34433,-22.7394],[-64.36253,-22.72371],[-64.40321,-22.7187],[-64.39073,-22.7121],[-64.39473,-22.68568],[-64.41592,-22.67857],[-64.41367,-22.65664],[-64.44135,-22.63879],[-64.42399,-22.63436],[-64.43389,-22.63134],[-64.4302,-22.58173],[-64.40958,-22.56295],[-64.41208,-22.53838],[-64.42891,-22.5217],[-64.44831,-22.52156],[-64.44491,-22.5064],[-64.48169,-22.48109],[-64.50347,-22.52197],[-64.49392,-22.5391],[-64.5033,-22.60677],[-64.54704,-22.66168],[-64.58476,-22.67584],[-64.55076,-22.71079],[-64.53762,-22.7113],[-64.53887,-22.72962],[-64.51565,-22.76318],[-64.52153,-22.81402],[-64.51139,-22.82499],[-64.5198,-22.83115],[-64.50346,-22.86585],[-64.48629,-22.86901],[-64.50103,-22.87867],[-64.49222,-22.88678],[-64.49785,-22.90798],[-64.52674,-22.91393],[-64.54539,-22.89843],[-64.57377,-22.90727],[-64.52686,-22.93953],[-64.55003,-22.96555],[-64.56236,-23.00555],[-64.56339,-23.07022],[-64.63152,-23.08663],[-64.6794,-23.03412],[-64.73423,-23.06383],[-64.78274,-23.05451],[-64.80391,-23.06153],[-64.84199,-23.04601],[-64.89868,-23.05168],[-64.94048,-23.03176],[-64.99389,-23.04796],[-65.02291,-23.01871],[-65.06797,-23.04495],[-65.06221,-23.11878],[-65.0717,-23.13765],[-65.04502,-23.15574],[-65.06969,-23.19949],[-65.07197,-23.22032],[-65.03865,-23.2269],[-65.03591,-23.25244],[-65.01011,-23.28511],[-64.96464,-23.28611],[-64.94728,-23.26915],[-64.91018,-23.31081],[-64.90467,-23.35427],[-64.89242,-23.35945],[-64.91053,-23.40082],[-64.90667,-23.42379],[-64.89487,-23.44044],[-64.86844,-23.44742],[-64.87336,-23.47874],[-64.84469,-23.4914],[-64.84087,-23.4844],[-64.78748,-23.49616],[-64.76115,-23.47566],[-64.73943,-23.47894],[-64.73843,-23.46762],[-64.68253,-23.45243],[-64.65769,-23.48317],[-64.53256,-23.52136],[-64.53483,-23.5384],[-64.49562,-23.56726],[-64.47896,-23.60851],[-64.45747,-23.61144],[-64.46613,-23.62126],[-64.44497,-23.64009],[-64.43132,-23.63283],[-64.39391,-23.60809],[-64.38843,-23.58033],[-64.39708,-23.57342],[-64.35705,-23.51792],[-64.15706,-23.51804],[-64.15797,-24.15482],[-64.0084,-24.16357],[-63.64438,-24.22347],[-63.62253,-24.11262],[-63.53042,-24.12787],[-63.45781,-23.70636],[-63.43702,-23.7103],[-63.40212,-23.53525],[-63.40983,-23.51154],[-63.49887,-23.45148],[-63.58952,-23.43064],[-63.61746,-23.38802],[-63.63798,-23.3976],[-63.66244,-23.39094],[-63.6998,-23.3383],[-63.72619,-23.32243],[-63.84434,-23.32343],[-63.91001,-23.29972],[-63.94423,-23.32798],[-63.95631,-23.31477],[-64.00704,-23.33243],[-64.0392,-23.30792],[-64.07297,-23.30586],[-64.09339,-23.25446],[-64.10833,-23.26292],[-64.14094,-23.24835],[-64.1624,-23.27314],[-64.18721,-23.26872],[-64.17763,-23.23453],[-64.21396,-23.22575],[-64.22696,-23.20657],[-64.21408,-23.18213],[-64.19616,-23.19768],[-64.16802,-23.2007],[-64.20368,-23.18207],[-64.1828,-23.1527],[-64.20912,-23.15626],[-64.19075,-23.12908],[-64.21351,-23.13508],[-64.20341,-23.1228],[-64.21159,-23.08877],[-64.21856,-23.09926],[-64.2388,-23.09633],[-64.24763,-23.06878],[-64.27612,-23.06651],[-64.27034,-23.04133],[-64.28159,-23.02894],[-64.32458,-23.02057],[-64.33272,-23.0089],[-64.32722,-22.95335],[-64.34243,-22.93024],[-64.32546,-22.91695],[-64.31503,-22.8827]]]},"properties":{"fid":369,"Entidad":0,"Objeto":"Departamento","FNA":"Departamento Orán","GNA":"Departamento","NAM":"Orán","SAG":"IDE Salta","FDC":null,"IN1":"66126","SHAPE_STAr":1.02883933244,"SHAPE_STLe":7.86708223523}},{"type":"Feature","geometry":{"type":"Polygon","coordinates":[[[-64.15797,-24.15482],[-64.15706,-23.51804],[-64.35705,-23.51792],[-64.39708,-23.57342],[-64.38843,-23.58033],[-64.39391,-23.60809],[-64.43132,-23.63283],[-64.4868,-23.68335],[-64.48476,-23.70061],[-64.5107,-23.69975],[-64.56837,-23.73026],[-64.57227,-23.7885],[-64.5906,-23.81869],[-64.6114,-23.81637],[-64.61935,-23.83356],[-64.61179,-23.84761],[-64.62722,-23.84873],[-64.62828,-23.87372],[-64.64475,-23.87732],[-64.66006,-23.91339],[-64.64761,-23.92571],[-64.66501,-23.9315],[-64.65868,-23.95138],[-64.67004,-23.96535],[-64.66135,-23.97338],[-64.67422,-23.98266],[-64.66403,-23.99241],[-64.6889,-23.99341],[-64.69356,-24.014],[-64.67956,-24.01604],[-64.71575,-24.05583],[-64.70572,-24.06419],[-64.72168,-24.09705],[-64.69289,-24.16548],[-64.69278,-24.20937],[-64.74119,-24.31524],[-64.69172,-24.33517],[-64.64453,-24.33599],[-64.57896,-24.32059],[-64.5305,-24.32543],[-64.49588,-24.3015],[-64.52417,-24.334],[-64.54727,-24.42142],[-64.54779,-24.43463],[-64.52267,-24.46018],[-64.53265,-24.50485],[-64.5,-24.50637],[-64.48188,-24.46512],[-64.45537,-24.46304],[-64.4363,-24.44266],[-64.42165,-24.40221],[-64.31834,-24.42716],[-64.27377,-24.39333],[-64.25198,-24.36417],[-64.2524,-24.34443],[-64.22313,-24.32937],[-64.18002,-24.26365],[-64.16184,-24.22106],[-64.17501,-24.21257],[-64.15797,-24.15482]]]},"properties":{"fid":375,"Entidad":0,"Objeto":"Departamento","FNA":"Departamento Santa Bárbara","GNA":"Departamento","NAM":"Santa Bárbara","SAG":"Direc. Grl. de Inmuebles","FDC":null,"IN1":"38070","SHAPE_STAr":0.390029406417,"SHAPE_STLe":3.46183354484}},{"type":"Feature","geometry":{"type":"Polygon","coordinates":[[[-61.85177,-23.09446],[-61.86356,-23.08471],[-61.87265,-23.09313],[-61.87773,-23.08244],[-61.88816,-23.08721],[-61.89183,-23.06963],[-61.93473,-23.06769],[-61.94006,-23.04654],[-61.95534,-23.04851],[-61.95161,-23.03376],[-61.98278,-23.0229],[-61.98947,-23.00292],[-61.99712,-23.01018],[-61.9925,-22.99203],[-62.00595,-22.98847],[-61.99677,-22.96608],[-62.01038,-22.97569],[-61.99595,-22.95153],[-61.9996,-22.92958],[-62.02482,-22.92771],[-62.02164,-22.9083],[-62.04055,-22.86942],[-62.07217,-22.84667],[-62.09524,-22.80614],[-62.1082,-22.81953],[-62.11557,-22.79491],[-62.13963,-22.78072],[-62.13459,-22.77147],[-62.14729,-22.7648],[-62.13856,-22.76162],[-62.16253,-22.75301],[-62.16109,-22.7325],[-62.18591,-22.70426],[-62.19503,-22.71507],[-62.20095,-22.70696],[-62.19971,-22.69417],[-62.17722,-22.69361],[-62.18629,-22.67869],[-62.20102,-22.68366],[-62.18896,-22.62255],[-62.20775,-22.64572],[-62.22574,-22.62264],[-62.24198,-22.62874],[-62.23579,-22.61573],[-62.25145,-22.61249],[-62.25358,-22.60047],[-62.26379,-22.60358],[-62.23323,-22.56986],[-62.2341,-22.54433],[-62.2549,-22.53162],[-62.25043,-22.51699],[-62.28092,-22.51143],[-62.28654,-22.52314],[-62.2902,-22.47461],[-62.32732,-22.48431],[-62.3423,-22.46084],[-62.34203,-23.49542],[-61.84389,-23.49292],[-61.85177,-23.09446]]]},"properties":{"fid":377,"Entidad":0,"Objeto":"Departamento","FNA":"Departamento Ramón Lista","GNA":"Departamento","NAM":"Ramón Lista","SAG":"IGN","FDC":null,"IN1":"34063","SHAPE_STAr":0.338782268402,"SHAPE_STLe":3.39726776089}},{"type":"Feature","geometry":{"type":"Polygon","coordinates":[[[-64.71039,-26.83618],[-64.71984,-26.83456],[-64.72485,-26.86747],[-64.75241,-26.86363],[-64.78125,-26.8579],[-64.7783,-26.84432],[-64.80837,-26.83984],[-64.80518,-26.82249],[-64.846,-26.81503],[-64.85208,-26.84092],[-64.89405,-26.833],[-64.8797,-26.77395],[-64.93688,-26.76352],[-64.94788,-26.80672],[-65.10468,-26.77686],[-65.09987,-26.75574],[-65.1299,-26.7441],[-65.15726,-26.75639],[-65.16097,-26.79094],[-65.15955,-26.81493],[-65.20808,-26.89312],[-65.20925,-26.91421],[-65.21486,-26.95162],[-65.23475,-26.96831],[-65.23284,-26.97946],[-65.24184,-26.97696],[-65.24603,-26.99753],[-65.12131,-27.02595],[-65.11907,-27.01622],[-65.04965,-27.02945],[-65.04655,-27.01513],[-64.78117,-27.07661],[-64.76698,-27.01429],[-64.75365,-27.01666],[-64.74259,-27.00441],[-64.71039,-26.83618]]]},"properties":{"fid":392,"Entidad":0,"Objeto":"Departamento","FNA":"Departamento Cruz Alta","GNA":"Departamento","NAM":"Cruz Alta","SAG":"IDE Tucuman","FDC":null,"IN1":"90014","SHAPE_STAr":0.109809714094,"SHAPE_STLe":1.85420887118}},{"type":"Feature","geometry":{"type":"Polygon","coordinates":[[[-64.49532,-26.21937],[-64.56415,-26.22693],[-64.57958,-26.21818],[-64.66779,-26.24272],[-64.73215,-26.24156],[-64.75907,-26.22399],[-64.79041,-26.22372],[-64.82277,-26.24269],[-64.84532,-26.2386],[-64.87344,-26.27492],[-64.94161,-26.30225],[-64.96093,-26.30398],[-64.97252,-26.27438],[-65.03782,-26.29028],[-65.04473,-26.32032],[-65.10305,-26.40005],[-65.11445,-26.50875],[-65.14092,-26.50779],[-65.16733,-26.55363],[-65.19116,-26.55367],[-65.19142,-26.58074],[-65.1719,-26.57842],[-65.16542,-26.59938],[-65.18662,-26.61802],[-65.1918,-26.64097],[-65.17314,-26.65643],[-65.17653,-26.6852],[-65.15455,-26.72673],[-65.15726,-26.75639],[-65.1299,-26.7441],[-65.09987,-26.75574],[-65.10468,-26.77686],[-64.94788,-26.80672],[-64.93688,-26.76352],[-64.8797,-26.77395],[-64.89405,-26.833],[-64.85208,-26.84092],[-64.846,-26.81503],[-64.80518,-26.82249],[-64.80837,-26.83984],[-64.7783,-26.84432],[-64.78125,-26.8579],[-64.75241,-26.86363],[-64.72485,-26.86747],[-64.71984,-26.83456],[-64.71039,-26.83618],[-64.7072,-26.81951],[-64.67757,-26.82451],[-64.67262,-26.79401],[-64.61789,-26.80269],[-64.58752,-26.65812],[-64.49876,-26.67347],[-64.50854,-26.55396],[-64.52139,-26.54382],[-64.51734,-26.48646],[-64.53439,-26.41061],[-64.52137,-26.35303],[-64.48199,-26.30684],[-64.50228,-26.23901],[-64.49532,-26.21937]]]},"properties":{"fid":396,"Entidad":0,"Objeto":"Departamento","FNA":"Departamento Burruyacú","GNA":"Departamento","NAM":"Burruyacú","SAG":"IDE Tucuman","FDC":null,"IN1":"90007","SHAPE_STAr":0.328812348683,"SHAPE_STLe":3.06290963197}},{"type":"Feature","geometry":{"type":"Polygon","coordinates":[[[-60.90911,-27.99943],[-60.90866,-27.79386],[-61.01366,-27.79409],[-61.01943,-27.63493],[-61.12984,-27.63533],[-61.12948,-27.70547],[-61.24053,-27.70556],[-61.24014,-27.79418],[-61.56833,-27.79483],[-61.56927,-27.71424],[-61.71124,-27.71401],[-61.71125,-27.79709],[-61.71126,-27.99942],[-60.90999,-27.99943],[-60.90911,-27.99943]]]},"properties":{"fid":492,"Entidad":0,"Objeto":"Departamento","FNA":"Departamento Fray Justo Santa María de Oro","GNA":"Departamento","NAM":"Fray Justo Santa María de Oro","SAG":"IDE Chaco","FDC":null,"IN1":"22043","SHAPE_STAr":0.204243917763,"SHAPE_STLe":2.49579405936}},{"type":"Feature","geometry":{"type":"Polygon","coordinates":[[[-61.33222,-26.65835],[-61.71119,-26.65361],[-61.71119,-26.7556],[-60.82074,-27.36633],[-60.81988,-27.3099],[-60.90586,-27.25203],[-60.84452,-27.18007],[-60.81797,-27.19818],[-60.81703,-27.1424],[-61.21513,-26.87045],[-61.18971,-26.84067],[-61.33566,-26.83911],[-61.33222,-26.65835]]]},"properties":{"fid":494,"Entidad":0,"Objeto":"Departamento","FNA":"Departamento 9 de Julio","GNA":"Departamento","NAM":"9 de Julio","SAG":"IDE Chaco","FDC":null,"IN1":"22105","SHAPE_STAr":0.196672934691,"SHAPE_STLe":2.75184332176}},{"type":"Feature","geometry":{"type":"Polygon","coordinates":[[[-61.01943,-27.63493],[-61.02235,-27.47822],[-61.57117,-27.48019],[-61.56927,-27.71424],[-61.56833,-27.79483],[-61.24014,-27.79418],[-61.24053,-27.70556],[-61.12948,-27.70547],[-61.12984,-27.63533],[-61.01943,-27.63493]]]},"properties":{"fid":498,"Entidad":0,"Objeto":"Departamento","FNA":"Departamento 2 de Abril","GNA":"Departamento","NAM":"2 de Abril","SAG":"IDE Chaco","FDC":null,"IN1":"22039","SHAPE_STAr":0.145950705649,"SHAPE_STLe":1.73235092394}},{"type":"Feature","geometry":{"type":"Polygon","coordinates":[[[-60.98999,-26.66133],[-61.33222,-26.65835],[-61.33566,-26.83911],[-61.18971,-26.84067],[-61.21513,-26.87045],[-60.81703,-27.1424],[-60.81556,-27.05497],[-60.81624,-26.90229],[-60.85142,-26.88991],[-60.88306,-26.92705],[-61.00818,-26.84183],[-60.99273,-26.84196],[-60.98999,-26.66133]]]},"properties":{"fid":505,"Entidad":0,"Objeto":"Departamento","FNA":"Departamento General Belgrano","GNA":"Departamento","NAM":"General Belgrano","SAG":"IDE Chaco","FDC":null,"IN1":"22049","SHAPE_STAr":0.11820103472,"SHAPE_STLe":1.86404150312}},{"type":"Feature","geometry":{"type":"Polygon","coordinates":[[[-62.89967,-38.45666],[-62.65499,-38.26701],[-62.73595,-38.20248],[-62.65471,-38.13911],[-62.81439,-38.01074],[-62.73443,-37.94867],[-62.89556,-37.81916],[-62.73076,-37.6905],[-62.73548,-37.67184],[-62.58143,-37.54922],[-62.62989,-37.51015],[-62.64215,-37.51981],[-62.8132,-37.37393],[-63.37734,-37.81513],[-63.38568,-37.80879],[-63.38531,-38.25292],[-63.38424,-38.82894],[-62.89967,-38.45666]]]},"properties":{"fid":112,"Entidad":0,"Objeto":"Departamento","FNA":"Partido de Puán","GNA":"Partido","NAM":"Puán","SAG":"ARBA - Gerencia de Servicios Catastrales","FDC":null,"IN1":"06651","SHAPE_STAr":0.654714822749,"SHAPE_STLe":4.1269167251}},{"type":"Feature","geometry":{"type":"Polygon","coordinates":[[[-63.28276,-36.60756],[-63.38539,-36.52492],[-63.38531,-36.80784],[-63.38534,-37.25894],[-63.38549,-37.70989],[-63.38568,-37.80879],[-63.37734,-37.81513],[-62.8132,-37.37393],[-62.64215,-37.51981],[-62.62989,-37.51015],[-62.4254,-37.34868],[-62.53881,-37.25742],[-62.50955,-37.23377],[-62.51102,-37.19602],[-62.59499,-37.09639],[-62.64731,-37.12305],[-62.97002,-36.86303],[-63.28276,-36.60756]]]},"properties":{"fid":110,"Entidad":0,"Objeto":"Departamento","FNA":"Partido de Adolfo Alsina","GNA":"Partido","NAM":"Adolfo Alsina","SAG":"ARBA - Gerencia de Servicios Catastrales","FDC":null,"IN1":"06007","SHAPE_STAr":0.596931345104,"SHAPE_STLe":3.88361673949}},{"type":"Feature","geometry":{"type":"Polygon","coordinates":[[[-62.61365,-38.59224],[-62.64897,-38.51661],[-62.73722,-38.58584],[-62.89967,-38.45666],[-63.38424,-38.82894],[-63.38327,-39.32849],[-63.32308,-39.33573],[-63.23932,-39.36635],[-63.17345,-39.41302],[-63.13665,-39.39372],[-63.10185,-39.42441],[-63.11311,-39.45177],[-63.09173,-39.45158],[-63.09969,-39.46815],[-63.06602,-39.46019],[-63.07218,-39.47806],[-63.03268,-39.48097],[-63.02832,-39.49487],[-63.01696,-39.48569],[-63.01338,-39.50328],[-62.97316,-39.50373],[-62.95882,-39.51757],[-62.90868,-39.50514],[-62.85802,-39.5305],[-62.80903,-39.51134],[-62.75441,-39.50618],[-62.69157,-39.53479],[-62.67719,-39.52641],[-62.62384,-39.53106],[-62.61684,-39.54809],[-62.53704,-39.57516],[-62.49034,-39.60751],[-62.47505,-39.62824],[-62.48656,-39.66562],[-62.47639,-39.69367],[-62.43102,-39.72477],[-62.40891,-39.72502],[-62.39758,-39.75362],[-62.37509,-39.76401],[-62.39108,-39.7689],[-62.3901,-39.78013],[-62.37079,-39.77566],[-62.33783,-39.80227],[-62.29967,-39.79721],[-62.2489,-39.81701],[-62.21406,-39.84264],[-62.16209,-39.82893],[-62.14421,-39.83026],[-62.13604,-39.84746],[-62.11944,-39.84571],[-62.12491,-39.74224],[-62.11177,-39.70607],[-62.12271,-39.70767],[-62.09223,-39.67983],[-62.10621,-39.66684],[-62.09931,-39.68561],[-62.11906,-39.66255],[-62.08958,-39.5401],[-62.04538,-39.44834],[-62.13416,-39.39793],[-62.16049,-39.40004],[-62.14719,-39.39781],[-62.14986,-39.38002],[-62.16403,-39.39746],[-62.16707,-39.37527],[-62.18044,-39.39697],[-62.19243,-39.38226],[-62.20759,-39.40104],[-62.19418,-39.37697],[-62.23931,-39.36019],[-62.21157,-39.36093],[-62.20312,-39.34685],[-62.26261,-39.34723],[-62.27993,-39.32586],[-62.25982,-39.32229],[-62.28683,-39.32293],[-62.26056,-39.31543],[-62.27432,-39.30899],[-62.2859,-39.31732],[-62.27715,-39.30675],[-62.2885,-39.29864],[-62.25247,-39.30472],[-62.2299,-39.2966],[-62.19994,-39.3074],[-62.18501,-39.29836],[-62.16746,-39.33112],[-62.08559,-39.39011],[-62.02264,-39.39061],[-62.01091,-39.35794],[-62.01379,-39.36487],[-62.04077,-39.34913],[-62.06229,-39.31983],[-62.12989,-39.29272],[-62.31692,-39.26605],[-62.30169,-39.24504],[-62.28601,-39.25667],[-62.23741,-39.25159],[-62.26029,-39.23124],[-62.28637,-39.23329],[-62.34223,-39.16295],[-62.33234,-39.1325],[-62.35202,-39.113],[-62.33055,-39.11658],[-62.35416,-39.10111],[-62.30661,-39.05289],[-62.29928,-39.02501],[-62.31694,-39.00299],[-62.30038,-38.9934],[-62.32137,-38.99575],[-62.32174,-38.96844],[-62.34571,-38.95031],[-62.32053,-38.90427],[-62.35195,-38.86304],[-62.32615,-38.83818],[-62.3479,-38.84641],[-62.36079,-38.82668],[-62.36272,-38.84546],[-62.37195,-38.84367],[-62.37579,-38.82564],[-62.38716,-38.83806],[-62.39334,-38.82068],[-62.41401,-38.8175],[-62.38852,-38.81503],[-62.39727,-38.79561],[-62.36559,-38.81524],[-62.37166,-38.7993],[-62.35381,-38.81512],[-62.35224,-38.80269],[-62.33722,-38.81446],[-62.30613,-38.79941],[-62.32725,-38.78965],[-62.34058,-38.80208],[-62.35685,-38.78765],[-62.344,-38.77361],[-62.36883,-38.78096],[-62.35289,-38.76951],[-62.37362,-38.76921],[-62.37588,-38.79072],[-62.38243,-38.78081],[-62.40078,-38.78254],[-62.40652,-38.76645],[-62.41214,-38.78614],[-62.42071,-38.77314],[-62.43164,-38.78357],[-62.46026,-38.777],[-62.46793,-38.79013],[-62.47636,-38.78435],[-62.47397,-38.80255],[-62.48767,-38.77118],[-62.51037,-38.76421],[-62.49502,-38.74619],[-62.50427,-38.73845],[-62.47873,-38.75037],[-62.44543,-38.73715],[-62.47289,-38.66329],[-62.59712,-38.62165],[-62.61365,-38.59224]]]},"properties":{"fid":113,"Entidad":0,"Objeto":"Departamento","FNA":"Partido de Villarino","GNA":"Partido","NAM":"Villarino","SAG":"ARBA - Gerencia de Servicios Catastrales","FDC":null,"IN1":"06875","SHAPE_STAr":1.05456331861,"SHAPE_STLe":8.41777843656}},{"type":"Feature","geometry":{"type":"Polygon","coordinates":[[[-63.38242,-39.87192],[-63.3808,-40.40864],[-63.37935,-40.70977],[-63.36273,-40.70302],[-63.35892,-40.72081],[-63.31003,-40.70653],[-63.28397,-40.72872],[-63.19165,-40.71625],[-62.95715,-40.81768],[-62.80154,-40.98213],[-62.78967,-41.02416],[-62.71042,-41.03768],[-62.55304,-40.95919],[-62.41327,-40.92016],[-62.31255,-40.87115],[-62.23231,-40.68791],[-62.17454,-40.63753],[-62.16945,-40.60027],[-62.18194,-40.57683],[-62.25513,-40.53914],[-62.31845,-40.52641],[-62.31629,-40.53538],[-62.25373,-40.5524],[-62.25511,-40.57707],[-62.26215,-40.56296],[-62.2825,-40.57148],[-62.29761,-40.54271],[-62.32073,-40.53534],[-62.32037,-40.50485],[-62.37451,-40.49108],[-62.41895,-40.46367],[-62.42102,-40.42862],[-62.44686,-40.40788],[-62.4894,-40.31769],[-62.44575,-40.25019],[-62.38939,-40.22842],[-62.33889,-40.18688],[-62.32765,-40.15136],[-62.35187,-40.07],[-62.33042,-39.99879],[-62.34223,-39.96371],[-62.32385,-39.94044],[-62.33109,-39.91577],[-62.30358,-39.86202],[-62.2661,-39.85906],[-62.29633,-39.82736],[-62.2489,-39.81701],[-62.29967,-39.79721],[-62.33783,-39.80227],[-62.37079,-39.77566],[-62.3901,-39.78013],[-62.39108,-39.7689],[-62.37509,-39.76401],[-62.39758,-39.75362],[-62.40891,-39.72502],[-62.43102,-39.72477],[-62.47639,-39.69367],[-62.48656,-39.66562],[-62.47505,-39.62824],[-62.49034,-39.60751],[-62.53704,-39.57516],[-62.61684,-39.54809],[-62.62384,-39.53106],[-62.67719,-39.52641],[-62.69157,-39.53479],[-62.75441,-39.50618],[-62.80903,-39.51134],[-62.85802,-39.5305],[-62.90868,-39.50514],[-62.95882,-39.51757],[-62.97316,-39.50373],[-63.01338,-39.50328],[-63.01696,-39.48569],[-63.02832,-39.49487],[-63.03268,-39.48097],[-63.07218,-39.47806],[-63.06602,-39.46019],[-63.09969,-39.46815],[-63.09173,-39.45158],[-63.11311,-39.45177],[-63.10185,-39.42441],[-63.13665,-39.39372],[-63.17345,-39.41302],[-63.23932,-39.36635],[-63.32308,-39.33573],[-63.38327,-39.32849],[-63.38242,-39.87192]]]},"properties":{"fid":329,"Entidad":0,"Objeto":"Departamento","FNA":"Partido de Patagones","GNA":"Partido","NAM":"Patagones","SAG":"ARBA - Gerencia de Servicios Catastrales","FDC":null,"IN1":"06602","SHAPE_STAr":1.42321092648,"SHAPE_STLe":6.34373744892}},{"type":"Feature","geometry":{"type":"Polygon","coordinates":[[[-62.47329,-36.45721],[-62.60758,-36.56142],[-62.81586,-36.7318],[-62.97002,-36.86303],[-62.64731,-37.12305],[-62.59499,-37.09639],[-62.51102,-37.19602],[-62.50955,-37.23377],[-62.53881,-37.25742],[-62.4254,-37.34868],[-62.21177,-37.18027],[-62.20297,-37.18714],[-61.97484,-37.01677],[-61.91627,-37.06714],[-61.87568,-37.03658],[-61.89205,-37.02253],[-61.85977,-36.99255],[-62.0197,-36.84969],[-61.99326,-36.85424],[-62.01662,-36.8223],[-61.99618,-36.82049],[-61.98355,-36.8047],[-62.00005,-36.81165],[-62.17548,-36.66331],[-62.20179,-36.68458],[-62.24898,-36.64596],[-62.224,-36.62264],[-62.38467,-36.48844],[-62.41154,-36.50918],[-62.47329,-36.45721]]]},"properties":{"fid":263,"Entidad":0,"Objeto":"Departamento","FNA":"Partido de Guaminí","GNA":"Partido","NAM":"Guaminí","SAG":"ARBA - Gerencia de Servicios Catastrales","FDC":null,"IN1":"06399","SHAPE_STAr":0.487680384169,"SHAPE_STLe":3.2977377616}},{"type":"Feature","geometry":{"type":"Polygon","coordinates":[[[-62.09893,-37.93548],[-62.15799,-37.96656],[-62.17794,-38.00205],[-62.24484,-38.04173],[-62.28238,-38.09016],[-62.33098,-38.10801],[-62.34607,-38.13629],[-62.44228,-38.05585],[-62.46314,-38.072],[-62.48968,-38.00818],[-62.5753,-38.07517],[-62.73443,-37.94867],[-62.81439,-38.01074],[-62.65471,-38.13911],[-62.73595,-38.20248],[-62.65499,-38.26701],[-62.89967,-38.45666],[-62.73722,-38.58584],[-62.64897,-38.51661],[-62.61365,-38.59224],[-62.38781,-38.40855],[-62.34185,-38.44265],[-62.23976,-38.36088],[-62.20907,-38.39543],[-62.22774,-38.4106],[-62.20949,-38.42442],[-62.22069,-38.43341],[-62.19634,-38.45202],[-62.08465,-38.36274],[-61.99865,-38.42681],[-62.01018,-38.43623],[-61.9886,-38.45251],[-61.93861,-38.41121],[-61.92536,-38.45346],[-61.89304,-38.42614],[-61.81274,-38.48546],[-61.7816,-38.45994],[-61.78188,-38.43753],[-61.74087,-38.40856],[-61.75661,-38.38351],[-61.71708,-38.30963],[-61.71826,-38.28889],[-61.69694,-38.28575],[-61.73725,-38.21832],[-61.76988,-38.19691],[-61.75961,-38.19196],[-61.76739,-38.17245],[-61.78332,-38.15821],[-61.77588,-38.14068],[-61.79269,-38.13749],[-61.79975,-38.10958],[-61.82231,-38.09647],[-61.82713,-38.06535],[-61.85738,-38.05764],[-61.87203,-38.03352],[-61.93072,-38.00846],[-61.94947,-38.02281],[-61.92978,-38.03912],[-61.95163,-38.05699],[-62.05036,-37.99073],[-62.0496,-37.9715],[-62.09893,-37.93548]]]},"properties":{"fid":55,"Entidad":0,"Objeto":"Departamento","FNA":"Partido de Tornquist","GNA":"Partido","NAM":"Tornquist","SAG":"ARBA - Gerencia de Servicios Catastrales","FDC":null,"IN1":"06819","SHAPE_STAr":0.428216783937,"SHAPE_STLe":4.51920778092}},{"type":"Feature","geometry":{"type":"Polygon","coordinates":[[[-62.09893,-37.93548],[-62.04469,-37.75247],[-62.10035,-37.72552],[-62.08461,-37.70646],[-62.13111,-37.65687],[-62.12479,-37.63352],[-62.22058,-37.5908],[-62.21858,-37.56072],[-62.25,-37.54498],[-62.23351,-37.53901],[-62.2834,-37.45341],[-62.322,-37.46787],[-62.37317,-37.40407],[-62.39081,-37.41257],[-62.3984,-37.39941],[-62.38388,-37.39305],[-62.39771,-37.37848],[-62.40815,-37.38288],[-62.4254,-37.34868],[-62.62989,-37.51015],[-62.58143,-37.54922],[-62.73548,-37.67184],[-62.73076,-37.6905],[-62.89556,-37.81916],[-62.73443,-37.94867],[-62.5753,-38.07517],[-62.48968,-38.00818],[-62.46314,-38.072],[-62.44228,-38.05585],[-62.34607,-38.13629],[-62.33098,-38.10801],[-62.28238,-38.09016],[-62.24484,-38.04173],[-62.17794,-38.00205],[-62.15799,-37.96656],[-62.09893,-37.93548]]]},"properties":{"fid":270,"Entidad":0,"Objeto":"Departamento","FNA":"Partido de Saavedra","GNA":"Partido","NAM":"Saavedra","SAG":"ARBA - Gerencia de Servicios Catastrales","FDC":null,"IN1":"06700","SHAPE_STAr":0.362635692976,"SHAPE_STLe":2.86324096692}},{"type":"Feature","geometry":{"type":"Polygon","coordinates":[[[-61.7816,-38.45994],[-61.81274,-38.48546],[-61.89304,-38.42614],[-61.92536,-38.45346],[-61.93861,-38.41121],[-61.9886,-38.45251],[-62.01018,-38.43623],[-61.99865,-38.42681],[-62.08465,-38.36274],[-62.19634,-38.45202],[-62.22069,-38.43341],[-62.20949,-38.42442],[-62.22774,-38.4106],[-62.20907,-38.39543],[-62.23976,-38.36088],[-62.34185,-38.44265],[-62.38781,-38.40855],[-62.61365,-38.59224],[-62.59712,-38.62165],[-62.47289,-38.66329],[-62.44543,-38.73715],[-62.40483,-38.7416],[-62.4008,-38.73387],[-62.39766,-38.74634],[-62.37883,-38.73096],[-62.37392,-38.74271],[-62.37968,-38.72178],[-62.35291,-38.71759],[-62.31318,-38.73597],[-62.32605,-38.74997],[-62.3083,-38.7474],[-62.3001,-38.78534],[-62.2496,-38.79576],[-62.23627,-38.78919],[-62.23451,-38.80517],[-62.2231,-38.80962],[-62.21217,-38.7982],[-62.18198,-38.81706],[-62.06198,-38.71233],[-62.01216,-38.70677],[-61.92567,-38.73125],[-61.84793,-38.66536],[-61.81841,-38.68787],[-61.74236,-38.62721],[-61.75418,-38.61525],[-61.74762,-38.59689],[-61.77864,-38.57958],[-61.79504,-38.52967],[-61.7816,-38.45994]]]},"properties":{"fid":26,"Entidad":0,"Objeto":"Departamento","FNA":"Partido de Bahía Blanca","GNA":"Partido","NAM":"Bahía Blanca","SAG":"ARBA - Gerencia de Servicios Catastrales","FDC":null,"IN1":"06056","SHAPE_STAr":0.231575702272,"SHAPE_STLe":2.92723615722}},{"type":"Feature","geometry":{"type":"Polygon","coordinates":[[[-61.76739,-38.17245],[-61.66295,-38.09076],[-61.68295,-38.0742],[-61.50932,-37.93797],[-61.60554,-37.86153],[-61.44205,-37.73494],[-61.53817,-37.65728],[-61.48843,-37.61886],[-61.5968,-37.53086],[-61.53674,-37.48301],[-61.75008,-37.30353],[-61.74426,-37.27156],[-61.70277,-37.21655],[-61.73544,-37.09351],[-61.60463,-36.99442],[-61.70785,-36.90719],[-61.76002,-36.94597],[-61.77816,-36.93042],[-61.85977,-36.99255],[-61.89205,-37.02253],[-61.87568,-37.03658],[-61.91627,-37.06714],[-61.97484,-37.01677],[-62.20297,-37.18714],[-62.21177,-37.18027],[-62.4254,-37.34868],[-62.40815,-37.38288],[-62.39771,-37.37848],[-62.38388,-37.39305],[-62.3984,-37.39941],[-62.39081,-37.41257],[-62.37317,-37.40407],[-62.322,-37.46787],[-62.2834,-37.45341],[-62.23351,-37.53901],[-62.25,-37.54498],[-62.21858,-37.56072],[-62.22058,-37.5908],[-62.12479,-37.63352],[-62.13111,-37.65687],[-62.08461,-37.70646],[-62.10035,-37.72552],[-62.04469,-37.75247],[-62.09893,-37.93548],[-62.0496,-37.9715],[-62.05036,-37.99073],[-61.95163,-38.05699],[-61.92978,-38.03912],[-61.94947,-38.02281],[-61.93072,-38.00846],[-61.87203,-38.03352],[-61.85738,-38.05764],[-61.82713,-38.06535],[-61.82231,-38.09647],[-61.79975,-38.10958],[-61.79269,-38.13749],[-61.77588,-38.14068],[-61.78332,-38.15821],[-61.76739,-38.17245]]]},"properties":{"fid":24,"Entidad":0,"Objeto":"Departamento","FNA":"Partido de Coronel Suárez","GNA":"Partido","NAM":"Coronel Suárez","SAG":"ARBA - Gerencia de Servicios Catastrales","FDC":null,"IN1":"06203","SHAPE_STAr":0.610032768288,"SHAPE_STLe":4.50784561719}},{"type":"Feature","geometry":{"type":"Polygon","coordinates":[[[-61.7285,-38.65709],[-61.74236,-38.62721],[-61.81841,-38.68787],[-61.84793,-38.66536],[-61.92567,-38.73125],[-62.01216,-38.70677],[-62.06198,-38.71233],[-62.18198,-38.81706],[-62.16591,-38.81204],[-62.12635,-38.8417],[-62.10495,-38.87059],[-62.10578,-38.8971],[-62.07554,-38.90547],[-62.07341,-38.92511],[-61.86648,-38.96904],[-61.81303,-38.99239],[-61.7067,-38.96547],[-61.66966,-38.98989],[-61.61287,-39.00365],[-61.45573,-38.9954],[-61.45325,-38.93972],[-61.47643,-38.94505],[-61.66315,-38.858],[-61.69967,-38.81685],[-61.69876,-38.78142],[-61.72407,-38.74898],[-61.71545,-38.71432],[-61.7285,-38.65709]]]},"properties":{"fid":350,"Entidad":0,"Objeto":"Departamento","FNA":"Partido de Coronel de Marina Leonardo Rosales","GNA":"Partido","NAM":"Coronel de Marina Leonardo Rosales","SAG":"ARBA - Gerencia de Servicios Catastrales","FDC":null,"IN1":"06182","SHAPE_STAr":0.133845693764,"SHAPE_STLe":2.1021049332}},{"type":"Feature","geometry":{"type":"Polygon","coordinates":[[[-60.84565,-37.9358],[-60.85195,-37.94079],[-61.17803,-37.68084],[-61.50932,-37.93797],[-61.68295,-38.0742],[-61.66295,-38.09076],[-61.76739,-38.17245],[-61.75961,-38.19196],[-61.76988,-38.19691],[-61.73725,-38.21832],[-61.69694,-38.28575],[-61.71826,-38.28889],[-61.71708,-38.30963],[-61.75661,-38.38351],[-61.74087,-38.40856],[-61.78188,-38.43753],[-61.7816,-38.45994],[-61.79504,-38.52967],[-61.77864,-38.57958],[-61.74762,-38.59689],[-61.75418,-38.61525],[-61.74236,-38.62721],[-61.7285,-38.65709],[-61.59592,-38.54625],[-61.52573,-38.5007],[-61.51436,-38.50919],[-61.47271,-38.47605],[-61.46469,-38.48307],[-61.32873,-38.37533],[-61.31918,-38.39309],[-61.18856,-38.29058],[-61.13578,-38.30552],[-61.07781,-38.29335],[-60.99084,-38.31063],[-60.83612,-38.40382],[-60.74063,-38.33072],[-60.74687,-38.22995],[-60.71872,-38.22423],[-60.72923,-38.13024],[-60.7238,-38.11685],[-60.70137,-38.11514],[-60.67625,-38.09313],[-60.75949,-38.02854],[-60.74377,-38.01605],[-60.84565,-37.9358]]]},"properties":{"fid":57,"Entidad":0,"Objeto":"Departamento","FNA":"Partido de Coronel Pringles","GNA":"Partido","NAM":"Coronel Pringles","SAG":"ARBA - Gerencia de Servicios Catastrales","FDC":null,"IN1":"06196","SHAPE_STAr":0.540277798397,"SHAPE_STLe":3.86512081176}},{"type":"Feature","geometry":{"type":"Polygon","coordinates":[[[-61.01096,-37.20353],[-61.42348,-36.86458],[-61.60463,-36.99442],[-61.73544,-37.09351],[-61.70277,-37.21655],[-61.74426,-37.27156],[-61.75008,-37.30353],[-61.53674,-37.48301],[-61.5968,-37.53086],[-61.48843,-37.61886],[-61.53817,-37.65728],[-61.44205,-37.73494],[-61.60554,-37.86153],[-61.50932,-37.93797],[-61.17803,-37.68084],[-60.87854,-37.45146],[-60.97545,-37.36813],[-60.89133,-37.30235],[-61.01096,-37.20353]]]},"properties":{"fid":253,"Entidad":0,"Objeto":"Departamento","FNA":"Partido de General La Madrid","GNA":"Partido","NAM":"General La Madrid","SAG":"ARBA - Gerencia de Servicios Catastrales","FDC":null,"IN1":"06322","SHAPE_STAr":0.489594860511,"SHAPE_STLe":3.43740559569}},{"type":"Feature","geometry":{"type":"Polygon","coordinates":[[[-60.74063,-38.33072],[-60.83612,-38.40382],[-60.99084,-38.31063],[-61.07781,-38.29335],[-61.13578,-38.30552],[-61.18856,-38.29058],[-61.31918,-38.39309],[-61.32873,-38.37533],[-61.46469,-38.48307],[-61.47271,-38.47605],[-61.51436,-38.50919],[-61.52573,-38.5007],[-61.59592,-38.54625],[-61.7285,-38.65709],[-61.71545,-38.71432],[-61.72407,-38.74898],[-61.69876,-38.78142],[-61.69967,-38.81685],[-61.66315,-38.858],[-61.47643,-38.94505],[-61.45325,-38.93972],[-61.4412,-38.91836],[-61.38992,-38.91508],[-61.34235,-38.91548],[-61.3149,-38.94628],[-61.29202,-38.94767],[-61.13784,-38.92939],[-61.10526,-38.97959],[-61.11952,-38.98197],[-61.11017,-38.99589],[-61.01359,-38.9815],[-60.85214,-38.97971],[-60.68915,-38.94909],[-60.49734,-38.92893],[-60.52934,-38.91433],[-60.52199,-38.8838],[-60.53675,-38.82231],[-60.61022,-38.62086],[-60.6125,-38.58693],[-60.59147,-38.55698],[-60.6196,-38.47128],[-60.73856,-38.37565],[-60.74063,-38.33072]]]},"properties":{"fid":62,"Entidad":0,"Objeto":"Departamento","FNA":"Partido de Coronel Dorrego","GNA":"Partido","NAM":"Coronel Dorrego","SAG":"ARBA - Gerencia de Servicios Catastrales","FDC":null,"IN1":"06189","SHAPE_STAr":0.605014788334,"SHAPE_STLe":3.65314832837}},{"type":"Feature","geometry":{"type":"Polygon","coordinates":[[[-61.11017,-38.99589],[-61.11952,-38.98197],[-61.10526,-38.97959],[-61.13784,-38.92939],[-61.29202,-38.94767],[-61.3149,-38.94628],[-61.34235,-38.91548],[-61.38992,-38.91508],[-61.4412,-38.91836],[-61.45325,-38.93972],[-61.45573,-38.9954],[-61.37746,-38.98833],[-61.11017,-38.99589]]]},"properties":{"fid":271,"Entidad":0,"Objeto":"Departamento","FNA":"Partido de Monte Hermoso","GNA":"Partido","NAM":"Monte Hermoso","SAG":"ARBA - Gerencia de Servicios Catastrales","FDC":null,"IN1":"06553","SHAPE_STAr":0.0208174967775,"SHAPE_STLe":0.871861745577}},{"type":"Feature","geometry":{"type":"Polygon","coordinates":[[[-60.16141,-36.71966],[-60.28557,-36.61995],[-60.3265,-36.65252],[-60.47805,-36.52973],[-60.43841,-36.49777],[-60.53223,-36.41252],[-60.64997,-36.34288],[-60.7288,-36.40269],[-60.76283,-36.37861],[-60.87544,-36.46783],[-60.89623,-36.45134],[-61.25482,-36.73498],[-61.42348,-36.86458],[-61.01096,-37.20353],[-60.81453,-37.05124],[-60.71596,-37.12827],[-60.73174,-37.14023],[-60.47174,-37.34923],[-60.43715,-37.37682],[-60.20058,-37.17804],[-60.2076,-37.17277],[-60.12638,-37.09682],[-60.14521,-37.08118],[-60.11304,-37.04164],[-60.12285,-37.03431],[-60.10365,-37.01607],[-60.11613,-37.00657],[-60.0959,-36.98914],[-60.10674,-36.98081],[-60.02342,-36.91558],[-60.03289,-36.908],[-60.01256,-36.89103],[-60.02806,-36.88001],[-60.00751,-36.86352],[-60.0212,-36.85259],[-60.00136,-36.83548],[-60.16141,-36.71966]]]},"properties":{"fid":213,"Entidad":0,"Objeto":"Departamento","FNA":"Partido de Olavarría","GNA":"Partido","NAM":"Olavarría","SAG":"ARBA - Gerencia de Servicios Catastrales","FDC":null,"IN1":"06595","SHAPE_STAr":0.774651038583,"SHAPE_STLe":4.11105242721}},{"type":"Feature","geometry":{"type":"Polygon","coordinates":[[[-60.47174,-37.34923],[-60.73174,-37.14023],[-60.71596,-37.12827],[-60.81453,-37.05124],[-61.01096,-37.20353],[-60.89133,-37.30235],[-60.97545,-37.36813],[-60.87854,-37.45146],[-61.17803,-37.68084],[-60.85195,-37.94079],[-60.84565,-37.9358],[-60.65317,-37.7826],[-60.64475,-37.78916],[-60.55667,-37.72085],[-60.58083,-37.70081],[-60.45274,-37.60104],[-60.46588,-37.59027],[-60.3492,-37.49604],[-60.50268,-37.3735],[-60.47174,-37.34923]]]},"properties":{"fid":265,"Entidad":0,"Objeto":"Departamento","FNA":"Partido de Laprida","GNA":"Partido","NAM":"Laprida","SAG":"ARBA - Gerencia de Servicios Catastrales","FDC":null,"IN1":"06448","SHAPE_STAr":0.351406239611,"SHAPE_STLe":2.90515172112}},{"type":"Feature","geometry":{"type":"Polygon","coordinates":[[[-59.67646,-37.99968],[-59.67368,-37.97955],[-59.71834,-37.95598],[-59.75469,-37.91413],[-59.79392,-37.89845],[-59.93661,-37.79445],[-60.01816,-37.86075],[-60.0605,-37.82823],[-60.08913,-37.85167],[-60.26196,-37.72875],[-60.32344,-37.77637],[-60.42421,-37.69767],[-60.37802,-37.66269],[-60.45274,-37.60104],[-60.58083,-37.70081],[-60.55667,-37.72085],[-60.64475,-37.78916],[-60.65317,-37.7826],[-60.84565,-37.9358],[-60.74377,-38.01605],[-60.75949,-38.02854],[-60.67625,-38.09313],[-60.54961,-38.19215],[-60.44213,-38.10698],[-60.4632,-38.0895],[-60.37069,-38.01672],[-60.0363,-38.28084],[-59.88666,-38.15728],[-59.83418,-38.2315],[-59.79357,-38.19733],[-59.77588,-38.21026],[-59.75388,-38.19123],[-59.78882,-38.16498],[-59.7667,-38.14624],[-59.77794,-38.13764],[-59.64135,-38.02515],[-59.67646,-37.99968]]]},"properties":{"fid":25,"Entidad":0,"Objeto":"Departamento","FNA":"Partido de Adolfo Gonzales Chaves","GNA":"Partido","NAM":"Adolfo Gonzales Chaves","SAG":"ARBA - Gerencia de Servicios Catastrales","FDC":null,"IN1":"06014","SHAPE_STAr":0.388440108629,"SHAPE_STLe":3.54424484207}},{"type":"Feature","geometry":{"type":"Polygon","coordinates":[[[-59.83418,-38.2315],[-59.88666,-38.15728],[-60.0363,-38.28084],[-60.37069,-38.01672],[-60.4632,-38.0895],[-60.44213,-38.10698],[-60.54961,-38.19215],[-60.67625,-38.09313],[-60.70137,-38.11514],[-60.7238,-38.11685],[-60.72923,-38.13024],[-60.71872,-38.22423],[-60.74687,-38.22995],[-60.74063,-38.33072],[-60.73856,-38.37565],[-60.6196,-38.47128],[-60.59147,-38.55698],[-60.6125,-38.58693],[-60.61022,-38.62086],[-60.53675,-38.82231],[-60.52199,-38.8838],[-60.52934,-38.91433],[-60.49734,-38.92893],[-60.09943,-38.86526],[-59.85196,-38.83878],[-59.62737,-38.78502],[-59.63567,-38.76296],[-59.62586,-38.7429],[-59.64755,-38.73598],[-59.65396,-38.70023],[-59.70333,-38.65412],[-59.69057,-38.63699],[-59.73364,-38.53338],[-59.73366,-38.48894],[-59.76714,-38.51594],[-59.82147,-38.47539],[-59.88636,-38.52933],[-59.93671,-38.49144],[-59.87413,-38.43999],[-59.92952,-38.3965],[-59.94266,-38.40704],[-59.98997,-38.37142],[-59.83352,-38.24223],[-59.83418,-38.2315]]]},"properties":{"fid":61,"Entidad":0,"Objeto":"Departamento","FNA":"Partido de Tres Arroyos","GNA":"Partido","NAM":"Tres Arroyos","SAG":"ARBA - Gerencia de Servicios Catastrales","FDC":null,"IN1":"06833","SHAPE_STAr":0.613441475461,"SHAPE_STLe":4.27496516944}},{"type":"Feature","geometry":{"type":"Polygon","coordinates":[[[-59.77974,-37.23839],[-59.81155,-37.25632],[-59.82649,-37.31093],[-59.88029,-37.35594],[-59.86062,-37.3712],[-59.95326,-37.44751],[-60.03793,-37.38112],[-59.98674,-37.33994],[-60.20058,-37.17804],[-60.43715,-37.37682],[-60.47174,-37.34923],[-60.50268,-37.3735],[-60.3492,-37.49604],[-60.46588,-37.59027],[-60.45274,-37.60104],[-60.37802,-37.66269],[-60.42421,-37.69767],[-60.32344,-37.77637],[-60.26196,-37.72875],[-60.08913,-37.85167],[-60.0605,-37.82823],[-60.01816,-37.86075],[-59.93661,-37.79445],[-59.79392,-37.89845],[-59.75469,-37.91413],[-59.71834,-37.95598],[-59.67368,-37.97955],[-59.67646,-37.99968],[-59.38335,-37.7586],[-59.30704,-37.72029],[-59.22598,-37.65084],[-59.77974,-37.23839]]]},"properties":{"fid":267,"Entidad":0,"Objeto":"Departamento","FNA":"Partido de Benito Juárez","GNA":"Partido","NAM":"Benito Juárez","SAG":"ARBA - Gerencia de Servicios Catastrales","FDC":null,"IN1":"06084","SHAPE_STAr":0.544328285294,"SHAPE_STLe":3.95573476404}},{"type":"Feature","geometry":{"type":"Polygon","coordinates":[[[-59.28916,-36.37472],[-59.48819,-36.22705],[-59.63458,-36.35887],[-59.7272,-36.28822],[-59.82391,-36.35854],[-59.93118,-36.46661],[-60.02369,-36.53184],[-59.91889,-36.61481],[-60.06283,-36.73181],[-60.135,-36.67483],[-60.16141,-36.71966],[-60.00136,-36.83548],[-60.0212,-36.85259],[-60.00751,-36.86352],[-60.02806,-36.88001],[-60.01256,-36.89103],[-60.03289,-36.908],[-60.02342,-36.91558],[-60.10674,-36.98081],[-60.0959,-36.98914],[-60.11613,-37.00657],[-60.10365,-37.01607],[-60.12285,-37.03431],[-60.11304,-37.04164],[-60.14521,-37.08118],[-60.12638,-37.09682],[-60.2076,-37.17277],[-60.20058,-37.17804],[-59.98674,-37.33994],[-60.03793,-37.38112],[-59.95326,-37.44751],[-59.86062,-37.3712],[-59.88029,-37.35594],[-59.82649,-37.31093],[-59.81155,-37.25632],[-59.77974,-37.23839],[-59.69936,-37.21661],[-59.66836,-37.18193],[-59.58657,-37.13249],[-59.56764,-37.09781],[-59.54211,-37.08083],[-59.52083,-37.08236],[-59.47985,-37.03674],[-59.43683,-37.02133],[-59.43353,-36.99946],[-59.39957,-36.97078],[-59.35966,-36.89722],[-59.35931,-36.84514],[-59.34768,-36.81704],[-59.28153,-36.76464],[-59.25532,-36.64688],[-59.22656,-36.61687],[-59.2219,-36.57439],[-59.19554,-36.59087],[-59.13842,-36.54288],[-59.20281,-36.49323],[-59.1909,-36.48309],[-59.25,-36.43753],[-59.22971,-36.42085],[-59.28916,-36.37472]]]},"properties":{"fid":259,"Entidad":0,"Objeto":"Departamento","FNA":"Partido de Azul","GNA":"Partido","NAM":"Azul","SAG":"ARBA - Gerencia de Servicios Catastrales","FDC":null,"IN1":"06049","SHAPE_STAr":0.660022149243,"SHAPE_STLe":4.43245051364}},{"type":"Feature","geometry":{"type":"Polygon","coordinates":[[[-59.33279,-38.73667],[-59.33126,-38.71996],[-59.35595,-38.7086],[-59.37112,-38.65942],[-59.41134,-38.62296],[-59.40775,-38.59399],[-59.43148,-38.60443],[-59.44473,-38.58852],[-59.34031,-38.54775],[-59.33555,-38.50136],[-59.40585,-38.45714],[-59.316,-38.38394],[-59.33568,-38.32153],[-59.35418,-38.30342],[-59.31376,-38.20697],[-59.24624,-38.15305],[-59.35536,-38.11457],[-59.41488,-38.11373],[-59.50876,-38.07911],[-59.53811,-38.05726],[-59.62256,-38.04488],[-59.64135,-38.02515],[-59.77794,-38.13764],[-59.7667,-38.14624],[-59.78882,-38.16498],[-59.75388,-38.19123],[-59.77588,-38.21026],[-59.79357,-38.19733],[-59.83418,-38.2315],[-59.83352,-38.24223],[-59.98997,-38.37142],[-59.94266,-38.40704],[-59.92952,-38.3965],[-59.87413,-38.43999],[-59.93671,-38.49144],[-59.88636,-38.52933],[-59.82147,-38.47539],[-59.76714,-38.51594],[-59.73366,-38.48894],[-59.73364,-38.53338],[-59.69057,-38.63699],[-59.70333,-38.65412],[-59.65396,-38.70023],[-59.64755,-38.73598],[-59.62586,-38.7429],[-59.63567,-38.76296],[-59.62737,-38.78502],[-59.33279,-38.73667]]]},"properties":{"fid":60,"Entidad":0,"Objeto":"Departamento","FNA":"Partido de San Cayetano","GNA":"Partido","NAM":"San Cayetano","SAG":"ARBA - Gerencia de Servicios Catastrales","FDC":null,"IN1":"06742","SHAPE_STAr":0.309064938627,"SHAPE_STLe":3.19494126453}},{"type":"Feature","geometry":{"type":"Polygon","coordinates":[[[-59.09013,-37.06278],[-59.35931,-36.84514],[-59.35966,-36.89722],[-59.39957,-36.97078],[-59.43353,-36.99946],[-59.43683,-37.02133],[-59.47985,-37.03674],[-59.52083,-37.08236],[-59.54211,-37.08083],[-59.56764,-37.09781],[-59.58657,-37.13249],[-59.66836,-37.18193],[-59.69936,-37.21661],[-59.77974,-37.23839],[-59.22598,-37.65084],[-59.1855,-37.61675],[-59.15896,-37.63702],[-59.16623,-37.7365],[-59.13357,-37.75749],[-59.11017,-37.82625],[-58.80913,-37.57872],[-58.6109,-37.41126],[-58.98208,-37.1322],[-58.98936,-37.13737],[-59.09013,-37.06278]]]},"properties":{"fid":23,"Entidad":0,"Objeto":"Departamento","FNA":"Partido de Tandil","GNA":"Partido","NAM":"Tandil","SAG":"ARBA - Gerencia de Servicios Catastrales","FDC":null,"IN1":"06791","SHAPE_STAr":0.493643728875,"SHAPE_STLe":3.34275504558}},{"type":"Feature","geometry":{"type":"Polygon","coordinates":[[[-59.11017,-37.82625],[-59.13357,-37.75749],[-59.16623,-37.7365],[-59.15896,-37.63702],[-59.1855,-37.61675],[-59.22598,-37.65084],[-59.30704,-37.72029],[-59.38335,-37.7586],[-59.67646,-37.99968],[-59.64135,-38.02515],[-59.62256,-38.04488],[-59.53811,-38.05726],[-59.50876,-38.07911],[-59.41488,-38.11373],[-59.35536,-38.11457],[-59.24624,-38.15305],[-59.31376,-38.20697],[-59.35418,-38.30342],[-59.33568,-38.32153],[-59.316,-38.38394],[-59.40585,-38.45714],[-59.33555,-38.50136],[-59.34031,-38.54775],[-59.44473,-38.58852],[-59.43148,-38.60443],[-59.40775,-38.59399],[-59.41134,-38.62296],[-59.37112,-38.65942],[-59.35595,-38.7086],[-59.33126,-38.71996],[-59.33279,-38.73667],[-59.01221,-38.67853],[-58.735,-38.58726],[-58.68946,-38.58794],[-58.69091,-38.57502],[-58.61945,-38.56187],[-58.70802,-38.49502],[-58.74017,-38.51499],[-58.752,-38.48872],[-58.74007,-38.48059],[-58.75711,-38.47245],[-58.77415,-38.43577],[-58.78225,-38.37796],[-58.81319,-38.33997],[-58.80898,-38.32882],[-58.86722,-38.29209],[-58.90657,-38.2452],[-58.91281,-38.20198],[-58.9511,-38.18268],[-58.95434,-38.1551],[-59.03838,-38.08696],[-59.05363,-38.04706],[-59.12478,-37.99556],[-59.12769,-37.9736],[-59.16791,-37.93666],[-59.1654,-37.88065],[-59.11345,-37.84285],[-59.11017,-37.82625]]]},"properties":{"fid":63,"Entidad":0,"Objeto":"Departamento","FNA":"Partido de Necochea","GNA":"Partido","NAM":"Necochea","SAG":"ARBA - Gerencia de Servicios Catastrales","FDC":null,"IN1":"06581","SHAPE_STAr":0.469983448743,"SHAPE_STLe":4.45549390196}},{"type":"Feature","geometry":{"type":"Polygon","coordinates":[[[-58.32913,-38.0741],[-58.59123,-37.87799],[-58.50734,-37.80574],[-58.80913,-37.57872],[-59.11017,-37.82625],[-59.11345,-37.84285],[-59.1654,-37.88065],[-59.16791,-37.93666],[-59.12769,-37.9736],[-59.12478,-37.99556],[-59.05363,-38.04706],[-59.03838,-38.08696],[-58.95434,-38.1551],[-58.9511,-38.18268],[-58.91281,-38.20198],[-58.90657,-38.2452],[-58.86722,-38.29209],[-58.80898,-38.32882],[-58.81319,-38.33997],[-58.78225,-38.37796],[-58.77415,-38.43577],[-58.75711,-38.47245],[-58.74007,-38.48059],[-58.752,-38.48872],[-58.74017,-38.51499],[-58.70802,-38.49502],[-58.61945,-38.56187],[-58.49755,-38.53747],[-58.23808,-38.44579],[-58.2565,-38.43595],[-58.28485,-38.38557],[-58.26951,-38.35399],[-58.28307,-38.31577],[-58.33817,-38.25092],[-58.32362,-38.22339],[-58.34361,-38.15957],[-58.32913,-38.0741]]]},"properties":{"fid":272,"Entidad":0,"Objeto":"Departamento","FNA":"Partido de Lobería","GNA":"Partido","NAM":"Lobería","SAG":"ARBA - Gerencia de Servicios Catastrales","FDC":null,"IN1":"06476","SHAPE_STAr":0.484769684268,"SHAPE_STLe":3.4096447078}},{"type":"Feature","geometry":{"type":"Polygon","coordinates":[[[-57.94445,-37.0076],[-58.01987,-37.07597],[-58.28654,-36.88103],[-58.11442,-36.72812],[-58.21763,-36.63514],[-58.22619,-36.62768],[-58.22618,-36.62767],[-58.21304,-36.61547],[-58.43724,-36.4521],[-58.72095,-36.70023],[-58.66685,-36.74293],[-58.71996,-36.75258],[-58.79087,-36.78911],[-58.79518,-36.806],[-58.83701,-36.83625],[-58.86682,-36.83837],[-58.87309,-36.86076],[-58.91121,-36.87642],[-58.93688,-36.93605],[-59.00267,-36.94465],[-59.0215,-36.9601],[-59.04075,-37.02608],[-59.09013,-37.06278],[-58.98936,-37.13737],[-58.98208,-37.1322],[-58.6109,-37.41126],[-58.57711,-37.38398],[-58.4264,-37.50119],[-58.35463,-37.43985],[-58.28266,-37.49209],[-58.16358,-37.38824],[-58.08398,-37.44506],[-58.09451,-37.4374],[-57.7689,-37.13602],[-57.94445,-37.0076]]]},"properties":{"fid":262,"Entidad":0,"Objeto":"Departamento","FNA":"Partido de Ayacucho","GNA":"Partido","NAM":"Ayacucho","SAG":"ARBA - Gerencia de Servicios Catastrales","FDC":null,"IN1":"06042","SHAPE_STAr":0.684247205929,"SHAPE_STLe":4.1797785047}},{"type":"Feature","geometry":{"type":"Polygon","coordinates":[[[-58.08398,-37.44506],[-58.16358,-37.38824],[-58.28266,-37.49209],[-58.35463,-37.43985],[-58.4264,-37.50119],[-58.57711,-37.38398],[-58.6109,-37.41126],[-58.80913,-37.57872],[-58.50734,-37.80574],[-58.59123,-37.87799],[-58.32913,-38.0741],[-58.25591,-38.13086],[-58.04728,-37.95562],[-57.73584,-37.69955],[-58.08398,-37.44506]]]},"properties":{"fid":255,"Entidad":0,"Objeto":"Departamento","FNA":"Partido de Balcarce","GNA":"Partido","NAM":"Balcarce","SAG":"ARBA - Gerencia de Servicios Catastrales","FDC":null,"IN1":"06063","SHAPE_STAr":0.420962939043,"SHAPE_STLe":2.96413363317}},{"type":"Feature","geometry":{"type":"Polygon","coordinates":[[[-57.7768,-38.24552],[-57.8212,-38.12048],[-57.81319,-38.09288],[-57.83802,-38.08146],[-57.84651,-38.06161],[-57.82946,-38.04919],[-57.85277,-38.03189],[-57.88173,-38.05545],[-57.94257,-38.00894],[-57.959,-38.02269],[-58.04728,-37.95562],[-58.25591,-38.13086],[-58.32913,-38.0741],[-58.34361,-38.15957],[-58.32362,-38.22339],[-58.33817,-38.25092],[-58.28307,-38.31577],[-58.26951,-38.35399],[-58.28485,-38.38557],[-58.2565,-38.43595],[-58.23808,-38.44579],[-57.85273,-38.2964],[-57.7768,-38.24552]]]},"properties":{"fid":27,"Entidad":0,"Objeto":"Departamento","FNA":"Partido de General Alvarado","GNA":"Partido","NAM":"General Alvarado","SAG":"ARBA - Gerencia de Servicios Catastrales","FDC":null,"IN1":"06280","SHAPE_STAr":0.167425763911,"SHAPE_STLe":1.96472086622}},{"type":"Feature","geometry":{"type":"Polygon","coordinates":[[[-57.7689,-37.13602],[-58.09451,-37.4374],[-58.08398,-37.44506],[-57.73584,-37.69955],[-57.67321,-37.74498],[-57.69805,-37.75427],[-57.51973,-37.88948],[-57.49156,-37.82824],[-57.4116,-37.73523],[-57.18764,-37.54975],[-57.21112,-37.53301],[-57.67482,-37.20294],[-57.7689,-37.13602]]]},"properties":{"fid":29,"Entidad":0,"Objeto":"Departamento","FNA":"Partido de Mar Chiquita","GNA":"Partido","NAM":"Mar Chiquita","SAG":"ARBA - Gerencia de Servicios Catastrales","FDC":null,"IN1":"06518","SHAPE_STAr":0.314692811514,"SHAPE_STLe":2.47542868199}},{"type":"Feature","geometry":{"type":"Polygon","coordinates":[[[-57.51973,-37.88948],[-57.69805,-37.75427],[-57.67321,-37.74498],[-57.73584,-37.69955],[-58.04728,-37.95562],[-57.959,-38.02269],[-57.94257,-38.00894],[-57.88173,-38.05545],[-57.85277,-38.03189],[-57.82946,-38.04919],[-57.84651,-38.06161],[-57.83802,-38.08146],[-57.81319,-38.09288],[-57.8212,-38.12048],[-57.7768,-38.24552],[-57.68337,-38.20587],[-57.63655,-38.17319],[-57.59321,-38.11894],[-57.54418,-38.09978],[-57.53973,-38.06422],[-57.51778,-38.03897],[-57.54033,-38.0485],[-57.53326,-38.03197],[-57.52238,-38.03712],[-57.54428,-37.99003],[-57.51973,-37.88948]]]},"properties":{"fid":28,"Entidad":0,"Objeto":"Departamento","FNA":"Partido de General Pueyrredón","GNA":"Partido","NAM":"General Pueyrredón","SAG":"ARBA - Gerencia de Servicios Catastrales","FDC":null,"IN1":"06357","SHAPE_STAr":0.149928605126,"SHAPE_STLe":2.04000498792}},{"type":"Feature","geometry":{"type":"Polygon","coordinates":[[[-57.32878,-36.66916],[-57.46436,-36.57093],[-57.49374,-36.58136],[-57.65398,-36.7281],[-57.66058,-36.72314],[-57.70711,-36.76301],[-57.74572,-36.73426],[-57.89164,-36.85449],[-57.91961,-36.83324],[-57.97236,-36.87782],[-57.94391,-36.8988],[-58.01067,-36.95872],[-57.94445,-37.0076],[-57.7689,-37.13602],[-57.67482,-37.20294],[-57.5664,-37.10527],[-57.48694,-37.10495],[-57.49339,-37.01714],[-57.30492,-37.00389],[-57.32166,-36.91063],[-57.22393,-36.90859],[-57.23351,-36.7885],[-57.17582,-36.78442],[-57.32878,-36.66916]]]},"properties":{"fid":16,"Entidad":0,"Objeto":"Departamento","FNA":"Partido de Maipú","GNA":"Partido","NAM":"Maipú","SAG":"ARBA - Gerencia de Servicios Catastrales","FDC":null,"IN1":"06511","SHAPE_STAr":0.263227962254,"SHAPE_STLe":2.44067423276}},{"type":"Feature","geometry":{"type":"Polygon","coordinates":[[[-56.81949,-37.0252],[-56.94698,-36.99509],[-56.95493,-36.98906],[-56.94007,-36.95936],[-56.98515,-36.94953],[-56.97939,-36.90336],[-57.00592,-36.90971],[-56.99154,-36.88948],[-56.99718,-36.86182],[-57.08975,-36.82952],[-57.1062,-36.83595],[-57.17582,-36.78442],[-57.23351,-36.7885],[-57.22393,-36.90859],[-57.32166,-36.91063],[-57.30492,-37.00389],[-57.49339,-37.01714],[-57.48694,-37.10495],[-57.5664,-37.10527],[-57.67482,-37.20294],[-57.21112,-37.53301],[-57.16338,-37.48575],[-57.10564,-37.37807],[-56.99585,-37.24882],[-56.99358,-37.24127],[-57.04252,-37.23149],[-56.99197,-37.23709],[-56.94955,-37.18458],[-56.81949,-37.0252]]]},"properties":{"fid":22,"Entidad":0,"Objeto":"Departamento","FNA":"Partido de General Juan Madariaga","GNA":"Partido","NAM":"General Juan Madariaga","SAG":"ARBA - Gerencia de Servicios Catastrales","FDC":null,"IN1":"06315","SHAPE_STAr":0.302508908525,"SHAPE_STLe":2.79260219485}},{"type":"Feature","geometry":{"type":"Polygon","coordinates":[[[-56.90913,-37.18903],[-56.94955,-37.18458],[-56.99197,-37.23709],[-57.04252,-37.23149],[-56.99358,-37.24127],[-56.99585,-37.24882],[-57.10564,-37.37807],[-57.16338,-37.48575],[-57.21112,-37.53301],[-57.18764,-37.54975],[-57.09273,-37.45292],[-56.98988,-37.28854],[-56.90913,-37.18903]]]},"properties":{"fid":30,"Entidad":0,"Objeto":"Departamento","FNA":"Partido de Villa Gesell","GNA":"Partido","NAM":"Villa Gesell","SAG":"ARBA - Gerencia de Servicios Catastrales","FDC":null,"IN1":"06868","SHAPE_STAr":0.0167267676382,"SHAPE_STLe":1.08657219862}},{"type":"Feature","geometry":{"type":"Polygon","coordinates":[[[-58.68439,-31.30126],[-58.78108,-31.27097],[-58.86292,-31.22167],[-58.9044,-31.21231],[-58.91032,-31.22782],[-58.92923,-31.2284],[-58.92489,-31.23754],[-58.94761,-31.23838],[-58.95306,-31.25151],[-58.97533,-31.25689],[-58.97127,-31.27172],[-58.99803,-31.28833],[-58.99081,-31.29542],[-59.0182,-31.32507],[-59.01057,-31.33906],[-59.03489,-31.34917],[-59.03494,-31.36545],[-59.04593,-31.36718],[-59.03447,-31.37613],[-59.05217,-31.37898],[-59.04463,-31.39358],[-59.07434,-31.40349],[-59.06519,-31.41177],[-59.07337,-31.43304],[-59.0947,-31.45526],[-59.14815,-31.41376],[-59.17273,-31.35001],[-59.23478,-31.26769],[-59.28509,-31.3036],[-59.57312,-31.47313],[-59.58229,-31.60314],[-59.5651,-31.62278],[-59.52019,-31.61312],[-59.5022,-31.63121],[-59.52048,-31.69203],[-59.53953,-31.69375],[-59.55122,-31.71846],[-59.57203,-31.72032],[-59.59395,-31.75322],[-59.58041,-31.78495],[-59.60354,-31.80675],[-59.61163,-31.86927],[-59.53442,-31.92487],[-59.57199,-31.95567],[-59.53773,-31.95128],[-59.5184,-31.96104],[-59.48617,-31.9499],[-59.4395,-31.97058],[-59.40167,-31.93412],[-59.31444,-31.92357],[-59.27364,-31.91417],[-59.21367,-31.95344],[-59.17746,-31.95936],[-59.15123,-31.98556],[-59.08035,-31.9912],[-59.07276,-32.00928],[-59.08402,-32.01536],[-59.07661,-32.03333],[-59.06406,-32.03364],[-59.06262,-32.06961],[-59.00316,-32.08361],[-58.96787,-32.05199],[-58.91771,-32.06571],[-58.87094,-32.04669],[-58.86081,-32.02669],[-58.77311,-32.01457],[-58.73145,-31.9768],[-58.72369,-31.96972],[-58.74273,-31.92109],[-58.72933,-31.85657],[-58.72274,-31.82395],[-58.65703,-31.83368],[-58.60357,-31.77001],[-58.58673,-31.71404],[-58.59833,-31.71192],[-58.58505,-31.62474],[-58.55911,-31.61976],[-58.51811,-31.55527],[-58.52676,-31.50225],[-58.51233,-31.47053],[-58.56588,-31.44429],[-58.58577,-31.39215],[-58.62771,-31.36756],[-58.63802,-31.3813],[-58.68439,-31.30126]]]},"properties":{"fid":190,"Entidad":0,"Objeto":"Departamento","FNA":"Departamento Villaguay","GNA":"Departamento","NAM":"Villaguay","SAG":"ATER - Direc. de Catastro","FDC":null,"IN1":"30113","SHAPE_STAr":0.625474052319,"SHAPE_STLe":5.02119600053}},{"type":"Feature","geometry":{"type":"Polygon","coordinates":[[[-59.57312,-31.47313],[-59.62504,-31.50494],[-59.61269,-31.45143],[-59.73673,-31.42963],[-59.73567,-31.41872],[-59.75872,-31.42177],[-59.82469,-31.49968],[-59.86239,-31.49393],[-59.85861,-31.4296],[-59.87882,-31.42045],[-59.8986,-31.34112],[-59.93476,-31.29143],[-59.95266,-31.20477],[-59.96076,-31.20957],[-59.98396,-31.18739],[-60.01343,-31.25067],[-60.11011,-31.29688],[-60.08679,-31.34699],[-60.13843,-31.41339],[-60.14349,-31.4436],[-60.21235,-31.46782],[-60.244,-31.53039],[-60.30179,-31.53417],[-60.33995,-31.55525],[-60.32567,-31.58666],[-60.33471,-31.61259],[-60.3963,-31.643],[-60.46759,-31.6983],[-60.53744,-31.69992],[-60.59716,-31.71443],[-60.63879,-31.742],[-60.63857,-31.78748],[-60.67449,-31.80972],[-60.60314,-31.82519],[-60.57076,-31.80892],[-60.56143,-31.8294],[-60.53907,-31.83574],[-60.54175,-31.84878],[-60.5222,-31.85271],[-60.53705,-31.88827],[-60.51317,-31.89192],[-60.51688,-31.92573],[-60.45927,-31.93914],[-60.4628,-31.95102],[-60.41654,-31.95961],[-60.3847,-31.93256],[-60.36655,-31.9482],[-60.34257,-31.94843],[-60.32866,-31.98799],[-60.34385,-31.97812],[-60.34431,-31.99498],[-60.36612,-31.99513],[-60.366,-32.00345],[-60.34377,-32.01762],[-60.35308,-32.03922],[-60.32431,-32.07932],[-60.31721,-32.07308],[-60.30297,-32.08288],[-60.28603,-32.04517],[-60.25784,-32.0517],[-60.18192,-32.02349],[-60.14016,-31.98244],[-60.02599,-32.03107],[-60.01284,-31.97498],[-59.98398,-31.96827],[-59.96837,-31.952],[-59.94378,-31.95172],[-59.94404,-31.9269],[-59.93532,-31.91571],[-59.92118,-31.91813],[-59.91922,-31.88333],[-59.85672,-31.89244],[-59.76269,-31.92893],[-59.61163,-31.86927],[-59.60354,-31.80675],[-59.58041,-31.78495],[-59.59395,-31.75322],[-59.57203,-31.72032],[-59.55122,-31.71846],[-59.53953,-31.69375],[-59.52048,-31.69203],[-59.5022,-31.63121],[-59.52019,-31.61312],[-59.5651,-31.62278],[-59.58229,-31.60314],[-59.57312,-31.47313]]]},"properties":{"fid":9,"Entidad":0,"Objeto":"Departamento","FNA":"Departamento Paraná","GNA":"Departamento","NAM":"Paraná","SAG":"ATER - Direc. de Catastro","FDC":null,"IN1":"30084","SHAPE_STAr":0.485887848609,"SHAPE_STLe":4.51459514904}},{"type":"Feature","geometry":{"type":"Polygon","coordinates":[[[-60.44953,-31.21305],[-60.57385,-31.18802],[-60.54929,-31.13231],[-60.67026,-31.11194],[-60.6579,-31.0421],[-60.81407,-31.01509],[-60.80411,-31.02763],[-60.84117,-31.04183],[-60.84518,-31.06339],[-60.82023,-31.08148],[-60.82767,-31.09533],[-60.81956,-31.08787],[-60.81099,-31.10117],[-60.80203,-31.08916],[-60.78161,-31.09451],[-60.78517,-31.10788],[-60.77611,-31.10873],[-60.79188,-31.11855],[-60.77989,-31.12774],[-60.81216,-31.13214],[-60.81312,-31.14798],[-60.82572,-31.14409],[-60.82079,-31.15397],[-60.83328,-31.15493],[-60.83816,-31.17163],[-60.83054,-31.17734],[-60.84877,-31.18242],[-60.83595,-31.20961],[-60.85786,-31.24256],[-60.89333,-31.24329],[-60.88527,-31.25209],[-60.90136,-31.25368],[-60.89641,-31.26585],[-60.91812,-31.27407],[-60.9029,-31.30758],[-60.93987,-31.35204],[-60.9201,-31.35641],[-60.91226,-31.3715],[-60.89485,-31.36959],[-60.9004,-31.38446],[-60.88452,-31.3818],[-60.88482,-31.36993],[-60.86998,-31.36754],[-60.8644,-31.37937],[-60.83638,-31.36678],[-60.82932,-31.35],[-60.81023,-31.35974],[-60.80831,-31.35073],[-60.78907,-31.35395],[-60.78591,-31.37835],[-60.80806,-31.38343],[-60.79891,-31.40223],[-60.8121,-31.40617],[-60.8054,-31.42762],[-60.78995,-31.42486],[-60.7837,-31.4514],[-60.77291,-31.45007],[-60.76879,-31.4675],[-60.78076,-31.47036],[-60.76864,-31.47306],[-60.78335,-31.48518],[-60.77629,-31.49666],[-60.79687,-31.50383],[-60.78777,-31.51373],[-60.80219,-31.51912],[-60.7921,-31.52017],[-60.79379,-31.53664],[-60.7681,-31.54578],[-60.77814,-31.56902],[-60.76232,-31.5642],[-60.76581,-31.58107],[-60.75693,-31.58133],[-60.7674,-31.60196],[-60.82886,-31.58973],[-60.81277,-31.65453],[-60.90462,-31.69721],[-60.91448,-31.73759],[-60.94998,-31.72976],[-60.97824,-31.80025],[-60.85305,-31.82108],[-60.83278,-31.78679],[-60.81997,-31.79128],[-60.83539,-31.81197],[-60.83716,-31.86736],[-60.81937,-31.88212],[-60.76202,-31.86922],[-60.75301,-31.87807],[-60.73126,-31.8657],[-60.7476,-31.90853],[-60.72274,-31.97231],[-60.71971,-31.9588],[-60.66009,-31.91827],[-60.65289,-31.8971],[-60.67449,-31.80972],[-60.63857,-31.78748],[-60.63879,-31.742],[-60.59716,-31.71443],[-60.53744,-31.69992],[-60.46759,-31.6983],[-60.3963,-31.643],[-60.33471,-31.61259],[-60.32567,-31.58666],[-60.33995,-31.55525],[-60.30179,-31.53417],[-60.34346,-31.49749],[-60.3804,-31.51575],[-60.39581,-31.50637],[-60.39086,-31.49645],[-60.47845,-31.49347],[-60.49353,-31.4783],[-60.50679,-31.48457],[-60.51083,-31.46897],[-60.5588,-31.45801],[-60.5025,-31.41871],[-60.50923,-31.3862],[-60.47369,-31.33948],[-60.49806,-31.30111],[-60.45524,-31.26074],[-60.46504,-31.24937],[-60.44953,-31.21305]]]},"properties":{"fid":408,"Entidad":0,"Objeto":"Departamento","FNA":"Departamento La Capital","GNA":"Departamento","NAM":"La Capital","SAG":"Servicio de Catastro e Información Territorial","FDC":null,"IN1":"82063","SHAPE_STAr":0.282565476748,"SHAPE_STLe":4.8770245267}},{"type":"Feature","geometry":{"type":"Polygon","coordinates":[[[-58.46527,-31.2608],[-58.53141,-31.26899],[-58.58386,-31.25782],[-58.63585,-31.29728],[-58.68439,-31.30126],[-58.63802,-31.3813],[-58.62771,-31.36756],[-58.58577,-31.39215],[-58.56588,-31.44429],[-58.51233,-31.47053],[-58.52676,-31.50225],[-58.51811,-31.55527],[-58.55911,-31.61976],[-58.58505,-31.62474],[-58.59833,-31.71192],[-58.58673,-31.71404],[-58.60357,-31.77001],[-58.65703,-31.83368],[-58.72274,-31.82395],[-58.72933,-31.85657],[-58.69835,-31.86086],[-58.70858,-31.88819],[-58.60747,-31.90239],[-58.62777,-31.88296],[-58.59414,-31.84561],[-58.56475,-31.86172],[-58.53679,-31.84321],[-58.54321,-31.82228],[-58.50713,-31.7876],[-58.46027,-31.81612],[-58.39967,-31.81061],[-58.41513,-31.79741],[-58.43079,-31.74136],[-58.3788,-31.7438],[-58.37342,-31.72155],[-58.2882,-31.6687],[-58.27474,-31.66268],[-58.26058,-31.60035],[-58.27794,-31.58248],[-58.28019,-31.6022],[-58.29703,-31.60271],[-58.28671,-31.53956],[-58.32909,-31.54436],[-58.34598,-31.50651],[-58.3272,-31.50133],[-58.32599,-31.48636],[-58.34633,-31.49046],[-58.44936,-31.43175],[-58.45955,-31.38928],[-58.431,-31.36546],[-58.41934,-31.36947],[-58.41143,-31.35157],[-58.4721,-31.26676],[-58.46527,-31.2608]]]},"properties":{"fid":192,"Entidad":0,"Objeto":"Departamento","FNA":"Departamento San Salvador","GNA":"Departamento","NAM":"San Salvador","SAG":"ATER - Direc. de Catastro","FDC":null,"IN1":"30088","SHAPE_STAr":0.126442818979,"SHAPE_STLe":2.7151047356}},{"type":"Feature","geometry":{"type":"Polygon","coordinates":[[[-57.92436,-31.23716],[-57.96191,-31.2129],[-57.99218,-31.15749],[-58.02784,-31.12338],[-58.10544,-31.08462],[-58.12496,-31.08946],[-58.19226,-31.0543],[-58.2735,-31.03712],[-58.23072,-31.01304],[-58.24903,-30.99234],[-58.25088,-30.92729],[-58.2745,-30.91848],[-58.27635,-30.88331],[-58.25035,-30.85397],[-58.35985,-30.84161],[-58.3897,-30.82559],[-58.41001,-30.83452],[-58.42721,-30.84714],[-58.44606,-30.88972],[-58.44025,-30.90254],[-58.46448,-30.90891],[-58.46636,-30.94553],[-58.48365,-30.95022],[-58.48617,-30.96977],[-58.50695,-30.98228],[-58.48359,-31.00888],[-58.49351,-31.0221],[-58.52201,-31.03815],[-58.54406,-31.03449],[-58.5493,-31.04591],[-58.56078,-31.03648],[-58.5803,-31.04119],[-58.5982,-31.05973],[-58.57389,-31.07562],[-58.57513,-31.10392],[-58.54434,-31.13678],[-58.38759,-31.21071],[-58.40825,-31.23812],[-58.46527,-31.2608],[-58.4721,-31.26676],[-58.41143,-31.35157],[-58.41934,-31.36947],[-58.431,-31.36546],[-58.45955,-31.38928],[-58.44936,-31.43175],[-58.34633,-31.49046],[-58.32599,-31.48636],[-58.3272,-31.50133],[-58.34598,-31.50651],[-58.32909,-31.54436],[-58.28671,-31.53956],[-58.29703,-31.60271],[-58.28019,-31.6022],[-58.27794,-31.58248],[-58.26058,-31.60035],[-58.27474,-31.66268],[-58.2882,-31.6687],[-58.27898,-31.69853],[-58.24028,-31.71703],[-58.22851,-31.73537],[-58.16258,-31.7443],[-58.12239,-31.72115],[-58.08688,-31.73429],[-58.08217,-31.7202],[-58.0636,-31.73811],[-58.03699,-31.72722],[-57.98064,-31.58105],[-58.00379,-31.53191],[-58.07827,-31.48881],[-58.08239,-31.45783],[-57.98049,-31.39044],[-57.99694,-31.36051],[-57.92436,-31.23716]]]},"properties":{"fid":2,"Entidad":0,"Objeto":"Departamento","FNA":"Departamento Concordia","GNA":"Departamento","NAM":"Concordia","SAG":"ATER - Direc. de Catastro","FDC":null,"IN1":"30015","SHAPE_STAr":0.310471418617,"SHAPE_STLe":4.03116273288}},{"type":"Feature","geometry":{"type":"Polygon","coordinates":[[[-59.63618,-30.70212],[-60.20494,-30.65067],[-60.21216,-30.68857],[-60.23954,-30.72082],[-60.24169,-30.76252],[-60.25598,-30.76887],[-60.24756,-30.85643],[-60.25859,-30.86413],[-60.2766,-30.84967],[-60.2846,-30.85808],[-60.28568,-30.91431],[-60.30362,-30.92831],[-60.29993,-30.97617],[-60.31879,-30.9859],[-60.31308,-30.995],[-60.33231,-31.01642],[-60.32062,-31.04198],[-60.35974,-31.09156],[-60.36914,-31.11543],[-60.35693,-31.12443],[-60.37338,-31.14197],[-60.39121,-31.13992],[-60.44111,-31.16741],[-60.44953,-31.21305],[-60.46504,-31.24937],[-60.45524,-31.26074],[-60.49806,-31.30111],[-60.47369,-31.33948],[-60.50923,-31.3862],[-60.5025,-31.41871],[-60.5588,-31.45801],[-60.51083,-31.46897],[-60.50679,-31.48457],[-60.49353,-31.4783],[-60.47845,-31.49347],[-60.39086,-31.49645],[-60.39581,-31.50637],[-60.3804,-31.51575],[-60.34346,-31.49749],[-60.30179,-31.53417],[-60.244,-31.53039],[-60.21235,-31.46782],[-60.14349,-31.4436],[-60.13843,-31.41339],[-60.08679,-31.34699],[-60.11011,-31.29688],[-60.01343,-31.25067],[-59.98396,-31.18739],[-59.98328,-31.1557],[-59.96338,-31.11987],[-59.90284,-31.08483],[-59.82611,-30.97168],[-59.81818,-30.94251],[-59.73485,-30.87662],[-59.70487,-30.81738],[-59.69939,-30.76907],[-59.64258,-30.73071],[-59.63618,-30.70212]]]},"properties":{"fid":410,"Entidad":0,"Objeto":"Departamento","FNA":"Departamento Garay","GNA":"Departamento","NAM":"Garay","SAG":"Servicio de Catastro e Información Territorial","FDC":null,"IN1":"82035","SHAPE_STAr":0.383524840959,"SHAPE_STLe":3.31208264279}},{"type":"Feature","geometry":{"type":"Polygon","coordinates":[[[-59.21045,-30.34707],[-59.22919,-30.36408],[-59.2732,-30.35284],[-59.28724,-30.36188],[-59.29825,-30.34725],[-59.32311,-30.35456],[-59.34774,-30.3247],[-59.42234,-30.31477],[-59.43935,-30.32946],[-59.46326,-30.32458],[-59.46398,-30.3366],[-59.48873,-30.34481],[-59.55642,-30.33291],[-59.55654,-30.35177],[-59.56558,-30.34814],[-59.57421,-30.37039],[-59.57201,-30.40816],[-59.59061,-30.43499],[-59.6151,-30.41921],[-59.63682,-30.35775],[-59.67167,-30.33866],[-59.70344,-30.44261],[-59.65033,-30.50098],[-59.64586,-30.59704],[-59.67841,-30.64691],[-59.66809,-30.67602],[-59.63618,-30.70212],[-59.64258,-30.73071],[-59.69939,-30.76907],[-59.70487,-30.81738],[-59.73485,-30.87662],[-59.81818,-30.94251],[-59.82611,-30.97168],[-59.90284,-31.08483],[-59.96338,-31.11987],[-59.98328,-31.1557],[-59.98396,-31.18739],[-59.96076,-31.20957],[-59.95266,-31.20477],[-59.93476,-31.29143],[-59.8986,-31.34112],[-59.87882,-31.42045],[-59.85861,-31.4296],[-59.86239,-31.49393],[-59.82469,-31.49968],[-59.75872,-31.42177],[-59.73567,-31.41872],[-59.73673,-31.42963],[-59.61269,-31.45143],[-59.62504,-31.50494],[-59.57312,-31.47313],[-59.28509,-31.3036],[-59.29623,-31.27534],[-59.25844,-31.14741],[-59.2761,-31.12079],[-59.30167,-31.10991],[-59.28657,-31.09895],[-59.27465,-31.05906],[-59.29205,-31.05295],[-59.31524,-31.01897],[-59.33989,-31.00981],[-59.3291,-31.00201],[-59.33629,-30.99473],[-59.28052,-30.96855],[-59.3092,-30.93686],[-59.27099,-30.90254],[-59.29245,-30.84627],[-59.33335,-30.79887],[-59.29678,-30.78975],[-59.29895,-30.78101],[-59.26075,-30.76334],[-59.20839,-30.76575],[-59.20121,-30.74616],[-59.17759,-30.74485],[-59.14421,-30.71915],[-59.11569,-30.71784],[-59.09703,-30.69122],[-59.06712,-30.69049],[-59.06803,-30.67622],[-59.0593,-30.68193],[-59.04149,-30.6705],[-59.00987,-30.62075],[-58.9314,-30.56136],[-58.98096,-30.55778],[-58.98032,-30.52184],[-59.04545,-30.51986],[-59.07726,-30.48841],[-59.0687,-30.41445],[-59.095,-30.38848],[-59.17634,-30.37746],[-59.21045,-30.34707]]]},"properties":{"fid":198,"Entidad":0,"Objeto":"Departamento","FNA":"Departamento La Paz","GNA":"Departamento","NAM":"La Paz","SAG":"ATER - Direc. de Catastro","FDC":null,"IN1":"30070","SHAPE_STAr":0.626099205585,"SHAPE_STLe":5.33284243351}},{"type":"Feature","geometry":{"type":"Polygon","coordinates":[[[-58.57731,-30.69016],[-58.59835,-30.67487],[-58.66474,-30.70216],[-58.70942,-30.69912],[-58.72412,-30.68718],[-58.76112,-30.69119],[-58.82297,-30.65468],[-58.87203,-30.66196],[-58.90593,-30.62263],[-58.91479,-30.62913],[-58.96338,-30.60156],[-59.00987,-30.62075],[-59.04149,-30.6705],[-59.0593,-30.68193],[-59.06803,-30.67622],[-59.06712,-30.69049],[-59.09703,-30.69122],[-59.11569,-30.71784],[-59.14421,-30.71915],[-59.17759,-30.74485],[-59.20121,-30.74616],[-59.20839,-30.76575],[-59.26075,-30.76334],[-59.29895,-30.78101],[-59.29678,-30.78975],[-59.33335,-30.79887],[-59.29245,-30.84627],[-59.27099,-30.90254],[-59.3092,-30.93686],[-59.28052,-30.96855],[-59.33629,-30.99473],[-59.3291,-31.00201],[-59.33989,-31.00981],[-59.31524,-31.01897],[-59.29205,-31.05295],[-59.27465,-31.05906],[-59.28657,-31.09895],[-59.30167,-31.10991],[-59.2761,-31.12079],[-59.25844,-31.14741],[-59.29623,-31.27534],[-59.28509,-31.3036],[-59.23478,-31.26769],[-59.17273,-31.35001],[-59.14815,-31.41376],[-59.0947,-31.45526],[-59.07337,-31.43304],[-59.06519,-31.41177],[-59.07434,-31.40349],[-59.04463,-31.39358],[-59.05217,-31.37898],[-59.03447,-31.37613],[-59.04593,-31.36718],[-59.03494,-31.36545],[-59.03489,-31.34917],[-59.01057,-31.33906],[-59.0182,-31.32507],[-58.99081,-31.29542],[-58.99803,-31.28833],[-58.97127,-31.27172],[-58.97533,-31.25689],[-58.95306,-31.25151],[-58.94761,-31.23838],[-58.92489,-31.23754],[-58.92923,-31.2284],[-58.91032,-31.22782],[-58.9044,-31.21231],[-58.86292,-31.22167],[-58.78108,-31.27097],[-58.68439,-31.30126],[-58.63585,-31.29728],[-58.58386,-31.25782],[-58.53141,-31.26899],[-58.46527,-31.2608],[-58.40825,-31.23812],[-58.38759,-31.21071],[-58.54434,-31.13678],[-58.57513,-31.10392],[-58.57389,-31.07562],[-58.5982,-31.05973],[-58.5803,-31.04119],[-58.56078,-31.03648],[-58.5493,-31.04591],[-58.54406,-31.03449],[-58.52201,-31.03815],[-58.49351,-31.0221],[-58.48359,-31.00888],[-58.50695,-30.98228],[-58.48617,-30.96977],[-58.48365,-30.95022],[-58.46636,-30.94553],[-58.46448,-30.90891],[-58.44025,-30.90254],[-58.44606,-30.88972],[-58.42721,-30.84714],[-58.41001,-30.83452],[-58.47145,-30.79906],[-58.49173,-30.73238],[-58.57731,-30.69016]]]},"properties":{"fid":3,"Entidad":0,"Objeto":"Departamento","FNA":"Departamento Federal","GNA":"Departamento","NAM":"Federal","SAG":"ATER - Direc. de Catastro","FDC":null,"IN1":"30035","SHAPE_STAr":0.492213796588,"SHAPE_STLe":5.51732451985}},{"type":"Feature","geometry":{"type":"Polygon","coordinates":[[[-58.07193,-30.42541],[-58.14118,-30.40572],[-58.19239,-30.33517],[-58.20786,-30.28806],[-58.26961,-30.2524],[-58.3079,-30.33087],[-58.33837,-30.31398],[-58.35334,-30.3298],[-58.38944,-30.31261],[-58.40805,-30.31691],[-58.40628,-30.34652],[-58.36148,-30.3353],[-58.34216,-30.35932],[-58.40954,-30.42515],[-58.3985,-30.4404],[-58.42515,-30.47352],[-58.4571,-30.55236],[-58.52242,-30.6088],[-58.50107,-30.62675],[-58.56862,-30.66731],[-58.57731,-30.69016],[-58.49173,-30.73238],[-58.47145,-30.79906],[-58.41001,-30.83452],[-58.3897,-30.82559],[-58.35985,-30.84161],[-58.25035,-30.85397],[-58.27635,-30.88331],[-58.2745,-30.91848],[-58.25088,-30.92729],[-58.24903,-30.99234],[-58.23072,-31.01304],[-58.2735,-31.03712],[-58.19226,-31.0543],[-58.12496,-31.08946],[-58.10544,-31.08462],[-58.02784,-31.12338],[-57.99218,-31.15749],[-57.96191,-31.2129],[-57.92436,-31.23716],[-57.91307,-31.21225],[-57.91907,-31.12991],[-57.86162,-31.04201],[-57.9149,-30.92056],[-57.89441,-30.90721],[-57.84507,-30.91992],[-57.82181,-30.90783],[-57.79927,-30.85322],[-57.8092,-30.72962],[-57.82152,-30.7194],[-57.84375,-30.72166],[-57.85484,-30.69465],[-57.89478,-30.66941],[-57.97485,-30.64734],[-57.97995,-30.6295],[-58.03363,-30.59804],[-58.03678,-30.5682],[-58.06875,-30.54482],[-58.0576,-30.49705],[-58.07943,-30.45587],[-58.07193,-30.42541]]]},"properties":{"fid":197,"Entidad":0,"Objeto":"Departamento","FNA":"Departamento Federación","GNA":"Departamento","NAM":"Federación","SAG":"ATER - Direc. de Catastro","FDC":null,"IN1":"30028","SHAPE_STAr":0.355215299883,"SHAPE_STLe":3.66464118051}},{"type":"Feature","geometry":{"type":"Polygon","coordinates":[[[-60.13645,-30.12734],[-60.15407,-30.16342],[-60.18205,-30.16218],[-60.18507,-30.14652],[-60.15664,-30.12414],[-60.19831,-30.12204],[-60.21213,-30.06766],[-60.28968,-30.02994],[-60.27963,-29.97888],[-60.72054,-29.91014],[-60.69748,-29.9458],[-60.70475,-29.95728],[-60.69308,-29.96201],[-60.72674,-29.98155],[-60.7181,-30.00925],[-60.72864,-30.02855],[-60.7389,-30.02275],[-60.75207,-30.07968],[-60.70127,-30.14338],[-60.73582,-30.21026],[-60.71846,-30.23598],[-60.70162,-30.2375],[-60.69781,-30.25401],[-60.64864,-30.26649],[-60.6405,-30.29966],[-60.6568,-30.30375],[-60.64995,-30.34217],[-60.67263,-30.34222],[-60.67978,-30.36091],[-60.669,-30.36096],[-60.6826,-30.37921],[-60.66863,-30.38005],[-60.6747,-30.39505],[-60.66649,-30.38832],[-60.65252,-30.39785],[-60.66609,-30.39945],[-60.6537,-30.41746],[-60.66404,-30.42326],[-60.64661,-30.42714],[-60.65913,-30.42979],[-60.63802,-30.47939],[-60.65085,-30.47471],[-60.65555,-30.51023],[-60.66578,-30.50198],[-60.6741,-30.51333],[-60.68535,-30.5092],[-60.67497,-30.51874],[-60.6897,-30.54341],[-60.661,-30.55013],[-60.65356,-30.56532],[-60.66412,-30.5709],[-60.63945,-30.57944],[-60.64632,-30.58613],[-60.6274,-30.60374],[-60.61909,-30.59417],[-60.61528,-30.60956],[-60.62786,-30.61844],[-60.61707,-30.62165],[-60.62376,-30.63265],[-60.60904,-30.63401],[-60.62232,-30.64081],[-60.61876,-30.65136],[-60.60176,-30.65199],[-60.61456,-30.6609],[-60.5909,-30.66633],[-60.60186,-30.68794],[-60.5929,-30.69026],[-60.60821,-30.70327],[-60.59867,-30.71446],[-60.62619,-30.7316],[-60.62249,-30.74686],[-60.64618,-30.75486],[-60.65497,-30.74127],[-60.67905,-30.74472],[-60.68805,-30.75828],[-60.70149,-30.74757],[-60.72504,-30.76891],[-60.71086,-30.77234],[-60.7233,-30.77666],[-60.71812,-30.78648],[-60.72779,-30.78034],[-60.76028,-30.80779],[-60.79466,-30.78288],[-60.82283,-30.80214],[-60.8338,-30.82431],[-60.80421,-30.83503],[-60.81085,-30.84424],[-60.77605,-30.88753],[-60.81146,-30.88854],[-60.81349,-30.89737],[-60.83342,-30.8865],[-60.85284,-30.90066],[-60.83971,-30.91849],[-60.82168,-30.91921],[-60.83622,-30.93505],[-60.8257,-30.98024],[-60.83857,-30.98049],[-60.83311,-30.98994],[-60.84298,-30.98455],[-60.84347,-30.99855],[-60.85215,-30.99076],[-60.8596,-30.9973],[-60.81407,-31.01509],[-60.6579,-31.0421],[-60.67026,-31.11194],[-60.54929,-31.13231],[-60.57385,-31.18802],[-60.44953,-31.21305],[-60.44111,-31.16741],[-60.39121,-31.13992],[-60.37338,-31.14197],[-60.35693,-31.12443],[-60.36914,-31.11543],[-60.35974,-31.09156],[-60.32062,-31.04198],[-60.33231,-31.01642],[-60.31308,-30.995],[-60.31879,-30.9859],[-60.29993,-30.97617],[-60.30362,-30.92831],[-60.28568,-30.91431],[-60.2846,-30.85808],[-60.2766,-30.84967],[-60.25859,-30.86413],[-60.24756,-30.85643],[-60.25598,-30.76887],[-60.24169,-30.76252],[-60.23954,-30.72082],[-60.21216,-30.68857],[-60.33889,-30.66924],[-60.33309,-30.65515],[-60.34536,-30.63222],[-60.38282,-30.6084],[-60.33976,-30.56874],[-60.35083,-30.51],[-60.32456,-30.4965],[-60.33262,-30.4749],[-60.27433,-30.43219],[-60.27614,-30.42125],[-60.25526,-30.42297],[-60.24249,-30.41052],[-60.24531,-30.39094],[-60.22541,-30.37401],[-60.19846,-30.36736],[-60.21403,-30.34489],[-60.19465,-30.31867],[-60.21378,-30.31958],[-60.20599,-30.30982],[-60.21598,-30.30702],[-60.2079,-30.29484],[-60.183,-30.29354],[-60.18036,-30.27236],[-60.16044,-30.25393],[-60.17499,-30.24182],[-60.15896,-30.2292],[-60.16767,-30.21849],[-60.15122,-30.20878],[-60.15002,-30.18549],[-60.11857,-30.14859],[-60.11872,-30.13375],[-60.13645,-30.12734]]]},"properties":{"fid":412,"Entidad":0,"Objeto":"Departamento","FNA":"Departamento San Justo","GNA":"Departamento","NAM":"San Justo","SAG":"Servicio de Catastro e Información Territorial","FDC":null,"IN1":"82112","SHAPE_STAr":0.527494447167,"SHAPE_STLe":6.5603791354}},{"type":"Feature","geometry":{"type":"Polygon","coordinates":[[[-57.65957,-30.0093],[-57.67147,-30.00619],[-57.69322,-30.02499],[-57.74427,-29.9682],[-57.78721,-29.96606],[-57.81554,-29.94068],[-57.83538,-29.94114],[-57.88209,-29.87122],[-57.94147,-29.82739],[-57.99972,-29.82255],[-58.03385,-29.85245],[-58.07085,-29.85967],[-58.07662,-29.89315],[-58.05457,-29.89661],[-58.04723,-29.95021],[-57.9924,-29.97856],[-58.05893,-30.10682],[-58.04773,-30.14031],[-58.02553,-30.14733],[-58.02262,-30.17343],[-58.02882,-30.22909],[-58.04198,-30.24659],[-58.03282,-30.25841],[-58.05177,-30.29054],[-58.03764,-30.30757],[-58.05775,-30.33122],[-58.04789,-30.35044],[-58.07803,-30.37991],[-58.07193,-30.42541],[-58.07943,-30.45587],[-58.0576,-30.49705],[-58.06875,-30.54482],[-58.03678,-30.5682],[-58.03363,-30.59804],[-57.97995,-30.6295],[-57.97485,-30.64734],[-57.89478,-30.66941],[-57.85484,-30.69465],[-57.84375,-30.72166],[-57.82152,-30.7194],[-57.8092,-30.72962],[-57.80897,-30.69527],[-57.84337,-30.65955],[-57.84655,-30.62054],[-57.8873,-30.58757],[-57.88961,-30.51068],[-57.84402,-30.4693],[-57.78776,-30.44267],[-57.76782,-30.41832],[-57.72305,-30.40044],[-57.64292,-30.34191],[-57.61524,-30.25447],[-57.65356,-30.19599],[-57.62822,-30.17446],[-57.6556,-30.15371],[-57.61442,-30.16352],[-57.62328,-30.10543],[-57.61102,-30.08732],[-57.56078,-30.07582],[-57.60131,-30.05973],[-57.58896,-30.04264],[-57.56692,-30.04235],[-57.56176,-30.02257],[-57.57789,-30.0079],[-57.60913,-30.0208],[-57.65957,-30.0093]]]},"properties":{"fid":441,"Entidad":0,"Objeto":"Departamento","FNA":"Departamento Monte Caseros","GNA":"Departamento","NAM":"Monte Caseros","SAG":"IGN","FDC":"-2","IN1":"18112","SHAPE_STAr":0.25345428414,"SHAPE_STLe":3.42500096937}},{"type":"Feature","geometry":{"type":"Polygon","coordinates":[[[-58.57836,-30.16028],[-58.62986,-30.17705],[-58.64765,-30.163],[-58.68224,-30.16388],[-58.68041,-30.17449],[-58.72087,-30.18569],[-58.74842,-30.21411],[-58.78883,-30.21906],[-58.80434,-30.21099],[-58.87964,-30.24612],[-58.912,-30.2481],[-58.9653,-30.21813],[-59.00861,-30.21899],[-59.06476,-30.23119],[-59.081,-30.24915],[-59.07559,-30.25736],[-59.10797,-30.27358],[-59.13615,-30.28675],[-59.13639,-30.31191],[-59.17166,-30.31863],[-59.21045,-30.34707],[-59.17634,-30.37746],[-59.095,-30.38848],[-59.0687,-30.41445],[-59.07726,-30.48841],[-59.04545,-30.51986],[-58.98032,-30.52184],[-58.98096,-30.55778],[-58.9314,-30.56136],[-59.00987,-30.62075],[-58.96338,-30.60156],[-58.91479,-30.62913],[-58.90593,-30.62263],[-58.87203,-30.66196],[-58.82297,-30.65468],[-58.76112,-30.69119],[-58.72412,-30.68718],[-58.70942,-30.69912],[-58.66474,-30.70216],[-58.59835,-30.67487],[-58.57731,-30.69016],[-58.56862,-30.66731],[-58.50107,-30.62675],[-58.52242,-30.6088],[-58.4571,-30.55236],[-58.42515,-30.47352],[-58.3985,-30.4404],[-58.40954,-30.42515],[-58.34216,-30.35932],[-58.36148,-30.3353],[-58.40628,-30.34652],[-58.40805,-30.31691],[-58.38944,-30.31261],[-58.35334,-30.3298],[-58.33837,-30.31398],[-58.3079,-30.33087],[-58.26961,-30.2524],[-58.28555,-30.24463],[-58.34373,-30.27125],[-58.36879,-30.26479],[-58.43686,-30.2217],[-58.45182,-30.22485],[-58.47063,-30.20333],[-58.49789,-30.20705],[-58.55329,-30.18558],[-58.57836,-30.16028]]]},"properties":{"fid":199,"Entidad":0,"Objeto":"Departamento","FNA":"Departamento Feliciano","GNA":"Departamento","NAM":"Feliciano","SAG":"ATER - Direc. de Catastro","FDC":null,"IN1":"30042","SHAPE_STAr":0.297727524915,"SHAPE_STLe":3.672327001}},{"type":"Feature","geometry":{"type":"Polygon","coordinates":[[[-59.58092,-29.47407],[-59.66183,-29.4466],[-59.65647,-29.45969],[-59.67087,-29.47301],[-59.71979,-29.48784],[-59.72104,-29.46074],[-59.73566,-29.4655],[-59.76838,-29.44255],[-59.77885,-29.41516],[-60.06929,-29.37063],[-60.08488,-29.38624],[-60.07826,-29.40551],[-60.10022,-29.43114],[-60.10529,-29.48298],[-60.08278,-29.53471],[-60.08497,-29.63464],[-60.06146,-29.65666],[-60.00007,-29.6547],[-59.99858,-29.77304],[-59.97995,-29.78476],[-59.97056,-29.81271],[-59.94799,-29.80032],[-59.91076,-29.80006],[-59.87683,-29.81303],[-59.87459,-29.83313],[-59.88949,-29.83423],[-59.92645,-29.91506],[-59.9414,-29.9093],[-59.96061,-29.93607],[-59.98893,-29.92876],[-60.02067,-29.95178],[-60.02779,-29.9643],[-60.01731,-29.97571],[-60.03553,-29.9882],[-60.0324,-30.00936],[-60.04435,-30.00974],[-60.04533,-30.02732],[-60.08563,-30.03054],[-60.0994,-30.04187],[-60.09775,-30.07009],[-60.12861,-30.08709],[-60.11436,-30.1036],[-60.11663,-30.12152],[-60.13528,-30.11285],[-60.15952,-30.12007],[-60.13645,-30.12734],[-60.11872,-30.13375],[-60.11857,-30.14859],[-60.15002,-30.18549],[-60.15122,-30.20878],[-60.16767,-30.21849],[-60.15896,-30.2292],[-60.17499,-30.24182],[-60.16044,-30.25393],[-60.18036,-30.27236],[-60.183,-30.29354],[-60.2079,-30.29484],[-60.21598,-30.30702],[-60.20599,-30.30982],[-60.21378,-30.31958],[-60.19465,-30.31867],[-60.21403,-30.34489],[-60.19846,-30.36736],[-60.22541,-30.37401],[-60.24531,-30.39094],[-60.24249,-30.41052],[-60.25526,-30.42297],[-60.27614,-30.42125],[-60.27433,-30.43219],[-60.33262,-30.4749],[-60.32456,-30.4965],[-60.35083,-30.51],[-60.33976,-30.56874],[-60.38282,-30.6084],[-60.34536,-30.63222],[-60.33309,-30.65515],[-60.33889,-30.66924],[-60.21216,-30.68857],[-60.20494,-30.65067],[-59.63618,-30.70212],[-59.66809,-30.67602],[-59.67841,-30.64691],[-59.64586,-30.59704],[-59.65033,-30.50098],[-59.70344,-30.44261],[-59.67167,-30.33866],[-59.6668,-30.32716],[-59.70297,-30.3017],[-59.71082,-30.27029],[-59.63658,-30.23746],[-59.61612,-30.11301],[-59.56948,-30.01901],[-59.6047,-29.90267],[-59.6599,-29.83723],[-59.61755,-29.77584],[-59.61398,-29.66877],[-59.58092,-29.47407]]]},"properties":{"fid":414,"Entidad":0,"Objeto":"Departamento","FNA":"Departamento San Javier","GNA":"Departamento","NAM":"San Javier","SAG":"Servicio de Catastro e Información Territorial","FDC":null,"IN1":"82098","SHAPE_STAr":0.626539865182,"SHAPE_STLe":5.90943152148}},{"type":"Feature","geometry":{"type":"Polygon","coordinates":[[[-58.7189,-29.64171],[-58.73067,-29.58921],[-58.77357,-29.56822],[-58.87429,-29.55176],[-58.85965,-29.47886],[-58.91007,-29.46828],[-58.92801,-29.47594],[-58.96025,-29.5327],[-59.05644,-29.58048],[-59.07479,-29.6394],[-59.08839,-29.64691],[-59.08096,-29.65696],[-59.14434,-29.68503],[-59.13513,-29.70721],[-59.17124,-29.71833],[-59.1696,-29.73272],[-59.24934,-29.7663],[-59.2617,-29.78327],[-59.31414,-29.78581],[-59.30745,-29.80036],[-59.33311,-29.8166],[-59.3531,-29.80004],[-59.38205,-29.82444],[-59.39286,-29.81095],[-59.40906,-29.81195],[-59.47409,-29.85186],[-59.48743,-29.8676],[-59.51337,-29.97813],[-59.54557,-30.01655],[-59.55207,-30.00855],[-59.56948,-30.01901],[-59.61612,-30.11301],[-59.63658,-30.23746],[-59.71082,-30.27029],[-59.70297,-30.3017],[-59.6668,-30.32716],[-59.67167,-30.33866],[-59.63682,-30.35775],[-59.6151,-30.41921],[-59.59061,-30.43499],[-59.57201,-30.40816],[-59.57421,-30.37039],[-59.56558,-30.34814],[-59.55654,-30.35177],[-59.55642,-30.33291],[-59.48873,-30.34481],[-59.46398,-30.3366],[-59.46326,-30.32458],[-59.43935,-30.32946],[-59.42234,-30.31477],[-59.34774,-30.3247],[-59.32311,-30.35456],[-59.29825,-30.34725],[-59.28724,-30.36188],[-59.2732,-30.35284],[-59.22919,-30.36408],[-59.21045,-30.34707],[-59.17166,-30.31863],[-59.13639,-30.31191],[-59.13615,-30.28675],[-59.10797,-30.27358],[-59.12622,-30.1824],[-59.06912,-30.16508],[-59.05242,-30.13559],[-59.06941,-30.12856],[-59.07351,-30.09957],[-59.02544,-29.85148],[-58.9582,-29.83441],[-58.95436,-29.81567],[-58.91186,-29.80967],[-58.86232,-29.76016],[-58.85679,-29.74214],[-58.87804,-29.73863],[-58.87523,-29.72654],[-58.7189,-29.64171]]]},"properties":{"fid":442,"Entidad":0,"Objeto":"Departamento","FNA":"Departamento Esquina","GNA":"Departamento","NAM":"Esquina","SAG":"IGN","FDC":"-2","IN1":"18049","SHAPE_STAr":0.367238940264,"SHAPE_STLe":3.91371072809}},{"type":"Feature","geometry":{"type":"Polygon","coordinates":[[[-57.61586,-29.74254],[-57.64696,-29.71701],[-57.65749,-29.72672],[-57.69306,-29.71376],[-57.7339,-29.74198],[-57.75619,-29.72695],[-57.75624,-29.71421],[-57.80455,-29.71036],[-57.8717,-29.63125],[-57.86824,-29.60538],[-57.90327,-29.55833],[-57.89786,-29.54932],[-57.95231,-29.5359],[-58.01456,-29.48111],[-58.05607,-29.48052],[-58.09401,-29.46465],[-58.11498,-29.44062],[-58.15027,-29.43971],[-58.1932,-29.40306],[-58.24911,-29.31524],[-58.308,-29.25235],[-58.35206,-29.24115],[-58.37209,-29.22892],[-58.39091,-29.18886],[-58.40919,-29.19324],[-58.44156,-29.17286],[-58.49207,-29.1055],[-58.53641,-29.09437],[-58.52666,-29.09563],[-58.53366,-29.06561],[-58.55943,-29.05868],[-58.55944,-29.04662],[-58.60078,-29.05047],[-58.61873,-29.06724],[-58.64531,-29.06467],[-58.64755,-29.07956],[-58.6683,-29.08189],[-58.67364,-29.10319],[-58.68905,-29.09952],[-58.69601,-29.11186],[-58.68734,-29.11803],[-58.71785,-29.13528],[-58.73023,-29.17872],[-58.75501,-29.19048],[-58.76226,-29.21774],[-58.78647,-29.23098],[-58.79894,-29.25764],[-58.79223,-29.26919],[-58.81051,-29.27989],[-58.81685,-29.30026],[-58.86116,-29.32879],[-58.86347,-29.34549],[-58.84495,-29.35039],[-58.87458,-29.38976],[-58.86868,-29.41235],[-58.88603,-29.41404],[-58.91007,-29.46828],[-58.85965,-29.47886],[-58.87429,-29.55176],[-58.77357,-29.56822],[-58.73067,-29.58921],[-58.7189,-29.64171],[-58.69683,-29.62921],[-58.71651,-29.72759],[-58.68292,-29.77212],[-58.70126,-29.78083],[-58.75287,-29.85816],[-58.73462,-29.85863],[-58.69412,-29.83473],[-58.62906,-29.84621],[-58.59101,-29.83331],[-58.53754,-29.88108],[-58.53138,-29.92882],[-58.50686,-29.964],[-58.46875,-29.98972],[-58.44508,-30.09738],[-58.47262,-30.12294],[-58.50864,-30.11725],[-58.53948,-30.15237],[-58.57836,-30.16028],[-58.55329,-30.18558],[-58.49789,-30.20705],[-58.47063,-30.20333],[-58.45182,-30.22485],[-58.43686,-30.2217],[-58.36879,-30.26479],[-58.34373,-30.27125],[-58.28555,-30.24463],[-58.26961,-30.2524],[-58.20786,-30.28806],[-58.19239,-30.33517],[-58.14118,-30.40572],[-58.07193,-30.42541],[-58.07803,-30.37991],[-58.04789,-30.35044],[-58.05775,-30.33122],[-58.03764,-30.30757],[-58.05177,-30.29054],[-58.03282,-30.25841],[-58.04198,-30.24659],[-58.02882,-30.22909],[-58.02262,-30.17343],[-58.02553,-30.14733],[-58.04773,-30.14031],[-58.05893,-30.10682],[-57.9924,-29.97856],[-58.04723,-29.95021],[-58.05457,-29.89661],[-58.07662,-29.89315],[-58.07085,-29.85967],[-58.03385,-29.85245],[-57.99972,-29.82255],[-57.94147,-29.82739],[-57.88209,-29.87122],[-57.83538,-29.94114],[-57.81554,-29.94068],[-57.78721,-29.96606],[-57.74427,-29.9682],[-57.69322,-30.02499],[-57.67147,-30.00619],[-57.65957,-30.0093],[-57.63963,-29.98654],[-57.66559,-29.98448],[-57.68911,-29.96048],[-57.6789,-29.9409],[-57.70094,-29.93777],[-57.68724,-29.91909],[-57.70202,-29.91606],[-57.68749,-29.8985],[-57.70411,-29.85696],[-57.67274,-29.85835],[-57.68407,-29.83503],[-57.64643,-29.82675],[-57.67817,-29.81906],[-57.69096,-29.77054],[-57.61094,-29.75246],[-57.61586,-29.74254]]]},"properties":{"fid":444,"Entidad":0,"Objeto":"Departamento","FNA":"Departamento Curuzú Cuatiá","GNA":"Departamento","NAM":"Curuzú Cuatiá","SAG":"IGN","FDC":"-2","IN1":"18035","SHAPE_STAr":0.775153311417,"SHAPE_STLe":6.88815062408}},{"type":"Feature","geometry":{"type":"Polygon","coordinates":[[[-58.57836,-30.16028],[-58.53948,-30.15237],[-58.50864,-30.11725],[-58.47262,-30.12294],[-58.44508,-30.09738],[-58.46875,-29.98972],[-58.50686,-29.964],[-58.53138,-29.92882],[-58.53754,-29.88108],[-58.59101,-29.83331],[-58.62906,-29.84621],[-58.69412,-29.83473],[-58.73462,-29.85863],[-58.75287,-29.85816],[-58.70126,-29.78083],[-58.68292,-29.77212],[-58.71651,-29.72759],[-58.69683,-29.62921],[-58.7189,-29.64171],[-58.87523,-29.72654],[-58.87804,-29.73863],[-58.85679,-29.74214],[-58.86232,-29.76016],[-58.91186,-29.80967],[-58.95436,-29.81567],[-58.9582,-29.83441],[-59.02544,-29.85148],[-59.07351,-30.09957],[-59.06941,-30.12856],[-59.05242,-30.13559],[-59.06912,-30.16508],[-59.12622,-30.1824],[-59.10797,-30.27358],[-59.07559,-30.25736],[-59.081,-30.24915],[-59.06476,-30.23119],[-59.00861,-30.21899],[-58.9653,-30.21813],[-58.912,-30.2481],[-58.87964,-30.24612],[-58.80434,-30.21099],[-58.78883,-30.21906],[-58.74842,-30.21411],[-58.72087,-30.18569],[-58.68041,-30.17449],[-58.68224,-30.16388],[-58.64765,-30.163],[-58.62986,-30.17705],[-58.57836,-30.16028]]]},"properties":{"fid":443,"Entidad":0,"Objeto":"Departamento","FNA":"Departamento Sauce","GNA":"Departamento","NAM":"Sauce","SAG":"IGN","FDC":"-2","IN1":"18175","SHAPE_STAr":0.233111275272,"SHAPE_STLe":3.02496457838}},{"type":"Feature","geometry":{"type":"Polygon","coordinates":[[[-56.83865,-29.49822],[-56.86916,-29.47012],[-56.86818,-29.44169],[-56.85266,-29.42567],[-56.86375,-29.39385],[-56.84858,-29.32386],[-56.86109,-29.30186],[-56.85511,-29.25803],[-56.86668,-29.20164],[-56.92123,-29.20909],[-56.94976,-29.20105],[-57.10087,-29.25742],[-57.13448,-29.24494],[-57.28639,-29.24631],[-57.42774,-29.22732],[-57.47667,-29.18255],[-57.5102,-29.17701],[-57.54675,-29.2126],[-57.53868,-29.25942],[-57.58223,-29.32178],[-57.5789,-29.33405],[-57.56564,-29.3306],[-57.56911,-29.34736],[-57.54423,-29.35464],[-57.52889,-29.37329],[-57.54178,-29.3985],[-57.52151,-29.40397],[-57.53412,-29.41199],[-57.53616,-29.43994],[-57.50321,-29.44925],[-57.5219,-29.46591],[-57.51285,-29.49598],[-57.52079,-29.50436],[-57.50617,-29.51673],[-57.51537,-29.5251],[-57.50799,-29.56594],[-57.52667,-29.57117],[-57.54178,-29.59344],[-57.53547,-29.61214],[-57.54929,-29.62246],[-57.54387,-29.6469],[-57.55821,-29.67371],[-57.58107,-29.66728],[-57.59951,-29.67511],[-57.60142,-29.68522],[-57.58787,-29.68935],[-57.60599,-29.70387],[-57.60104,-29.7234],[-57.61586,-29.74254],[-57.61094,-29.75246],[-57.69096,-29.77054],[-57.67817,-29.81906],[-57.64643,-29.82675],[-57.68407,-29.83503],[-57.67274,-29.85835],[-57.70411,-29.85696],[-57.68749,-29.8985],[-57.70202,-29.91606],[-57.68724,-29.91909],[-57.70094,-29.93777],[-57.6789,-29.9409],[-57.68911,-29.96048],[-57.66559,-29.98448],[-57.63963,-29.98654],[-57.65957,-30.0093],[-57.60913,-30.0208],[-57.57789,-30.0079],[-57.56176,-30.02257],[-57.56692,-30.04235],[-57.58896,-30.04264],[-57.60131,-30.05973],[-57.56078,-30.07582],[-57.61102,-30.08732],[-57.62328,-30.10543],[-57.61442,-30.16352],[-57.6556,-30.15371],[-57.62822,-30.17446],[-57.57728,-30.17619],[-57.47424,-30.11977],[-57.40854,-30.03202],[-57.35306,-30.0085],[-57.33678,-29.99038],[-57.32534,-29.95893],[-57.32783,-29.88326],[-57.28946,-29.82535],[-57.22995,-29.77916],[-57.1699,-29.78116],[-57.11022,-29.757],[-57.03018,-29.69176],[-57.00587,-29.65612],[-56.96824,-29.63911],[-56.96958,-29.60502],[-56.89992,-29.53339],[-56.83865,-29.49822]]]},"properties":{"fid":447,"Entidad":0,"Objeto":"Departamento","FNA":"Departamento Paso de los Libres","GNA":"Departamento","NAM":"Paso de los Libres","SAG":"IGN","FDC":"-2","IN1":"18119","SHAPE_STAr":0.455689178217,"SHAPE_STLe":4.57478272821}},{"type":"Feature","geometry":{"type":"Polygon","coordinates":[[[-60.90911,-27.99943],[-60.90999,-27.99943],[-60.64441,-28.00067],[-60.64459,-28.10023],[-60.74774,-28.09932],[-60.74857,-28.22164],[-60.82986,-28.27356],[-60.8984,-28.5821],[-61.08143,-29.57417],[-61.08281,-29.63504],[-61.07541,-29.65123],[-61.07114,-29.64428],[-61.06671,-29.65423],[-61.05952,-29.64678],[-61.03838,-29.65302],[-61.04046,-29.66461],[-61.00003,-29.66005],[-60.98664,-29.67207],[-60.96966,-29.66872],[-60.96947,-29.67742],[-60.91113,-29.67331],[-60.87741,-29.70104],[-60.84382,-29.70174],[-60.84524,-29.7213],[-60.82619,-29.73722],[-60.83519,-29.74927],[-60.81792,-29.76578],[-60.80313,-29.74642],[-60.76476,-29.7544],[-60.76644,-29.79035],[-60.74431,-29.80771],[-60.71908,-29.86736],[-60.70847,-29.86171],[-60.69932,-29.87534],[-60.72054,-29.91014],[-60.27963,-29.97888],[-60.28968,-30.02994],[-60.21213,-30.06766],[-60.19831,-30.12204],[-60.15664,-30.12414],[-60.18507,-30.14652],[-60.18205,-30.16218],[-60.15407,-30.16342],[-60.13645,-30.12734],[-60.15952,-30.12007],[-60.13528,-30.11285],[-60.11663,-30.12152],[-60.11436,-30.1036],[-60.12861,-30.08709],[-60.09775,-30.07009],[-60.0994,-30.04187],[-60.08563,-30.03054],[-60.04533,-30.02732],[-60.04435,-30.00974],[-60.0324,-30.00936],[-60.03553,-29.9882],[-60.01731,-29.97571],[-60.02779,-29.9643],[-60.02067,-29.95178],[-59.98893,-29.92876],[-59.96061,-29.93607],[-59.9414,-29.9093],[-59.92645,-29.91506],[-59.88949,-29.83423],[-59.87459,-29.83313],[-59.87683,-29.81303],[-59.91076,-29.80006],[-59.94799,-29.80032],[-59.97056,-29.81271],[-59.97995,-29.78476],[-59.99858,-29.77304],[-60.00007,-29.6547],[-60.06146,-29.65666],[-60.08497,-29.63464],[-60.08278,-29.53471],[-60.10529,-29.48298],[-60.10022,-29.43114],[-60.07826,-29.40551],[-60.08488,-29.38624],[-60.06929,-29.37063],[-60.04391,-29.32605],[-60.01443,-29.31303],[-60.02837,-29.27908],[-60.01731,-29.24264],[-60.03621,-29.22852],[-60.03587,-29.19164],[-60.0757,-29.13911],[-60.06151,-29.14126],[-60.06611,-29.11596],[-60.11641,-29.04742],[-60.00518,-29.07265],[-59.98804,-29.03249],[-60.00106,-29.03053],[-59.99979,-29.01757],[-60.04201,-29.01168],[-60.01975,-28.88609],[-59.97796,-28.89167],[-59.96181,-28.80746],[-59.76228,-28.83834],[-59.74901,-28.8134],[-59.77346,-28.76858],[-59.80459,-28.75768],[-59.80125,-28.73701],[-59.77858,-28.71725],[-59.79491,-28.70835],[-59.78513,-28.70128],[-59.79276,-28.69788],[-59.77279,-28.67939],[-59.77645,-28.66228],[-59.81291,-28.64067],[-59.81716,-28.62448],[-59.80117,-28.61649],[-59.81817,-28.56321],[-59.81092,-28.52794],[-59.79472,-28.51823],[-59.78894,-28.48658],[-59.76511,-28.45584],[-59.79108,-28.44847],[-59.79846,-28.43381],[-59.79837,-28.3791],[-59.8583,-28.37855],[-59.87872,-28.33183],[-59.87628,-28.25155],[-59.79041,-28.2508],[-59.7902,-28.10452],[-59.81105,-28.10462],[-59.81111,-27.99944],[-60.2156,-27.99943],[-60.90911,-27.99943]]]},"properties":{"fid":416,"Entidad":0,"Objeto":"Departamento","FNA":"Departamento Vera","GNA":"Departamento","NAM":"Vera","SAG":"Servicio de Catastro e Información Territorial","FDC":null,"IN1":"82133","SHAPE_STAr":1.91957102135,"SHAPE_STLe":9.37832066652}},{"type":"Feature","geometry":{"type":"Polygon","coordinates":[[[-58.79894,-29.25764],[-58.81327,-29.23836],[-58.85836,-29.25513],[-58.86914,-29.2224],[-58.84655,-29.1739],[-58.83062,-29.17406],[-58.78798,-29.11233],[-58.94262,-29.07138],[-58.94453,-29.08007],[-59.01893,-29.06499],[-59.02654,-29.08998],[-59.11687,-29.08155],[-59.11799,-29.06623],[-59.13757,-29.07899],[-59.14426,-29.05033],[-59.16404,-29.06611],[-59.18343,-29.0598],[-59.19252,-29.08965],[-59.20718,-29.09473],[-59.21187,-29.07867],[-59.2344,-29.07143],[-59.2753,-29.09957],[-59.34677,-29.11435],[-59.40781,-29.22138],[-59.44226,-29.22352],[-59.5087,-29.25077],[-59.51979,-29.34319],[-59.60428,-29.39474],[-59.58092,-29.47407],[-59.61398,-29.66877],[-59.61755,-29.77584],[-59.6599,-29.83723],[-59.6047,-29.90267],[-59.56948,-30.01901],[-59.55207,-30.00855],[-59.54557,-30.01655],[-59.51337,-29.97813],[-59.48743,-29.8676],[-59.47409,-29.85186],[-59.40906,-29.81195],[-59.39286,-29.81095],[-59.38205,-29.82444],[-59.3531,-29.80004],[-59.33311,-29.8166],[-59.30745,-29.80036],[-59.31414,-29.78581],[-59.2617,-29.78327],[-59.24934,-29.7663],[-59.1696,-29.73272],[-59.17124,-29.71833],[-59.13513,-29.70721],[-59.14434,-29.68503],[-59.08096,-29.65696],[-59.08839,-29.64691],[-59.07479,-29.6394],[-59.05644,-29.58048],[-58.96025,-29.5327],[-58.92801,-29.47594],[-58.91007,-29.46828],[-58.88603,-29.41404],[-58.86868,-29.41235],[-58.87458,-29.38976],[-58.84495,-29.35039],[-58.86347,-29.34549],[-58.86116,-29.32879],[-58.81685,-29.30026],[-58.81051,-29.27989],[-58.79223,-29.26919],[-58.79894,-29.25764]]]},"properties":{"fid":448,"Entidad":0,"Objeto":"Departamento","FNA":"Departamento Goya","GNA":"Departamento","NAM":"Goya","SAG":"IGN","FDC":"-2","IN1":"18070","SHAPE_STAr":0.44493674998,"SHAPE_STLe":3.72182715335}},{"type":"Feature","geometry":{"type":"Polygon","coordinates":[[[-57.21562,-28.49937],[-57.32939,-28.57366],[-57.61227,-28.59565],[-57.77959,-28.65959],[-57.93979,-28.70372],[-58.1063,-28.71296],[-58.11097,-28.70035],[-58.18372,-28.74706],[-58.22169,-28.74606],[-58.22745,-28.7586],[-58.28156,-28.76929],[-58.30559,-28.79564],[-58.30736,-28.83293],[-58.34291,-28.86604],[-58.34023,-28.8823],[-58.37773,-28.8929],[-58.37967,-28.91555],[-58.39489,-28.91385],[-58.40199,-28.92755],[-58.45313,-28.9221],[-58.45166,-28.93054],[-58.46213,-28.91621],[-58.47899,-28.93142],[-58.48626,-28.92159],[-58.50221,-28.92434],[-58.49776,-28.9392],[-58.53299,-28.96524],[-58.53395,-28.98881],[-58.56071,-28.9851],[-58.57168,-29.02661],[-58.58213,-29.02269],[-58.60137,-29.04624],[-58.60078,-29.05047],[-58.55944,-29.04662],[-58.55943,-29.05868],[-58.53366,-29.06561],[-58.52666,-29.09563],[-58.53641,-29.09437],[-58.49207,-29.1055],[-58.44156,-29.17286],[-58.40919,-29.19324],[-58.39091,-29.18886],[-58.37209,-29.22892],[-58.35206,-29.24115],[-58.308,-29.25235],[-58.24911,-29.31524],[-58.1932,-29.40306],[-58.15027,-29.43971],[-58.11498,-29.44062],[-58.09401,-29.46465],[-58.05607,-29.48052],[-58.01456,-29.48111],[-57.95231,-29.5359],[-57.89786,-29.54932],[-57.90327,-29.55833],[-57.86824,-29.60538],[-57.8717,-29.63125],[-57.80455,-29.71036],[-57.75624,-29.71421],[-57.75619,-29.72695],[-57.7339,-29.74198],[-57.69306,-29.71376],[-57.65749,-29.72672],[-57.64696,-29.71701],[-57.61586,-29.74254],[-57.60104,-29.7234],[-57.60599,-29.70387],[-57.58787,-29.68935],[-57.60142,-29.68522],[-57.59951,-29.67511],[-57.58107,-29.66728],[-57.55821,-29.67371],[-57.54387,-29.6469],[-57.54929,-29.62246],[-57.53547,-29.61214],[-57.54178,-29.59344],[-57.52667,-29.57117],[-57.50799,-29.56594],[-57.51537,-29.5251],[-57.50617,-29.51673],[-57.52079,-29.50436],[-57.51285,-29.49598],[-57.5219,-29.46591],[-57.50321,-29.44925],[-57.53616,-29.43994],[-57.53412,-29.41199],[-57.52151,-29.40397],[-57.54178,-29.3985],[-57.52889,-29.37329],[-57.54423,-29.35464],[-57.56911,-29.34736],[-57.56564,-29.3306],[-57.5789,-29.33405],[-57.58223,-29.32178],[-57.53868,-29.25942],[-57.54675,-29.2126],[-57.5102,-29.17701],[-57.50594,-29.15419],[-57.47843,-29.14412],[-57.48222,-29.13334],[-57.45814,-29.12058],[-57.43033,-29.06815],[-57.35137,-29.02764],[-57.271,-28.95714],[-57.17868,-28.82659],[-57.16439,-28.63133],[-57.1799,-28.58484],[-57.16976,-28.57232],[-57.21562,-28.49937]]]},"properties":{"fid":446,"Entidad":0,"Objeto":"Departamento","FNA":"Departamento Mercedes","GNA":"Departamento","NAM":"Mercedes","SAG":"IGN","FDC":"-2","IN1":"18105","SHAPE_STAr":0.902858840812,"SHAPE_STLe":6.09856688191}},{"type":"Feature","geometry":{"type":"Polygon","coordinates":[[[-56.54269,-28.43245],[-56.54235,-28.41696],[-56.51918,-28.4104],[-56.51007,-28.38826],[-56.52924,-28.35978],[-56.5203,-28.33902],[-56.54597,-28.3343],[-56.56933,-28.29952],[-56.63807,-28.29287],[-56.6406,-28.26273],[-56.79992,-28.26021],[-56.88093,-28.23503],[-57.21562,-28.49937],[-57.16976,-28.57232],[-57.1799,-28.58484],[-57.16439,-28.63133],[-57.17868,-28.82659],[-57.271,-28.95714],[-57.35137,-29.02764],[-57.43033,-29.06815],[-57.45814,-29.12058],[-57.48222,-29.13334],[-57.47843,-29.14412],[-57.50594,-29.15419],[-57.5102,-29.17701],[-57.47667,-29.18255],[-57.42774,-29.22732],[-57.28639,-29.24631],[-57.13448,-29.24494],[-57.10087,-29.25742],[-56.94976,-29.20105],[-56.92123,-29.20909],[-56.86668,-29.20164],[-56.85511,-29.25803],[-56.86109,-29.30186],[-56.84858,-29.32386],[-56.86375,-29.39385],[-56.85266,-29.42567],[-56.86818,-29.44169],[-56.86916,-29.47012],[-56.83865,-29.49822],[-56.77886,-29.43645],[-56.76746,-29.38256],[-56.70394,-29.36224],[-56.64958,-29.27241],[-56.64541,-29.1993],[-56.6055,-29.1624],[-56.57855,-29.11661],[-56.60942,-29.09897],[-56.5971,-29.09538],[-56.60037,-29.07644],[-56.58074,-29.06751],[-56.58349,-29.05488],[-56.61031,-29.04556],[-56.60938,-29.0064],[-56.63885,-29.00479],[-56.64892,-28.98345],[-56.6399,-28.96848],[-56.66351,-28.96577],[-56.65421,-28.94039],[-56.67205,-28.90793],[-56.66228,-28.89577],[-56.68462,-28.87683],[-56.68243,-28.84091],[-56.69155,-28.84526],[-56.70421,-28.82191],[-56.69116,-28.79864],[-56.70302,-28.77532],[-56.68562,-28.7721],[-56.68667,-28.75317],[-56.70755,-28.7427],[-56.67183,-28.69098],[-56.65381,-28.69408],[-56.63998,-28.66507],[-56.67493,-28.63548],[-56.658,-28.60495],[-56.66982,-28.58424],[-56.65249,-28.56776],[-56.65855,-28.55796],[-56.62428,-28.53732],[-56.59295,-28.5376],[-56.59693,-28.49296],[-56.54269,-28.43245]]]},"properties":{"fid":445,"Entidad":0,"Objeto":"Departamento","FNA":"Departamento San Martín","GNA":"Departamento","NAM":"San Martín","SAG":"IGN","FDC":"-2","IN1":"18147","SHAPE_STAr":0.615063573748,"SHAPE_STLe":5.27796258067}},{"type":"Feature","geometry":{"type":"Polygon","coordinates":[[[-59.40124,-27.99944],[-59.81111,-27.99944],[-59.81105,-28.10462],[-59.7902,-28.10452],[-59.79041,-28.2508],[-59.87628,-28.25155],[-59.87872,-28.33183],[-59.8583,-28.37855],[-59.79837,-28.3791],[-59.79846,-28.43381],[-59.79108,-28.44847],[-59.76511,-28.45584],[-59.78894,-28.48658],[-59.79472,-28.51823],[-59.81092,-28.52794],[-59.81817,-28.56321],[-59.80117,-28.61649],[-59.81716,-28.62448],[-59.81291,-28.64067],[-59.77645,-28.66228],[-59.77279,-28.67939],[-59.79276,-28.69788],[-59.78513,-28.70128],[-59.79491,-28.70835],[-59.77858,-28.71725],[-59.80125,-28.73701],[-59.80459,-28.75768],[-59.77346,-28.76858],[-59.74901,-28.8134],[-59.76228,-28.83834],[-59.96181,-28.80746],[-59.97796,-28.89167],[-60.01975,-28.88609],[-60.04201,-29.01168],[-59.99979,-29.01757],[-60.00106,-29.03053],[-59.98804,-29.03249],[-60.00518,-29.07265],[-60.11641,-29.04742],[-60.06611,-29.11596],[-60.06151,-29.14126],[-60.0757,-29.13911],[-60.03587,-29.19164],[-60.03621,-29.22852],[-60.01731,-29.24264],[-60.02837,-29.27908],[-60.01443,-29.31303],[-60.04391,-29.32605],[-60.06929,-29.37063],[-59.77885,-29.41516],[-59.76838,-29.44255],[-59.73566,-29.4655],[-59.72104,-29.46074],[-59.71979,-29.48784],[-59.67087,-29.47301],[-59.65647,-29.45969],[-59.66183,-29.4466],[-59.58092,-29.47407],[-59.60428,-29.39474],[-59.51979,-29.34319],[-59.5087,-29.25077],[-59.44226,-29.22352],[-59.40781,-29.22138],[-59.34677,-29.11435],[-59.2753,-29.09957],[-59.2344,-29.07143],[-59.19971,-29.03155],[-59.20947,-28.96897],[-59.15807,-28.87736],[-59.16045,-28.79479],[-59.14263,-28.77443],[-59.0786,-28.66749],[-59.10501,-28.63394],[-59.10072,-28.58009],[-59.04886,-28.49331],[-59.08598,-28.43597],[-59.07621,-28.36534],[-59.10346,-28.32882],[-59.10953,-28.22967],[-59.08768,-28.20177],[-59.08763,-28.17177],[-59.06241,-28.12811],[-58.95296,-28.13711],[-58.88082,-28.06683],[-58.89369,-28.03527],[-58.88392,-27.99944],[-59.40124,-27.99944]]]},"properties":{"fid":415,"Entidad":0,"Objeto":"Departamento","FNA":"Departamento General Obligado","GNA":"Departamento","NAM":"General Obligado","SAG":"Servicio de Catastro e Información Territorial","FDC":null,"IN1":"82049","SHAPE_STAr":1.02469090454,"SHAPE_STLe":6.27849860864}},{"type":"Feature","geometry":{"type":"Polygon","coordinates":[[[-58.98724,-28.82292],[-59.04196,-28.81193],[-59.03835,-28.79329],[-59.11864,-28.77882],[-59.12235,-28.76883],[-59.14263,-28.77443],[-59.16045,-28.79479],[-59.15807,-28.87736],[-59.20947,-28.96897],[-59.19971,-29.03155],[-59.2344,-29.07143],[-59.21187,-29.07867],[-59.20718,-29.09473],[-59.19252,-29.08965],[-59.18343,-29.0598],[-59.16404,-29.06611],[-59.14426,-29.05033],[-59.13757,-29.07899],[-59.11799,-29.06623],[-59.11687,-29.08155],[-59.02654,-29.08998],[-59.01893,-29.06499],[-58.94453,-29.08007],[-58.94262,-29.07138],[-58.78798,-29.11233],[-58.83062,-29.17406],[-58.84655,-29.1739],[-58.86914,-29.2224],[-58.85836,-29.25513],[-58.81327,-29.23836],[-58.79894,-29.25764],[-58.78647,-29.23098],[-58.76226,-29.21774],[-58.75501,-29.19048],[-58.73023,-29.17872],[-58.71785,-29.13528],[-58.68734,-29.11803],[-58.69601,-29.11186],[-58.68905,-29.09952],[-58.67364,-29.10319],[-58.6683,-29.08189],[-58.64755,-29.07956],[-58.64531,-29.06467],[-58.61873,-29.06724],[-58.60078,-29.05047],[-58.60137,-29.04624],[-58.70874,-28.95121],[-58.88983,-28.8447],[-58.98724,-28.82292]]]},"properties":{"fid":449,"Entidad":0,"Objeto":"Departamento","FNA":"Departamento Lavalle","GNA":"Departamento","NAM":"Lavalle","SAG":"IGN","FDC":"-2","IN1":"18091","SHAPE_STAr":0.13824940608,"SHAPE_STLe":2.42015886207}},{"type":"Feature","geometry":{"type":"Polygon","coordinates":[[[-56.29702,-28.80239],[-56.30629,-28.79283],[-56.29005,-28.77914],[-56.33904,-28.78262],[-56.38129,-28.76401],[-56.41269,-28.74602],[-56.41545,-28.70094],[-56.45067,-28.69332],[-56.36546,-28.6198],[-56.37593,-28.58938],[-56.36926,-28.52225],[-56.43005,-28.44095],[-56.48435,-28.42887],[-56.54269,-28.43245],[-56.59693,-28.49296],[-56.59295,-28.5376],[-56.62428,-28.53732],[-56.65855,-28.55796],[-56.65249,-28.56776],[-56.66982,-28.58424],[-56.658,-28.60495],[-56.67493,-28.63548],[-56.63998,-28.66507],[-56.65381,-28.69408],[-56.67183,-28.69098],[-56.70755,-28.7427],[-56.68667,-28.75317],[-56.68562,-28.7721],[-56.70302,-28.77532],[-56.69116,-28.79864],[-56.70421,-28.82191],[-56.69155,-28.84526],[-56.68243,-28.84091],[-56.68462,-28.87683],[-56.66228,-28.89577],[-56.67205,-28.90793],[-56.65421,-28.94039],[-56.66351,-28.96577],[-56.6399,-28.96848],[-56.64892,-28.98345],[-56.63885,-29.00479],[-56.60938,-29.0064],[-56.61031,-29.04556],[-56.58349,-29.05488],[-56.58074,-29.06751],[-56.60037,-29.07644],[-56.5971,-29.09538],[-56.60942,-29.09897],[-56.57855,-29.11661],[-56.41953,-29.07898],[-56.39877,-29.02581],[-56.41548,-29.0007],[-56.40991,-28.97765],[-56.30195,-28.90111],[-56.29702,-28.80239]]]},"properties":{"fid":451,"Entidad":0,"Objeto":"Departamento","FNA":"Departamento General Alvear","GNA":"Departamento","NAM":"General Alvear","SAG":"IGN","FDC":"-2","IN1":"18056","SHAPE_STAr":0.180032526718,"SHAPE_STLe":2.92072545266}},{"type":"Feature","geometry":{"type":"Polygon","coordinates":[[[-58.30736,-28.83293],[-58.42289,-28.74057],[-58.46042,-28.77466],[-58.50857,-28.78373],[-58.5301,-28.76743],[-58.54749,-28.72994],[-58.54012,-28.70116],[-58.49042,-28.64681],[-58.50715,-28.61023],[-58.49976,-28.59022],[-58.41538,-28.53985],[-58.31182,-28.45108],[-58.43186,-28.30608],[-58.46043,-28.33667],[-58.49048,-28.33894],[-58.51049,-28.36388],[-58.54521,-28.37657],[-58.60018,-28.45735],[-58.6601,-28.51169],[-58.73615,-28.58844],[-58.85654,-28.63912],[-58.93255,-28.72898],[-58.922,-28.73104],[-58.92768,-28.74688],[-58.95773,-28.76337],[-58.95212,-28.77311],[-58.96748,-28.78036],[-58.98724,-28.82292],[-58.88983,-28.8447],[-58.70874,-28.95121],[-58.60137,-29.04624],[-58.58213,-29.02269],[-58.57168,-29.02661],[-58.56071,-28.9851],[-58.53395,-28.98881],[-58.53299,-28.96524],[-58.49776,-28.9392],[-58.50221,-28.92434],[-58.48626,-28.92159],[-58.47899,-28.93142],[-58.46213,-28.91621],[-58.45166,-28.93054],[-58.45313,-28.9221],[-58.40199,-28.92755],[-58.39489,-28.91385],[-58.37967,-28.91555],[-58.37773,-28.8929],[-58.34023,-28.8823],[-58.34291,-28.86604],[-58.30736,-28.83293]]]},"properties":{"fid":450,"Entidad":0,"Objeto":"Departamento","FNA":"Departamento San Roque","GNA":"Departamento","NAM":"San Roque","SAG":"IGN","FDC":"-2","IN1":"18161","SHAPE_STAr":0.224199716379,"SHAPE_STLe":3.1209440042}},{"type":"Feature","geometry":{"type":"Polygon","coordinates":[[[-57.64429,-28.41973],[-57.65883,-28.41052],[-57.62935,-28.36912],[-57.68055,-28.31961],[-57.60473,-28.25298],[-57.6716,-28.16328],[-57.62757,-28.1362],[-57.7776,-27.97132],[-57.91947,-28.00932],[-58.01542,-28.03178],[-58.06683,-28.08015],[-58.1333,-28.12083],[-58.31625,-28.2134],[-58.43186,-28.30608],[-58.31182,-28.45108],[-58.41538,-28.53985],[-58.49976,-28.59022],[-58.50715,-28.61023],[-58.49042,-28.64681],[-58.54012,-28.70116],[-58.54749,-28.72994],[-58.5301,-28.76743],[-58.50857,-28.78373],[-58.46042,-28.77466],[-58.42289,-28.74057],[-58.30736,-28.83293],[-58.30559,-28.79564],[-58.28156,-28.76929],[-58.22745,-28.7586],[-58.22169,-28.74606],[-58.18372,-28.74706],[-58.11097,-28.70035],[-58.1063,-28.71296],[-57.93979,-28.70372],[-57.77959,-28.65959],[-57.61227,-28.59565],[-57.65696,-28.52933],[-57.69065,-28.50132],[-57.63982,-28.4648],[-57.64429,-28.41973]]]},"properties":{"fid":452,"Entidad":0,"Objeto":"Departamento","FNA":"Departamento Concepción","GNA":"Departamento","NAM":"Concepción","SAG":"IGN","FDC":"-2","IN1":"18028","SHAPE_STAr":0.486348948428,"SHAPE_STLe":3.39975934649}},{"type":"Feature","geometry":{"type":"Polygon","coordinates":[[[-58.98417,-28.19431],[-58.9923,-28.17289],[-59.00888,-28.18227],[-59.02027,-28.17321],[-59.0116,-28.1874],[-59.03034,-28.19083],[-59.04416,-28.22336],[-59.06177,-28.19299],[-59.08768,-28.20177],[-59.10953,-28.22967],[-59.10346,-28.32882],[-59.07621,-28.36534],[-59.08598,-28.43597],[-59.04886,-28.49331],[-59.10072,-28.58009],[-59.10501,-28.63394],[-59.0786,-28.66749],[-59.14263,-28.77443],[-59.12235,-28.76883],[-59.11864,-28.77882],[-59.03835,-28.79329],[-59.04196,-28.81193],[-58.98724,-28.82292],[-58.96748,-28.78036],[-58.95212,-28.77311],[-58.95773,-28.76337],[-58.92768,-28.74688],[-58.922,-28.73104],[-58.93255,-28.72898],[-58.85654,-28.63912],[-58.73615,-28.58844],[-58.6601,-28.51169],[-58.71339,-28.44128],[-58.69717,-28.42],[-58.70702,-28.40398],[-58.75372,-28.3839],[-58.75879,-28.33611],[-58.8137,-28.24098],[-58.85111,-28.25718],[-58.85956,-28.28051],[-58.90314,-28.28374],[-58.95195,-28.30394],[-59.0332,-28.26519],[-59.01581,-28.25505],[-59.02035,-28.21217],[-58.99693,-28.20969],[-58.98417,-28.19431]]]},"properties":{"fid":453,"Entidad":0,"Objeto":"Departamento","FNA":"Departamento Bella Vista","GNA":"Departamento","NAM":"Bella Vista","SAG":"IGN","FDC":"-2","IN1":"18007","SHAPE_STAr":0.163824574583,"SHAPE_STLe":2.51483755249}},{"type":"Feature","geometry":{"type":"Polygon","coordinates":[[[-55.82079,-27.95046],[-55.88837,-28.02208],[-55.87465,-27.95823],[-55.91495,-27.89839],[-55.94642,-27.91534],[-55.98467,-27.90659],[-56.01007,-27.88669],[-56.01129,-27.86933],[-56.03879,-27.8623],[-56.04734,-27.84542],[-56.1069,-27.82786],[-56.13167,-27.83391],[-56.15208,-27.79864],[-56.21761,-27.78363],[-56.22932,-27.76957],[-56.24499,-27.79844],[-56.23969,-27.81897],[-56.26638,-27.82871],[-56.26081,-27.86235],[-56.28494,-27.88656],[-56.32187,-27.87854],[-56.31354,-27.89437],[-56.33495,-27.91063],[-56.34136,-27.93539],[-56.42563,-27.88053],[-56.46788,-27.93946],[-56.62243,-27.84935],[-56.66338,-27.95268],[-56.71298,-28.019],[-56.77954,-28.08066],[-56.83187,-28.17676],[-56.88093,-28.23503],[-56.79992,-28.26021],[-56.6406,-28.26273],[-56.63807,-28.29287],[-56.56933,-28.29952],[-56.54597,-28.3343],[-56.5203,-28.33902],[-56.52924,-28.35978],[-56.51007,-28.38826],[-56.51918,-28.4104],[-56.54235,-28.41696],[-56.54269,-28.43245],[-56.48435,-28.42887],[-56.43005,-28.44095],[-56.36926,-28.52225],[-56.37593,-28.58938],[-56.36546,-28.6198],[-56.45067,-28.69332],[-56.41545,-28.70094],[-56.41269,-28.74602],[-56.38129,-28.76401],[-56.33904,-28.78262],[-56.29005,-28.77914],[-56.30629,-28.79283],[-56.29702,-28.80239],[-56.25915,-28.77832],[-56.18552,-28.77],[-56.11857,-28.68168],[-56.05561,-28.62808],[-56.0076,-28.60495],[-56.00227,-28.57849],[-56.02567,-28.53596],[-56.00865,-28.506],[-55.88236,-28.47771],[-55.90303,-28.4081],[-55.8783,-28.36116],[-55.85124,-28.35497],[-55.75745,-28.36859],[-55.73216,-28.38435],[-55.7175,-28.42216],[-55.69633,-28.42316],[-55.66994,-28.33076],[-55.73287,-28.28582],[-55.77269,-28.27394],[-55.78254,-28.25394],[-55.76891,-28.24062],[-55.69811,-28.22103],[-55.63225,-28.17678],[-55.62024,-28.13754],[-55.71144,-28.08854],[-55.71683,-28.06196],[-55.75817,-28.06095],[-55.74943,-28.0271],[-55.82079,-27.95046]]]},"properties":{"fid":454,"Entidad":0,"Objeto":"Departamento","FNA":"Departamento Santo Tomé","GNA":"Departamento","NAM":"Santo Tomé","SAG":"IGN","FDC":"-2","IN1":"18168","SHAPE_STAr":0.644080502439,"SHAPE_STLe":4.97457139491}},{"type":"Feature","geometry":{"type":"MultiPolygon","coordinates":[[[[-56.02426,-27.32426],[-56.06163,-27.30619],[-56.12025,-27.31771],[-56.17586,-27.34363],[-56.23757,-27.40239],[-56.28423,-27.40849],[-56.29496,-27.42298],[-56.28413,-27.45978],[-56.29369,-27.49414],[-56.33837,-27.52403],[-56.35616,-27.58589],[-56.38884,-27.60602],[-56.42438,-27.60291],[-56.48705,-27.56368],[-56.55674,-27.45678],[-56.60355,-27.43142],[-56.6496,-27.4608],[-56.67806,-27.46353],[-56.69103,-27.45434],[-56.71878,-27.46456],[-56.71705,-27.49694],[-56.67735,-27.56002],[-56.686,-27.57694],[-56.73739,-27.60373],[-56.79406,-27.58686],[-56.82924,-27.60538],[-56.85328,-27.60523],[-56.93191,-27.5666],[-56.95272,-27.53512],[-56.94539,-27.57341],[-57.09683,-27.66506],[-57.11671,-27.70624],[-57.17924,-27.75414],[-57.1947,-27.80737],[-57.25406,-27.86647],[-57.35462,-27.93461],[-57.41278,-28.06934],[-57.39834,-28.1483],[-57.44206,-28.26985],[-57.51043,-28.34025],[-57.58985,-28.37517],[-57.64429,-28.41973],[-57.63982,-28.4648],[-57.69065,-28.50132],[-57.65696,-28.52933],[-57.61227,-28.59565],[-57.32939,-28.57366],[-57.21562,-28.49937],[-56.88093,-28.23503],[-56.83187,-28.17676],[-56.77954,-28.08066],[-56.71298,-28.019],[-56.66338,-27.95268],[-56.62243,-27.84935],[-56.46788,-27.93946],[-56.42563,-27.88053],[-56.34136,-27.93539],[-56.33495,-27.91063],[-56.31354,-27.89437],[-56.32187,-27.87854],[-56.28494,-27.88656],[-56.26081,-27.86235],[-56.26638,-27.82871],[-56.23969,-27.81897],[-56.24499,-27.79844],[-56.22932,-27.76957],[-56.21761,-27.78363],[-56.15208,-27.79864],[-56.13167,-27.83391],[-56.1069,-27.82786],[-56.04734,-27.84542],[-56.03879,-27.8623],[-56.01129,-27.86933],[-56.01007,-27.88669],[-55.98467,-27.90659],[-55.94642,-27.91534],[-55.91495,-27.89839],[-55.87465,-27.95823],[-55.88837,-28.02208],[-55.82079,-27.95046],[-55.81444,-27.91949],[-55.83669,-27.89004],[-55.82777,-27.85471],[-55.84681,-27.8324],[-55.82587,-27.79177],[-55.85181,-27.75866],[-55.97845,-27.54284],[-56.02729,-27.50689],[-56.05489,-27.45097],[-56.05473,-27.41939],[-56.03597,-27.41427],[-56.04322,-27.40499],[-56.02794,-27.3731],[-56.0399,-27.34809],[-56.02426,-27.32426]]],[[[-56.91483,-27.42354],[-56.95069,-27.43247],[-57.03158,-27.48147],[-56.9701,-27.49273],[-56.95244,-27.51477],[-56.90306,-27.5374],[-56.87158,-27.58346],[-56.84042,-27.59618],[-56.74857,-27.56179],[-56.7294,-27.50196],[-56.76403,-27.50257],[-56.87176,-27.43044],[-56.91483,-27.42354]]],[[[-56.70526,-27.56331],[-56.69967,-27.53652],[-56.71693,-27.51994],[-56.73405,-27.55873],[-56.7839,-27.58269],[-56.73423,-27.59143],[-56.70526,-27.56331]]],[[[-56.95694,-27.51605],[-56.91961,-27.56256],[-56.87599,-27.58357],[-56.89413,-27.55172],[-56.95694,-27.51605]]],[[[-56.6996,-27.57816],[-56.68607,-27.56089],[-56.69332,-27.54506],[-56.6996,-27.57816]]],[[[-56.32933,-27.50123],[-56.3207,-27.49547],[-56.3443,-27.50799],[-56.32933,-27.50123]]]]},"properties":{"fid":460,"Entidad":0,"Objeto":"Departamento","FNA":"Departamento Ituzaingó","GNA":"Departamento","NAM":"Ituzaingó","SAG":"IGN","FDC":"-2","IN1":"18084","SHAPE_STAr":0.886522425968,"SHAPE_STLe":8.62468335625}},{"type":"Feature","geometry":{"type":"Polygon","coordinates":[[[-58.43883,-27.99439],[-58.46543,-27.97023],[-58.58082,-27.99535],[-58.63091,-28.02255],[-58.63857,-28.03901],[-58.6697,-28.04574],[-58.67294,-28.06489],[-58.68535,-28.06124],[-58.6972,-28.08189],[-58.71674,-28.0904],[-58.72277,-28.07922],[-58.73874,-28.0835],[-58.75587,-28.11248],[-58.7885,-28.1274],[-58.81758,-28.122],[-58.83559,-28.16726],[-58.8561,-28.17508],[-58.86816,-28.16511],[-58.87457,-28.17585],[-58.90712,-28.17379],[-58.9351,-28.19086],[-58.95512,-28.1836],[-58.98417,-28.19431],[-58.99693,-28.20969],[-59.02035,-28.21217],[-59.01581,-28.25505],[-59.0332,-28.26519],[-58.95195,-28.30394],[-58.90314,-28.28374],[-58.85956,-28.28051],[-58.85111,-28.25718],[-58.8137,-28.24098],[-58.75879,-28.33611],[-58.75372,-28.3839],[-58.70702,-28.40398],[-58.69717,-28.42],[-58.71339,-28.44128],[-58.6601,-28.51169],[-58.60018,-28.45735],[-58.54521,-28.37657],[-58.51049,-28.36388],[-58.49048,-28.33894],[-58.46043,-28.33667],[-58.43186,-28.30608],[-58.31625,-28.2134],[-58.36848,-28.14335],[-58.33459,-28.11839],[-58.43883,-27.99439]]]},"properties":{"fid":455,"Entidad":0,"Objeto":"Departamento","FNA":"Departamento Saladas","GNA":"Departamento","NAM":"Saladas","SAG":"IGN","FDC":"-2","IN1":"18126","SHAPE_STAr":0.176445552007,"SHAPE_STLe":2.69746446132}},{"type":"Feature","geometry":{"type":"Polygon","coordinates":[[[-56.95272,-27.53512],[-56.97993,-27.49339],[-57.03647,-27.4806],[-57.12055,-27.49345],[-57.2321,-27.46804],[-57.25456,-27.47355],[-57.22528,-27.49711],[-57.22845,-27.51186],[-57.30389,-27.55071],[-57.42287,-27.65356],[-57.49858,-27.6916],[-57.59329,-27.76637],[-57.72687,-27.93218],[-57.7776,-27.97132],[-57.62757,-28.1362],[-57.6716,-28.16328],[-57.60473,-28.25298],[-57.68055,-28.31961],[-57.62935,-28.36912],[-57.65883,-28.41052],[-57.64429,-28.41973],[-57.58985,-28.37517],[-57.51043,-28.34025],[-57.44206,-28.26985],[-57.39834,-28.1483],[-57.41278,-28.06934],[-57.35462,-27.93461],[-57.25406,-27.86647],[-57.1947,-27.80737],[-57.17924,-27.75414],[-57.11671,-27.70624],[-57.09683,-27.66506],[-56.94539,-27.57341],[-56.95272,-27.53512]]]},"properties":{"fid":458,"Entidad":0,"Objeto":"Departamento","FNA":"Departamento San Miguel","GNA":"Departamento","NAM":"San Miguel","SAG":"IGN","FDC":"-2","IN1":"18154","SHAPE_STAr":0.280546382048,"SHAPE_STLe":3.01502766942}},{"type":"Feature","geometry":{"type":"Polygon","coordinates":[[[-58.30392,-27.95338],[-58.32561,-27.90025],[-58.31656,-27.8662],[-58.32982,-27.86472],[-58.32826,-27.85288],[-58.34168,-27.85161],[-58.34322,-27.8614],[-58.39668,-27.8584],[-58.38586,-27.78487],[-58.46611,-27.78082],[-58.46747,-27.75647],[-58.50005,-27.75864],[-58.49754,-27.72819],[-58.54711,-27.72111],[-58.54411,-27.70446],[-58.60102,-27.7185],[-58.5964,-27.64704],[-58.60583,-27.63017],[-58.64537,-27.60347],[-58.66832,-27.61226],[-58.72724,-27.62721],[-58.7773,-27.66003],[-58.804,-27.65465],[-58.81169,-27.67537],[-58.82442,-27.66939],[-58.80971,-27.78341],[-58.8455,-27.89163],[-58.82926,-27.96187],[-58.85774,-28.01161],[-58.85973,-28.05032],[-58.88082,-28.06683],[-58.95296,-28.13711],[-59.06241,-28.12811],[-59.08763,-28.17177],[-59.08768,-28.20177],[-59.06177,-28.19299],[-59.04416,-28.22336],[-59.03034,-28.19083],[-59.0116,-28.1874],[-59.02027,-28.17321],[-59.00888,-28.18227],[-58.9923,-28.17289],[-58.98417,-28.19431],[-58.95512,-28.1836],[-58.9351,-28.19086],[-58.90712,-28.17379],[-58.87457,-28.17585],[-58.86816,-28.16511],[-58.8561,-28.17508],[-58.83559,-28.16726],[-58.81758,-28.122],[-58.7885,-28.1274],[-58.75587,-28.11248],[-58.73874,-28.0835],[-58.72277,-28.07922],[-58.71674,-28.0904],[-58.6972,-28.08189],[-58.68535,-28.06124],[-58.67294,-28.06489],[-58.6697,-28.04574],[-58.63857,-28.03901],[-58.63091,-28.02255],[-58.58082,-27.99535],[-58.46543,-27.97023],[-58.43883,-27.99439],[-58.3901,-27.99097],[-58.36361,-27.97115],[-58.30392,-27.95338]]]},"properties":{"fid":459,"Entidad":0,"Objeto":"Departamento","FNA":"Departamento Empedrado","GNA":"Departamento","NAM":"Empedrado","SAG":"IGN","FDC":"-2","IN1":"18042","SHAPE_STAr":0.17987125837,"SHAPE_STLe":3.20580901758}},{"type":"Feature","geometry":{"type":"Polygon","coordinates":[[[-57.91947,-28.00932],[-57.93824,-27.94112],[-57.98967,-27.96409],[-57.99443,-27.94521],[-58.02394,-27.95349],[-58.03541,-27.90337],[-58.08148,-27.90546],[-58.08975,-27.87151],[-58.0243,-27.82603],[-58.09984,-27.81117],[-58.16853,-27.82962],[-58.14791,-27.85705],[-58.16332,-27.90131],[-58.19467,-27.90118],[-58.26774,-27.94577],[-58.30392,-27.95338],[-58.36361,-27.97115],[-58.3901,-27.99097],[-58.43883,-27.99439],[-58.33459,-28.11839],[-58.36848,-28.14335],[-58.31625,-28.2134],[-58.1333,-28.12083],[-58.06683,-28.08015],[-58.01542,-28.03178],[-57.91947,-28.00932]]]},"properties":{"fid":457,"Entidad":0,"Objeto":"Departamento","FNA":"Departamento Mburucuyá","GNA":"Departamento","NAM":"Mburucuyá","SAG":"IGN","FDC":"-2","IN1":"18098","SHAPE_STAr":0.0916199788604,"SHAPE_STLe":1.68554184399}},{"type":"Feature","geometry":{"type":"Polygon","coordinates":[[[-58.33744,-27.41337],[-58.35547,-27.39786],[-58.41381,-27.4089],[-58.44935,-27.3993],[-58.45544,-27.41679],[-58.49106,-27.4299],[-58.48082,-27.44967],[-58.48864,-27.47446],[-58.51916,-27.49109],[-58.54849,-27.48739],[-58.58985,-27.51882],[-58.62893,-27.51027],[-58.65342,-27.53224],[-58.66832,-27.61226],[-58.64537,-27.60347],[-58.60583,-27.63017],[-58.5964,-27.64704],[-58.60102,-27.7185],[-58.54411,-27.70446],[-58.54711,-27.72111],[-58.49754,-27.72819],[-58.50005,-27.75864],[-58.46747,-27.75647],[-58.46611,-27.78082],[-58.38586,-27.78487],[-58.39668,-27.8584],[-58.34322,-27.8614],[-58.34168,-27.85161],[-58.32826,-27.85288],[-58.32982,-27.86472],[-58.31656,-27.8662],[-58.32561,-27.90025],[-58.30392,-27.95338],[-58.26774,-27.94577],[-58.19467,-27.90118],[-58.16332,-27.90131],[-58.14791,-27.85705],[-58.16853,-27.82962],[-58.24281,-27.83758],[-58.30405,-27.79534],[-58.14553,-27.69708],[-58.06912,-27.67673],[-58.05451,-27.65875],[-57.99414,-27.6484],[-57.95409,-27.62561],[-57.92916,-27.57972],[-57.89254,-27.56337],[-57.8311,-27.48562],[-57.87595,-27.43956],[-57.97751,-27.40347],[-58.01951,-27.40046],[-58.13228,-27.40402],[-58.22031,-27.44337],[-58.33744,-27.41337]]]},"properties":{"fid":462,"Entidad":0,"Objeto":"Departamento","FNA":"Departamento San Luis del Palmar","GNA":"Departamento","NAM":"San Luis del Palmar","SAG":"IGN","FDC":"-2","IN1":"18140","SHAPE_STAr":0.235593390759,"SHAPE_STLe":3.00382258707}},{"type":"Feature","geometry":{"type":"Polygon","coordinates":[[[-57.2321,-27.46804],[-57.32651,-27.40984],[-57.38771,-27.42156],[-57.40374,-27.51552],[-57.44763,-27.55788],[-57.45611,-27.58469],[-57.49336,-27.61352],[-57.51022,-27.61069],[-57.54853,-27.65106],[-57.57619,-27.64948],[-57.58412,-27.61456],[-57.57032,-27.60546],[-57.63978,-27.59748],[-57.63687,-27.57382],[-57.68951,-27.57296],[-57.67764,-27.50222],[-57.68687,-27.49223],[-57.77616,-27.50928],[-57.8311,-27.48562],[-57.89254,-27.56337],[-57.92916,-27.57972],[-57.95409,-27.62561],[-57.99414,-27.6484],[-58.05451,-27.65875],[-58.06912,-27.67673],[-58.14553,-27.69708],[-58.30405,-27.79534],[-58.24281,-27.83758],[-58.16853,-27.82962],[-58.09984,-27.81117],[-58.0243,-27.82603],[-58.08975,-27.87151],[-58.08148,-27.90546],[-58.03541,-27.90337],[-58.02394,-27.95349],[-57.99443,-27.94521],[-57.98967,-27.96409],[-57.93824,-27.94112],[-57.91947,-28.00932],[-57.7776,-27.97132],[-57.72687,-27.93218],[-57.59329,-27.76637],[-57.49858,-27.6916],[-57.42287,-27.65356],[-57.30389,-27.55071],[-57.22845,-27.51186],[-57.22528,-27.49711],[-57.25456,-27.47355],[-57.2321,-27.46804]]]},"properties":{"fid":456,"Entidad":0,"Objeto":"Departamento","FNA":"Departamento General Paz","GNA":"Departamento","NAM":"General Paz","SAG":"IGN","FDC":"-2","IN1":"18063","SHAPE_STAr":0.238790148404,"SHAPE_STLe":3.2729452592}},{"type":"Feature","geometry":{"type":"Polygon","coordinates":[[[-55.50141,-27.76353],[-55.5234,-27.76125],[-55.55447,-27.83135],[-55.63125,-27.94399],[-55.57715,-27.94514],[-55.564,-27.96539],[-55.55321,-28.03817],[-55.56106,-28.08239],[-55.57817,-28.10768],[-55.58999,-28.10487],[-55.58848,-28.11849],[-55.58777,-28.14614],[-55.55993,-28.16422],[-55.54009,-28.12285],[-55.5131,-28.11387],[-55.49551,-28.07919],[-55.44498,-28.09721],[-55.42278,-28.06097],[-55.37046,-28.02845],[-55.38356,-27.98119],[-55.34163,-27.96854],[-55.33221,-27.9327],[-55.31311,-27.92179],[-55.3575,-27.77834],[-55.50141,-27.76353]]]},"properties":{"fid":479,"Entidad":0,"Objeto":"Departamento","FNA":"Departamento Concepción","GNA":"Departamento","NAM":"Concepción","SAG":"Ministerio de Ecología","FDC":null,"IN1":"54035","SHAPE_STAr":0.0712678079836,"SHAPE_STLe":1.3237884612}},{"type":"Feature","geometry":{"type":"Polygon","coordinates":[[[-55.61714,-27.69699],[-55.61957,-27.71501],[-55.66361,-27.71007],[-55.66938,-27.74896],[-55.70335,-27.74397],[-55.72763,-27.71014],[-55.75253,-27.71697],[-55.7729,-27.69091],[-55.78016,-27.73439],[-55.85181,-27.75866],[-55.82587,-27.79177],[-55.84681,-27.8324],[-55.82777,-27.85471],[-55.83669,-27.89004],[-55.81444,-27.91949],[-55.82079,-27.95046],[-55.74943,-28.0271],[-55.75817,-28.06095],[-55.71683,-28.06196],[-55.71144,-28.08854],[-55.62024,-28.13754],[-55.61161,-28.11849],[-55.58848,-28.11849],[-55.58999,-28.10487],[-55.57817,-28.10768],[-55.56106,-28.08239],[-55.55321,-28.03817],[-55.564,-27.96539],[-55.57715,-27.94514],[-55.63125,-27.94399],[-55.55447,-27.83135],[-55.5234,-27.76125],[-55.50141,-27.76353],[-55.49394,-27.70884],[-55.61714,-27.69699]]]},"properties":{"fid":480,"Entidad":0,"Objeto":"Departamento","FNA":"Departamento Apóstoles","GNA":"Departamento","NAM":"Apóstoles","SAG":"Ministerio de Ecología","FDC":null,"IN1":"54007","SHAPE_STAr":0.095155264623,"SHAPE_STLe":1.76358211881}},{"type":"Feature","geometry":{"type":"Polygon","coordinates":[[[-60.21294,-27.28507],[-60.21536,-27.7381],[-60.2156,-27.99943],[-59.81111,-27.99944],[-59.40124,-27.99944],[-59.40378,-27.46758],[-59.58223,-27.46811],[-59.58098,-27.29847],[-59.59649,-27.28418],[-60.0113,-27.2864],[-60.21294,-27.28507]]]},"properties":{"fid":485,"Entidad":0,"Objeto":"Departamento","FNA":"Departamento Tapenagá","GNA":"Departamento","NAM":"Tapenagá","SAG":"IDE Chaco","FDC":null,"IN1":"22161","SHAPE_STAr":0.546298864343,"SHAPE_STLe":3.04745998926}},{"type":"Feature","geometry":{"type":"Polygon","coordinates":[[[-60.51839,-27.46476],[-60.90928,-27.46003],[-60.90942,-27.39985],[-60.99717,-27.40012],[-60.99721,-27.4177],[-60.99728,-27.47811],[-61.02235,-27.47822],[-61.01943,-27.63493],[-61.01366,-27.79409],[-60.90866,-27.79386],[-60.90911,-27.99943],[-60.2156,-27.99943],[-60.21536,-27.7381],[-60.5219,-27.73723],[-60.52329,-27.64563],[-60.46917,-27.64592],[-60.46781,-27.46521],[-60.51839,-27.46476]]]},"properties":{"fid":491,"Entidad":0,"Objeto":"Departamento","FNA":"Departamento Mayor Luis Jorge Fontana","GNA":"Departamento","NAM":"Mayor Luis Jorge Fontana","SAG":"IDE Chaco","FDC":null,"IN1":"22098","SHAPE_STAr":0.338832709833,"SHAPE_STLe":2.91484872779}},{"type":"Feature","geometry":{"type":"Polygon","coordinates":[[[-58.87491,-27.48856],[-58.87882,-27.47175],[-58.90161,-27.47254],[-58.87995,-27.46235],[-58.86887,-27.42654],[-58.97123,-27.33424],[-59.11519,-27.46129],[-59.17227,-27.4106],[-59.21716,-27.44853],[-59.40409,-27.45205],[-59.40378,-27.46758],[-59.40124,-27.99944],[-58.88392,-27.99944],[-58.89369,-28.03527],[-58.88082,-28.06683],[-58.85973,-28.05032],[-58.85774,-28.01161],[-58.82926,-27.96187],[-58.8455,-27.89163],[-58.80971,-27.78341],[-58.82442,-27.66939],[-58.8355,-27.64664],[-58.88275,-27.60852],[-58.87138,-27.57987],[-58.87491,-27.48856]]]},"properties":{"fid":495,"Entidad":0,"Objeto":"Departamento","FNA":"Departamento San Fernando","GNA":"Departamento","NAM":"San Fernando","SAG":"IDE Chaco","FDC":null,"IN1":"22140","SHAPE_STAr":0.325174945898,"SHAPE_STLe":2.54456206145}},{"type":"Feature","geometry":{"type":"Polygon","coordinates":[[[-55.79463,-27.43413],[-55.83891,-27.40748],[-55.89335,-27.34399],[-55.97895,-27.35512],[-56.02426,-27.32426],[-56.0399,-27.34809],[-56.02794,-27.3731],[-56.04322,-27.40499],[-56.03597,-27.41427],[-56.05473,-27.41939],[-56.05489,-27.45097],[-56.02729,-27.50689],[-55.97845,-27.54284],[-55.85181,-27.75866],[-55.78016,-27.73439],[-55.7729,-27.69091],[-55.75253,-27.71697],[-55.72763,-27.71014],[-55.70335,-27.74397],[-55.66938,-27.74896],[-55.66361,-27.71007],[-55.61957,-27.71501],[-55.61714,-27.69699],[-55.60984,-27.64451],[-55.65583,-27.6386],[-55.66031,-27.61925],[-55.67482,-27.59341],[-55.68111,-27.60344],[-55.7217,-27.60848],[-55.72301,-27.58903],[-55.79936,-27.57764],[-55.77857,-27.49884],[-55.81652,-27.47502],[-55.79463,-27.43413]]]},"properties":{"fid":467,"Entidad":0,"Objeto":"Departamento","FNA":"Departamento Capital","GNA":"Departamento","NAM":"Capital","SAG":"Ministerio de Ecología","FDC":null,"IN1":"54028","SHAPE_STAr":0.0891348793063,"SHAPE_STLe":1.84895434195}},{"type":"Feature","geometry":{"type":"Polygon","coordinates":[[[-58.62893,-27.51027],[-58.63638,-27.47461],[-58.67885,-27.47123],[-58.66338,-27.42267],[-58.70792,-27.36618],[-58.74556,-27.38224],[-58.77281,-27.3782],[-58.87491,-27.48856],[-58.87138,-27.57987],[-58.88275,-27.60852],[-58.8355,-27.64664],[-58.82442,-27.66939],[-58.81169,-27.67537],[-58.804,-27.65465],[-58.7773,-27.66003],[-58.72724,-27.62721],[-58.66832,-27.61226],[-58.65342,-27.53224],[-58.62893,-27.51027]]]},"properties":{"fid":461,"Entidad":0,"Objeto":"Departamento","FNA":"Departamento Capital","GNA":"Departamento","NAM":"Capital","SAG":"IGN","FDC":"-2","IN1":"18021","SHAPE_STAr":0.0507487774815,"SHAPE_STLe":1.05560446765}},{"type":"Feature","geometry":{"type":"MultiPolygon","coordinates":[[[[-57.38771,-27.42156],[-57.50752,-27.4442],[-57.60979,-27.39571],[-57.69701,-27.32688],[-57.79352,-27.34148],[-57.78459,-27.36364],[-57.74236,-27.35563],[-57.75326,-27.40817],[-57.82798,-27.40115],[-57.87595,-27.43956],[-57.8311,-27.48562],[-57.77616,-27.50928],[-57.68687,-27.49223],[-57.67764,-27.50222],[-57.68951,-27.57296],[-57.63687,-27.57382],[-57.63978,-27.59748],[-57.57032,-27.60546],[-57.58412,-27.61456],[-57.57619,-27.64948],[-57.54853,-27.65106],[-57.51022,-27.61069],[-57.49336,-27.61352],[-57.45611,-27.58469],[-57.44763,-27.55788],[-57.40374,-27.51552],[-57.38771,-27.42156]]],[[[-57.56661,-27.38512],[-57.59342,-27.39245],[-57.49219,-27.4387],[-57.40447,-27.41796],[-57.56661,-27.38512]]]]},"properties":{"fid":465,"Entidad":0,"Objeto":"Departamento","FNA":"Departamento Berón de Astrada","GNA":"Departamento","NAM":"Berón de Astrada","SAG":"IGN","FDC":"-2","IN1":"18014","SHAPE_STAr":0.0777806363566,"SHAPE_STLe":2.19787028824}},{"type":"Feature","geometry":{"type":"Polygon","coordinates":[[[-55.36525,-27.46144],[-55.28185,-27.41459],[-55.28855,-27.40558],[-55.30515,-27.40614],[-55.31026,-27.38305],[-55.32422,-27.40327],[-55.36217,-27.4007],[-55.34692,-27.3951],[-55.3549,-27.3819],[-55.38638,-27.39025],[-55.37994,-27.37867],[-55.39388,-27.38216],[-55.40485,-27.36906],[-55.41621,-27.38231],[-55.40843,-27.38967],[-55.43362,-27.38063],[-55.43141,-27.39557],[-55.44693,-27.3929],[-55.44288,-27.38564],[-55.46218,-27.37298],[-55.49496,-27.3647],[-55.49201,-27.34812],[-55.47886,-27.34336],[-55.4852,-27.32177],[-55.47494,-27.32169],[-55.48695,-27.30519],[-55.49958,-27.31183],[-55.50395,-27.29857],[-55.52396,-27.2986],[-55.5187,-27.28015],[-55.58762,-27.31334],[-55.59614,-27.33916],[-55.68332,-27.37876],[-55.73277,-27.44311],[-55.79463,-27.43413],[-55.81652,-27.47502],[-55.77857,-27.49884],[-55.79936,-27.57764],[-55.72301,-27.58903],[-55.7217,-27.60848],[-55.68111,-27.60344],[-55.67482,-27.59341],[-55.66031,-27.61925],[-55.63898,-27.62613],[-55.55978,-27.57462],[-55.57693,-27.55031],[-55.51493,-27.51542],[-55.49967,-27.53744],[-55.36525,-27.46144]]]},"properties":{"fid":468,"Entidad":0,"Objeto":"Departamento","FNA":"Departamento Candelaria","GNA":"Departamento","NAM":"Candelaria","SAG":"Ministerio de Ecología","FDC":null,"IN1":"54021","SHAPE_STAr":0.0839429526131,"SHAPE_STLe":1.9159197141}},{"type":"Feature","geometry":{"type":"MultiPolygon","coordinates":[[[[-58.36257,-27.28434],[-58.41685,-27.2901],[-58.49351,-27.27065],[-58.51572,-27.29103],[-58.54975,-27.29479],[-58.5929,-27.32082],[-58.61649,-27.31863],[-58.66879,-27.35909],[-58.70792,-27.36618],[-58.66338,-27.42267],[-58.67885,-27.47123],[-58.63638,-27.47461],[-58.62893,-27.51027],[-58.58985,-27.51882],[-58.54849,-27.48739],[-58.51916,-27.49109],[-58.48864,-27.47446],[-58.48082,-27.44967],[-58.49106,-27.4299],[-58.45544,-27.41679],[-58.44935,-27.3993],[-58.41381,-27.4089],[-58.35547,-27.39786],[-58.33744,-27.41337],[-58.32493,-27.35997],[-58.30373,-27.36228],[-58.36257,-27.28434]]],[[[-58.42327,-27.27015],[-58.43113,-27.26823],[-58.42201,-27.28063],[-58.42327,-27.27015]]]]},"properties":{"fid":463,"Entidad":0,"Objeto":"Departamento","FNA":"Departamento San Cosme","GNA":"Departamento","NAM":"San Cosme","SAG":"IGN","FDC":"-2","IN1":"18133","SHAPE_STAr":0.0540493695812,"SHAPE_STLe":1.4595879658}},{"type":"Feature","geometry":{"type":"Polygon","coordinates":[[[-60.51337,-27.00985],[-60.61483,-26.9741],[-60.61532,-27.05725],[-60.81556,-27.05497],[-60.81703,-27.1424],[-60.81797,-27.19818],[-60.84452,-27.18007],[-60.90586,-27.25203],[-60.81988,-27.3099],[-60.82074,-27.36633],[-60.90942,-27.39985],[-60.90928,-27.46003],[-60.51839,-27.46476],[-60.51337,-27.00985]]]},"properties":{"fid":17,"Entidad":0,"Objeto":"Departamento","FNA":"Departamento O'Higgins","GNA":"Departamento","NAM":"O'Higgins","SAG":"Direc. Pcial. de Catastro y Cartografía","FDC":null,"IN1":"22112","SHAPE_STAr":0.142782455751,"SHAPE_STLe":1.82476528764}},{"type":"Feature","geometry":{"type":"MultiPolygon","coordinates":[[[[-57.79352,-27.34148],[-57.82409,-27.33049],[-57.85891,-27.28098],[-57.89703,-27.26695],[-57.97099,-27.27499],[-58.03412,-27.25933],[-58.09217,-27.27575],[-58.19134,-27.28083],[-58.24674,-27.26152],[-58.36257,-27.28434],[-58.30373,-27.36228],[-58.32493,-27.35997],[-58.33744,-27.41337],[-58.22031,-27.44337],[-58.13228,-27.40402],[-58.01951,-27.40046],[-57.97751,-27.40347],[-57.87595,-27.43956],[-57.82798,-27.40115],[-57.75326,-27.40817],[-57.74236,-27.35563],[-57.78459,-27.36364],[-57.79352,-27.34148]],[[-57.90335,-27.27382],[-57.86239,-27.29436],[-57.89346,-27.28621],[-57.89424,-27.2802],[-57.89824,-27.27752],[-57.91287,-27.27664],[-57.90335,-27.27382]],[[-57.90672,-27.29055],[-57.91659,-27.29287],[-57.91839,-27.28246],[-57.89556,-27.27949],[-57.8959,-27.28811],[-57.90672,-27.29055]],[[-57.95291,-27.27601],[-57.92393,-27.27524],[-57.94487,-27.28617],[-57.93943,-27.27729],[-57.95291,-27.27601]]],[[[-57.82595,-27.3026],[-57.81945,-27.3187],[-57.76895,-27.32111],[-57.82595,-27.3026]]],[[[-57.75255,-27.32016],[-57.79809,-27.32502],[-57.74152,-27.32331],[-57.75255,-27.32016]]],[[[-58.15049,-27.25783],[-58.178,-27.25927],[-58.13857,-27.26555],[-58.15049,-27.25783]]]]},"properties":{"fid":464,"Entidad":0,"Objeto":"Departamento","FNA":"Departamento Itatí","GNA":"Departamento","NAM":"Itatí","SAG":"IGN","FDC":"-2","IN1":"18077","SHAPE_STAr":0.0794690511707,"SHAPE_STLe":3.12378180095}},{"type":"Feature","geometry":{"type":"Polygon","coordinates":[[[-54.61353,-26.93393],[-54.66455,-26.95507],[-54.65925,-26.96663],[-54.70095,-26.97905],[-54.71921,-26.93583],[-54.75653,-26.9466],[-54.72686,-27.04088],[-54.75268,-27.05183],[-54.78109,-27.02851],[-54.78647,-27.00787],[-54.81381,-27.00313],[-54.81453,-26.98922],[-54.84542,-26.99553],[-54.88625,-26.98152],[-54.90185,-26.98967],[-54.88303,-27.0055],[-54.8936,-27.06512],[-54.90548,-27.05698],[-54.91539,-27.07511],[-54.95386,-27.08273],[-54.96927,-27.10674],[-55.01156,-27.06222],[-55.09934,-27.06243],[-55.10065,-27.18376],[-55.07976,-27.18798],[-54.93809,-27.37072],[-54.92206,-27.36153],[-54.92525,-27.35291],[-54.81968,-27.38536],[-54.83277,-27.3565],[-54.81473,-27.35998],[-54.82272,-27.35154],[-54.81214,-27.33972],[-54.82475,-27.32841],[-54.81416,-27.3324],[-54.8169,-27.32333],[-54.83249,-27.31823],[-54.81439,-27.31332],[-54.83365,-27.27777],[-54.81687,-27.26925],[-54.83233,-27.26491],[-54.83514,-27.24865],[-54.70057,-27.21235],[-54.71598,-27.16342],[-54.61131,-27.16386],[-54.6026,-27.17839],[-54.62675,-27.21037],[-54.60359,-27.21305],[-54.61281,-27.22027],[-54.60541,-27.22441],[-54.59304,-27.21935],[-54.6056,-27.24074],[-54.5818,-27.25445],[-54.59893,-27.26049],[-54.59453,-27.26829],[-54.58422,-27.27497],[-54.51293,-27.26064],[-54.50768,-27.24782],[-54.52099,-27.24892],[-54.52635,-27.23479],[-54.51121,-27.22484],[-54.52841,-27.22592],[-54.51922,-27.22371],[-54.52923,-27.20744],[-54.50486,-27.19172],[-54.51324,-27.17542],[-54.49438,-27.176],[-54.50325,-27.15419],[-54.48633,-27.14236],[-54.4961,-27.13131],[-54.48687,-27.12952],[-54.48807,-27.10831],[-54.49744,-27.09013],[-54.54047,-27.09241],[-54.61353,-26.93393]]]},"properties":{"fid":469,"Entidad":0,"Objeto":"Departamento","FNA":"Departamento Cainguás","GNA":"Departamento","NAM":"Cainguás","SAG":"Ministerio de Ecología","FDC":null,"IN1":"54014","SHAPE_STAr":0.140994240123,"SHAPE_STLe":3.04933723582}},{"type":"Feature","geometry":{"type":"Polygon","coordinates":[[[-58.37735,-26.87223],[-58.38869,-26.86922],[-58.37971,-26.85643],[-58.39661,-26.86048],[-58.40065,-26.83121],[-58.40684,-26.84572],[-58.42778,-26.82478],[-58.44634,-26.83192],[-58.44515,-26.81836],[-58.47775,-26.82455],[-58.46751,-26.80027],[-58.4856,-26.80599],[-58.48726,-26.78433],[-58.4975,-26.78933],[-58.50725,-26.77315],[-58.49964,-26.76149],[-58.53295,-26.75792],[-58.53426,-26.73822],[-58.54968,-26.74876],[-58.56912,-26.7277],[-58.57406,-26.6861],[-58.611,-26.68149],[-58.62815,-26.66233],[-58.68039,-26.64268],[-58.68845,-26.60398],[-58.89838,-26.79181],[-58.91557,-26.77653],[-58.93341,-26.78008],[-58.93905,-26.79384],[-58.95374,-26.78579],[-58.95327,-26.8687],[-58.95922,-27.09138],[-58.91978,-27.12543],[-58.88781,-27.1279],[-58.87058,-27.11761],[-58.87033,-27.13775],[-58.78706,-27.18734],[-58.77798,-27.21715],[-58.75227,-27.21807],[-58.7592,-27.24461],[-58.7341,-27.28458],[-58.76782,-27.32338],[-58.77281,-27.3782],[-58.74556,-27.38224],[-58.70792,-27.36618],[-58.66879,-27.35909],[-58.61649,-27.31863],[-58.59248,-27.22903],[-58.66163,-27.18658],[-58.65221,-27.13056],[-58.62571,-27.11388],[-58.5549,-27.10891],[-58.55964,-27.03759],[-58.52714,-27.03747],[-58.51127,-27.06226],[-58.49859,-27.04507],[-58.51943,-27.00195],[-58.46981,-27.00007],[-58.48414,-26.93535],[-58.38489,-26.89219],[-58.37735,-26.87223]]]},"properties":{"fid":326,"Entidad":0,"Objeto":"Departamento","FNA":"Departamento Bermejo","GNA":"Departamento","NAM":"Bermejo","SAG":"IDE Chaco","FDC":null,"IN1":"22014","SHAPE_STAr":0.232464798538,"SHAPE_STLe":3.04141928082}},{"type":"Feature","geometry":{"type":"Polygon","coordinates":[[[-58.21585,-26.38414],[-58.26735,-26.34418],[-58.50413,-26.34335],[-58.50539,-26.17364],[-58.56897,-26.1735],[-58.56869,-26.15921],[-58.75666,-26.1573],[-58.75766,-26.18355],[-58.92603,-26.1853],[-58.97445,-26.18577],[-58.97487,-26.38845],[-58.95556,-26.39988],[-58.94197,-26.43066],[-58.91486,-26.44514],[-58.90981,-26.46256],[-58.86575,-26.47508],[-58.84561,-26.51922],[-58.79226,-26.51942],[-58.79503,-26.53652],[-58.77228,-26.53692],[-58.74438,-26.60265],[-58.70101,-26.58994],[-58.68845,-26.60398],[-58.68039,-26.64268],[-58.62815,-26.66233],[-58.611,-26.68149],[-58.57406,-26.6861],[-58.56912,-26.7277],[-58.54968,-26.74876],[-58.53426,-26.73822],[-58.53295,-26.75792],[-58.49964,-26.76149],[-58.50725,-26.77315],[-58.4975,-26.78933],[-58.48726,-26.78433],[-58.4856,-26.80599],[-58.46751,-26.80027],[-58.47775,-26.82455],[-58.44515,-26.81836],[-58.44634,-26.83192],[-58.42778,-26.82478],[-58.40684,-26.84572],[-58.40065,-26.83121],[-58.39661,-26.86048],[-58.37971,-26.85643],[-58.38869,-26.86922],[-58.37735,-26.87223],[-58.37021,-26.86427],[-58.32527,-26.86967],[-58.3179,-26.85273],[-58.33486,-26.80956],[-58.28398,-26.79539],[-58.29335,-26.75776],[-58.248,-26.75462],[-58.26022,-26.64509],[-58.21511,-26.65491],[-58.1913,-26.64635],[-58.2102,-26.62213],[-58.19409,-26.5978],[-58.1998,-26.56051],[-58.22493,-26.53607],[-58.20746,-26.49844],[-58.2336,-26.47354],[-58.1809,-26.4574],[-58.2185,-26.41783],[-58.21585,-26.38414]]]},"properties":{"fid":100,"Entidad":0,"Objeto":"Departamento","FNA":"Departamento Laishí","GNA":"Departamento","NAM":"Laishí","SAG":"IGN","FDC":null,"IN1":"34021","SHAPE_STAr":0.324597893885,"SHAPE_STLe":3.20453629026}},{"type":"Feature","geometry":{"type":"Polygon","coordinates":[[[-59.63664,-26.11993],[-59.64676,-26.12359],[-59.62625,-26.13434],[-59.66179,-26.14228],[-59.64927,-26.11945],[-59.6783,-26.115],[-59.68251,-26.08949],[-59.66573,-26.07604],[-59.67311,-26.07024],[-59.66315,-26.05524],[-59.67864,-26.05413],[-59.66818,-26.02492],[-59.68534,-26.00869],[-59.66999,-26.00575],[-59.70228,-26.00046],[-59.70779,-26.00978],[-59.70806,-25.99632],[-59.72509,-25.99976],[-59.72787,-25.97015],[-59.74081,-25.97555],[-59.75143,-25.96324],[-59.74357,-25.94952],[-59.75452,-25.95563],[-59.75346,-25.92072],[-59.76864,-25.92568],[-59.76457,-25.916],[-59.78828,-25.90971],[-59.78118,-25.89668],[-59.78922,-25.90302],[-59.8268,-25.88994],[-59.81572,-25.88443],[-59.82716,-25.86964],[-59.83613,-25.87598],[-59.84368,-25.85605],[-59.87134,-25.8458],[-59.85921,-25.83803],[-59.87721,-25.84509],[-59.8767,-25.80115],[-59.90397,-25.79878],[-59.90774,-25.78457],[-59.92554,-25.79079],[-59.93333,-25.78291],[-59.91902,-25.77753],[-59.93061,-25.76601],[-59.94395,-25.77647],[-59.94633,-25.76357],[-59.96763,-25.77194],[-59.96501,-25.75067],[-59.9762,-25.75952],[-59.98089,-25.73839],[-59.99473,-25.73481],[-59.98049,-25.72191],[-60.01267,-25.73554],[-60.01886,-25.71368],[-60.03376,-25.7175],[-60.02387,-25.69577],[-60.04298,-25.69756],[-60.04021,-25.68383],[-60.09862,-25.66917],[-60.09926,-26.12238],[-60.10114,-26.30276],[-60.00152,-26.30359],[-59.8535,-26.30421],[-59.85348,-26.31889],[-59.8035,-26.31929],[-59.80365,-26.53088],[-59.70323,-26.5317],[-59.703,-26.62187],[-59.50355,-26.62208],[-59.50324,-26.71248],[-59.45283,-26.71214],[-59.45222,-26.80276],[-59.20134,-26.80149],[-59.20122,-26.81876],[-59.15506,-26.81849],[-59.15459,-26.86984],[-58.95327,-26.8687],[-58.95374,-26.78579],[-58.93905,-26.79384],[-58.93341,-26.78008],[-58.91557,-26.77653],[-58.89838,-26.79181],[-58.68845,-26.60398],[-58.70101,-26.58994],[-58.74438,-26.60265],[-58.77228,-26.53692],[-58.79503,-26.53652],[-58.79226,-26.51942],[-58.84561,-26.51922],[-58.86575,-26.47508],[-58.90981,-26.46256],[-58.91486,-26.44514],[-58.94197,-26.43066],[-58.95556,-26.39988],[-58.97487,-26.38845],[-59.00273,-26.37415],[-59.02408,-26.38122],[-59.0429,-26.36535],[-59.06847,-26.37423],[-59.10185,-26.35152],[-59.09807,-26.34324],[-59.12861,-26.34417],[-59.11563,-26.32558],[-59.13242,-26.33117],[-59.15387,-26.31686],[-59.1372,-26.30764],[-59.14612,-26.29998],[-59.18196,-26.30472],[-59.19259,-26.32973],[-59.25754,-26.34135],[-59.25637,-26.35164],[-59.31112,-26.33943],[-59.31299,-26.31895],[-59.33347,-26.33571],[-59.34386,-26.32779],[-59.35751,-26.33797],[-59.40329,-26.29948],[-59.38395,-26.29511],[-59.39607,-26.27378],[-59.38069,-26.26493],[-59.39793,-26.25862],[-59.39455,-26.24764],[-59.41586,-26.22216],[-59.4103,-26.2071],[-59.42935,-26.19775],[-59.41874,-26.19617],[-59.42066,-26.1783],[-59.40893,-26.18001],[-59.42138,-26.16116],[-59.45416,-26.14761],[-59.45618,-26.1602],[-59.46497,-26.15059],[-59.4945,-26.16259],[-59.51948,-26.14292],[-59.56718,-26.14891],[-59.58599,-26.14359],[-59.5767,-26.13915],[-59.58477,-26.12183],[-59.59721,-26.13096],[-59.60335,-26.11522],[-59.60887,-26.12371],[-59.63664,-26.11993]]]},"properties":{"fid":323,"Entidad":0,"Objeto":"Departamento","FNA":"Departamento Libertador General San Martín","GNA":"Departamento","NAM":"Libertador General San Martín","SAG":"IDE Chaco","FDC":null,"IN1":"22084","SHAPE_STAr":0.650855032671,"SHAPE_STLe":6.08274988645}},{"type":"Feature","geometry":{"type":"Polygon","coordinates":[[[-60.09926,-26.12238],[-60.79979,-26.11488],[-60.80452,-26.4199],[-60.78882,-26.42551],[-60.50836,-26.52525],[-60.22871,-26.62428],[-60.2055,-26.6325],[-60.20148,-26.30186],[-60.10114,-26.30276],[-60.09926,-26.12238]]]},"properties":{"fid":161,"Entidad":0,"Objeto":"Departamento","FNA":"Departamento Maipú","GNA":"Departamento","NAM":"Maipú","SAG":"IDE Chaco","FDC":null,"IN1":"22091","SHAPE_STAr":0.263522648545,"SHAPE_STLe":2.25265631799}},{"type":"Feature","geometry":{"type":"Polygon","coordinates":[[[-58.92603,-26.1853],[-58.92586,-25.77856],[-58.60475,-25.77724],[-58.60497,-25.58308],[-58.6051,-25.47065],[-59.05363,-25.17402],[-59.63515,-25.60752],[-59.63664,-26.11993],[-59.60887,-26.12371],[-59.60335,-26.11522],[-59.59721,-26.13096],[-59.58477,-26.12183],[-59.5767,-26.13915],[-59.58599,-26.14359],[-59.56718,-26.14891],[-59.51948,-26.14292],[-59.4945,-26.16259],[-59.46497,-26.15059],[-59.45618,-26.1602],[-59.45416,-26.14761],[-59.42138,-26.16116],[-59.40893,-26.18001],[-59.42066,-26.1783],[-59.41874,-26.19617],[-59.42935,-26.19775],[-59.4103,-26.2071],[-59.41586,-26.22216],[-59.39455,-26.24764],[-59.39793,-26.25862],[-59.38069,-26.26493],[-59.39607,-26.27378],[-59.38395,-26.29511],[-59.40329,-26.29948],[-59.35751,-26.33797],[-59.34386,-26.32779],[-59.33347,-26.33571],[-59.31299,-26.31895],[-59.31112,-26.33943],[-59.25637,-26.35164],[-59.25754,-26.34135],[-59.19259,-26.32973],[-59.18196,-26.30472],[-59.14612,-26.29998],[-59.1372,-26.30764],[-59.15387,-26.31686],[-59.13242,-26.33117],[-59.11563,-26.32558],[-59.12861,-26.34417],[-59.09807,-26.34324],[-59.10185,-26.35152],[-59.06847,-26.37423],[-59.0429,-26.36535],[-59.02408,-26.38122],[-59.00273,-26.37415],[-58.97487,-26.38845],[-58.97445,-26.18577],[-58.92603,-26.1853]]]},"properties":{"fid":101,"Entidad":0,"Objeto":"Departamento","FNA":"Departamento Pirané","GNA":"Departamento","NAM":"Pirané","SAG":"IGN","FDC":null,"IN1":"34056","SHAPE_STAr":0.77652631556,"SHAPE_STLe":4.40625708609}},{"type":"Feature","geometry":{"type":"Polygon","coordinates":[[[-57.82723,-25.75936],[-57.8549,-25.7432],[-57.90873,-25.73749],[-57.97926,-25.71279],[-58.02058,-25.68728],[-58.03555,-25.65834],[-58.03716,-25.60829],[-58.15269,-25.56292],[-58.19014,-25.57775],[-58.22062,-25.56041],[-58.22121,-25.58795],[-58.60497,-25.58308],[-58.60475,-25.77724],[-58.92586,-25.77856],[-58.92603,-26.1853],[-58.75766,-26.18355],[-58.75666,-26.1573],[-58.56869,-26.15921],[-58.56897,-26.1735],[-58.50539,-26.17364],[-58.50413,-26.34335],[-58.26735,-26.34418],[-58.21585,-26.38414],[-58.15967,-26.34882],[-58.16383,-26.26437],[-58.10472,-26.23274],[-58.10746,-26.21769],[-58.15786,-26.17993],[-58.11966,-26.1865],[-58.11864,-26.15435],[-58.09093,-26.11628],[-58.0154,-26.10167],[-57.94641,-26.06602],[-57.91951,-26.03233],[-57.85224,-26.0052],[-57.85401,-25.98744],[-57.8953,-25.96071],[-57.87897,-25.93227],[-57.83677,-25.9156],[-57.86304,-25.8822],[-57.85847,-25.858],[-57.81627,-25.84741],[-57.79656,-25.82485],[-57.82723,-25.75936]]]},"properties":{"fid":307,"Entidad":0,"Objeto":"Departamento","FNA":"Departamento Formosa","GNA":"Departamento","NAM":"Formosa","SAG":"IGN","FDC":null,"IN1":"34014","SHAPE_STAr":0.586015729021,"SHAPE_STLe":3.84326273039}},{"type":"Feature","geometry":{"type":"Polygon","coordinates":[[[-58.89174,-24.71502],[-58.97297,-24.66206],[-59.02388,-24.6601],[-59.07983,-24.62128],[-59.12781,-24.61795],[-59.18554,-24.56364],[-59.24128,-24.54606],[-59.2576,-24.51968],[-59.28693,-24.51798],[-59.31994,-24.492],[-59.34192,-24.48918],[-59.3741,-24.42187],[-59.42128,-24.40888],[-59.4566,-24.37351],[-59.47591,-24.33114],[-60.03901,-24.01166],[-60.07286,-24.01123],[-60.0912,-24.02474],[-60.19225,-24.04489],[-60.2803,-24.04361],[-60.36505,-24.02031],[-61.14424,-24.79888],[-61.10742,-24.83484],[-61.09805,-24.82757],[-61.09329,-24.84848],[-61.07379,-24.85641],[-61.0751,-24.8727],[-61.04738,-24.89837],[-61.02884,-24.88867],[-61.02222,-24.92079],[-60.99419,-24.91638],[-60.99802,-24.93397],[-60.96397,-24.94839],[-60.95352,-24.97265],[-60.94828,-24.95721],[-60.93901,-24.96015],[-60.94274,-24.98064],[-60.92085,-24.98049],[-60.94158,-24.99127],[-60.9251,-25.00377],[-60.93196,-25.01313],[-60.91218,-25.00709],[-60.89663,-25.02062],[-60.87498,-25.01971],[-60.87424,-25.03496],[-60.82673,-25.03333],[-60.83466,-25.04379],[-60.81244,-25.07353],[-60.80714,-25.06497],[-60.75445,-25.06763],[-60.76573,-25.09026],[-60.75203,-25.1006],[-60.73991,-25.09135],[-60.73817,-25.11454],[-60.72145,-25.12521],[-60.65794,-25.111],[-60.67084,-25.14781],[-60.65249,-25.15266],[-60.66318,-25.16253],[-60.62206,-25.17751],[-60.6094,-25.1742],[-60.62476,-25.16639],[-60.61174,-25.16036],[-60.55113,-25.19344],[-60.54695,-25.16706],[-60.52965,-25.17178],[-60.48349,-25.22199],[-60.48714,-25.23532],[-60.44869,-25.25896],[-60.41952,-25.31795],[-60.40738,-25.30847],[-60.39684,-25.33127],[-60.38398,-25.32386],[-60.34844,-25.33857],[-60.35547,-25.36006],[-60.3414,-25.36147],[-60.34509,-25.37735],[-60.31629,-25.36699],[-60.30764,-25.39166],[-60.32253,-25.37602],[-60.33591,-25.39292],[-60.28263,-25.43315],[-60.28126,-25.4667],[-60.26109,-25.46075],[-60.2547,-25.47464],[-60.24403,-25.46917],[-60.22826,-25.48014],[-60.23844,-25.49997],[-60.22669,-25.50271],[-60.22297,-25.52567],[-60.23989,-25.55772],[-60.21358,-25.57847],[-60.21994,-25.59977],[-60.199,-25.60071],[-60.18154,-25.63428],[-60.1892,-25.64812],[-60.17287,-25.65388],[-60.13834,-25.64245],[-60.09862,-25.66917],[-60.04021,-25.68383],[-60.04298,-25.69756],[-60.02387,-25.69577],[-60.03376,-25.7175],[-60.01886,-25.71368],[-60.01267,-25.73554],[-59.98049,-25.72191],[-59.99473,-25.73481],[-59.98089,-25.73839],[-59.9762,-25.75952],[-59.96501,-25.75067],[-59.96763,-25.77194],[-59.94633,-25.76357],[-59.94395,-25.77647],[-59.93061,-25.76601],[-59.91902,-25.77753],[-59.93333,-25.78291],[-59.92554,-25.79079],[-59.90774,-25.78457],[-59.90397,-25.79878],[-59.8767,-25.80115],[-59.87721,-25.84509],[-59.85921,-25.83803],[-59.87134,-25.8458],[-59.84368,-25.85605],[-59.83613,-25.87598],[-59.82716,-25.86964],[-59.81572,-25.88443],[-59.8268,-25.88994],[-59.78922,-25.90302],[-59.78118,-25.89668],[-59.78828,-25.90971],[-59.76457,-25.916],[-59.76864,-25.92568],[-59.75346,-25.92072],[-59.75452,-25.95563],[-59.74357,-25.94952],[-59.75143,-25.96324],[-59.74081,-25.97555],[-59.72787,-25.97015],[-59.72509,-25.99976],[-59.70806,-25.99632],[-59.70779,-26.00978],[-59.70228,-26.00046],[-59.66999,-26.00575],[-59.68534,-26.00869],[-59.66818,-26.02492],[-59.67864,-26.05413],[-59.66315,-26.05524],[-59.67311,-26.07024],[-59.66573,-26.07604],[-59.68251,-26.08949],[-59.6783,-26.115],[-59.64927,-26.11945],[-59.66179,-26.14228],[-59.62625,-26.13434],[-59.64676,-26.12359],[-59.63664,-26.11993],[-59.63515,-25.60752],[-59.05363,-25.17402],[-58.89118,-25.05196],[-58.89174,-24.71502]]]},"properties":{"fid":363,"Entidad":0,"Objeto":"Departamento","FNA":"Departamento Patiño","GNA":"Departamento","NAM":"Patiño","SAG":"IGN","FDC":null,"IN1":"34035","SHAPE_STAr":2.3421944196,"SHAPE_STLe":8.47387932697}},{"type":"Feature","geometry":{"type":"Polygon","coordinates":[[[-57.82723,-25.75936],[-57.81764,-25.75124],[-57.77949,-25.76095],[-57.73203,-25.7237],[-57.72876,-25.7095],[-57.75929,-25.70953],[-57.76568,-25.69034],[-57.73472,-25.64677],[-57.6747,-25.65902],[-57.6731,-25.59534],[-57.63267,-25.61636],[-57.6108,-25.61065],[-57.60457,-25.56879],[-57.58041,-25.56942],[-57.57059,-25.54931],[-57.57971,-25.51253],[-57.55939,-25.46178],[-57.5743,-25.42722],[-57.59652,-25.40106],[-57.64235,-25.38336],[-57.70285,-25.3222],[-57.70723,-25.30006],[-57.69445,-25.28597],[-57.7051,-25.29173],[-57.71184,-25.27305],[-57.72243,-25.27753],[-57.72268,-25.25305],[-57.74103,-25.25325],[-57.73568,-25.23464],[-57.75906,-25.22027],[-57.74862,-25.20674],[-57.7535,-25.17647],[-57.78023,-25.15251],[-57.83701,-25.13143],[-57.86113,-25.08159],[-57.94177,-25.07168],[-57.97537,-25.08627],[-57.99071,-25.08179],[-58.00574,-25.03506],[-58.06867,-25.04571],[-58.09058,-25.00875],[-58.11315,-25.01963],[-58.13716,-25.01168],[-58.14978,-24.97521],[-58.19347,-24.96803],[-58.202,-24.94966],[-58.22444,-24.94203],[-58.22465,-24.92711],[-58.25536,-24.93186],[-58.32958,-25.00088],[-58.34936,-24.9707],[-58.38084,-24.95624],[-58.37835,-25.39297],[-58.60517,-25.39435],[-58.6051,-25.47065],[-58.60497,-25.58308],[-58.22121,-25.58795],[-58.22062,-25.56041],[-58.19014,-25.57775],[-58.15269,-25.56292],[-58.03716,-25.60829],[-58.03555,-25.65834],[-58.02058,-25.68728],[-57.97926,-25.71279],[-57.90873,-25.73749],[-57.8549,-25.7432],[-57.82723,-25.75936]]]},"properties":{"fid":311,"Entidad":0,"Objeto":"Departamento","FNA":"Departamento Pilcomayo","GNA":"Departamento","NAM":"Pilcomayo","SAG":"IGN","FDC":null,"IN1":"34049","SHAPE_STAr":0.479801492898,"SHAPE_STLe":4.681716571}},{"type":"Feature","geometry":{"type":"Polygon","coordinates":[[[-58.38084,-24.95624],[-58.40834,-24.92306],[-58.42863,-24.92344],[-58.43002,-24.8933],[-58.4737,-24.86091],[-58.49746,-24.85796],[-58.5109,-24.84351],[-58.52618,-24.85082],[-58.57358,-24.82103],[-58.6735,-24.83151],[-58.68875,-24.81018],[-58.70857,-24.81052],[-58.72699,-24.77433],[-58.80736,-24.77241],[-58.85476,-24.73262],[-58.87909,-24.73281],[-58.89174,-24.71502],[-58.89118,-25.05196],[-59.05363,-25.17402],[-58.6051,-25.47065],[-58.60517,-25.39435],[-58.37835,-25.39297],[-58.38084,-24.95624]]]},"properties":{"fid":99,"Entidad":0,"Objeto":"Departamento","FNA":"Departamento Pilagás","GNA":"Departamento","NAM":"Pilagás","SAG":"IGN","FDC":null,"IN1":"34042","SHAPE_STAr":0.30670225078,"SHAPE_STLe":2.66646969874}},{"type":"Feature","geometry":{"type":"Polygon","coordinates":[[[-54.66455,-26.95507],[-54.80155,-26.64953],[-54.82087,-26.67332],[-54.87389,-26.65534],[-54.94216,-26.68238],[-54.94424,-26.75273],[-54.95626,-26.78136],[-55.05754,-26.79898],[-55.09313,-26.83672],[-55.12976,-26.85362],[-55.15026,-26.89261],[-55.13404,-26.94766],[-55.20405,-26.96961],[-55.19773,-26.99056],[-55.20688,-26.99922],[-55.17856,-26.99731],[-55.1831,-27.01843],[-55.16698,-27.04273],[-55.14763,-27.05969],[-55.09934,-27.06243],[-55.01156,-27.06222],[-54.96927,-27.10674],[-54.95386,-27.08273],[-54.91539,-27.07511],[-54.90548,-27.05698],[-54.8936,-27.06512],[-54.88303,-27.0055],[-54.90185,-26.98967],[-54.88625,-26.98152],[-54.84542,-26.99553],[-54.81453,-26.98922],[-54.81381,-27.00313],[-54.78647,-27.00787],[-54.78109,-27.02851],[-54.75268,-27.05183],[-54.72686,-27.04088],[-54.75653,-26.9466],[-54.71921,-26.93583],[-54.70095,-26.97905],[-54.65925,-26.96663],[-54.66455,-26.95507]]]},"properties":{"fid":470,"Entidad":0,"Objeto":"Departamento","FNA":"Departamento Libertador General San Martín","GNA":"Departamento","NAM":"Libertador General San Martín","SAG":"Ministerio de Ecología","FDC":null,"IN1":"54077","SHAPE_STAr":0.132844820659,"SHAPE_STLe":2.14483398858}},{"type":"Feature","geometry":{"type":"Polygon","coordinates":[[[-53.7112,-26.46677],[-53.69828,-26.4696],[-53.70425,-26.44186],[-53.68697,-26.44071],[-53.70998,-26.38761],[-53.70143,-26.38896],[-53.68574,-26.33537],[-53.67124,-26.3307],[-53.64562,-26.28607],[-53.64619,-26.24837],[-53.63738,-26.24968],[-53.65351,-26.2351],[-53.64127,-26.21388],[-53.7104,-26.13053],[-53.74429,-26.11624],[-53.74258,-26.08177],[-53.72672,-26.06482],[-53.73728,-26.04143],[-53.77164,-26.03151],[-53.7803,-26.00846],[-53.80511,-25.9956],[-53.80286,-25.98462],[-53.81788,-25.98998],[-53.81378,-25.98012],[-53.83678,-25.9701],[-53.82808,-25.96364],[-53.84292,-25.93368],[-53.83381,-25.92063],[-53.82061,-25.92761],[-53.8188,-25.91261],[-53.83524,-25.91183],[-53.81958,-25.89844],[-53.8499,-25.88377],[-53.82336,-25.87208],[-53.83629,-25.86919],[-53.83179,-25.8592],[-53.84494,-25.8571],[-53.83438,-25.8501],[-53.85008,-25.8396],[-53.83841,-25.81589],[-53.81956,-25.81618],[-53.82854,-25.80849],[-53.82212,-25.79333],[-53.8433,-25.79066],[-53.831,-25.78073],[-53.85714,-25.76611],[-53.83411,-25.75133],[-53.86634,-25.74424],[-53.85901,-25.72335],[-53.8793,-25.70779],[-53.86558,-25.70541],[-53.87232,-25.69342],[-53.85149,-25.70619],[-53.85526,-25.6916],[-53.84255,-25.68729],[-53.85691,-25.6831],[-53.86238,-25.65867],[-53.88999,-25.66128],[-53.87641,-25.6451],[-53.89497,-25.64319],[-53.89259,-25.62229],[-53.91218,-25.63632],[-53.91663,-25.61622],[-53.9328,-25.62261],[-53.94785,-25.61147],[-53.94768,-25.64021],[-53.96226,-25.64348],[-53.96544,-25.61269],[-53.97811,-25.61029],[-53.97014,-25.60102],[-54.01636,-25.56366],[-54.04908,-25.58537],[-54.08109,-25.55825],[-54.08966,-25.61227],[-54.10198,-25.61712],[-54.12373,-25.56696],[-54.09401,-25.51481],[-54.09952,-25.49504],[-54.16671,-25.54287],[-54.15921,-25.6347],[-54.17858,-25.84747],[-54.17014,-25.85309],[-54.19609,-26.1037],[-54.14335,-26.12204],[-54.1427,-26.14266],[-54.16553,-26.21681],[-54.16467,-26.268],[-53.98686,-26.26814],[-53.9867,-26.21669],[-53.88673,-26.21794],[-53.8867,-26.25527],[-53.79418,-26.25523],[-53.79266,-26.33216],[-53.74641,-26.33197],[-53.77051,-26.38452],[-53.7112,-26.46677]]]},"properties":{"fid":471,"Entidad":0,"Objeto":"Departamento","FNA":"Departamento General Manuel Belgrano","GNA":"Departamento","NAM":"General Manuel Belgrano","SAG":"Ministerio de Ecología","FDC":null,"IN1":"54049","SHAPE_STAr":0.269631873883,"SHAPE_STLe":4.04604410988}},{"type":"Feature","geometry":{"type":"Polygon","coordinates":[[[-54.51293,-27.26064],[-54.35234,-27.23261],[-54.35842,-27.24601],[-54.34824,-27.25415],[-54.36446,-27.25234],[-54.34774,-27.26457],[-54.35168,-27.27793],[-54.32274,-27.29757],[-54.3322,-27.29879],[-54.32865,-27.30864],[-54.31247,-27.31378],[-54.31618,-27.35391],[-54.29517,-27.36196],[-54.3213,-27.37374],[-54.28768,-27.38337],[-54.31633,-27.39226],[-54.29507,-27.39892],[-54.29548,-27.41181],[-54.32103,-27.41182],[-54.29452,-27.44469],[-54.27852,-27.44561],[-54.26279,-27.39876],[-54.21475,-27.38352],[-54.21163,-27.34577],[-54.17699,-27.25767],[-54.15725,-27.26184],[-54.15412,-27.29688],[-54.08351,-27.29949],[-54.05513,-27.26366],[-54.02005,-27.24676],[-54.01098,-27.2017],[-53.96272,-27.19761],[-53.95994,-27.16022],[-53.93554,-27.15536],[-53.93391,-27.14219],[-53.91368,-27.14783],[-53.89795,-27.13708],[-53.9256,-27.12363],[-53.87609,-27.11079],[-53.90817,-27.09697],[-53.88929,-27.09151],[-53.90312,-27.07997],[-53.88524,-27.05845],[-53.90824,-27.07015],[-53.92058,-27.0439],[-53.92445,-27.06044],[-53.94535,-27.06458],[-53.93613,-27.03549],[-53.96634,-27.05226],[-53.97696,-27.01861],[-54.00522,-27.02514],[-54.01899,-27.00736],[-53.9968,-27.00918],[-53.99692,-26.98291],[-54.02027,-26.99236],[-54.02832,-26.98095],[-54.01686,-26.97861],[-54.01489,-26.96061],[-54.03513,-26.94365],[-54.00726,-26.93616],[-54.02159,-26.90387],[-54.04939,-26.90339],[-54.04513,-26.88467],[-54.06408,-26.87501],[-54.07724,-26.88909],[-54.07542,-26.86923],[-54.09871,-26.85798],[-54.08335,-26.85016],[-54.08742,-26.84056],[-54.10451,-26.83968],[-54.09873,-26.81582],[-54.12795,-26.80964],[-54.11953,-26.79976],[-54.13484,-26.78728],[-54.12745,-26.77348],[-54.1396,-26.7483],[-54.23741,-26.80356],[-54.23515,-26.78416],[-54.25997,-26.73928],[-54.24151,-26.72571],[-54.2419,-26.70334],[-54.21677,-26.699],[-54.1883,-26.6672],[-54.2629,-26.64165],[-54.40207,-26.71206],[-54.42465,-26.73708],[-54.43274,-26.73181],[-54.54577,-26.83023],[-54.52392,-26.85398],[-54.56831,-26.89466],[-54.56588,-26.91418],[-54.61353,-26.93393],[-54.54047,-27.09241],[-54.49744,-27.09013],[-54.48807,-27.10831],[-54.48687,-27.12952],[-54.4961,-27.13131],[-54.48633,-27.14236],[-54.50325,-27.15419],[-54.49438,-27.176],[-54.51324,-27.17542],[-54.50486,-27.19172],[-54.52923,-27.20744],[-54.51922,-27.22371],[-54.52841,-27.22592],[-54.51121,-27.22484],[-54.52635,-27.23479],[-54.52099,-27.24892],[-54.50768,-27.24782],[-54.51293,-27.26064]]]},"properties":{"fid":472,"Entidad":0,"Objeto":"Departamento","FNA":"Departamento Guaraní","GNA":"Departamento","NAM":"Guaraní","SAG":"Ministerio de Ecología","FDC":null,"IN1":"54056","SHAPE_STAr":0.298082846724,"SHAPE_STLe":4.02116566074}},{"type":"Feature","geometry":{"type":"Polygon","coordinates":[[[-54.16671,-25.54287],[-54.19396,-25.53456],[-54.20764,-25.5438],[-54.205,-25.55777],[-54.17467,-25.57278],[-54.18115,-25.58552],[-54.23056,-25.56301],[-54.23517,-25.59304],[-54.25052,-25.59772],[-54.28842,-25.55573],[-54.32839,-25.57148],[-54.34734,-25.60606],[-54.38244,-25.59633],[-54.39484,-25.63755],[-54.42476,-25.65799],[-54.42892,-25.69406],[-54.46883,-25.63719],[-54.50002,-25.61458],[-54.52768,-25.62832],[-54.53495,-25.59862],[-54.55533,-25.5877],[-54.59493,-25.59744],[-54.58367,-25.66626],[-54.63779,-25.65983],[-54.65524,-25.67038],[-54.63117,-25.76553],[-54.58672,-25.83062],[-54.62201,-25.9124],[-54.61073,-25.97779],[-54.66431,-25.98068],[-54.6788,-25.99474],[-54.64311,-26.09361],[-54.67398,-26.14836],[-54.64723,-26.18399],[-54.6408,-26.15109],[-54.62555,-26.16492],[-54.61832,-26.14871],[-54.60119,-26.16156],[-54.60305,-26.15075],[-54.58898,-26.15379],[-54.58775,-26.13237],[-54.57261,-26.14855],[-54.57078,-26.1381],[-54.54671,-26.14094],[-54.54594,-26.15993],[-54.52634,-26.15439],[-54.51921,-26.17311],[-54.50839,-26.16586],[-54.51351,-26.15635],[-54.48586,-26.15633],[-54.4858,-26.14194],[-54.47677,-26.14925],[-54.46471,-26.12607],[-54.45246,-26.14969],[-54.43405,-26.15245],[-54.43302,-26.12116],[-54.3208,-26.14236],[-54.1427,-26.14266],[-54.14335,-26.12204],[-54.19609,-26.1037],[-54.17014,-25.85309],[-54.17858,-25.84747],[-54.15921,-25.6347],[-54.16671,-25.54287]]]},"properties":{"fid":473,"Entidad":0,"Objeto":"Departamento","FNA":"Departamento Iguazú","GNA":"Departamento","NAM":"Iguazú","SAG":"Ministerio de Ecología","FDC":null,"IN1":"54063","SHAPE_STAr":0.246869302891,"SHAPE_STLe":3.07380424083}},{"type":"Feature","geometry":{"type":"Polygon","coordinates":[[[-54.51293,-27.26064],[-54.58422,-27.27497],[-54.59453,-27.26829],[-54.59893,-27.26049],[-54.5818,-27.25445],[-54.6056,-27.24074],[-54.59304,-27.21935],[-54.60541,-27.22441],[-54.61281,-27.22027],[-54.60359,-27.21305],[-54.62675,-27.21037],[-54.6026,-27.17839],[-54.61131,-27.16386],[-54.71598,-27.16342],[-54.70057,-27.21235],[-54.83514,-27.24865],[-54.83233,-27.26491],[-54.81687,-27.26925],[-54.83365,-27.27777],[-54.81439,-27.31332],[-54.83249,-27.31823],[-54.8169,-27.32333],[-54.81416,-27.3324],[-54.82475,-27.32841],[-54.81214,-27.33972],[-54.82272,-27.35154],[-54.81473,-27.35998],[-54.83277,-27.3565],[-54.81968,-27.38536],[-54.92525,-27.35291],[-54.92206,-27.36153],[-54.90904,-27.38819],[-54.9242,-27.4091],[-54.91394,-27.43413],[-54.92543,-27.43757],[-54.92814,-27.45808],[-54.8991,-27.47549],[-54.91038,-27.49103],[-54.86552,-27.50947],[-54.87915,-27.5204],[-54.86049,-27.53307],[-54.86818,-27.5441],[-54.85935,-27.5515],[-54.88205,-27.55647],[-54.85212,-27.56664],[-54.87242,-27.5858],[-54.86006,-27.60221],[-54.87087,-27.61355],[-54.84647,-27.61971],[-54.80937,-27.53094],[-54.79402,-27.53747],[-54.77447,-27.58511],[-54.74296,-27.56227],[-54.67896,-27.57393],[-54.67791,-27.51025],[-54.65868,-27.51092],[-54.64221,-27.54446],[-54.62228,-27.54204],[-54.58166,-27.45341],[-54.55889,-27.46501],[-54.52691,-27.50631],[-54.50428,-27.48183],[-54.44403,-27.47137],[-54.46691,-27.42472],[-54.43657,-27.42412],[-54.40623,-27.40677],[-54.34709,-27.4673],[-54.33378,-27.44967],[-54.34114,-27.40564],[-54.32103,-27.41182],[-54.29548,-27.41181],[-54.29507,-27.39892],[-54.31633,-27.39226],[-54.28768,-27.38337],[-54.3213,-27.37374],[-54.29517,-27.36196],[-54.31618,-27.35391],[-54.31247,-27.31378],[-54.32865,-27.30864],[-54.3322,-27.29879],[-54.32274,-27.29757],[-54.35168,-27.27793],[-54.34774,-27.26457],[-54.36446,-27.25234],[-54.34824,-27.25415],[-54.35842,-27.24601],[-54.35234,-27.23261],[-54.51293,-27.26064]]]},"properties":{"fid":474,"Entidad":0,"Objeto":"Departamento","FNA":"Departamento 25de Mayo","GNA":"Departamento","NAM":"25de Mayo","SAG":"Ministerio de Ecología","FDC":null,"IN1":"54119","SHAPE_STAr":0.150824462906,"SHAPE_STLe":3.22247036864}},{"type":"Feature","geometry":{"type":"Polygon","coordinates":[[[-55.10065,-27.18376],[-55.13597,-27.18356],[-55.13683,-27.28181],[-55.14782,-27.27621],[-55.13842,-27.28412],[-55.15358,-27.29603],[-55.16642,-27.28794],[-55.16856,-27.29785],[-55.19011,-27.29604],[-55.19531,-27.32343],[-55.21418,-27.32432],[-55.21371,-27.31515],[-55.21701,-27.32984],[-55.24043,-27.3288],[-55.25351,-27.34331],[-55.27186,-27.33621],[-55.27725,-27.36187],[-55.29033,-27.36036],[-55.27949,-27.37116],[-55.28426,-27.38539],[-55.29688,-27.38556],[-55.28191,-27.39273],[-55.28855,-27.40558],[-55.28185,-27.41459],[-55.36525,-27.46144],[-55.33035,-27.46545],[-55.32965,-27.47921],[-55.31144,-27.47785],[-55.314,-27.46683],[-55.30169,-27.46464],[-55.28377,-27.49928],[-55.22632,-27.5161],[-55.25155,-27.52169],[-55.2364,-27.5465],[-55.25769,-27.56212],[-55.17046,-27.62534],[-55.07555,-27.619],[-55.04792,-27.64307],[-55.01916,-27.69335],[-55.02267,-27.71167],[-54.97654,-27.77105],[-54.94217,-27.77564],[-54.90491,-27.72674],[-54.90148,-27.63441],[-54.84647,-27.61971],[-54.87087,-27.61355],[-54.86006,-27.60221],[-54.87242,-27.5858],[-54.85212,-27.56664],[-54.88205,-27.55647],[-54.85935,-27.5515],[-54.86818,-27.5441],[-54.86049,-27.53307],[-54.87915,-27.5204],[-54.86552,-27.50947],[-54.91038,-27.49103],[-54.8991,-27.47549],[-54.92814,-27.45808],[-54.92543,-27.43757],[-54.91394,-27.43413],[-54.9242,-27.4091],[-54.90904,-27.38819],[-54.92206,-27.36153],[-54.93809,-27.37072],[-55.07976,-27.18798],[-55.10065,-27.18376]]]},"properties":{"fid":475,"Entidad":0,"Objeto":"Departamento","FNA":"Departamento Oberá","GNA":"Departamento","NAM":"Oberá","SAG":"Ministerio de Ecología","FDC":null,"IN1":"54091","SHAPE_STAr":0.143508681583,"SHAPE_STLe":2.50984842031}},{"type":"Feature","geometry":{"type":"Polygon","coordinates":[[[-55.20405,-26.96961],[-55.25492,-26.9376],[-55.30666,-26.96388],[-55.37574,-26.96617],[-55.41981,-26.993],[-55.44574,-27.02538],[-55.45555,-27.10626],[-55.56132,-27.10132],[-55.56112,-27.16095],[-55.57479,-27.16878],[-55.60773,-27.1613],[-55.61876,-27.18718],[-55.61159,-27.213],[-55.57469,-27.24746],[-55.57439,-27.27095],[-55.60239,-27.28462],[-55.58762,-27.31334],[-55.5187,-27.28015],[-55.52396,-27.2986],[-55.50395,-27.29857],[-55.49958,-27.31183],[-55.48695,-27.30519],[-55.47494,-27.32169],[-55.4852,-27.32177],[-55.47886,-27.34336],[-55.49201,-27.34812],[-55.49496,-27.3647],[-55.46218,-27.37298],[-55.44288,-27.38564],[-55.44693,-27.3929],[-55.43141,-27.39557],[-55.43362,-27.38063],[-55.40843,-27.38967],[-55.41621,-27.38231],[-55.40485,-27.36906],[-55.39388,-27.38216],[-55.37994,-27.37867],[-55.38638,-27.39025],[-55.3549,-27.3819],[-55.34692,-27.3951],[-55.36217,-27.4007],[-55.32422,-27.40327],[-55.31026,-27.38305],[-55.30515,-27.40614],[-55.28855,-27.40558],[-55.28191,-27.39273],[-55.29688,-27.38556],[-55.28426,-27.38539],[-55.27949,-27.37116],[-55.29033,-27.36036],[-55.27725,-27.36187],[-55.27186,-27.33621],[-55.25351,-27.34331],[-55.24043,-27.3288],[-55.21701,-27.32984],[-55.21371,-27.31515],[-55.21418,-27.32432],[-55.19531,-27.32343],[-55.19011,-27.29604],[-55.16856,-27.29785],[-55.16642,-27.28794],[-55.15358,-27.29603],[-55.13842,-27.28412],[-55.14782,-27.27621],[-55.13683,-27.28181],[-55.13597,-27.18356],[-55.10065,-27.18376],[-55.09934,-27.06243],[-55.14763,-27.05969],[-55.16698,-27.04273],[-55.1831,-27.01843],[-55.17856,-26.99731],[-55.20688,-26.99922],[-55.19773,-26.99056],[-55.20405,-26.96961]]]},"properties":{"fid":476,"Entidad":0,"Objeto":"Departamento","FNA":"Departamento San Ignacio","GNA":"Departamento","NAM":"San Ignacio","SAG":"Ministerio de Ecología","FDC":null,"IN1":"54098","SHAPE_STAr":0.152098744083,"SHAPE_STLe":2.45278942633}},{"type":"Feature","geometry":{"type":"Polygon","coordinates":[[[-55.17046,-27.62534],[-55.25769,-27.56212],[-55.2364,-27.5465],[-55.25155,-27.52169],[-55.22632,-27.5161],[-55.28377,-27.49928],[-55.30169,-27.46464],[-55.314,-27.46683],[-55.31144,-27.47785],[-55.32965,-27.47921],[-55.33035,-27.46545],[-55.36525,-27.46144],[-55.49967,-27.53744],[-55.51493,-27.51542],[-55.57693,-27.55031],[-55.55978,-27.57462],[-55.63898,-27.62613],[-55.66031,-27.61925],[-55.65583,-27.6386],[-55.60984,-27.64451],[-55.61714,-27.69699],[-55.49394,-27.70884],[-55.50141,-27.76353],[-55.3575,-27.77834],[-55.3312,-27.78576],[-55.28807,-27.73222],[-55.2721,-27.7447],[-55.19619,-27.7388],[-55.18986,-27.70011],[-55.16525,-27.69834],[-55.17046,-27.62534]]]},"properties":{"fid":477,"Entidad":0,"Objeto":"Departamento","FNA":"Departamento Leandro N. Alem","GNA":"Departamento","NAM":"Leandro N. Alem","SAG":"Ministerio de Ecología","FDC":null,"IN1":"54070","SHAPE_STAr":0.0977183812055,"SHAPE_STLe":1.63850918422}},{"type":"Feature","geometry":{"type":"Polygon","coordinates":[[[-54.97654,-27.77105],[-55.02267,-27.71167],[-55.01916,-27.69335],[-55.04792,-27.64307],[-55.07555,-27.619],[-55.17046,-27.62534],[-55.16525,-27.69834],[-55.18986,-27.70011],[-55.19619,-27.7388],[-55.2721,-27.7447],[-55.28807,-27.73222],[-55.3312,-27.78576],[-55.3575,-27.77834],[-55.31311,-27.92179],[-55.26421,-27.92889],[-55.1972,-27.85713],[-55.17145,-27.86108],[-55.13438,-27.89615],[-55.1252,-27.8588],[-55.10849,-27.84742],[-55.08855,-27.84233],[-55.03273,-27.85675],[-55.02502,-27.83257],[-55.08304,-27.79705],[-55.08394,-27.78597],[-55.05593,-27.77005],[-55.00828,-27.79762],[-54.97654,-27.77105]]]},"properties":{"fid":478,"Entidad":0,"Objeto":"Departamento","FNA":"Departamento San Javier","GNA":"Departamento","NAM":"San Javier","SAG":"Ministerio de Ecología","FDC":null,"IN1":"54105","SHAPE_STAr":0.0593675338288,"SHAPE_STLe":1.43130224987}},{"type":"Feature","geometry":{"type":"Polygon","coordinates":[[[-54.2629,-26.64165],[-54.26378,-26.48836],[-54.27789,-26.48025],[-54.27724,-26.5051],[-54.29688,-26.487],[-54.30595,-26.50073],[-54.31391,-26.48776],[-54.33895,-26.49054],[-54.32892,-26.50169],[-54.35037,-26.50438],[-54.34873,-26.482],[-54.36962,-26.49553],[-54.36431,-26.47166],[-54.38587,-26.50703],[-54.40598,-26.50592],[-54.41078,-26.52916],[-54.41727,-26.49514],[-54.4285,-26.51376],[-54.44472,-26.50193],[-54.44327,-26.52449],[-54.45648,-26.5112],[-54.48627,-26.51998],[-54.49162,-26.49714],[-54.51647,-26.50678],[-54.52664,-26.48597],[-54.5391,-26.48982],[-54.53668,-26.47527],[-54.55482,-26.48254],[-54.56055,-26.45677],[-54.56687,-26.47098],[-54.58595,-26.46728],[-54.58672,-26.48438],[-54.60488,-26.48457],[-54.60339,-26.50316],[-54.62954,-26.48976],[-54.62915,-26.51274],[-54.65818,-26.49375],[-54.65712,-26.47681],[-54.67103,-26.46957],[-54.6579,-26.45633],[-54.67586,-26.46175],[-54.70755,-26.45094],[-54.80054,-26.53611],[-54.80772,-26.56096],[-54.78419,-26.61467],[-54.80155,-26.64953],[-54.66455,-26.95507],[-54.61353,-26.93393],[-54.56588,-26.91418],[-54.56831,-26.89466],[-54.52392,-26.85398],[-54.54577,-26.83023],[-54.43274,-26.73181],[-54.42465,-26.73708],[-54.40207,-26.71206],[-54.2629,-26.64165]]]},"properties":{"fid":481,"Entidad":0,"Objeto":"Departamento","FNA":"Departamento Montecarlo","GNA":"Departamento","NAM":"Montecarlo","SAG":"Ministerio de Ecología","FDC":null,"IN1":"54084","SHAPE_STAr":0.159896826585,"SHAPE_STLe":2.37516878077}},{"type":"Feature","geometry":{"type":"Polygon","coordinates":[[[-54.1427,-26.14266],[-54.3208,-26.14236],[-54.43302,-26.12116],[-54.43405,-26.15245],[-54.45246,-26.14969],[-54.46471,-26.12607],[-54.47677,-26.14925],[-54.4858,-26.14194],[-54.48586,-26.15633],[-54.51351,-26.15635],[-54.50839,-26.16586],[-54.51921,-26.17311],[-54.52634,-26.15439],[-54.54594,-26.15993],[-54.54671,-26.14094],[-54.57078,-26.1381],[-54.57261,-26.14855],[-54.58775,-26.13237],[-54.58898,-26.15379],[-54.60305,-26.15075],[-54.60119,-26.16156],[-54.61832,-26.14871],[-54.62555,-26.16492],[-54.6408,-26.15109],[-54.64723,-26.18399],[-54.61848,-26.21649],[-54.67858,-26.26254],[-54.64757,-26.31147],[-54.69664,-26.37771],[-54.70755,-26.45094],[-54.67586,-26.46175],[-54.6579,-26.45633],[-54.67103,-26.46957],[-54.65712,-26.47681],[-54.65818,-26.49375],[-54.62915,-26.51274],[-54.62954,-26.48976],[-54.60339,-26.50316],[-54.60488,-26.48457],[-54.58672,-26.48438],[-54.58595,-26.46728],[-54.56687,-26.47098],[-54.56055,-26.45677],[-54.55482,-26.48254],[-54.53668,-26.47527],[-54.5391,-26.48982],[-54.52664,-26.48597],[-54.51647,-26.50678],[-54.49162,-26.49714],[-54.48627,-26.51998],[-54.45648,-26.5112],[-54.44327,-26.52449],[-54.44472,-26.50193],[-54.4285,-26.51376],[-54.41727,-26.49514],[-54.41078,-26.52916],[-54.40598,-26.50592],[-54.38587,-26.50703],[-54.36431,-26.47166],[-54.36962,-26.49553],[-54.34873,-26.482],[-54.35037,-26.50438],[-54.32892,-26.50169],[-54.33895,-26.49054],[-54.31391,-26.48776],[-54.30595,-26.50073],[-54.29688,-26.487],[-54.27724,-26.5051],[-54.27789,-26.48025],[-54.26378,-26.48836],[-54.2639,-26.29006],[-54.24768,-26.30169],[-54.23971,-26.27648],[-54.22093,-26.28438],[-54.22582,-26.26809],[-54.16467,-26.268],[-54.16553,-26.21681],[-54.1427,-26.14266]]]},"properties":{"fid":482,"Entidad":0,"Objeto":"Departamento","FNA":"Departamento Eldorado","GNA":"Departamento","NAM":"Eldorado","SAG":"Ministerio de Ecología","FDC":null,"IN1":"54042","SHAPE_STAr":0.155811489793,"SHAPE_STLe":2.7448923509}},{"type":"Feature","geometry":{"type":"Polygon","coordinates":[[[-53.7112,-26.46677],[-53.77051,-26.38452],[-53.74641,-26.33197],[-53.79266,-26.33216],[-53.79418,-26.25523],[-53.8867,-26.25527],[-53.88673,-26.21794],[-53.9867,-26.21669],[-53.98686,-26.26814],[-54.16467,-26.268],[-54.22582,-26.26809],[-54.22093,-26.28438],[-54.23971,-26.27648],[-54.24768,-26.30169],[-54.2639,-26.29006],[-54.26378,-26.48836],[-54.2629,-26.64165],[-54.1883,-26.6672],[-54.21677,-26.699],[-54.2419,-26.70334],[-54.24151,-26.72571],[-54.25997,-26.73928],[-54.23515,-26.78416],[-54.23741,-26.80356],[-54.1396,-26.7483],[-54.12745,-26.77348],[-54.13484,-26.78728],[-54.11953,-26.79976],[-54.12795,-26.80964],[-54.09873,-26.81582],[-54.10451,-26.83968],[-54.08742,-26.84056],[-54.08335,-26.85016],[-54.09871,-26.85798],[-54.07542,-26.86923],[-54.07724,-26.88909],[-54.06408,-26.87501],[-54.04513,-26.88467],[-54.04939,-26.90339],[-54.02159,-26.90387],[-54.00726,-26.93616],[-54.03513,-26.94365],[-54.01489,-26.96061],[-54.01686,-26.97861],[-54.02832,-26.98095],[-54.02027,-26.99236],[-53.99692,-26.98291],[-53.9968,-27.00918],[-54.01899,-27.00736],[-54.00522,-27.02514],[-53.97696,-27.01861],[-53.96634,-27.05226],[-53.93613,-27.03549],[-53.94535,-27.06458],[-53.92445,-27.06044],[-53.92058,-27.0439],[-53.90824,-27.07015],[-53.88524,-27.05845],[-53.90312,-27.07997],[-53.88929,-27.09151],[-53.90817,-27.09697],[-53.87609,-27.11079],[-53.9256,-27.12363],[-53.89795,-27.13708],[-53.91368,-27.14783],[-53.93391,-27.14219],[-53.93554,-27.15536],[-53.90383,-27.17557],[-53.86924,-27.12514],[-53.8367,-27.16966],[-53.82793,-27.14575],[-53.79887,-27.14644],[-53.79904,-27.13656],[-53.82469,-27.13236],[-53.80444,-27.12267],[-53.81864,-27.10216],[-53.79543,-27.11037],[-53.77635,-27.10343],[-53.8054,-27.07861],[-53.7974,-27.06608],[-53.78171,-27.07875],[-53.7717,-27.07363],[-53.79702,-27.06006],[-53.80218,-27.04009],[-53.76006,-27.0651],[-53.78557,-27.02635],[-53.764,-27.04536],[-53.74725,-27.03218],[-53.76352,-27.00839],[-53.74033,-27.0146],[-53.73174,-27.00439],[-53.74357,-26.99197],[-53.71785,-26.99019],[-53.73696,-26.9743],[-53.72608,-26.95882],[-53.70318,-26.96018],[-53.70904,-26.93409],[-53.6712,-26.94249],[-53.69686,-26.92922],[-53.67267,-26.91295],[-53.67089,-26.89467],[-53.69561,-26.88689],[-53.67997,-26.86973],[-53.69675,-26.85982],[-53.66017,-26.8584],[-53.67956,-26.84234],[-53.69481,-26.84698],[-53.68841,-26.83777],[-53.7108,-26.81131],[-53.69812,-26.81432],[-53.70019,-26.7979],[-53.71704,-26.78211],[-53.69879,-26.76952],[-53.73022,-26.77381],[-53.74354,-26.76385],[-53.72876,-26.76518],[-53.7141,-26.75069],[-53.73176,-26.73089],[-53.7501,-26.74071],[-53.74272,-26.73108],[-53.75795,-26.72029],[-53.75411,-26.70975],[-53.73444,-26.71702],[-53.74292,-26.68029],[-53.72876,-26.69218],[-53.71657,-26.68265],[-53.73161,-26.67778],[-53.71873,-26.66706],[-53.72201,-26.64841],[-53.72634,-26.65878],[-53.73469,-26.64555],[-53.75953,-26.64114],[-53.75094,-26.63524],[-53.73983,-26.64408],[-53.73279,-26.58648],[-53.72462,-26.58903],[-53.72206,-26.56213],[-53.70754,-26.56092],[-53.71426,-26.55646],[-53.73593,-26.56661],[-53.7253,-26.55428],[-53.7418,-26.54501],[-53.7231,-26.54233],[-53.71686,-26.52766],[-53.72687,-26.52519],[-53.72949,-26.50148],[-53.70521,-26.509],[-53.69595,-26.49044],[-53.69587,-26.47524],[-53.70745,-26.48121],[-53.7112,-26.46677]]]},"properties":{"fid":483,"Entidad":0,"Objeto":"Departamento","FNA":"Departamento San Pedro","GNA":"Departamento","NAM":"San Pedro","SAG":"Ministerio de Ecología","FDC":null,"IN1":"54112","SHAPE_STAr":0.369851786602,"SHAPE_STLe":5.06050858702}},{"type":"Feature","geometry":{"type":"Polygon","coordinates":[[[-60.10114,-26.30276],[-60.20148,-26.30186],[-60.2055,-26.6325],[-60.22871,-26.62428],[-60.41299,-27.04541],[-60.27249,-27.09494],[-60.08859,-26.67378],[-60.00575,-26.70296],[-60.00152,-26.30359],[-60.10114,-26.30276]]]},"properties":{"fid":486,"Entidad":0,"Objeto":"Departamento","FNA":"Departamento Quitilipi","GNA":"Departamento","NAM":"Quitilipi","SAG":"IDE Chaco","FDC":null,"IN1":"22133","SHAPE_STAr":0.1413993145,"SHAPE_STLe":2.11072821996}},{"type":"Feature","geometry":{"type":"Polygon","coordinates":[[[-59.55378,-27.01286],[-59.5537,-26.98315],[-59.60424,-26.98284],[-59.60453,-26.8019],[-59.70458,-26.80176],[-59.70371,-26.71144],[-59.85389,-26.71083],[-59.85408,-26.7553],[-60.03718,-27.17762],[-59.98301,-27.1965],[-60.01112,-27.19627],[-60.0113,-27.2864],[-59.59649,-27.28418],[-59.55435,-27.23988],[-59.55378,-27.01286]]]},"properties":{"fid":487,"Entidad":0,"Objeto":"Departamento","FNA":"Departamento Presidencia de la Plaza","GNA":"Departamento","NAM":"Presidencia de la Plaza","SAG":"IDE Chaco","FDC":null,"IN1":"22119","SHAPE_STAr":0.204314693661,"SHAPE_STLe":1.99159899985}},{"type":"Feature","geometry":{"type":"Polygon","coordinates":[[[-59.80365,-26.53088],[-59.85245,-26.53018],[-59.85389,-26.71083],[-59.70371,-26.71144],[-59.70458,-26.80176],[-59.60453,-26.8019],[-59.60424,-26.98284],[-59.5537,-26.98315],[-59.55378,-27.01286],[-59.40291,-27.01243],[-59.40266,-27.0281],[-59.35113,-27.02734],[-59.35151,-26.98226],[-59.30107,-26.98209],[-59.30175,-27.01587],[-59.17003,-26.8997],[-59.17001,-26.86992],[-59.15459,-26.86984],[-59.15506,-26.81849],[-59.20122,-26.81876],[-59.20134,-26.80149],[-59.45222,-26.80276],[-59.45283,-26.71214],[-59.50324,-26.71248],[-59.50355,-26.62208],[-59.703,-26.62187],[-59.70323,-26.5317],[-59.80365,-26.53088]]]},"properties":{"fid":489,"Entidad":0,"Objeto":"Departamento","FNA":"Departamento Sargento Cabral","GNA":"Departamento","NAM":"Sargento Cabral","SAG":"IDE Chaco","FDC":null,"IN1":"22154","SHAPE_STAr":0.14988515966,"SHAPE_STLe":2.38688193218}},{"type":"Feature","geometry":{"type":"Polygon","coordinates":[[[-60.50836,-26.52525],[-60.78882,-26.42551],[-60.90019,-26.67685],[-60.93005,-26.66177],[-60.98999,-26.66133],[-60.99273,-26.84196],[-61.00818,-26.84183],[-60.88306,-26.92705],[-60.85142,-26.88991],[-60.81624,-26.90229],[-60.81556,-27.05497],[-60.61532,-27.05725],[-60.61483,-26.9741],[-60.69446,-26.94605],[-60.50836,-26.52525]]]},"properties":{"fid":490,"Entidad":0,"Objeto":"Departamento","FNA":"Departamento Independencia","GNA":"Departamento","NAM":"Independencia","SAG":"IDE Chaco","FDC":null,"IN1":"22070","SHAPE_STAr":0.174519155236,"SHAPE_STLe":2.08272864317}},{"type":"Feature","geometry":{"type":"Polygon","coordinates":[[[-58.77281,-27.3782],[-58.76782,-27.32338],[-58.7341,-27.28458],[-58.7592,-27.24461],[-58.75227,-27.21807],[-58.77798,-27.21715],[-58.78706,-27.18734],[-58.87033,-27.13775],[-58.87058,-27.11761],[-58.88781,-27.1279],[-58.91978,-27.12543],[-58.95922,-27.09138],[-58.95327,-26.8687],[-59.15459,-26.86984],[-59.17001,-26.86992],[-59.17003,-26.8997],[-59.02824,-27.02739],[-59.17195,-27.15449],[-59.09989,-27.21884],[-59.10837,-27.22686],[-59.08034,-27.23399],[-59.05868,-27.29395],[-59.04447,-27.2974],[-59.02861,-27.28338],[-58.97123,-27.33424],[-58.86887,-27.42654],[-58.87995,-27.46235],[-58.90161,-27.47254],[-58.87882,-27.47175],[-58.87491,-27.48856],[-58.77281,-27.3782]]]},"properties":{"fid":493,"Entidad":0,"Objeto":"Departamento","FNA":"Departamento 1ro. de Mayo","GNA":"Departamento","NAM":"1ro. de Mayo","SAG":"IDE Chaco","FDC":null,"IN1":"22126","SHAPE_STAr":0.116830081692,"SHAPE_STLe":2.29567771356}},{"type":"Feature","geometry":{"type":"Polygon","coordinates":[[[-60.41299,-27.04541],[-60.51337,-27.00985],[-60.51839,-27.46476],[-60.46781,-27.46521],[-60.46917,-27.64592],[-60.52329,-27.64563],[-60.5219,-27.73723],[-60.21536,-27.7381],[-60.21294,-27.28507],[-60.21229,-27.11605],[-60.27249,-27.09494],[-60.41299,-27.04541]]]},"properties":{"fid":497,"Entidad":0,"Objeto":"Departamento","FNA":"Departamento San Lorenzo","GNA":"Departamento","NAM":"San Lorenzo","SAG":"IDE Chaco","FDC":null,"IN1":"22147","SHAPE_STAr":0.196039529099,"SHAPE_STLe":2.07989538162}},{"type":"Feature","geometry":{"type":"Polygon","coordinates":[[[-60.0113,-27.2864],[-60.01112,-27.19627],[-59.98301,-27.1965],[-60.03718,-27.17762],[-59.85408,-26.7553],[-59.85389,-26.71083],[-59.85245,-26.53018],[-59.80365,-26.53088],[-59.8035,-26.31929],[-59.85348,-26.31889],[-59.8535,-26.30421],[-60.00152,-26.30359],[-60.00575,-26.70296],[-60.08859,-26.67378],[-60.27249,-27.09494],[-60.21229,-27.11605],[-60.21294,-27.28507],[-60.0113,-27.2864]]]},"properties":{"fid":502,"Entidad":0,"Objeto":"Departamento","FNA":"Departamento 25 de Mayo","GNA":"Departamento","NAM":"25 de Mayo","SAG":"IDE Chaco","FDC":null,"IN1":"22168","SHAPE_STAr":0.215674755483,"SHAPE_STLe":2.71543713681}},{"type":"Feature","geometry":{"type":"Polygon","coordinates":[[[-58.97123,-27.33424],[-59.02861,-27.28338],[-59.04447,-27.2974],[-59.05868,-27.29395],[-59.08034,-27.23399],[-59.10837,-27.22686],[-59.09989,-27.21884],[-59.17195,-27.15449],[-59.26898,-27.24798],[-59.2863,-27.23301],[-59.32833,-27.27234],[-59.31737,-27.28207],[-59.45973,-27.40998],[-59.58098,-27.29847],[-59.58223,-27.46811],[-59.40378,-27.46758],[-59.40409,-27.45205],[-59.21716,-27.44853],[-59.17227,-27.4106],[-59.11519,-27.46129],[-58.97123,-27.33424]]]},"properties":{"fid":503,"Entidad":0,"Objeto":"Departamento","FNA":"Departamento Libertad","GNA":"Departamento","NAM":"Libertad","SAG":"IDE Chaco","FDC":null,"IN1":"22077","SHAPE_STAr":0.0948968891855,"SHAPE_STLe":1.8544732264}},{"type":"Feature","geometry":{"type":"Polygon","coordinates":[[[-60.22871,-26.62428],[-60.50836,-26.52525],[-60.69446,-26.94605],[-60.61483,-26.9741],[-60.51337,-27.00985],[-60.41299,-27.04541],[-60.22871,-26.62428]]]},"properties":{"fid":504,"Entidad":0,"Objeto":"Departamento","FNA":"Departamento Comandante Fernández","GNA":"Departamento","NAM":"Comandante Fernández","SAG":"IDE Chaco","FDC":null,"IN1":"22021","SHAPE_STAr":0.136422244816,"SHAPE_STLe":1.51497612821}},{"type":"Feature","geometry":{"type":"Polygon","coordinates":[[[-59.17195,-27.15449],[-59.02824,-27.02739],[-59.17003,-26.8997],[-59.30175,-27.01587],[-59.30107,-26.98209],[-59.35151,-26.98226],[-59.35113,-27.02734],[-59.40266,-27.0281],[-59.40291,-27.01243],[-59.55378,-27.01286],[-59.55435,-27.23988],[-59.59649,-27.28418],[-59.58098,-27.29847],[-59.45973,-27.40998],[-59.31737,-27.28207],[-59.32833,-27.27234],[-59.2863,-27.23301],[-59.26898,-27.24798],[-59.17195,-27.15449]]]},"properties":{"fid":506,"Entidad":0,"Objeto":"Departamento","FNA":"Departamento General Donovan","GNA":"Departamento","NAM":"General Donovan","SAG":"IDE Chaco","FDC":null,"IN1":"22056","SHAPE_STAr":0.138299631274,"SHAPE_STLe":1.81222188377}}]}